{
"type": "FeatureCollection",
"name": "ecological_zones_5class",
"crs": { "type": "name", "properties": { "name": "urn:ogc:def:crs:OGC:1.3:CRS84" } },
"features": [
{ "type": "Feature", "properties": { "zone_id": 1, "zone_name": "Saharian", "zone_name_fr": "Zone Saharienne", "source_zone": "Sahelian-Desert", "color_hex": "#F5DEB3", "rainfall_mm_yr": "<25 mm/yr", "area_km2": 365576.0 }, "geometry": { "type": "MultiPolygon", "coordinates": [ [ [ [ 0.955171585083079, 20.859376907348739 ], [ 1.045705795288185, 20.867414474487347 ], [ 1.171995162963896, 20.863519668579158 ], [ 1.343339920044038, 20.84441566467288 ], [ 1.5597438812256, 20.81010246276869 ], [ 1.82120704650886, 20.760580062866232 ], [ 2.125226974487276, 20.695932388305785 ], [ 2.395757675171026, 20.618654251098548 ], [ 2.597085952758924, 20.529920578002894 ], [ 2.729211807251062, 20.429735183715827 ], [ 2.792135238647617, 20.318094253540167 ], [ 2.785852432251055, 20.195001602172916 ], [ 2.738542556762766, 20.062864303588881 ], [ 2.681074142456069, 19.924333572387745 ], [ 2.613466262817404, 19.779401779174968 ], [ 2.535715103149322, 19.628076553344734 ], [ 2.44782447814945, 19.470354080200217 ], [ 2.363767623901275, 19.31144142150896 ], [ 2.318387985229506, 19.164319992065451 ], [ 2.313329696655373, 19.029611587524478 ], [ 2.348600387573327, 18.907312393188505 ], [ 2.424200057983548, 18.797418594360529 ], [ 2.537370681762724, 18.701425552368292 ], [ 2.672330856323377, 18.627878189086935 ], [ 2.826574325561602, 18.578126907348683 ], [ 3.000097274780309, 18.552175521850714 ], [ 3.192899703979407, 18.55002784729021 ], [ 3.403337478637845, 18.570466995239279 ], [ 3.601701736450345, 18.591600418090984 ], [ 3.776979446411275, 18.605318069457979 ], [ 3.929170608520636, 18.611623764038157 ], [ 4.058279037475607, 18.610513687133803 ], [ 4.164327621459982, 18.60200309753435 ], [ 4.259885787963889, 18.5926036834718 ], [ 4.355440139770522, 18.587743759155309 ], [ 4.450994491577163, 18.587423324584876 ], [ 4.546552658081069, 18.591650009155394 ], [ 4.642107009887795, 18.600419998168974 ], [ 4.73615074157717, 18.610910415649442 ], [ 4.825708389282255, 18.61757087707521 ], [ 4.910699844360487, 18.620260238647582 ], [ 4.991125106811594, 18.618970870971843 ], [ 5.066984176635764, 18.613710403442354 ], [ 5.139822006225678, 18.605813980102617 ], [ 5.216424942016623, 18.601198196411175 ], [ 5.297594070434606, 18.600561141967844 ], [ 5.383329391479528, 18.603895187377908 ], [ 5.473630905151389, 18.611204147338903 ], [ 5.569765090942411, 18.621778488159293 ], [ 5.686925888061594, 18.627119064331168 ], [ 5.829534530639663, 18.62475395202641 ], [ 5.997594833374151, 18.614679336548015 ], [ 6.191106796264606, 18.596895217895629 ], [ 6.409711837768626, 18.571580886840991 ], [ 6.621450424194428, 18.554445266723654 ], [ 6.805616378784194, 18.555677413940444 ], [ 6.962217330932639, 18.575273513794002 ], [ 7.091245651245131, 18.613233566284151 ], [ 7.19270896911631, 18.669557571411246 ], [ 7.279626846313612, 18.742727279663221 ], [ 7.37211036682131, 18.830385208129854 ], [ 7.470388412475657, 18.932508468628065 ], [ 7.574457168579194, 19.049097061157141 ], [ 7.684320449829194, 19.180150985717795 ], [ 7.804483413696381, 19.311342239379961 ], [ 7.950407028198256, 19.393526077270565 ], [ 8.123384475708093, 19.42259025573734 ], [ 8.323411941528356, 19.39853096008293 ], [ 8.550497055053668, 19.321352005005046 ], [ 8.796560287475558, 19.193017959594741 ], [ 8.993070602417014, 19.030172348022425 ], [ 9.124456405639734, 18.836606979370288 ], [ 9.190706253051722, 18.612318038940437 ], [ 9.191831588745245, 18.357309341430586 ], [ 9.129014968872227, 18.072515487671062 ], [ 9.107703724831502, 18.0 ], [ -5.266393271520659, 18.0 ], [ -5.219058990478356, 18.104368209839031 ], [ -5.156833648681616, 18.226293563842802 ], [ -5.094610214233377, 18.330659866332979 ], [ -5.032388687133817, 18.417467117309741 ], [ -4.97016716003408, 18.486711502075373 ], [ -4.90686607360832, 18.539091110229514 ], [ -4.836006164550746, 18.578794479370167 ], [ -4.756505966186477, 18.606515884399435 ], [ -4.668365478515604, 18.622259140014677 ], [ -4.571586608886804, 18.626016616821353 ], [ -4.466356277465913, 18.618410110473718 ], [ -4.35621070861826, 18.610982894897468 ], [ -4.242492675781175, 18.60810661315935 ], [ -4.125202178954925, 18.609781265258832 ], [ -4.004335403442418, 18.616010665893626 ], [ -3.879928588867223, 18.62682151794435 ], [ -3.769006729125959, 18.657846450805707 ], [ -3.685850143432514, 18.722200393676871 ], [ -3.630458831787067, 18.819875717163129 ], [ -3.60282897949217, 18.950876235961836 ], [ -3.602964401245092, 19.115205764770529 ], [ -3.616483688354446, 19.289331436157234 ], [ -3.615510940551605, 19.42765617370619 ], [ -3.599338531493981, 19.529024124145636 ], [ -3.567966461181484, 19.593427658081033 ], [ -3.521392822265526, 19.620874404907276 ], [ -3.461893081664993, 19.618261337280288 ], [ -3.399133682251012, 19.614915847778327 ], [ -3.334201812744233, 19.614149093627844 ], [ -3.267101287841836, 19.615953445434656 ], [ -3.197828292846641, 19.620340347290124 ], [ -3.1258220672607, 19.626874923706097 ], [ -3.044836044311552, 19.630826950073413 ], [ -2.953142166137592, 19.630891799926722 ], [ -2.850742340087855, 19.627065658569379 ], [ -2.737634658813572, 19.619352340698207 ], [ -2.61426162719717, 19.60800743103033 ], [ -2.509796142578082, 19.610010147094783 ], [ -2.441854476928675, 19.635618209838881 ], [ -2.410436630248949, 19.684827804565444 ], [ -2.415542602538903, 19.757646560669009 ], [ -2.457172393798803, 19.854066848754861 ], [ -2.526372909545795, 19.954477310180721 ], [ -2.61051750183098, 20.031225204467809 ], [ -2.656566513729199, 20.190384615962145 ], [ -2.640220216483193, 20.288462399437648 ], [ -2.501861572265653, 20.373865127563498 ], [ -2.416385650634858, 20.367788314819471 ], [ -2.334453582763576, 20.365560531616225 ], [ -2.25606727600093, 20.367181777954116 ], [ -2.181226730346655, 20.372652053833143 ], [ -2.105846405029279, 20.380216598510906 ], [ -2.013420104980437, 20.382783889770486 ], [ -1.902198791503942, 20.37960624694837 ], [ -1.772184371948207, 20.370683670044023 ], [ -1.62337684631332, 20.356019973754805 ], [ -1.457429885864183, 20.33708381652837 ], [ -1.291893005370994, 20.329515457153427 ], [ -1.131481170654194, 20.337522506713881 ], [ -0.976192474365192, 20.361104965210089 ], [ -0.826028823852582, 20.400255203247156 ], [ -0.681110382080114, 20.454835891723746 ], [ -0.549108505249002, 20.515680313110465 ], [ -0.434606552124123, 20.577314376831104 ], [ -0.337602615356353, 20.639738082885664 ], [ -0.258100509643405, 20.702947616577319 ], [ -0.196094512939418, 20.766950607299719 ], [ -0.135816574096772, 20.82477760314945 ], [ -0.054853439331154, 20.866537094116325 ], [ 0.046960830688612, 20.892156600952319 ], [ 0.16962623596207, 20.901632308960075 ], [ 0.313142776489222, 20.894964218139769 ], [ 0.469427108764684, 20.877149581909229 ], [ 0.612901687622141, 20.863985061645643 ], [ 0.741685867309592, 20.856634140014776 ], [ 0.855772018432752, 20.85509681701663 ], [ 0.955171585083079, 20.859376907348739 ] ] ], [ [ [ -16.279191476191492, 18.077225296069457 ], [ -16.282840678663426, 18.121491980069429 ], [ -16.285209427823624, 18.131284203032763 ], [ -16.285488492744484, 18.132450059901675 ], [ -16.285761963998926, 18.133617241525027 ], [ -16.286029835298823, 18.134785721065086 ], [ -16.286292100485014, 18.135955471654366 ], [ -16.286548753526944, 18.137126466395983 ], [ -16.28679978852329, 18.13829867836472 ], [ -16.28704519970178, 18.139472080607025 ], [ -16.287284981419639, 18.140646646142258 ], [ -16.29645796864251, 18.186136575907 ], [ -16.296707683792135, 18.18739150801261 ], [ -16.2969509727691, 18.188647701755237 ], [ -16.297187829200457, 18.189905124228581 ], [ -16.297418246881481, 18.191163742493924 ], [ -16.297642219776467, 18.192423523581194 ], [ -16.297859742018286, 18.193684434489946 ], [ -16.298070807908829, 18.194946442190155 ], [ -16.298275411919096, 18.196209513623021 ], [ -16.298473548689554, 18.197473615701856 ], [ -16.298665213029864, 18.198738715313059 ], [ -16.298850399919242, 18.200004779316828 ], [ -16.299029104506637, 18.201271774548047 ], [ -16.299201322110903, 18.202539667817355 ], [ -16.299367048220716, 18.203808425911674 ], [ -16.299526278494838, 18.205078015595547 ], [ -16.299679008762027, 18.206348403611486 ], [ -16.299825235021572, 18.207619556681134 ], [ -16.299964953443027, 18.208891441506239 ], [ -16.300098160366385, 18.210164024769185 ], [ -16.300224852302172, 18.211437273134148 ], [ -16.300345025931797, 18.212711153247898 ], [ -16.300458678107113, 18.213985631740684 ], [ -16.312058729220027, 18.347940682437283 ], [ -16.312170091961899, 18.349267793139504 ], [ -16.312274383497751, 18.350595478249623 ], [ -16.312371600867817, 18.35192370009058 ], [ -16.312461741313413, 18.353252420970303 ], [ -16.312544802276499, 18.354581603182243 ], [ -16.312620781399847, 18.355911209006795 ], [ -16.312689676527405, 18.357241200712629 ], [ -16.312751485704116, 18.358571540557048 ], [ -16.312806207175914, 18.359902190787761 ], [ -16.312853839389998, 18.361233113643596 ], [ -16.312894380994472, 18.362564271355655 ], [ -16.312927830838966, 18.363895626148377 ], [ -16.312954187974285, 18.365227140240428 ], [ -16.312973451652404, 18.3665587758463 ], [ -16.31298562132665, 18.367890495176756 ], [ -16.312990696651699, 18.369222260440246 ], [ -16.312988677483489, 18.37055403384398 ], [ -16.312979563879306, 18.37188577759499 ], [ -16.312963356097878, 18.373217453900928 ], [ -16.312940054599103, 18.374549024971579 ], [ -16.31290966004423, 18.375880453019658 ], [ -16.312872173295681, 18.377211700261789 ], [ -16.312827595417403, 18.378542728919925 ], [ -16.31277592767443, 18.379873501222146 ], [ -16.312717171532878, 18.381203979403818 ], [ -16.312651328660213, 18.382534125708563 ], [ -16.312578400924806, 18.383863902389599 ], [ -16.312498390396382, 18.385193271710534 ], [ -16.312411299345388, 18.386522195946522 ], [ -16.312317130243272, 18.387850637385242 ], [ -16.312215885762384, 18.389178558328403 ], [ -16.312107568775804, 18.390505921092107 ], [ -16.311992182357429, 18.391832688008439 ], [ -16.311869729781705, 18.393158821426628 ], [ -16.311740214523454, 18.394484283713489 ], [ -16.311603640258134, 18.395809037255109 ], [ -16.311460010861492, 18.397133044457739 ], [ -16.311309330409376, 18.3984562677485 ], [ -16.311151603177834, 18.399778669577252 ], [ -16.31098683364284, 18.401100212416591 ], [ -16.31081502648021, 18.402420858763982 ], [ -16.31063618656551, 18.403740571142116 ], [ -16.310450318973881, 18.40505931210015 ], [ -16.310257428979771, 18.406377044214864 ], [ -16.309481533828887, 18.41158083288488 ], [ -16.312059806720161, 18.42175203113581 ], [ -16.317426431387219, 18.437916216282993 ], [ -16.335653421468912, 18.480482111759969 ], [ -16.336143620101442, 18.481634855947274 ], [ -16.336628036692016, 18.482790041831556 ], [ -16.337106659079073, 18.483947640411127 ], [ -16.337579475246358, 18.485107622623278 ], [ -16.338046473323367, 18.486269959345883 ], [ -16.338507641585878, 18.487434621397394 ], [ -16.338962968455775, 18.488601579538091 ], [ -16.339412442501668, 18.48977080447052 ], [ -16.339856052439252, 18.490942266840385 ], [ -16.340293787131301, 18.492115937236989 ], [ -16.340725635588118, 18.493291786194568 ], [ -16.341151586967708, 18.494469784192383 ], [ -16.341571630576315, 18.495649901655778 ], [ -16.341985755868418, 18.496832108956987 ], [ -16.380594813659091, 18.607941109018292 ], [ -16.381022388106405, 18.609182078627054 ], [ -16.381443441272694, 18.610425276000367 ], [ -16.381857961551507, 18.611670666869287 ], [ -16.382265937516429, 18.612918216904298 ], [ -16.382667357921612, 18.614167891716463 ], [ -16.383062211701684, 18.615419656858315 ], [ -16.383450487972553, 18.616673477824566 ], [ -16.383832176031312, 18.617929320053353 ], [ -16.384207265356512, 18.61918714892721 ], [ -16.384575745608867, 18.620446929773873 ], [ -16.38493760663108, 18.621708627867076 ], [ -16.385292838448464, 18.622972208427971 ], [ -16.385641431268851, 18.624237636625665 ], [ -16.385983375483217, 18.625504877578283 ], [ -16.386318661665946, 18.626773896354212 ], [ -16.386647280574653, 18.628044657972634 ], [ -16.386969223150896, 18.62931712740459 ], [ -16.38728448052035, 18.630591269574406 ], [ -16.387593043992901, 18.631867049360043 ], [ -16.387894905062819, 18.633144431594253 ], [ -16.388190055409293, 18.634423381065826 ], [ -16.388478486896432, 18.635703862520295 ], [ -16.388760191573528, 18.636985840660738 ], [ -16.389035161675416, 18.63826928014938 ], [ -16.389303389622469, 18.639554145607853 ], [ -16.389564868020958, 18.640840401618533 ], [ -16.389819589663048, 18.642128012725514 ], [ -16.390067547527334, 18.643416943435678 ], [ -16.390308734778927, 18.644707158219134 ], [ -16.390543144769278, 18.645998621510998 ], [ -16.39077077103698, 18.647291297711835 ], [ -16.390991607307317, 18.648585151188726 ], [ -16.39120564749307, 18.649880146276246 ], [ -16.391412885693981, 18.651176247277704 ], [ -16.391613316197642, 18.652473418465767 ], [ -16.391806933479049, 18.653771624083618 ], [ -16.39199373220114, 18.655070828345924 ], [ -16.392173707214788, 18.65637099544 ], [ -16.392346853558895, 18.657672089526248 ], [ -16.392513166460656, 18.658974074739934 ], [ -16.39267264133565, 18.660276915191456 ], [ -16.392825273787928, 18.661580574967765 ], [ -16.392971059610097, 18.662885018133249 ], [ -16.393109994783597, 18.664190208730627 ], [ -16.3932420754786, 18.665496110782012 ], [ -16.393367298054287, 18.666802688289977 ], [ -16.398479441172178, 18.721658977555336 ], [ -16.417328164697444, 18.825938182054472 ], [ -16.421210073367511, 18.84700210654178 ], [ -16.443480719281602, 18.892179576004267 ], [ -16.444064236233871, 18.893371242061743 ], [ -16.444641420289088, 18.894565988307679 ], [ -16.445212255188704, 18.895763781087485 ], [ -16.44577672485287, 18.896964586660506 ], [ -16.446334813381061, 18.898168371201354 ], [ -16.446886505052429, 18.899375100800622 ], [ -16.447431784326429, 18.900584741465945 ], [ -16.44797063584317, 18.901797259123157 ], [ -16.448503044423681, 18.903012619616735 ], [ -16.449028995070716, 18.90423078871131 ], [ -16.449548472968569, 18.905451732092285 ], [ -16.450061463484236, 18.906675415366994 ], [ -16.45056795216723, 18.907901804065499 ], [ -16.451067924750387, 18.909130863641835 ], [ -16.451561367149949, 18.910362559474539 ], [ -16.452048265466193, 18.911596856868076 ], [ -16.452528605983598, 18.912833721053548 ], [ -16.453002375171479, 18.914073117189758 ], [ -16.453469559684422, 18.915315010364278 ], [ -16.453930146362108, 18.916559365594246 ], [ -16.454384122230472, 18.917806147827346 ], [ -16.454831474501344, 18.919055321943226 ], [ -16.455272190573424, 18.920306852753857 ], [ -16.455706258032023, 18.921560705004861 ], [ -16.456133664650032, 18.922816843376491 ], [ -16.456554398387748, 18.924075232484785 ], [ -16.456968447393674, 18.925335836882187 ], [ -16.457375800004428, 18.926598621058702 ], [ -16.464476336283553, 18.948811707162186 ], [ -16.473158003690216, 18.9661776617043 ], [ -16.473454097047426, 18.966600679571258 ], [ -16.476875212718269, 18.971373408165462 ], [ -16.4808019776601, 18.975782128534505 ], [ -16.479349136352575, 18.976694107055827 ], [ -16.432397842407322, 19.030332565307731 ], [ -16.382141113281214, 19.082342147827205 ], [ -16.328363418579031, 19.132150650024585 ], [ -16.27106285095218, 19.179758071899336 ], [ -16.210241317748988, 19.225160598754989 ], [ -16.145923614501925, 19.264013290405238 ], [ -16.078218460082851, 19.277841567993129 ], [ -16.00713729858402, 19.264554977417106 ], [ -15.932682037353487, 19.224161148071353 ], [ -15.85485076904293, 19.156652450561687 ], [ -15.77432250976555, 19.065767288208171 ], [ -15.698612213134613, 18.992765426635863 ], [ -15.629798889160131, 18.949079513549918 ], [ -15.56788253784184, 18.93470954895016 ], [ -15.512863159179648, 18.949647903442404 ], [ -15.463953018188406, 18.993619918823271 ], [ -15.368713378906342, 19.048036575317553 ], [ -15.195493698120046, 19.101671218872099 ], [ -14.94429397583005, 19.15452384948744 ], [ -14.615110397338906, 19.206594467163221 ], [ -14.207948684692475, 19.257883071899442 ], [ -13.766019821167088, 19.302164077758846 ], [ -13.350261688232514, 19.330656051635778 ], [ -12.961105346679727, 19.343301773071467 ], [ -12.598550796508636, 19.340093612671019 ], [ -12.262599945068455, 19.321035385131971 ], [ -11.948278427123995, 19.292539596557681 ], [ -11.640247344970547, 19.274366378784194 ], [ -11.337427139282266, 19.267919540405323 ], [ -11.03981590270994, 19.273191452026531 ], [ -10.747413635253746, 19.290185928344641 ], [ -10.743671600590989, 19.29029271223304 ], [ -10.739929368762127, 19.290392347340315 ], [ -10.736186953423967, 19.290484833303026 ], [ -10.732444368234475, 19.290570169783486 ], [ -10.728701626851791, 19.290648356470477 ], [ -10.724958742934767, 19.290719393078362 ], [ -10.721215730142788, 19.29078327934797 ], [ -10.717472602136038, 19.29084001504642 ], [ -10.713729372574257, 19.290889599966235 ], [ -10.709986055118428, 19.290932033926936 ], [ -10.706242663429535, 19.290967316773269 ], [ -10.702499211168828, 19.290995448376627 ], [ -10.698755711997556, 19.291016428634336 ], [ -10.695012179577681, 19.291030257469657 ], [ -10.691268627570718, 19.291036934832498 ], [ -10.687525069638539, 19.291036460698344 ], [ -10.683781519443105, 19.291028835068794 ], [ -10.680037990646287, 19.291014057971736 ], [ -10.676294496909602, 19.290992129461173 ], [ -10.672551051894832, 19.290963049616863 ], [ -10.668807669263494, 19.290926818545387 ], [ -10.665064362676482, 19.29088343637855 ], [ -10.661321145795135, 19.290832903274982 ], [ -10.657578032279815, 19.29077521941889 ], [ -10.653835035790884, 19.290710385020951 ], [ -10.650092169987904, 19.290638400317597 ], [ -10.646349448530525, 19.290559265571552 ], [ -10.642606885077424, 19.290472981071829 ], [ -10.638864493286651, 19.290379547133021 ], [ -10.635122286816081, 19.290278964096366 ], [ -10.631380279322435, 19.290171232328682 ], [ -10.627638484462079, 19.290056352223431 ], [ -10.62389691589031, 19.289934324199656 ], [ -10.620155587261717, 19.28980514870269 ], [ -10.61641451223009, 19.289668826203979 ], [ -10.61267370444833, 19.289525357201079 ], [ -10.608933177567827, 19.289374742217483 ], [ -10.605192945239974, 19.289216981802973 ], [ -10.60145302111394, 19.289052076533089 ], [ -10.597713418838719, 19.288880027009839 ], [ -10.59397415206135, 19.288700833860986 ], [ -10.590235234428427, 19.288514497740586 ], [ -10.586496679584769, 19.28832101932845 ], [ -10.582758501173686, 19.288120399330857 ], [ -10.579020712837774, 19.287912638480023 ], [ -10.575283328217591, 19.287697737533918 ], [ -10.571546360952446, 19.287475697276982 ], [ -10.567809824680321, 19.287246518519588 ], [ -10.564073733037418, 19.287010202097868 ], [ -10.560338099658075, 19.28676674887442 ], [ -10.556602938175654, 19.286516159737602 ], [ -10.552868262221029, 19.286258435602058 ], [ -10.549134085423741, 19.285993577408192 ], [ -10.545400421411468, 19.285721586122698 ], [ -10.541667283809844, 19.285442462738203 ], [ -10.537934686242991, 19.285156208273271 ], [ -10.534202642332371, 19.284862823772578 ], [ -10.530471165697932, 19.284562310306733 ], [ -10.526740269957671, 19.284254668972636 ], [ -10.523009968727006, 19.283939900892769 ], [ -10.519280275619405, 19.283618007216077 ], [ -10.515551204246112, 19.283288989117267 ], [ -10.51182276821633, 19.282952847796977 ], [ -10.508094981136509, 19.28260958448196 ], [ -10.504367856611143, 19.282259200424726 ], [ -10.500641408241886, 19.281901696904427 ], [ -10.496915649628171, 19.281537075225266 ], [ -10.493190594367121, 19.281165336718267 ], [ -10.48946625605284, 19.280786482740034 ], [ -10.485742648277121, 19.280400514672927 ], [ -10.482019784629095, 19.280007433925597 ], [ -10.47829767869505, 19.279607241932631 ], [ -10.474576344058431, 19.279199940154548 ], [ -10.470855794300018, 19.278785530077627 ], [ -10.467136042998018, 19.278364013214436 ], [ -10.463417103726993, 19.277935391102943 ], [ -10.459698990059021, 19.277499665307765 ], [ -10.455981715563336, 19.277056837418741 ], [ -10.452265293805709, 19.276606909052177 ], [ -10.44854973834898, 19.276149881849783 ], [ -10.444835062752791, 19.275685757479735 ], [ -10.441121280573586, 19.275214537635613 ], [ -10.437408405364614, 19.274736224037284 ], [ -10.433696450675747, 19.274250818430197 ], [ -10.429985430053392, 19.273758322585735 ], [ -10.426275357040851, 19.273258738301394 ], [ -10.422566245177602, 19.272752067400248 ], [ -10.41885810800002, 19.272238311731307 ], [ -10.4151509590403, 19.271717473169694 ], [ -10.411444811827799, 19.271189553616111 ], [ -10.407739679887786, 19.270654554997016 ], [ -10.404035576741624, 19.270112479264981 ], [ -10.400332515907476, 19.269563328398334 ], [ -10.396630510899243, 19.269007104400984 ], [ -10.392929575227274, 19.268443809302951 ], [ -10.389229722397744, 19.267873445159836 ], [ -10.385530965913095, 19.26729601405335 ], [ -10.381833319271507, 19.266711518090432 ], [ -10.37813679596761, 19.266119959404662 ], [ -10.374441409491322, 19.265521340154315 ], [ -10.370747173328745, 19.264915662524487 ], [ -10.367054100961894, 19.264302928725499 ], [ -10.363362205868167, 19.263683140993251 ], [ -10.359671501520964, 19.263056301589579 ], [ -10.355982001389421, 19.26242241280243 ], [ -10.352293718937879, 19.261781476944797 ], [ -10.348606667626683, 19.261133496355967 ], [ -10.344920860911113, 19.260478473400447 ], [ -10.341236312242543, 19.259816410469035 ], [ -10.33755303506755, 19.259147309977578 ], [ -10.333871042827827, 19.258471174368211 ], [ -10.330190348960535, 19.257788006108115 ], [ -10.326510966898219, 19.257097807690762 ], [ -10.322832910068627, 19.256400581634672 ], [ -10.319156191894177, 19.255696330484653 ], [ -10.315480825793291, 19.254985056810561 ], [ -10.311806825178529, 19.254266763208363 ], [ -10.30813420345801, 19.253541452299253 ], [ -10.304462974035147, 19.252809126730178 ], [ -10.300793150307221, 19.252069789173845 ], [ -10.297124745667343, 19.251323442328363 ], [ -10.293457773502848, 19.250570088917421 ], [ -10.289792247196452, 19.249809731690284 ], [ -10.286128180125012, 19.249042373421979 ], [ -10.282465585660319, 19.248268016912931 ], [ -10.278804477168837, 19.247486664988969 ], [ -10.275144868011434, 19.246698320501679 ], [ -10.271486771543561, 19.245902986328048 ], [ -10.267830201115338, 19.245100665370465 ], [ -10.264175170071024, 19.244291360557256 ], [ -10.26052169174946, 19.243475074841434 ], [ -10.256869779483715, 19.242651811202485 ], [ -10.253219446601261, 19.241821572644582 ], [ -10.249570706423619, 19.240984362197658 ], [ -10.245923572266715, 19.240140182917045 ], [ -10.242278057440704, 19.239289037883658 ], [ -10.238634175249253, 19.238430930203457 ], [ -10.234991938990525, 19.237565863008157 ], [ -10.231351361956822, 19.23669383945488 ], [ -10.227712457434137, 19.235814862725789 ], [ -10.224075238702337, 19.234928936028808 ], [ -10.220439719034982, 19.234036062597085 ], [ -10.216805911700035, 19.233136245688989 ], [ -10.213173829958535, 19.232229488588295 ], [ -10.209543487065744, 19.231315794604356 ], [ -10.205914896270354, 19.230395167071393 ], [ -10.202288070814305, 19.229467609349385 ], [ -10.198663023933676, 19.228533124823358 ], [ -10.195039768857797, 19.227591716903561 ], [ -10.191418318809689, 19.226643389025647 ], [ -10.187798687005181, 19.225688144650313 ], [ -10.184180886654328, 19.224725987263838 ], [ -10.180564930959726, 19.223756920377546 ], [ -10.176950833117484, 19.222780947527987 ], [ -10.17333860631723, 19.221798072276933 ], [ -10.169728263741398, 19.220808298211203 ], [ -10.166119818565758, 19.219811628942843 ], [ -10.162513283959154, 19.218808068109297 ], [ -10.158908673083236, 19.217797619372881 ], [ -10.155305999092814, 19.216780286421312 ], [ -10.151705275135594, 19.215756072967174 ], [ -10.148106514351998, 19.214724982748102 ], [ -10.144509729875875, 19.213687019527306 ], [ -10.140914934833258, 19.212642187092513 ], [ -10.137322142342988, 19.211590489256849 ], [ -10.133731365516621, 19.21053192985849 ], [ -10.130142617458695, 19.209466512760478 ], [ -10.126555911266024, 19.208394241851082 ], [ -10.122971260028049, 19.207315121043258 ], [ -10.119388676826659, 19.20622915427537 ], [ -10.115808174736198, 19.205136345510645 ], [ -10.112229766823546, 19.204036698737006 ], [ -10.108653466147945, 19.202930217967598 ], [ -10.105079285760645, 19.201816907240612 ], [ -10.101507238705523, 19.200696770618755 ], [ -10.097937338018461, 19.199569812189957 ], [ -10.094369596727439, 19.198436036067193 ], [ -10.090804027852887, 19.197295446387777 ], [ -10.087240644406972, 19.196148047314423 ], [ -10.083679459394048, 19.194993843034361 ], [ -10.080120485810564, 19.193832837759864 ], [ -10.07656373664453, 19.192665035728076 ], [ -10.073009224876142, 19.191490441200479 ], [ -10.069456963477332, 19.190309058463775 ], [ -10.065906965411866, 19.189120891829539 ], [ -10.062359243635068, 19.187925945633857 ], [ -10.058813811094449, 19.186724224237331 ], [ -10.055270680728281, 19.185515732025785 ], [ -10.051729865467465, 19.184300473409557 ], [ -10.048191378233842, 19.183078452823501 ], [ -10.044655231940638, 19.181849674727516 ], [ -10.041121439493086, 19.180614143605659 ], [ -10.037590013787181, 19.179371863967212 ], [ -10.034060967710925, 19.178122840345438 ], [ -10.030534314143171, 19.176867077298823 ], [ -10.027010065954336, 19.175604579410191 ], [ -10.023488236005687, 19.174335351286878 ], [ -10.01996883715023, 19.173059397560735 ], [ -10.016451882231383, 19.171776722888481 ], [ -10.012937384084211, 19.170487331950994 ], [ -10.00942535553472, 19.169191229453844 ], [ -10.005915809399681, 19.167888420127113 ], [ -10.002408758487071, 19.166578908725221 ], [ -9.998904215595452, 19.165262700027277 ], [ -9.995402193514416, 19.163939798836374 ], [ -9.991902705024494, 19.162610209980826 ], [ -9.988405762896804, 19.161273938312576 ], [ -9.984911379893138, 19.159930988708432 ], [ -9.981419568765961, 19.158581366069185 ], [ -9.977930342258592, 19.157225075320319 ], [ -9.974443713104488, 19.155862121411474 ], [ -9.970959694027872, 19.154492509316626 ], [ -9.967478297743728, 19.153116244034088 ], [ -9.963999536956649, 19.151733330586509 ], [ -9.960523424362702, 19.150343774020698 ], [ -9.957049972647471, 19.148947579407796 ], [ -9.953579194486863, 19.147544751843107 ], [ -9.950111102547545, 19.14613529644609 ], [ -9.946645709485971, 19.144719218360542 ], [ -9.943183027948823, 19.143296522754241 ], [ -9.939723070572839, 19.1418672148193 ], [ -9.936265849985162, 19.140431299771635 ], [ -9.932811378802544, 19.138988782852032 ], [ -9.92935966963179, 19.137539669324369 ], [ -9.92591073506949, 19.136083964477216 ], [ -9.922464587702642, 19.1346216736233 ], [ -9.919021240107586, 19.133152802098799 ], [ -9.915580704850537, 19.131677355264401 ], [ -9.912142994487585, 19.130195338504777 ], [ -9.908708121564338, 19.1287067572284 ], [ -9.905276098616103, 19.127211616867548 ], [ -9.901846938167704, 19.125709922878833 ], [ -9.898420652734021, 19.124201680742495 ], [ -9.894997254818474, 19.122686895962751 ], [ -9.891576756915157, 19.121165574067625 ], [ -9.888159171506441, 19.119637720609298 ], [ -9.88474451106466, 19.118103341163575 ], [ -9.88133278805158, 19.116562441329712 ], [ -9.877924014917951, 19.115015026731477 ], [ -9.874518204103691, 19.113461103015908 ], [ -9.87111536803841, 19.111900675853846 ], [ -9.867715519140088, 19.110333750940114 ], [ -9.864318669816576, 19.10876033399316 ], [ -9.860924832464359, 19.10718043075488 ], [ -9.857534019468996, 19.10559404699115 ], [ -9.854146243204944, 19.104001188491118 ], [ -9.850761516035824, 19.102401861068266 ], [ -9.847379850313622, 19.100796070558815 ], [ -9.844001258380022, 19.099183822823143 ], [ -9.840625752564538, 19.0975651237449 ], [ -9.837253345185939, 19.095939979231716 ], [ -9.833884048551713, 19.094308395214135 ], [ -9.830517874957625, 19.092670377646861 ], [ -9.827154836688603, 19.091025932507335 ], [ -9.823794946017674, 19.089375065796979 ], [ -9.820438215206497, 19.087717783540661 ], [ -9.817084656505273, 19.086054091786345 ], [ -9.813734282152566, 19.084383996605794 ], [ -9.810387104375398, 19.082707504093513 ], [ -9.807043135388795, 19.081024620368161 ], [ -9.803702387396598, 19.079335351570961 ], [ -9.800364872590741, 19.077639703866936 ], [ -9.797030603150993, 19.07593768344438 ], [ -9.793699591245666, 19.074229296514503 ], [ -9.79037184903099, 19.072514549311784 ], [ -9.787047388651473, 19.070793448094506 ], [ -9.783726222239277, 19.069065999143511 ], [ -9.78040836191493, 19.067332208762735 ], [ -9.7770938197867, 19.065592083279917 ], [ -9.773782607950778, 19.063845629045353 ], [ -9.770474738491099, 19.062092852432791 ], [ -9.767170223479784, 19.060333759838535 ], [ -9.763869074976164, 19.058568357682518 ], [ -9.760571305027579, 19.056796652407229 ], [ -9.757276925668936, 19.055018650478608 ], [ -9.753985948923152, 19.053234358385332 ], [ -9.750698386800174, 19.051443782638991 ], [ -9.747414251297783, 19.049646929774092 ], [ -9.744133554401326, 19.047843806348233 ], [ -9.740856308083181, 19.046034418941751 ], [ -9.737582524303736, 19.044218774157898 ], [ -9.734312215010235, 19.042396878622661 ], [ -9.731045392137574, 19.040568738985122 ], [ -9.727782067607862, 19.038734361916745 ], [ -9.72452225333015, 19.036893754111908 ], [ -9.721265961201055, 19.035046922288082 ], [ -9.718013203104228, 19.033193873184942 ], [ -9.714763990910082, 19.031334613565079 ], [ -9.711518336476868, 19.029469150213821 ], [ -9.708276251648797, 19.027597489938699 ], [ -9.705037748258274, 19.025719639570696 ], [ -9.701802838123665, 19.023835605962816 ], [ -9.698571533050462, 19.021945395990272 ], [ -9.695343844831097, 19.020049016551724 ], [ -9.692119785244948, 19.018146474567679 ], [ -9.688899366057981, 19.016237776981384 ], [ -9.68568259902284, 19.014322930758468 ], [ -9.682469495878845, 19.012401942887116 ], [ -9.679260068352082, 19.010474820377723 ], [ -9.676054328155228, 19.008541570263063 ], [ -9.672852286987013, 19.006602199598824 ], [ -9.669653956533555, 19.00465671546219 ], [ -9.666459348466585, 19.002705124953259 ], [ -9.663268474444777, 19.000747435194157 ], [ -9.66008134611295, 18.99878365332939 ], [ -9.656897975102332, 18.996813786525671 ], [ -9.653718373030387, 18.994837841971737 ], [ -9.650542551500987, 18.99285582687871 ], [ -9.647370522103795, 18.990867748480092 ], [ -9.644202296414974, 18.988873614030879 ], [ -9.641037885997008, 18.986873430808629 ], [ -9.637877302397992, 18.984867206113101 ], [ -9.634720557152345, 18.982854947265551 ], [ -9.631567661780096, 18.980836661609793 ], [ -9.628418627787951, 18.978812356511312 ], [ -9.625273466667874, 18.976782039357623 ], [ -9.622132189898061, 18.974745717558264 ], [ -9.618994808941874, 18.972703398544624 ], [ -9.615861335249711, 18.970655089770297 ], [ -9.612731780256425, 18.968600798710014 ], [ -9.609606155383368, 18.966540532861067 ], [ -9.60648447203706, 18.964474299742243 ], [ -9.603366741610255, 18.962402106893819 ], [ -9.600252975480519, 18.960323961878281 ], [ -9.597143185011383, 18.958239872279961 ], [ -9.594037381551814, 18.956149845704154 ], [ -9.590935576436568, 18.954053889778535 ], [ -9.587837780985033, 18.951952012152098 ], [ -9.584744006502568, 18.949844220495507 ], [ -9.581654264279695, 18.947730522500919 ], [ -9.578568565592285, 18.945610925882342 ], [ -9.575486921701284, 18.943485438374744 ], [ -9.572409343852897, 18.941354067735297 ], [ -9.569335843278584, 18.939216821741958 ], [ -9.566266431194972, 18.93707370819471 ], [ -9.563201118803502, 18.934924734914674 ], [ -9.56013991729078, 18.932769909744287 ], [ -9.55708283782867, 18.930609240547483 ], [ -9.55402989157367, 18.928442735209508 ], [ -9.550981089667268, 18.926270401636749 ], [ -9.547936443235852, 18.924092247757088 ], [ -9.544895963390534, 18.921908281519542 ], [ -9.541859661227683, 18.91971851089427 ], [ -9.538827547827768, 18.917522943872747 ], [ -9.353784561157266, 18.756738662719854 ], [ -9.103126525878871, 18.668684005737227 ], [ -8.700931549072113, 18.573312759399421 ], [ -8.316410064697113, 18.491323471069457 ], [ -8.004421234130756, 18.429430007934691 ], [ -7.764968872070401, 18.387620925903406 ], [ -7.598049163818335, 18.365907669067496 ], [ -7.503360748290913, 18.364191055297965 ], [ -7.437854766845788, 18.369215011596765 ], [ -7.371004104614212, 18.371576309204166 ], [ -7.302808761596715, 18.371278762817347 ], [ -7.233270645141445, 18.368322372436488 ], [ -7.162385940551843, 18.362703323364229 ], [ -7.090660095214876, 18.356458663940536 ], [ -7.018920898437422, 18.352960586547987 ], [ -6.947181701660057, 18.352262496948349 ], [ -6.875442504882781, 18.354360580444443 ], [ -6.803703308105504, 18.359254837036268 ], [ -6.72895240783701, 18.36551094055168 ], [ -6.640312194824141, 18.367921829223668 ], [ -6.536798477172692, 18.366018295288214 ], [ -6.418411254882841, 18.359800338745139 ], [ -6.285150527954055, 18.349267959594798 ], [ -6.140792846679535, 18.333669662475607 ], [ -6.018808364868136, 18.306329727172901 ], [ -5.927076339721662, 18.265672683715842 ], [ -5.865594863891523, 18.211702346801786 ], [ -5.834363937377898, 18.144418716430735 ], [ -5.832599639892546, 18.064168930053739 ], [ -5.830068925728306, 18.0 ], [ -16.283496076055183, 18.0 ], [ -16.279191476191492, 18.077225296069457 ] ] ] ] } },
{ "type": "Feature", "properties": { "zone_id": 2, "zone_name": "Sahelian", "zone_name_fr": "Zone Sahélienne", "source_zone": "Sahelian-Desert", "color_hex": "#E8A838", "rainfall_mm_yr": "200-600 mm/yr", "area_km2": 1049125.5 }, "geometry": { "type": "Polygon", "coordinates": [ [ [ 9.046949386596701, 17.793272018432596 ], [ 8.968362808227553, 17.537538528442489 ], [ 8.893255233764613, 17.305322647094748 ], [ 8.821630477905416, 17.096620559692546 ], [ 8.753484725952241, 16.911432266235529 ], [ 8.706659317016694, 16.744058609008874 ], [ 8.702505111694379, 16.587678909301864 ], [ 8.741071701049883, 16.442277908325245 ], [ 8.822355270385756, 16.307855606079016 ], [ 8.946355819702276, 16.184412002563533 ], [ 9.09789848327641, 16.07526206970207 ], [ 9.236021041870188, 15.98936271667484 ], [ 9.358457565307582, 15.927206039428768 ], [ 9.465200424194414, 15.888792037964031 ], [ 9.556253433227688, 15.874120712280451 ], [ 9.643033981323207, 15.878568649292049 ], [ 9.797315597534215, 15.873018264770636 ], [ 10.031629562377958, 15.852392196655288 ], [ 10.345979690551715, 15.81669044494636 ], [ 10.740358352661211, 15.765909194946317 ], [ 11.210149765014741, 15.701116561889819 ], [ 11.657789230346758, 15.644739151000955 ], [ 12.044145584106545, 15.605768203735273 ], [ 12.369218826294102, 15.584207534789954 ], [ 12.633008956909251, 15.580053329467816 ], [ 12.835531234741246, 15.593301773071325 ], [ 13.003438949585053, 15.611215591430685 ], [ 13.161054611206211, 15.622171401977461 ], [ 13.3083820343019, 15.626165390014826 ], [ 13.445413589477582, 15.623205184936609 ], [ 13.57216072082533, 15.613283157348803 ], [ 13.69896507263185, 15.601240158081112 ], [ 13.847871780395465, 15.597379684448256 ], [ 14.019605636596708, 15.60203361511239 ], [ 14.214166641235479, 15.615209579467695 ], [ 14.431558609008874, 15.636899948120167 ], [ 14.675252914428732, 15.663137435913058 ], [ 14.961935043334989, 15.674890518188647 ], [ 15.293783187866303, 15.669664382934492 ], [ 15.670801162719755, 15.647466659546019 ], [ 16.092985153198264, 15.608289718627979 ], [ 16.556085586547873, 15.55448341369641 ], [ 16.74157942915425, 15.539264211043438 ], [ 16.74157942915425, 13.209716889539116 ], [ 16.353067398071417, 13.248361587524585 ], [ 15.879045486450281, 13.287130355835089 ], [ 15.469663619995139, 13.305124282836836 ], [ 15.124914169311552, 13.302350997924719 ], [ 14.84480476379396, 13.278810501098739 ], [ 14.628824234008917, 13.234945297241232 ], [ 14.448244094848711, 13.196268081665011 ], [ 14.286417007446381, 13.177553176880011 ], [ 14.143339157104649, 13.178800582885877 ], [ 14.019010543823157, 13.200014114379968 ], [ 13.913434982299897, 13.241193771362283 ], [ 13.808462142944364, 13.283617019653285 ], [ 13.683122634887788, 13.305669784546062 ], [ 13.537397384643462, 13.30731391906739 ], [ 13.371282577514663, 13.28855705261234 ], [ 13.184774398803754, 13.249399185180735 ], [ 12.982385635375998, 13.199949264526481 ], [ 12.774122238159222, 13.162710189819407 ], [ 12.56036186218271, 13.138505935668945 ], [ 12.341100692749102, 13.127336502075273 ], [ 12.116338729858498, 13.129201889038214 ], [ 11.887956619262724, 13.146142959594734 ], [ 11.663904190063384, 13.186788558960075 ], [ 11.445070266723661, 13.252096176147468 ], [ 11.231451034545934, 13.342069625854627 ], [ 11.023054122924819, 13.456708908081019 ], [ 10.820455551147532, 13.591566085815401 ], [ 10.628870010376055, 13.706926345825224 ], [ 10.449541091918988, 13.793378829956218 ], [ 10.282461166381971, 13.850923538208029 ], [ 10.127630233764556, 13.87956428527837 ], [ 9.984727859497028, 13.8803005218507 ], [ 9.844827651977681, 13.880376815795906 ], [ 9.703927993774428, 13.892042160034215 ], [ 9.562025070190444, 13.915296554565451 ], [ 9.419122695923008, 13.950143814086971 ], [ 9.275228500366289, 13.996557235717802 ], [ 9.140935897827305, 14.037538528442298 ], [ 9.025415420532354, 14.058378219604542 ], [ 8.928663253784258, 14.059072494506999 ], [ 8.850683212280295, 14.039617538452312 ], [ 8.791467666626005, 14.000020980835018 ], [ 8.733873367309606, 13.958677291870039 ], [ 8.648298263549719, 13.947351455688597 ], [ 8.534223556518633, 13.966600418090927 ], [ 8.391645431518633, 14.016420364379847 ], [ 8.220567703246978, 14.096815109252894 ], [ 8.027105331420934, 14.195940017700195 ], [ 7.831140518188434, 14.27530860900881 ], [ 7.634195327758917, 14.33196449279788 ], [ 7.436277389526467, 14.365900039672866 ], [ 7.237382888793903, 14.377122879028484 ], [ 7.039083480834982, 14.371900558471687 ], [ 6.851526260375934, 14.390790939331069 ], [ 6.676527023315387, 14.441064834594755 ], [ 6.514089584350607, 14.522722244262745 ], [ 6.364213943481417, 14.635763168335039 ], [ 6.226221084594883, 14.777917861938519 ], [ 6.08909034729011, 14.912561416626005 ], [ 5.948972702026509, 15.026895523071396 ], [ 5.805875778198342, 15.120916366577156 ], [ 5.659791946411161, 15.194631576538001 ], [ 5.510927200317411, 15.247987747192518 ], [ 5.379079818725657, 15.276796340942347 ], [ 5.277311325073214, 15.278280258178725 ], [ 5.205617904663171, 15.252443313598654 ], [ 5.164007186889613, 15.199289321899492 ], [ 5.152471542358548, 15.118814468383704 ], [ 5.152929306030316, 15.02199745178239 ], [ 5.141397476196246, 14.92341804504396 ], [ 5.117761611938448, 14.823141098022433 ], [ 5.082021713256921, 14.721162796020629 ], [ 5.034177780151389, 14.617490768432731 ], [ 4.970746994018569, 14.518724441528377 ], [ 4.882963180542141, 14.441522598266523 ], [ 4.770395278930692, 14.38669776916506 ], [ 4.633047103881935, 14.354249954223633 ], [ 4.470914840698335, 14.344175338745238 ], [ 4.290479660034272, 14.352525711059741 ], [ 4.12308311462418, 14.360162734985352 ], [ 3.972871780395657, 14.364557266235359 ], [ 3.839845657348704, 14.365713119506943 ], [ 3.724004745483498, 14.363626480102567 ], [ 3.620000839233356, 14.358922958374023 ], [ 3.470689773559648, 14.358255386352539 ], [ 3.260618209838881, 14.363428115844748 ], [ 2.98978614807131, 14.37444114685065 ], [ 2.65819740295413, 14.391286849975707 ], [ 2.268003463745188, 14.41406822204592 ], [ 1.90116310119631, 14.446249008178683 ], [ 1.599466323852511, 14.489606857299833 ], [ 1.362913131713889, 14.544141769409194 ], [ 1.191507339477624, 14.609849929809585 ], [ 1.085248947143711, 14.686735153198363 ], [ 0.969274520874173, 14.776506423950167 ], [ 0.768724441528477, 14.880876541137702 ], [ 0.483598709106353, 14.999845504760792 ], [ 0.113901138305792, 15.133413314819258 ], [ -0.340372085571374, 15.281583786010813 ], [ -0.822319030761811, 15.424936294555749 ], [ -1.220369338989293, 15.525411605835096 ], [ -1.531587600707986, 15.582010269165217 ], [ -1.755968093872031, 15.594724655151396 ], [ -1.893516540527376, 15.563562393188526 ], [ -1.962972640991136, 15.498125076293981 ], [ -2.033666610717813, 15.433965682983455 ], [ -2.112081527709933, 15.374406814575117 ], [ -2.198221206664943, 15.319448471069499 ], [ -2.292083740234343, 15.269090652465891 ], [ -2.390853881835966, 15.225553512573356 ], [ -2.473255157470735, 15.205656051635799 ], [ -2.534889221191374, 15.212869644165153 ], [ -2.575756072997972, 15.247194290161239 ], [ -2.595855712890529, 15.308629989624059 ], [ -2.595943450927631, 15.395986557006871 ], [ -2.591566085815469, 15.484815597534343 ], [ -2.588882446289045, 15.565420150756751 ], [ -2.587892532348537, 15.637796401977624 ], [ -2.588600158691303, 15.701948165893612 ], [ -2.591049194335895, 15.757867813110529 ], [ -2.604782104492145, 15.80383491516131 ], [ -2.636997222900419, 15.838556289672859 ], [ -2.68769264221195, 15.862024307250991 ], [ -2.756868362426736, 15.874250411987425 ], [ -2.844524383544957, 15.875226974487269 ], [ -2.935359954833885, 15.862073898315401 ], [ -3.006175994873086, 15.83042335510261 ], [ -3.056735992431605, 15.780233383178846 ], [ -3.087041854858299, 15.711500167846751 ], [ -3.097089767455898, 15.624227523803683 ], [ -3.101488113403352, 15.528432846069443 ], [ -3.142023086547887, 15.452775955200273 ], [ -3.221284866332965, 15.399038314819371 ], [ -3.339275360107266, 15.367216110229556 ], [ -3.495994567871055, 15.357313156128008 ], [ -3.686098098754922, 15.365785598754947 ], [ -3.879793167114212, 15.372892379760764 ], [ -4.072471618652376, 15.375585556030316 ], [ -4.264135360717738, 15.373861312866246 ], [ -4.454782485961886, 15.367719650268732 ], [ -4.648157119751009, 15.35813713073744 ], [ -4.892890930175877, 15.357767105102596 ], [ -5.203948974609354, 15.370496749877852 ], [ -5.581333160400295, 15.396333694457923 ], [ -6.025041580200288, 15.435274124145629 ], [ -6.533321380615078, 15.48705101013195 ], [ -7.006093978881758, 15.536264419555692 ], [ -7.385375976562472, 15.573987960815508 ], [ -7.671163558959861, 15.600233078002937 ], [ -7.863460540771463, 15.614988327026438 ], [ -7.96226501464842, 15.618257522583015 ], [ -8.010889053344652, 15.615888595581076 ], [ -8.05937767028805, 15.614618301391772 ], [ -8.107791900634744, 15.614461898803825 ], [ -8.156131744384734, 15.615419387817411 ], [ -8.204399108886697, 15.617490768432532 ], [ -8.256834030151463, 15.619749069213931 ], [ -8.322872161865327, 15.62014579772957 ], [ -8.402854919433569, 15.618600845336886 ], [ -8.496786117553636, 15.615114212036055 ], [ -8.604665756225618, 15.609689712524435 ], [ -8.73126411437978, 15.603586196899435 ], [ -8.896722793579084, 15.602106094360416 ], [ -9.103300094604396, 15.605848312378015 ], [ -9.350992202758714, 15.614812850952234 ], [ -9.639802932739219, 15.628999710083072 ], [ -9.962169647216825, 15.64899635314945 ], [ -10.250577926635831, 15.680040359497241 ], [ -10.489036560058498, 15.723382949829137 ], [ -10.67754364013668, 15.779020309448313 ], [ -10.816101074218789, 15.846952438354414 ], [ -10.906324386596769, 15.926691055297873 ], [ -10.992223739623999, 16.005018234252979 ], [ -11.093587875366175, 16.075994491577219 ], [ -11.210414886474531, 16.139612197876055 ], [ -11.342706680297834, 16.195875167846843 ], [ -11.490440368652379, 16.24476814270033 ], [ -11.638233184814375, 16.275568008422894 ], [ -11.772764205932464, 16.279001235961957 ], [ -11.894037246704006, 16.255056381225621 ], [ -12.002050399780231, 16.203741073608427 ], [ -12.096801757812461, 16.125055313110373 ], [ -12.243206024169897, 16.031530380249073 ], [ -12.553285598754851, 15.944795608520515 ], [ -13.029008865356353, 15.865236282348796 ], [ -13.670373916625902, 15.792852401733562 ], [ -14.477378845214819, 15.727636337280451 ], [ -15.385288238525376, 15.661760330200217 ], [ -16.183698654174652, 15.56974601745609 ], [ -16.856426239013658, 15.449636459350671 ], [ -17.072253700755216, 15.39116620989083 ], [ -17.050139665198873, 15.430323788347991 ], [ -17.01570587004996, 15.498158763213191 ], [ -17.015101100886767, 15.499342359410242 ], [ -17.014490047574906, 15.500522723569635 ], [ -17.013872727386694, 15.501699822326589 ], [ -17.013249157771373, 15.502873622408966 ], [ -17.01261935635511, 15.504044090637795 ], [ -17.011983340939931, 15.505211193928073 ], [ -17.011341129503812, 15.50637489929019 ], [ -17.010692740199609, 15.50753517383037 ], [ -17.010038191354973, 15.50869198475209 ], [ -17.009377501471548, 15.509845299356353 ], [ -17.008710689224618, 15.51099508504328 ], [ -17.008037773462483, 15.512141309312646 ], [ -17.007358773206107, 15.513283939764857 ], [ -17.006673707648314, 15.514422944102016 ], [ -17.00598259615326, 15.515558290128542 ], [ -17.005285458256338, 15.516689945752418 ], [ -16.989449528542746, 15.542243854034801 ], [ -16.988787488863935, 15.543306216005195 ], [ -16.988120138201026, 15.544365249803096 ], [ -16.987447493284726, 15.545420928877832 ], [ -16.986769570978613, 15.546473226763105 ], [ -16.986086388278601, 15.547522117077087 ], [ -16.985397962312501, 15.548567573523567 ], [ -16.984704310339396, 15.5496095698924 ], [ -16.984005449749731, 15.550648080060128 ], [ -16.983301398064157, 15.551683077990777 ], [ -16.98259217293371, 15.552714537736303 ], [ -16.981877792139013, 15.553742433437481 ], [ -16.981158273590005, 15.554766739324435 ], [ -16.946439089435685, 15.603930792537327 ], [ -16.94570209929628, 15.604968787675613 ], [ -16.944959833160791, 15.606003016546158 ], [ -16.944212310275777, 15.607033452332189 ], [ -16.943459550023956, 15.608060068314902 ], [ -16.942701571924115, 15.60908283787488 ], [ -16.941938395630132, 15.610101734492268 ], [ -16.941170040930711, 15.611116731747668 ], [ -16.94039652774876, 15.612127803322842 ], [ -16.939617876141213, 15.613134923001162 ], [ -16.938834106297787, 15.614138064668762 ], [ -16.938045238541424, 15.615137202314713 ], [ -16.926464465805893, 15.629728251765343 ], [ -16.92566909500254, 15.630725136955473 ], [ -16.924868649246285, 15.631717951836713 ], [ -16.924063149366688, 15.632706670573729 ], [ -16.923252616324671, 15.633691267437857 ], [ -16.922437071212162, 15.634671716807549 ], [ -16.921616535251562, 15.635647993169169 ], [ -16.920791029795126, 15.636620071117882 ], [ -16.919960576324335, 15.637587925357924 ], [ -16.919125196449638, 15.638551530703396 ], [ -16.918284911909378, 15.639510862079156 ], [ -16.917439744569887, 15.640465894521174 ], [ -16.916589716424326, 15.641416603177241 ], [ -16.915734849592337, 15.642362963307768 ], [ -16.91487516631959, 15.643304950286144 ], [ -16.914010688977079, 15.644242539599887 ], [ -16.913356096340895, 15.64494886994752 ], [ -16.908475054204821, 15.651163160696171 ], [ -16.879196035710144, 15.692800449554348 ], [ -16.797091097267138, 15.826266038202277 ], [ -16.797048071402223, 15.827375186158779 ], [ -16.796999518058211, 15.828484105897658 ], [ -16.796945438441426, 15.829592769872683 ], [ -16.796885833894972, 15.830701150543927 ], [ -16.796820705899709, 15.831809220378659 ], [ -16.796750056073275, 15.832916951851786 ], [ -16.796673886170712, 15.834024317446474 ], [ -16.796592198084106, 15.835131289655216 ], [ -16.781801156423306, 16.032559475791366 ], [ -16.781548490664679, 16.035671106163576 ], [ -16.781160790260099, 16.039722448155061 ], [ -16.778221713573895, 16.068005181060954 ], [ -16.778947509381172, 16.085434542224355 ], [ -16.778972391925109, 16.086050332862214 ], [ -16.787035279888265, 16.291878359470083 ], [ -16.787084115528863, 16.293216662897805 ], [ -16.787125781501935, 16.294555208724784 ], [ -16.787160276611903, 16.295893958541566 ], [ -16.787187599869071, 16.297232873932479 ], [ -16.787207750489177, 16.298571916477236 ], [ -16.787220727894194, 16.299911047752172 ], [ -16.787226531711532, 16.301250229330602 ], [ -16.787225161774835, 16.302589422784777 ], [ -16.78721661812336, 16.303928589686414 ], [ -16.787200901002244, 16.30526769160803 ], [ -16.787178010862416, 16.306606690124006 ], [ -16.787147948360861, 16.307945546811833 ], [ -16.787110714360178, 16.309284223252732 ], [ -16.787066309928669, 16.310622681033518 ], [ -16.787014736340691, 16.311960881746959 ], [ -16.786955995076127, 16.313298786993283 ], [ -16.786890087820474, 16.314636358381243 ], [ -16.786817016465019, 16.315973557529276 ], [ -16.786736783106484, 16.317310346066208 ], [ -16.786649390047206, 16.318646685632945 ], [ -16.786554839794867, 16.319982537883096 ], [ -16.786453135062764, 16.3213178644843 ], [ -16.786344278769185, 16.322652627119297 ], [ -16.786228274037764, 16.323986787486902 ], [ -16.786105124197306, 16.325320307303517 ], [ -16.785974832781605, 16.326653148303574 ], [ -16.78583740352936, 16.327985272241133 ], [ -16.785692840384172, 16.32931664089077 ], [ -16.78554114749419, 16.330647216049002 ], [ -16.785382329212286, 16.331976959534636 ], [ -16.785216390095705, 16.333305833190817 ], [ -16.785043334906238, 16.334633798885292 ], [ -16.784863168609601, 16.335960818512099 ], [ -16.784675896375614, 16.337286853992275 ], [ -16.784481523578201, 16.338611867275279 ], [ -16.784280055794856, 16.339935820339615 ], [ -16.784071498806732, 16.341258675194517 ], [ -16.783855858598287, 16.342580393880482 ], [ -16.78363314135737, 16.343900938470782 ], [ -16.783403353474959, 16.34522027107235 ], [ -16.783166501544713, 16.346538353826759 ], [ -16.782922592363061, 16.347855148911641 ], [ -16.782671632929205, 16.3491706185414 ], [ -16.782413630444228, 16.350484724968631 ], [ -16.782148592311721, 16.351797430485007 ], [ -16.781876526136799, 16.35310869742235 ], [ -16.781597439726461, 16.354418488153691 ], [ -16.781311341089147, 16.355726765094605 ], [ -16.781018238434378, 16.357033490703923 ], [ -16.780718140172937, 16.358338627485239 ], [ -16.78041105491598, 16.359642137987443 ], [ -16.780096991475393, 16.360943984806234 ], [ -16.779775958863254, 16.362244130585182 ], [ -16.779447966291663, 16.363542538016354 ], [ -16.77911302317229, 16.364839169841908 ], [ -16.77877113911638, 16.366133988854983 ], [ -16.778422323934397, 16.367426957900769 ], [ -16.77806658763549, 16.368718039877209 ], [ -16.777703940427582, 16.370007197736872 ], [ -16.777334392716838, 16.371294394487126 ], [ -16.776957955107488, 16.37257959319183 ], [ -16.776574638401378, 16.373862756972215 ], [ -16.776184453597889, 16.375143849007692 ], [ -16.775787411893219, 16.376422832537354 ], [ -16.775383524680745, 16.377699670860693 ], [ -16.774972803549861, 16.378974327338749 ], [ -16.774555260286341, 16.380246765395182 ], [ -16.774130906871445, 16.38151694851733 ], [ -16.773699755482188, 16.382784840257106 ], [ -16.77326181849045, 16.384050404232411 ], [ -16.772817108462803, 16.385313604127852 ], [ -16.772365638160238, 16.386574403695711 ], [ -16.771907420537726, 16.387832766757285 ], [ -16.77144246874386, 16.389088657203857 ], [ -16.770970796120501, 16.390342038997499 ], [ -16.770492416202245, 16.391592876172492 ], [ -16.770007342716244, 16.39284113283577 ], [ -16.759453353122424, 16.419786101773084 ], [ -16.759022163714956, 16.42087938003807 ], [ -16.758585839642528, 16.421970619229789 ], [ -16.758144390547294, 16.423059795233044 ], [ -16.757697826184828, 16.424146883978288 ], [ -16.757246156423768, 16.425231861441983 ], [ -16.756789391245466, 16.426314703647307 ], [ -16.756327540743978, 16.427395386664692 ], [ -16.755860615125719, 16.428473886612174 ], [ -16.73822118243308, 16.468956021887607 ], [ -16.732548714481545, 16.483618955012183 ], [ -16.718275917722494, 16.532482761136194 ], [ -16.718365645769975, 16.53380916979075 ], [ -16.718448310087499, 16.535136037399781 ], [ -16.718523908331431, 16.536463326346087 ], [ -16.718592438358595, 16.537790999000304 ], [ -16.718653898226101, 16.539119017722317 ], [ -16.718708286191433, 16.540447344862155 ], [ -16.7187556007128, 16.54177594276123 ], [ -16.718795840448788, 16.543104773753139 ], [ -16.71882900425862, 16.544433800164907 ], [ -16.718855091201981, 16.54576298431796 ], [ -16.718874100539285, 16.547092288529289 ], [ -16.718886031731763, 16.548421675112682 ], [ -16.71889088444102, 16.549751106379265 ], [ -16.718888658529565, 16.551080544639099 ], [ -16.71887935406037, 16.552409952201977 ], [ -16.718862971297401, 16.553739291378491 ], [ -16.718839510704999, 16.555068524481456 ], [ -16.717594630441859, 16.616459595166802 ], [ -16.717564295306033, 16.617782763046776 ], [ -16.717526955686726, 16.619105751788801 ], [ -16.717482612630388, 16.62042852431356 ], [ -16.717431267379936, 16.62175104354742 ], [ -16.717372921374309, 16.623073272424207 ], [ -16.717307576248821, 16.624395173885478 ], [ -16.717235233834984, 16.625716710882291 ], [ -16.717155896160243, 16.627037846375828 ], [ -16.717069565448153, 16.628358543338376 ], [ -16.716976244118467, 16.629678764754743 ], [ -16.716875934786692, 16.630998473622885 ], [ -16.716768640264092, 16.632317632955321 ], [ -16.716654363557861, 16.63363620577967 ], [ -16.716533107870859, 16.634954155140338 ], [ -16.716404876601612, 16.636271444098963 ], [ -16.716269673343955, 16.637588035735654 ], [ -16.716127501887303, 16.638903893150328 ], [ -16.715978366216202, 16.640218979463242 ], [ -16.715822270510685, 16.641533257816413 ], [ -16.715659219145476, 16.642846691374327 ], [ -16.715489216690607, 16.644159243325365 ], [ -16.715312267910534, 16.64547087688242 ], [ -16.715128377764845, 16.646781555284321 ], [ -16.714937551407285, 16.64809124179645 ], [ -16.714739794186197, 16.649399899712172 ], [ -16.71453511164426, 16.650707492353536 ], [ -16.71432350951795, 16.652013983072614 ], [ -16.71410499373799, 16.653319335252117 ], [ -16.713879570428638, 16.654623512307001 ], [ -16.71364724590795, 16.655926477684904 ], [ -16.713408026687251, 16.657228194867393 ], [ -16.713161919471222, 16.658528627371208 ], [ -16.712908931157457, 16.659827738749058 ], [ -16.712649068836463, 16.661125492590514 ], [ -16.712382339791567, 16.662421852523249 ], [ -16.712108751498302, 16.66371678221428 ], [ -16.711828311624579, 16.665010245370329 ], [ -16.711541028030332, 16.666302205739417 ], [ -16.711246908767254, 16.667592627111574 ], [ -16.710945962078618, 16.668881473320177 ], [ -16.710638196399099, 16.670168708242564 ], [ -16.710323620354597, 16.671454295801283 ], [ -16.710002242761615, 16.672738199964979 ], [ -16.709674072627525, 16.674020384749547 ], [ -16.709339119149949, 16.675300814219199 ], [ -16.708997391716665, 16.676579452487086 ], [ -16.708648899905256, 16.67785626371672 ], [ -16.708293653483022, 16.679131212122858 ], [ -16.707931662406441, 16.680404261972395 ], [ -16.707562936820999, 16.681675377585339 ], [ -16.707187487061184, 16.682944523336054 ], [ -16.706805323649601, 16.68421166365415 ], [ -16.706416457297237, 16.685476763025278 ], [ -16.706020898902842, 16.68673978599238 ], [ -16.705618659552837, 16.68800069715666 ], [ -16.70520975052078, 16.689259461178299 ], [ -16.704794183267282, 16.690516042777961 ], [ -16.704371969439382, 16.691770406737241 ], [ -16.681171867213465, 16.760097334681426 ], [ -16.680750375691247, 16.761328146395396 ], [ -16.680322484845291, 16.762556748040527 ], [ -16.679888206263396, 16.763783106345389 ], [ -16.679447551706019, 16.765007188099037 ], [ -16.679000533106549, 16.766228960152343 ], [ -16.678547162570592, 16.767448389418618 ], [ -16.67808745237588, 16.768665442874855 ], [ -16.677621414971568, 16.769880087562175 ], [ -16.677149062978582, 16.771092290586889 ], [ -16.676670409188379, 16.772302019121568 ], [ -16.643333400871665, 16.855919885433337 ], [ -16.643238981828947, 16.856156362740229 ], [ -16.635466778268739, 16.87559349334429 ], [ -16.634790155215242, 16.87726805598804 ], [ -16.571735276745105, 17.031713004330243 ], [ -16.571232635134372, 17.032934924176793 ], [ -16.570723542654555, 17.034154170479823 ], [ -16.570208013525747, 17.035370709183464 ], [ -16.569686062147362, 17.036584506307786 ], [ -16.569157703098583, 17.037795527949154 ], [ -16.568622951137293, 17.039003740281558 ], [ -16.568081821200256, 17.040209109557505 ], [ -16.567534328402047, 17.041411602108905 ], [ -16.566980488035146, 17.042611184347958 ], [ -16.56642031556931, 17.043807822768223 ], [ -16.565853826651136, 17.045001483945413 ], [ -16.565281037103787, 17.046192134538465 ], [ -16.564701962926112, 17.047379741290339 ], [ -16.564116620292904, 17.048564271029079 ], [ -16.563525025553663, 17.049745690668619 ], [ -16.562927195232682, 17.050923967209844 ], [ -16.562323146028515, 17.052099067741391 ], [ -16.561712894813354, 17.053270959440628 ], [ -16.561096458632587, 17.054439609574359 ], [ -16.560473854704263, 17.055604985500342 ], [ -16.559845100418915, 17.056767054667368 ], [ -16.559210213338851, 17.05792578461687 ], [ -16.55856921119744, 17.059081142983359 ], [ -16.557922111899117, 17.060233097495583 ], [ -16.557268933518579, 17.061381615977592 ], [ -16.556609694300075, 17.062526666349001 ], [ -16.555944412657499, 17.063668216626596 ], [ -16.555273107173321, 17.064806234924859 ], [ -16.554595796598317, 17.065940689456863 ], [ -16.553912499850867, 17.067071548535331 ], [ -16.514739507612965, 17.131517655298481 ], [ -16.514079427937425, 17.132597429457633 ], [ -16.513413890703212, 17.133673848336375 ], [ -16.512742912965219, 17.134746884350641 ], [ -16.512066511917869, 17.135816510002869 ], [ -16.511384704894585, 17.136882697882985 ], [ -16.510697509367169, 17.137945420669023 ], [ -16.510004942945713, 17.139004651127657 ], [ -16.509307023377797, 17.140060362115264 ], [ -16.508603768548138, 17.141112526578375 ], [ -16.507895196478408, 17.142161117554291 ], [ -16.50718132532635, 17.143206108171974 ], [ -16.506462173385508, 17.144247471652488 ], [ -16.505737759084695, 17.145285181310157 ], [ -16.505008100987819, 17.146319210552743 ], [ -16.504273217792989, 17.147349532882153 ], [ -16.503533128332162, 17.148376121895684 ], [ -16.50278785157079, 17.149398951286024 ], [ -16.485545129020842, 17.172937720639972 ], [ -16.482823259244341, 17.177214903601737 ], [ -16.430727490650057, 17.296312366502356 ], [ -16.415609521280974, 17.33252502327958 ], [ -16.370845114147716, 17.440945057322324 ], [ -16.335502982292684, 17.558638651305827 ], [ -16.331065299306537, 17.573765516585141 ], [ -16.312181300794517, 17.649550633311264 ], [ -16.308267484575936, 17.665603267046961 ], [ -16.289158380916504, 17.760847081071176 ], [ -16.287209954634854, 17.92900563010982 ], [ -16.287192762161542, 17.930230420915308 ], [ -16.287169568871409, 17.931455112782515 ], [ -16.287140375321165, 17.932679676310872 ], [ -16.28710518221185, 17.933904082102828 ], [ -16.28706399038812, 17.935128300764649 ], [ -16.287016800838963, 17.936352302907046 ], [ -16.286963614697161, 17.937576059146146 ], [ -16.286904433239648, 17.938799540103581 ], [ -16.286839257886978, 17.940022716408002 ], [ -16.283496076055183, 18.0 ], [ -5.830068925728306, 18.0 ], [ -5.829465866088714, 17.984708786010664 ], [ -5.80905151367185, 17.913129806518604 ], [ -5.771356582641687, 17.849431991577205 ], [ -5.716381072998136, 17.793619155883825 ], [ -5.644124984741108, 17.745687484741282 ], [ -5.564159393310444, 17.718358993530295 ], [ -5.487892150878828, 17.726793289184542 ], [ -5.415346145629787, 17.771020889282354 ], [ -5.346523284912088, 17.851045608520558 ], [ -5.281421661376875, 17.966863632202326 ], [ -5.266393271520659, 18.0 ], [ 9.107703724831502, 18.0 ], [ 9.046949386596701, 17.793272018432596 ] ] ] } },
{ "type": "Feature", "properties": { "zone_id": 3, "zone_name": "Soudanian", "zone_name_fr": "Zone Soudanienne", "source_zone": "Soudanian_dissolved", "color_hex": "#CC6600", "rainfall_mm_yr": "600-1200 mm/yr", "area_km2": 1467949.3 }, "geometry": { "type": "Polygon", "coordinates": [ [ [ 16.554151535034265, 9.125223159790011 ], [ 16.34319496154793, 9.11779212951658 ], [ 16.151845932006879, 9.144708633422852 ], [ 15.980100631714009, 9.205961227417106 ], [ 15.824220657348548, 9.281991958618299 ], [ 15.676137924194364, 9.330644607543917 ], [ 15.535577774047979, 9.350496292114421 ], [ 15.402540206909308, 9.341539382934741 ], [ 15.277029037475614, 9.303777694702234 ], [ 15.157518386840835, 9.242155075073313 ], [ 15.037164688110366, 9.178972244262809 ], [ 14.91513252258315, 9.116933822631815 ], [ 14.791418075561552, 9.056047439575224 ], [ 14.666021347045941, 8.996309280395678 ], [ 14.539060592651381, 8.939245223999073 ], [ 14.411809921264727, 8.901880264282205 ], [ 14.284620285034194, 8.888959884643668 ], [ 14.157495498657241, 8.900487899780288 ], [ 14.030431747436594, 8.936460494995238 ], [ 13.90253639221207, 8.996389389038065 ], [ 13.723131179809528, 9.052732467651417 ], [ 13.462930679321303, 9.089574813842852 ], [ 13.121938705444478, 9.10690879821783 ], [ 12.700151443481516, 9.104738235473711 ], [ 12.197572708129961, 9.083066940307674 ], [ 11.686532974243185, 9.042943954467944 ], [ 11.259439468383867, 8.985723495483569 ], [ 10.916624069213881, 8.911409378051729 ], [ 10.65808677673342, 8.820001602172958 ], [ 10.48382759094229, 8.711500167846722 ], [ 10.372022628784144, 8.594217300415011 ], [ 10.264265060424776, 8.490396499633704 ], [ 10.157365798950266, 8.401254653930692 ], [ 10.05132484436043, 8.326791763305799 ], [ 9.946142196655359, 8.267007827758846 ], [ 9.844530105590863, 8.224718093872177 ], [ 9.76208686828604, 8.216112136840906 ], [ 9.701303482055629, 8.243776321411048 ], [ 9.66217994689945, 8.307710647583136 ], [ 9.644712448120139, 8.40791511535646 ], [ 9.646665573120089, 8.542108535766715 ], [ 9.632242202758832, 8.673856735229471 ], [ 9.588998794555756, 8.790487289428775 ], [ 9.516931533813505, 8.89200782775881 ], [ 9.416048049926893, 8.978410720825217 ], [ 9.286611557006857, 9.049840927124045 ], [ 9.172235488891687, 9.128511428833022 ], [ 9.104486465454059, 9.230512619018619 ], [ 9.083375930786147, 9.355844497680835 ], [ 9.108892440796055, 9.504507064819315 ], [ 9.181043624877958, 9.676500320434592 ], [ 9.273851394653363, 9.863298416137781 ], [ 9.345567703247113, 10.051198959350607 ], [ 9.395639419555799, 10.240018844604506 ], [ 9.424062728881793, 10.429758071899478 ], [ 9.430845260620266, 10.620416641235522 ], [ 9.411207199096836, 10.803213119506808 ], [ 9.349237442016687, 10.948896408081168 ], [ 9.243669509887603, 11.055128097534286 ], [ 9.094499588012766, 11.121904373168981 ], [ 8.901731491089002, 11.149229049682788 ], [ 8.672491073608555, 11.142282485961921 ], [ 8.46017646789555, 11.139867782592752 ], [ 8.275712966918967, 11.149927139282248 ], [ 8.119108200073342, 11.172460556030408 ], [ 7.990358352661048, 11.207471847534237 ], [ 7.888669967651438, 11.254583358764705 ], [ 7.794462203979577, 11.304605484008803 ], [ 7.699270248413157, 11.353563308715955 ], [ 7.603090286254904, 11.401460647582986 ], [ 7.505929946899457, 11.448293685913249 ], [ 7.407785415649442, 11.494066238403391 ], [ 7.303876876831126, 11.543035507202262 ], [ 7.189825057983477, 11.59911537170413 ], [ 7.065622329712049, 11.66230583190935 ], [ 6.931276321411204, 11.73261070251457 ], [ 6.786779403686488, 11.81002616882332 ], [ 6.628320693969641, 11.881101608276381 ], [ 6.448259353637603, 11.918878555297965 ], [ 6.246381759643569, 11.92260169982913 ], [ 6.022687911987262, 11.892274856567411 ], [ 5.77717781066896, 11.827898025512809 ], [ 5.520692825317539, 11.734258651733434 ], [ 5.298486709594883, 11.631376266479457 ], [ 5.115552902221637, 11.521448135376147 ], [ 4.971891403198256, 11.404481887817511 ], [ 4.867498397827283, 11.280473709106367 ], [ 4.796232223510764, 11.153276443481566 ], [ 4.696386337280295, 11.061529159545927 ], [ 4.552007675170927, 11.015222549438455 ], [ 4.363100051880018, 11.014360427856509 ], [ 4.129655838012845, 11.058942794799911 ], [ 3.852529525756907, 11.147977828979563 ], [ 3.569131851196303, 11.237794876098597 ], [ 3.29955863952641, 11.304948806762674 ], [ 3.043806076049776, 11.349431991577255 ], [ 2.801877975463945, 11.371248245239343 ], [ 2.573774337768469, 11.370397567748938 ], [ 2.349008560180685, 11.349977493286303 ], [ 2.115224838256907, 11.313646316528406 ], [ 1.872396469116353, 11.2614040374756 ], [ 1.620523452758924, 11.193258285522425 ], [ 1.359605789184712, 11.109201431274521 ], [ 1.099367141723704, 11.019178390502951 ], [ 0.863996505737461, 10.947927474975508 ], [ 0.654642105102674, 10.896619796752852 ], [ 0.471303939819251, 10.865247726440444 ], [ 0.313978195190465, 10.853818893432646 ], [ 0.178670883178853, 10.857900619506758 ], [ 0.044260025024428, 10.854017257690465 ], [ -0.092351913451999, 10.83873558044435 ], [ -0.231163024902372, 10.812063217163129 ], [ -0.37217330932608, 10.773992538452262 ], [ -0.514688491821275, 10.726526260376026 ], [ -0.64894294738766, 10.697885513305685 ], [ -0.771781921386641, 10.697187423706225 ], [ -0.883203506469812, 10.724424362182752 ], [ -0.983207702636815, 10.779607772827163 ], [ -1.071870803832855, 10.862520217895558 ], [ -1.157165527343675, 10.951562881469748 ], [ -1.244441986084013, 11.032239913940536 ], [ -1.33370018005369, 11.104543685913207 ], [ -1.424938201904382, 11.168481826782298 ], [ -1.518157958984414, 11.224046707153448 ], [ -1.609876632690401, 11.256013870239315 ], [ -1.694906234741058, 11.241678237915067 ], [ -1.773193359374972, 11.18082618713381 ], [ -1.844741821288967, 11.073453903198363 ], [ -1.909549713134719, 10.919565200805728 ], [ -1.971405029296971, 10.73876380920418 ], [ -2.042034149169893, 10.591737747192489 ], [ -2.122270584106403, 10.482797622680742 ], [ -2.212110519409141, 10.411935806274577 ], [ -2.311557769775288, 10.37915611267082 ], [ -2.418991088867219, 10.382089614868242 ], [ -2.52334785461418, 10.404527664184585 ], [ -2.622539520263647, 10.443418502807702 ], [ -2.716566085815355, 10.49875450134288 ], [ -2.805425643920803, 10.570535659790117 ], [ -2.889455795288178, 10.657968521118136 ], [ -2.975784301757791, 10.744127273559492 ], [ -3.067272186279393, 10.822214126587085 ], [ -3.163919448852628, 10.892229080200202 ], [ -3.265729904174766, 10.954172134399379 ], [ -3.372690200805586, 11.008043289184613 ], [ -3.479368209838842, 11.052480697631964 ], [ -3.581159591674901, 11.086328506469847 ], [ -3.678064346313317, 11.10959815979016 ], [ -3.770082473754979, 11.122278213501005 ], [ -3.857212066650231, 11.124372482299918 ], [ -3.939392089843654, 11.120084762573271 ], [ -4.016498565673867, 11.117235183715948 ], [ -4.088529586791836, 11.1159992218018 ], [ -4.155487060546772, 11.116380691528363 ], [ -4.217369079589819, 11.118375778198278 ], [ -4.276155471801726, 11.125032424926864 ], [ -4.339496612548857, 11.148138046264691 ], [ -4.408159255981428, 11.188863754272596 ], [ -4.482139587402436, 11.247209548950224 ], [ -4.561439514160117, 11.32317543029793 ], [ -4.645456314087006, 11.414873123168981 ], [ -4.728736877441388, 11.505163192749038 ], [ -4.809976577758714, 11.589944839477553 ], [ -4.889171600341893, 11.669218063354528 ], [ -4.96632575988766, 11.742975234985423 ], [ -5.042476654052699, 11.811017990112418 ], [ -5.154762268066495, 11.86589622497565 ], [ -5.321718215942308, 11.903898239135849 ], [ -5.54334449768076, 11.925024032592837 ], [ -5.819639205932461, 11.929273605346793 ], [ -6.150606155395479, 11.916643142700359 ], [ -6.490072250366055, 11.901872634887781 ], [ -6.787834167480558, 11.900972366333143 ], [ -7.043867111205895, 11.913953781127987 ], [ -7.258172988891634, 11.940816879272489 ], [ -7.430751800537063, 11.981561660766651 ], [ -7.571512222290124, 12.028909683227454 ], [ -7.703397750854393, 12.066019058227553 ], [ -7.82733917236337, 12.092206954956033 ], [ -7.943330764770486, 12.107473373413249 ], [ -8.051376342773278, 12.111822128296026 ], [ -8.153749465942308, 12.111585617065515 ], [ -8.261558532714766, 12.137693405151431 ], [ -8.376291275024386, 12.194280624389656 ], [ -8.497945785522489, 12.281347274780188 ], [ -8.626522064209077, 12.398889541626026 ], [ -8.761613845825291, 12.543355941772496 ], [ -8.898141860961886, 12.670286178588988 ], [ -9.034582138061555, 12.766328811645636 ], [ -9.170932769775355, 12.83148765563962 ], [ -9.307195663452053, 12.865758895873938 ], [ -9.443643569946261, 12.869497299194357 ], [ -9.600778579711946, 12.869001388549719 ], [ -9.791362762451019, 12.88065147399913 ], [ -10.015396118164102, 12.904439926147518 ], [ -10.272880554199251, 12.940374374389776 ], [ -10.563812255859464, 12.98844718933119 ], [ -10.892631530761623, 13.036569595336836 ], [ -11.265468597412145, 13.068033218383704 ], [ -11.682363510131868, 13.082735061645614 ], [ -12.143312454223611, 13.080675125122035 ], [ -12.648317337036055, 13.061853408813498 ], [ -13.185075759887734, 13.033361434936566 ], [ -13.718194961547816, 13.015596389770614 ], [ -14.245456695556626, 13.009832382202127 ], [ -14.766862869262667, 13.016073226928818 ], [ -15.282415390014616, 13.03431892395033 ], [ -15.783138275146449, 13.060155868530401 ], [ -16.212844848632848, 13.065965652465941 ], [ -16.561761856079062, 13.046945571899585 ], [ -16.829893112182717, 13.003095626830977 ], [ -17.017236709594687, 12.934415817260827 ], [ -17.026190483437578, 12.92691847265888 ], [ -17.026165144031449, 12.926977324467906 ], [ -17.025632057099251, 12.928197507136588 ], [ -17.025092478810979, 12.92941483317869 ], [ -17.024546424473499, 12.930629268060681 ], [ -17.023993909577531, 12.931840777330919 ], [ -17.023434949797025, 12.933049326620807 ], [ -17.022869560988987, 12.934254881645593 ], [ -17.022297759192409, 12.935457408205611 ], [ -17.021719560628448, 12.936656872187083 ], [ -17.021134981699806, 12.937853239563093 ], [ -17.020544038990018, 12.939046476394481 ], [ -17.019946749263184, 12.940236548831077 ], [ -17.019343129463529, 12.941423423112422 ], [ -17.018733196714688, 12.942607065568559 ], [ -17.018116968319621, 12.943787442621549 ], [ -17.017494461759721, 12.944964520785909 ], [ -17.016865694694552, 12.946138266669774 ], [ -17.016230684961222, 12.947308646975866 ], [ -17.015589450574033, 12.948475628502123 ], [ -17.014942009723679, 12.949639178143293 ], [ -17.014288380777156, 12.950799262891202 ], [ -17.013628582276787, 12.951955849836175 ], [ -17.012962632940134, 12.953108906167479 ], [ -17.012290551659106, 12.954258399174748 ], [ -17.011612357499608, 12.955404296248688 ], [ -17.010928069700917, 12.956546564882057 ], [ -17.010237707675238, 12.957685172670377 ], [ -17.009541291007082, 12.958820087313175 ], [ -17.008838839452647, 12.959951276614603 ], [ -17.002466195425061, 12.970152711446062 ], [ -16.999488745167426, 13.006803546437887 ], [ -17.01533643725849, 13.04497376500742 ], [ -17.015832135262468, 13.046176513396659 ], [ -17.016321567993256, 13.047381824892071 ], [ -17.016804722198255, 13.04858966685736 ], [ -17.017281584795221, 13.049800006587578 ], [ -17.017752142871991, 13.051012811310184 ], [ -17.018216383687204, 13.052228048186024 ], [ -17.018674294670557, 13.053445684309953 ], [ -17.019125863423081, 13.054665686711811 ], [ -17.019571077717757, 13.05588802235749 ], [ -17.020009925499338, 13.05711265814973 ], [ -17.020442394885151, 13.058339560928747 ], [ -17.020868474165098, 13.059568697473736 ], [ -17.021288151802185, 13.060800034503053 ], [ -17.021701416432879, 13.062033538675724 ], [ -17.022108256866932, 13.063269176591977 ], [ -17.022508662088534, 13.064506914794308 ], [ -17.022902621255689, 13.065746719768281 ], [ -17.023290123701109, 13.066988557943596 ], [ -17.023671158932476, 13.068232395694793 ], [ -17.024045716632354, 13.069478199342413 ], [ -17.024413786658812, 13.070725935153618 ], [ -17.02477535904551, 13.071975569343255 ], [ -17.025130424002235, 13.073227068075013 ], [ -17.025478971914811, 13.074480397461688 ], [ -17.025820993345544, 13.07573552356687 ], [ -17.026156479033396, 13.076992412405211 ], [ -17.026485419894524, 13.078251029943935 ], [ -17.062039273969223, 13.215751122779487 ], [ -17.06236571881016, 13.217027473710299 ], [ -17.062685433098448, 13.218305527193699 ], [ -17.062998407955501, 13.219585247738078 ], [ -17.063304634690049, 13.220866599805106 ], [ -17.063604104798049, 13.222149547811515 ], [ -17.063896809963222, 13.223434056129449 ], [ -17.064182742056957, 13.224720089088063 ], [ -17.06446189313894, 13.226007610973703 ], [ -17.06473425545715, 13.22729658603177 ], [ -17.064999821447859, 13.228586978467163 ], [ -17.065258583736345, 13.229878752445348 ], [ -17.065510535136799, 13.231171872093508 ], [ -17.065755668652329, 13.232466301501525 ], [ -17.065993977475671, 13.233762004722685 ], [ -17.066225454988828, 13.235058945775194 ], [ -17.066450094763699, 13.236357088642617 ], [ -17.066667890561895, 13.237656397275302 ], [ -17.066878836335277, 13.238956835591178 ], [ -17.067082926225865, 13.240258367476734 ], [ -17.067280154565925, 13.241560956788348 ], [ -17.067470515878416, 13.242864567352644 ], [ -17.067654004876989, 13.244169162968181 ], [ -17.067830616466164, 13.245474707406071 ], [ -17.068000345741332, 13.24678116441105 ], [ -17.068163187989018, 13.24808849770254 ], [ -17.06831913868724, 13.249396670975624 ], [ -17.068468193505062, 13.250705647902031 ], [ -17.068610348303217, 13.25201539213128 ], [ -17.068745599134107, 13.25332586729149 ], [ -17.068873942241805, 13.254637036990438 ], [ -17.068995374062048, 13.255948864816627 ], [ -17.06910989122278, 13.257261314340443 ], [ -17.069217490543878, 13.258574349114863 ], [ -17.069318169037153, 13.259887932676609 ], [ -17.06941192390671, 13.261202028547217 ], [ -17.069498752549119, 13.262516600233923 ], [ -17.069578652553066, 13.263831611230906 ], [ -17.069651621699702, 13.26514702501991 ], [ -17.069717657962649, 13.266462805071669 ], [ -17.069776759508084, 13.267778914846787 ], [ -17.069828924694743, 13.269095317796456 ], [ -17.071493067755874, 13.314086356682722 ], [ -17.071538614304185, 13.315413087165087 ], [ -17.071577115232408, 13.316740040796418 ], [ -17.071608569454924, 13.318067180160867 ], [ -17.071632976084707, 13.319394467837878 ], [ -17.071650334433688, 13.320721866402188 ], [ -17.071660644012479, 13.32204933842587 ], [ -17.071663904530201, 13.323376846478599 ], [ -17.071660115895106, 13.324704353129071 ], [ -17.071649278213865, 13.326031820946252 ], [ -17.071631391792099, 13.327359212499992 ], [ -17.071606457134294, 13.328686490362276 ], [ -17.071574474943354, 13.330013617108463 ], [ -17.071535446121047, 13.331340555318086 ], [ -17.071489371768003, 13.332667267575829 ], [ -17.071436253183272, 13.333993716473039 ], [ -17.071376091864678, 13.335319864608344 ], [ -17.071308889508465, 13.336645674588812 ], [ -17.071234648009561, 13.337971109031102 ], [ -17.071153369461403, 13.339296130562442 ], [ -17.071065056155668, 13.340620701821784 ], [ -17.070969710582453, 13.341944785460605 ], [ -17.070867335430364, 13.343268344144324 ], [ -17.070757933585892, 13.344591340553016 ], [ -17.070641508133768, 13.345913737382656 ], [ -17.070518062356879, 13.347235497346091 ], [ -17.065972053337877, 13.394553352560415 ], [ -17.065840584948635, 13.395884816192829 ], [ -17.065701991771167, 13.397215557066502 ], [ -17.065556277776075, 13.398545537056375 ], [ -17.065403447138063, 13.399874718058971 ], [ -17.065243504235674, 13.401203061993996 ], [ -17.065076453651109, 13.402530530804871 ], [ -17.064902300170406, 13.403857086460327 ], [ -17.064721048782907, 13.405182690954945 ], [ -17.064532704681437, 13.406507306310836 ], [ -17.064337273261856, 13.407830894578446 ], [ -17.064134760123331, 13.409153417837352 ], [ -17.063925171067797, 13.410474838197953 ], [ -17.063708512099698, 13.411795117802175 ], [ -17.063484789426422, 13.413114218824543 ], [ -17.063254009457332, 13.414432103473331 ], [ -17.063016178804382, 13.415748733991808 ], [ -17.062771304281146, 13.417064072659127 ], [ -17.062519392903255, 13.418378081791296 ], [ -17.062260451887781, 13.419690723742519 ], [ -17.061994488653411, 13.421001960906345 ], [ -17.061721510819741, 13.422311755716201 ], [ -17.061441526207535, 13.423620070647171 ], [ -17.061154542838288, 13.424926868216616 ], [ -17.06086056893378, 13.426232110985328 ], [ -17.060559612916339, 13.427535761558598 ], [ -17.060251683408225, 13.428837782587546 ], [ -17.059936789231447, 13.430138136769745 ], [ -17.059614939407677, 13.431436786850639 ], [ -17.059286143157628, 13.432733695624435 ], [ -17.058950409901232, 13.434028825935432 ], [ -17.058607749257195, 13.435322140678466 ], [ -17.058258171042375, 13.436613602800865 ], [ -17.057901685272316, 13.437903175302626 ], [ -17.057538302159916, 13.439190821238192 ], [ -17.057168032116135, 13.440476503717072 ], [ -17.056790885748843, 13.441760185904908 ], [ -17.056406873863352, 13.443041831024807 ], [ -17.056016007461352, 13.44432140235832 ], [ -17.055618297740907, 13.445598863246147 ], [ -17.055213756096279, 13.446874177089654 ], [ -17.054802394117399, 13.448147307351668 ], [ -17.054384223589683, 13.449418217557632 ], [ -17.053959256493414, 13.450686871296316 ], [ -17.053527505003743, 13.451953232221594 ], [ -17.053088981490241, 13.453217264052533 ], [ -17.05264369851637, 13.454478930575434 ], [ -17.052191668839303, 13.455738195643921 ], [ -17.05173290540948, 13.456995023180632 ], [ -17.051267421370166, 13.458249377178102 ], [ -17.050795230057449, 13.459501221699568 ], [ -17.050316344999352, 13.460750520880207 ], [ -17.049830779915656, 13.461997238928205 ], [ -17.049338548717632, 13.463241340125645 ], [ -17.048839665507423, 13.464482788829482 ], [ -17.04833414457795, 13.465721549472878 ], [ -17.04782200041203, 13.466957586565822 ], [ -17.047303247682546, 13.468190864696375 ], [ -17.0467779012513, 13.469421348531643 ], [ -17.046245976169363, 13.470649002818849 ], [ -17.045707487676189, 13.471873792386305 ], [ -17.045162451199261, 13.473095682144212 ], [ -17.044610882353464, 13.474314637085996 ], [ -17.044052796941092, 13.475530622289103 ], [ -17.043488210951132, 13.476743602916155 ], [ -17.042917140558647, 13.477953544215751 ], [ -17.042339602124592, 13.479160411523708 ], [ -17.041755612195111, 13.480364170263595 ], [ -17.041165187501264, 13.481564785948422 ], [ -17.040568344958587, 13.48276222418108 ], [ -17.039965101666201, 13.483956450655413 ], [ -17.039355474906905, 13.485147431157365 ], [ -17.038739482146106, 13.486335131565877 ], [ -17.038117141031819, 13.487519517853855 ], [ -17.037488469393871, 13.488700556089153 ], [ -17.036853485243277, 13.489878212435549 ], [ -17.036212206772152, 13.491052453153721 ], [ -17.035564652352821, 13.492223244602222 ], [ -17.034910840537556, 13.493390553238285 ], [ -17.034250790057595, 13.494554345619061 ], [ -17.033584519823144, 13.495714588402421 ], [ -17.032912048922668, 13.496871248348022 ], [ -17.032233396622001, 13.498024292317925 ], [ -17.031548582364344, 13.499173687278024 ], [ -17.030857625769293, 13.500319400298569 ], [ -17.030160546632391, 13.501461398555417 ], [ -17.029457364924774, 13.502599649330829 ], [ -17.028748100792193, 13.503734120014357 ], [ -17.028032774554749, 13.504864778104089 ], [ -17.027311406706271, 13.505991591207003 ], [ -17.026584017913606, 13.507114527040478 ], [ -17.025850629016173, 13.508233553432827 ], [ -17.025111261025163, 13.509348638324539 ], [ -17.024365935123278, 13.510459749768813 ], [ -17.02361467266357, 13.511566855932802 ], [ -17.022857495169532, 13.5126699250985 ], [ -17.022094424333947, 13.513768925663364 ], [ -17.021325482018437, 13.514863826141557 ], [ -17.020550690252847, 13.515954595164573 ], [ -17.01977007123471, 13.517041201482563 ], [ -17.01898364732827, 13.518123613964519 ], [ -17.018191441064303, 13.51920180159987 ], [ -17.017393475139233, 13.520275733499012 ], [ -17.016589772414328, 13.521345378894381 ], [ -17.015780355915346, 13.522410707140889 ], [ -17.014965248831739, 13.523471687717528 ], [ -17.014144474516026, 13.524528290227636 ], [ -17.013318056482909, 13.52558048439996 ], [ -17.012486018408914, 13.526628240089636 ], [ -17.011648384131686, 13.527671527278898 ], [ -17.010805177649004, 13.528710316077966 ], [ -17.009956423118346, 13.529744576726202 ], [ -17.009102144856083, 13.530774279592286 ], [ -17.008242367337125, 13.531799395175817 ], [ -17.007377115193503, 13.532819894107575 ], [ -17.006506413214453, 13.533835747150771 ], [ -17.005630286345177, 13.534846925201663 ], [ -17.004748759686308, 13.535853399290446 ], [ -17.003861858493199, 13.536855140582052 ], [ -17.002969608175125, 13.537852120377039 ], [ -17.002072034294748, 13.538844310112388 ], [ -17.001169162567145, 13.539831681362394 ], [ -17.000261018859177, 13.540814205839105 ], [ -16.999347629188701, 13.54179185539375 ], [ -16.998429019724117, 13.542764602017002 ], [ -16.997505216782951, 13.543732417840307 ], [ -16.996576246831943, 13.544695275135979 ], [ -16.995642136485536, 13.545653146318529 ], [ -16.994702912505701, 13.546606003945641 ], [ -16.993758601800693, 13.547553820718086 ], [ -16.99280923142469, 13.548496569481408 ], [ -16.991854828576649, 13.549434223226367 ], [ -16.990895420599852, 13.550366755089474 ], [ -16.989931034980845, 13.551294138354145 ], [ -16.988961699348994, 13.552216346451321 ], [ -16.987987441475152, 13.553133352960003 ], [ -16.987008289271568, 13.554045131608497 ], [ -16.986024270790292, 13.554951656274675 ], [ -16.985035414223262, 13.555852900987045 ], [ -16.984041747900704, 13.556748839925284 ], [ -16.983043300290603, 13.557639447421124 ], [ -16.982040099998255, 13.558524697959154 ], [ -16.981032175764668, 13.559404566177172 ], [ -16.980019556466655, 13.560279026867519 ], [ -16.979002271115142, 13.561148054977171 ], [ -16.977980348855084, 13.562011625608886 ], [ -16.976953818963949, 13.562869714021744 ], [ -16.975922710851368, 13.563722295631944 ], [ -16.974887054058243, 13.564569346013247 ], [ -16.973846878255596, 13.56541084089822 ], [ -16.972802213244034, 13.566246756178238 ], [ -16.97175308895277, 13.567077067904723 ], [ -16.970699535438829, 13.567901752289771 ], [ -16.969641582885888, 13.568720785706326 ], [ -16.968579261603924, 13.569534144689513 ], [ -16.967512602027881, 13.570341805936994 ], [ -16.966441634717313, 13.57114374630968 ], [ -16.965366390354699, 13.57193994283217 ], [ -16.964286899745442, 13.572730372693911 ], [ -16.963203193816536, 13.573515013249374 ], [ -16.96211530361559, 13.574293842018939 ], [ -16.961023260310117, 13.575066836689611 ], [ -16.959927095186824, 13.575833975115284 ], [ -16.958826839650367, 13.576595235317892 ], [ -16.957722525222465, 13.577350595487594 ], [ -16.956614183541276, 13.578100033983745 ], [ -16.955501846360246, 13.578843529335074 ], [ -16.954385545547481, 13.579581060241022 ], [ -16.953265313084511, 13.580312605571468 ], [ -16.952141181065397, 13.581038144367977 ], [ -16.95101318169602, 13.581757655844243 ], [ -16.949881347293196, 13.582471119386621 ], [ -16.948745710283344, 13.583178514554575 ], [ -16.947606303202036, 13.58387982108156 ], [ -16.94646315869285, 13.584575018875469 ], [ -16.945316309506211, 13.585264088019258 ], [ -16.944165788498946, 13.585947008771385 ], [ -16.943011628633045, 13.586623761566344 ], [ -16.941853862974501, 13.587294327015556 ], [ -16.94069252469296, 13.587958685907722 ], [ -16.939527647060206, 13.588616819209001 ], [ -16.938932340024717, 13.589516230029133 ], [ -16.936460957958168, 13.593112113249298 ], [ -16.933927195479672, 13.596664317234477 ], [ -16.931331824397713, 13.600171759949411 ], [ -16.92867563528754, 13.60363337299291 ], [ -16.925959437250029, 13.607048101923816 ], [ -16.923184057665654, 13.61041490658306 ], [ -16.920350341941628, 13.613732761409139 ], [ -16.917459153255301, 13.617000655751113 ], [ -16.914511372290733, 13.620217594177156 ], [ -16.911507896970548, 13.623382596776182 ], [ -16.909585158043363, 13.625351842361979 ], [ -16.905748729216032, 13.629238038453842 ], [ -16.930023761202442, 13.659286392442496 ], [ -16.930860023511975, 13.660327216154602 ], [ -16.931690715256078, 13.661372491178827 ], [ -16.932515812741435, 13.66242218770142 ], [ -16.933335292434339, 13.663476275782685 ], [ -16.934149130961131, 13.664534725357427 ], [ -16.934957305109357, 13.665597506236107 ], [ -16.935759791827945, 13.666664588105728 ], [ -16.936556568228003, 13.667735940530637 ], [ -16.937347611583622, 13.668811532953232 ], [ -16.938132899332317, 13.669891334695119 ], [ -16.938912409075826, 13.670975314957648 ], [ -16.939686118580735, 13.672063442823326 ], [ -16.940454005778918, 13.673155687256092 ], [ -16.941216048768517, 13.674252017102376 ], [ -16.941972225814208, 13.675352401092525 ], [ -16.94272251534791, 13.676456807840712 ], [ -16.943466895969763, 13.677565205846712 ], [ -16.944205346448218, 13.678677563496525 ], [ -16.944937845720744, 13.679793849062818 ], [ -16.945664372894989, 13.680914030706706 ], [ -16.946384907248415, 13.682038076477745 ], [ -16.947099428229819, 13.683165954315626 ], [ -16.947807915459325, 13.684297632050438 ], [ -16.948510348729187, 13.685433077404266 ], [ -16.949206708004319, 13.686572257991283 ], [ -16.949896973423009, 13.687715141319437 ], [ -16.950581125297095, 13.68886169479098 ], [ -16.951259144112942, 13.690011885703537 ], [ -16.951931010531975, 13.691165681250819 ], [ -16.952596705390945, 13.692323048523949 ], [ -16.953256209702463, 13.693483954511912 ], [ -16.953909504656153, 13.69464836610306 ], [ -16.954556571618298, 13.695816250085471 ], [ -16.955197392133083, 13.696987573148458 ], [ -16.955831947922864, 13.698162301882924 ], [ -16.956460220888427, 13.699340402783047 ], [ -16.957082193110065, 13.700521842246374 ], [ -16.957697846847566, 13.701706586575504 ], [ -16.958307164541022, 13.702894601978713 ], [ -16.958910128811358, 13.704085854571105 ], [ -16.959506722460507, 13.705280310375059 ], [ -16.960096928472215, 13.706477935322095 ], [ -16.960680730012481, 13.707678695253048 ], [ -16.961258110429736, 13.708882555919224 ], [ -16.961829053255819, 13.710089482983914 ], [ -16.962393542206069, 13.711299442022476 ], [ -16.962951561179853, 13.712512398524115 ], [ -16.963503094261281, 13.713728317892329 ], [ -16.964048125719202, 13.714947165446326 ], [ -16.964586640008097, 13.716168906421558 ], [ -16.965118621768251, 13.717393505971145 ], [ -16.965644055826203, 13.718620929166672 ], [ -16.966162927195363, 13.719851140998898 ], [ -16.966675221076279, 13.721084106379447 ], [ -16.967180922857175, 13.722319790141071 ], [ -16.96768001811412, 13.723558157039164 ], [ -16.968172492611835, 13.724799171752736 ], [ -16.968658332303779, 13.726042798884855 ], [ -16.969137523332591, 13.727289002964341 ], [ -16.969610052030539, 13.728537748446648 ], [ -16.970075904920137, 13.72978899971449 ], [ -16.970535068714057, 13.731042721079259 ], [ -16.970987530315842, 13.732298876781737 ], [ -16.97143327682026, 13.733557430993429 ], [ -16.97187229551357, 13.73481834781736 ], [ -16.972304573873878, 13.736081591289231 ], [ -16.972730099571578, 13.73734712537831 ], [ -16.973148860469625, 13.738614913988492 ], [ -16.97356084462406, 13.739884920959547 ], [ -16.973966040284019, 13.741157110067739 ], [ -16.974364435892522, 13.742431445027339 ], [ -16.974756020086126, 13.743707889491155 ], [ -16.975140781696165, 13.744986407052043 ], [ -16.97551870974813, 13.746266961243617 ], [ -16.975889793462731, 13.747549515541404 ], [ -16.976254022255723, 13.748834033363913 ], [ -16.97661138573844, 13.750120478073605 ], [ -16.976961873718057, 13.751408812978141 ], [ -16.977305476197859, 13.752699001331006 ], [ -16.977642183377419, 13.753991006333013 ], [ -16.977971985652953, 13.755284791133107 ], [ -16.978294873617941, 13.756580318829517 ], [ -16.978610838062682, 13.757877552470557 ], [ -16.978919869975186, 13.759176455056224 ], [ -16.979221960541171, 13.760476989538642 ], [ -16.97951710114415, 13.761779118823483 ], [ -16.979805283366058, 13.763082805770946 ], [ -16.980086498987426, 13.764388013196729 ], [ -16.980360739987113, 13.76569470387328 ], [ -16.98062799854311, 13.767002840530587 ], [ -16.980888267032714, 13.76831238585752 ], [ -16.981141538032443, 13.769623302502712 ], [ -16.981387804318206, 13.770935553075716 ], [ -16.981627058866113, 13.772249100148073 ], [ -16.981859294851933, 13.773563906254285 ], [ -16.982084505651809, 13.774879933892883 ], [ -16.982302684842168, 13.77619714552776 ], [ -16.982513826200076, 13.777515503588702 ], [ -16.986404873303087, 13.802233568484048 ], [ -16.98660307724106, 13.803514269294428 ], [ -16.986794639655436, 13.804795980341503 ], [ -16.98697955539842, 13.806078667183577 ], [ -16.987157819501189, 13.807362295352579 ], [ -16.987329427173439, 13.808646830355478 ], [ -16.98749437380366, 13.809932237674552 ], [ -16.987652654959664, 13.811218482768808 ], [ -16.987804266388054, 13.812505531074606 ], [ -16.987949204014754, 13.8137933480069 ], [ -16.988087463945103, 13.81508189895986 ], [ -16.98821904246385, 13.816371149308029 ], [ -16.988343936035157, 13.81766106440703 ], [ -16.988462141303042, 13.818951609594635 ], [ -16.988573655091113, 13.820242750191916 ], [ -16.988678474402743, 13.821534451503606 ], [ -16.988776596421253, 13.822826678819602 ], [ -16.988868018509997, 13.824119397415593 ], [ -16.988952738212362, 13.825412572554121 ], [ -16.989030753251679, 13.826706169485295 ], [ -16.989102061531582, 13.828000153448031 ], [ -16.990565849726948, 13.855877509897432 ], [ -16.992214867906021, 13.887282509415513 ], [ -16.992882450248672, 13.88844299458605 ], [ -16.993543804982849, 13.889607040087995 ], [ -16.99419891312143, 13.890774612502035 ], [ -16.994847755856259, 13.891945678307341 ], [ -16.995490314559394, 13.893120203883161 ], [ -16.996126570783012, 13.894298155509091 ], [ -16.996756506260482, 13.895479499366406 ], [ -16.997380102906536, 13.896664201539213 ], [ -16.997997342817808, 13.897852228014898 ], [ -16.998608208273627, 13.899043544685721 ], [ -16.999212681736111, 13.900238117349176 ], [ -16.999810745851143, 13.901435911709406 ], [ -17.000402383448279, 13.902636893378187 ], [ -17.000987577541906, 13.903841027875632 ], [ -17.001566311331242, 13.905048280631352 ], [ -17.002138568200955, 13.906258616985514 ], [ -17.002704331721699, 13.90747200218965 ], [ -17.003263585650732, 13.90868840140789 ], [ -17.003816313931832, 13.909907779717592 ], [ -17.004362500696448, 13.911130102110938 ], [ -17.004902130263702, 13.912355333495377 ], [ -17.005435187140918, 13.913583438694779 ], [ -17.005961656024251, 13.914814382450594 ], [ -17.006481521798857, 13.916048129422823 ], [ -17.00699476953961, 13.917284644190911 ], [ -17.007501384511272, 13.9185238912549 ], [ -17.008001352169035, 13.919765835036404 ], [ -17.008494658159048, 13.921010439879414 ], [ -17.008981288318594, 13.922257670051799 ], [ -17.009461228676717, 13.923507489745937 ], [ -17.009934465454393, 13.924759863079775 ], [ -17.010400985065157, 13.926014754098162 ], [ -17.01086077411528, 13.927272126773385 ], [ -17.011313819404563, 13.928531945006675 ], [ -17.011760107925991, 13.929794172629098 ], [ -17.012199626866789, 13.931058773402352 ], [ -17.012632363608606, 13.932325711020191 ], [ -17.013058305727515, 13.933594949109132 ], [ -17.013477440995075, 13.934866451229702 ], [ -17.0138897573778, 13.936140180877501 ], [ -17.014295243038315, 13.937416101484004 ], [ -17.014693886335177, 13.938694176418068 ], [ -17.015085675823585, 13.939974368986377 ], [ -17.015470600255203, 13.941256642434954 ], [ -17.015848648579137, 13.942540959950225 ], [ -17.016219809941582, 13.94382728465964 ], [ -17.023677247744597, 13.96993138351317 ], [ -17.025064517225665, 13.971158735871761 ], [ -17.028281455651531, 13.974106516836329 ], [ -17.031446458250645, 13.977109992156336 ], [ -17.034558560932602, 13.980168246944416 ], [ -17.037616815720682, 13.983280349626284 ], [ -17.040620291040778, 13.986445352225488 ], [ -17.043568072005346, 13.989662290651353 ], [ -17.04545355421029, 13.991780365809994 ], [ -17.064335635184626, 14.013235523427994 ], [ -17.065212859734782, 14.014237657870801 ], [ -17.06608473312702, 14.015244451365508 ], [ -17.066951230616869, 14.016255875338437 ], [ -17.067812327612444, 14.01727190108473 ], [ -17.06866799967516, 14.018292499768872 ], [ -17.069518222520532, 14.019317642425413 ], [ -17.07036297201844, 14.020347299960026 ], [ -17.071202224194373, 14.021381443150396 ], [ -17.072035955229783, 14.022420042646669 ], [ -17.07286414146262, 14.0234630689726 ], [ -17.073686759388398, 14.024510492526446 ], [ -17.074503785660724, 14.025562283581497 ], [ -17.07531519709157, 14.026618412287053 ], [ -17.076120970652688, 14.027678848669492 ], [ -17.076921083475529, 14.028743562632798 ], [ -17.077715512852212, 14.02981252395972 ], [ -17.078504236236416, 14.030885702312126 ], [ -17.07928723124347, 14.031963067232603 ], [ -17.080064475651504, 14.033044588144719 ], [ -17.080835947401631, 14.034130234354006 ], [ -17.081601624598921, 14.035219975049021 ], [ -17.082361485512934, 14.036313779302237 ], [ -17.083115508578253, 14.037411616070575 ], [ -17.083863672395108, 14.038513454196647 ], [ -17.084605955730083, 14.039619262409467 ], [ -17.085342337516654, 14.040729009325428 ], [ -17.086072796855714, 14.041842663449014 ], [ -17.086797313016291, 14.042960193173862 ], [ -17.087515865436078, 14.044081566783831 ], [ -17.088228433721966, 14.045206752453268 ], [ -17.088934997650931, 14.046335718248784 ], [ -17.089635537169947, 14.047468432129342 ], [ -17.090330032397318, 14.048604861947769 ], [ -17.091018463622678, 14.049744975451286 ], [ -17.091700811307877, 14.050888740282577 ], [ -17.09237705608734, 14.05203612398094 ], [ -17.093047178768774, 14.053187093982558 ], [ -17.093711160333704, 14.054341617622271 ], [ -17.094368981937649, 14.055499662133577 ], [ -17.095020624911275, 14.056661194650591 ], [ -17.095666070760398, 14.057826182207947 ], [ -17.096305301166783, 14.058994591742493 ], [ -17.096938297988675, 14.060166390093912 ], [ -17.097565043261067, 14.061341544005781 ], [ -17.098185519196587, 14.062520020126204 ], [ -17.098799708185499, 14.063701785009222 ], [ -17.099407592796769, 14.064886805115531 ], [ -17.100009155778242, 14.066075046813367 ], [ -17.100604380056907, 14.067266476379395 ], [ -17.101193248740056, 14.068461060000217 ], [ -17.101775745115102, 14.069658763772377 ], [ -17.102351852650379, 14.070859553704398 ], [ -17.102921554995412, 14.072063395716874 ], [ -17.103484835981799, 14.073270255643891 ], [ -17.104041679623041, 14.074480099233824 ], [ -17.104592070115689, 14.075692892150407 ], [ -17.105135991839084, 14.076908599973795 ], [ -17.105673429356418, 14.078127188201186 ], [ -17.106204367414737, 14.079348622248158 ], [ -17.106728790945738, 14.080572867449551 ], [ -17.107246685065771, 14.081799889060356 ], [ -17.107758035076728, 14.083029652256787 ], [ -17.108262826466039, 14.08426212213725 ], [ -17.108761044907386, 14.085497263723326 ], [ -17.10925267626088, 14.086735041960832 ], [ -17.10973770657386, 14.087975421720625 ], [ -17.110216122080537, 14.089218367799841 ], [ -17.110687909203328, 14.090463844922787 ], [ -17.111153054552499, 14.091711817741828 ], [ -17.111611544926877, 14.092962250838628 ], [ -17.112063367314203, 14.094215108724953 ], [ -17.112508508891313, 14.095470355843734 ], [ -17.112946957024846, 14.096727956570223 ], [ -17.113378699271333, 14.097987875212617 ], [ -17.113803723377554, 14.09925007601365 ], [ -17.114222017281069, 14.100514523151045 ], [ -17.114633569110396, 14.10178118073884 ], [ -17.115038367185278, 14.103050012828458 ], [ -17.115436400017305, 14.104320983409327 ], [ -17.115827656310003, 14.105594056410567 ], [ -17.116212124959276, 14.106869195701258 ], [ -17.116589795053674, 14.108146365092036 ], [ -17.116960655874394, 14.109425528335986 ], [ -17.117324696896432, 14.110706649129348 ], [ -17.137008017712621, 14.180683917309381 ], [ -17.153833801345399, 14.22066432522702 ], [ -17.169490072030626, 14.228077797486208 ], [ -17.170696502560414, 14.228653012901152 ], [ -17.171899840659712, 14.22923466985824 ], [ -17.173100051935144, 14.229822751732815 ], [ -17.174297102082772, 14.230417241716633 ], [ -17.175490956889163, 14.231018122818131 ], [ -17.176681582231925, 14.231625377863402 ], [ -17.177868944081212, 14.232238989495929 ], [ -17.179053008500436, 14.232858940177831 ], [ -17.180233741647157, 14.233485212189947 ], [ -17.181411109774061, 14.234117787632464 ], [ -17.182585079230286, 14.234756648425442 ], [ -17.183755616461873, 14.235401776309089 ], [ -17.184922688013096, 14.236053152844732 ], [ -17.186086260527169, 14.236710759415086 ], [ -17.187246300747407, 14.237374577224607 ], [ -17.18840277551811, 14.238044587300383 ], [ -17.189555651785273, 14.238720770492488 ], [ -17.190704896598099, 14.239403107474605 ], [ -17.191850477109174, 14.240091578744465 ], [ -17.192992360576156, 14.240786164624389 ], [ -17.194130514362218, 14.241486845262166 ], [ -17.195264905937204, 14.24219360063115 ], [ -17.19639550287825, 14.242906410531145 ], [ -17.197522272871293, 14.243625254589112 ], [ -17.198645183711516, 14.244350112259177 ], [ -17.199764203304237, 14.245080962823867 ], [ -17.200879299666241, 14.245817785394291 ], [ -17.201990440926309, 14.246560558911028 ], [ -17.203097595326202, 14.247309262144306 ], [ -17.204200731221899, 14.248063873695063 ], [ -17.205299817083866, 14.248824371995308 ], [ -17.206394821498652, 14.249590735308917 ], [ -17.207485713169337, 14.2503629417319 ], [ -17.208572460916418, 14.251140969193557 ], [ -17.209655033679052, 14.251924795456475 ], [ -17.21073340051559, 14.252714398117774 ], [ -17.211807530604641, 14.253509754609286 ], [ -17.212877393245876, 14.254310842198617 ], [ -17.213942957860908, 14.255117637989414 ], [ -17.215004193994279, 14.25593011892208 ], [ -17.21606107131425, 14.256748261774746 ], [ -17.217113559613608, 14.257572043163627 ], [ -17.218161628810549, 14.258401439543736 ], [ -17.219205248949656, 14.25923642720959 ], [ -17.220244390202613, 14.260076982295924 ], [ -17.221279022869087, 14.26092308077849 ], [ -17.22230911737789, 14.261774698474319 ], [ -17.223334644287061, 14.262631811042972 ], [ -17.224355574285557, 14.2634943939868 ], [ -17.225371878193609, 14.264362422651836 ], [ -17.226383526963609, 14.265235872228502 ], [ -17.227390491681174, 14.266114717752146 ], [ -17.228392743565593, 14.266998934104105 ], [ -17.22939025397098, 14.267888496012063 ], [ -17.230382994386897, 14.268783378050845 ], [ -17.23137093643933, 14.269683554643489 ], [ -17.232354051891221, 14.270589000061509 ], [ -17.233332312643803, 14.271499688425784 ], [ -17.234305690736687, 14.272415593707535 ], [ -17.23527415834937, 14.273336689728591 ], [ -17.236237687801328, 14.274262950162811 ], [ -17.237196251553613, 14.275194348536083 ], [ -17.23814982220885, 14.276130858227567 ], [ -17.239098372512487, 14.277072452470499 ], [ -17.240041875353587, 14.278019104352538 ], [ -17.240980303765188, 14.278970786816927 ], [ -17.241913630925723, 14.279927472663115 ], [ -17.242841830159197, 14.280889134547461 ], [ -17.243764874936254, 14.28185574498422 ], [ -17.244682738874708, 14.282827276346158 ], [ -17.2455953957407, 14.283803700865441 ], [ -17.246502819449052, 14.284784990634261 ], [ -17.247404984064154, 14.285771117605897 ], [ -17.248301863800677, 14.286762053595162 ], [ -17.249193433024548, 14.287757770279732 ], [ -17.250079666253306, 14.288758239200419 ], [ -17.250960538156903, 14.289763431762228 ], [ -17.251836023558678, 14.290773319235164 ], [ -17.252706097435979, 14.291787872755116 ], [ -17.2535707349207, 14.292807063324567 ], [ -17.254429911300075, 14.293830861813486 ], [ -17.255283602017659, 14.294859238960036 ], [ -17.282229744421365, 14.327496358359618 ], [ -17.283075653259985, 14.328526503032471 ], [ -17.283916057562667, 14.329561143268712 ], [ -17.284750933438122, 14.330600249655426 ], [ -17.285580257152535, 14.331643792652685 ], [ -17.286404005129565, 14.33269174259453 ], [ -17.287222153951767, 14.333744069689683 ], [ -17.2880346803605, 14.334800744022427 ], [ -17.288841561257264, 14.335861735553415 ], [ -17.289642773703875, 14.33692701412064 ], [ -17.290438294923263, 14.337996549440149 ], [ -17.291228102300362, 14.339070311107108 ], [ -17.292012173382378, 14.340148268596423 ], [ -17.292790485879586, 14.341230391263718 ], [ -17.293563017665949, 14.342316648346223 ], [ -17.294329746779837, 14.343407008963752 ], [ -17.295090651424641, 14.344501442119231 ], [ -17.295845709969129, 14.345599916700039 ], [ -17.296594900948516, 14.34670240147862 ], [ -17.297338203064463, 14.347808865113201 ], [ -17.298075595186493, 14.348919276149122 ], [ -17.29880705635173, 14.350033603019543 ], [ -17.299532565766231, 14.351151814046073 ], [ -17.300252102804983, 14.352273877440094 ], [ -17.300965647012969, 14.35339976130339 ], [ -17.30167317810535, 14.354529433629207 ], [ -17.302374675968348, 14.355662862302967 ], [ -17.303070120659694, 14.356800015103424 ], [ -17.303759492409156, 14.357940859703458 ], [ -17.304442771619168, 14.359085363670879 ], [ -17.305119938865445, 14.360233494469579 ], [ -17.305790974897253, 14.361385219460335 ], [ -17.306455860638295, 14.36254050590178 ], [ -17.307114577187157, 14.36369932095112 ], [ -17.307767105817664, 14.364861631665462 ], [ -17.308413427979676, 14.366027405002438 ], [ -17.309053525299536, 14.367196607821267 ], [ -17.309687379580243, 14.368369206883649 ], [ -17.341914288637241, 14.428369216913886 ], [ -17.342420463476618, 14.429316917482041 ], [ -17.34363862807621, 14.428764691689391 ], [ -17.344859729550723, 14.428218990757749 ], [ -17.346083732951225, 14.427679830305465 ], [ -17.347310603245916, 14.427147225763662 ], [ -17.34854030532075, 14.42662119237588 ], [ -17.34977280398077, 14.42610174519772 ], [ -17.351008063950903, 14.425588899096045 ], [ -17.35224604987712, 14.425082668748892 ], [ -17.35348672632723, 14.424583068644939 ], [ -17.354730057792302, 14.424090113083235 ], [ -17.355976008687204, 14.423603816172406 ], [ -17.357224543351837, 14.423124191830741 ], [ -17.358475626052119, 14.422651253785393 ], [ -17.359729220981315, 14.4221850155722 ], [ -17.36098529226048, 14.421725490535334 ], [ -17.362243803939883, 14.421272691826584 ], [ -17.36350471999998, 14.420826632405539 ], [ -17.364768004352484, 14.420387325038611 ], [ -17.36603362084125, 14.419954782299296 ], [ -17.367301533243253, 14.419529016567203 ], [ -17.368571705269922, 14.419110040027963 ], [ -17.369844100568113, 14.418697864673138 ], [ -17.371118682720734, 14.418292502299515 ], [ -17.372395415248434, 14.417893964508746 ], [ -17.373674261610041, 14.417502262707352 ], [ -17.37495518520408, 14.417117408106186 ], [ -17.376238149369563, 14.416739411719995 ], [ -17.377523117387064, 14.416368284367323 ], [ -17.378810052479778, 14.416004036670074 ], [ -17.38009891781477, 14.41564667905342 ], [ -17.381389676503591, 14.41529622174518 ], [ -17.38268229160397, 14.414952674775641 ], [ -17.383976726120078, 14.414616047977383 ], [ -17.385272943004306, 14.41428635098492 ], [ -17.386570905157974, 14.413963593234438 ], [ -17.387870575432487, 14.413647783963526 ], [ -17.389171916630133, 14.413338932210909 ], [ -17.390474891505594, 14.413037046816093 ], [ -17.391779462766923, 14.412742136419279 ], [ -17.393085593076076, 14.412454209461092 ], [ -17.394393245050779, 14.412173274182052 ], [ -17.395702381264968, 14.411899338622927 ], [ -17.397012964250127, 14.411632410623845 ], [ -17.398324956496527, 14.411372497824562 ], [ -17.399638320453938, 14.411119607663927 ], [ -17.400953018532785, 14.410873747379796 ], [ -17.402269013105478, 14.410634924009027 ], [ -17.4035862665073, 14.410403144386777 ], [ -17.404904741037388, 14.410178415146849 ], [ -17.406224398960148, 14.409960742721076 ], [ -17.407545202505794, 14.409750133339497 ], [ -17.408867113872031, 14.409546593029823 ], [ -17.410190095224767, 14.409350127617618 ], [ -17.411514108699269, 14.409160742725849 ], [ -17.412839116401226, 14.408978443774803 ], [ -17.414165080407997, 14.408803235982084 ], [ -17.415491962769405, 14.408635124362171 ], [ -17.416819725509161, 14.40847411372668 ], [ -17.418148330625662, 14.408320208683747 ], [ -17.419477740093239, 14.408173413638206 ], [ -17.420807915863215, 14.408033732791672 ], [ -17.422138819864887, 14.40790117014166 ], [ -17.423470414006772, 14.407775729482378 ], [ -17.424802660177754, 14.407657414403932 ], [ -17.42613552024789, 14.407546228292592 ], [ -17.427468956069738, 14.407442174330701 ], [ -17.42880292947925, 14.407345255496232 ], [ -17.430137402297188, 14.407255474563232 ], [ -17.431472336330014, 14.407172834101114 ], [ -17.43280769337078, 14.407097336475186 ], [ -17.434143435200635, 14.407028983846295 ], [ -17.435479523589539, 14.406967778170657 ], [ -17.436815920297768, 14.406913721200112 ], [ -17.43815258707663, 14.406866814481781 ], [ -17.439489485669615, 14.406827059358143 ], [ -17.440826577813819, 14.406794456967045 ], [ -17.442163825240478, 14.406769008241518 ], [ -17.443501189676738, 14.406750713910046 ], [ -17.444838632846107, 14.406739574496122 ], [ -17.44617611646996, 14.406735590318689 ], [ -17.447513602268607, 14.406738761491702 ], [ -17.448851051962091, 14.4067490879243 ], [ -17.450188427271698, 14.406766569321075 ], [ -17.45152568992058, 14.406791205181715 ], [ -17.45286280163544, 14.406822994801008 ], [ -17.45419972414707, 14.406861937269102 ], [ -17.455536419191677, 14.406908031471602 ], [ -17.456872848512131, 14.406961276089117 ], [ -17.45820897385876, 14.407021669597711 ], [ -17.459544756990688, 14.407089210268989 ], [ -17.460880159676808, 14.407163896169919 ], [ -17.462215143696849, 14.407245725162745 ], [ -17.463549670842617, 14.407334694905607 ], [ -17.46488370291889, 14.407430802852097 ], [ -17.466217201744652, 14.407534046251527 ], [ -17.467550129154166, 14.407644422149016 ], [ -17.468882446998126, 14.407761927385401 ], [ -17.470214117144458, 14.407886558597774 ], [ -17.471545101479915, 14.408018312219031 ], [ -17.472875361910614, 14.408157184478235 ], [ -17.474204860363542, 14.408303171400785 ], [ -17.475533558787451, 14.408456268808425 ], [ -17.476861419153913, 14.408616472319327 ], [ -17.478188403458663, 14.408783777348535 ], [ -17.479514473722393, 14.408958179107437 ], [ -17.480839591991906, 14.409139672604645 ], [ -17.48216372034145, 14.409328252645651 ], [ -17.483486820873342, 14.409523913833169 ], [ -17.48480885571956, 14.409726650567237 ], [ -17.486129787042373, 14.409936457045294 ], [ -17.487449577035754, 14.410153327262634 ], [ -17.488768187926365, 14.410377255012222 ], [ -17.490085581974615, 14.410608233884961 ], [ -17.491401721475466, 14.410846257270229 ], [ -17.492716568760294, 14.411091318355609 ], [ -17.494030086196979, 14.411343410127156 ], [ -17.495342236191771, 14.411602525369929 ], [ -17.496652981189911, 14.411868656667728 ], [ -17.497962283676962, 14.412141796403802 ], [ -17.499270106179523, 14.41242193676058 ], [ -17.500576411266913, 14.4127090697203 ], [ -17.501881161551616, 14.413003187065001 ], [ -17.503184319690703, 14.413304280376796 ], [ -17.50448584838681, 14.413612341038132 ], [ -17.505785710389201, 14.41392736023224 ], [ -17.507083868494835, 14.414249328942866 ], [ -17.508380285549432, 14.41457823795507 ], [ -17.509674924448628, 14.414914077855226 ], [ -17.510967748138864, 14.41525683903129 ], [ -17.512258719618536, 14.415606511673332 ], [ -17.51354780193898, 14.415963085773356 ], [ -17.514834958205885, 14.416326551125927 ], [ -17.516120151579742, 14.416696897328432 ], [ -17.517403345277263, 14.417074113781261 ], [ -17.518684502572714, 14.417458189688251 ], [ -17.519963586798184, 14.417849114056771 ], [ -17.521240561345444, 14.418246875698351 ], [ -17.522515389666484, 14.418651463228674 ], [ -17.523788035274759, 14.419062865068291 ], [ -17.525058461746248, 14.419481069442355 ], [ -17.526326632720259, 14.419906064381685 ], [ -17.527592511900938, 14.420337837722588 ], [ -17.528856063057709, 14.420776377107305 ], [ -17.53011725002688, 14.421221669984632 ], [ -17.531376036712345, 14.42167370360983 ], [ -17.532632387086657, 14.422132465045514 ], [ -17.53388626519218, 14.422597941161388 ], [ -17.535137635141798, 14.423070118635398 ], [ -17.536386461120514, 14.423548983953285 ], [ -17.537632707385988, 14.424034523409571 ], [ -17.538876338269684, 14.424526723107903 ], [ -17.540117318177941, 14.425025568961061 ], [ -17.541355611592948, 14.425531046691578 ], [ -17.542591183073899, 14.426043141832537 ], [ -17.543823997257793, 14.426561839727217 ], [ -17.545054018860409, 14.427087125530161 ], [ -17.546281212677819, 14.427618984207349 ], [ -17.547505543586652, 14.42815740053647 ], [ -17.548726976545783, 14.428702359107717 ], [ -17.549945476596687, 14.429253844323878 ], [ -17.551161008865126, 14.429811840401133 ], [ -17.552373538561596, 14.430376331369146 ], [ -17.553583030982658, 14.430947301071864 ], [ -17.554789451511557, 14.431524733167514 ], [ -17.555992765619823, 14.43210861112976 ], [ -17.55719293886763, 14.432698918247436 ], [ -17.55838993690503, 14.433295637625612 ], [ -17.559583725473118, 14.433898752185684 ], [ -17.560774270404735, 14.434508244665992 ], [ -17.561961537625717, 14.435124097622445 ], [ -17.563145493155332, 14.435746293428966 ], [ -17.564326103108066, 14.436374814277666 ], [ -17.565503333693968, 14.437009642180001 ], [ -17.566677151219814, 14.437650758966505 ], [ -17.567847522089899, 14.438298146288123 ], [ -17.569014412807551, 14.43895178561603 ], [ -17.570177789975308, 14.439611658242615 ], [ -17.571337620296603, 14.440277745281829 ], [ -17.572493870576036, 14.440950027669722 ], [ -17.573646507720966, 14.44162848616515 ], [ -17.574795498742048, 14.44231310134996 ], [ -17.575940810754211, 14.443003853630135 ], [ -17.577082410977898, 14.443700723235711 ], [ -17.57822026673951, 14.444403690221844 ], [ -17.579354345472922, 14.445112734468982 ], [ -17.58048461471974, 14.445827835683847 ], [ -17.581611042130998, 14.446548973399612 ], [ -17.582733595467328, 14.447276126976785 ], [ -17.583852242600564, 14.448009275603749 ], [ -17.584966951514094, 14.448748398297198 ], [ -17.586077690304105, 14.449493473902855 ], [ -17.587184427180471, 14.450244481096178 ], [ -17.588287130467553, 14.451001398382626 ], [ -17.589385768604995, 14.451764204098819 ], [ -17.59048031014915, 14.452532876412619 ], [ -17.591570723773344, 14.453307393324025 ], [ -17.592656978269119, 14.454087732665879 ], [ -17.593739042546943, 14.454873872104137 ], [ -17.594816885637456, 14.45566578913893 ], [ -17.595890476692002, 14.456463461105098 ], [ -17.596959784983515, 14.457266865172549 ], [ -17.598024779907586, 14.458075978347321 ], [ -17.599085430983266, 14.458890777471936 ], [ -17.600141707853947, 14.459711239226294 ], [ -17.601193580288168, 14.460537340128024 ], [ -17.6022410181805, 14.461369056533727 ], [ -17.603283991552612, 14.462206364638888 ], [ -17.604322470553715, 14.463049240479123 ], [ -17.605356425461807, 14.463897659930794 ], [ -17.606385826684292, 14.46475159871137 ], [ -17.607410644758961, 14.46561103238049 ], [ -17.608430850354697, 14.466475936340675 ], [ -17.609446414272547, 14.467346285837504 ], [ -17.610457307446161, 14.468222055961125 ], [ -17.611463500943128, 14.469103221646165 ], [ -17.612464965965415, 14.469989757673066 ], [ -17.613461673850264, 14.470881638668523 ], [ -17.614453596071247, 14.4717788391062 ], [ -17.615440704238718, 14.472681333307616 ], [ -17.616422970100967, 14.473589095442588 ], [ -17.617400365544835, 14.474502099530298 ], [ -17.618372862596434, 14.475420319440005 ], [ -17.619340433422117, 14.476343728891397 ], [ -17.620303050329458, 14.477272301455926 ], [ -17.621260685767517, 14.478206010557162 ], [ -17.622213312328086, 14.479144829471505 ], [ -17.623160902746218, 14.480088731329335 ], [ -17.624103429901208, 14.481037689115553 ], [ -17.625040866817301, 14.481991675670105 ], [ -17.625973186664137, 14.482950663689323 ], [ -17.62690036275826, 14.483914625726094 ], [ -17.627822368562942, 14.484883534191287 ], [ -17.628739177689958, 14.48585736135384 ], [ -17.629650763899321, 14.486836079342183 ], [ -17.716177653535361, 14.580236129601268 ], [ -17.717084822469555, 14.581220632707151 ], [ -17.717986706475077, 14.582209979502483 ], [ -17.718883279690125, 14.583204141617426 ], [ -17.71977451640522, 14.584203090544293 ], [ -17.720660391063916, 14.58520679763782 ], [ -17.721540878263689, 14.586215234116587 ], [ -17.72241595275629, 14.587228371063546 ], [ -17.723285589448814, 14.588246179426559 ], [ -17.724149763404142, 14.589268630019816 ], [ -17.725008449841919, 14.590295693524283 ], [ -17.725861624139085, 14.591327340488849 ], [ -17.726709261830766, 14.592363541330513 ], [ -17.727551338610628, 14.593404266336243 ], [ -17.728387830332029, 14.594449485662889 ], [ -17.729218713008379, 14.595499169338513 ], [ -17.730043962813848, 14.596553287263283 ], [ -17.730863556084255, 14.59761180921009 ], [ -17.731677469317599, 14.598674704825523 ], [ -17.732485679174683, 14.599741943630853 ], [ -17.733288162479912, 14.600813495022827 ], [ -17.734084896221916, 14.601889328274378 ], [ -17.73487585755408, 14.602969412535696 ], [ -17.735661023795615, 14.6040537168352 ], [ -17.736440372431463, 14.605142210080249 ], [ -17.737213881113814, 14.606234861057946 ], [ -17.737981527662008, 14.607331638436374 ], [ -17.738743290063699, 14.608432510765137 ], [ -17.739499146475026, 14.60953744647642 ], [ -17.740249075221772, 14.610646413885966 ], [ -17.740993054799539, 14.61175938119397 ], [ -17.741731063874457, 14.612876316485782 ], [ -17.742463081284079, 14.613997187732977 ], [ -17.743189086037461, 14.615121962794333 ], [ -17.743909057316412, 14.616250609416717 ], [ -17.744622974475579, 14.617383095235883 ], [ -17.745330817043072, 14.618519387777631 ], [ -17.746032564721528, 14.619659454458336 ], [ -17.74672819738802, 14.62080326258646 ], [ -17.747417695095304, 14.621950779363083 ], [ -17.748101038071642, 14.623101971882704 ], [ -17.748778206722218, 14.624256807134842 ], [ -17.749449181628965, 14.625415252004117 ], [ -17.750113943551451, 14.626577273272037 ], [ -17.750772473427681, 14.627742837617255 ], [ -17.751424752374003, 14.628911911616996 ], [ -17.752070761686269, 14.630084461747852 ], [ -17.752710482839831, 14.631260454386588 ], [ -17.753343897490783, 14.632439855811377 ], [ -17.753970987475611, 14.633622632202517 ], [ -17.754591734812522, 14.634808749643849 ], [ -17.755206121701352, 14.635998174122935 ], [ -17.755814130524374, 14.637190871532926 ], [ -17.756415743846912, 14.638386807672912 ], [ -17.757010944417519, 14.639585948249081 ], [ -17.757599715168695, 14.640788258875961 ], [ -17.758182039217232, 14.641993705076775 ], [ -17.758757899864932, 14.643202252285306 ], [ -17.759327280598871, 14.644413865846076 ], [ -17.759890165091843, 14.645628511015765 ], [ -17.760446537202981, 14.646846152964191 ], [ -17.76099638097838, 14.648066756775194 ], [ -17.76153968065092, 14.649290287447705 ], [ -17.762076420641506, 14.650516709896635 ], [ -17.762606585558984, 14.651745988954026 ], [ -17.763130160200671, 14.652978089370119 ], [ -17.763647129552975, 14.654212975814154 ], [ -17.764157478791667, 14.655450612875345 ], [ -17.764661193282496, 14.656690965064215 ], [ -17.765158258581195, 14.65793399681348 ], [ -17.765648660434277, 14.659179672478764 ], [ -17.766132384779478, 14.660427956340197 ], [ -17.766609417745851, 14.661678812602766 ], [ -17.767079745654293, 14.662932205398096 ], [ -17.767543355018081, 14.664188098784628 ], [ -17.768000232543226, 14.665446456749567 ], [ -17.768450365128476, 14.666707243209068 ], [ -17.768893739866289, 14.667970422009738 ], [ -17.769330344042746, 14.669235956929796 ], [ -17.769760165138173, 14.670503811679605 ], [ -17.770183190827229, 14.671773949903269 ], [ -17.770599408979795, 14.673046335179077 ], [ -17.77100880766044, 14.67432093102137 ], [ -17.771411375129755, 14.675597700880541 ], [ -17.771807099843997, 14.676876608145076 ], [ -17.772195970455531, 14.678157616141998 ], [ -17.772577975813633, 14.679440688138115 ], [ -17.772953104963953, 14.68072578734099 ], [ -17.773321347149764, 14.682012876900188 ], [ -17.773682691811601, 14.68330191990799 ], [ -17.774037128587796, 14.684592879400984 ], [ -17.774384647314836, 14.685885718360428 ], [ -17.774725238027447, 14.687180399713931 ], [ -17.775058890959219, 14.688476886336257 ], [ -17.775385596542517, 14.689775141050301 ], [ -17.775705345409012, 14.691075126628331 ], [ -17.776018128389772, 14.692376805793053 ], [ -17.776323936515794, 14.693680141218326 ], [ -17.776622761017826, 14.694985095530757 ], [ -17.776914593327078, 14.696291631310679 ], [ -17.777199425075221, 14.697599711092593 ], [ -17.777477248094478, 14.698909297367216 ], [ -17.777748054418421, 14.70022035258183 ], [ -17.778011836281529, 14.701532839141532 ], [ -17.778268586119808, 14.702846719410559 ], [ -17.778518296570791, 14.704161955713005 ], [ -17.778760960474163, 14.705478510334238 ], [ -17.77899657087131, 14.706796345521791 ], [ -17.779225121006128, 14.708115423486337 ], [ -17.779446604324924, 14.709435706403109 ], [ -17.779661014476602, 14.710757156412615 ], [ -17.779868345312835, 14.712079735621966 ], [ -17.780068590888334, 14.713403406105943 ], [ -17.780261745461203, 14.714728129908064 ], [ -17.780447803492496, 14.716053869041382 ], [ -17.780626759647014, 14.717380585490172 ], [ -17.780798608793127, 14.718708241210468 ], [ -17.780963346003134, 14.720036798131478 ], [ -17.781120966553079, 14.721366218156565 ], [ -17.781271465923112, 14.722696463164223 ], [ -17.781414839797662, 14.72402749500932 ], [ -17.78155108406553, 14.725359275524344 ], [ -17.781680194819707, 14.726691766520197 ], [ -17.781802168358087, 14.728024929787267 ], [ -17.781917001183025, 14.729358727096844 ], [ -17.78202469000151, 14.730693120202012 ], [ -17.782125231725701, 14.732028070838712 ], [ -17.782218623472481, 14.733363540726899 ], [ -17.782304862563905, 14.734699491571781 ], [ -17.782383946526839, 14.736035885064538 ], [ -17.782455873093763, 14.737372682883823 ], [ -17.782520640202062, 14.738709846696743 ], [ -17.782578245994465, 14.740047338159659 ], [ -17.782628688819226, 14.741385118919784 ], [ -17.782671967229771, 14.742723150615891 ], [ -17.782708079985223, 14.74406139487974 ], [ -17.782737026049968, 14.745399813336782 ], [ -17.782758804593914, 14.746738367607495 ], [ -17.782773414992672, 14.748077019308628 ], [ -17.782780856827198, 14.749415730053997 ], [ -17.782781129884064, 14.75075446145582 ], [ -17.782774234155543, 14.752093175125605 ], [ -17.782760169839342, 14.753431832675481 ], [ -17.782738937338696, 14.754770395719088 ], [ -17.782710537262538, 14.756108825872818 ], [ -17.782674970425241, 14.757447084756883 ], [ -17.78263223784661, 14.75878513399638 ], [ -17.782582340752064, 14.760122935222533 ], [ -17.782525280572372, 14.761460450073585 ], [ -17.782461058943824, 14.76279764019586 ], [ -17.782389677707968, 14.764134467245185 ], [ -17.782311138911702, 14.76547089288778 ], [ -17.782225444807001, 14.766806878801322 ], [ -17.782132597851277, 14.7681423866761 ], [ -17.782032600707023, 14.769477378216081 ], [ -17.781925456241456, 14.770811815140153 ], [ -17.781811167527142, 14.772145659182925 ], [ -17.78168973784128, 14.773478872096238 ], [ -17.781561170665974, 14.774811415649783 ], [ -17.781425469687786, 14.776143251632615 ], [ -17.781282638798004, 14.777474341854127 ], [ -17.781132682092462, 14.778804648144853 ], [ -17.78097560387101, 14.780134132358061 ], [ -17.780811408638044, 14.781462756370381 ], [ -17.780640101101799, 14.78279048208331 ], [ -17.7804616861747, 14.784117271423927 ], [ -17.780276168972655, 14.785443086346397 ], [ -17.780083554815587, 14.786767888832511 ], [ -17.779883849226632, 14.788091640893278 ], [ -17.77967705793241, 14.789414304569906 ], [ -17.779463186862756, 14.790735841934602 ], [ -17.779242242150453, 14.792056215091989 ], [ -17.779014230131143, 14.793375386180177 ], [ -17.778779157343063, 14.794693317371468 ], [ -17.778537030527133, 14.796009970873961 ], [ -17.778287856626243, 14.797325308932344 ], [ -17.778031642785521, 14.798639293829055 ], [ -17.777768396351981, 14.799951887885079 ], [ -17.777498124874338, 14.801263053461636 ], [ -17.777220836102661, 14.802572752960621 ], [ -17.776936537988277, 14.803880948826301 ], [ -17.776645238683422, 14.805187603545658 ], [ -17.776346946541235, 14.806492679650265 ], [ -17.77604167011523, 14.807796139716547 ], [ -17.775729418159472, 14.809097946367647 ], [ -17.775410199627686, 14.810398062273869 ], [ -17.775084023673529, 14.811696450154191 ], [ -17.774750899650229, 14.812993072776973 ], [ -17.774410837110235, 14.8142878929612 ], [ -17.774063845804857, 14.81558087357773 ], [ -17.773709935684181, 14.816871977549997 ], [ -17.773349116896711, 14.818161167855351 ], [ -17.772981399788836, 14.819448407525851 ], [ -17.772606794905101, 14.82073365964969 ], [ -17.772225312987313, 14.822016887371905 ], [ -17.771836964974543, 14.823298053895709 ], [ -17.771441762002773, 14.824577122483376 ], [ -17.771039715404537, 14.825854056457224 ], [ -17.770630836708659, 14.827128819200944 ], [ -17.770215137639802, 14.828401374160396 ], [ -17.769792630118211, 14.829671684844772 ], [ -17.769363326259349, 14.830939714827743 ], [ -17.768927238373724, 14.832205427748082 ], [ -17.768484378966178, 14.83346878731118 ], [ -17.768034760735709, 14.834729757290102 ], [ -17.76757839657547, 14.83598830152604 ], [ -17.767115299571525, 14.837244383930084 ], [ -17.766645483003565, 14.838497968483757 ], [ -17.766168960343478, 14.83974901924017 ], [ -17.765685745255713, 14.840997500325262 ], [ -17.765195851596651, 14.842243375938427 ], [ -17.76469929341399, 14.843486610353931 ], [ -17.76419608494674, 14.844727167921803 ], [ -17.763686240624423, 14.845965013068721 ], [ -17.76316977506708, 14.847200110299255 ], [ -17.762646703084375, 14.848432424196581 ], [ -17.762117039675509, 14.849661919423987 ], [ -17.761580800028778, 14.850888560725231 ], [ -17.761037999520948, 14.852112312926227 ], [ -17.760488653716902, 14.853333140935579 ], [ -17.759932778369372, 14.854551009745645 ], [ -17.759370389418052, 14.855765884433961 ], [ -17.758801502989687, 14.856977730163504 ], [ -17.758226135397184, 14.858186512184471 ], [ -17.757644303139344, 14.859392195834722 ], [ -17.757056022900333, 14.860594746541025 ], [ -17.756461311549234, 14.861794129819852 ], [ -17.755860186139518, 14.862990311278715 ], [ -17.755252663908685, 14.864183256616872 ], [ -17.754638762277377, 14.865372931626222 ], [ -17.754018498849558, 14.866559302192631 ], [ -17.753391891411354, 14.867742334296643 ], [ -17.752758957930883, 14.868921994014553 ], [ -17.752119716557626, 14.870098247519284 ], [ -17.751474185622076, 14.871271061081551 ], [ -17.750822383634759, 14.872440401070744 ], [ -17.750164329286502, 14.873606233955552 ], [ -17.749500041447011, 14.874768526305651 ], [ -17.748829539164959, 14.875927244791967 ], [ -17.7481528416671, 14.877082356187923 ], [ -17.747469968357912, 14.878233827370504 ], [ -17.746780938818976, 14.879381625321056 ], [ -17.746085772808353, 14.880525717126083 ], [ -17.745384490260054, 14.881666069978586 ], [ -17.744677111283593, 14.882802651178675 ], [ -17.7439636561631, 14.883935428134556 ], [ -17.743244145357142, 14.885064368363679 ], [ -17.742518599497927, 14.886189439493361 ], [ -17.741787039390502, 14.887310609261942 ], [ -17.741049486012663, 14.888427845519672 ], [ -17.740305960513805, 14.889541116229424 ], [ -17.739556484214738, 14.890650389468021 ], [ -17.738801078606894, 14.891755633426776 ], [ -17.738039765351701, 14.89285681641255 ], [ -17.737272566279962, 14.893953906848736 ], [ -17.736499503391236, 14.895046873275877 ], [ -17.735720598853391, 14.896135684352998 ], [ -17.734935875001625, 14.897220308858142 ], [ -17.734145354338118, 14.898300715689519 ], [ -17.733349059531136, 14.899376873866135 ], [ -17.73254701341477, 14.900448752528941 ], [ -17.731739238987689, 14.901516320941635 ], [ -17.730925759413143, 14.90257954849146 ], [ -17.730106598017894, 14.903638404689914 ], [ -17.729281778291419, 14.904692859174265 ], [ -17.728451323885643, 14.90574288170772 ], [ -17.72761525861414, 14.906788442180677 ], [ -17.726773606451243, 14.907829510611339 ], [ -17.725926391531512, 14.908866057146966 ], [ -17.725073638148938, 14.909898052064221 ], [ -17.724215370756582, 14.910925465770511 ], [ -17.723351613965335, 14.911948268804512 ], [ -17.72248239254365, 14.912966431837063 ], [ -17.721607731416658, 14.913979925672141 ], [ -17.720727655665538, 14.914988721247482 ], [ -17.719842190526549, 14.915992789635826 ], [ -17.71895136139058, 14.916992102045093 ], [ -17.718055193802531, 14.917986629819893 ], [ -17.717153713460068, 14.918976344441884 ], [ -17.716246946213445, 14.919961217530656 ], [ -17.715334918064354, 14.920941220844977 ], [ -17.714417655165473, 14.921916326282883 ], [ -17.713495183819408, 14.922886505882918 ], [ -17.712567530478331, 14.923851731825202 ], [ -17.711634721742922, 14.924811976431432 ], [ -17.710696784361648, 14.925767212166477 ], [ -17.709753745230064, 14.926717411638737 ], [ -17.708805631390092, 14.927662547601031 ], [ -17.707852470029053, 14.928602592951215 ], [ -17.706894288479038, 14.929537520733518 ], [ -17.705931114216291, 14.930467304138542 ], [ -17.704962974859875, 14.931391916504502 ], [ -17.703989898171493, 14.932311331318029 ], [ -17.703011912054336, 14.933225522214613 ], [ -17.702029044552372, 14.934134462979578 ], [ -17.701041323849545, 14.935038127548975 ], [ -17.700048778268975, 14.935936490009929 ], [ -17.699051436272164, 14.936829524601716 ], [ -17.698049326458101, 14.937717205716286 ], [ -17.697042477562466, 14.938599507899333 ], [ -17.69603091845692, 14.939476405850474 ], [ -17.695014678148215, 14.940347874424578 ], [ -17.693993785777131, 14.941213888632035 ], [ -17.692968270618206, 14.942074423639642 ], [ -17.691938162078049, 14.942929454771495 ], [ -17.690903489695522, 14.943778957509249 ], [ -17.689864283139958, 14.944622907493279 ], [ -17.688820572210808, 14.945461280523123 ], [ -17.687772386836844, 14.946294052558276 ], [ -17.686719757074911, 14.94712119971873 ], [ -17.685662713109398, 14.947942698285857 ], [ -17.684601285251436, 14.948758524703035 ], [ -17.683535503937566, 14.949568655576265 ], [ -17.682465399729388, 14.950373067674885 ], [ -17.68139100331231, 14.951171737932015 ], [ -17.680312345494933, 14.951964643445883 ], [ -17.67922945720807, 14.95275176147948 ], [ -17.678142369503771, 14.953533069462235 ], [ -17.677051113554434, 14.954308544989761 ], [ -17.675955720652183, 14.955078165825267 ], [ -17.674856222207627, 14.95584190989965 ], [ -17.673752649749144, 14.956599755312297 ], [ -17.67264503492191, 14.957351680331968 ], [ -17.671533409487008, 14.958097663396977 ], [ -17.67041780532054, 14.958837683115991 ], [ -17.669298254412826, 14.959571718268919 ], [ -17.668174788867166, 14.960299747807085 ], [ -17.667047440899211, 14.961021750854034 ], [ -17.665916242835813, 14.961737706706238 ], [ -17.664781227114492, 14.962447594833364 ], [ -17.663642426282102, 14.96315139487934 ], [ -17.662499872993855, 14.963849086662531 ], [ -17.661353600012788, 14.964540650176364 ], [ -17.660203640208607, 14.965226065590212 ], [ -17.659050026556713, 14.965905313249575 ], [ -17.657892792137044, 14.966578373676878 ], [ -17.656731970133723, 14.967245227571915 ], [ -17.655567593833545, 14.96790585581256 ], [ -17.654399696625358, 14.968560239455122 ], [ -17.653228311998728, 14.969208359735056 ], [ -17.652053473543408, 14.969850198067228 ], [ -17.650875214948183, 14.970485736046893 ], [ -17.649693569999982, 14.971114955449874 ], [ -17.648508572582635, 14.971737838233004 ], [ -17.647320256676249, 14.972354366535193 ], [ -17.646128656355966, 14.972964522677159 ], [ -17.644933805791343, 14.973568289162589 ], [ -17.643735739245017, 14.974165648678397 ], [ -17.64253449107164, 14.974756584095175 ], [ -17.641330095717436, 14.975341078467633 ], [ -17.640122587718601, 14.97591911503531 ], [ -17.638912001700771, 14.976490677222845 ], [ -17.637698372377777, 14.977055748640591 ], [ -17.63648173455076, 14.977614313084889 ], [ -17.635262123107012, 14.978166354538949 ], [ -17.63403957301918, 14.978711857172769 ], [ -17.6328141193442, 14.979250805344016 ], [ -17.631585797222229, 14.97978318359803 ], [ -17.63035464187567, 14.980308976668891 ], [ -17.629120688608193, 14.980828169479413 ], [ -17.627883972803673, 14.981340747141417 ], [ -17.626644529925297, 14.981846694956882 ], [ -17.625402395514325, 14.982345998417415 ], [ -17.624157605189197, 14.98283864320549 ], [ -17.574984499520809, 15.002147530690493 ], [ -17.573743061907834, 15.002631194029473 ], [ -17.572499064340921, 15.003108234515786 ], [ -17.571252542151274, 15.003578638600715 ], [ -17.570003530742309, 15.004042392924102 ], [ -17.56875206558778, 15.004499484314529 ], [ -17.567498182231258, 15.004949899789935 ], [ -17.566241916285055, 15.005393626557797 ], [ -17.564983303428985, 15.005830652015664 ], [ -17.563722379409654, 15.006260963751242 ], [ -17.562459180039305, 15.006684549543017 ], [ -17.561193741194749, 15.007101397360437 ], [ -17.559926098816394, 15.007511495364525 ], [ -17.558656288907351, 15.007914831907712 ], [ -17.557384347532103, 15.008311395534715 ], [ -17.556110310815889, 15.008701174982455 ], [ -17.554834214943185, 15.0090841591805 ], [ -17.553556096157266, 15.009460337251681 ], [ -17.552275990758606, 15.009829698511837 ], [ -17.550993935104167, 15.010192232470601 ], [ -17.549709965606421, 15.010547928831411 ], [ -17.548424118732022, 15.010896777491858 ], [ -17.547136431001089, 15.011238768544224 ], [ -17.545846938985967, 15.011573892275301 ], [ -17.54455567931025, 15.011902139167191 ], [ -17.543262688647712, 15.012223499897129 ], [ -17.541968003721244, 15.012537965337838 ], [ -17.540671661301968, 15.012845526558152 ], [ -17.539373698207985, 15.013146174822836 ], [ -17.538074151303586, 15.013439901592943 ], [ -17.536773057497914, 15.013726698526256 ], [ -17.535470453743898, 15.014006557477202 ], [ -17.534166377037721, 15.014279470497385 ], [ -17.532860864417135, 15.01454542983576 ], [ -17.531553952960657, 15.014804427938547 ], [ -17.530245679786685, 15.015056457449763 ], [ -17.528936082052251, 15.01530151121149 ], [ -17.52762519695187, 15.015539582263695 ], [ -17.526313061716827, 15.015770663844854 ], [ -17.524999713613756, 15.01599474939195 ], [ -17.523685189943841, 15.016211832540563 ], [ -17.522369528041484, 15.016421907125135 ], [ -17.521052765273684, 15.01662496717924 ], [ -17.519734939038525, 15.016821006935668 ], [ -17.51841608676429, 15.017010020826607 ], [ -17.517096245908483, 15.017192003483817 ], [ -17.515775453956586, 15.017366949738545 ], [ -17.51158078358376, 15.017911187725311 ], [ -17.497935447845716, 15.021782215773996 ], [ -17.478512622153843, 15.028370841503971 ], [ -17.343687796978049, 15.093907521271291 ], [ -17.300191270779788, 15.115427453066246 ], [ -17.164154197732486, 15.271836450931467 ], [ -17.086264537752918, 15.366357058816263 ], [ -17.072253700755216, 15.39116620989083 ], [ -16.856426239013658, 15.449636459350671 ], [ -16.183698654174652, 15.56974601745609 ], [ -15.385288238525376, 15.661760330200217 ], [ -14.477378845214819, 15.727636337280451 ], [ -13.670373916625902, 15.792852401733562 ], [ -13.029008865356353, 15.865236282348796 ], [ -12.553285598754851, 15.944795608520515 ], [ -12.243206024169897, 16.031530380249073 ], [ -12.096801757812461, 16.125055313110373 ], [ -12.002050399780231, 16.203741073608427 ], [ -11.894037246704006, 16.255056381225621 ], [ -11.772764205932464, 16.279001235961957 ], [ -11.638233184814375, 16.275568008422894 ], [ -11.490440368652379, 16.24476814270033 ], [ -11.342706680297834, 16.195875167846843 ], [ -11.210414886474531, 16.139612197876055 ], [ -11.093587875366175, 16.075994491577219 ], [ -10.992223739623999, 16.005018234252979 ], [ -10.906324386596769, 15.926691055297873 ], [ -10.816101074218789, 15.846952438354414 ], [ -10.67754364013668, 15.779020309448313 ], [ -10.489036560058498, 15.723382949829137 ], [ -10.250577926635831, 15.680040359497241 ], [ -9.962169647216825, 15.64899635314945 ], [ -9.639802932739219, 15.628999710083072 ], [ -9.350992202758714, 15.614812850952234 ], [ -9.103300094604396, 15.605848312378015 ], [ -8.896722793579084, 15.602106094360416 ], [ -8.73126411437978, 15.603586196899435 ], [ -8.604665756225618, 15.609689712524435 ], [ -8.496786117553636, 15.615114212036055 ], [ -8.402854919433569, 15.618600845336886 ], [ -8.322872161865327, 15.62014579772957 ], [ -8.256834030151463, 15.619749069213931 ], [ -8.204399108886697, 15.617490768432532 ], [ -8.156131744384734, 15.615419387817411 ], [ -8.107791900634744, 15.614461898803825 ], [ -8.05937767028805, 15.614618301391772 ], [ -8.010889053344652, 15.615888595581076 ], [ -7.96226501464842, 15.618257522583015 ], [ -7.863460540771463, 15.614988327026438 ], [ -7.671163558959861, 15.600233078002937 ], [ -7.385375976562472, 15.573987960815508 ], [ -7.006093978881758, 15.536264419555692 ], [ -6.533321380615078, 15.48705101013195 ], [ -6.025041580200288, 15.435274124145629 ], [ -5.581333160400295, 15.396333694457923 ], [ -5.203948974609354, 15.370496749877852 ], [ -4.892890930175877, 15.357767105102596 ], [ -4.648157119751009, 15.35813713073744 ], [ -4.454782485961886, 15.367719650268732 ], [ -4.264135360717738, 15.373861312866246 ], [ -4.072471618652376, 15.375585556030316 ], [ -3.879793167114212, 15.372892379760764 ], [ -3.686098098754922, 15.365785598754947 ], [ -3.495994567871055, 15.357313156128008 ], [ -3.339275360107266, 15.367216110229556 ], [ -3.221284866332965, 15.399038314819371 ], [ -3.142023086547887, 15.452775955200273 ], [ -3.101488113403352, 15.528432846069443 ], [ -3.097089767455898, 15.624227523803683 ], [ -3.087041854858299, 15.711500167846751 ], [ -3.056735992431605, 15.780233383178846 ], [ -3.006175994873086, 15.83042335510261 ], [ -2.935359954833885, 15.862073898315401 ], [ -2.844524383544957, 15.875226974487269 ], [ -2.756868362426736, 15.874250411987425 ], [ -2.68769264221195, 15.862024307250991 ], [ -2.636997222900419, 15.838556289672859 ], [ -2.604782104492145, 15.80383491516131 ], [ -2.591049194335895, 15.757867813110529 ], [ -2.588600158691303, 15.701948165893612 ], [ -2.587892532348537, 15.637796401977624 ], [ -2.588882446289045, 15.565420150756751 ], [ -2.591566085815469, 15.484815597534343 ], [ -2.595943450927631, 15.395986557006871 ], [ -2.595855712890529, 15.308629989624059 ], [ -2.575756072997972, 15.247194290161239 ], [ -2.534889221191374, 15.212869644165153 ], [ -2.473255157470735, 15.205656051635799 ], [ -2.390853881835966, 15.225553512573356 ], [ -2.292083740234343, 15.269090652465891 ], [ -2.198221206664943, 15.319448471069499 ], [ -2.112081527709933, 15.374406814575117 ], [ -2.033666610717813, 15.433965682983455 ], [ -1.962972640991136, 15.498125076293981 ], [ -1.893516540527376, 15.563562393188526 ], [ -1.755968093872031, 15.594724655151396 ], [ -1.531587600707986, 15.582010269165217 ], [ -1.220369338989293, 15.525411605835096 ], [ -0.822319030761811, 15.424936294555749 ], [ -0.340372085571374, 15.281583786010813 ], [ 0.113901138305792, 15.133413314819258 ], [ 0.483598709106353, 14.999845504760792 ], [ 0.768724441528477, 14.880876541137702 ], [ 0.969274520874173, 14.776506423950167 ], [ 1.085248947143711, 14.686735153198363 ], [ 1.191507339477624, 14.609849929809585 ], [ 1.362913131713889, 14.544141769409194 ], [ 1.599466323852511, 14.489606857299833 ], [ 1.90116310119631, 14.446249008178683 ], [ 2.268003463745188, 14.41406822204592 ], [ 2.65819740295413, 14.391286849975707 ], [ 2.98978614807131, 14.37444114685065 ], [ 3.260618209838881, 14.363428115844748 ], [ 3.470689773559648, 14.358255386352539 ], [ 3.620000839233356, 14.358922958374023 ], [ 3.724004745483498, 14.363626480102567 ], [ 3.839845657348704, 14.365713119506943 ], [ 3.972871780395657, 14.364557266235359 ], [ 4.12308311462418, 14.360162734985352 ], [ 4.290479660034272, 14.352525711059741 ], [ 4.470914840698335, 14.344175338745238 ], [ 4.633047103881935, 14.354249954223633 ], [ 4.770395278930692, 14.38669776916506 ], [ 4.882963180542141, 14.441522598266523 ], [ 4.970746994018569, 14.518724441528377 ], [ 5.034177780151389, 14.617490768432731 ], [ 5.082021713256921, 14.721162796020629 ], [ 5.117761611938448, 14.823141098022433 ], [ 5.141397476196246, 14.92341804504396 ], [ 5.152929306030316, 15.02199745178239 ], [ 5.152471542358548, 15.118814468383704 ], [ 5.164007186889613, 15.199289321899492 ], [ 5.205617904663171, 15.252443313598654 ], [ 5.277311325073214, 15.278280258178725 ], [ 5.379079818725657, 15.276796340942347 ], [ 5.510927200317411, 15.247987747192518 ], [ 5.659791946411161, 15.194631576538001 ], [ 5.805875778198342, 15.120916366577156 ], [ 5.948972702026509, 15.026895523071396 ], [ 6.08909034729011, 14.912561416626005 ], [ 6.226221084594883, 14.777917861938519 ], [ 6.364213943481417, 14.635763168335039 ], [ 6.514089584350607, 14.522722244262745 ], [ 6.676527023315387, 14.441064834594755 ], [ 6.851526260375934, 14.390790939331069 ], [ 7.039083480834982, 14.371900558471687 ], [ 7.237382888793903, 14.377122879028484 ], [ 7.436277389526467, 14.365900039672866 ], [ 7.634195327758917, 14.33196449279788 ], [ 7.831140518188434, 14.27530860900881 ], [ 8.027105331420934, 14.195940017700195 ], [ 8.220567703246978, 14.096815109252894 ], [ 8.391645431518633, 14.016420364379847 ], [ 8.534223556518633, 13.966600418090927 ], [ 8.648298263549719, 13.947351455688597 ], [ 8.733873367309606, 13.958677291870039 ], [ 8.791467666626005, 14.000020980835018 ], [ 8.850683212280295, 14.039617538452312 ], [ 8.928663253784258, 14.059072494506999 ], [ 9.025415420532354, 14.058378219604542 ], [ 9.140935897827305, 14.037538528442298 ], [ 9.275228500366289, 13.996557235717802 ], [ 9.419122695923008, 13.950143814086971 ], [ 9.562025070190444, 13.915296554565451 ], [ 9.703927993774428, 13.892042160034215 ], [ 9.844827651977681, 13.880376815795906 ], [ 9.984727859497028, 13.8803005218507 ], [ 10.127630233764556, 13.87956428527837 ], [ 10.282461166381971, 13.850923538208029 ], [ 10.449541091918988, 13.793378829956218 ], [ 10.628870010376055, 13.706926345825224 ], [ 10.820455551147532, 13.591566085815401 ], [ 11.023054122924819, 13.456708908081019 ], [ 11.231451034545934, 13.342069625854627 ], [ 11.445070266723661, 13.252096176147468 ], [ 11.663904190063384, 13.186788558960075 ], [ 11.887956619262724, 13.146142959594734 ], [ 12.116338729858498, 13.129201889038214 ], [ 12.341100692749102, 13.127336502075273 ], [ 12.56036186218271, 13.138505935668945 ], [ 12.774122238159222, 13.162710189819407 ], [ 12.982385635375998, 13.199949264526481 ], [ 13.184774398803754, 13.249399185180735 ], [ 13.371282577514663, 13.28855705261234 ], [ 13.537397384643462, 13.30731391906739 ], [ 13.683122634887788, 13.305669784546062 ], [ 13.808462142944364, 13.283617019653285 ], [ 13.913434982299897, 13.241193771362283 ], [ 14.019010543823157, 13.200014114379968 ], [ 14.143339157104649, 13.178800582885877 ], [ 14.286417007446381, 13.177553176880011 ], [ 14.448244094848711, 13.196268081665011 ], [ 14.628824234008917, 13.234945297241232 ], [ 14.84480476379396, 13.278810501098739 ], [ 15.124914169311552, 13.302350997924719 ], [ 15.469663619995139, 13.305124282836836 ], [ 15.879045486450281, 13.287130355835089 ], [ 16.353067398071417, 13.248361587524585 ], [ 16.74157942915425, 13.209716889539116 ], [ 16.74157942915425, 11.623929107705536 ], [ 16.74157942915425, 9.159176072758449 ], [ 16.554151535034265, 9.125223159790011 ] ] ] } },
{ "type": "Feature", "properties": { "zone_id": 4, "zone_name": "Guinean", "zone_name_fr": "Zone Guinéenne", "source_zone": "Guinea_dissolved", "color_hex": "#78C850", "rainfall_mm_yr": "1200-2000 mm/yr", "area_km2": 1588085.4 }, "geometry": { "type": "Polygon", "coordinates": [ [ [ -12.405968148488512, 7.090219816364652 ], [ -12.463308221986722, 7.110653968240683 ], [ -12.511051673847419, 7.127008147884112 ], [ -12.523817310723814, 7.130021056973931 ], [ -12.525095702354577, 7.130326329185039 ], [ -12.526372471404102, 7.130638318092963 ], [ -12.527647582582858, 7.130957015074841 ], [ -12.528921000647358, 7.131282411321649 ], [ -12.530192690400781, 7.131614497839792 ], [ -12.531462616694057, 7.131953265450534 ], [ -12.532730744427056, 7.13229870479023 ], [ -12.533997038548932, 7.132650806311517 ], [ -12.535261464060056, 7.133009560282062 ], [ -12.536523986012071, 7.133374956786042 ], [ -12.53778456950937, 7.133746985724201 ], [ -12.539043179709893, 7.134125636813678 ], [ -12.540299781826263, 7.134510899588804 ], [ -12.541554341126073, 7.134902763401158 ], [ -12.54280682293421, 7.13530121741934 ], [ -12.544057192632408, 7.13570625063079 ], [ -12.545305415661005, 7.136117851840254 ], [ -12.546551457519399, 7.13653600967109 ], [ -12.547795283767528, 7.136960712565838 ], [ -12.549036860026604, 7.137391948785876 ], [ -12.550276151979915, 7.137829706411765 ], [ -12.551513125373731, 7.138273973344155 ], [ -12.552747746018838, 7.138724737303846 ], [ -12.553979979790654, 7.139181985831556 ], [ -12.555209792630592, 7.139645706289514 ], [ -12.55643715054731, 7.140115885860382 ], [ -12.557662019616942, 7.140592511548618 ], [ -12.558884365984625, 7.141075570180476 ], [ -12.56010415586519, 7.141565048404289 ], [ -12.597877202630912, 7.156838049499015 ], [ -12.601846626413817, 7.158482857768718 ], [ -12.605848005060466, 7.160222706721243 ], [ -12.609818409726756, 7.162032124372729 ], [ -12.613756630988746, 7.163910559557166 ], [ -12.617661469226391, 7.165857440084721 ], [ -12.621531734988139, 7.167872172917214 ], [ -12.625366249353192, 7.169954144347116 ], [ -12.629163844291611, 7.172102720185819 ], [ -12.632923363019074, 7.174317245956388 ], [ -12.636643660349876, 7.176597047092685 ], [ -12.640323603045431, 7.178941429145425 ], [ -12.643962070159262, 7.181349677993069 ], [ -12.647557953379362, 7.183821060059529 ], [ -12.651110157364769, 7.186354822538135 ], [ -12.654617600079519, 7.188950193620087 ], [ -12.656654908058897, 7.190513475015621 ], [ -12.657880380881409, 7.191034341905493 ], [ -12.659103060280586, 7.191561732692549 ], [ -12.66032291152618, 7.192095632396729 ], [ -12.661539899968488, 7.19263602585221 ], [ -12.662753991038926, 7.193182897709335 ], [ -12.663965150251329, 7.193736232434219 ], [ -12.665173343202582, 7.194296014309487 ], [ -12.666378535574268, 7.194862227434612 ], [ -12.667580693132663, 7.195434855725864 ], [ -12.668779781730734, 7.196013882918294 ], [ -12.669975767308358, 7.196599292564372 ], [ -12.671168615893578, 7.197191068035465 ], [ -12.672358293603452, 7.197789192522464 ], [ -12.673544766645477, 7.198393649035779 ], [ -12.67472800131759, 7.199004420405458 ], [ -12.675907964010378, 7.199621489282492 ], [ -12.677084621206859, 7.200244838139668 ], [ -12.67825793948407, 7.200874449270145 ], [ -12.679427885513974, 7.201510304790247 ], [ -12.680594426064545, 7.202152386638204 ], [ -12.681757527999935, 7.202800676576032 ], [ -12.682917158282294, 7.203455156188738 ], [ -12.684073283972509, 7.20411580688608 ], [ -12.685225872230774, 7.204782609902281 ], [ -12.68637489031795, 7.205455546296719 ], [ -12.687520305596024, 7.206134596954712 ], [ -12.688662085529643, 7.206819742587925 ], [ -12.689800197686623, 7.207510963734705 ], [ -12.690934609738804, 7.208208240760882 ], [ -12.692065289463415, 7.20891155386056 ], [ -12.693192204743184, 7.209620883055777 ], [ -12.694315323568503, 7.210336208198498 ], [ -12.695434614037083, 7.211057508969645 ], [ -12.69655004435549, 7.211784764880747 ], [ -12.697661582839942, 7.212517955274166 ], [ -12.698769197917386, 7.21325705932378 ], [ -12.699872858125673, 7.214002056034985 ], [ -12.70097253211577, 7.214752924246511 ], [ -12.70206818865131, 7.215509642629797 ], [ -12.70315979661018, 7.216272189690471 ], [ -12.704247324985261, 7.217040543768064 ], [ -12.705330742885451, 7.217814683037943 ], [ -12.706410019536349, 7.218594585510289 ], [ -12.707485124280879, 7.219380229032424 ], [ -12.70855602658105, 7.220171591287794 ], [ -12.709622696017504, 7.22096864979784 ], [ -12.710685102291905, 7.221771381922338 ], [ -12.711743215226534, 7.222579764859461 ], [ -12.712797004765605, 7.22339377564731 ], [ -12.71384644097634, 7.224213391163914 ], [ -12.714891494049596, 7.225038588128029 ], [ -12.715932134300601, 7.225869343100044 ], [ -12.716968332169984, 7.226705632482322 ], [ -12.718000058224732, 7.227547432520169 ], [ -12.719027283158425, 7.228394719302059 ], [ -12.720049977792996, 7.22924746876123 ], [ -12.721068113078786, 7.230105656674993 ], [ -12.722081660095569, 7.230969258666676 ], [ -12.723090590053744, 7.231838250205897 ], [ -12.724094874294678, 7.232712606608629 ], [ -12.72509448429156, 7.23359230303879 ], [ -12.726089391650646, 7.234477314509149 ], [ -12.727079568111492, 7.235367615880421 ], [ -12.728064985548315, 7.236263181863933 ], [ -12.729045615970222, 7.237163987021006 ], [ -12.730021431522573, 7.238070005764371 ], [ -12.730992404487267, 7.238981212358681 ], [ -12.731958507283821, 7.239897580920854 ], [ -12.732919712470164, 7.240819085421833 ], [ -12.733875992743265, 7.241745699686078 ], [ -12.734827320940099, 7.242677397393152 ], [ -12.735773670038213, 7.243614152078351 ], [ -12.736715013156356, 7.24455593713293 ], [ -12.737651323555951, 7.245502725805807 ], [ -12.7385825746411, 7.246454491203281 ], [ -12.739508739959604, 7.247411206290735 ], [ -12.740429793203816, 7.248372843892298 ], [ -12.741345708211156, 7.249339376693115 ], [ -12.74225645896513, 7.250310777238496 ], [ -12.743162019595786, 7.251287017936022 ], [ -12.744062364380909, 7.252268071055482 ], [ -12.744957467746133, 7.253253908730301 ], [ -12.745847304266078, 7.254244502957704 ], [ -12.746731848665036, 7.255239825599801 ], [ -12.74761107581736, 7.256239848384553 ], [ -12.748484960748726, 7.257244542906278 ], [ -12.754138707258619, 7.259090853675616 ], [ -12.759704139634664, 7.260701978986276 ], [ -12.781362866636471, 7.266792002852299 ], [ -12.803682697110276, 7.27225682972562 ], [ -12.861246876093503, 7.28596383119708 ], [ -12.864613582084473, 7.286790207866773 ], [ -13.012940746920037, 7.324290172226256 ], [ -13.014237777866526, 7.324621774100933 ], [ -13.015533014472737, 7.324960316880208 ], [ -13.016826419595589, 7.325305790855282 ], [ -13.018117956144579, 7.325658186119369 ], [ -13.019407587082526, 7.326017492567075 ], [ -13.020695275427101, 7.326383699894507 ], [ -13.02198098425157, 7.326756797600126 ], [ -13.023264676686324, 7.327136774984581 ], [ -13.024546315918883, 7.327523621151443 ], [ -13.025825865196225, 7.327917325007263 ], [ -13.027103287825128, 7.328317875261916 ], [ -13.028378547173304, 7.328725260428769 ], [ -13.029651606670541, 7.329139468825588 ], [ -13.030922429809664, 7.329560488574259 ], [ -13.032190980147504, 7.329988307601013 ], [ -13.033457221306207, 7.330422913637676 ], [ -13.034721116974424, 7.330864294221158 ], [ -13.03598263090754, 7.331312436694134 ], [ -13.037241726929494, 7.331767328205103 ], [ -13.038498368933631, 7.332228955709525 ], [ -13.039752520883553, 7.332697305969418 ], [ -13.041004146814316, 7.333172365553764 ], [ -13.042253210833508, 7.333654120839924 ], [ -13.043499677121758, 7.334142558012275 ], [ -13.044743509934847, 7.334637663064314 ], [ -13.045984673603584, 7.335139421797919 ], [ -13.047223132535692, 7.335647819824146 ], [ -13.048458851215798, 7.336162842564363 ], [ -13.049691794207945, 7.336684475248774 ], [ -13.050921926155183, 7.337212702919089 ], [ -13.052149211781625, 7.337747510427221 ], [ -13.05337361589244, 7.338288882436871 ], [ -13.054595103375789, 7.338836803423135 ], [ -13.055813639203564, 7.339391257673469 ], [ -13.057029188432239, 7.339952229288031 ], [ -13.058241716203668, 7.340519702179847 ], [ -13.059451187746618, 7.341093660075614 ], [ -13.060657568377337, 7.341674086516377 ], [ -13.061860823500979, 7.342260964857189 ], [ -13.063060918611995, 7.342854278268362 ], [ -13.064257819295619, 7.343454009735694 ], [ -13.065451491228657, 7.344060142060812 ], [ -13.066641900180684, 7.344672657861906 ], [ -13.067829012014499, 7.34529153957385 ], [ -13.069012792687715, 7.345916769449218 ], [ -13.070193208253386, 7.346548329558459 ], [ -13.071370224861198, 7.347186201790635 ], [ -13.072543808757928, 7.347830367853703 ], [ -13.073713926289145, 7.348480809274974 ], [ -13.074880543899837, 7.349137507401792 ], [ -13.076043628135096, 7.349800443402444 ], [ -13.077203145641704, 7.350469598265875 ], [ -13.078359063168193, 7.351144952803338 ], [ -13.07951134756712, 7.351826487647372 ], [ -13.080659965794155, 7.352514183254129 ], [ -13.081804884911207, 7.353208019902752 ], [ -13.08294607208552, 7.353907977696167 ], [ -13.084083494591653, 7.354614036561941 ], [ -13.085217119812114, 7.355326176252618 ], [ -13.086346915238209, 7.35604437634629 ], [ -13.087472848471009, 7.356768616247621 ], [ -13.088594887222769, 7.357498875187503 ], [ -13.089712999316703, 7.358235132224536 ], [ -13.090827152689315, 7.358977366245256 ], [ -13.091937315390282, 7.359725555965213 ], [ -13.093043455583654, 7.360479679928289 ], [ -13.094145541549267, 7.361239716509033 ], [ -13.095243541682635, 7.362005643911743 ], [ -13.096337424496937, 7.362777440172636 ], [ -13.09742715862302, 7.363555083158701 ], [ -13.09851271281093, 7.364338550569812 ], [ -13.099594055930652, 7.365127819938778 ], [ -13.100671156972737, 7.365922868631969 ], [ -13.101743985049438, 7.366723673850061 ], [ -13.102812509395676, 7.367530212628196 ], [ -13.103876699369778, 7.368342461837983 ], [ -13.104936524453933, 7.369160398186466 ], [ -13.105991954256069, 7.369983998218231 ], [ -13.107042958510078, 7.370813238314724 ], [ -13.108089507076215, 7.371648094696411 ], [ -13.109131569943202, 7.372488543422151 ], [ -13.110169117228054, 7.373334560390617 ], [ -13.111202119177278, 7.374186121341097 ], [ -13.112230546167837, 7.375043201853259 ], [ -13.113254368707771, 7.37590577734926 ], [ -13.11427355743723, 7.376773823093004 ], [ -13.115288083129258, 7.377647314191677 ], [ -13.116297916690542, 7.378526225596659 ], [ -13.117303029162485, 7.379410532103577 ], [ -13.118303391721724, 7.380300208353617 ], [ -13.11929897568092, 7.381195228833349 ], [ -13.120289752490294, 7.382095567877059 ], [ -13.121275693737516, 7.383001199665443 ], [ -13.122256771149125, 7.38391209822845 ], [ -13.123232956590869, 7.38482823744414 ], [ -13.124204222069181, 7.385749591040906 ], [ -13.125170539731073, 7.386676132597302 ], [ -13.126131881865945, 7.387607835543008 ], [ -13.127088220905648, 7.388544673159913 ], [ -13.128039529425507, 7.389486618582737 ], [ -13.128985780145001, 7.390433644799487 ], [ -13.129926945928958, 7.39138572465248 ], [ -13.130862999787723, 7.392342830839311 ], [ -13.131793914878472, 7.393304935913307 ], [ -13.13271966450543, 7.394272012284318 ], [ -13.133640222121301, 7.395244032219978 ], [ -13.134555561327375, 7.396220967845863 ], [ -13.135465655874839, 7.397202791146753 ], [ -13.136370479665231, 7.398189473966966 ], [ -13.13727000675101, 7.399180988011892 ], [ -13.138164211336857, 7.400177304848057 ], [ -13.139053067779798, 7.401178395904481 ], [ -13.139936550590448, 7.402184232473019 ], [ -13.140814634433411, 7.403194785709672 ], [ -13.141687294128133, 7.404210026635155 ], [ -13.142554504649524, 7.405229926135632 ], [ -13.143416241128818, 7.40625445496363 ], [ -13.144272478854418, 7.407283583739229 ], [ -13.145123193272184, 7.408317282950293 ], [ -13.145968359986398, 7.409355522953774 ], [ -13.146807954760277, 7.41039827397617 ], [ -13.147641953517279, 7.411445506115058 ], [ -13.148470332340935, 7.412497189339263 ], [ -13.149293067476151, 7.413553293489713 ], [ -13.150110135329442, 7.414613788281088 ], [ -13.150921512469949, 7.41567864330176 ], [ -13.151727175630299, 7.416747828015161 ], [ -13.15252710170671, 7.417821311760804 ], [ -13.153321267759623, 7.418899063754395 ], [ -13.154109651015119, 7.419981053089714 ], [ -13.154892228865094, 7.421067248738836 ], [ -13.155668978867652, 7.422157619553275 ], [ -13.156439878748188, 7.423252134264658 ], [ -13.157204906399897, 7.424350761486039 ], [ -13.157964039884064, 7.425453469712465 ], [ -13.158717257431533, 7.426560227321602 ], [ -13.159464537442375, 7.427671002575607 ], [ -13.160205858487018, 7.428785763620851 ], [ -13.160941199306876, 7.429904478489846 ], [ -13.16167053881486, 7.431027115101415 ], [ -13.162393856095605, 7.432153641262119 ], [ -13.163111130407117, 7.433284024666818 ], [ -13.16382234118015, 7.434418232899759 ], [ -13.164527468019628, 7.435556233435648 ], [ -13.165226490704526, 7.43669799364045 ], [ -13.165919389189526, 7.437843480772074 ], [ -13.16660614360444, 7.438992661982013 ], [ -13.167286734255413, 7.440145504315069 ], [ -13.167961141625256, 7.441301974712019 ], [ -13.168629346374473, 7.44246204000882 ], [ -13.169291329340695, 7.443625666938601 ], [ -13.169947071540832, 7.444792822132229 ], [ -13.170596554170174, 7.445963472120013 ], [ -13.17123975860369, 7.447137583331141 ], [ -13.171876666396429, 7.448315122096119 ], [ -13.172507259283918, 7.449496054646772 ], [ -13.173131519183016, 7.45068034711835 ], [ -13.173749428191741, 7.451867965548786 ], [ -13.17436096859069, 7.453058875881084 ], [ -13.174966122842761, 7.454253043964286 ], [ -13.175564873594112, 7.455450435553018 ], [ -13.176157203674677, 7.456651016310445 ], [ -13.176743096098392, 7.457854751807702 ], [ -13.177322534063592, 7.459061607525655 ], [ -13.177895500953923, 7.46027154885553 ], [ -13.178461980338795, 7.461484541100333 ], [ -13.179021955973326, 7.462700549475358 ], [ -13.179575411799135, 7.463919539109554 ], [ -13.180122331945086, 7.46514147504621 ], [ -13.180662700727339, 7.466366322244255 ], [ -13.181196502649641, 7.467594045579176 ], [ -13.181723722404627, 7.468824609843864 ], [ -13.182244344873141, 7.47005797974964 ], [ -13.182758355125713, 7.471294119927791 ], [ -13.18326573842171, 7.472532994929622 ], [ -13.183766480211546, 7.473774569228283 ], [ -13.184260566135436, 7.475018807219669 ], [ -13.184747982024589, 7.476265673223224 ], [ -13.185228713901381, 7.477515131482562 ], [ -13.185702747980315, 7.47876714616757 ], [ -13.186170070667458, 7.480021681374467 ], [ -13.186630668561577, 7.481278701127451 ], [ -13.187084528454079, 7.482538169379268 ], [ -13.187531637330096, 7.483800050012519 ], [ -13.187971982367685, 7.485064306840457 ], [ -13.188405550939365, 7.486330903608746 ], [ -13.188832330611774, 7.487599803995067 ], [ -13.189252309146298, 7.488870971611789 ], [ -13.18966547449935, 7.490144370006135 ], [ -13.190071814822602, 7.491419962660927 ], [ -13.190471318463779, 7.492697712996517 ], [ -13.190863973966032, 7.493977584371237 ], [ -13.191249770069703, 7.4952595400826 ], [ -13.191628695711188, 7.496543543368205 ], [ -13.192000740024184, 7.497829557407272 ], [ -13.192365892339865, 7.499117545320928 ], [ -13.192724142186535, 7.500407470174082 ], [ -13.19307547929111, 7.501699294975879 ], [ -13.193419893578152, 7.502992982680951 ], [ -13.193757375170946, 7.504288496190554 ], [ -13.194087914392014, 7.50558579835382 ], [ -13.19441150176209, 7.50688485196838 ], [ -13.194728128002055, 7.5081856197815 ], [ -13.195037784032024, 7.50948806449145 ], [ -13.195340460972204, 7.510792148748408 ], [ -13.195636150142548, 7.512097835155544 ], [ -13.195924843063949, 7.513405086270211 ], [ -13.196206531457449, 7.51471386460446 ], [ -13.196481207245256, 7.516024132627081 ], [ -13.196748862550464, 7.517335852763665 ], [ -13.197009489697791, 7.518648987398649 ], [ -13.197263081213066, 7.519963498875541 ], [ -13.197509629824253, 7.521279349498343 ], [ -13.197749128461112, 7.52259650153303 ], [ -13.197981570255706, 7.523914917207833 ], [ -13.198206948542179, 7.525234558714999 ], [ -13.198425256857604, 7.52655538821142 ], [ -13.198636488941474, 7.527877367820224 ], [ -13.198840638736499, 7.529200459631284 ], [ -13.199037700388317, 7.530524625702867 ], [ -13.199227668245669, 7.531849828061866 ], [ -13.199410536861024, 7.533176028706123 ], [ -13.199586300990404, 7.534503189604663 ], [ -13.199754955593221, 7.535831272698431 ], [ -13.199916495833236, 7.537160239902846 ], [ -13.200070917078051, 7.538490053107239 ], [ -13.200218214899166, 7.539820674176951 ], [ -13.200358385072661, 7.541152064954304 ], [ -13.200491423578853, 7.54248418725922 ], [ -13.200617326602753, 7.543817002890933 ], [ -13.200736090533837, 7.545150473628496 ], [ -13.200847711966333, 7.546484561232432 ], [ -13.200952187699215, 7.547819227445757 ], [ -13.201049514736667, 7.549154433994261 ], [ -13.201139690287505, 7.550490142588671 ], [ -13.201222711765752, 7.551826314925506 ], [ -13.201298576790748, 7.553162912687412 ], [ -13.201367283186983, 7.554499897545497 ], [ -13.201428828984035, 7.55583723115916 ], [ -13.201483212417088, 7.557174875178191 ], [ -13.201530431926358, 7.558512791243231 ], [ -13.201570486158118, 7.559850940987474 ], [ -13.201603373963508, 7.561189286037006 ], [ -13.201629094399493, 7.562527788012574 ], [ -13.201647646728418, 7.563866408530316 ], [ -13.201659030418398, 7.565205109202907 ], [ -13.201663245142811, 7.566543851641086 ], [ -13.201660290780978, 7.567882597453774 ], [ -13.201650167417426, 7.569221308250405 ], [ -13.201632875342625, 7.570559945641037 ], [ -13.201608415052306, 7.571898471237887 ], [ -13.201576787248086, 7.573236846656698 ], [ -13.201537992836847, 7.574575033516851 ], [ -13.201492032931014, 7.575912993444092 ], [ -13.201438908848729, 7.577250688069569 ], [ -13.201378622113282, 7.578588079033011 ], [ -13.201311174453565, 7.579925127982108 ], [ -13.201236567803733, 7.581261796575006 ], [ -13.201154804303314, 7.582598046480371 ], [ -13.201065886296931, 7.583933839378687 ], [ -13.200969816334464, 7.585269136964257 ], [ -13.200866597171114, 7.586603900944681 ], [ -13.200756231766377, 7.587938093043704 ], [ -13.200638723285579, 7.589271675000759 ], [ -13.20051407509834, 7.590604608573358 ], [ -13.20038229077926, 7.591936855537085 ], [ -13.200243374107288, 7.593268377687764 ], [ -13.200097329066352, 7.59459913684168 ], [ -13.199944159844279, 7.595929094836777 ], [ -13.199783870833642, 7.59725821353436 ], [ -13.199616466630914, 7.598586454819895 ], [ -13.199441952036807, 7.599913780603401 ], [ -13.19926033205553, 7.601240152821845 ], [ -13.199071611895761, 7.60256553343919 ], [ -13.198875796969105, 7.603889884447767 ], [ -13.198672892890954, 7.605213167869636 ], [ -13.198462905479914, 7.606535345757152 ], [ -13.198245840757806, 7.607856380194903 ], [ -13.198021704949269, 7.609176233299934 ], [ -13.197790504481759, 7.610494867223053 ], [ -13.197552245985435, 7.611812244150258 ], [ -13.197306936292648, 7.613128326303581 ], [ -13.19705458243817, 7.614443075941779 ], [ -13.196795191658566, 7.615756455362657 ], [ -13.196528771392536, 7.617068426902392 ], [ -13.196255329279779, 7.618378952938201 ], [ -13.195974873162072, 7.619687995888341 ], [ -13.195687411081792, 7.620995518213931 ], [ -13.195392951282486, 7.622301482419346 ], [ -13.195091502208243, 7.623605851053924 ], [ -13.19478307250364, 7.62490858671282 ], [ -13.194467671013456, 7.62620965203763 ], [ -13.194145306782275, 7.627509009718153 ], [ -13.193815989054485, 7.628806622493073 ], [ -13.193479727273882, 7.630102453151096 ], [ -13.193136531083439, 7.631396464532031 ], [ -13.192786410324572, 7.632688619527983 ], [ -13.192429375037989, 7.633978881084261 ], [ -13.192065435461927, 7.635267212200347 ], [ -13.191694602033238, 7.636553575930918 ], [ -13.191316885386129, 7.637837935387552 ], [ -13.190932296352173, 7.639120253738952 ], [ -13.190540845960356, 7.640400494212599 ], [ -13.190142545435947, 7.641678620095092 ], [ -13.189737406200891, 7.642954594734249 ], [ -13.189325439873471, 7.644228381539165 ], [ -13.188906658267342, 7.645499943981918 ], [ -13.188481073391927, 7.64676924559825 ], [ -13.18804869745145, 7.648036249988706 ], [ -13.187609542845166, 7.649300920819883 ], [ -13.187163622166281, 7.650563221824939 ], [ -13.186710948202744, 7.651823116805645 ], [ -13.186251533935661, 7.653080569631982 ], [ -13.185785392539231, 7.654335544244361 ], [ -13.185312537381208, 7.655588004654589 ], [ -13.184832982021362, 7.656837914945754 ], [ -13.184346740211652, 7.658085239274953 ], [ -13.183853825896165, 7.659329941872613 ], [ -13.183354253209927, 7.660571987045273 ], [ -13.182848036479015, 7.661811339174676 ], [ -13.182335190220044, 7.663047962720441 ], [ -13.181815729139828, 7.664281822220346 ], [ -13.181289668134752, 7.665512882291296 ], [ -13.18075702229055, 7.666741107630685 ], [ -13.180217806881672, 7.667966463016739 ], [ -13.17967203737112, 7.66918891331045 ], [ -13.179119729409877, 7.670408423456138 ], [ -13.178560898836054, 7.671624958482084 ], [ -13.177995561675232, 7.672838483501948 ], [ -13.177423734139609, 7.674048963716132 ], [ -13.176845432626976, 7.675256364411837 ], [ -13.176260673721231, 7.6764606509646 ], [ -13.175669474191295, 7.677661788839828 ], [ -13.175071850990946, 7.678859743592795 ], [ -13.17446782125802, 7.680054480869728 ], [ -13.173857402314184, 7.681245966409847 ], [ -13.173240611664085, 7.682434166045255 ], [ -13.172617466995234, 7.683619045702017 ], [ -13.171987986177555, 7.684800571401865 ], [ -13.171352187262357, 7.685978709262542 ], [ -13.170710088482338, 7.687153425499048 ], [ -13.170061708250614, 7.688324686424096 ], [ -13.16940706516084, 7.68949245844999 ], [ -13.168746177985781, 7.690656708088738 ], [ -13.168079065677773, 7.691817401953472 ], [ -13.167405747367297, 7.692974506759413 ], [ -13.166726242362756, 7.694127989324727 ], [ -13.166040570150244, 7.695277816570922 ], [ -13.165348750392582, 7.696423955525177 ], [ -13.164650802928747, 7.69756637331983 ], [ -13.163946747773878, 7.698705037193974 ], [ -13.163236605117731, 7.699839914494532 ], [ -13.162520395324918, 7.700970972676942 ], [ -13.161798138934046, 7.70209817930629 ], [ -13.161069856656979, 7.703221502057943 ], [ -13.160335569378447, 7.704340908718621 ], [ -13.159595298155466, 7.70545636718748 ], [ -13.158849064216554, 7.706567845476798 ], [ -13.158096888961154, 7.707675311713217 ], [ -13.157338793959354, 7.708778734137923 ], [ -13.15657480095075, 7.709878081108741 ], [ -13.155804931843988, 7.710973321099686 ], [ -13.155029208716542, 7.712064422703065 ], [ -13.154247653813627, 7.713151354629758 ], [ -13.153460289547581, 7.714234085710018 ], [ -13.152667138497577, 7.715312584894548 ], [ -13.151868223408314, 7.716386821255753 ], [ -13.151063567190306, 7.717456763987855 ], [ -13.150253192918228, 7.718522382408594 ], [ -13.149437123831092, 7.719583645959574 ], [ -13.148615383331105, 7.720640524207056 ], [ -13.147787994983048, 7.721692986843379 ], [ -13.146954982513648, 7.722741003687361 ], [ -13.146116369810898, 7.723784544685145 ], [ -13.145272180923655, 7.724823579911742 ], [ -13.144422440060282, 7.725858079570799 ], [ -13.1435671715887, 7.726888013996358 ], [ -13.142706400035195, 7.727913353653321 ], [ -13.141840150083681, 7.728934069138063 ], [ -13.140968446575584, 7.729950131180033 ], [ -13.140091314508311, 7.730961510641976 ], [ -13.141802325609717, 7.73276454013461 ], [ -13.144750106574293, 7.735981478560689 ], [ -13.147641295260655, 7.739249372902805 ], [ -13.150475010984735, 7.742567227728728 ], [ -13.153250390569099, 7.745934032387936 ], [ -13.155966588606702, 7.749348761318856 ], [ -13.158622777716744, 7.752810374362355 ], [ -13.161218148798753, 7.756317817077274 ], [ -13.163751911277245, 7.759870021062682 ], [ -13.166223293343705, 7.763465904282668 ], [ -13.168631542191235, 7.767104371396556 ], [ -13.17097592424409, 7.770784314091998 ], [ -13.1732557253805, 7.774504611422856 ], [ -13.175470251151069, 7.778264130150262 ], [ -13.177618826989658, 7.782061725088681 ], [ -13.179700798419674, 7.785896239453905 ], [ -13.181715531252053, 7.789766505215482 ], [ -13.183662411779608, 7.793671343453127 ], [ -13.185540846964159, 7.797609564715117 ], [ -13.187350264615702, 7.801579969381351 ], [ -13.189090113568113, 7.805581348028056 ], [ -13.190759863846552, 7.809612481796364 ], [ -13.192359006829122, 7.813672142764119 ], [ -13.193887055401433, 7.817759094318887 ], [ -13.195343544104844, 7.821872091536022 ], [ -13.196728029278745, 7.826009881556672 ], [ -13.198040089195615, 7.830171203969712 ], [ -13.199279324189433, 7.834354791196063 ], [ -13.200445356777209, 7.838559368874826 ], [ -13.201537831774033, 7.842783656250333 ], [ -13.202556416401251, 7.847026366564421 ], [ -13.203500800388269, 7.851286207445924 ], [ -13.20437069606686, 7.855561881306187 ], [ -13.205165838458015, 7.859852085733621 ], [ -13.205885985353802, 7.864155513890239 ], [ -13.206530917390467, 7.868470854910413 ], [ -13.207100438115276, 7.872796794298949 ], [ -13.207594374046892, 7.877132014333483 ], [ -13.208012574728002, 7.881475194463519 ], [ -13.208354912770005, 7.885825011714246 ], [ -13.208621283893649, 7.890180141089616 ], [ -13.208811606959671, 7.894539255974678 ], [ -13.20892582399398, 7.898901028541104 ], [ -13.208963900204878, 7.903264130150319 ], [ -13.20892582399398, 7.907627231759761 ], [ -13.208811606959671, 7.911989004326017 ], [ -13.208621283893649, 7.916348119211079 ], [ -13.208354912770005, 7.920703248586392 ], [ -13.208012574728002, 7.925053065837346 ], [ -13.207594374046892, 7.929396245967212 ], [ -13.207100438115276, 7.933731466001689 ], [ -13.206530917390467, 7.938057405390452 ], [ -13.205885985353802, 7.942372746410456 ], [ -13.205165838458015, 7.946676174567017 ], [ -13.20437069606686, 7.950966378994451 ], [ -13.203504301631142, 7.955227080525106 ], [ -13.205874867591263, 7.955923937671457 ], [ -13.210036190004416, 7.957235997588555 ], [ -13.214173980024896, 7.958620482762512 ], [ -13.218286977242201, 7.960076971465867 ], [ -13.222373928797026, 7.96160502003795 ], [ -13.226433589764554, 7.963204163020634 ], [ -13.230464723533032, 7.96487391329913 ], [ -13.234466102179681, 7.966613762251654 ], [ -13.238436506845915, 7.968423179903084 ], [ -13.242374728107961, 7.970301615087578 ], [ -13.246279566345606, 7.972248495615133 ], [ -13.25014983210707, 7.974263228447626 ], [ -13.253984346472123, 7.976345199877528 ], [ -13.257781941410656, 7.978493775716174 ], [ -13.261541460138176, 7.9807083014868 ], [ -13.265261757469034, 7.982988102623267 ], [ -13.268941700164362, 7.985332484675837 ], [ -13.272580167278363, 7.987740733523481 ], [ -13.27617605049852, 7.990212115590111 ], [ -13.2797282544837, 7.992745878068547 ], [ -13.283235697198734, 7.995341249150499 ], [ -13.286697310242062, 7.997997438260541 ], [ -13.290112039173039, 8.000713636298087 ], [ -13.293478843832304, 8.003489015882565 ], [ -13.296069028426757, 8.005692632849104 ], [ -13.318286939236032, 8.024856681046913 ], [ -13.319298157656647, 8.025733639036844 ], [ -13.320304666320453, 8.026615998555485 ], [ -13.321306436374925, 8.027503734308993 ], [ -13.322303439103393, 8.028396820849878 ], [ -13.323295645926123, 8.029295232577113 ], [ -13.324283028400259, 8.030198943736536 ], [ -13.325265558221815, 8.031107928422841 ], [ -13.326243207225787, 8.032022160579118 ], [ -13.327215947386833, 8.032941613997764 ], [ -13.328183750820585, 8.033866262322249 ], [ -13.329146589783988, 8.034796079046487 ], [ -13.33010443667655, 8.035731037516427 ], [ -13.33105726404068, 8.036671110930911 ], [ -13.33200504456272, 8.037616272341552 ], [ -13.332947751073732, 8.038566494654674 ], [ -13.333885356550184, 8.039521750631195 ], [ -13.334817834114745, 8.040482012888106 ], [ -13.335745157037138, 8.041447253898241 ], [ -13.336667298734881, 8.042417445992385 ], [ -13.337584232773906, 8.043392561359155 ], [ -13.338495932869478, 8.044372572045802 ], [ -13.339402372886923, 8.045357449959397 ], [ -13.340303526842376, 8.046347166868031 ], [ -13.341199368903347, 8.047341694400018 ], [ -13.342089873389796, 8.048341004046563 ], [ -13.342975014774765, 8.04934506716171 ], [ -13.343854767684661, 8.050353854962736 ], [ -13.344729106900559, 8.051367338532373 ], [ -13.345598007359058, 8.052385488817663 ], [ -13.346461444151885, 8.053408276632808 ], [ -13.347319392528391, 8.054435672658485 ], [ -13.348171827894419, 8.055467647443606 ], [ -13.349018725814119, 8.05650417140555 ], [ -13.349860062010407, 8.057545214831578 ], [ -13.350695812365814, 8.058590747879293 ], [ -13.351525952922714, 8.059640740577208 ], [ -13.352350459884462, 8.060695162826846 ], [ -13.35316930961568, 8.061753984401946 ], [ -13.353982478643331, 8.06281717495051 ], [ -13.354789943657408, 8.063884703995257 ], [ -13.3555916815111, 8.064956540934645 ], [ -13.35638766922159, 8.066032655043216 ], [ -13.357177883971758, 8.067113015473296 ], [ -13.357962303108877, 8.068197591255569 ], [ -13.358740904147112, 8.069286351299638 ], [ -13.359513664767121, 8.070379264395115 ], [ -13.360280562817081, 8.071476299212804 ], [ -13.361041576313141, 8.072577424305223 ], [ -13.361796683440161, 8.073682608107447 ], [ -13.362545862552338, 8.074791818938763 ], [ -13.363289092173829, 8.075905025002271 ], [ -13.364026350999325, 8.077022194387155 ], [ -13.364757617894497, 8.078143295068799 ], [ -13.365482871897029, 8.079268294909639 ], [ -13.366202092216895, 8.080397161660812 ], [ -13.366915258236986, 8.0815298629621 ], [ -13.367622349513624, 8.082666366343801 ], [ -13.368323345777583, 8.083806639227021 ], [ -13.369018226934202, 8.084950648924689 ], [ -13.369706973064012, 8.086098362642872 ], [ -13.370389564423476, 8.087249747481394 ], [ -13.371065981445497, 8.088404770434579 ], [ -13.371736204740046, 8.089563398392784 ], [ -13.372400215094672, 8.090725598143081 ], [ -13.373057993474731, 8.091891336369542 ], [ -13.373709521024466, 8.093060579655742 ], [ -13.374354779067289, 8.094233294483899 ], [ -13.374993749106295, 8.095409447237444 ], [ -13.375626412824886, 8.096589004200666 ], [ -13.376252752087282, 8.09777193156043 ], [ -13.376872748938581, 8.09895819540742 ], [ -13.377486385606346, 8.100147761736082 ], [ -13.378093644500098, 8.101340596446335 ], [ -13.37869450821205, 8.102536665344871 ], [ -13.379288959518021, 8.10373593414505 ], [ -13.379876981377549, 8.104938368468879 ], [ -13.380458556934514, 8.10614393384725 ], [ -13.430267678851237, 8.210105006374249 ], [ -13.477813605281028, 8.27328779324904 ], [ -13.478615594113307, 8.274359499132743 ], [ -13.479411833305278, 8.275435483675949 ], [ -13.480202300030498, 8.276515716032861 ], [ -13.480986971627999, 8.277600165235128 ], [ -13.481765825602906, 8.278688800194175 ], [ -13.482538839627239, 8.279781589701088 ], [ -13.483305991540078, 8.280878502428152 ], [ -13.484067259349217, 8.281979506929019 ], [ -13.484822621230535, 8.283084571640416 ], [ -13.485572055529587, 8.284193664882537 ], [ -13.486315540761552, 8.285306754860073 ], [ -13.487053055612535, 8.286423809663063 ], [ -13.48778457893934, 8.287544797268197 ], [ -13.488510089770841, 8.288669685538878 ], [ -13.489229567308371, 8.289798442226981 ], [ -13.489942990925897, 8.29093103497388 ], [ -13.490650340171214, 8.292067431310386 ], [ -13.491351594766058, 8.293207598658284 ], [ -13.492046734607015, 8.294351504331757 ], [ -13.492735739765976, 8.295499115537325 ], [ -13.493418590490649, 8.296650399375494 ], [ -13.494095267205239, 8.297805322841555 ], [ -13.494765750510567, 8.298963852826205 ], [ -13.495430021185825, 8.300125956116972 ], [ -13.496088060187333, 8.301291599398951 ], [ -13.496739848650975, 8.302460749255317 ], [ -13.497385367891013, 8.303633372169656 ], [ -13.498024599402186, 8.304809434524884 ], [ -13.498657524858686, 8.305988902606146 ], [ -13.499284126116152, 8.307171742600417 ], [ -13.499904385211323, 8.308357920598553 ], [ -13.50051828436267, 8.309547402595229 ], [ -13.501125805971014, 8.310740154490531 ], [ -13.501726932619988, 8.311936142090815 ], [ -13.502321647076599, 8.313135331109834 ], [ -13.502909932291686, 8.31433768716937 ], [ -13.503491771400491, 8.315543175800428 ], [ -13.504067147722822, 8.31675176244454 ], [ -13.504636044764027, 8.317963412453651 ], [ -13.505198446214763, 8.319178091092738 ], [ -13.505754335952474, 8.320395763539693 ], [ -13.506303698041052, 8.321616394886121 ], [ -13.50684651673123, 8.322839950139326 ], [ -13.507382776461668, 8.324066394222825 ], [ -13.507912461859007, 8.325295691976748 ], [ -13.508435557738323, 8.326527808160222 ], [ -13.508952049103641, 8.327762707450802 ], [ -13.509461921148045, 8.329000354446691 ], [ -13.509965159254875, 8.330240713667365 ], [ -13.510461748997272, 8.331483749554195 ], [ -13.510951676138973, 8.332729426472099 ], [ -13.511434926634877, 8.333977708710393 ], [ -13.511911486631391, 8.335228560483472 ], [ -13.51238134246654, 8.336481945931894 ], [ -13.512844480670481, 8.337737829123967 ], [ -13.513300887966011, 8.338996174056433 ], [ -13.51375055126897, 8.340256944654925 ], [ -13.514193457688577, 8.341520104776123 ], [ -13.514629594527662, 8.342785618207927 ], [ -13.515058949282889, 8.344053448670593 ], [ -13.515481509645781, 8.34532355981861 ], [ -13.515897263502438, 8.34659591524013 ], [ -13.51630619893416, 8.347870478459924 ], [ -13.516708304217559, 8.34914721293859 ], [ -13.517103567825075, 8.350426082075387 ], [ -13.517491978425483, 8.351707049207619 ], [ -13.517873524883839, 8.352990077612731 ], [ -13.518248196262107, 8.354275130509166 ], [ -13.518615981819153, 8.355562171057102 ], [ -13.518976871011432, 8.356851162360101 ], [ -13.519330853492988, 8.358142067465394 ], [ -13.51967791911602, 8.359434849365584 ], [ -13.520018057930827, 8.360729470999502 ], [ -13.52035126018626, 8.362025895253112 ], [ -13.520677516330409, 8.363324084960709 ], [ -13.520996817009916, 8.364624002905884 ], [ -13.521309153071286, 8.365925611822888 ], [ -13.521614515560543, 8.36722887439754 ], [ -13.521912895723517, 8.368533753267911 ], [ -13.522204285006239, 8.369840211026258 ], [ -13.522488675055456, 8.371148210218962 ], [ -13.522766057718059, 8.372457713348695 ], [ -13.523036425042335, 8.373768682874697 ], [ -13.52329976927723, 8.375081081214603 ], [ -13.523556082873313, 8.376394870744377 ], [ -13.523805358482548, 8.377710013800879 ], [ -13.524047588958922, 8.37902647268146 ], [ -13.524282767357988, 8.380344209646523 ], [ -13.524510886937946, 8.381663186918956 ], [ -13.524731941158848, 8.382983366686972 ], [ -13.524945923683845, 8.384304711103596 ], [ -13.525152828378111, 8.385627182288772 ], [ -13.525352649310435, 8.386950742330271 ], [ -13.525545380752362, 8.388275353284143 ], [ -13.525731017178771, 8.389600977177111 ], [ -13.525909553267525, 8.390927576006163 ], [ -13.526080983900783, 8.39225511174061 ], [ -13.526245304163808, 8.393583546322873 ], [ -13.526402509345814, 8.394912841669736 ], [ -13.526552594940142, 8.396242959673032 ], [ -13.526695556644313, 8.397573862201114 ], [ -13.526831390359803, 8.398905511099997 ], [ -13.526960092192439, 8.40023786819421 ], [ -13.533905001907044, 8.474201961315714 ], [ -13.53402665826269, 8.475535585553757 ], [ -13.534141168025883, 8.476869842422104 ], [ -13.534248527909369, 8.478204693624491 ], [ -13.534348734832065, 8.479540100846805 ], [ -13.534441785917522, 8.480876025759358 ], [ -13.534527678495067, 8.48221243001791 ], [ -13.534606410099286, 8.483549275263783 ], [ -13.534677978470427, 8.484886523125908 ], [ -13.534742381554111, 8.486224135222017 ], [ -13.534799617502074, 8.487562073158983 ], [ -13.534849684671144, 8.488900298534475 ], [ -13.534892581624604, 8.49023877293763 ], [ -13.534928307131111, 8.491577457951166 ], [ -13.534956860165039, 8.492916315150808 ], [ -13.534978239907105, 8.494255306107846 ], [ -13.534992445743626, 8.495594392390103 ], [ -13.534999477266638, 8.49693353556188 ], [ -13.53499933427446, 8.498272697186337 ], [ -13.534992016771298, 8.499611838825899 ], [ -13.534977524966962, 8.500950922043899 ], [ -13.534955859277488, 8.502289908404748 ], [ -13.534927020324858, 8.503628759476214 ], [ -13.534891008936711, 8.504967436829702 ], [ -13.534847826146745, 8.506305902041618 ], [ -13.534797473194317, 8.507644116694507 ], [ -13.534739951524841, 8.508982042377966 ], [ -13.534675262789051, 8.510319640689886 ], [ -13.534603408844077, 8.511656873237882 ], [ -13.534524391751972, 8.5129937016398 ], [ -13.534438213781073, 8.514330087524968 ], [ -13.534344877404578, 8.515665992535787 ], [ -13.53424438530169, 8.517001378327905 ], [ -13.534136740356757, 8.518336206572485 ], [ -13.534021945659333, 8.519670438956439 ], [ -13.53390000450463, 8.521004037183673 ], [ -13.533770920392442, 8.52233696297634 ], [ -13.533634697027935, 8.523669178075977 ], [ -13.533491338321085, 8.525000644244585 ], [ -13.533340848386445, 8.526331323265424 ], [ -13.533183231543831, 8.527661176944548 ], [ -13.533018492316955, 8.528990167111544 ], [ -13.532846635434623, 8.530318255620898 ], [ -13.532667665829081, 8.531645404352957 ], [ -13.532481588637665, 8.532971575215186 ], [ -13.532288409201215, 8.534296730142842 ], [ -13.532088133064292, 8.535620831100402 ], [ -13.531880765975359, 8.536943840082586 ], [ -13.53166631388666, 8.538265719115884 ], [ -13.531444782953372, 8.539586430258623 ], [ -13.531216179534113, 8.540905935602893 ], [ -13.530980510190204, 8.542224197275345 ], [ -13.530737781686014, 8.543541177438499 ], [ -13.530488000988782, 8.54485683829148 ], [ -13.530231175267602, 8.546171142071387 ], [ -13.529967311894154, 8.547484051054198 ], [ -13.529696418442029, 8.548795527555797 ], [ -13.529418502686553, 8.550105533933504 ], [ -13.529133572604451, 8.551414032586536 ], [ -13.528841636374409, 8.552720985957706 ], [ -13.528542702375432, 8.554026356533939 ], [ -13.528236779187694, 8.555330106847521 ], [ -13.527923875592194, 8.556632199477349 ], [ -13.527604000570079, 8.557932597050069 ], [ -13.527277163302529, 8.559231262240758 ], [ -13.526943373170639, 8.560528157774115 ], [ -13.526602639755197, 8.561823246426059 ], [ -13.526254972835943, 8.563116491024061 ], [ -13.52590038239191, 8.564407854448405 ], [ -13.525538878600855, 8.565697299633712 ], [ -13.525170471838862, 8.566984789569347 ], [ -13.524795172680172, 8.568270287301061 ], [ -13.524412991896895, 8.56955375593185 ], [ -13.524023940458562, 8.570835158622288 ], [ -13.523628029532119, 8.572114458592978 ], [ -13.523225270481078, 8.573391619124607 ], [ -13.522815674865797, 8.574666603559422 ], [ -13.522399254442746, 8.57593937530163 ], [ -13.521976021164278, 8.577209897819785 ], [ -13.521545987178342, 8.578478134646105 ], [ -13.521109164827976, 8.579744049379144 ], [ -13.520665566651303, 8.58100760568351 ], [ -13.520215205380623, 8.582268767291907 ], [ -13.519758093942414, 8.583527498005878 ], [ -13.519294245457274, 8.584783761696087 ], [ -13.518823673238501, 8.586037522304878 ], [ -13.518346390793113, 8.587288743845647 ], [ -13.517862411820204, 8.588537390405122 ], [ -13.517371750211339, 8.589783426143867 ], [ -13.51687442004976, 8.591026815297482 ], [ -13.516370435610156, 8.592267522177281 ], [ -13.515859811358212, 8.593505511171657 ], [ -13.515342561950206, 8.594740746746993 ], [ -13.51481870223256, 8.59597319344897 ], [ -13.514288247241495, 8.59720281590279 ], [ -13.513751212202294, 8.598429578815399 ], [ -13.51320761252947, 8.599653446975253 ], [ -13.512657463825803, 8.600874385253917 ], [ -13.512100781881884, 8.602092358607592 ], [ -13.511537582675942, 8.603307332076952 ], [ -13.510967882373393, 8.604519270789183 ], [ -13.510391697326156, 8.605728139958387 ], [ -13.509809044072142, 8.60693390488666 ], [ -13.509219939335253, 8.608136530965737 ], [ -13.508624400024132, 8.609335983676601 ], [ -13.508022443232448, 8.610532228592149 ], [ -13.507414086237873, 8.611725231376738 ], [ -13.506799346502135, 8.612914957788121 ], [ -13.506178241669431, 8.614101373677954 ], [ -13.505550789567508, 8.615284444992994 ], [ -13.504917008205723, 8.61646413777612 ], [ -13.504276915775392, 8.617640418166673 ], [ -13.503630530648707, 8.618813252402674 ], [ -13.502977871378789, 8.619982606820372 ], [ -13.502318956698616, 8.621148447856172 ], [ -13.501653805520732, 8.622310742047773 ], [ -13.500982436936908, 8.623469456033661 ], [ -13.500304870217008, 8.624624556556114 ], [ -13.499621124809096, 8.625776010460584 ], [ -13.498931220338477, 8.626923784697283 ], [ -13.498235176607182, 8.628067846321926 ], [ -13.497533013593682, 8.629208162496923 ], [ -13.496824751451584, 8.630344700492401 ], [ -13.496110410510255, 8.631477427686548 ], [ -13.495390011272946, 8.632606311566974 ], [ -13.494663574417018, 8.633731319732021 ], [ -13.49393112079332, 8.634852419890649 ], [ -13.493192671424993, 8.63596957986465 ], [ -13.492448247507639, 8.637082767588311 ], [ -13.491697870408188, 8.63819195111023 ], [ -13.490941561664329, 8.639297098594 ], [ -13.490179342984277, 8.640398178319003 ], [ -13.489411236245587, 8.641495158680982 ], [ -13.489603618521926, 8.643493125011332 ], [ -13.489945956563929, 8.647842942262059 ], [ -13.490212327687686, 8.652198071637429 ], [ -13.490402650753765, 8.656557186522491 ], [ -13.490516867788187, 8.660918959088917 ], [ -13.490521339516192, 8.661183144720155 ], [ -13.492466276334596, 8.779792271764052 ], [ -13.492484297869169, 8.781099910030491 ], [ -13.492495478859894, 8.782407624677091 ], [ -13.492499819000614, 8.783715379919727 ], [ -13.492497318172582, 8.785023139973021 ], [ -13.492487976444124, 8.786330869051824 ], [ -13.492471794071093, 8.787638531371385 ], [ -13.492448771496129, 8.788946091149171 ], [ -13.492418909349226, 8.790253512605261 ], [ -13.492382208447623, 8.791560759963261 ], [ -13.492338669795572, 8.792867797452004 ], [ -13.492288294584455, 8.794174589305953 ], [ -13.492231084192667, 8.795481099766107 ], [ -13.492167040185848, 8.796787293081366 ], [ -13.492096164316138, 8.798093133508985 ], [ -13.492018458523489, 8.799398585316283 ], [ -13.491933924933846, 8.800703612780865 ], [ -13.491842565860566, 8.802008180192445 ], [ -13.491744383803507, 8.803312251852731 ], [ -13.491639381449318, 8.8046157920773 ], [ -13.491527561671262, 8.805918765196225 ], [ -13.491408927529278, 8.807221135554983 ], [ -13.491283482269523, 8.808522867515933 ], [ -13.491151229324771, 8.809823925458545 ], [ -13.491012172313845, 8.811124273780763 ], [ -13.490866315041899, 8.812423876900084 ], [ -13.490713661500308, 8.813722699254299 ], [ -13.490554215866155, 8.815020705302345 ], [ -13.490387982502455, 8.81631785952618 ], [ -13.490214965957989, 8.817614126430328 ], [ -13.49003517096736, 8.818909470543929 ], [ -13.489848602450195, 8.820203856421301 ], [ -13.487229708785151, 8.838042809703722 ], [ -13.488306607165214, 8.840111512244164 ], [ -13.48945255091968, 8.842389192933183 ], [ -13.510288453529427, 8.884334080558972 ], [ -13.510850410111402, 8.885472297068304 ], [ -13.511406546661931, 8.886613368564269 ], [ -13.511956848676789, 8.887757265287917 ], [ -13.512501301804093, 8.888903957406228 ], [ -13.513039891844301, 8.890053415013199 ], [ -13.513572604751062, 8.891205608131202 ], [ -13.514099426631162, 8.892360506710418 ], [ -13.514620343745037, 8.893518080631452 ], [ -13.515135342506994, 8.894678299704253 ], [ -13.515644409485958, 8.895841133670444 ], [ -13.516147531405181, 8.897006552203152 ], [ -13.516644695143498, 8.898174524907972 ], [ -13.517135887734526, 8.899345021324223 ], [ -13.517621096368146, 8.900518010925168 ], [ -13.518100308389933, 8.901693463119045 ], [ -13.518573511302066, 8.902871347249913 ], [ -13.519040692763156, 8.904051632598623 ], [ -13.519501840589328, 8.905234288382985 ], [ -13.519956942753595, 8.906419283759249 ], [ -13.520652949127737, 8.907493689911405 ], [ -13.521343375430888, 8.908571690362635 ], [ -13.522028203101627, 8.909653256132174 ], [ -13.522707413729563, 8.910738358143817 ], [ -13.523380989054886, 8.911826967225977 ], [ -13.524048910969555, 8.912919054112876 ], [ -13.524711161517359, 8.914014589445344 ], [ -13.5253677228946, 8.91511354377127 ], [ -13.526018577450543, 8.916215887546855 ], [ -13.526663707687874, 8.917321591137238 ], [ -13.527303096263097, 8.918430624816892 ], [ -13.527936725987104, 8.919542958770876 ], [ -13.528564579825684, 8.920658563095913 ], [ -13.54384663337612, 8.947958589452583 ], [ -13.544494185539293, 8.949122516961438 ], [ -13.545135525430851, 8.95028987902748 ], [ -13.545770634834639, 8.951460642494283 ], [ -13.546399495711341, 8.952634774108446 ], [ -13.547022090199675, 8.953812240520961 ], [ -13.547638400616052, 8.954993008288454 ], [ -13.548248409455141, 8.956177043873254 ], [ -13.548852099390785, 8.957364313645144 ], [ -13.549449453276623, 8.95855478388205 ], [ -13.550040454145915, 8.959748420770723 ], [ -13.550625085212062, 8.960945190408609 ], [ -13.551203329870248, 8.962145058803628 ], [ -13.551775171696136, 8.963347991875764 ], [ -13.552340594447855, 8.964553955457916 ], [ -13.552899582065663, 8.965762915297148 ], [ -13.553452118672624, 8.966974837055318 ], [ -13.553998188574894, 8.968189686309927 ], [ -13.554537776262407, 8.969407428555826 ], [ -13.555070866409267, 8.970628029204988 ], [ -13.555597443874092, 8.971851453589011 ], [ -13.556117493700413, 8.973077666958602 ], [ -13.556631001117296, 8.974306634485799 ], [ -13.557137951539346, 8.975538321263798 ], [ -13.557638330567897, 8.976772692309169 ], [ -13.558132123990561, 8.9780097125618 ], [ -13.558619317781847, 8.979249346886775 ], [ -13.55909989810425, 8.98049156007437 ], [ -13.559573851307675, 8.981736316842102 ], [ -13.560041163930407, 8.982983581834901 ], [ -13.560501822699393, 8.984233319626696 ], [ -13.560955814530359, 8.985485494721161 ], [ -13.561403126528717, 8.98674007155256 ], [ -13.561843745989393, 8.987997014487178 ], [ -13.562277660397342, 8.989256287823821 ], [ -13.562704857428059, 8.99051785579536 ], [ -13.563125324947976, 8.99178168256924 ], [ -13.563539051014459, 8.993047732248897 ], [ -13.56394602387644, 8.994315968875014 ], [ -13.564346231974412, 8.995586356425179 ], [ -13.564739663941509, 8.996858858817006 ], [ -13.565126308602942, 8.998133439907292 ], [ -13.565506154976845, 8.999410063493883 ], [ -13.565879192274508, 9.000688693317045 ], [ -13.566245409900262, 9.001969293059403 ], [ -13.566604797452612, 9.003251826348219 ], [ -13.566957344723789, 9.004536256755557 ], [ -13.567303041700427, 9.00582254779971 ], [ -13.56764187856345, 9.00711066294599 ], [ -13.567973845689096, 9.008400565607872 ], [ -13.56829893364835, 9.009692219148235 ], [ -13.568617133207852, 9.010985586880281 ], [ -13.568928435329553, 9.012280632068155 ], [ -13.569232831171689, 9.013577317928878 ], [ -13.569530312088375, 9.014875607632177 ], [ -13.569820869630405, 9.016175464302989 ], [ -13.570104495544797, 9.017476851021229 ], [ -13.570381181775815, 9.018779730823667 ], [ -13.5706509204648, 9.020084066704214 ], [ -13.570913703950168, 9.021389821616083 ], [ -13.571169524768322, 9.022696958471329 ], [ -13.571418375652911, 9.024005440143867 ], [ -13.571660249535853, 9.025315229468333 ], [ -13.571895139547394, 9.026626289242699 ], [ -13.572123039015651, 9.027938582229126 ], [ -13.57234394146775, 9.029252071154247 ], [ -13.572557840629315, 9.0305667187111 ], [ -13.572764730425092, 9.031882487559301 ], [ -13.572964604978438, 9.033199340327428 ], [ -13.573157458612684, 9.034517239612455 ], [ -13.573343285850001, 9.035836147982138 ], [ -13.573522081412364, 9.037156027975357 ], [ -13.573693840221381, 9.038476842103648 ], [ -13.573858557398637, 9.039798552851607 ], [ -13.574016228265577, 9.041121122678589 ], [ -13.574166848344021, 9.042444514019849 ], [ -13.574310413355761, 9.04376868928648 ], [ -13.574446919223078, 9.045093610868378 ], [ -13.57457636206891, 9.046419241133322 ], [ -13.574698738216512, 9.047745542429482 ], [ -13.574814044190362, 9.049072477085872 ], [ -13.574922276715029, 9.050400007413316 ], [ -13.575023432716421, 9.051728095705982 ], [ -13.575117509321785, 9.053056704242067 ], [ -13.575204503858515, 9.054385795284986 ], [ -13.575284413856139, 9.055715331084457 ], [ -13.575357237044784, 9.057045273877691 ], [ -13.575422971355977, 9.058375585889905 ], [ -13.575481614922751, 9.059706229336484 ], [ -13.575533166079595, 9.061037166422921 ], [ -13.57557762336188, 9.062368359346465 ], [ -13.575614985507286, 9.063699770297205 ], [ -13.575645251454432, 9.065031361459148 ], [ -13.575668420343732, 9.066363095010672 ], [ -13.575684491517279, 9.067694933126575 ], [ -13.57569346451811, 9.069026837978754 ], [ -13.575695339091851, 9.070358771736664 ], [ -13.575690115185125, 9.071690696569704 ], [ -13.575677792946067, 9.0730225746467 ], [ -13.575658372725002, 9.074354368138529 ], [ -13.575631855073368, 9.075686039218056 ], [ -13.575598240744398, 9.077017550061669 ], [ -13.575557530692777, 9.078348862850419 ], [ -13.575509726074813, 9.079679939770926 ], [ -13.575454828248439, 9.081010743016463 ], [ -13.575392838772586, 9.082341234788146 ], [ -13.57532375940832, 9.083671377295957 ], [ -13.575247592117535, 9.085001132759885 ], [ -13.575164339063576, 9.086330463410434 ], [ -13.575074002611188, 9.087659331490897 ], [ -13.574976585326112, 9.088987699257075 ], [ -13.574872089975429, 9.090315528979545 ], [ -13.57476051952699, 9.091642782943325 ], [ -13.574641877149816, 9.092969423450825 ], [ -13.575656431271966, 9.093843161753341 ], [ -13.576666283666043, 9.094722330014008 ], [ -13.577671405270848, 9.095606902932218 ], [ -13.578671767161381, 9.096496855052408 ], [ -13.579667340549463, 9.097392160763945 ], [ -13.580658096785271, 9.098292794301642 ], [ -13.581644007356942, 9.099198729747911 ], [ -13.582625043892506, 9.100109941031974 ], [ -13.583601178160052, 9.101026401931279 ], [ -13.584572382068643, 9.101948086072412 ], [ -13.585538627669678, 9.102874966931381 ], [ -13.586499887156549, 9.103807017835038 ], [ -13.587456132866976, 9.104744211960906 ], [ -13.588407337282206, 9.105686522339113 ], [ -13.589353473028837, 9.106633921851881 ], [ -13.590294512879552, 9.107586383235798 ], [ -13.591230429753466, 9.108543879080855 ], [ -13.592161196717143, 9.109506381832887 ], [ -13.593086786985225, 9.110473863793175 ], [ -13.594007173921511, 9.111446297120324 ], [ -13.594922331039584, 9.112423653829637 ], [ -13.595832232003431, 9.113405905795446 ], [ -13.59673685062819, 9.114393024750711 ], [ -13.597636160881223, 9.115384982288731 ], [ -13.598530136882403, 9.116381749863137 ], [ -13.599418752905478, 9.117383298789434 ], [ -13.600301983378017, 9.11838960024545 ], [ -13.601179802882825, 9.119400625272533 ], [ -13.602052186158517, 9.120416344775379 ], [ -13.602919108099854, 9.121436729524305 ], [ -13.603780543759001, 9.122461750155026 ], [ -13.604636468345859, 9.123491377169955 ], [ -13.605486857228982, 9.12452558093878 ], [ -13.606331685936254, 9.125564331699763 ], [ -13.607170930155519, 9.126607599560089 ], [ -13.608004565735484, 9.127655354497165 ], [ -13.608832568685955, 9.128707566358969 ], [ -13.609654915179192, 9.129764204865637 ], [ -13.610471581549859, 9.130825239609237 ], [ -13.611282544296273, 9.131890640056042 ], [ -13.612087780080969, 9.132960375546247 ], [ -13.61288726573116, 9.134034415295673 ], [ -13.613680978239699, 9.135112728395825 ], [ -13.614468894765309, 9.136195283815539 ], [ -13.615250992633776, 9.137282050401552 ], [ -13.61602724933806, 9.138372996879241 ], [ -13.616797642539495, 9.139468091853814 ], [ -13.617562150067954, 9.140567303811167 ], [ -13.618320749922816, 9.141670601118562 ], [ -13.61907342027331, 9.14277795202571 ], [ -13.619820139459534, 9.143889324665849 ], [ -13.620560885992631, 9.145004687056201 ], [ -13.62129563855575, 9.146124007099388 ], [ -13.622024376004276, 9.147247252584293 ], [ -13.622747077367194, 9.148374391186337 ], [ -13.623463721846804, 9.149505390469358 ], [ -13.624174288819688, 9.150640217885723 ], [ -13.710889384635266, 9.289919643280996 ], [ -13.751079002634867, 9.30192774177965 ], [ -13.752361848665714, 9.302314764593064 ], [ -13.753642601817319, 9.302708657930737 ], [ -13.754921225293572, 9.303109410476395 ], [ -13.756197682359414, 9.303517010716348 ], [ -13.757471936342426, 9.303931446940169 ], [ -13.758743950633061, 9.304352707241151 ], [ -13.760013688686456, 9.304780779516364 ], [ -13.761281114022665, 9.305215651467279 ], [ -13.762546190228761, 9.305657310599997 ], [ -13.763808880958948, 9.306105744225704 ], [ -13.765069149936153, 9.30656093946078 ], [ -13.76632696095254, 9.307022883227603 ], [ -13.767582277871384, 9.30749156225437 ], [ -13.76883506462724, 9.307966963076012 ], [ -13.770085285227537, 9.308449072034136 ], [ -13.771332903753262, 9.308937875277707 ], [ -13.77257788436043, 9.309433358763386 ], [ -13.773820191280493, 9.309935508256046 ], [ -13.775059788822091, 9.310444309328773 ], [ -13.776296641371459, 9.310959747363768 ], [ -13.777530713393787, 9.311481807552468 ], [ -13.778761969434072, 9.312010474895999 ], [ -13.779990374118313, 9.312545734205742 ], [ -13.78121589215425, 9.313087570103676 ], [ -13.782438488332787, 9.313635967022833 ], [ -13.783658127528724, 9.314190909207639 ], [ -13.784874774701677, 9.314752380714822 ], [ -13.78608839489749, 9.315320365413015 ], [ -13.78729895324841, 9.315894846984122 ], [ -13.788506414975359, 9.316475808923144 ], [ -13.789710745387993, 9.317063234539205 ], [ -13.790911909885381, 9.317657106955494 ], [ -13.792109873958395, 9.318257409109776 ], [ -13.793304603189313, 9.318864123755816 ], [ -13.794496063253632, 9.319477233462067 ], [ -13.795684219920417, 9.320096720614345 ], [ -13.796869039054116, 9.320722567414691 ], [ -13.798050486614557, 9.321354755882112 ], [ -13.799228528658944, 9.321993267854282 ], [ -13.800403131341966, 9.322638084986409 ], [ -13.801574260917164, 9.323289188753051 ], [ -13.802741883738008, 9.323946560447723 ], [ -13.803905966258469, 9.324610181184426 ], [ -13.805066475034664, 9.32528003189708 ], [ -13.806223376725029, 9.325956093340892 ], [ -13.807376638091512, 9.326638346092636 ], [ -13.808526226001106, 9.327326770551053 ], [ -13.809672107426081, 9.328021346937646 ], [ -13.810814249445002, 9.328722055297249 ], [ -13.811952619244209, 9.329428875498536 ], [ -13.813087184118331, 9.330141787234595 ], [ -13.814217911471076, 9.330860770023264 ], [ -13.815344768816885, 9.33158580320827 ], [ -13.816467723780647, 9.332316865959228 ], [ -13.817586744100254, 9.333053937272723 ], [ -13.818701797625977, 9.333796995972591 ], [ -13.819812852322286, 9.334546020711002 ], [ -13.820919876268533, 9.335300989968061 ], [ -13.822022837659858, 9.336061882053798 ], [ -13.823121704808159, 9.33682867510754 ], [ -13.824216446142827, 9.337601347099167 ], [ -13.825307030212173, 9.338379875830071 ], [ -13.826393425683193, 9.339164238932881 ], [ -13.82747560134402, 9.339954413872931 ], [ -13.82855352610369, 9.340750377948382 ], [ -13.829627168993284, 9.341552108291125 ], [ -13.830696499166947, 9.342359581867527 ], [ -13.831761485902803, 9.343172775478592 ], [ -13.832822098603856, 9.343991665761337 ], [ -13.833878306798397, 9.344816229189178 ], [ -13.834930080141703, 9.345646442072109 ], [ -13.835977388416211, 9.346482280558405 ], [ -13.837020201532823, 9.347323720633881 ], [ -13.838058489531193, 9.348170738124338 ], [ -13.839092222581485, 9.349023308694711 ], [ -13.84012137098432, 9.349881407850717 ], [ -13.841145905172482, 9.350745010939136 ], [ -13.842165795710741, 9.351614093148555 ], [ -13.843181013297794, 9.352488629510106 ], [ -13.84419152876643, 9.353368594898484 ], [ -13.845197313084213, 9.354253964032239 ], [ -13.846198337355077, 9.355144711474395 ], [ -13.84719457281949, 9.356040811633989 ], [ -13.848185990855882, 9.356942238765896 ], [ -13.849172562980129, 9.357848966972369 ], [ -13.850154260848569, 9.358760970202638 ], [ -13.851131056256577, 9.3596782222549 ], [ -13.852102921141068, 9.360600696776714 ], [ -13.853069827579986, 9.361528367265066 ], [ -13.854031747794409, 9.362461207067952 ], [ -13.85498865414803, 9.363399189385063 ], [ -13.855940519148987, 9.364342287267846 ], [ -13.856887315450251, 9.365290473621258 ], [ -13.857829015850143, 9.36624372120383 ], [ -13.85876559329364, 9.367202002628744 ], [ -13.859697020872886, 9.368165290364175 ], [ -13.860623271827876, 9.369133556735221 ], [ -13.861544319547249, 9.370106773923339 ], [ -13.862460137569485, 9.371084913968048 ], [ -13.863370699582845, 9.372067948767381 ], [ -13.864275979427021, 9.373055850078515 ], [ -13.865175951093136, 9.37404858951902 ], [ -13.866070588725165, 9.375046138567541 ], [ -13.866959866619936, 9.376048468564534 ], [ -13.867843759228435, 9.377055550712839 ], [ -13.868722241156433, 9.37806735607893 ], [ -13.869595287165168, 9.379083855593535 ], [ -13.870462872172027, 9.380105020052838 ], [ -13.871324971250999, 9.381130820118528 ], [ -13.872181559634157, 9.382161226319397 ], [ -13.87303261271154, 9.383196209051675 ], [ -13.873878106032464, 9.384235738580401 ], [ -13.874718015305803, 9.385279785039813 ], [ -13.875552316400842, 9.386328318434323 ], [ -13.876380985348248, 9.38738130863959 ], [ -13.877203998340235, 9.388438725403148 ], [ -13.878021331731532, 9.38950053834543 ], [ -13.878832962040178, 9.390566716960336 ], [ -13.879638865948039, 9.391637230616595 ], [ -13.88043902030131, 9.392712048558224 ], [ -13.881233402111548, 9.393791139905716 ], [ -13.882021988556176, 9.394874473656785 ], [ -13.882804756979056, 9.395962018686987 ], [ -13.883581684891283, 9.397053743751314 ], [ -13.884352749971697, 9.398149617484364 ], [ -13.885117930067338, 9.39924960840159 ], [ -13.885877203194639, 9.400353684900267 ], [ -13.886630547539767, 9.401461815260177 ], [ -13.887377941458965, 9.402573967644571 ], [ -13.888119363479632, 9.403690110101422 ], [ -13.88885479230072, 9.404810210563937 ], [ -13.889584206793131, 9.405934236851465 ], [ -13.890307586000972, 9.40706215667052 ], [ -13.891024909141436, 9.408193937616261 ], [ -13.891736155605713, 9.409329547172376 ], [ -13.892441304959732, 9.41046895271262 ], [ -13.893140336944555, 9.411612121502117 ], [ -13.89383323147689, 9.412759020697081 ], [ -13.894519968649888, 9.413909617347599 ], [ -13.89520052873354, 9.415063878396609 ], [ -13.895874892175243, 9.416221770682341 ], [ -13.896543039600544, 9.417383260938323 ], [ -13.897204951813592, 9.418548315794965 ], [ -13.89786060979759, 9.419716901780305 ], [ -13.898509994715425, 9.420888985320403 ], [ -13.899153087910292, 9.422064532741729 ], [ -13.899789870906034, 9.423243510270311 ], [ -13.900420325407822, 9.424425884034349 ], [ -13.901044433302673, 9.425611620064274 ], [ -13.901662176660125, 9.426800684293369 ], [ -13.902273537732015, 9.427993042560274 ], [ -13.902878498954294, 9.42918866060819 ], [ -13.903477042946008, 9.430387504086923 ], [ -13.904069152511227, 9.431589538553908 ], [ -13.904654810638704, 9.432794729474324 ], [ -13.905234000502105, 9.434003042223026 ], [ -13.90580670546143, 9.435214442085226 ], [ -13.906372909062952, 9.43642889425746 ], [ -13.906932595039621, 9.437646363848216 ], [ -13.907485747311341, 9.438866815879521 ], [ -13.908032349986399, 9.440090215287967 ], [ -13.908572387360664, 9.441316526925107 ], [ -13.909105843918724, 9.442545715558822 ], [ -13.909632704334626, 9.443777745874627 ], [ -13.910152953471368, 9.445012582476181 ], [ -13.910666576382368, 9.446250189886484 ], [ -13.91117355831102, 9.447490532549011 ], [ -13.911673884691993, 9.448733574828964 ], [ -13.912167541150666, 9.449979281013213 ], [ -13.912654513504265, 9.451227615312803 ], [ -13.913134787762147, 9.452478541863059 ], [ -13.913608350125969, 9.453732024724559 ], [ -13.914075186990317, 9.454988027885065 ], [ -13.914535284942701, 9.456246515259295 ], [ -13.91498863076481, 9.457507450690741 ], [ -13.915435211431657, 9.458770797952923 ], [ -13.91587501411334, 9.460036520749554 ], [ -13.916308026174022, 9.461304582716423 ], [ -13.916734235173294, 9.462574947422297 ], [ -13.917153628866402, 9.463847578369212 ], [ -13.917566195203676, 9.465122438994456 ], [ -13.917971922332356, 9.466399492671485 ], [ -13.918370798595959, 9.467678702710202 ], [ -13.91876281253451, 9.468960032359007 ], [ -13.919147952885567, 9.470243444805021 ], [ -13.919526208584159, 9.471528903176022 ], [ -13.919897568762678, 9.472816370540386 ], [ -13.92026202275224, 9.474105809909361 ], [ -13.920619560081661, 9.475397184237352 ], [ -13.920970170479279, 9.476690456422887 ], [ -13.921313843871872, 9.477985589310208 ], [ -13.921650570385737, 9.47928254569041 ], [ -13.921980340346522, 9.480581288301266 ], [ -13.922303144280079, 9.481881779830474 ], [ -13.922618972912346, 9.483183982914341 ], [ -13.922927817169182, 9.484487860140973 ], [ -13.923229668177896, 9.485793374049308 ], [ -13.923524517266117, 9.487100487132523 ], [ -13.923812355962696, 9.488409161836785 ], [ -13.924093175998166, 9.489719360563868 ], [ -13.924366969304515, 9.491031045671605 ], [ -13.924633728015635, 9.492344179475595 ], [ -13.924893444467557, 9.493658724248917 ], [ -13.925146111198671, 9.494974642225088 ], [ -13.925391720949676, 9.496291895597437 ], [ -13.925630266664257, 9.497610446521321 ], [ -13.92586174148903, 9.49893025711458 ], [ -13.926086138773826, 9.5002512894593 ], [ -13.926303452071409, 9.501573505601698 ], [ -13.926513675138608, 9.502896867554739 ], [ -13.926716801935584, 9.504221337298191 ], [ -13.926912826626562, 9.505546876779761 ], [ -13.927101743579726, 9.506873447916803 ], [ -13.927283547367324, 9.508201012596828 ], [ -13.927458232766355, 9.509529532678698 ], [ -13.927625794758001, 9.510858969994274 ], [ -13.927786228528191, 9.512189286348416 ], [ -13.927939529467608, 9.513520443521202 ], [ -13.928085693172022, 9.514852403268492 ], [ -13.92822471544207, 9.516185127323013 ], [ -13.928356592283706, 9.517518577395322 ], [ -13.92848131990803, 9.518852715175456 ], [ -13.928598894731579, 9.520187502333613 ], [ -13.928709313376487, 9.521522900521347 ], [ -13.928812572670381, 9.522858871372478 ], [ -13.92890866964666, 9.524195376504451 ], [ -13.928997601544381, 9.525532377519596 ], [ -13.929079365808661, 9.526869836005631 ], [ -13.929153960090275, 9.52820771353737 ], [ -13.929221382246226, 9.529545971677408 ], [ -13.92928163033946, 9.530884571977708 ], [ -13.929334702638812, 9.532223475980345 ], [ -13.929380597619797, 9.533562645218069 ], [ -13.92941931396382, 9.534902041216753 ], [ -13.929450850558453, 9.536241625495677 ], [ -13.929475206497671, 9.537581359568151 ], [ -13.929492381081729, 9.53892120494379 ], [ -13.929502373817286, 9.540261123128516 ], [ -13.92950518441711, 9.541601075626659 ], [ -13.929500812800654, 9.542941023941239 ], [ -13.929489259093373, 9.544280929575507 ], [ -13.92947052362706, 9.545620754033848 ], [ -13.929444606940194, 9.546960458823094 ], [ -13.929411509777367, 9.548300005453314 ], [ -13.929371233089398, 9.54963935543924 ], [ -13.929323778033449, 9.550978470301629 ], [ -13.929269145972853, 9.552317311567379 ], [ -13.929207338477283, 9.553655840771512 ], [ -13.929138357322472, 9.554994019457922 ], [ -13.929062204490322, 9.556331809181017 ], [ -13.928978882168394, 9.557669171505722 ], [ -13.928888392750764, 9.559006068009467 ], [ -13.928790738837336, 9.560342460283437 ], [ -13.928685923233331, 9.561678309933029 ], [ -13.928573948950486, 9.563013578578875 ], [ -13.928454819205683, 9.564348227858886 ], [ -13.928328537421464, 9.565682219428538 ], [ -13.928195107225918, 9.567015514962065 ], [ -13.928054532452677, 9.568348076153939 ], [ -13.927906817140297, 9.569679864719433 ], [ -13.92775196553265, 9.571010842396277 ], [ -13.927589982078644, 9.572340970945447 ], [ -13.927420871432162, 9.573670212152308 ], [ -13.927244638451668, 9.574998527827745 ], [ -13.927061288200264, 9.576325879808962 ], [ -13.926870825945912, 9.577652229961132 ], [ -13.926673257160246, 9.578977540178471 ], [ -13.926468587519707, 9.580301772384303 ], [ -13.926256822904179, 9.581624888533554 ], [ -13.92603796939801, 9.582946850612927 ], [ -13.92581203328848, 9.584267620642606 ], [ -13.925579021067108, 9.585587160676653 ], [ -13.927198821155741, 9.587235481221967 ], [ -13.930202296475841, 9.590400483820986 ], [ -13.933150077440416, 9.593617422247064 ], [ -13.936041266126836, 9.59688531658918 ], [ -13.938874981850859, 9.600203171415103 ], [ -13.941650361435336, 9.603569976074311 ], [ -13.944366559472655, 9.606984705005232 ], [ -13.947022748582924, 9.61044631804873 ], [ -13.949618119664876, 9.61395376076365 ], [ -13.952151882143369, 9.617505964749057 ], [ -13.954623264209829, 9.621101847969044 ], [ -13.957031513057473, 9.624740315082931 ], [ -13.959375895110213, 9.628420257778373 ], [ -13.961655696246623, 9.632140555109231 ], [ -13.963870222017249, 9.635900073836638 ], [ -13.966018797855952, 9.639697668775057 ], [ -13.968100769285797, 9.64353218314028 ], [ -13.969139801989854, 9.645528146394156 ], [ -13.971519604202342, 9.646904013652886 ], [ -13.972676833914363, 9.647577199226305 ], [ -13.973830442028714, 9.648256572276409 ], [ -13.974980395462524, 9.648942113320231 ], [ -13.976126661237743, 9.64963380269802 ], [ -13.977269206481935, 9.650331620573638 ], [ -13.978407998429589, 9.651035546935475 ], [ -13.979543004422624, 9.651745561596044 ], [ -13.980674191911703, 9.652461644194261 ], [ -13.98180152845697, 9.653183774193963 ], [ -13.982924981728672, 9.653911930886579 ], [ -13.984044519508984, 9.654646093389829 ], [ -13.98516010969189, 9.655386240649761 ], [ -13.98627172028489, 9.656132351440533 ], [ -13.987379319409456, 9.656884404365485 ], [ -13.988482875302168, 9.657642377857485 ], [ -13.989582356315566, 9.658406250179155 ], [ -13.990677730918833, 9.659175999424804 ], [ -13.991768967699215, 9.659951603519744 ], [ -13.992856035362479, 9.660733040221032 ], [ -13.993938902733987, 9.661520287118947 ], [ -13.995017538759498, 9.662313321637328 ], [ -13.996091912506131, 9.663112121033407 ], [ -13.997161993163388, 9.663916662399345 ], [ -13.998227750043725, 9.664726922663021 ], [ -13.999289152583458, 9.665542878587928 ], [ -14.000346170344187, 9.666364506774016 ], [ -14.001398773012909, 9.667191783659234 ], [ -14.00244693040321, 9.668024685518731 ], [ -14.003490612456517, 9.668863188467014 ], [ -14.004529789242326, 9.669707268457671 ], [ -14.005564430959339, 9.670556901284328 ], [ -14.00659450793637, 9.671412062581453 ], [ -14.007619990633088, 9.672272727824918 ], [ -14.008640849641097, 9.673138872332856 ], [ -14.009657055684215, 9.674010471266115 ], [ -14.010668579620244, 9.674887499629165 ], [ -14.083701060992269, 9.738552694574253 ], [ -14.092143057227929, 9.745480936771401 ], [ -14.16964599637663, 9.79985559702402 ], [ -14.190734433225771, 9.80480530728471 ], [ -14.19202226735797, 9.805111176848186 ], [ -14.193308463976962, 9.80542386071312 ], [ -14.194592987026567, 9.805743350113914 ], [ -14.19587580049739, 9.806069636094378 ], [ -14.197156868428237, 9.806402709507495 ], [ -14.198436154906801, 9.806742561016165 ], [ -14.199713624070455, 9.807089181093545 ], [ -14.200989240107617, 9.80744256002265 ], [ -14.202262967259003, 9.807802687897038 ], [ -14.20353476981785, 9.808169554621429 ], [ -14.204804612131625, 9.808543149911031 ], [ -14.206072458602364, 9.80892346329307 ], [ -14.207338273688549, 9.809310484105993 ], [ -14.208602021905278, 9.809704201500494 ], [ -14.209863667825744, 9.810104604439402 ], [ -14.211123176081912, 9.810511681698074 ], [ -14.212380511365893, 9.810925421864965 ], [ -14.21363563843056, 9.811345813341632 ], [ -14.214888522090746, 9.811772844342954 ], [ -14.216139127224096, 9.81220650289805 ], [ -14.217387418772148, 9.812646776850272 ], [ -14.218633361741581, 9.813093653857152 ], [ -14.219876921204445, 9.813547121391252 ], [ -14.221118062299695, 9.814007166740623 ], [ -14.22235675023461, 9.814473777008573 ], [ -14.223592950284456, 9.81494693911452 ], [ -14.224826627794926, 9.815426639794396 ], [ -14.226057748181972, 9.815912865600694 ], [ -14.227286276933398, 9.816405602902648 ], [ -14.228512179609766, 9.816904837887762 ], [ -14.229735421845078, 9.81741055656039 ], [ -14.230955969347974, 9.817922744743953 ], [ -14.232173787902525, 9.818441388080089 ], [ -14.233388843369539, 9.818966472029729 ], [ -14.234601101687133, 9.819497981872814 ], [ -14.23581052887198, 9.820035902709549 ], [ -14.237017091019823, 9.82058021946051 ], [ -14.238220754307008, 9.821130916866764 ], [ -14.239421484991055, 9.821687979490207 ], [ -14.240619249411679, 9.822251391714815 ], [ -14.241814013991643, 9.822821137746303 ], [ -14.243005745238122, 9.823397201612977 ], [ -14.244194409742818, 9.823979567165907 ], [ -14.245379974183948, 9.824568218079321 ], [ -14.246562405326301, 9.825163137851803 ], [ -14.247741670022549, 9.825764309805777 ], [ -14.248917735214206, 9.826371717088477 ], [ -14.250090567932432, 9.826985342672231 ], [ -14.251260135299106, 9.827605169355195 ], [ -14.252426404527341, 9.828231179761758 ], [ -14.253589342923135, 9.828863356342879 ], [ -14.254748917885479, 9.829501681376598 ], [ -14.255905096907952, 9.830146136968779 ], [ -14.257057847579063, 9.83079670505299 ], [ -14.258207137583668, 9.831453367391873 ], [ -14.259352934703429, 9.832116105577256 ], [ -14.260495206818177, 9.832784901030266 ], [ -14.261633921906196, 9.833459735002577 ], [ -14.262769048045925, 9.834140588576645 ], [ -14.263900553415965, 9.834827442665642 ], [ -14.265028406296722, 9.835520278014883 ], [ -14.356283527527182, 9.891911208165936 ], [ -14.357377723142463, 9.892591266424517 ], [ -14.358468399736751, 9.893276954288353 ], [ -14.359555528345879, 9.89396825354828 ], [ -14.360639080100384, 9.894665145846147 ], [ -14.361719026225614, 9.895367612675557 ], [ -14.362795338042361, 9.896075635381806 ], [ -14.363867986968501, 9.896789195162626 ], [ -14.364936944518774, 9.897508273069036 ], [ -14.36600218230609, 9.898232850005058 ], [ -14.367063672042036, 9.898962906728968 ], [ -14.368121385537847, 9.899698423853295 ], [ -14.369175294705087, 9.90043938184607 ], [ -14.370225371556046, 9.901185761030263 ], [ -14.371271588205275, 9.901937541585085 ], [ -14.372313916869189, 9.902694703546445 ], [ -14.373352329868169, 9.903457226807348 ], [ -14.374386799626109, 9.904225091118008 ], [ -14.375417298671664, 9.904998276087213 ], [ -14.376443799639105, 9.905776761182437 ], [ -14.377466275268773, 9.906560525730242 ], [ -14.378484698407817, 9.907349548917125 ], [ -14.379499042011332, 9.908143809789863 ], [ -14.380509279142188, 9.908943287255966 ], [ -14.381515382972907, 9.909747960084758 ], [ -14.382517326785376, 9.910557806907434 ], [ -14.615153194394338, 10.099584811467594 ], [ -14.616179101950934, 10.100422929498563 ], [ -14.617200553976033, 10.101266471974441 ], [ -14.618217521788324, 10.102115415209596 ], [ -14.619229976832742, 10.102969735366969 ], [ -14.620237890680755, 10.103829408457898 ], [ -14.62124123503105, 10.104694410343825 ], [ -14.622239981711061, 10.105564716736637 ], [ -14.623234102677031, 10.106440303199008 ], [ -14.624223570015261, 10.10732114514542 ], [ -14.625208355942618, 10.10820721784313 ], [ -14.626188432807396, 10.109098496411946 ], [ -14.627163773090217, 10.109994955825869 ], [ -14.628134349404718, 10.110896570913326 ], [ -14.62910013449806, 10.111803316358078 ], [ -14.630061101252238, 10.112715166699616 ], [ -14.631017222684306, 10.113632096334413 ], [ -14.631968471947573, 10.114554079516154 ], [ -14.632914822332054, 10.115481090356354 ], [ -14.633856247265214, 10.116413102825845 ], [ -14.634792720313044, 10.117350090754712 ], [ -14.635724215180403, 10.118292027833434 ], [ -14.636650705711986, 10.119238887613506 ], [ -14.637572165893062, 10.120190643508067 ], [ -14.638488569849983, 10.121147268792981 ], [ -14.639399891851269, 10.122108736607515 ], [ -14.640306106307833, 10.12307501995457 ], [ -14.641207187774512, 10.124046091701814 ], [ -14.64210311094979, 10.125021924582995 ], [ -14.642993850677385, 10.126002491197767 ], [ -14.643879381946078, 10.126987764012881 ], [ -14.644759679891251, 10.127977715363102 ], [ -14.645634719795339, 10.128972317451655 ], [ -14.646504477087944, 10.129971542351257 ], [ -14.647368927347486, 10.130975362004961 ], [ -14.648228046301142, 10.131983748226446 ], [ -14.649081809825645, 10.132996672701381 ], [ -14.649930193948592, 10.134014106988275 ], [ -14.650773174848268, 10.135036022518591 ], [ -14.651610728854621, 10.136062390597999 ], [ -14.652442832450163, 10.137093182407398 ], [ -14.653269462270373, 10.138128369003425 ], [ -14.654090595104435, 10.139167921319142 ], [ -14.654906207895976, 10.140211810164885 ], [ -14.655716277743352, 10.141260006229743 ], [ -14.656520781900952, 10.142312480081671 ], [ -14.65731969777886, 10.143369202168003 ], [ -14.658113002944788, 10.144430142817669 ], [ -14.658900675123618, 10.145495272240169 ], [ -14.721699538729467, 10.230887337205559 ], [ -14.722996206625339, 10.231217227506079 ], [ -14.724291090332542, 10.231554053020716 ], [ -14.725584152758358, 10.231897804101152 ], [ -14.726875356862536, 10.232248470900572 ], [ -14.728164665657573, 10.232606043373494 ], [ -14.729452042210653, 10.232970511277529 ], [ -14.73073744964438, 10.233341864172132 ], [ -14.732020851137122, 10.233720091419514 ], [ -14.733302209925512, 10.234105182185374 ], [ -14.734581489304219, 10.234497125438509 ], [ -14.735858652627655, 10.234895909951661 ], [ -14.737133663310829, 10.235301524301235 ], [ -14.738406484830136, 10.235713956868096 ], [ -14.739677080725244, 10.236133195838192 ], [ -14.740945414599082, 10.236559229201987 ], [ -14.742211450119555, 10.236992044755539 ], [ -14.743475151020448, 10.23743163010073 ], [ -14.744736481102336, 10.237877972645151 ], [ -14.745995404233724, 10.238331059603468 ], [ -14.747251884352124, 10.23879087799645 ], [ -14.748505885465022, 10.239257414652513 ], [ -14.749757371650844, 10.239730656207428 ], [ -14.751006307060038, 10.240210589104947 ], [ -14.752252655916266, 10.240697199597093 ], [ -14.753496382517255, 10.241190473744666 ], [ -14.754737451235712, 10.241690397417472 ], [ -14.755975826520512, 10.242196956295174 ], [ -14.757211472897779, 10.242710135866901 ], [ -14.758444354971857, 10.243229921432373 ], [ -14.759674437425986, 10.243756298102141 ], [ -14.76090168502401, 10.244289250797976 ], [ -14.762126062610548, 10.244828764252873 ], [ -14.763347535112871, 10.245374823012298 ], [ -14.764566067541011, 10.245927411434081 ], [ -14.765781624989643, 10.246486513689263 ], [ -14.76699417263842, 10.24705211376164 ], [ -14.768203675753227, 10.24762419544976 ], [ -14.76941009968732, 10.24820274236555 ], [ -14.770613409881832, 10.248787737936652 ], [ -14.771813571867483, 10.249379165405458 ], [ -14.773010551264917, 10.249977007830068 ], [ -14.774204313786015, 10.250581248085041 ], [ -14.775394825234855, 10.251191868861554 ], [ -14.776582051508569, 10.251808852668205 ], [ -14.777765958598422, 10.252432181830898 ], [ -14.778946512590778, 10.253061838494204 ], [ -14.780123679668009, 10.253697804621254 ], [ -14.781297426109575, 10.254340061994583 ], [ -14.782467718292821, 10.254988592216137 ], [ -14.783634522694172, 10.25564337670852 ], [ -14.78479780588998, 10.256304396715279 ], [ -14.785957534557042, 10.256971633300736 ], [ -14.787113675474643, 10.257645067351802 ], [ -14.7882661955245, 10.258324679577697 ], [ -14.78941506169167, 10.259010450510345 ], [ -14.790560241066828, 10.259702360505628 ], [ -14.791701700845351, 10.260400389743211 ], [ -14.792839408329485, 10.261104518227967 ], [ -14.793973330929134, 10.26181472578952 ], [ -14.795103436162435, 10.262530992083668 ], [ -14.796229691657004, 10.263253296592666 ], [ -14.797352065150505, 10.263981618625564 ], [ -14.798470524491904, 10.264715937319238 ], [ -14.799585037642657, 10.26545623163895 ], [ -14.800695572676545, 10.266202480378183 ], [ -14.801802097782002, 10.266954662160458 ], [ -14.802904581261942, 10.267712755439277 ], [ -14.804002991534901, 10.26847673849835 ], [ -14.805097297136626, 10.269246589453019 ], [ -14.806187466720075, 10.270022286250878 ], [ -14.807273469056668, 10.270803806671154 ], [ -14.808355273037307, 10.271591128327032 ], [ -14.809432847673293, 10.272384228665317 ], [ -14.810506162096772, 10.273183084967116 ], [ -14.811575185562162, 10.273987674348746 ], [ -14.812639887446608, 10.274797973762418 ], [ -14.813700237251226, 10.275613959996576 ], [ -14.814756204601736, 10.27643560967698 ], [ -14.815807759249367, 10.277262899266873 ], [ -14.816854871071769, 10.278095805068233 ], [ -14.817897510073919, 10.278934303221831 ], [ -14.818935646388866, 10.279778369708765 ], [ -14.819969250278405, 10.280627980350175 ], [ -14.820998292134732, 10.281483110808324 ], [ -14.822022742480272, 10.282343736587677 ], [ -14.82304257196904, 10.283209833035244 ], [ -14.8240577513875, 10.284081375340918 ], [ -14.825068251655409, 10.284958338539354 ], [ -14.826074043826225, 10.285840697509059 ], [ -14.827075099088631, 10.286728426974832 ], [ -14.82807138876683, 10.287621501506635 ], [ -14.829062884321672, 10.28851989552237 ], [ -14.830049557351174, 10.289423583286634 ], [ -14.831031379591479, 10.290332538913106 ], [ -14.832008322917886, 10.291246736364371 ], [ -14.832980359345129, 10.292166149452441 ], [ -14.833947461029027, 10.293090751840339 ], [ -14.834909600266201, 10.294020517042213 ], [ -14.835866749495608, 10.294955418424877 ], [ -14.836818881299337, 10.295895429207121 ], [ -14.837765968403062, 10.296840522461991 ], [ -14.838707983676954, 10.297790671116843 ], [ -14.839644900136477, 10.298745847954194 ], [ -14.840576690943124, 10.299706025612295 ], [ -14.841503329405271, 10.300671176586548 ], [ -14.842424788978803, 10.301641273229563 ], [ -14.843341043268197, 10.302616287752414 ], [ -14.844252066026684, 10.303596192225314 ], [ -14.845157831157508, 10.304580958578583 ], [ -14.846058312714717, 10.30557055860254 ], [ -14.846953484903281, 10.306564963950166 ], [ -14.847843322080905, 10.30756414613586 ], [ -14.848727798757352, 10.308568076537426 ], [ -14.84960688959643, 10.30957672639687 ], [ -14.850480569416163, 10.310590066821078 ], [ -14.851348813189588, 10.311608068781993 ], [ -14.852211596045322, 10.312630703118714 ], [ -14.853068893268301, 10.313657940537212 ], [ -14.85392068030103, 10.314689751611638 ], [ -14.854766932743644, 10.315726106785235 ], [ -14.85560762635464, 10.316766976371127 ], [ -14.856442737051964, 10.317812330553181 ], [ -14.85727224091346, 10.318862139386454 ], [ -14.858096114177386, 10.319916372798673 ], [ -14.858914333243661, 10.320975000590693 ], [ -14.859726874673811, 10.322037992437799 ], [ -14.860533715192219, 10.32310531788977 ], [ -14.861334831686577, 10.324176946372461 ], [ -14.862130201208288, 10.325252847188722 ], [ -14.862919800973771, 10.326332989518789 ], [ -14.863703608364347, 10.327417342421199 ], [ -14.86448160092749, 10.328505874834207 ], [ -14.865253756377285, 10.329598555576183 ], [ -14.86602005259482, 10.330695353346641 ], [ -14.866780467629155, 10.331796236727541 ], [ -14.86753497969778, 10.332901174183235 ], [ -14.868283567187348, 10.334010134061998 ], [ -14.869026208654077, 10.335123084597456 ], [ -14.869762882824716, 10.336239993908464 ], [ -14.870493568596885, 10.337360830000478 ], [ -14.871218245039472, 10.338485560766401 ], [ -14.871936891393887, 10.339614153988123 ], [ -14.872649487074057, 10.34074657733612 ], [ -14.873356011667454, 10.341882798371614 ], [ -14.874056444935036, 10.343022784546918 ], [ -14.874750766812781, 10.344166503206793 ], [ -14.875438957411291, 10.345313921588456 ], [ -14.87612099701704, 10.346465006823564 ], [ -14.876796866092661, 10.347619725938898 ], [ -14.877466545277571, 10.348778045856761 ], [ -14.878130015388251, 10.349939933396342 ], [ -14.878787257419447, 10.351105355274854 ], [ -14.879438252544105, 10.352274278108212 ], [ -14.880082982114004, 10.353446668411948 ], [ -14.88072142766049, 10.354622492602175 ], [ -14.881353570895158, 10.355801716997121 ], [ -14.881979393709798, 10.356984307817015 ], [ -14.882598878177305, 10.358170231185966 ], [ -14.883212006552299, 10.35935945313247 ], [ -14.883818761271527, 10.360551939590835 ], [ -14.884419124953922, 10.361747656401576 ], [ -14.885013080401848, 10.362946569312726 ], [ -14.885600610601159, 10.364148643980627 ], [ -14.886181698721714, 10.36535384597147 ], [ -14.886756328118054, 10.366562140761573 ], [ -14.887324482329404, 10.367773493738412 ], [ -14.887886145080699, 10.368987870202318 ], [ -14.888441300283148, 10.370205235366939 ], [ -14.888989932033496, 10.371425554359973 ], [ -14.889532024616301, 10.372648792224936 ], [ -14.890067562502963, 10.373874913921384 ], [ -14.890596530352582, 10.37510388432645 ], [ -14.891118913012633, 10.376335668235811 ], [ -14.891634695519315, 10.377570230363915 ], [ -14.892143863097658, 10.378807535346482 ], [ -14.89264640116221, 10.380047547740048 ], [ -14.893142295317716, 10.381290232023844 ], [ -14.893631531358665, 10.382535552600473 ], [ -14.894114095270936, 10.383783473797109 ], [ -14.894589973231291, 10.385033959866462 ], [ -14.895059151607597, 10.386286974987627 ], [ -14.895521616960366, 10.387542483267168 ], [ -14.895977356041783, 10.388800448740483 ], [ -14.896426355797018, 10.390060835372537 ], [ -14.896868603364283, 10.391323607058837 ], [ -14.89730408607511, 10.392588727626787 ], [ -14.897732791454928, 10.393856160836037 ], [ -14.898154707223171, 10.395125870380298 ], [ -14.898569821293847, 10.396397819888307 ], [ -14.898978121775883, 10.397671972924172 ], [ -14.899379596973063, 10.398948292989303 ], [ -14.899774235385166, 10.400226743522637 ], [ -14.900162025707402, 10.401507287902518 ], [ -14.900542956831487, 10.402789889446751 ], [ -14.900917017845188, 10.404074511414706 ], [ -14.901284198033579, 10.405361117007601 ], [ -14.901644486878467, 10.406649669369983 ], [ -14.901997874059248, 10.407940131590806 ], [ -14.902344349452846, 10.409232466703713 ], [ -14.902683903134289, 10.410526637689372 ], [ -14.903016525377097, 10.411822607475244 ], [ -14.903342206652837, 10.413120338937972 ], [ -14.90366093763248, 10.41441979490304 ], [ -14.903972709185496, 10.415720938147047 ], [ -14.904277512381157, 10.417023731397762 ], [ -14.904575338488314, 10.418328137336403 ], [ -14.904866178975567, 10.419634118597116 ], [ -14.905150025511546, 10.420941637769715 ], [ -14.905426869965311, 10.422250657399445 ], [ -14.905696704406523, 10.423561139988749 ], [ -14.905959521105729, 10.424873047998176 ], [ -14.9062153125343, 10.426186343847291 ], [ -14.906464071364837, 10.427500989916268 ], [ -14.906705790471676, 10.428816948546341 ], [ -14.906940462930663, 10.430134182041058 ], [ -14.907168082019496, 10.431452652667645 ], [ -14.907388641217779, 10.432772322657627 ], [ -14.907602134207536, 10.434093154208597 ], [ -14.907808554873156, 10.435415109484325 ], [ -14.908007897301502, 10.436738150616975 ], [ -14.908200155782538, 10.438062239707449 ], [ -14.908385324808705, 10.439387338826066 ], [ -14.908563399075945, 10.440713410014894 ], [ -14.908734373482844, 10.442040415287863 ], [ -14.915252309048526, 10.493713507404323 ], [ -14.915354270629564, 10.494532733287713 ], [ -14.915848206561293, 10.498867953322247 ], [ -14.916266407242119, 10.503211133452282 ], [ -14.916608745284123, 10.50756095070318 ], [ -14.916875116407766, 10.511916080078379 ], [ -14.917065439473959, 10.516275194963441 ], [ -14.917138309781024, 10.51905799971928 ], [ -14.917769108950722, 10.520198340225249 ], [ -14.918393720822451, 10.521342081486239 ], [ -14.919012127062615, 10.522489189931093 ], [ -14.919624309519861, 10.523639631890035 ], [ -14.920230250225302, 10.524793373595742 ], [ -14.920829931393769, 10.525950381183634 ], [ -14.921423335423356, 10.527110620693236 ], [ -14.923965472805946, 10.526453179264308 ], [ -14.928208183119978, 10.525434594636977 ], [ -14.932468024001423, 10.524490210649788 ], [ -14.9367436978618, 10.523620314971481 ], [ -14.941033902289178, 10.522825172580269 ], [ -14.945337330445852, 10.522105025684539 ], [ -14.949652671465913, 10.521460093647875 ], [ -14.95397861085462, 10.520890572923065 ], [ -14.958313830889097, 10.520396636991279 ], [ -14.962657011019076, 10.519978436310396 ], [ -14.967006828269859, 10.519636098268393 ], [ -14.971361957645229, 10.519369727144692 ], [ -14.975721072530291, 10.519179404078557 ], [ -14.980082845096604, 10.519065187044191 ], [ -14.984445946706046, 10.519027110833349 ], [ -14.988809048315375, 10.519065187044191 ], [ -14.993170820881573, 10.519179404078557 ], [ -14.997529935766693, 10.519369727144692 ], [ -15.001885065141948, 10.519636098268393 ], [ -15.00623488239296, 10.519978436310396 ], [ -15.010578062522825, 10.520396636991279 ], [ -15.014913282557245, 10.520890572923065 ], [ -15.018897696310376, 10.521412335528623 ], [ -15.039869553390133, 10.524330243670249 ], [ -15.041192025556654, 10.524517847757522 ], [ -15.042513476510749, 10.524712514912437 ], [ -15.04383386852993, 10.524914239577868 ], [ -15.04515316392235, 10.525123015995518 ], [ -15.046471325027312, 10.525338838205585 ], [ -15.047788314216575, 10.525561700047263 ], [ -15.04910409389521, 10.525791595158751 ], [ -15.05041862650296, 10.526028516977476 ], [ -15.051731874515156, 10.526272458739868 ], [ -15.053043800443675, 10.526523413482892 ], [ -15.054354366838368, 10.526781374042514 ], [ -15.055663536287568, 10.527046333055068 ], [ -15.056971271419741, 10.527318282956799 ], [ -15.058277534904164, 10.52759721598494 ], [ -15.059582289452294, 10.52788312417681 ], [ -15.060885497818504, 10.528175999371115 ], [ -15.062187122801333, 10.528475833207096 ], [ -15.063487127244514, 10.528782617125898 ], [ -15.06478547403799, 10.52909634237011 ], [ -15.066082126119227, 10.529416999983823 ], [ -15.067377046473837, 10.529744580813826 ], [ -15.068670198136999, 10.530079075508866 ], [ -15.069961544194541, 10.530420474520326 ], [ -15.071251047783164, 10.530768768102917 ], [ -15.072538672093117, 10.531123946313869 ], [ -15.073824380367512, 10.531485999014592 ], [ -15.07510813590477, 10.531854915869701 ], [ -15.076389902058338, 10.532230686348043 ], [ -15.077669642239186, 10.532613299723209 ], [ -15.078947319915471, 10.533002745072565 ], [ -15.080222898615034, 10.533399011279243 ], [ -15.081496341924606, 10.533802087031575 ], [ -15.08276761349282, 10.5342119608232 ], [ -15.084036677029701, 10.534628620953811 ], [ -15.085303496308597, 10.535052055529206 ], [ -15.086568035166692, 10.535482252462373 ], [ -15.087830257506482, 10.535919199472858 ], [ -15.089090127296572, 10.536362884087225 ], [ -15.090347608572586, 10.536813293640478 ], [ -15.091602665438472, 10.537270415274691 ], [ -15.092855262067133, 10.537734235941343 ], [ -15.094105362702066, 10.538204742399898 ], [ -15.095352931657828, 10.538681921219336 ], [ -15.09659793332122, 10.539165758777983 ], [ -15.097840332152373, 10.539656241264424 ], [ -15.09908009268571, 10.540153354677102 ], [ -15.100317179530862, 10.540657084825511 ], [ -15.10155155737408, 10.541167417330144 ], [ -15.102783190978698, 10.541684337622826 ], [ -15.104012045186323, 10.542207830947973 ], [ -15.105238084918142, 10.542737882361394 ], [ -15.106461275175548, 10.543274476732677 ], [ -15.107681581041334, 10.543817598743829 ], [ -15.108898967680602, 10.54436723289092 ], [ -15.110113400341618, 10.544923363484259 ], [ -15.111324844357341, 10.5454859746485 ], [ -15.112533265145601, 10.546055050323048 ], [ -15.113738628211024, 10.54663057426319 ], [ -15.11494089914504, 10.547212530040099 ], [ -15.116140043627581, 10.547800901041114 ], [ -15.117336027427939, 10.548395670470711 ], [ -15.118528816405501, 10.548996821350386 ], [ -15.119718376510775, 10.549604336519735 ], [ -15.12090467378647, 10.550218198636628 ], [ -15.122087674368743, 10.550838390177773 ], [ -15.123267344487317, 10.551464893438947 ], [ -15.124443650467356, 10.552097690536129 ], [ -15.144443709690108, 10.562925768364494 ], [ -15.145611582078686, 10.56356207998158 ], [ -15.14677605285334, 10.564204595510148 ], [ -15.147937089058473, 10.564853296766614 ], [ -15.149094657835576, 10.565508165391691 ], [ -15.150248726423911, 10.566169182852207 ], [ -15.151399262162158, 10.566836330440594 ], [ -15.152546232489044, 10.567509589275573 ], [ -15.15368960494402, 10.568188940303457 ], [ -15.154829347168231, 10.568874364297642 ], [ -15.15596542690588, 10.56956584186014 ], [ -15.157097812004736, 10.570263353421183 ], [ -15.158226470416707, 10.570966879240643 ], [ -15.159351370199886, 10.571676399407693 ], [ -15.160472479518432, 10.57239189384228 ], [ -15.161589766643317, 10.573113342295244 ], [ -15.162703199954365, 10.573840724348486 ], [ -15.163812747940199, 10.574574019416559 ], [ -15.164918379199321, 10.575313206746387 ], [ -15.166020062441248, 10.576058265417998 ], [ -15.167117766486967, 10.576809174345783 ], [ -15.168211460270413, 10.577565912277635 ], [ -15.169301112838866, 10.578328457797511 ], [ -15.170386693353919, 10.579096789324467 ], [ -15.171468171092329, 10.579870885113735 ], [ -15.172545515447268, 10.580650723257463 ], [ -15.173618695928667, 10.58143628168574 ], [ -15.17468768216429, 10.582227538166137 ], [ -15.175752443900649, 10.583024470305077 ], [ -15.176812951004024, 10.583827055549023 ], [ -15.177869173460635, 10.584635271183572 ], [ -15.178921081378292, 10.585449094335161 ], [ -15.179968644987127, 10.586268501972199 ], [ -15.181011834639492, 10.587093470904108 ], [ -15.18205062081222, 10.58792397778376 ], [ -15.183084974106691, 10.588759999106514 ], [ -15.184114865249285, 10.589601511212379 ], [ -15.185140265092912, 10.590448490285382 ], [ -15.186161144617984, 10.591300912355223 ], [ -15.187177474932241, 10.592158753297326 ], [ -15.18818922727246, 10.593021988834039 ], [ -15.189196373004961, 10.593890594534628 ], [ -15.190198883626465, 10.594764545816815 ], [ -15.191196730764716, 10.595643817946609 ], [ -15.192189886179506, 10.596528386039893 ], [ -15.193178321763753, 10.597418225062256 ], [ -15.194162009543334, 10.598313309830132 ], [ -15.195140921678956, 10.599213615012047 ], [ -15.196115030466274, 10.600119115128166 ], [ -15.197084308337026, 10.60102978455177 ], [ -15.198048727859486, 10.601945597509882 ], [ -15.199008261739664, 10.602866528084121 ], [ -15.19996288282158, 10.60379255021121 ], [ -15.200912564088298, 10.604723637683605 ], [ -15.201857278663113, 10.605659764150403 ], [ -15.202796999809266, 10.606600903118419 ], [ -15.203731700931826, 10.607547027952194 ], [ -15.204661355577684, 10.608498111875633 ], [ -15.20558593743641, 10.609454127971787 ], [ -15.206505420341614, 10.610415049184269 ], [ -15.207419778270832, 10.61138084831822 ], [ -15.208328985346668, 10.612351498040255 ], [ -15.20923301583764, 10.613326970880166 ], [ -15.210131844158525, 10.614307239230754 ], [ -15.211025444871666, 10.615292275349418 ], [ -15.211913792687142, 10.616282051358667 ], [ -15.212796862463733, 10.617276539246575 ], [ -15.213674629209606, 10.618275710868318 ], [ -15.214547068082993, 10.619279537945943 ], [ -15.215414154392988, 10.620287992070246 ], [ -15.216275863600004, 10.621301044700829 ], [ -15.217132171316734, 10.622318667167121 ], [ -15.264914216330283, 10.679409653873449 ], [ -15.265767496423678, 10.680434617908702 ], [ -15.266615293603593, 10.681464121737349 ], [ -15.267457583716464, 10.682498136029665 ], [ -15.268294342766524, 10.683536631327456 ], [ -15.269125546914893, 10.684579578044691 ], [ -15.269951172481171, 10.685626946468687 ], [ -15.270771195944121, 10.686678706760688 ], [ -15.271585593941552, 10.687734828956593 ], [ -15.272394343272197, 10.68879528296867 ], [ -15.273197420895258, 10.689860038584982 ], [ -15.2739948039316, 10.690929065471721 ], [ -15.274786469664434, 10.692002333173093 ], [ -15.275572395539939, 10.693079811112341 ], [ -15.276352559167492, 10.694161468593052 ], [ -15.277126938320748, 10.695247274799613 ], [ -15.277895510938379, 10.696337198798119 ], [ -15.278658255124412, 10.697431209537569 ], [ -15.279415149148576, 10.698529275850433 ], [ -15.280166171447775, 10.699631366453616 ], [ -15.280911300625803, 10.700737449949145 ], [ -15.281650515454544, 10.701847494825984 ], [ -15.282383794874363, 10.702961469459183 ], [ -15.283111117994395, 10.704079342113005 ], [ -15.283832464094132, 10.705201080940014 ], [ -15.284547812622861, 10.706326653982444 ], [ -15.285257143200738, 10.70745602917367 ], [ -15.285960435619529, 10.708589174338556 ], [ -15.286657669842953, 10.709726057194871 ], [ -15.28734882600736, 10.710866645353519 ], [ -15.288033884422134, 10.712010906320245 ], [ -15.288712825570599, 10.713158807495404 ], [ -15.289385630110075, 10.714310316176693 ], [ -15.29005227887302, 10.715465399558184 ], [ -15.29071275286708, 10.716624024732482 ], [ -15.291367033275776, 10.717786158691126 ], [ -15.292015101459242, 10.718951768326065 ], [ -15.292656938954394, 10.720120820429713 ], [ -15.293292527475785, 10.72129328169666 ], [ -15.293921848916057, 10.722469118724575 ], [ -15.294544885346284, 10.723648298014609 ], [ -15.295161619016596, 10.724830785972642 ], [ -15.295772032356638, 10.72601654891082 ], [ -15.296376107976414, 10.727205553047554 ], [ -15.296973828666069, 10.728397764508827 ], [ -15.297565177397189, 10.729593149329503 ], [ -15.298150137322352, 10.730791673454064 ], [ -15.298728691776716, 10.731993302737408 ], [ -15.299300824277736, 10.733198002945983 ], [ -15.299866518525789, 10.734405739758756 ], [ -15.300425758404458, 10.735616478768407 ], [ -15.300978527981613, 10.736830185481722 ], [ -15.301524811509239, 10.738046825321078 ], [ -15.302064593424234, 10.739266363625347 ], [ -15.302597858348292, 10.740488765650809 ], [ -15.303124591089272, 10.741713996572344 ], [ -15.303644776641136, 10.7429420214836 ], [ -15.304158400183951, 10.744172805399444 ], [ -15.304665447085029, 10.745406313255671 ], [ -15.305165902898977, 10.7466425099106 ], [ -15.305659753368218, 10.747881360145811 ], [ -15.306146984423265, 10.749122828667566 ], [ -15.306627582183353, 10.750366880107038 ], [ -15.307101532956551, 10.751613479022467 ], [ -15.307568823240445, 10.752862589898882 ], [ -15.308029439722191, 10.754114177150541 ], [ -15.308483369279202, 10.755368205119964 ], [ -15.308930598979373, 10.756624638081576 ], [ -15.309371116081365, 10.75788344023988 ], [ -15.310632023362189, 10.758291875588554 ], [ -15.311890745951018, 10.758706994907413 ], [ -15.313147248417181, 10.759128786511724 ], [ -15.314401495391962, 10.759557238528487 ], [ -15.315653451570711, 10.759992338897916 ], [ -15.316903081712724, 10.760434075372189 ], [ -15.31815035064318, 10.760882435517601 ], [ -15.319395223253423, 10.761337406713267 ], [ -15.320637664502499, 10.761798976152647 ], [ -15.321877639417778, 10.762267130843327 ], [ -15.32311511309581, 10.762741857607352 ], [ -15.324350050704084, 10.763223143082257 ], [ -15.325582417481087, 10.763710973720549 ], [ -15.326812178737782, 10.764205335790621 ], [ -15.328039299858347, 10.764706215376918 ], [ -15.329263746301592, 10.765213598380626 ], [ -15.330485483601194, 10.765727470519778 ], [ -15.331704477367396, 10.766247817329713 ], [ -15.332920693287633, 10.766774624163588 ], [ -15.334134097127333, 10.767307876192433 ], [ -15.335344654731443, 10.767847558406402 ], [ -15.336552332024553, 10.768393655614204 ], [ -15.337757095012762, 10.768946152444187 ], [ -15.338958909783742, 10.769505033344501 ], [ -15.340157742508779, 10.770070282583333 ], [ -15.341353559442496, 10.770641884250324 ], [ -15.342546326924889, 10.771219822255546 ], [ -15.343736011381338, 10.771804080331037 ], [ -15.344922579324304, 10.772394642030861 ], [ -15.346105997353902, 10.772991490731783 ], [ -15.347286232158979, 10.773594609633619 ], [ -15.348463250517739, 10.77420398175957 ], [ -15.349637019299223, 10.774819589956508 ], [ -15.35080750546382, 10.775441416896513 ], [ -15.351974676064174, 10.776069445076018 ], [ -15.353138498246608, 10.776703656817062 ], [ -15.354298939251407, 10.777344034267685 ], [ -15.355455966413842, 10.77799055940244 ], [ -15.356609547165931, 10.778643214022566 ], [ -15.357759649036097, 10.779301979757008 ], [ -15.358906239651105, 10.779966838062478 ], [ -15.360049286736171, 10.780637770224587 ], [ -15.361188758116441, 10.781314757357563 ], [ -15.362324621717676, 10.781997780405504 ], [ -15.363456845567384, 10.782686820142203 ], [ -15.364585397795338, 10.783381857172458 ], [ -15.365710246634706, 10.784082871932299 ], [ -15.366831360422566, 10.784789844689271 ], [ -15.367948707601954, 10.785502755543177 ], [ -15.369062256721008, 10.786221584426869 ], [ -15.370171976435529, 10.786946311106419 ], [ -15.371277835508465, 10.787676915181976 ], [ -15.37237980281202, 10.788413376088442 ], [ -15.373477847327422, 10.789155673095593 ], [ -15.374571938146858, 10.789903785309036 ], [ -15.375662044473131, 10.79065769167056 ], [ -15.376748135621881, 10.791417370959095 ], [ -15.377830181021295, 10.792182801790887 ], [ -15.37890815021359, 10.792953962620288 ], [ -15.379982012855976, 10.793730831740618 ], [ -15.381051738720942, 10.794513387283985 ], [ -15.382117297697391, 10.795301607223109 ], [ -15.383178659791668, 10.796095469370869 ], [ -15.384235795128347, 10.796894951381205 ], [ -15.385288673950527, 10.797700030750093 ], [ -15.386337266621808, 10.798510684815938 ], [ -15.38738154362585, 10.799326890760142 ], [ -15.388421475568123, 10.800148625608131 ], [ -15.389457033176143, 10.800975866229066 ], [ -15.429666028649535, 10.833266813026569 ], [ -15.430704798189822, 10.83410555916754 ], [ -15.431739072855123, 10.834949841800153 ], [ -15.432768823137053, 10.835799636836441 ], [ -15.433794019656375, 10.836654920031663 ], [ -15.434814633163512, 10.837515666983961 ], [ -15.435830634539968, 10.838381853135729 ], [ -15.436841994798897, 10.839253453774688 ], [ -15.437848685085555, 10.840130444033264 ], [ -15.438850676678726, 10.841012798890517 ], [ -15.439847940990944, 10.841900493172488 ], [ -15.440840449569919, 10.84279350155299 ], [ -15.441828174098816, 10.843691798554062 ], [ -15.442811086397342, 10.844595358546712 ], [ -15.443789158422646, 10.845504155751883 ], [ -15.444762362269842, 10.846418164241356 ], [ -15.44573067017302, 10.847337357937818 ], [ -15.446694054505599, 10.848261710616498 ], [ -15.447652487782079, 10.849191195904893 ], [ -15.448605942657764, 10.850125787284469 ], [ -15.449554391930292, 10.851065458091057 ], [ -15.450497808539694, 10.85201018151497 ], [ -15.451436165569874, 10.85295993060322 ], [ -15.452369436249285, 10.853914678258946 ], [ -15.453297593951163, 10.854874397242497 ], [ -15.454220612194604, 10.855839060172855 ], [ -15.455138464645529, 10.856808639527571 ], [ -15.456051125117256, 10.857783107644082 ], [ -15.456958567571064, 10.85876243672061 ], [ -15.457860766117165, 10.859746598816059 ], [ -15.458757695015436, 10.860735565852167 ], [ -15.459649328676107, 10.861729309613054 ], [ -15.460535641660442, 10.862727801746644 ], [ -15.461416608681304, 10.863731013765516 ], [ -15.462292204604523, 10.864738917047589 ], [ -15.463162404448838, 10.865751482837027 ], [ -15.464027183387032, 10.866768682244754 ], [ -15.464886516746617, 10.867790486249532 ], [ -15.465740380010175, 10.868816865698705 ], [ -15.466588748816775, 10.869847791309383 ], [ -15.467431598962094, 10.870883233668792 ], [ -15.468268906399146, 10.871923163235067 ], [ -15.469100647239088, 10.872967550338615 ], [ -15.469926797752066, 10.874016365182456 ], [ -15.470747334367445, 10.87506957784376 ], [ -15.471562233675058, 10.876127158273391 ], [ -15.472371472425436, 10.87718907629835 ], [ -15.473175027530544, 10.878255301621664 ], [ -15.473972876064636, 10.879325803823235 ], [ -15.47476499526465, 10.880400552361209 ], [ -15.475551362531064, 10.88147951657254 ], [ -15.476331955428577, 10.882562665673618 ], [ -15.477106751686222, 10.883649968762029 ], [ -15.4778757291989, 10.884741394816274 ], [ -15.478638866027211, 10.885836912697528 ], [ -15.479396140398649, 10.886936491150152 ], [ -15.480147530707711, 10.888040098802549 ], [ -15.480893015516813, 10.889147704168181 ], [ -15.481632573556908, 10.89025927564694 ], [ -15.482366183728232, 10.891374781524632 ], [ -15.483093825100411, 10.892494189975935 ], [ -15.483815476913378, 10.893617469063088 ], [ -15.484531118578275, 10.894744586738568 ], [ -15.4852407296774, 10.895875510845087 ], [ -15.485944289965175, 10.897010209116957 ], [ -15.486641779368767, 10.898148649180769 ], [ -15.487333177988432, 10.899290798556194 ], [ -15.488018466098254, 10.900436624657061 ], [ -15.488697624146539, 10.901586094792492 ], [ -15.489370632756732, 10.902739176167586 ], [ -15.490037472727522, 10.903895835884214 ], [ -15.490698125033646, 10.905056040942668 ], [ -15.491352570826223, 10.906219758241321 ], [ -15.492000791433782, 10.907386954579124 ], [ -15.492642768362316, 10.908557596655214 ], [ -15.493278483295796, 10.909731651070501 ], [ -15.493907918096966, 10.910909084328978 ], [ -15.494531054807908, 10.912089862837547 ], [ -15.495147875649991, 10.913273952908298 ], [ -15.495758363025118, 10.914461320758392 ], [ -15.496362499515897, 10.915651932511935 ], [ -15.496960267885925, 10.916845754199869 ], [ -15.497551651080585, 10.918042751762073 ], [ -15.498136632227556, 10.919242891047645 ], [ -15.498715194636816, 10.920446137815986 ], [ -15.499287321801944, 10.921652457737821 ], [ -15.499852997399614, 10.922861816396335 ], [ -15.50041220529107, 10.924074179288027 ], [ -15.500964929521786, 10.925289511823451 ], [ -15.501511154322202, 10.926507779328631 ], [ -15.502050864108242, 10.927728947045978 ], [ -15.502584043481875, 10.928952980134738 ], [ -15.50311067723112, 10.930179843672761 ], [ -15.503630750330956, 10.931409502657175 ], [ -15.504144247943202, 10.932641922005132 ], [ -15.504651155417889, 10.933877066554942 ], [ -15.505151458292403, 10.93511490106755 ], [ -15.505645142293076, 10.936355390226936 ], [ -15.506132193334736, 10.937598498641194 ], [ -15.506612597521723, 10.938844190844065 ], [ -15.507086341147556, 10.94009243129517 ], [ -15.50755341069646, 10.941343184381708 ], [ -15.508013792842576, 10.942596414418915 ], [ -15.508467474451038, 10.943852085651883 ], [ -15.508914442577975, 10.945110162255332 ], [ -15.509354684471248, 10.946370608335997 ], [ -15.510353082203892, 10.947167716244167 ], [ -15.511347153295844, 10.947970213417818 ], [ -15.51233686865686, 10.948778076372832 ], [ -15.513322199323795, 10.949591281467747 ], [ -15.514303116462145, 10.950409804905007 ], [ -15.515279591366095, 10.951233622731593 ], [ -15.516251595460574, 10.9520627108393 ], [ -15.517219100300565, 10.952897044965709 ], [ -15.518182077573215, 10.95373660069464 ], [ -15.519140499097944, 10.954581353457627 ], [ -15.558953251785169, 10.98980950605818 ], [ -15.58954173336474, 10.967280164487761 ], [ -15.591707029165718, 10.965682945229901 ], [ -15.592786653143037, 10.964891622159541 ], [ -15.593870501623257, 10.964106095198588 ], [ -15.594958543489099, 10.963326386899041 ], [ -15.596050747503625, 10.962552519646295 ], [ -15.597147082309846, 10.961784515657541 ], [ -15.598247516432536, 10.961022396981775 ], [ -15.599352018278694, 10.960266185499393 ], [ -15.600460556138501, 10.959515902920714 ], [ -15.601573098186236, 10.958771570786325 ], [ -15.602689612481299, 10.958033210465544 ], [ -15.60381006696889, 10.957300843156304 ], [ -15.604934429481148, 10.956574489884758 ], [ -15.606062667738286, 10.955854171504143 ], [ -15.607194749348878, 10.955139908694548 ], [ -15.608330641811335, 10.95443172196218 ], [ -15.609470312514759, 10.953729631638907 ], [ -15.610613728739395, 10.953033657881178 ], [ -15.611760857658396, 10.952343820670308 ], [ -15.612911666338107, 10.951660139811224 ], [ -15.614066121739313, 10.950982634932188 ], [ -15.615224190717811, 10.950311325484108 ], [ -15.616385840026112, 10.949646230739859 ], [ -15.617551036313728, 10.948987369794338 ], [ -15.618719746128306, 10.948334761562876 ], [ -15.619891935916542, 10.947688424781802 ], [ -15.621067572025424, 10.947048378007139 ], [ -15.622246620702867, 10.946414639614318 ], [ -15.623429048098785, 10.94578722779778 ], [ -15.624614820266345, 10.945166160570295 ], [ -15.62580390316225, 10.944551455762337 ], [ -15.626996262648618, 10.943943131022081 ], [ -15.628191864493033, 10.9433412038141 ], [ -15.629390674370541, 10.942745691419475 ], [ -15.63059265786336, 10.942156610935172 ], [ -15.631797780463387, 10.941573979273528 ], [ -15.633006007571964, 10.940997813161516 ], [ -15.634217304501306, 10.940428129140855 ], [ -15.635431636475403, 10.939864943566761 ], [ -15.636648968631448, 10.939308272608173 ], [ -15.637869266020289, 10.938758132247017 ], [ -15.639092493607677, 10.93821453827718 ], [ -15.640318616275067, 10.93767750630559 ], [ -15.641547598821205, 10.937147051749719 ], [ -15.642779405962301, 10.936623189839111 ], [ -15.644014002333677, 10.936105935613512 ], [ -15.645251352490561, 10.93559530392281 ], [ -15.646491420909172, 10.935091309427435 ], [ -15.647734171987622, 10.934593966596651 ], [ -15.648979570047061, 10.934103289709128 ], [ -15.650227579332352, 10.933619292851745 ], [ -15.651478164013952, 10.933141989920159 ], [ -15.652731288187908, 10.932671394617387 ], [ -15.653986915877454, 10.932207520454085 ], [ -15.655245011034197, 10.931750380747928 ], [ -15.656505537538578, 10.931299988623095 ], [ -15.65776845920135, 10.930856357010384 ], [ -15.659033739764595, 10.930419498645961 ], [ -15.660301342902699, 10.929989426072154 ], [ -15.661571232223082, 10.929566151636038 ], [ -15.662843371267741, 10.929149687489655 ], [ -15.664117723514323, 10.928740045589734 ], [ -15.665394252376245, 10.928337237696553 ], [ -15.666672921205077, 10.927941275374963 ], [ -15.667953693290883, 10.927552169992566 ], [ -15.669236531863078, 10.92716993272046 ], [ -15.670521400091786, 10.926794574532778 ], [ -15.671808261088984, 10.926426106205781 ], [ -15.673097077909574, 10.926064538317974 ], [ -15.674387813551846, 10.925709881249816 ], [ -15.675680430959517, 10.925362145183556 ], [ -15.67697489302185, 10.925021340102376 ], [ -15.678271162575527, 10.924687475790847 ], [ -15.679569202404991, 10.924360561833794 ], [ -15.680868975244152, 10.924040607617087 ], [ -15.682170443777068, 10.923727622326226 ], [ -15.683473570638967, 10.923421614947188 ], [ -15.684778318417671, 10.92312259426501 ], [ -15.686084649654276, 10.922830568864697 ], [ -15.68739252684469, 10.922545547129914 ], [ -15.688701912440081, 10.922267537243897 ], [ -15.690012768848646, 10.921996547187916 ], [ -15.691325058436121, 10.921732584742244 ], [ -15.692638743527255, 10.921475657484791 ], [ -15.693953786406666, 10.921225772792127 ], [ -15.695270149319981, 10.920982937838176 ], [ -15.696587794474908, 10.920747159594669 ], [ -15.697906684042266, 10.920518444830748 ], [ -15.69922678015746, 10.920296800112908 ], [ -15.700548044920879, 10.920082231803974 ], [ -15.701870440399603, 10.919874746064636 ], [ -15.703193928628252, 10.919674348851515 ], [ -15.704518471609845, 10.919481045918019 ], [ -15.705844031317326, 10.919294842813542 ], [ -15.70717056969454, 10.919115744884152 ], [ -15.70953184023648, 10.918802894710836 ], [ -15.730224749249146, 10.916056032189431 ], [ -15.732587512956059, 10.91575448890859 ], [ -15.736922732990479, 10.915260552976747 ], [ -15.741265913120515, 10.914842352295921 ], [ -15.745615730371355, 10.914500014253917 ], [ -15.749970859746611, 10.914233643130217 ], [ -15.754329974631673, 10.914043320064081 ], [ -15.7586917471981, 10.913929103029659 ], [ -15.763054848807428, 10.913891026818874 ], [ -15.767417950416871, 10.913929103029659 ], [ -15.771779722983013, 10.914043320064081 ], [ -15.776138837868245, 10.914233643130217 ], [ -15.780493967243444, 10.914500014253917 ], [ -15.784843784494342, 10.914842352295921 ], [ -15.789186964624378, 10.915260552976747 ], [ -15.793522184658627, 10.91575448890859 ], [ -15.797848124047505, 10.916324009633399 ], [ -15.802163465067451, 10.916968941670063 ], [ -15.806466893224126, 10.917689088565737 ], [ -15.810757097651617, 10.918484230956949 ], [ -15.815032771511881, 10.919354126635483 ], [ -15.819292612393326, 10.920298510622501 ], [ -15.823535322707357, 10.921317095249833 ], [ -15.827759610083149, 10.922409570246487 ], [ -15.831964187761798, 10.923575602834319 ], [ -15.836147774988035, 10.924814837828023 ], [ -15.837721587820113, 10.925311059107912 ], [ -15.838335573893232, 10.92412555169409 ], [ -15.83895588412804, 10.922943341078849 ], [ -15.839582500822928, 10.921764460998361 ], [ -15.840215406096377, 10.920588945093982 ], [ -15.840854581887299, 10.919416826911231 ], [ -15.841500009956064, 10.918248139898083 ], [ -15.842151671884039, 10.917082917405196 ], [ -15.8428095490749, 10.915921192683982 ], [ -15.843473622755482, 10.914762998886204 ], [ -15.844143873974815, 10.913608369062672 ], [ -15.844820283606509, 10.912457336162902 ], [ -15.845502832348188, 10.911309933033237 ], [ -15.846191500721829, 10.91016619241708 ], [ -15.846886269075526, 10.909026146952442 ], [ -15.847587117582634, 10.907889829172859 ], [ -15.848294026243593, 10.906757271504773 ], [ -15.849006974885299, 10.90562850626776 ], [ -15.849725943162866, 10.904503565672655 ], [ -15.850450910559175, 10.903382481821836 ], [ -15.851181856386063, 10.90226528670695 ], [ -15.851918759784837, 10.901152012209309 ], [ -15.8526615997269, 10.900042690097962 ], [ -15.853410355013921, 10.898937352029066 ], [ -15.854165004278855, 10.897836029545374 ], [ -15.8549255259868, 10.896738754074875 ], [ -15.855691898434998, 10.895645556930162 ], [ -15.856464099753509, 10.894556469307418 ], [ -15.857242107906416, 10.893471522285608 ], [ -15.858025900692098, 10.892390746825356 ], [ -15.858815455743695, 10.891314173768308 ], [ -15.859610750529782, 10.890241833836455 ], [ -15.860411762355568, 10.889173757630658 ], [ -15.861218468362779, 10.888109975630243 ], [ -15.862030845530626, 10.887050518191984 ], [ -15.862848870676657, 10.885995415549246 ], [ -15.863672520457158, 10.884944697811022 ], [ -15.864501771367998, 10.883898394961477 ], [ -15.865336599745262, 10.882856536858242 ], [ -15.86617698176542, 10.881819153232811 ], [ -15.867022893447029, 10.880786273688443 ], [ -15.867874310650507, 10.879757927699984 ], [ -15.868731209079328, 10.878734144613077 ], [ -15.869593564280535, 10.877714953643022 ], [ -15.870461351645361, 10.876700383874208 ], [ -15.871334546410026, 10.875690464258923 ], [ -15.872213123656536, 10.874685223616893 ], [ -15.873097058313192, 10.873684690634377 ], [ -15.873986325155499, 10.872688893863312 ], [ -15.874880898806737, 10.871697861720008 ], [ -15.875780753738923, 10.870711622485715 ], [ -15.876685864272986, 10.869730204304005 ], [ -15.8775962045803, 10.868753635181349 ], [ -15.87851174868274, 10.867781942985857 ], [ -15.879432470453708, 10.866815155446204 ], [ -15.880358343619037, 10.865853300151457 ], [ -15.881289341757167, 10.86489640454937 ], [ -15.88222543830085, 10.863944495946953 ], [ -15.883166606536804, 10.862997601508368 ], [ -15.884112819607367, 10.862055748254647 ], [ -15.885064050510834, 10.861118963063177 ], [ -15.88602027210203, 10.860187272666906 ], [ -15.886981457093782, 10.859260703652694 ], [ -15.887947578057094, 10.858339282462111 ], [ -15.888918607422113, 10.857423035389047 ], [ -15.889894517479036, 10.856511988580564 ], [ -15.890875280378282, 10.855606168034569 ], [ -15.89186086813271, 10.854705599600322 ], [ -15.892851252616424, 10.853810308976847 ], [ -15.893846405567558, 10.852920321712645 ], [ -15.894846298587652, 10.852035663205356 ], [ -15.895850903143128, 10.851156358699654 ], [ -15.896860190566031, 10.850282433288555 ], [ -15.89787413205454, 10.849413911910347 ], [ -15.89889269867416, 10.848550819350066 ], [ -15.899915861358465, 10.847693180237286 ], [ -15.900943590910003, 10.846841019046394 ], [ -15.90197585800064, 10.845994360094949 ], [ -15.903012633172921, 10.84515322754396 ], [ -15.90405388684087, 10.844317645396302 ], [ -15.905099589290614, 10.843487637496935 ], [ -15.906149710681177, 10.842663227531375 ], [ -15.907204221045731, 10.841844439025408 ], [ -15.908263090291996, 10.841031295344635 ], [ -15.909326288203545, 10.840223819693506 ], [ -15.910393784440203, 10.839422035114524 ], [ -15.911465548539184, 10.838625964488017 ], [ -15.912541549916, 10.837835630531004 ], [ -15.913621757865087, 10.837051055797303 ], [ -15.914706141561112, 10.83627226267555 ], [ -15.915794670059313, 10.835499273390326 ], [ -15.916887312296581, 10.834732110000118 ], [ -15.917984037092936, 10.833970794396862 ], [ -15.91908481315113, 10.833215348306283 ], [ -15.920189609059037, 10.832465793285905 ], [ -15.921298393289362, 10.831722150725909 ], [ -15.922411134201013, 10.830984441847249 ], [ -15.923527800040347, 10.830252687701602 ], [ -15.924648358941226, 10.829526909170625 ], [ -15.925772778926898, 10.828807126965955 ], [ -15.926901027909935, 10.828093361627396 ], [ -15.928033073694223, 10.827385633523704 ], [ -15.929168883974626, 10.826683962850836 ], [ -15.930308426339195, 10.825988369632114 ], [ -15.931451668269119, 10.825298873717713 ], [ -15.932598577140027, 10.824615494783302 ], [ -15.933749120223126, 10.823938252330208 ], [ -15.934903264685715, 10.823267165684797 ], [ -15.93606097759249, 10.822602253997445 ], [ -15.937222225906112, 10.821943536242657 ], [ -15.938386976488403, 10.821291031217868 ], [ -15.939555196101423, 10.820644757543448 ], [ -15.963797129014665, 10.807317596669407 ], [ -15.9645568031317, 10.806902845665718 ], [ -15.965725278404705, 10.806264344385056 ], [ -15.966897138769866, 10.805632077326266 ], [ -15.968072350965713, 10.805006062435154 ], [ -15.96925088163573, 10.804386317480237 ], [ -15.970432697329045, 10.803772860052277 ], [ -15.971617764501786, 10.803165707562925 ], [ -15.972806049517601, 10.802564877245516 ], [ -15.973997518648957, 10.801970386153585 ], [ -15.975192138077603, 10.801382251160817 ], [ -15.976389873896323, 10.80080048896059 ], [ -15.977590692109231, 10.800225116065349 ], [ -15.978794558632956, 10.799656148805866 ], [ -15.98000143929761, 10.799093603331869 ], [ -15.981211299847644, 10.798537495609878 ], [ -15.98242410594338, 10.797987841424572 ], [ -15.983639823160786, 10.797444656376513 ], [ -15.984858416993916, 10.796907955883739 ], [ -15.9860798528548, 10.796377755179265 ], [ -15.987304096074752, 10.795854069312156 ], [ -15.988531111905672, 10.795336913146457 ], [ -15.98976086552068, 10.794826301360672 ], [ -15.990993322014788, 10.794322248447884 ], [ -15.992228446407069, 10.793824768714728 ], [ -15.993466203640196, 10.793333876281508 ], [ -15.994706558582436, 10.792849585081512 ], [ -15.995949476028102, 10.792371908860446 ], [ -15.997194920699144, 10.791900861176373 ], [ -15.998442857245323, 10.791436455399435 ], [ -15.999693250246139, 10.790978704710881 ], [ -16.00094606421095, 10.790527622103355 ], [ -16.002201263580559, 10.790083220380097 ], [ -16.003458812728127, 10.789645512154721 ], [ -16.004718675960078, 10.789214509850979 ], [ -16.005980817517127, 10.788790225702201 ], [ -16.007245201575472, 10.788372671750949 ], [ -16.008511792247361, 10.787961859848963 ], [ -16.009780553582743, 10.787557801656362 ], [ -16.011051449569777, 10.787160508641705 ], [ -16.01232444413597, 10.786769992081815 ], [ -16.013599501149372, 10.786386263060649 ], [ -16.014876584419426, 10.786009332469689 ], [ -16.016155657698278, 10.785639211007719 ], [ -16.017436684681172, 10.785275909179973 ], [ -16.018719629008388, 10.784919437298242 ], [ -16.020004454265347, 10.784569805480373 ], [ -16.021291123984554, 10.784227023650089 ], [ -16.022579601645475, 10.783891101536824 ], [ -16.023869850676988, 10.783562048675265 ], [ -16.025161834457322, 10.783239874404899 ], [ -16.02645551631548, 10.782924587870241 ], [ -16.027750859532375, 10.782616198020037 ], [ -16.029047827341685, 10.782314713607661 ], [ -16.030346382930873, 10.78202014319038 ], [ -16.031646489442608, 10.781732495128722 ], [ -16.032948109975337, 10.781451777587392 ], [ -16.034251207584532, 10.781177998534304 ], [ -16.03555574528383, 10.780911165739838 ], [ -16.036861686045938, 10.780651286777754 ], [ -16.03816899280389, 10.780398369024567 ], [ -16.03947762845155, 10.780152419658634 ], [ -16.040787555845668, 10.779913445661066 ], [ -16.042098737805645, 10.779681453814703 ], [ -16.043411137115868, 10.779456450704345 ], [ -16.04472471652582, 10.77923844271595 ], [ -16.046039438751563, 10.779027436037836 ], [ -16.047355266476927, 10.778823436659025 ], [ -16.048672162353796, 10.778626450369529 ], [ -16.049990089004552, 10.77843648276064 ], [ -16.051309009021679, 10.778253539224011 ], [ -16.052628884969749, 10.77807762495263 ], [ -16.053949679385994, 10.777908744939339 ], [ -16.055271354782008, 10.777746903977572 ], [ -16.056593873643806, 10.777592106660734 ], [ -16.05791719843387, 10.777444357382876 ], [ -16.059241291591661, 10.777303660337395 ], [ -16.060566115534868, 10.777170019517712 ], [ -16.06189163266049, 10.777043438717271 ], [ -16.063217805345573, 10.776923921528635 ], [ -16.064544595948917, 10.776811471344161 ], [ -16.065871966811585, 10.776706091355493 ], [ -16.067199880258272, 10.776607784553903 ], [ -16.068528298598096, 10.77651655372955 ], [ -16.069857184126192, 10.776432401471766 ], [ -16.07118649912411, 10.776355330169395 ], [ -16.072516205861177, 10.776285342009771 ], [ -16.073846266595694, 10.776222438979232 ], [ -16.075176643576299, 10.77616662286357 ], [ -16.076507299042021, 10.776117895246784 ], [ -16.077838195224331, 10.776076257511932 ], [ -16.079169294347878, 10.776041710840843 ], [ -16.0805005586314, 10.776014256214182 ], [ -16.080636793056669, 10.776011237572106 ], [ -16.150227416737607, 10.774758565353352 ], [ -16.151557524603845, 10.774738162763015 ], [ -16.152887722203047, 10.774724838016709 ], [ -16.154217971872299, 10.774718591491649 ], [ -16.155548235947379, 10.774719423364672 ], [ -16.156878476763893, 10.774727333612248 ], [ -16.158208656657507, 10.774742322010695 ], [ -16.159538737966159, 10.774764388135111 ], [ -16.160868683030458, 10.77479353136124 ], [ -16.162198454194652, 10.774829750863489 ], [ -16.163528013808275, 10.774873045616687 ], [ -16.164857324226375, 10.774923414394777 ], [ -16.166186347811504, 10.774980855771787 ], [ -16.167515046934227, 10.775045368121368 ], [ -16.168843383973865, 10.775116949616802 ], [ -16.170171321320709, 10.775195598231335 ], [ -16.171498821375849, 10.775281311738183 ], [ -16.172825846552882, 10.775374087710532 ], [ -16.174152359278935, 10.775473923521645 ], [ -16.175478321995627, 10.775580816344757 ], [ -16.176803697160096, 10.775694763153183 ], [ -16.178128447246081, 10.775815760720718 ], [ -16.179452534744939, 10.77594380562158 ], [ -16.180775922167243, 10.776078894230182 ], [ -16.182098572042833, 10.776221022721927 ], [ -16.18342044692281, 10.776370187072473 ], [ -16.184741509379819, 10.776526383058581 ], [ -16.186061722010038, 10.776689606257435 ], [ -16.187381047433348, 10.776859852048062 ], [ -16.188699448294642, 10.777037115609744 ], [ -16.190016887265529, 10.777221391923774 ], [ -16.191333327044219, 10.777412675772439 ], [ -16.192648730357519, 10.777610961739981 ], [ -16.193963059961504, 10.77781624421209 ], [ -16.19527627864295, 10.77802851737647 ], [ -16.19658834921978, 10.778247775222837 ], [ -16.197899234542319, 10.778474011543381 ], [ -16.199208897494771, 10.778707219932471 ], [ -16.200517300995614, 10.778947393787007 ], [ -16.201824407999482, 10.779194526306753 ], [ -16.207652512931645, 10.780312504555411 ], [ -16.208950180038755, 10.780564989103368 ], [ -16.210246493867032, 10.780824332169459 ], [ -16.211541418167883, 10.781090526501657 ], [ -16.212834916731367, 10.781363564656431 ], [ -16.214126953387165, 10.781643438998799 ], [ -16.215417492006225, 10.781930141702503 ], [ -16.216706496501104, 10.782223664750688 ], [ -16.217993930827447, 10.782523999935279 ], [ -16.219279758984555, 10.782831138858114 ], [ -16.22056394501675, 10.783145072930836 ], [ -16.221846453014507, 10.78346579337483 ], [ -16.223127247115087, 10.783793291221627 ], [ -16.224406291503328, 10.784127557313582 ], [ -16.225683550413692, 10.784468582303305 ], [ -16.226958988129752, 10.784816356655199 ], [ -16.228232568986698, 10.785170870644038 ], [ -16.229504257371332, 10.78553211435667 ], [ -16.23077401772349, 10.785900077691679 ], [ -16.232041814536558, 10.786274750359837 ], [ -16.233307612359454, 10.786656121883709 ], [ -16.234571375796293, 10.78704418159947 ], [ -16.235833069508715, 10.787438918655653 ], [ -16.237092658216056, 10.787840322014063 ], [ -16.238350106696032, 10.788248380450341 ], [ -16.239605379787008, 10.788663082554081 ], [ -16.240858442387434, 10.78908441672894 ], [ -16.242109259458061, 10.789512371192814 ], [ -16.243357796022337, 10.789946933979252 ], [ -16.244604017167376, 10.790388092936269 ], [ -16.245847888044864, 10.790835835727933 ], [ -16.247089373872711, 10.791290149833742 ], [ -16.248328439935165, 10.791751022550045 ], [ -16.249565051584113, 10.792218440989132 ], [ -16.250799174240228, 10.792692392080824 ], [ -16.252030773393642, 10.793172862571794 ], [ -16.253259814605201, 10.793659839026873 ], [ -16.254486263507204, 10.794153307828708 ], [ -16.255710085804481, 10.794653255178162 ], [ -16.25693124727519, 10.795159667095334 ], [ -16.284849187535826, 10.806823755948699 ], [ -16.286051099912243, 10.807329599632283 ], [ -16.287250357423716, 10.807841705689725 ], [ -16.288446927441271, 10.808360060187908 ], [ -16.289640777409318, 10.808884649023923 ], [ -16.290831874845821, 10.809415457924956 ], [ -16.292020187344349, 10.809952472448799 ], [ -16.293205682573671, 10.810495677984648 ], [ -16.294388328279354, 10.811045059753383 ], [ -16.295568092284327, 10.811600602807573 ], [ -16.296744942490591, 10.812162292032326 ], [ -16.297918846878531, 10.812730112145402 ], [ -16.299089773509195, 10.813304047697784 ], [ -16.300257690524745, 10.813884083074129 ], [ -16.301422566148801, 10.814470202493112 ], [ -16.302584368688031, 10.815062390007938 ], [ -16.303743066532718, 10.815660629506397 ], [ -16.304898628157503, 10.816264904712114 ], [ -16.30605102212229, 10.816875199184153 ], [ -16.3072002170735, 10.817491496317984 ], [ -16.308346181744298, 10.818113779345595 ], [ -16.309488884955556, 10.818742031336114 ], [ -16.310628295617391, 10.819376235196557 ], [ -16.311764382729223, 10.820016373671592 ], [ -16.312897115380906, 10.820662429344736 ], [ -16.314026462753361, 10.821314384638583 ], [ -16.315152394120048, 10.821972221814576 ], [ -16.316274878847253, 10.822635922974939 ], [ -16.317393886394598, 10.823305470062053 ], [ -16.318509386316975, 10.823980844858852 ], [ -16.319621348264036, 10.82466202899036 ], [ -16.320729741982348, 10.825349003922952 ], [ -16.321834537315112, 10.826041750966112 ], [ -16.322935704203417, 10.826740251271531 ], [ -16.324033212687596, 10.827444485834803 ], [ -16.325127032906721, 10.828154435495662 ], [ -16.352354136705628, 10.845927423038688 ], [ -16.353449525152143, 10.846646558732061 ], [ -16.354541129270899, 10.847371425921438 ], [ -16.355628919072785, 10.848102004692805 ], [ -16.356712864673511, 10.848838274975265 ], [ -16.357792936294459, 10.84958021654171 ], [ -16.358869104263249, 10.850327809009286 ], [ -16.359941339014711, 10.851081031839385 ], [ -16.361009611092186, 10.851839864339297 ], [ -16.362073891147134, 10.852604285661982 ], [ -16.363134149941516, 10.853374274806981 ], [ -16.364190358347116, 10.854149810620697 ], [ -16.365242487347302, 10.854930871796967 ], [ -16.366290508037537, 10.855717436878308 ], [ -16.367334391625889, 10.856509484255866 ], [ -16.368374109434399, 10.857306992169754 ], [ -16.369409632899306, 10.858109938710868 ], [ -16.37044093357224, 10.858918301820097 ], [ -16.371467983120851, 10.859732059289513 ], [ -16.372490753329373, 10.860551188763452 ], [ -16.373509216099762, 10.861375667737946 ], [ -16.374523343452267, 10.862205473562881 ], [ -16.375533107526394, 10.863040583441204 ], [ -16.376538480581189, 10.863880974430572 ], [ -16.37753943499672, 10.864726623443062 ], [ -16.378535943274187, 10.865577507246655 ], [ -16.379527978036947, 10.86643360246552 ], [ -16.380515512031366, 10.867294885580407 ], [ -16.381498518127444, 10.868161332929844 ], [ -16.382476969319498, 10.869032920710254 ], [ -16.383450838727015, 10.86990962497714 ], [ -16.384420099595218, 10.870791421645038 ], [ -16.385384725296319, 10.871678286488816 ], [ -16.386344689329462, 10.872570195144021 ], [ -16.387299965322256, 10.87346712310773 ], [ -16.388250527030436, 10.874369045739058 ], [ -16.389196348340079, 10.875275938260131 ], [ -16.390137403266863, 10.876187775755966 ], [ -16.391073665957833, 10.87710453317635 ], [ -16.3920051106914, 10.878026185335557 ], [ -16.392931711878418, 10.878952706913594 ], [ -16.393853444062813, 10.879884072456491 ], [ -16.394770281922433, 10.880820256377262 ], [ -16.395682200269221, 10.881761232956592 ], [ -16.414428159135468, 10.901206242549506 ], [ -16.415354441940963, 10.902172228529253 ], [ -16.416275540258141, 10.903143159340175 ], [ -16.417191427689886, 10.904119007156964 ], [ -16.418102077988522, 10.905099744013853 ], [ -16.419007465056779, 10.906085341804953 ], [ -16.419907562947913, 10.907075772284657 ], [ -16.42080234586706, 10.908071007069509 ], [ -16.421691788171131, 10.909071017637757 ], [ -16.422575864370685, 10.910075775331165 ], [ -16.423454549129929, 10.91108525135536 ], [ -16.424327817267113, 10.912099416780393 ], [ -16.425195643756183, 10.91311824254268 ], [ -16.426058003727178, 10.914141699444485 ], [ -16.426914872466114, 10.915169758155344 ], [ -16.427766225417145, 10.916202389213311 ], [ -16.428612038181939, 10.917239563025248 ], [ -16.429452286521382, 10.918281249867448 ], [ -16.430286946355181, 10.919327419887395 ], [ -16.431115993764024, 10.920378043103881 ], [ -16.431939404988782, 10.921433089408083 ], [ -16.432757156432103, 10.922492528564419 ], [ -16.433569224658982, 10.923556330211341 ], [ -16.434375586396982, 10.924624463862585 ], [ -16.435176218537208, 10.925696898907177 ], [ -16.435971098135383, 10.926773604611469 ], [ -16.436760202411676, 10.92785455011898 ], [ -16.43754350875173, 10.928939704451977 ], [ -16.438320994707794, 10.930029036512224 ], [ -16.439092637998442, 10.931122515081256 ], [ -16.439858416509935, 10.932220108822321 ], [ -16.447085461085976, 10.942637976308163 ], [ -16.44784082566548, 10.943733052794869 ], [ -16.448590352334463, 10.944832133288685 ], [ -16.449334019869582, 10.945935186667839 ], [ -16.450071807212453, 10.947042181697725 ], [ -16.450803693472039, 10.948153087032381 ], [ -16.45152965792397, 10.94926787121517 ], [ -16.452249680011334, 10.950386502679635 ], [ -16.45296373934616, 10.951508949750007 ], [ -16.453671815708731, 10.952635180643085 ], [ -16.454373889049009, 10.953765163467949 ], [ -16.455069939486918, 10.954898866227666 ], [ -16.455759947312799, 10.956036256820255 ], [ -16.456443892988204, 10.957177303038634 ], [ -16.45712175714641, 10.95832197257289 ], [ -16.457793520592872, 10.959470233010052 ], [ -16.458459164305395, 10.960622051835969 ], [ -16.459118669435895, 10.961777396434968 ], [ -16.459772017309206, 10.962936234092297 ], [ -16.460419189425181, 10.964098531993727 ], [ -16.461060167458413, 10.965264257227602 ], [ -16.461694933258514, 10.966433376784494 ], [ -16.462323468851253, 10.967605857559704 ], [ -16.462945756439126, 10.968781666352641 ], [ -16.463561778401015, 10.969960769868976 ], [ -16.464171517293607, 10.971143134720705 ], [ -16.464774955851226, 10.972328727427566 ], [ -16.465372076986966, 10.973517514418177 ], [ -16.465962863792299, 10.974709462030432 ], [ -16.46654729953832, 10.975904536512644 ], [ -16.46712536767626, 10.977102704025071 ], [ -16.467697051837035, 10.978303930639584 ], [ -16.468262335833003, 10.979508182342386 ], [ -16.468821203657285, 10.980715425033281 ], [ -16.469373639484672, 10.981925624527662 ], [ -16.469919627672425, 10.983138746557131 ], [ -16.470459152760043, 10.984354756770756 ], [ -16.470992199470288, 10.985573620735352 ], [ -16.471518752709244, 10.986795303937413 ], [ -16.472038797566768, 10.988019771783286 ], [ -16.472552319317174, 10.989246989600815 ], [ -16.473059303419518, 10.990476922639402 ], [ -16.473559735517881, 10.991709536072051 ], [ -16.474053601441653, 10.992944794995992 ], [ -16.474540887206729, 10.994182664432856 ], [ -16.475021579014708, 10.995423109330943 ], [ -16.475495663254378, 10.996666094565455 ], [ -16.475963126501256, 10.9979115849398 ], [ -16.476423955518612, 10.999159545186217 ], [ -16.476878137257472, 11.000409939966801 ], [ -16.477325658857012, 11.001662733875435 ], [ -16.477766507645242, 11.002917891437505 ], [ -16.478200671138836, 11.004175377111665 ], [ -16.478628137043984, 11.005435155290343 ], [ -16.479048893256277, 11.006697190301395 ], [ -16.479462927861618, 11.007961446408842 ], [ -16.479870229135997, 11.009227887813552 ], [ -16.480270785546281, 11.010496478654488 ], [ -16.480664585750048, 11.011767183010079 ], [ -16.481051618596325, 11.013039964898496 ], [ -16.481431873126041, 11.01431478827925 ], [ -16.481805338571462, 11.015591617054383 ], [ -16.482172004357494, 11.016870415068354 ], [ -16.482531860101687, 11.018151146110824 ], [ -16.482884895614234, 11.019433773916035 ], [ -16.483231100898251, 11.020718262164564 ], [ -16.483570466150752, 11.022004574484697 ], [ -16.483902981762071, 11.023292674452932 ], [ -16.484228638316608, 11.024582525594724 ], [ -16.484547426592997, 11.02587409138647 ], [ -16.484859337564274, 11.027167335255797 ], [ -16.48516436239845, 11.028462220582753 ], [ -16.485462492458112, 11.02975871070123 ], [ -16.485753719301385, 11.031056768899191 ], [ -16.486038034681883, 11.032356358420543 ], [ -16.486315430548757, 11.033657442465653 ], [ -16.486585899047384, 11.034959984192938 ], [ -16.486849432518966, 11.036263946718805 ], [ -16.487106023501042, 11.0375692931201 ], [ -16.48735566472817, 11.038875986434334 ], [ -16.487598349131417, 11.040183989660591 ], [ -16.487834069838641, 11.041493265761289 ], [ -16.488062820175287, 11.042803777662414 ], [ -16.488284593663991, 11.044115488255215 ], [ -16.488499384024863, 11.045428360397068 ], [ -16.488707185175826, 11.046742356911864 ], [ -16.48890799123302, 11.048057440592572 ], [ -16.489101796509829, 11.049373574200501 ], [ -16.489288595518985, 11.050690720467969 ], [ -16.489468382970529, 11.052008842098132 ], [ -16.489641153773846, 11.053327901766693 ], [ -16.489806903036708, 11.054647862122636 ], [ -16.489965626065555, 11.055968685789821 ], [ -16.49011731836606, 11.057290335367327 ], [ -16.490261975642795, 11.058612773430923 ], [ -16.490399593799566, 11.059935962533928 ], [ -16.490530168939699, 11.061259865208683 ], [ -16.490653697365588, 11.062584443967182 ], [ -16.490770175579655, 11.063909661302318 ], [ -16.492297023066328, 11.08182765577061 ], [ -16.492406403328346, 11.08315289926577 ], [ -16.492508733049249, 11.084478705809431 ], [ -16.492604009333661, 11.085805037891816 ], [ -16.492692229486181, 11.08713185798814 ], [ -16.492773391010701, 11.088459128559634 ], [ -16.49284749161103, 11.089786812055024 ], [ -16.492914529190784, 11.091114870911497 ], [ -16.492974501853269, 11.092443267555041 ], [ -16.49302740790165, 11.09377196440289 ], [ -16.493073245839241, 11.095100923862844 ], [ -16.493112014369046, 11.096430108336278 ], [ -16.493143712394442, 11.097759480217462 ], [ -16.493168339018382, 11.099089001895493 ], [ -16.493185893544251, 11.100418635755545 ], [ -16.493196375475407, 11.101748344179271 ], [ -16.493199784515298, 11.103078089546443 ], [ -16.493196120567404, 11.104407834235758 ], [ -16.493185383735351, 11.105737540625682 ], [ -16.493167574322911, 11.107067171096162 ], [ -16.493142692834226, 11.108396688028961 ], [ -16.493110739972849, 11.109726053809254 ], [ -16.493071716642987, 11.111055230826253 ], [ -16.493025623948711, 11.112384181474965 ], [ -16.492972463194064, 11.113712868156369 ], [ -16.492912235883125, 11.115041253278946 ], [ -16.492844943719888, 11.116369299260043 ], [ -16.492770588607868, 11.117696968526332 ], [ -16.492689172651126, 11.119024223515112 ], [ -16.492600698152842, 11.120351026675394 ], [ -16.492505167616287, 11.121677340469148 ], [ -16.492402583744308, 11.123003127372328 ], [ -16.492292949438934, 11.1243283498751 ], [ -16.492176267802222, 11.125652970484566 ], [ -16.492052542135184, 11.126976951724032 ], [ -16.491921775938295, 11.128300256135162 ], [ -16.491783972911435, 11.129622846279233 ], [ -16.491639136953097, 11.13094468473696 ], [ -16.491487272161066, 11.132265734110661 ], [ -16.491328382831909, 11.133585957025275 ], [ -16.491162473460975, 11.134905316128652 ], [ -16.490989548742164, 11.136223774093367 ], [ -16.490809613568047, 11.137541293617403 ], [ -16.490622673029122, 11.138857837425235 ], [ -16.490428732414671, 11.140173368269132 ], [ -16.490227797211332, 11.141487848929842 ], [ -16.490019873104131, 11.142801242217615 ], [ -16.489804965975793, 11.14411351097425 ], [ -16.489583081906517, 11.145424618072298 ], [ -16.489354227173578, 11.146734526418186 ], [ -16.489118408252125, 11.14804319895137 ], [ -16.488875631813812, 11.149350598647118 ], [ -16.488625904727314, 11.15065668851588 ], [ -16.488369234057984, 11.151961431605798 ], [ -16.488105627067512, 11.153264791002755 ], [ -16.487835091213981, 11.154566729832027 ], [ -16.487557634151585, 11.155867211258737 ], [ -16.487273263729719, 11.15716619848979 ], [ -16.486981987994284, 11.158463654773868 ], [ -16.486683815186041, 11.159759543403197 ], [ -16.48637875374061, 11.16105382771417 ], [ -16.486066812289266, 11.162346471088767 ], [ -16.485747999657235, 11.163637436955412 ], [ -16.48542232486443, 11.164926688789762 ], [ -16.485089797124942, 11.166214190116136 ], [ -16.484750425846755, 11.167499904508475 ], [ -16.484404220631404, 11.168783795591196 ], [ -16.48405119127375, 11.170065827039821 ], [ -16.483691347761521, 11.17134596258353 ], [ -16.483324700275944, 11.17262416600397 ], [ -16.482951259189804, 11.17390040113844 ], [ -16.482571035068872, 11.175174631879258 ], [ -16.482184038670312, 11.176446822175819 ], [ -16.481790280943244, 11.177716936035097 ], [ -16.481389773027786, 11.178984937522728 ], [ -16.480982526255218, 11.180250790764319 ], [ -16.480568552147417, 11.181514459946243 ], [ -16.480147862416572, 11.182775909316433 ], [ -16.479720468964899, 11.184035103185806 ], [ -16.479286383884414, 11.185292005929114 ], [ -16.478845619456251, 11.186546581985624 ], [ -16.47839818815055, 11.187798795860999 ], [ -16.477944102626168, 11.189048612127465 ], [ -16.47748337573006, 11.190295995424776 ], [ -16.477016020497103, 11.191540910461754 ], [ -16.476542050150044, 11.192783322017078 ], [ -16.476061478098359, 11.194023194940542 ], [ -16.475574317938481, 11.195260494153331 ], [ -16.475080583453291, 11.19649518464945 ], [ -16.474580288611492, 11.197727231496913 ], [ -16.474073447567605, 11.198956599838482 ], [ -16.473560074661066, 11.200183254892636 ], [ -16.473040184416618, 11.201407161954876 ], [ -16.472513791542781, 11.202628286397896 ], [ -16.471980910932473, 11.203846593673745 ], [ -16.471441557662104, 11.20506204931371 ], [ -16.470895746990948, 11.206274618929967 ], [ -16.470343494361373, 11.20748426821649 ], [ -16.469784815397588, 11.208690962949447 ], [ -16.469219725905987, 11.209894668988966 ], [ -16.468648241874064, 11.211095352279528 ], [ -16.468070379470362, 11.212292978851337 ], [ -16.467486155044014, 11.213487514820997 ], [ -16.466895585123609, 11.214678926392367 ], [ -16.466298686418099, 11.215867179857753 ], [ -16.465695475814584, 11.217052241599333 ], [ -16.465085970379505, 11.218234078088585 ], [ -16.464470187357051, 11.2194126558893 ], [ -16.463848144168821, 11.220587941656845 ], [ -16.463219858413993, 11.221759902139638 ], [ -16.462585347868128, 11.222928504180743 ], [ -16.461944630482833, 11.224093714717526 ], [ -16.461297724385304, 11.225255500783987 ], [ -16.460644647877984, 11.22641382951042 ], [ -16.459985419437714, 11.227568668125571 ], [ -16.459320057715672, 11.228719983956125 ], [ -16.458648581536352, 11.229867744429271 ], [ -16.457971009896937, 11.231011917072124 ], [ -16.457287361967815, 11.232152469513778 ], [ -16.456597657090697, 11.233289369485306 ], [ -16.455901914778678, 11.23442258482163 ], [ -16.455200154715897, 11.235552083461471 ], [ -16.456521314894758, 11.23577133642641 ], [ -16.457841281630408, 11.235997663396915 ], [ -16.459160017046031, 11.236231057878967 ], [ -16.460477483300451, 11.23647151317499 ], [ -16.461793642588475, 11.236719022385273 ], [ -16.46310845714288, 11.23697357840723 ], [ -16.464421889234757, 11.237235173936654 ], [ -16.465733901174815, 11.23750380146663 ], [ -16.467044455314692, 11.237779453289079 ], [ -16.468353514047749, 11.238062121494181 ], [ -16.469661039810262, 11.238351797970608 ], [ -16.470966995082733, 11.238648474405977 ], [ -16.472271342390229, 11.238952142287076 ], [ -16.473574044304485, 11.239262792900377 ], [ -16.474875063444017, 11.239580417331524 ], [ -16.476174362476002, 11.239905006466074 ], [ -16.477471904116726, 11.240236550990005 ], [ -16.478767651133069, 11.240575041389661 ], [ -16.480061566343068, 11.24092046795181 ], [ -16.481353612617738, 11.241272820764721 ], [ -16.4826437528817, 11.241632089717257 ], [ -16.48393195011397, 11.241998264500012 ], [ -16.485218167349444, 11.242371334605878 ], [ -16.486502367679975, 11.242751289329362 ], [ -16.487784514255111, 11.243138117767444 ], [ -16.48906457028346, 11.243531808820364 ], [ -16.490342499033659, 11.243932351190836 ], [ -16.491618263834937, 11.244339733385118 ], [ -16.492891828079394, 11.244753943713533 ], [ -16.494163155221543, 11.245174970290179 ], [ -16.495432208780699, 11.245602801033613 ], [ -16.496698952340921, 11.246037423666962 ], [ -16.497963349552663, 11.246478825718953 ], [ -16.49922536413402, 11.246926994523221 ], [ -16.500484959871187, 11.247381917219741 ], [ -16.501742100619822, 11.247843580753965 ], [ -16.502996750306011, 11.24831197187882 ], [ -16.504248872927235, 11.248787077153565 ], [ -16.505498432553679, 11.249268882944932 ], [ -16.506745393329197, 11.249757375427464 ], [ -16.507989719471595, 11.250252540583801 ], [ -16.509231375275021, 11.250754364204852 ], [ -16.510470325109736, 11.251262831891154 ], [ -16.511706533423762, 11.251777929051627 ], [ -16.512939964744135, 11.252299640905619 ], [ -16.514170583677242, 11.252827952482676 ], [ -16.515398354910076, 11.253362848622658 ], [ -16.516623243211598, 11.253904313976648 ], [ -16.517845213433418, 11.25445233300735 ], [ -16.519064230510821, 11.255006889988806 ], [ -16.520280259463732, 11.255567969008325 ], [ -16.521493265398362, 11.256135553965521 ], [ -16.522703213506873, 11.256709628573276 ], [ -16.523910069069871, 11.257290176358595 ], [ -16.525113797456072, 11.257877180662433 ], [ -16.526314364124573, 11.258470624640836 ], [ -16.527511734624738, 11.259070491264367 ], [ -16.52870587459779, 11.259676763320044 ], [ -16.529896749777663, 11.260289423410711 ], [ -16.531084325991912, 11.26090845395612 ], [ -16.532268569162909, 11.261533837192871 ], [ -16.533449445308577, 11.262165555175329 ], [ -16.534626920543246, 11.262803589776638 ], [ -16.535800961079303, 11.263447922687931 ], [ -16.536971533227131, 11.264098535420203 ], [ -16.538138603397329, 11.264755409303632 ], [ -16.53930213810014, 11.265418525489622 ], [ -16.540462103948073, 11.266087864949384 ], [ -16.541618467655439, 11.266763408476436 ], [ -16.542771196040349, 11.267445136685808 ], [ -16.543920256024933, 11.268133030015122 ], [ -16.545065614636712, 11.268827068725329 ], [ -16.546207239009334, 11.269527232900714 ], [ -16.547345096383879, 11.270233502449855 ], [ -16.548479154109032, 11.27094585710654 ], [ -16.549609379643016, 11.271664276429135 ], [ -16.550735740553591, 11.272388739802864 ], [ -16.551858204519704, 11.273119226438894 ], [ -16.552976739332166, 11.27385571537593 ], [ -16.554091312894116, 11.274598185480158 ], [ -16.555201893222886, 11.275346615446153 ], [ -16.556308448450181, 11.276100983797733 ], [ -16.557410946822927, 11.276861268888297 ], [ -16.558509356704917, 11.277627448900887 ], [ -16.559603646577045, 11.278399501850288 ], [ -16.560693785038495, 11.279177405581947 ], [ -16.561779740807538, 11.279961137773796 ], [ -16.562861482722155, 11.280750675936645 ], [ -16.563938979742034, 11.281545997414639 ], [ -16.565012200947706, 11.282347079385545 ], [ -16.566081115543398, 11.283153898862338 ], [ -16.567145692855831, 11.283966432693319 ], [ -16.56820590233724, 11.284784657562341 ], [ -16.569261713564458, 11.28560854999057 ], [ -16.570313096240852, 11.286438086336148 ], [ -16.571360020196721, 11.287273242795322 ], [ -16.572402455390545, 11.288113995403137 ], [ -16.573440371909214, 11.288960320034164 ], [ -16.574473739969676, 11.289812192402678 ], [ -16.575502529919163, 11.290669588064361 ], [ -16.576526712236443, 11.291532482415903 ], [ -16.577546257532276, 11.29240085069631 ], [ -16.578561136550604, 11.293274667987703 ], [ -16.579571320169407, 11.294153909215765 ], [ -16.58057677940127, 11.295038549150433 ], [ -16.581577485394178, 11.295928562406743 ], [ -16.582573409432882, 11.296823923445572 ], [ -16.583564522939014, 11.297724606574548 ], [ -16.584550797472332, 11.298630585948217 ], [ -16.585532204731692, 11.299541835569414 ], [ -16.586508716555215, 11.300458329289597 ], [ -16.587480304921883, 11.301380040810045 ], [ -16.588446941951645, 11.302306943681629 ], [ -16.589408599906676, 11.303239011306857 ], [ -16.590365251192168, 11.304176216940164 ], [ -16.591316868356614, 11.305118533687789 ], [ -16.592263424093346, 11.306065934510116 ], [ -16.593204891240589, 11.30701839222121 ], [ -16.594141242782939, 11.307975879489902 ], [ -16.595072451851649, 11.308938368841211 ], [ -16.59599849172514, 11.309905832656227 ], [ -16.596919335830989, 11.310878243173306 ], [ -16.597834957745022, 11.311855572488923 ], [ -16.59874533119347, 11.312837792558639 ], [ -16.599650430052804, 11.313824875197213 ], [ -16.600550228351324, 11.314816792080251 ], [ -16.601444700268928, 11.315813514744491 ], [ -16.602333820138767, 11.316815014588599 ], [ -16.603217562447242, 11.317821262874702 ], [ -16.60409590183508, 11.318832230727992 ], [ -16.60496881309831, 11.319847889138657 ], [ -16.60583627118865, 11.320868208962168 ], [ -16.606698251214141, 11.321893160920467 ], [ -16.607554728439993, 11.322922715601976 ], [ -16.6084056782895, 11.323956843463748 ], [ -16.609251076344435, 11.32499551483096 ], [ -16.610090898346186, 11.326038699899073 ], [ -16.610925120195645, 11.327086368733603 ], [ -16.611753717954741, 11.328138491271318 ], [ -16.612576667846668, 11.329195037321426 ], [ -16.613393946256735, 11.33025597656632 ], [ -16.614205529733056, 11.331321278561916 ], [ -16.61501139498688, 11.332390912739243 ], [ -16.615811518893963, 11.333464848404958 ], [ -16.616605878494511, 11.334543054742142 ], [ -16.617394450994254, 11.33562550081183 ], [ -16.618177213764852, 11.336712155552618 ], [ -16.618954144344912, 11.337802987782823 ], [ -16.619725220440159, 11.338897966200989 ], [ -16.620490419924351, 11.339997059386178 ], [ -16.621249720840183, 11.341100235800013 ], [ -16.622003101399287, 11.342207463786679 ], [ -16.622750539983031, 11.343318711573602 ], [ -16.623492015143711, 11.344433947273842 ], [ -16.624227505604551, 11.345553138885066 ], [ -16.624956990260443, 11.346676254292106 ], [ -16.625680448178855, 11.34780326126679 ], [ -16.626397858599773, 11.34893412746959 ], [ -16.627109200937184, 11.350068820450076 ], [ -16.627814454778786, 11.35120730764794 ], [ -16.628513599887356, 11.352349556394017 ], [ -16.629206616200747, 11.353495533911314 ], [ -16.629893483832575, 11.354645207315968 ], [ -16.630574183073293, 11.355798543617482 ], [ -16.631248694389797, 11.35695550972099 ], [ -16.63191699842713, 11.358116072426867 ], [ -16.632579076008085, 11.359280198432771 ], [ -16.633234908134114, 11.360447854333813 ], [ -16.633884475986179, 11.361619006623812 ], [ -16.634527760924698, 11.362793621696369 ], [ -16.63516474449051, 11.363971665845725 ], [ -16.635795408405102, 11.365153105267552 ], [ -16.636419734571689, 11.366337906060323 ], [ -16.637037705074931, 11.367526034225989 ], [ -16.637649302182183, 11.368717455670833 ], [ -16.638254508343266, 11.369912136206835 ], [ -16.638853306192175, 11.371110041552413 ], [ -16.639445678545769, 11.372311137333497 ], [ -16.640031608406218, 11.373515389084446 ], [ -16.640611078959807, 11.374722762248894 ], [ -16.641184073578756, 11.375933222181004 ], [ -16.641750575820879, 11.377146734146606 ], [ -16.642310569430094, 11.378363263323536 ], [ -16.642864038337507, 11.379582774803453 ], [ -16.643410966660895, 11.380805233591843 ], [ -16.643951338706358, 11.382030604610577 ], [ -16.644485138967696, 11.383258852696883 ], [ -16.64501235212748, 11.384489942606365 ], [ -16.645532963057008, 11.385723839012428 ], [ -16.646046956817429, 11.386960506508103 ], [ -16.646554318659639, 11.38819990960701 ], [ -16.647055034024731, 11.389442012744496 ], [ -16.647549088544508, 11.390686780277804 ], [ -16.648036468042051, 11.391934176488519 ], [ -16.648517158531888, 11.393184165581886 ], [ -16.648991146220624, 11.394436711689593 ], [ -16.649458417506821, 11.395691778869377 ], [ -16.649918958982255, 11.396949331106839 ], [ -16.650372757431569, 11.398209332316526 ], [ -16.650819799832902, 11.399471746342101 ], [ -16.651260073358344, 11.400736536958732 ], [ -16.651693565374046, 11.402003667872691 ], [ -16.652120263440963, 11.40327310272346 ], [ -16.652540155314909, 11.40454480508447 ], [ -16.652953228946899, 11.405818738463836 ], [ -16.653359472483828, 11.407094866306011 ], [ -16.653758874268533, 11.40837315199218 ], [ -16.654151422839789, 11.409653558841569 ], [ -16.654537106933617, 11.410936050112582 ], [ -16.654915915482661, 11.412220589004221 ], [ -16.655287837616925, 11.413507138656087 ], [ -16.655652862663999, 11.414795662150595 ], [ -16.656010980149517, 11.41608612251315 ], [ -16.6563621797971, 11.417378482713843 ], [ -16.656706451529203, 11.418672705668087 ], [ -16.657043785466612, 11.419968754237914 ], [ -16.657374171929689, 11.421266591232893 ], [ -16.657697601437746, 11.42256617941166 ], [ -16.65801406471013, 11.423867481481864 ], [ -16.658323552665706, 11.425170460102663 ], [ -16.658626056423714, 11.426475077884675 ], [ -16.658921567303651, 11.427781297391789 ], [ -16.6592100768259, 11.429089081141569 ], [ -16.659491576711503, 11.430398391607127 ], [ -16.659766058883008, 11.431709191217465 ], [ -16.660033515463795, 11.433021442358836 ], [ -16.660293938779319, 11.434335107376114 ], [ -16.660547321356717, 11.435650148573131 ], [ -16.660793655924977, 11.436966528215009 ], [ -16.661032935415562, 11.438284208527648 ], [ -16.661265152962358, 11.439603151699885 ], [ -16.661490301901836, 11.440923319884462 ], [ -16.66170837577306, 11.442244675199049 ], [ -16.66191936831865, 11.443567179727154 ], [ -16.662123273484099, 11.444890795518859 ], [ -16.66232008541806, 11.44621548459304 ], [ -16.662509798473366, 11.447541208937594 ], [ -16.662692407205668, 11.448867930510346 ], [ -16.662867906375538, 11.450195611240872 ], [ -16.663036290946536, 11.451524213031064 ], [ -16.663197556087084, 11.452853697756552 ], [ -16.66335169716956, 11.454184027267445 ], [ -16.66349870977092, 11.455515163389691 ], [ -16.66363858967253, 11.456847067925878 ], [ -16.668838554778972, 11.507674090733474 ], [ -16.668971335601384, 11.509007227268 ], [ -16.669096970356065, 11.510341056220511 ], [ -16.669215455435506, 11.511675539286273 ], [ -16.669326787436546, 11.513010638140827 ], [ -16.669430963162199, 11.51434631444323 ], [ -16.669527979620796, 11.515682529834862 ], [ -16.669617834026042, 11.517019245942436 ], [ -16.669700523797417, 11.518356424377828 ], [ -16.669776046560401, 11.519694026739842 ], [ -16.669844400146133, 11.521032014614832 ], [ -16.669905582591639, 11.522370349578409 ], [ -16.669959592139605, 11.52370899319601 ], [ -16.670006427239286, 11.525047907024373 ], [ -16.67004608654554, 11.526387052612392 ], [ -16.670078568919394, 11.527726391502142 ], [ -16.670103873428104, 11.529065885230523 ], [ -16.670121999344872, 11.530405495329433 ], [ -16.670132946149124, 11.531745183328212 ], [ -16.670136713526745, 11.533084910753189 ], [ -16.670133301369162, 11.534424639130009 ], [ -16.670122709774716, 11.535764329984033 ], [ -16.670104939047349, 11.537103944841874 ], [ -16.670079989697456, 11.538443445232474 ], [ -16.670047862441663, 11.539782792687618 ], [ -16.670008558202426, 11.541121948744092 ], [ -16.669962078108711, 11.542460874943345 ], [ -16.669908423494974, 11.543799532834157 ], [ -16.669847595902581, 11.54513788397287 ], [ -16.669779597077877, 11.546475889924238 ], [ -16.669704428973887, 11.547813512263531 ], [ -16.669622093749467, 11.549150712576534 ], [ -16.669532593768793, 11.550487452461539 ], [ -16.669435931602436, 11.551823693529514 ], [ -16.669332110026289, 11.553159397406262 ], [ -16.669221132021733, 11.554494525733105 ], [ -16.66910300077592, 11.555829040167339 ], [ -16.668977719681493, 11.557162902384277 ], [ -16.668845292336243, 11.55849607407788 ], [ -16.668705722543166, 11.559828516961886 ], [ -16.668559014310574, 11.561160192771013 ], [ -16.668405171851362, 11.562491063262144 ], [ -16.668244199584024, 11.563821090215072 ], [ -16.66807610213101, 11.565150235433862 ], [ -16.667900884319977, 11.566478460747931 ], [ -16.667718551182816, 11.567805728013298 ], [ -16.667529107955716, 11.569131999112983 ], [ -16.667332560079274, 11.570457235959282 ], [ -16.667128913197871, 11.571781400493592 ], [ -16.6669181731599, 11.573104454688462 ], [ -16.666700346017478, 11.574426360548443 ], [ -16.666475438025998, 11.575747080110432 ], [ -16.666243455644633, 11.577066575446167 ], [ -16.666004405535489, 11.578384808662122 ], [ -16.665758294563432, 11.579701741901204 ], [ -16.665505129796429, 11.581017337343212 ], [ -16.665244918504811, 11.582331557206771 ], [ -16.664977668161612, 11.583644363750295 ], [ -16.664703386441431, 11.584955719271875 ], [ -16.664422081221346, 11.58626558611229 ], [ -16.66413376057983, 11.587573926654329 ], [ -16.663838432797093, 11.588880703325003 ], [ -16.663536106354172, 11.590185878596174 ], [ -16.663226789933447, 11.591489414985404 ], [ -16.662910492417893, 11.592791275057778 ], [ -16.66258722289092, 11.594091421426299 ], [ -16.662256990636308, 11.5953898167528 ], [ -16.6619198051377, 11.596686423750441 ], [ -16.661575676078371, 11.597981205182521 ], [ -16.661224613341176, 11.599274123865428 ], [ -16.660866627007806, 11.600565142669097 ], [ -16.66050172735919, 11.601854224517808 ], [ -16.660129924874411, 11.603141332391601 ], [ -16.659751230230995, 11.604426429326963 ], [ -16.659365654304338, 11.605709478418476 ], [ -16.658973208167424, 11.606990442819324 ], [ -16.658573903090769, 11.608269285742438 ], [ -16.658167750541395, 11.609545970461795 ], [ -16.657754762183401, 11.610820460313789 ], [ -16.657334949877054, 11.612092718697056 ], [ -16.656908325678444, 11.613362709074806 ], [ -16.656474901839601, 11.614630394975222 ], [ -16.656034690807587, 11.615895739992766 ], [ -16.655587705224377, 11.617158707789258 ], [ -16.655133957926694, 11.618419262094449 ], [ -16.654673461945322, 11.619677366707492 ], [ -16.654206230504599, 11.620932985498143 ], [ -16.653732277022812, 11.62218608240704 ], [ -16.653251615111003, 11.623436621448036 ], [ -16.652764258572688, 11.624684566707572 ], [ -16.652270221404081, 11.625929882347123 ], [ -16.6517695177929, 11.627172532603765 ], [ -16.651262162118257, 11.628412481790463 ], [ -16.65074816895077, 11.629649694298564 ], [ -16.650227553051138, 11.630884134597522 ], [ -16.649700329370603, 11.632115767236257 ], [ -16.649166513050034, 11.633344556844804 ], [ -16.648626119419646, 11.634570468134825 ], [ -16.648079163998432, 11.635793465899894 ], [ -16.647525662494161, 11.637013515018168 ], [ -16.646965630802015, 11.638230580452046 ], [ -16.646399085005442, 11.639444627249532 ], [ -16.645826041374335, 11.640655620545715 ], [ -16.645246516365432, 11.641863525562826 ], [ -16.644660526621863, 11.643068307612225 ], [ -16.644068088971949, 11.644269932094971 ], [ -16.643469220429438, 11.645468364502335 ], [ -16.642863938192818, 11.646663570417729 ], [ -16.642252259644408, 11.647855515517165 ], [ -16.641634202350701, 11.649044165570047 ], [ -16.641009784061168, 11.65022948644048 ], [ -16.640379022707805, 11.651411444088296 ], [ -16.639741936405073, 11.652590004570072 ], [ -16.639098543448767, 11.653765134039702 ], [ -16.638448862316011, 11.654936798749304 ], [ -16.637792911664349, 11.656104965051327 ], [ -16.637130710331576, 11.657269599397978 ], [ -16.636462277334829, 11.65843066834293 ], [ -16.635787631870244, 11.659588138542802 ], [ -16.635106793312332, 11.660741976756924 ], [ -16.634419781213751, 11.661892149849336 ], [ -16.633726615303829, 11.663038624789237 ], [ -16.633027315489358, 11.664181368651953 ], [ -16.63232190185272, 11.665320348620071 ], [ -16.631610394652228, 11.666455531984127 ], [ -16.630892814320816, 11.667586886143624 ], [ -16.630169181466272, 11.668714378608513 ], [ -16.629439516869979, 11.66983797699902 ], [ -16.628703841486526, 11.670957649047637 ], [ -16.62796217644302, 11.672073362599406 ], [ -16.62721454303869, 11.673185085613113 ], [ -16.626460962744318, 11.674292786162027 ], [ -16.62570145720133, 11.675396432435377 ], [ -16.6249360482214, 11.676495992738126 ], [ -16.624164757785309, 11.677591435493298 ], [ -16.623387608043288, 11.678682729241473 ], [ -16.622604621313712, 11.679769842642884 ], [ -16.621815820082475, 11.680852744477761 ], [ -16.621021227002302, 11.681931403647013 ], [ -16.620220864892644, 11.683005789173535 ], [ -16.619414756738365, 11.684075870203174 ], [ -16.618602925689231, 11.685141616005012 ], [ -16.617785395059627, 11.686202995972735 ], [ -16.616962188327705, 11.687259979625708 ], [ -16.616133329134072, 11.688312536609317 ], [ -16.615298841282311, 11.689360636695881 ], [ -16.61445874873732, 11.690404249786241 ], [ -16.613613075624755, 11.691443345909306 ], [ -16.612761846231024, 11.692477895224499 ], [ -16.611905085001752, 11.693507868021527 ], [ -16.611042816541726, 11.694533234721177 ], [ -16.610175065613362, 11.695553965877082 ], [ -16.609301857136927, 11.696570032175771 ], [ -16.608423216189522, 11.697581404437415 ], [ -16.607539168003939, 11.698588053617812 ], [ -16.606649737968553, 11.699589950807194 ], [ -16.605754951626011, 11.700587067233414 ], [ -16.604854834672949, 11.701579374261087 ], [ -16.603949412958912, 11.702566843392958 ], [ -16.603038712486182, 11.703549446270586 ], [ -16.602122759408189, 11.704527154675702 ], [ -16.601201580029453, 11.705499940530046 ], [ -16.60027520080456, 11.706467775897295 ], [ -16.599343648337481, 11.707430632982891 ], [ -16.59840694938049, 11.708388484135412 ], [ -16.597465130833882, 11.709341301847076 ], [ -16.596518219745064, 11.710289058754881 ], [ -16.595566243307474, 11.711231727640779 ], [ -16.594609228860122, 11.712169281433205 ], [ -16.593647203886576, 11.713101693207534 ], [ -16.592680196014499, 11.714028936186253 ], [ -16.591708233014629, 11.714950983741005 ], [ -16.590731342799813, 11.715867809392137 ], [ -16.589749553424554, 11.716779386810117 ], [ -16.588762893084095, 11.717685689816278 ], [ -16.587771390113346, 11.718586692383099 ], [ -16.586775072986597, 11.719482368635511 ], [ -16.585773970315984, 11.720372692851299 ], [ -16.584768110851542, 11.721257639462237 ], [ -16.583757523479619, 11.722137183054144 ], [ -16.582742237222419, 11.723011298368135 ], [ -16.581722281236978, 11.723879960301474 ], [ -16.580697684814766, 11.72474314390746 ], [ -16.579668477379869, 11.725600824397134 ], [ -16.578634688489615, 11.726452977139786 ], [ -16.577596347832355, 11.727299577662848 ], [ -16.57655348522718, 11.728140601653706 ], [ -16.575506130623353, 11.728976024959707 ], [ -16.574454314098887, 11.729805823589004 ], [ -16.573398065859976, 11.730629973711359 ], [ -16.572337416240146, 11.73144845165865 ], [ -16.571272395699282, 11.732261233925897 ], [ -16.570203034822725, 11.733068297171144 ], [ -16.569129364320474, 11.733869618217454 ], [ -16.568051415026616, 11.734665174051997 ], [ -16.566969217897451, 11.735454941828152 ], [ -16.565882804012062, 11.736238898865224 ], [ -16.564792204569983, 11.737017022649297 ], [ -16.563697450891425, 11.737789290834144 ], [ -16.562598574415404, 11.738555681241792 ], [ -16.561495606699737, 11.739316171862868 ], [ -16.56038857941968, 11.740070740857334 ], [ -16.559277524366905, 11.740819366555513 ], [ -16.558162473448817, 11.741562027458428 ], [ -16.557043458687701, 11.742298702237917 ], [ -16.555920512219643, 11.74302936973811 ], [ -16.554793666293449, 11.74375400897577 ], [ -16.553662953269907, 11.744472599140579 ], [ -16.55252840562116, 11.745185119595988 ], [ -16.55139005592946, 11.745891549879502 ], [ -16.550247936885739, 11.746591869703877 ], [ -16.549102081289846, 11.747286058957343 ], [ -16.54795252204849, 11.747974097704002 ], [ -16.546799292174853, 11.748655966184629 ], [ -16.545642424787559, 11.749331644817346 ], [ -16.544481953109766, 11.750001114197687 ], [ -16.543317910467863, 11.7506643550999 ], [ -16.542150330291349, 11.751321348476949 ], [ -16.540979246110567, 11.751972075461254 ], [ -16.539804691557038, 11.75261651736497 ], [ -16.538626700361874, 11.753254655681019 ], [ -16.537445306354812, 11.753886472083252 ], [ -16.536260543463015, 11.754511948427023 ], [ -16.535072445710853, 11.755131066750039 ], [ -16.533881047218358, 11.75574380927219 ], [ -16.532686382200154, 11.756350158396515 ], [ -16.531488484964882, 11.756950096709943 ], [ -16.530287389913894, 11.757543606983404 ], [ -16.529083131540347, 11.758130672172399 ], [ -16.527875744428286, 11.758711275417511 ], [ -16.526665263251743, 11.75928540004486 ], [ -16.525451722773596, 11.759853029566386 ], [ -16.496287896421393, 11.773399190964085 ], [ -16.495098915852111, 11.773947822136961 ], [ -16.493907068699059, 11.77449019776509 ], [ -16.492712387874519, 11.775026302871879 ], [ -16.491514906368252, 11.775556122652858 ], [ -16.490314657247723, 11.776079642477498 ], [ -16.489111673656851, 11.776596847889323 ], [ -16.487905988814873, 11.777107724606424 ], [ -16.486697636015776, 11.777612258521003 ], [ -16.485486648627102, 11.778110435701024 ], [ -16.484273060089436, 11.778602242389752 ], [ -16.483056903914644, 11.779087665006159 ], [ -16.481838213685819, 11.779566690146055 ], [ -16.480617023056311, 11.780039304581294 ], [ -16.479393365748024, 11.780505495261139 ], [ -16.4781672755513, 11.780965249312317 ], [ -16.476938786323444, 11.781418554038851 ], [ -16.475707931988097, 11.781865396923308 ], [ -16.474474746534327, 11.782305765626461 ], [ -16.473239264015547, 11.782739647987739 ], [ -16.472001518548097, 11.783167032026142 ], [ -16.470761544311756, 11.783587905939839 ], [ -16.469519375547009, 11.784002258106455 ], [ -16.468275046555334, 11.784410077084317 ], [ -16.467028591697897, 11.784811351611722 ], [ -16.465780045394297, 11.785206070607671 ], [ -16.464529442122227, 11.785594223172723 ], [ -16.465668409892658, 11.78629202070465 ], [ -16.46680363221742, 11.78699589516134 ], [ -16.467935076673598, 11.78770582643989 ], [ -16.469062710946105, 11.788421794263741 ], [ -16.470186502828881, 11.789143778184553 ], [ -16.47130642022546, 11.789871757581693 ], [ -16.472422431149766, 11.790605711663375 ], [ -16.473534503727876, 11.791345619467563 ], [ -16.474642606198017, 11.792091459861638 ], [ -16.475746706911707, 11.792843211543698 ], [ -16.476846774335172, 11.793600853043074 ], [ -16.477942777049179, 11.794364362720955 ], [ -16.479034683751138, 11.795133718771126 ], [ -16.480122463255384, 11.795908899219683 ], [ -16.481206084493806, 11.796689881926966 ], [ -16.482285516517322, 11.797476644587505 ], [ -16.483360728496621, 11.798269164730698 ], [ -16.484431689722499, 11.799067419721553 ], [ -16.485498369607456, 11.799871386760969 ], [ -16.486560737686204, 11.800681042887277 ], [ -16.487618763616638, 11.80149636497589 ], [ -16.48867241718068, 11.802317329740333 ], [ -16.489721668285028, 11.803143913733379 ], [ -16.490766486962173, 11.80397609334716 ], [ -16.491806843371364, 11.804813844813566 ], [ -16.492842707798843, 11.805657144206009 ], [ -16.493874050659656, 11.80650596743908 ], [ -16.494900842497771, 11.807360290269685 ], [ -16.495923053987099, 11.808220088297617 ], [ -16.496940655932292, 11.809085336966291 ], [ -16.497953619269936, 11.809956011563372 ], [ -16.49896191506889, 11.810832087221797 ], [ -16.499965514531539, 11.811713538920117 ], [ -16.500964388993964, 11.812600341483233 ], [ -16.501958509927533, 11.813492469583309 ], [ -16.502947848939243, 11.814389897740568 ], [ -16.503932377772912, 11.81529260032346 ], [ -16.504912068309579, 11.816200551550196 ], [ -16.505886892568242, 11.817113725488809 ], [ -16.506856822707107, 11.818032096058403 ], [ -16.507821831024444, 11.818955637029433 ], [ -16.508781889958414, 11.819884322024961 ], [ -16.509736972089229, 11.820818124520599 ], [ -16.510687050138699, 11.821757017846494 ], [ -16.511632096971937, 11.822700975187047 ], [ -16.512572085597526, 11.823649969581766 ], [ -16.513506989168718, 11.824603973926799 ], [ -16.514436780983715, 11.825562960974821 ], [ -16.515361434486806, 11.826526903336458 ], [ -16.516280923269335, 11.827495773480734 ], [ -16.517195221069926, 11.828469543735764 ], [ -16.518104301775224, 11.829448186289937 ], [ -16.519008139421203, 11.830431673192379 ], [ -16.51990670819373, 11.8314199763538 ], [ -16.5207999824284, 11.832413067547463 ], [ -16.521687936613091, 11.833410918409811 ], [ -16.522570545386827, 11.834413500441428 ], [ -16.523447783541428, 11.835420785007784 ], [ -16.524319626022532, 11.836432743339856 ], [ -16.525186047929253, 11.837449346535266 ], [ -16.526047024516174, 11.838470565559078 ], [ -16.526902531192775, 11.839496371244252 ], [ -16.52775254352531, 11.840526734293007 ], [ -16.528597037236523, 11.841561625277336 ], [ -16.529435988207069, 11.842601014639627 ], [ -16.530269372475686, 11.843644872694369 ], [ -16.531097166240158, 11.844693169627874 ], [ -16.531919345858228, 11.845745875500086 ], [ -16.53273588784765, 11.846802960244588 ], [ -16.53354676888722, 11.847864393670363 ], [ -16.534351965817564, 11.848930145461736 ], [ -16.53515145564154, 11.850000185180249 ], [ -16.535945215525032, 11.851074482264266 ], [ -16.536733222797636, 11.852153006031244 ], [ -16.537515454953109, 11.853235725677621 ], [ -16.538291889650282, 11.854322610279894 ], [ -16.539062504713513, 11.855413628795588 ], [ -16.539827278133487, 11.85650875006462 ], [ -16.54058618806738, 11.857607942809295 ], [ -16.541339212840342, 11.858711175635449 ], [ -16.54208633094521, 11.859818417034091 ], [ -16.542827521043762, 11.860929635381467 ], [ -16.543562761966768, 11.862044798940133 ], [ -16.544292032715248, 11.863163875860153 ], [ -16.545015312460691, 11.864286834179723 ], [ -16.545732580545518, 11.865413641826194 ], [ -16.546443816483929, 11.866544266616984 ], [ -16.547148999962474, 11.867678676260368 ], [ -16.547848110840562, 11.86881683835685 ], [ -16.548541129150863, 11.869958720399438 ], [ -16.549228035100214, 11.871104289774962 ], [ -16.549908809070132, 11.872253513765088 ], [ -16.550583431616928, 11.873406359547118 ], [ -16.551251883473014, 11.87456279419456 ], [ -16.551914145546732, 11.875722784678658 ], [ -16.55257019892332, 11.876886297869135 ], [ -16.553220024865311, 11.878053300535385 ], [ -16.553863604813102, 11.879223759346303 ], [ -16.554500920385692, 11.88039764087307 ], [ -16.55513195338068, 11.881574911588132 ], [ -16.555756685775123, 11.882755537868206 ], [ -16.556375099726097, 11.88393948599321 ], [ -16.5569871775715, 11.885126722148641 ], [ -16.557592901829707, 11.886317212425979 ], [ -16.558192255200652, 11.887510922824106 ], [ -16.558785220566165, 11.888707819249248 ], [ -16.559371780990944, 11.889907867517309 ], [ -16.559951919722209, 11.891111033353752 ], [ -16.560525620190674, 11.892317282395254 ], [ -16.561092866011052, 11.893526580190269 ], [ -16.561653640982286, 11.894738892200166 ], [ -16.562207929087947, 11.895954183800313 ], [ -16.562755714497484, 11.897172420280924 ], [ -16.563296981565372, 11.898393566848256 ], [ -16.563831714832645, 11.899617588625176 ], [ -16.564359899027068, 11.900844450652585 ], [ -16.564881519062851, 11.902074117890322 ], [ -16.565396560042586, 11.903306555218137 ], [ -16.565905007255708, 11.904541727436538 ], [ -16.566406846181053, 11.905779599267873 ], [ -16.566902062485212, 11.907020135357357 ], [ -16.567390642024691, 11.908263300274541 ], [ -16.567872570845282, 11.909509058513322 ], [ -16.568347835182578, 11.910757374493869 ], [ -16.568816421462429, 11.912008212563251 ], [ -16.569278316301961, 11.913261536996458 ], [ -16.569733506508896, 11.914517311997429 ], [ -16.570181979082633, 11.915775501700239 ], [ -16.570623721214304, 11.917036070169956 ], [ -16.571058720287624, 11.918298981403495 ], [ -16.571486963878499, 11.919564199331035 ], [ -16.571908439755816, 11.920831687817156 ], [ -16.572323135882073, 11.922101410661185 ], [ -16.572731040413089, 11.923373331598611 ], [ -16.57313214169892, 11.924647414302342 ], [ -16.573526428283458, 11.925923622383777 ], [ -16.573913888905849, 11.927201919392814 ], [ -16.574294512499819, 11.928482268820687 ], [ -16.574668288194232, 11.929764634099399 ], [ -16.575035205314009, 11.931048978603201 ], [ -16.580244692764495, 11.94946705657884 ], [ -16.58150033534713, 11.949924491163813 ], [ -16.582753514344859, 11.950388632408192 ], [ -16.584004193936039, 11.950859467044722 ], [ -16.585252338370879, 11.951336981614986 ], [ -16.586497911971662, 11.951821162469344 ], [ -16.587740879134628, 11.952311995767786 ], [ -16.588981204329912, 11.952809467480108 ], [ -16.59021885210376, 11.953313563386473 ], [ -16.591453787078478, 11.953824269077529 ], [ -16.592685973954474, 11.954341569955091 ], [ -16.593915377509973, 11.954865451232251 ], [ -16.595141962603293, 11.955395897934125 ], [ -16.596365694173187, 11.955932894898353 ], [ -16.59758653724009, 11.956476426775112 ], [ -16.598804456906635, 11.957026478027672 ], [ -16.600019418359466, 11.957583032933428 ], [ -16.601231386869472, 11.958146075583443 ], [ -16.602440327793261, 11.958715589883354 ], [ -16.603646206573785, 11.95929155955389 ], [ -16.604848988741821, 11.959873968131433 ], [ -16.60604863991631, 11.960462798968138 ], [ -16.60724512580606, 11.961058035232327 ], [ -16.608438412210319, 11.961659659909913 ], [ -16.609628465019171, 11.962267655803544 ], [ -16.610815250216206, 11.962882005534084 ], [ -16.611998733877272, 11.963502691540498 ], [ -16.613178882173486, 11.964129696081045 ], [ -16.61435566137078, 11.964763001232996 ], [ -16.615529037831777, 11.96540258889371 ], [ -16.616698978016018, 11.966048440781037 ], [ -16.617865448481211, 11.966700538433543 ], [ -16.619028415884884, 11.967358863211359 ], [ -16.620187846983811, 11.968023396296644 ], [ -16.621343708636573, 11.968694118694089 ], [ -16.622495967803502, 11.969371011231658 ], [ -16.623644591547759, 11.970054054560364 ], [ -16.624789547036642, 11.970743229156199 ], [ -16.625930801542097, 11.971438515319051 ], [ -16.627068322442256, 11.972139893174926 ], [ -16.628202077221545, 11.972847342675152 ], [ -16.629332033472167, 11.973560843597681 ], [ -16.630458158894953, 11.974280375547607 ], [ -16.631580421300384, 11.97500591795739 ], [ -16.632698788609048, 11.975737450087763 ], [ -16.633813228853057, 11.976474951028251 ], [ -16.634923710176849, 11.977218399697961 ], [ -16.636030200837808, 11.977967774845695 ], [ -16.63713266920746, 11.978723055050978 ], [ -16.638231083772553, 11.979484218724792 ], [ -16.639325413135452, 11.980251244109297 ], [ -16.640415626015113, 11.981024109279758 ], [ -16.641501691248777, 11.981802792144094 ], [ -16.642583577791527, 11.982587270444185 ], [ -16.643661254718609, 11.98337752175604 ], [ -16.644734691224699, 11.984173523490938 ], [ -16.645803856626685, 11.984975252895595 ], [ -16.646868720362818, 11.985782687052847 ], [ -16.64792925199464, 11.986595802882789 ], [ -16.648985421207442, 11.987414577142715 ], [ -16.650037197811116, 11.988238986428655 ], [ -16.651084551741235, 11.989069007175374 ], [ -16.652127453059848, 11.98990461565694 ], [ -16.653165871956162, 11.990745787988033 ], [ -16.654199778747511, 11.991592500124341 ], [ -16.655229143880206, 11.992444727862846 ], [ -16.656253937930444, 11.993302446843302 ], [ -16.65727413160505, 11.994165632548118 ], [ -16.65828969574244, 11.995034260303783 ], [ -16.659300601313248, 11.995908305280807 ], [ -16.660306819421123, 11.996787742495258 ], [ -16.661308321303977, 11.997672546808985 ], [ -16.662305078334555, 11.998562692930022 ], [ -16.663297062020888, 11.999458155414459 ], [ -16.664284244007774, 12.000358908665646 ], [ -16.665266596077174, 12.001264926936187 ], [ -16.666244090149064, 12.00217618432805 ], [ -16.667216698282402, 12.00309265479342 ], [ -16.668184392675528, 12.004014312135553 ], [ -16.66914714566775, 12.004941130009172 ], [ -16.670104929738955, 12.005873081922175 ], [ -16.671057717511474, 12.00681014123461 ], [ -16.672005481750546, 12.007752281161572 ], [ -16.672948195364825, 12.008699474772413 ], [ -16.673885831407347, 12.009651694992044 ], [ -16.674818363076213, 12.010608914601789 ], [ -16.675745763715611, 12.011571106240126 ], [ -16.676668006816271, 12.01253824240348 ], [ -16.67758506601632, 12.013510295446508 ], [ -16.678496915102301, 12.014487237583637 ], [ -16.679403528009175, 12.015469040889684 ], [ -16.680304878822312, 12.016455677300087 ], [ -16.681200941776865, 12.017447118612779 ], [ -16.682091691259302, 12.018443336487564 ], [ -16.682977101808262, 12.019444302448562 ], [ -16.683857148114669, 12.020449987883012 ], [ -16.684731805022921, 12.021460364044628 ], [ -16.685601047531293, 12.022475402052009 ], [ -16.686464850793186, 12.023495072890967 ], [ -16.687323190116899, 12.024519347414696 ], [ -16.688176040967619, 12.025548196344971 ], [ -16.689023378967136, 12.026581590272599 ], [ -16.689865179894355, 12.027619499658726 ], [ -16.690701419687116, 12.028661894835125 ], [ -16.691532074441966, 12.029708746005497 ], [ -16.692357120415181, 12.030760023246444 ], [ -16.693176534022996, 12.031815696507408 ], [ -16.693990291843136, 12.032875735612777 ], [ -16.694798370614706, 12.033940110261995 ], [ -16.695600747239382, 12.035008790030361 ], [ -16.696397398781357, 12.036081744370108 ], [ -16.697188302469101, 12.037158942611654 ], [ -16.697973435694792, 12.038240353963943 ], [ -16.698752776016079, 12.039325947515181 ], [ -16.6995263011558, 12.040415692234319 ], [ -16.700293989003228, 12.041509556971789 ], [ -16.70105581761436, 12.042607510459902 ], [ -16.701811765212824, 12.043709521314383 ], [ -16.702561810190161, 12.04481555803477 ], [ -16.703305931106854, 12.045925589005549 ], [ -16.704044106692606, 12.047039582497291 ], [ -16.704776315846971, 12.048157506666882 ], [ -16.705502537640257, 12.049279329559226 ], [ -16.706222751313817, 12.050405019107586 ], [ -16.706936936280727, 12.051534543134778 ], [ -16.707645072126354, 12.052667869353797 ], [ -16.708347138609156, 12.053804965369523 ], [ -16.709043115660734, 12.054945798678261 ], [ -16.709732983387028, 12.056090336670252 ], [ -16.710416722068771, 12.057238546629378 ], [ -16.711094312161265, 12.058390395734534 ], [ -16.711765734296478, 12.059545851060989 ], [ -16.712430969281627, 12.060704879580555 ], [ -16.71308999810185, 12.061867448163127 ], [ -16.713742801918727, 12.063033523577303 ], [ -16.714389362072495, 12.064203072491352 ], [ -16.715029660081598, 12.065376061474467 ], [ -16.71566367764342, 12.066552456997329 ], [ -16.716291396634688, 12.067732225433303 ], [ -16.71691279911272, 12.068915333059408 ], [ -16.717527867315027, 12.070101746057333 ], [ -16.718136583659998, 12.071291430513838 ], [ -16.72036048097209, 12.072449707231044 ], [ -16.722136003144385, 12.072465201978218 ], [ -16.726497775710811, 12.072579419012641 ], [ -16.730856890595874, 12.072769742078776 ], [ -16.735212019971129, 12.073036113202477 ], [ -16.73956183722197, 12.07337845124448 ], [ -16.743905017352006, 12.073796651925306 ], [ -16.748240237386426, 12.074290587857149 ], [ -16.752566176775076, 12.074860108581959 ], [ -16.75688151779525, 12.075505040618623 ], [ -16.761184945951925, 12.076225187514297 ], [ -16.765475150379189, 12.077020329905508 ], [ -16.769750824239622, 12.077890225584042 ], [ -16.774010665121125, 12.078834609571061 ], [ -16.778253375435042, 12.079853194198392 ], [ -16.78247766281072, 12.080945669195046 ], [ -16.78668224048937, 12.082111701782878 ], [ -16.790865827715834, 12.083350936776583 ], [ -16.795027150128988, 12.08466299669368 ], [ -16.799164940149467, 12.086047481867638 ], [ -16.803277937366545, 12.087503970570992 ], [ -16.80736488892137, 12.089032019143076 ], [ -16.811424549889125, 12.09063116212576 ], [ -16.815455683657433, 12.092300912404255 ], [ -16.819457062304082, 12.09404076135678 ], [ -16.823427466970259, 12.095850179008266 ], [ -16.827365688232362, 12.097728614192704 ], [ -16.831270526470007, 12.099675494720259 ], [ -16.835140792231641, 12.101690227552751 ], [ -16.838975306596694, 12.103772198982654 ], [ -16.842772901535113, 12.1059207748213 ], [ -16.846532420262747, 12.108135300591925 ], [ -16.850252717593378, 12.110415101728393 ], [ -16.853932660288933, 12.112759483780962 ], [ -16.857571127402935, 12.115167732628606 ], [ -16.861167010622921, 12.117639114695237 ], [ -16.864719214608272, 12.120172877173673 ], [ -16.868226657323135, 12.122768248255625 ], [ -16.871688270366519, 12.125424437365723 ], [ -16.87510299929761, 12.128140635403213 ], [ -16.878469803956762, 12.13091601498769 ], [ -16.881787658782798, 12.1337497307116 ], [ -16.885055553124857, 12.136640919398133 ], [ -16.887031049882012, 12.138438867396928 ], [ -16.900094916569572, 12.15045684020339 ], [ -16.901072607732431, 12.151361077025342 ], [ -16.902045468217125, 12.152270509110338 ], [ -16.903013470417477, 12.153185110652259 ], [ -16.903976586864701, 12.154104855697881 ], [ -16.904934790229447, 12.155029718148114 ], [ -16.905888053321121, 12.155959671758808 ], [ -16.906836349089588, 12.156894690141144 ], [ -16.907779650625855, 12.15783474676266 ], [ -16.908717931162187, 12.158779814948161 ], [ -16.90965116407358, 12.159729867879776 ], [ -16.910579322878391, 12.160684878598659 ], [ -16.91150238123879, 12.161644820004824 ], [ -16.912420312961615, 12.162609664858792 ], [ -16.913333091999391, 12.163579385781759 ], [ -16.914240692450619, 12.164553955256281 ], [ -16.915143088561081, 12.16553334562775 ], [ -16.916040254723896, 12.166517529104851 ], [ -16.916932165480659, 12.167506477759559 ], [ -16.917818795522408, 12.168500163529473 ], [ -16.918700119689561, 12.169498558217128 ], [ -16.919576112973289, 12.170501633491881 ], [ -16.920446750516192, 12.171509360889956 ], [ -16.921312007612926, 12.172521711815705 ], [ -16.92217185971009, 12.173538657542281 ], [ -16.923026282408728, 12.174560169212384 ], [ -16.923875251463073, 12.175586217839225 ], [ -16.924718742782431, 12.17661677430732 ], [ -16.925556732431858, 12.177651809373117 ], [ -16.926389196631987, 12.178691293666247 ], [ -16.927216111760629, 12.179735197689581 ], [ -16.928037454352818, 12.180783491821273 ], [ -16.928853201101788, 12.181836146314083 ], [ -16.929663328859817, 12.182893131297874 ], [ -16.930467814638178, 12.183954416778874 ], [ -16.931266635608438, 12.185019972641953 ], [ -16.932059769103091, 12.18608976865039 ], [ -16.932847192615839, 12.187163774447185 ], [ -16.933628883802555, 12.188241959556024 ], [ -16.934404820481461, 12.189324293381617 ], [ -16.935174980634315, 12.190410745211636 ], [ -16.997538016814474, 12.278883745132532 ], [ -16.998295140528228, 12.279963899187067 ], [ -16.999046554488984, 12.28104803301585 ], [ -16.999792237778138, 12.282136116436902 ], [ -17.000532169636074, 12.283228119158935 ], [ -17.001266329463476, 12.284324010780779 ], [ -17.001994696821725, 12.285423760793662 ], [ -17.002717251433239, 12.286527338580811 ], [ -17.003433973182837, 12.287634713419436 ], [ -17.004144842116943, 12.288745854480339 ], [ -17.00484983844558, 12.289860730830355 ], [ -17.00554894254185, 12.29097931143184 ], [ -17.00624213494325, 12.292101565143639 ], [ -17.006929396351438, 12.293227460723244 ], [ -17.007610707633319, 12.294356966825944 ], [ -17.00828604982172, 12.29549005200721 ], [ -17.008955404115397, 12.296626684722071 ], [ -17.009618751879941, 12.297766833327501 ], [ -17.010276074647891, 12.298910466082361 ], [ -17.010927354119872, 12.300057551148257 ], [ -17.011572572164425, 12.301208056591179 ], [ -17.012211710819145, 12.302361950381453 ], [ -17.012844752290732, 12.303519200395328 ], [ -17.013471678955455, 12.30467977441532 ], [ -17.014092473360222, 12.305843640132025 ], [ -17.014707118222248, 12.307010765143559 ], [ -17.015315596430071, 12.30818111695794 ], [ -17.015917891044182, 12.309354662993428 ], [ -17.016513985296797, 12.310531370578644 ], [ -17.017103862593046, 12.31171120695484 ], [ -17.017687506511038, 12.312894139275784 ], [ -17.018264900802365, 12.314080134609412 ], [ -17.01883602939273, 12.315269159938225 ], [ -17.019400876382178, 12.31646118216014 ], [ -17.019959426045489, 12.317656168090082 ], [ -17.020511662833258, 12.318854084460099 ], [ -17.021057571371102, 12.320054897920841 ], [ -17.02159713646131, 12.321258575042236 ], [ -17.022130343082836, 12.322465082314466 ], [ -17.022657176391363, 12.323674386148923 ], [ -17.023177621719981, 12.324886452879468 ], [ -17.023691664579985, 12.32610124876237 ], [ -17.024199290660533, 12.327318739978466 ], [ -17.024700485829555, 12.328538892633674 ], [ -17.025195236134095, 12.329761672759162 ], [ -17.025683527800595, 12.330987046313453 ], [ -17.026165347235064, 12.332214979182766 ], [ -17.026640681024105, 12.333445437182263 ], [ -17.027109515934455, 12.334678386056282 ], [ -17.027571838914184, 12.335913791480152 ], [ -17.036180891689639, 12.359104841250655 ], [ -17.036638079659895, 12.36034647416534 ], [ -17.037088689882751, 12.36159050935845 ], [ -17.037532709736297, 12.362836911983607 ], [ -17.03797012678308, 12.364085647128434 ], [ -17.038400928770841, 12.365336679814561 ], [ -17.038825103632576, 12.366589974999897 ], [ -17.039242639486645, 12.367845497578401 ], [ -17.039653524637686, 12.369103212382015 ], [ -17.04005774757627, 12.370363084181236 ], [ -17.040455296980156, 12.371625077686133 ], [ -17.040846161713205, 12.372889157547206 ], [ -17.041230330827489, 12.374155288356462 ], [ -17.041607793561752, 12.375423434648781 ], [ -17.041978539343177, 12.376693560902424 ], [ -17.04234255778681, 12.377965631540178 ], [ -17.042699838696308, 12.379239610930256 ], [ -17.043050372063874, 12.380515463387553 ], [ -17.043394148070774, 12.381793153174613 ], [ -17.04373115708762, 12.383072644502079 ], [ -17.044061389674482, 12.384353901530517 ], [ -17.044384836581514, 12.385636888371209 ], [ -17.044701488748331, 12.386921569086269 ], [ -17.045011337305709, 12.38820790769114 ], [ -17.045314373574058, 12.389495868154199 ], [ -17.045610589065518, 12.39078541439892 ], [ -17.045899975482712, 12.39207651030415 ], [ -17.046182524719597, 12.393369119705028 ], [ -17.046458228861866, 12.394663206394739 ], [ -17.046727080186827, 12.395958734124974 ], [ -17.046989071163807, 12.397255666606895 ], [ -17.047244194454038, 12.398553967512441 ], [ -17.047492442911562, 12.399853600475296 ], [ -17.04773380958261, 12.401154529091514 ], [ -17.047968287706283, 12.402456716921449 ], [ -17.048195870714778, 12.403760127489363 ], [ -17.048416552233334, 12.405064724286149 ], [ -17.048630326080229, 12.40637047076882 ], [ -17.048837186267917, 12.407677330362333 ], [ -17.049037127001725, 12.408985266460832 ], [ -17.049230142681324, 12.410294242427881 ], [ -17.04941622790011, 12.411604221597827 ], [ -17.049595377445826, 12.412915167277504 ], [ -17.049767586300277, 12.414227042746006 ], [ -17.049932849639731, 12.415539811256963 ], [ -17.050091162835088, 12.416853436038537 ], [ -17.050242521451764, 12.4181678802953 ], [ -17.050386921250265, 12.419483107208237 ], [ -17.050524358185612, 12.42079907993724 ], [ -17.050654828408312, 12.422115761620773 ], [ -17.050778328263732, 12.42343311537752 ], [ -17.050894854292551, 12.424751104307404 ], [ -17.05100440323065, 12.426069691492444 ], [ -17.051106972009734, 12.427388839998287 ], [ -17.051202557756596, 12.428708512874152 ], [ -17.051291157793685, 12.430028673155505 ], [ -17.051372769639499, 12.431349283863028 ], [ -17.051447391007912, 12.432670308005925 ], [ -17.051515019808733, 12.433991708581004 ], [ -17.051575654147712, 12.435313448575073 ], [ -17.05162929232614, 12.436635490964761 ], [ -17.051675932841874, 12.437957798719083 ], [ -17.051715574388481, 12.439280334798866 ], [ -17.051748215855298, 12.440603062159028 ], [ -17.051773856328339, 12.441925943748913 ], [ -17.051792495089273, 12.443248942513492 ], [ -17.051804131615768, 12.444572021394777 ], [ -17.051808765582223, 12.445895143332109 ], [ -17.051806396858694, 12.447218271263807 ], [ -17.051797025511632, 12.448541368128247 ], [ -17.051780651803369, 12.4498643968642 ], [ -17.051757276192575, 12.451187320412885 ], [ -17.051726899334142, 12.452510101717792 ], [ -17.051689522078789, 12.453832703727414 ], [ -17.051645145473742, 12.455155089394168 ], [ -17.051593770761599, 12.456477221676948 ], [ -17.04992174871137, 12.496759139708161 ], [ -17.049863355902289, 12.498082182038956 ], [ -17.049797953322411, 12.499404896381293 ], [ -17.049725542808119, 12.500727245596295 ], [ -17.049646126392759, 12.502049192555148 ], [ -17.049559706305899, 12.503370700140067 ], [ -17.049466284974244, 12.504691731246453 ], [ -17.049365865020832, 12.506012248782156 ], [ -17.049258449265153, 12.507332215669578 ], [ -17.04914404072332, 12.508651594847379 ], [ -17.049022642607667, 12.509970349269679 ], [ -17.048894258326868, 12.511288441908789 ], [ -17.048758891485477, 12.512605835755437 ], [ -17.048616545884329, 12.513922493819962 ], [ -17.048467225520426, 12.515238379133223 ], [ -17.048310934586198, 12.516553454748191 ], [ -17.048147677470013, 12.517867683739951 ], [ -17.047977458755838, 12.519181029207914 ], [ -17.047800283222955, 12.52049345427605 ], [ -17.047616155846129, 12.521804922094134 ], [ -17.047425081795325, 12.523115395839113 ], [ -17.047227066435312, 12.52442483871539 ], [ -17.047022115326229, 12.525733213956642 ], [ -17.046810234222562, 12.52704048482633 ], [ -17.04659142907326, 12.528346614619068 ], [ -17.046365706022357, 12.529651566661471 ], [ -17.046133071407212, 12.530955304313352 ], [ -17.0458935317601, 12.532257790968458 ], [ -17.045647093806565, 12.533558990055383 ], [ -17.045393764466212, 12.534858865039439 ], [ -17.045133550851915, 12.536157379422889 ], [ -17.04486646026993, 12.537454496745966 ], [ -17.044592500219665, 12.538750180588465 ], [ -17.044311678393228, 12.540044394570316 ], [ -17.044024002675656, 12.5413371023526 ], [ -17.043729481144226, 12.542628267638918 ], [ -17.043428122068349, 12.543917854175845 ], [ -17.04311993390985, 12.545205825754635 ], [ -17.042804925321661, 12.546492146211733 ], [ -17.042483105148733, 12.547776779429853 ], [ -17.042154482427179, 12.549059689339344 ], [ -17.041819066384051, 12.550340839918761 ], [ -17.041476866436824, 12.551620195195767 ], [ -17.041127892194197, 12.552897719249245 ], [ -17.040772153454327, 12.554173376208496 ], [ -17.040409660205796, 12.55544713025597 ], [ -17.040040422626362, 12.556718945627438 ], [ -17.039664451083922, 12.557988786612839 ], [ -17.039281756134415, 12.559256617557594 ], [ -17.038892348523632, 12.560522402863853 ], [ -17.038496239184894, 12.561786106991008 ], [ -17.03809343924047, 12.5630476944566 ], [ -17.037683959999924, 12.564307129838369 ], [ -17.037267812960692, 12.565564377773455 ], [ -17.036845009807223, 12.566819402961414 ], [ -17.03641556241098, 12.568072170163532 ], [ -17.03597948282993, 12.569322644204817 ], [ -17.03553678330843, 12.570570789974681 ], [ -17.035087476276317, 12.571816572427508 ], [ -17.034631574349362, 12.573059956584586 ], [ -17.034169090328248, 12.574300907534052 ], [ -17.033700037198571, 12.57553939043288 ], [ -17.033224428130438, 12.576775370506709 ], [ -17.032742276477791, 12.578008813052122 ], [ -17.032253595778684, 12.579239683436583 ], [ -17.03175839975404, 12.580467947099635 ], [ -17.031256702307985, 12.581693569554375 ], [ -17.030748517527229, 12.582916516387968 ], [ -17.030233859680493, 12.584136753262328 ], [ -17.02971274321817, 12.58535424591588 ], [ -17.029185182772267, 12.586568960164186 ], [ -17.028651193155497, 12.587780861900285 ], [ -17.041203906291059, 12.677625028751038 ], [ -17.041374300971199, 12.678867329464708 ], [ -17.041538462485107, 12.680110469202191 ], [ -17.041696386703165, 12.681354416689601 ], [ -17.041848069652133, 12.682599140632021 ], [ -17.041993507516167, 12.683844609715436 ], [ -17.042132696636315, 12.685090792606729 ], [ -17.042265633511022, 12.686337657955278 ], [ -17.042392314795734, 12.68758517439278 ], [ -17.042512737303696, 12.68883331053496 ], [ -17.042626898005381, 12.690082034981856 ], [ -17.042734794028547, 12.691331316318383 ], [ -17.042836422658922, 12.692581123115986 ], [ -17.042931781339917, 12.693831423932636 ], [ -17.04302086767234, 12.695082187313517 ], [ -17.049557913977253, 12.790228188009053 ], [ -17.049645097489361, 12.79154819755837 ], [ -17.049725294919028, 12.792868649960894 ], [ -17.049798504020657, 12.794189508243221 ], [ -17.049864722744758, 12.795510735421203 ], [ -17.049923949236643, 12.796832294499552 ], [ -17.04997618183836, 12.798154148474111 ], [ -17.050021419087102, 12.799476260332483 ], [ -17.050059659716339, 12.800798593055106 ], [ -17.050090902655199, 12.802121109615882 ], [ -17.050115147029089, 12.803443772984053 ], [ -17.050132392159128, 12.804766546124142 ], [ -17.050142637562146, 12.806089391998398 ], [ -17.05014588295154, 12.807412273566058 ], [ -17.050142128236303, 12.808735153786358 ], [ -17.050131373521765, 12.810057995617797 ], [ -17.050113619108799, 12.811380762020349 ], [ -17.050088865494729, 12.812703415955923 ], [ -17.050057113372532, 12.814025920389838 ], [ -17.050018363631523, 12.815348238291278 ], [ -17.049972617356332, 12.816670332634772 ], [ -17.049919875828209, 12.817992166401325 ], [ -17.049860140523776, 12.819313702578711 ], [ -17.049793413115708, 12.820634904163626 ], [ -17.049719695472277, 12.821955734161691 ], [ -17.049638989657865, 12.823276155589383 ], [ -17.049551297931941, 12.824596131474038 ], [ -17.049456622750199, 12.825915624855838 ], [ -17.049354966763417, 12.82723459878855 ], [ -17.049246332818029, 12.828553016340379 ], [ -17.049130723955898, 12.829870840594936 ], [ -17.049008143413914, 12.831188034652541 ], [ -17.048878594624796, 12.832504561631538 ], [ -17.048742081215551, 12.833820384668229 ], [ -17.048598607008785, 12.835135466919326 ], [ -17.048448176021907, 12.836449771561661 ], [ -17.048290792466844, 12.83776326179435 ], [ -17.048126460750609, 12.839075900839248 ], [ -17.04795518547445, 12.840387651941683 ], [ -17.047776971434075, 12.841698478371995 ], [ -17.047591823619769, 12.843008343426845 ], [ -17.04739974721565, 12.844317210429153 ], [ -17.047200747599845, 12.845625042730319 ], [ -17.046994830344431, 12.846931803710277 ], [ -17.046782001215377, 12.848237456779316 ], [ -17.043444997913639, 12.868373470471795 ], [ -17.043223800798273, 12.869686520074197 ], [ -17.042995613276503, 12.870998372915494 ], [ -17.042760441821656, 12.872308991780301 ], [ -17.042518293104933, 12.873618339488587 ], [ -17.042269173996033, 12.874926378896077 ], [ -17.042013091561842, 12.876233072896014 ], [ -17.041750053067119, 12.87753838441904 ], [ -17.041480065973929, 12.878842276435989 ], [ -17.041203137941238, 12.8801447119572 ], [ -17.040919276825207, 12.881445654034621 ], [ -17.040628490678387, 12.88274506576272 ], [ -17.040330787750122, 12.884042910278993 ], [ -17.040026176485469, 12.885339150765674 ], [ -17.039714665526049, 12.886633750450756 ], [ -17.039396263708795, 12.887926672607989 ], [ -17.039070980066356, 12.889217880559556 ], [ -17.03873882382652, 12.890507337675785 ], [ -17.038399804412052, 12.8917950073768 ], [ -17.038053931440231, 12.893080853133199 ], [ -17.037701214723199, 12.894364838467823 ], [ -17.037341664266819, 12.895646926955976 ], [ -17.036975290270959, 12.896927082226853 ], [ -17.036602103129155, 12.898205267964158 ], [ -17.036222113428039, 12.899481447908101 ], [ -17.035835331947396, 12.900755585855279 ], [ -17.035441769659656, 12.902027645660496 ], [ -17.03504143772949, 12.903297591237106 ], [ -17.034634347513816, 12.90456538655917 ], [ -17.034220510560942, 12.905830995660949 ], [ -17.033799938610969, 12.907094382639286 ], [ -17.033372643594703, 12.908355511653838 ], [ -17.032938637634004, 12.909614346928265 ], [ -17.032497933040929, 12.910870852751373 ], [ -17.032050542317279, 12.912124993478301 ], [ -17.031596478155166, 12.913376733530697 ], [ -17.031135753435649, 12.914626037398705 ], [ -17.030668381228566, 12.915872869641817 ], [ -17.030194374792814, 12.917117194889101 ], [ -17.029713747574931, 12.918358977840967 ], [ -17.029226513209892, 12.919598183270068 ], [ -17.028732685519344, 12.920834776021991 ], [ -17.028232278512746, 12.922068721016728 ], [ -17.027725306385889, 12.923299983248967 ], [ -17.027211783520499, 12.924528527789903 ], [ -17.026691724484579, 12.925754319787416 ], [ -17.026190483437517, 12.92691847265894 ], [ -17.017236709594613, 12.934415817260799 ], [ -16.829893112182731, 13.003095626830941 ], [ -16.561761856078988, 13.046945571899585 ], [ -16.212844848632869, 13.065965652465934 ], [ -15.783138275146371, 13.060155868530387 ], [ -15.282415390014592, 13.034318923950309 ], [ -14.766862869262695, 13.016073226928825 ], [ -14.245456695556584, 13.009832382202092 ], [ -13.718194961547738, 13.015596389770621 ], [ -13.185075759887752, 13.03336143493658 ], [ -12.648317337036076, 13.061853408813477 ], [ -12.143312454223633, 13.080675125122013 ], [ -11.682363510131893, 13.082735061645621 ], [ -11.265468597412166, 13.068033218383675 ], [ -10.892631530761548, 13.0365695953368 ], [ -10.563812255859489, 12.988447189331168 ], [ -10.272880554199276, 12.940374374389762 ], [ -10.015396118164119, 12.904439926147518 ], [ -9.791362762450945, 12.880651473999137 ], [ -9.600778579711971, 12.869001388549691 ], [ -9.443643569946289, 12.869497299194336 ], [ -9.307195663451978, 12.86575889587391 ], [ -9.170932769775277, 12.831487655639592 ], [ -9.03458213806158, 12.766328811645621 ], [ -8.898141860961914, 12.670286178588981 ], [ -8.761613845825309, 12.543355941772461 ], [ -8.626522064209098, 12.398889541626033 ], [ -8.497945785522461, 12.28134727478016 ], [ -8.376291275024414, 12.194280624389648 ], [ -8.261558532714787, 12.137693405151424 ], [ -8.153749465942326, 12.111585617065487 ], [ -8.05137634277321, 12.111822128296012 ], [ -7.943330764770508, 12.107473373413256 ], [ -7.827339172363395, 12.092206954955998 ], [ -7.703397750854322, 12.066019058227539 ], [ -7.571512222290153, 12.028909683227425 ], [ -7.430751800536996, 11.981561660766658 ], [ -7.258172988891658, 11.940816879272461 ], [ -7.043867111205827, 11.913953781127987 ], [ -6.787834167480582, 11.900972366333121 ], [ -6.490072250365984, 11.901872634887752 ], [ -6.150606155395508, 11.916643142700366 ], [ -5.81963920593239, 11.929273605346793 ], [ -5.543344497680778, 11.92502403259283 ], [ -5.321718215942326, 11.903898239135856 ], [ -5.15476226806652, 11.865896224975643 ], [ -5.042476654052621, 11.811017990112418 ], [ -4.966325759887582, 11.742975234985408 ], [ -4.889171600341911, 11.669218063354492 ], [ -4.809976577758732, 11.589944839477539 ], [ -4.728736877441406, 11.505163192749023 ], [ -4.645456314087028, 11.414873123168945 ], [ -4.561439514160043, 11.323175430297908 ], [ -4.482139587402457, 11.247209548950195 ], [ -4.408159255981445, 11.188863754272575 ], [ -4.339496612548828, 11.148138046264705 ], [ -4.276155471801701, 11.125032424926871 ], [ -4.217369079589844, 11.118375778198242 ], [ -4.155487060546704, 11.116380691528377 ], [ -4.088529586791765, 11.115999221801815 ], [ -4.016498565673885, 11.117235183715934 ], [ -3.939392089843579, 11.120084762573242 ], [ -3.857212066650163, 11.124372482299918 ], [ -3.770082473754996, 11.122278213500977 ], [ -3.678064346313249, 11.109598159790153 ], [ -3.581159591674918, 11.08632850646984 ], [ -3.479368209838867, 11.05248069763195 ], [ -3.372690200805607, 11.008043289184627 ], [ -3.265729904174691, 10.954172134399357 ], [ -3.163919448852653, 10.892229080200195 ], [ -3.067272186279411, 10.822214126587085 ], [ -2.975784301757812, 10.744127273559457 ], [ -2.8894557952882, 10.657968521118107 ], [ -2.805425643920728, 10.570535659790096 ], [ -2.716566085815373, 10.498754501342887 ], [ -2.622539520263672, 10.443418502807674 ], [ -2.523347854614201, 10.40452766418457 ], [ -2.418991088867244, 10.382089614868221 ], [ -2.31155776977522, 10.379156112670785 ], [ -2.212110519409066, 10.411935806274585 ], [ -2.122270584106332, 10.482797622680721 ], [ -2.042034149169922, 10.591737747192496 ], [ -1.971405029296989, 10.738763809204158 ], [ -1.909549713134652, 10.919565200805721 ], [ -1.844741821288892, 11.073453903198356 ], [ -1.773193359375, 11.180826187133789 ], [ -1.694906234740984, 11.241678237915039 ], [ -1.60987663269043, 11.256013870239315 ], [ -1.518157958984432, 11.224046707153434 ], [ -1.424938201904411, 11.168481826782283 ], [ -1.333700180053711, 11.1045436859132 ], [ -1.244441986083984, 11.032239913940543 ], [ -1.157165527343693, 10.951562881469727 ], [ -1.07187080383278, 10.862520217895565 ], [ -0.983207702636832, 10.779607772827148 ], [ -0.88320350646984, 10.724424362182731 ], [ -0.771781921386662, 10.697187423706225 ], [ -0.648942947387582, 10.697885513305664 ], [ -0.514688491821289, 10.726526260376033 ], [ -0.372173309326001, 10.773992538452262 ], [ -0.231163024902344, 10.812063217163143 ], [ -0.092351913451921, 10.838735580444336 ], [ 0.044260025024471, 10.85401725769043 ], [ 0.178670883178825, 10.857900619506722 ], [ 0.3139781951906, 10.853818893432617 ], [ 0.471303939819279, 10.86524772644043 ], [ 0.654642105102653, 10.896619796752816 ], [ 0.863996505737589, 10.947927474975472 ], [ 1.09936714172369, 11.01917839050293 ], [ 1.359605789184684, 11.109201431274528 ], [ 1.620523452758903, 11.193258285522404 ], [ 1.872396469116325, 11.261404037475586 ], [ 2.11522483825695, 11.313646316528377 ], [ 2.349008560180664, 11.349977493286303 ], [ 2.573774337768498, 11.37039756774891 ], [ 2.801877975463981, 11.371248245239315 ], [ 3.043806076049805, 11.349431991577262 ], [ 3.299558639526538, 11.304948806762638 ], [ 3.569131851196289, 11.237794876098576 ], [ 3.852529525756893, 11.147977828979549 ], [ 4.12965583801298, 11.058942794799918 ], [ 4.363100051879996, 11.014360427856502 ], [ 4.552007675170955, 11.01522254943842 ], [ 4.69638633728033, 11.061529159545898 ], [ 4.796232223510742, 11.153276443481559 ], [ 4.867498397827262, 11.280473709106332 ], [ 4.971891403198242, 11.404481887817496 ], [ 5.11555290222168, 11.521448135376147 ], [ 5.298486709595011, 11.631376266479435 ], [ 5.520692825317667, 11.734258651733398 ], [ 5.777177810669002, 11.827898025512809 ], [ 6.022687911987305, 11.892274856567383 ], [ 6.246381759643555, 11.922601699829102 ], [ 6.448259353637638, 11.918878555297965 ], [ 6.62832069396967, 11.881101608276367 ], [ 6.786779403686523, 11.810026168823299 ], [ 6.93127632141119, 11.732610702514535 ], [ 7.065622329712028, 11.66230583190935 ], [ 7.189825057983455, 11.599115371704102 ], [ 7.303876876831112, 11.543035507202262 ], [ 7.407785415649471, 11.494066238403377 ], [ 7.505929946899585, 11.448293685913256 ], [ 7.60309028625494, 11.401460647582951 ], [ 7.699270248413143, 11.353563308715934 ], [ 7.79446220397972, 11.304605484008789 ], [ 7.888669967651424, 11.254583358764705 ], [ 7.990358352661076, 11.207471847534237 ], [ 8.11910820007347, 11.172460556030387 ], [ 8.275712966918945, 11.149927139282227 ], [ 8.460176467895678, 11.139867782592717 ], [ 8.672491073608683, 11.142282485961914 ], [ 8.901731491088981, 11.149229049682788 ], [ 9.094499588012809, 11.121904373168945 ], [ 9.243669509887638, 11.055128097534293 ], [ 9.349237442016829, 10.948896408081168 ], [ 9.411207199096964, 10.803213119506779 ], [ 9.430845260620401, 10.620416641235522 ], [ 9.424062728881836, 10.429758071899471 ], [ 9.395639419555778, 10.240018844604492 ], [ 9.345567703247241, 10.051198959350586 ], [ 9.273851394653491, 9.863298416137752 ], [ 9.18104362487793, 9.67650032043457 ], [ 9.108892440796183, 9.504507064819279 ], [ 9.08337593078619, 9.355844497680835 ], [ 9.104486465454102, 9.230512619018612 ], [ 9.172235488891829, 9.128511428833008 ], [ 9.286611557006893, 9.049840927124023 ], [ 9.416048049926871, 8.978410720825195 ], [ 9.516931533813533, 8.892007827758789 ], [ 9.588998794555891, 8.790487289428768 ], [ 9.63224220275896, 8.673856735229435 ], [ 9.646665573120117, 8.542108535766715 ], [ 9.644712448120117, 8.407915115356445 ], [ 9.662179946899585, 8.307710647583121 ], [ 9.701303482055664, 8.243776321411019 ], [ 9.762086868286076, 8.216112136840877 ], [ 9.844530105590991, 8.224718093872184 ], [ 9.946142196655501, 8.267007827758846 ], [ 10.051324844360408, 8.326791763305778 ], [ 10.157365798950252, 8.401254653930664 ], [ 10.264265060424805, 8.490396499633675 ], [ 10.37202262878418, 8.594217300414982 ], [ 10.483827590942326, 8.711500167846737 ], [ 10.658086776733398, 8.820001602172965 ], [ 10.916624069213924, 8.911409378051701 ], [ 11.259439468383846, 8.985723495483569 ], [ 11.686532974243221, 9.042943954467944 ], [ 12.197572708129996, 9.083066940307674 ], [ 12.700151443481559, 9.10473823547369 ], [ 13.12193870544445, 9.10690879821783 ], [ 13.462930679321289, 9.08957481384283 ], [ 13.72313117980957, 9.052732467651424 ], [ 13.902536392212198, 8.996389389038029 ], [ 14.030431747436637, 8.936460494995231 ], [ 14.157495498657283, 8.900487899780273 ], [ 14.284620285034237, 8.888959884643668 ], [ 14.411809921264705, 8.90188026428217 ], [ 14.539060592651424, 8.93924522399908 ], [ 14.666021347046069, 8.996309280395678 ], [ 14.79141807556158, 9.056047439575195 ], [ 14.915132522583121, 9.116933822631779 ], [ 15.037164688110408, 9.178972244262809 ], [ 15.157518386840877, 9.242155075073299 ], [ 15.277029037475643, 9.303777694702205 ], [ 15.402540206909293, 9.341539382934741 ], [ 15.535577774047965, 9.350496292114428 ], [ 15.676137924194336, 9.330644607543888 ], [ 15.824220657348576, 9.281991958618278 ], [ 15.980100631713981, 9.205961227417106 ], [ 16.151845932007006, 9.144708633422852 ], [ 16.343194961547965, 9.117792129516545 ], [ 16.554151535034407, 9.125223159789982 ], [ 16.741579429154228, 9.159176072758441 ], [ 16.741579429154228, 7.0 ], [ -12.160795478960408, 7.0 ], [ -12.405968148488512, 7.090219816364652 ] ] ] } },
{ "type": "Feature", "properties": { "zone_id": 5, "zone_name": "Guineo-Congolean", "zone_name_fr": "Zone Guinéo-Congolaise", "source_zone": "Guinea_dissolved", "color_hex": "#1A6B1A", "rainfall_mm_yr": ">2000 mm/yr", "area_km2": 829253.9 }, "geometry": { "type": "Polygon", "coordinates": [ [ [ 9.483508107265493, 3.576154625921466 ], [ 9.475772689453445, 3.576702368750489 ], [ 9.468037726626299, 3.577256499598155 ], [ 9.46030322405937, 3.57781701808654 ], [ 9.45256918702766, 3.578383923833366 ], [ 9.444835620805852, 3.578957216452 ], [ 9.437102530668311, 3.579536895551453 ], [ 9.429369921889077, 3.580122960736372 ], [ 9.421637799741859, 3.580715411607059 ], [ 9.420781796486569, 3.580822819387414 ], [ 9.419926689132652, 3.58093714094104 ], [ 9.419072533520394, 3.581058368802501 ], [ 9.41821938542793, 3.581186495055367 ], [ 9.417367300567605, 3.581321511332727 ], [ 9.416516334582331, 3.581463408817738 ], [ 9.415666543041953, 3.581612178244199 ], [ 9.414817981439626, 3.581767809897157 ], [ 9.413970705188184, 3.581930293613543 ], [ 9.413124769616529, 3.582099618782831 ], [ 9.41228022996601, 3.582275774347737 ], [ 9.41143714138682, 3.582458748804936 ], [ 9.410595558934396, 3.582648530205816 ], [ 9.409755537565822, 3.582845106157256 ], [ 9.408917132136237, 3.58304846382244 ], [ 9.408080397395256, 3.583258589921688 ], [ 9.407245387983401, 3.583475470733331 ], [ 9.406412158428518, 3.5836990920946 ], [ 9.405580763142227, 3.583929439402556 ], [ 9.404751256416372, 3.584166497615041 ], [ 9.403923692419461, 3.584410251251661 ], [ 9.403098125193146, 3.584660684394798 ], [ 9.402274608648682, 3.584917780690646 ], [ 9.401453196563407, 3.585181523350284 ], [ 9.40063394257724, 3.585451895150767 ], [ 9.399816900189169, 3.585728878436256 ], [ 9.399002122753757, 3.586012455119167 ], [ 9.398189663477664, 3.586302606681352 ], [ 9.397379575416171, 3.586599314175312 ], [ 9.396571911469708, 3.586902558225431 ], [ 9.395766724380412, 3.587212319029243 ], [ 9.394964066728672, 3.587528576358723 ], [ 9.3941639909297, 3.587851309561611 ], [ 9.393366549230109, 3.588180497562758 ], [ 9.392571793704496, 3.588516118865503 ], [ 9.391779776252053, 3.588858151553079 ], [ 9.390990548593159, 3.589206573290039 ], [ 9.390204162266025, 3.589561361323722 ], [ 9.389420668623311, 3.58992249248573 ], [ 9.38864011882878, 3.590289943193449 ], [ 9.387862563853954, 3.590663689451584 ], [ 9.387088054474788, 3.591043706853727 ], [ 9.386316641268355, 3.591429970583953 ], [ 9.385548374609542, 3.591822455418439 ], [ 9.384783304667753, 3.592221135727107 ], [ 9.38402148140365, 3.592625985475307 ], [ 9.383262954565872, 3.593036978225508 ], [ 9.382507773687799, 3.593454087139029 ], [ 9.38175598808431, 3.593877284977793 ], [ 9.381007646848568, 3.5943065441061 ], [ 9.380262798848809, 3.594741836492439 ], [ 9.379521492725159, 3.595183133711311 ], [ 9.378783776886443, 3.595630406945091 ], [ 9.378049699507043, 3.596083626985908 ], [ 9.377319308523733, 3.596542764237552 ], [ 9.376592651632564, 3.597007788717406 ], [ 9.34350836890934, 3.654226542386255 ], [ 9.342195487773836, 3.654384277137922 ], [ 9.34088346144199, 3.654548970888811 ], [ 9.339572326799669, 3.654720619008856 ], [ 9.33826212070818, 3.654899216672277 ], [ 9.336952880002798, 3.655084758857811 ], [ 9.335644641491342, 3.655277240349562 ], [ 9.334337441953892, 3.65547665573564 ], [ 9.333031318140513, 3.655682999409862 ], [ 9.331726306772225, 3.655896265571187 ], [ 9.330422444537533, 3.65611644822377 ], [ 9.329119768093449, 3.65634354117725 ], [ 9.327818314063393, 3.656577538047316 ], [ 9.326518119036734, 3.656818432255363 ], [ 9.325219219566634, 3.657066217029069 ], [ 9.323921652170498, 3.657320885401816 ], [ 9.322625453328385, 3.657582430213949 ], [ 9.321330659481134, 3.657850844112716 ], [ 9.3200373070311, 3.658126119551753 ], [ 9.318745432339426, 3.658408248791773 ], [ 9.317455071725703, 3.658697223901356 ], [ 9.316166261467174, 3.65899303675593 ], [ 9.314879037797482, 3.659295679039076 ], [ 9.313593436905649, 3.659605142242583 ], [ 9.312309494935107, 3.659921417665885 ], [ 9.311027247982395, 3.660244496417363 ], [ 9.309746732096698, 3.660574369414007 ], [ 9.308467983278433, 3.660911027381644 ], [ 9.307191037478276, 3.661254460855673 ], [ 9.305915930596541, 3.661604660180672 ], [ 9.304642698481246, 3.661961615511018 ], [ 9.303371376928112, 3.662325316811575 ], [ 9.302102001679145, 3.662695753857065 ], [ 9.300834608421383, 3.663072916232863 ], [ 9.299569232786723, 3.66345679333574 ], [ 9.298305910349313, 3.663847374373347 ], [ 9.297044676626683, 3.664244648364615 ], [ 9.295785567076905, 3.664648604140837 ], [ 9.294528617098706, 3.66505923034498 ], [ 9.293273862029935, 3.665476515433056 ], [ 9.29202133714665, 3.665900447673323 ], [ 9.290771077662441, 3.66633101514725 ], [ 9.289523118727175, 3.666768205749918 ], [ 9.288277495425746, 3.66721200719013 ], [ 9.260431471894833, 3.677211952982418 ], [ 9.259422095094578, 3.677576884192661 ], [ 9.255335143539639, 3.679104932764801 ], [ 9.251275482571884, 3.680704075747428 ], [ 9.247244348803747, 3.682373826025923 ], [ 9.243242970156814, 3.684113674978505 ], [ 9.239272565490808, 3.685923092629935 ], [ 9.235334344228818, 3.687801527814202 ], [ 9.231429505991173, 3.689748408341927 ], [ 9.227559240229425, 3.69176314117442 ], [ 9.223724725864372, 3.693845112604151 ], [ 9.219927130926123, 3.695993688443025 ], [ 9.216773833655395, 3.697851122485474 ], [ 9.213651946477786, 3.699904450846761 ], [ 9.210526116479052, 3.701951771956899 ], [ 9.207396355218558, 3.703993078244865 ], [ 9.204262674270197, 3.706028362161883 ], [ 9.201125085222365, 3.708057616181447 ], [ 9.197983599677906, 3.710080832799348 ], [ 9.194838229254078, 3.712098004533706 ], [ 9.191688985582497, 3.714109123924992 ], [ 9.188535880309111, 3.716114183536059 ], [ 9.185378925094144, 3.718113175952173 ], [ 9.182218131612057, 3.720106093781034 ], [ 9.179053511551507, 3.722092929652803 ], [ 9.175885076615298, 3.724073676220137 ], [ 9.172712838520345, 3.726048326158208 ], [ 9.169536808997627, 3.728016872164735 ], [ 9.166356999792143, 3.72997930696001 ], [ 9.163173422662869, 3.731935623286923 ], [ 9.159986089382711, 3.733885813910991 ], [ 9.156795011738474, 3.735829871620382 ], [ 9.153600201530804, 3.737767789225947 ], [ 9.150401670574151, 3.739699559561239 ], [ 9.147199430696721, 3.741625175482548 ], [ 9.143993493740444, 3.743544629868921 ], [ 9.140783871560915, 3.745457915622189 ], [ 9.137570576027358, 3.747365025666998 ], [ 9.134353619022582, 3.749265952950829 ], [ 9.131133012442936, 3.751160690444028 ], [ 9.127908768198266, 3.753049231139832 ], [ 9.124680898211869, 3.754931568054391 ], [ 9.121449414420452, 3.7568076942268 ], [ 9.118214328774084, 3.758677602719119 ], [ 9.114975653236151, 3.760541286616403 ], [ 9.111733399783322, 3.762398739026723 ], [ 9.108487580405489, 3.764249953081196 ], [ 9.105238207105737, 3.766094921934009 ], [ 9.101985291900291, 3.767933638762442 ], [ 9.098728846818473, 3.769766096766897 ], [ 9.095468883902658, 3.77159228917092 ], [ 9.092205415208236, 3.773412209221228 ], [ 9.088938452803554, 3.775225850187732 ], [ 9.085668008769879, 3.777033205363564 ], [ 9.082394095201362, 3.778834268065101 ], [ 9.079116724204976, 3.78062903163199 ], [ 9.07583590790048, 3.78241748942717 ], [ 9.072551658420377, 3.784199634836904 ], [ 9.069263987909864, 3.785975461270793 ], [ 9.06597290852679, 3.787744962161806 ], [ 9.062678432441611, 3.789508130966309 ], [ 9.059380571837341, 3.791264961164078 ], [ 9.056079338909512, 3.793015446258333 ], [ 9.052774745866127, 3.794759579775756 ], [ 9.049466804927613, 3.796497355266521 ], [ 9.046155528326782, 3.798228766304309 ], [ 9.042840928308776, 3.799953806486339 ], [ 9.039523017131028, 3.801672469433393 ], [ 9.03620180706322, 3.80338474878983 ], [ 9.032877310387228, 3.805090638223619 ], [ 9.029549539397086, 3.806790131426359 ], [ 9.026218506398934, 3.808483222113301 ], [ 9.022884223710976, 3.810169904023375 ], [ 9.019546703663432, 3.811850170919208 ], [ 9.016205958598496, 3.813524016587152 ], [ 9.012862000870285, 3.815191434837303 ], [ 9.009514842844801, 3.816852419503527 ], [ 9.006164496899878, 3.81850696444348 ], [ 9.002810975425138, 3.820155063538634 ], [ 8.999454290821948, 3.821796710694297 ], [ 8.99609445550337, 3.823431899839635 ], [ 8.992731481894122, 3.825060624927699 ], [ 8.989365382430522, 3.826682879935442 ], [ 8.985996169560451, 3.828298658863742 ], [ 8.982623855743302, 3.829907955737429 ], [ 8.979248453449937, 3.831510764605301 ], [ 8.975869975162635, 3.833107079540151 ], [ 8.972488433375055, 3.834696894638785 ], [ 8.969103840592183, 3.836280204022046 ], [ 8.965716209330287, 3.837857001834835 ], [ 8.962325552116873, 3.839427282246133 ], [ 8.958931881490631, 3.840991039449022 ], [ 8.955535210001406, 3.842548267660708 ], [ 8.95213555021013, 3.84409896112254 ], [ 8.949847289423344, 3.845362061691816 ], [ 8.947562463905838, 3.846631365765317 ], [ 8.945281090475353, 3.847906864000175 ], [ 8.943003185924217, 3.849188547007929 ], [ 8.940728767019227, 3.850476405354593 ], [ 8.938457850501521, 3.85177042956073 ], [ 8.936190453086462, 3.853070610101514 ], [ 8.933926591463505, 3.854376937406806 ], [ 8.931666282296083, 3.855689401861224 ], [ 8.929409542221476, 3.857007993804213 ], [ 8.927156387850699, 3.858332703530115 ], [ 8.92490683576837, 3.85966352128824 ], [ 8.922660902532595, 3.861000437282943 ], [ 8.92041860467484, 3.862343441673687 ], [ 8.918179958699815, 3.863692524575124 ], [ 8.915944981085346, 3.865047676057165 ], [ 8.913713688282263, 3.86640888614505 ], [ 8.91148609671427, 3.867776144819424 ], [ 8.909262222777826, 3.869149442016414 ], [ 8.907042082842032, 3.870528767627696 ], [ 8.904825693248497, 3.871914111500574 ], [ 8.902613070311231, 3.873305463438056 ], [ 8.900404230316516, 3.874702813198923 ], [ 8.89819918952279, 3.876106150497813 ], [ 8.895997964160527, 3.877515465005287 ], [ 8.893800570432115, 3.878930746347915 ], [ 8.891607024511742, 3.880351984108343 ], [ 8.889417342545272, 3.881779167825376 ], [ 8.887231540650127, 3.883212286994055 ], [ 8.885049634915172, 3.884651331065728 ], [ 8.882871641400591, 3.886096289448135 ], [ 8.88069757613777, 3.887547151505483 ], [ 8.878527455129188, 3.889003906558524 ], [ 8.876361294348285, 3.890466543884633 ], [ 8.874199109739353, 3.891935052717888 ], [ 8.872040917217419, 3.89340942224915 ], [ 8.869886732668121, 3.894889641626141 ], [ 8.867736571947601, 3.896375699953524 ], [ 8.865590450882381, 3.897867586292985 ], [ 8.863448385269249, 3.899365289663311 ], [ 8.861310390875142, 3.900868799040472 ], [ 8.859176483437027, 3.902378103357703 ], [ 8.857046678661796, 3.903893191505585 ], [ 8.854920992226136, 3.905414052332124 ], [ 8.852799439776424, 3.906940674642839 ], [ 8.850682036928607, 3.908473047200838 ], [ 8.84856879926809, 3.910011158726904 ], [ 8.846459742349616, 3.91155499789958 ], [ 8.844354881697159, 3.913104553355247 ], [ 8.842254232803803, 3.914659813688212 ], [ 8.840157811131633, 3.91622076745079 ], [ 8.838065632111618, 3.91778740315339 ], [ 8.835977711143499, 3.919359709264596 ], [ 8.833894063595674, 3.920937674211259 ], [ 8.831814704805087, 3.92252128637857 ], [ 8.829739650077114, 3.924110534110161 ], [ 8.827668914685448, 3.925705405708177 ], [ 8.825602513871996, 3.927305889433369 ], [ 8.823540462846749, 3.928911973505182 ], [ 8.82148277678769, 3.930523646101836 ], [ 8.819429470840669, 3.932140895360416 ], [ 8.817380560119297, 3.933763709376962 ], [ 8.815336059704833, 3.935392076206552 ], [ 8.813295984646073, 3.937025983863391 ], [ 8.811260349959241, 3.938665420320902 ], [ 8.809229170627875, 3.94031037351181 ], [ 8.807202461602721, 3.941960831328237 ], [ 8.805180237801617, 3.943616781621785 ], [ 8.803162514109392, 3.945278212203628 ], [ 8.801149305377749, 3.946945110844603 ], [ 8.799140626425155, 3.948617465275297 ], [ 8.797136492036742, 3.95029526318614 ], [ 8.795136916964186, 3.951978492227496 ], [ 8.793141915925604, 3.953667140009749 ], [ 8.791151503605446, 3.9553611941034 ], [ 8.78916569465439, 3.957060642039156 ], [ 8.78718450368922, 3.958765471308023 ], [ 8.78520794529274, 3.960475669361394 ], [ 8.783236034013651, 3.962191223611148 ], [ 8.781268784366445, 3.963912121429735 ], [ 8.779306210831306, 3.965638350150278 ], [ 8.777348327854, 3.967369897066657 ], [ 8.77539514984576, 3.969106749433608 ], [ 8.773446691183198, 3.970848894466817 ], [ 8.77150296620818, 3.97259631934301 ], [ 8.769563989227732, 3.974349011200053 ], [ 8.767629774513935, 3.976106957137043 ], [ 8.76570033630381, 3.977870144214402 ], [ 8.763775688799228, 3.979638559453974 ], [ 8.737308368134848, 4.019623217604988 ], [ 8.736883726809936, 4.020887808697296 ], [ 8.736465843916449, 4.022154649165884 ], [ 8.736054731369109, 4.023423702891648 ], [ 8.735650400888858, 4.024694933692274 ], [ 8.735252864004053, 4.025968305323374 ], [ 8.734862132048477, 4.027243781479342 ], [ 8.73447821616287, 4.028521325794827 ], [ 8.734101127292718, 4.029800901845476 ], [ 8.733730876189497, 4.031082473149127 ], [ 8.733367473409658, 4.032366003166317 ], [ 8.733010929314219, 4.033651455302163 ], [ 8.732661254068489, 4.034938792906701 ], [ 8.732318457642577, 4.036227979276418 ], [ 8.731982549809459, 4.037518977654827 ], [ 8.731653540146567, 4.038811751234221 ], [ 8.731331438034658, 4.040106263155735 ], [ 8.731016252656957, 4.041402476511223 ], [ 8.730707992999726, 4.042700354344163 ], [ 8.730406667852094, 4.043999859650341 ], [ 8.730112285805035, 4.045300955379446 ], [ 8.729824855251877, 4.04660360443512 ], [ 8.729544384387566, 4.047907769677749 ], [ 8.729270881208379, 4.049213413923439 ], [ 8.729004353512778, 4.050520499947027 ], [ 8.728744808899421, 4.051828990481624 ], [ 8.728492254768582, 4.053138848220726 ], [ 8.728246698320504, 4.054450035818491 ], [ 8.72800814655659, 4.055762515891217 ], [ 8.727776606278098, 4.057076251018657 ], [ 8.727552084086824, 4.05839120374435 ], [ 8.72733458638379, 4.059707336577674 ], [ 8.727124119369989, 4.06102461199373 ], [ 8.726920689046779, 4.062342992435333 ], [ 8.726724301213835, 4.06366244031409 ], [ 8.726534961470293, 4.064982918010514 ], [ 8.726352675214514, 4.066304387876528 ], [ 8.726177447643749, 4.067626812234948 ], [ 8.726009283754195, 4.068950153382218 ], [ 8.725848188340194, 4.070274373587893 ], [ 8.725694165994582, 4.071599435096743 ], [ 8.725547221109139, 4.072925300130009 ], [ 8.725407357873166, 4.074251930885112 ], [ 8.725274580274458, 4.075579289538666 ], [ 8.725148892098844, 4.076907338245576 ], [ 8.725030296929276, 4.078236039141586 ], [ 8.724918798147655, 4.079565354344027 ], [ 8.724814398932722, 4.080895245952206 ], [ 8.724717102261025, 4.082225676049177 ], [ 8.724626910906522, 4.083556606703041 ], [ 8.724543827440755, 4.084887999966952 ], [ 8.724467854232728, 4.086219817881386 ], [ 8.72439899344829, 4.087552022474426 ], [ 8.724337247050812, 4.088884575763473 ], [ 8.724282616800792, 4.090217439755406 ], [ 8.72423510425574, 4.091550576448924 ], [ 8.724194710770405, 4.09288394783448 ], [ 8.724161437496321, 4.094217515895991 ], [ 8.72413528538226, 4.095551242611862 ], [ 8.724116255173897, 4.096885089955776 ], [ 8.724104347413629, 4.098219019897897 ], [ 8.72409956244104, 4.099552994406508 ], [ 8.724101900392725, 4.100886975448248 ], [ 8.724111361201722, 4.102220924989467 ], [ 8.724127944598422, 4.103554804997714 ], [ 8.724151650110116, 4.104888577442352 ], [ 8.724182477060879, 4.106222204295932 ], [ 8.724220424571797, 4.10755564753515 ], [ 8.724265491560857, 4.108888869141481 ], [ 8.724317676743283, 4.110221831103672 ], [ 8.724376978630971, 4.111554495416783 ], [ 8.724443395533342, 4.112886824085138 ], [ 8.725495652796326, 4.132929207312884 ], [ 8.724602812082992, 4.134444950063028 ], [ 8.722454236244118, 4.138242545001447 ], [ 8.720372264814557, 4.1420770593665 ], [ 8.718357531981894, 4.145947325128077 ], [ 8.716410651454169, 4.149852163365722 ], [ 8.714532216270072, 4.153790384627712 ], [ 8.712722798618472, 4.157760789293889 ], [ 8.712513286014541, 4.158232673080363 ], [ 8.695849224265032, 4.195869765376074 ], [ 8.695313212863709, 4.197089154056584 ], [ 8.694783705937425, 4.198311381282338 ], [ 8.694260718517114, 4.199536412357475 ], [ 8.693744265449766, 4.200764212506328 ], [ 8.693234361395866, 4.201994746874959 ], [ 8.692731020830195, 4.203227980531324 ], [ 8.692234258041424, 4.204463878467323 ], [ 8.691744087131156, 4.205702405598799 ], [ 8.691260522014488, 4.206943526767134 ], [ 8.690783576418596, 4.208187206740035 ], [ 8.690313263882501, 4.209433410212512 ], [ 8.689849597757245, 4.210682101808004 ], [ 8.689392591205205, 4.211933246079354 ], [ 8.688942257199756, 4.213186807509828 ], [ 8.688498608524412, 4.214442750514024 ], [ 8.68806165777363, 4.215701039438613 ], [ 8.687631417350985, 4.216961638564158 ], [ 8.687207899470138, 4.218224512105394 ], [ 8.686791116153643, 4.219489624212372 ], [ 8.686381079232945, 4.220756938972158 ], [ 8.685977800347814, 4.222026420408383 ], [ 8.685581290946516, 4.223298032484138 ], [ 8.685191562284729, 4.224571739101464 ], [ 8.684808625425944, 4.22584750410283 ], [ 8.684432491241182, 4.227125291272614 ], [ 8.684063170407171, 4.228405064337721 ], [ 8.683700673408566, 4.2296867869685 ], [ 8.683345010535504, 4.230970422780388 ], [ 8.68299619188457, 4.232255935333853 ], [ 8.682654227357659, 4.233543288136673 ], [ 8.682319126662378, 4.234832444643928 ], [ 8.681990899311302, 4.236123368259939 ], [ 8.677786227528998, 4.252846834716024 ], [ 8.535884145893306, 4.253686417962342 ], [ 8.534544091905161, 4.253697938394225 ], [ 8.53320411892372, 4.25371664187918 ], [ 8.531864265451816, 4.253742527879581 ], [ 8.530524569988472, 4.253775595651575 ], [ 8.529185071029076, 4.253815844244969 ], [ 8.527845807062647, 4.253863272503452 ], [ 8.526506816571725, 4.253917879064147 ], [ 8.525168138030722, 4.253979662357835 ], [ 8.523829809905237, 4.25404862060941 ], [ 8.522491870651322, 4.25412475183731 ], [ 8.521154358712749, 4.254208053853972 ], [ 8.519817312522036, 4.254298524265948 ], [ 8.518480770497945, 4.254396160473505 ], [ 8.517144771044457, 4.254500959671248 ], [ 8.515809352550264, 4.254612918847783 ], [ 8.514474553387686, 4.25473203478623 ], [ 8.513140411910399, 4.254858304063532 ], [ 8.511806966454117, 4.254991723051944 ], [ 8.510474255333861, 4.255132287917661 ], [ 8.50914231684402, 4.25527999462139 ], [ 8.507811189256131, 4.255434838919314 ], [ 8.506480910819391, 4.255596816361788 ], [ 8.505151519757646, 4.255765922294813 ], [ 8.503823054269958, 4.255942151859244 ], [ 8.502495552528217, 4.256125499991128 ], [ 8.501169052677255, 4.256315961422445 ], [ 8.499843592832462, 4.256513530680138 ], [ 8.498519211079895, 4.256718202087256 ], [ 8.497195945474175, 4.256929969763178 ], [ 8.495873834038377, 4.257148827622473 ], [ 8.494552914761869, 4.257374769376668 ], [ 8.493233225599795, 4.257607788533505 ], [ 8.491914804472685, 4.25784787839757 ], [ 8.490597689263609, 4.258095032069889 ], [ 8.489281917818914, 4.258349242448844 ], [ 8.487967527945898, 4.258610502230113 ], [ 8.486654557412351, 4.258878803906271 ], [ 8.485343043945136, 4.259154139768157 ], [ 8.484033025229564, 4.259436501904304 ], [ 8.482724538907235, 4.25972588220111 ], [ 8.481417622576885, 4.260022272343747 ], [ 8.480112313791039, 4.260325663815479 ], [ 8.478808650056578, 4.260636047898913 ], [ 8.477506668833257, 4.26095341567526 ], [ 8.476206407532004, 4.261277758025358 ], [ 8.474907903514804, 4.2616090656295 ], [ 8.473611194092655, 4.261947328967892 ], [ 8.472316316525507, 4.262292538320878 ], [ 8.471023308020108, 4.262644683769167 ], [ 8.469732205730111, 4.263003755194234 ], [ 8.468443046753919, 4.263369742278428 ], [ 8.467155868134398, 4.263742634505547 ], [ 8.465870706857629, 4.264122421161005 ], [ 8.464587599850859, 4.264509091331718 ], [ 8.46330658398324, 4.264902633907127 ], [ 8.462027696063956, 4.265303037579486 ], [ 8.460750972839776, 4.265710290843344 ], [ 8.459476450996817, 4.266124381996519 ], [ 8.458204167156964, 4.26654529914083 ], [ 8.456934157878038, 4.266973030181305 ], [ 8.455666459652718, 4.267407562827771 ], [ 8.45440110890695, 4.267848884594287 ], [ 8.453138141999204, 4.268296982799768 ], [ 8.451877595220026, 4.268751844568669 ], [ 8.450619504789813, 4.269213456831039 ], [ 8.449363906858423, 4.269681806322637 ], [ 8.448110837504373, 4.270156879586068 ], [ 8.446860332733536, 4.270638662970612 ], [ 8.44561242847783, 4.271127142632508 ], [ 8.444367160594538, 4.271622304535981 ], [ 8.443124564865457, 4.272124134452781 ], [ 8.441884676995244, 4.272632617963552 ], [ 8.440647532610967, 4.273147740457205 ], [ 8.439413167260398, 4.273669487132565 ], [ 8.438181616412294, 4.27419784299758 ], [ 8.436952915453844, 4.274732792870225 ], [ 8.435727099690837, 4.275274321379584 ], [ 8.434504204345671, 4.275822412965169 ], [ 8.433284264557187, 4.276377051878285 ], [ 8.432067315378958, 4.27693822218157 ], [ 8.430853391779124, 4.277505907750538 ], [ 8.42964252863851, 4.278080092273399 ], [ 8.428434760750122, 4.278660759251352 ], [ 8.427230122818003, 4.279247891999489 ], [ 8.4260286494561, 4.279841473647309 ], [ 8.424830375188037, 4.280441487138489 ], [ 8.423635334444498, 4.281047915232364 ], [ 8.422443561564478, 4.281660740503924 ], [ 8.421255090791647, 4.282279945344214 ], [ 8.420069956276336, 4.282905511960678 ], [ 8.41888819207162, 4.283537422378743 ], [ 8.417709832134904, 4.284175658440631 ], [ 8.416534910324913, 4.284820201807577 ], [ 8.415363460401693, 4.285471033958913 ], [ 8.414195516026211, 4.286128136193952 ], [ 8.41303111075797, 4.286791489631185 ], [ 8.411870278054948, 4.28746107520999 ], [ 8.410713051272808, 4.288136873690291 ], [ 8.409559463663186, 4.288818865653809 ], [ 8.40840954837347, 4.289507031504343 ], [ 8.40726333844492, 4.290201351467658 ], [ 8.406120866813467, 4.290901805593478 ], [ 8.40498216630624, 4.291608373754968 ], [ 8.403847269643222, 4.292321035649252 ], [ 8.402716209434175, 4.293039770798885 ], [ 8.401589018179493, 4.293764558551686 ], [ 8.40046572826742, 4.294495378081592 ], [ 8.399346371975128, 4.295232208389109 ], [ 8.398230981465758, 4.295975028302223 ], [ 8.397119588789337, 4.296723816476629 ], [ 8.396012225880611, 4.297478551396694 ], [ 8.375758087237386, 4.311362622056777 ], [ 8.375074281384002, 4.311120473704023 ], [ 8.370936491363693, 4.309735988530065 ], [ 8.366775168950653, 4.308423928613195 ], [ 8.362591581724132, 4.307184693619433 ], [ 8.358387004045426, 4.306018661031828 ], [ 8.354162716669862, 4.304926186034947 ], [ 8.349920006355774, 4.303907601407616 ], [ 8.346376919133036, 4.303116666685128 ], [ 8.322557897174306, 4.29798073931903 ], [ 8.321255255990422, 4.297703489020591 ], [ 8.319951156307241, 4.29743318216066 ], [ 8.318645635134999, 4.297169826410482 ], [ 8.317338729524238, 4.296913429244057 ], [ 8.316030476564947, 4.296663997938083 ], [ 8.314720913384917, 4.29642153957127 ], [ 8.313410077149456, 4.296186061024343 ], [ 8.312098005060079, 4.295957568980612 ], [ 8.310784734352978, 4.295736069924317 ], [ 8.309470302298564, 4.295521570141602 ], [ 8.308154746200557, 4.295314075719944 ], [ 8.306838103393886, 4.295113592548034 ], [ 8.305520411245027, 4.294920126315674 ], [ 8.304201707149957, 4.294733682513197 ], [ 8.302882028532906, 4.294554266432101 ], [ 8.301561412846581, 4.294381883164078 ], [ 8.300239897569838, 4.294216537601244 ], [ 8.298917520206658, 4.294058234436193 ], [ 8.297594318286542, 4.293906978161488 ], [ 8.296270329361505, 4.293762773069886 ], [ 8.294945591006183, 4.293625623253604 ], [ 8.293620140816586, 4.293495532605277 ], [ 8.292294016408619, 4.293372504816773 ], [ 8.29096725541757, 4.293256543379528 ], [ 8.289639895496748, 4.293147651584604 ], [ 8.288311974316628, 4.293045832522239 ], [ 8.286983529563315, 4.292951089081953 ], [ 8.285654598937867, 4.292863423952952 ], [ 8.284325220155154, 4.292782839622589 ], [ 8.282995430942719, 4.292709338378415 ], [ 8.281665269040161, 4.292642922305959 ], [ 8.280334772196795, 4.292583593290317 ], [ 8.279003978172113, 4.292531353015079 ], [ 8.27767292473419, 4.292486202962834 ], [ 8.276341649657695, 4.292448144415232 ], [ 8.275010190724345, 4.292417178452126 ], [ 8.273678585720518, 4.292393305952203 ], [ 8.272346872437367, 4.292376527593262 ], [ 8.271015088668264, 4.292366843851084 ], [ 8.269683272209534, 4.292364255000905 ], [ 8.268351460857673, 4.292368761115995 ], [ 8.267019692409235, 4.29238036206857 ], [ 8.265688004659864, 4.292399057529224 ], [ 8.264356435402476, 4.292424846967549 ], [ 8.263025022427087, 4.292457729651517 ], [ 8.261693803518654, 4.292497704647985 ], [ 8.260362816457473, 4.29254477082236 ], [ 8.259032099016338, 4.292598926839105 ], [ 8.257701688960935, 4.292660171161288 ], [ 8.25637162404837, 4.292728502050466 ], [ 8.110485304283714, 4.300612949237518 ], [ 8.037485503931066, 4.301250706183453 ], [ 7.828120137852068, 4.274217684192195 ], [ 7.8091711689205, 4.2673156245271 ], [ 7.807933275365542, 4.266868415917941 ], [ 7.806693044515441, 4.266427730733938 ], [ 7.805450510746596, 4.26599358119006 ], [ 7.804205708499524, 4.265565979319888 ], [ 7.802958672277896, 4.265144936975958 ], [ 7.801709436647229, 4.264730465828393 ], [ 7.800458036233522, 4.264322577365874 ], [ 7.799204505723196, 4.263921282894046 ], [ 7.797948879861622, 4.263526593536085 ], [ 7.796691193452375, 4.263138520232076 ], [ 7.795431481355934, 4.262757073738328 ], [ 7.794169778489163, 4.262382264628002 ], [ 7.792906119823783, 4.262014103290142 ], [ 7.791640540386084, 4.261652599929221 ], [ 7.790373075255047, 4.261297764565597 ], [ 7.789103759562636, 4.260949607034547 ], [ 7.787832628491685, 4.260608136986207 ], [ 7.786559717275395, 4.260273363885631 ], [ 7.785285061196589, 4.259945297011825 ], [ 7.784008695585726, 4.259623945458316 ], [ 7.782730655821354, 4.259309318132352 ], [ 7.781450977328234, 4.259001423754796 ], [ 7.780169695576603, 4.258700270859606 ], [ 7.778886846080979, 4.258405867794522 ], [ 7.777602464399308, 4.258118222719645 ], [ 7.776316586132111, 4.257837343607832 ], [ 7.775029246921406, 4.257563238244529 ], [ 7.773740482449909, 4.257295914227598 ], [ 7.772450328439277, 4.257035378966464 ], [ 7.771158820650385, 4.256781639682686 ], [ 7.769865994880774, 4.25653470340967 ], [ 7.768571886965333, 4.256294576991706 ], [ 7.767276532774133, 4.256061267084647 ], [ 7.765979968211752, 4.25583478015551 ], [ 7.764682229216419, 4.25561512248197 ], [ 7.736355252079818, 4.250897116809426 ], [ 7.735035360161589, 4.250680908937397 ], [ 7.73371433043917, 4.250471765465761 ], [ 7.732392200722529, 4.250269692380414 ], [ 7.731069008853353, 4.25007469546523 ], [ 7.729744792703855, 4.249886780301438 ], [ 7.728419590175349, 4.249705952267163 ], [ 7.727093439197517, 4.249532216538398 ], [ 7.725766377727211, 4.249365578087634 ], [ 7.724438443746976, 4.249206041684147 ], [ 7.72310967526505, 4.24905361189451 ], [ 7.72178011031292, 4.248908293081342 ], [ 7.720449786945153, 4.24877008940382 ], [ 7.719118743237914, 4.24863900481779 ], [ 7.717787017287947, 4.248515043074917 ], [ 7.716454647211663, 4.248398207723369 ], [ 7.715121671143777, 4.248288502107243 ], [ 7.713788127236853, 4.248185929366343 ], [ 7.712454053658689, 4.248090492436518 ], [ 7.711119488592942, 4.248002194049434 ], [ 7.70978447023748, 4.247921036732123 ], [ 7.708449036802904, 4.247847022807719 ], [ 7.707113226511353, 4.247780154394491 ], [ 7.705777077596508, 4.247720433406357 ], [ 7.704440628300915, 4.247667861552657 ], [ 7.70310391687633, 4.247622440337921 ], [ 7.701766981581613, 4.247584171062556 ], [ 7.680375861704022, 4.247029121432433 ], [ 7.679054273424185, 4.246998325565812 ], [ 7.677732540779061, 4.246974518383979 ], [ 7.676410700725455, 4.246957700552912 ], [ 7.675088790222787, 4.246947872542705 ], [ 7.673766846232411, 4.246945034628084 ], [ 7.672444905717327, 4.246949186888514 ], [ 7.671123005639402, 4.246960329207752 ], [ 7.669801182960157, 4.246978461274409 ], [ 7.6684794746389, 4.247003582581442 ], [ 7.667157917631073, 4.247035692426323 ], [ 7.665836548888649, 4.247074789911437 ], [ 7.664515405357747, 4.247120873943629 ], [ 7.663194523978689, 4.247173943234145 ], [ 7.661873941684178, 4.24723399629903 ], [ 7.660553695398676, 4.247301031459585 ], [ 7.659233822037322, 4.247375046841114 ], [ 7.657914358504399, 4.247456040374232 ], [ 7.656595341693276, 4.247544009794467 ], [ 7.655276808484416, 4.247638952641637 ], [ 7.653958795745098, 4.247740866261552 ], [ 7.652641340327818, 4.24784974780431 ], [ 7.651324479069558, 4.247965594225832 ], [ 7.650008248790471, 4.248088402286783 ], [ 7.648692686293657, 4.248218168553137 ], [ 7.647377828362892, 4.248354889397035 ], [ 7.646063711762793, 4.248498560995358 ], [ 7.644750373236718, 4.248649179330982 ], [ 7.643437849506654, 4.248806740192379 ], [ 7.642126177271791, 4.248971239174296 ], [ 7.640815393207049, 4.249142671677134 ], [ 7.639505533963415, 4.24932103290746 ], [ 7.638196636164935, 4.249506317878286 ], [ 7.636888736409674, 4.249698521408732 ], [ 7.635581871267334, 4.249897638124708 ], [ 7.634276077278685, 4.250103662459026 ], [ 7.632971390954879, 4.250316588650719 ], [ 7.631667848775464, 4.25053641074652 ], [ 7.630365487188669, 4.250763122599722 ], [ 7.629064342609581, 4.250996717871772 ], [ 7.627764451418784, 4.251237190030736 ], [ 7.626465849962415, 4.251484532353004 ], [ 7.625168574550173, 4.251738737922835 ], [ 7.623872661454755, 4.251999799632358 ], [ 7.622578146910826, 4.252267710181911 ], [ 7.621285067113831, 4.252542462080839 ], [ 7.619993458219653, 4.252824047646925 ], [ 7.618703356341882, 4.253112459006388 ], [ 7.617414797553124, 4.253407688095422 ], [ 7.616127817882386, 4.253709726659167 ], [ 7.614842453314395, 4.254018566252341 ], [ 7.613558739788857, 4.254334198239746 ], [ 7.612276713199435, 4.254656613795703 ], [ 7.521640398918009, 4.277705607011228 ], [ 7.520927277763008, 4.276575316972753 ], [ 7.520208123154077, 4.275448856142589 ], [ 7.519482955652563, 4.274326256727022 ], [ 7.518751795991193, 4.273207550821667 ], [ 7.518014665074361, 4.272092770410779 ], [ 7.517271583976765, 4.270981947366522 ], [ 7.516522573943519, 4.269875113447995 ], [ 7.515767656389471, 4.268772300299815 ], [ 7.515006852897613, 4.267673539452346 ], [ 7.51424018521999, 4.26657886231942 ], [ 7.51346767527599, 4.265488300198626 ], [ 7.512689345151898, 4.264401884269319 ], [ 7.511905217100889, 4.263319645593015 ], [ 7.511115313541268, 4.262241615111236 ], [ 7.510319657056584, 4.261167823645565 ], [ 7.509518270395517, 4.260098301895994 ], [ 7.508711176470001, 4.259033080440929 ], [ 7.50789839835511, 4.257972189735369 ], [ 7.507079959288546, 4.256915660110849 ], [ 7.506255882669677, 4.255863521774017 ], [ 7.505426192059815, 4.254815804806128 ], [ 7.504590911179946, 4.25377253916173 ], [ 7.503750063911014, 4.25273375466827 ], [ 7.502903674293577, 4.251699481025412 ], [ 7.502051766525938, 4.250669747803329 ], [ 7.501194364964817, 4.249644584442535 ], [ 7.500331494123714, 4.248624020253317 ], [ 7.499463178672386, 4.247608084413457 ], [ 7.498589443436742, 4.246596805969716 ], [ 7.497710313396851, 4.24559021383476 ], [ 7.496825813687849, 4.244588336787501 ], [ 7.495935969597667, 4.243591203472022 ], [ 7.495040806567943, 4.242598842397285 ], [ 7.494140350191287, 4.241611281934865 ], [ 7.493234626212256, 4.240628550319855 ], [ 7.492323660525926, 4.239650675649045 ], [ 7.491407479177724, 4.238677685880305 ], [ 7.490486108361097, 4.237709608831892 ], [ 7.489559574418877, 4.236746472181437 ], [ 7.488627903841234, 4.235788303465881 ], [ 7.48769112326454, 4.234835130079432 ], [ 7.486749259472447, 4.233886979273905 ], [ 7.485802339392876, 4.232943878157414 ], [ 7.4848503900987, 4.232005853693465 ], [ 7.483893438807172, 4.231072932700897 ], [ 7.482931512877315, 4.230145141852347 ], [ 7.481964639811281, 4.229222507673683 ], [ 7.480992847252651, 4.228305056543491 ], [ 7.480016162985521, 4.227392814692394 ], [ 7.479034614933425, 4.22648580820146 ], [ 7.478048231159335, 4.2255840630026 ], [ 7.477057039864746, 4.224687604877261 ], [ 7.476061069387981, 4.223796459455457 ], [ 7.475060348204579, 4.22291065221566 ], [ 7.474054904925538, 4.222030208483318 ], [ 7.473044768296973, 4.221155153430914 ], [ 7.472029967199035, 4.220285512076771 ], [ 7.471010530645742, 4.219421309284087 ], [ 7.46998648778299, 4.218562569761048 ], [ 7.468957867888662, 4.217709318059349 ], [ 7.467924700371782, 4.216861578573855 ], [ 7.466887014771032, 4.216019375542089 ], [ 7.465844840753903, 4.215182733042809 ], [ 7.464798208117372, 4.214351674996067 ], [ 7.463747146784613, 4.213526225162241 ], [ 7.462691686806352, 4.212706407141297 ], [ 7.461631858358601, 4.21189224437245 ], [ 7.460567691742085, 4.211083760132738 ], [ 7.459499217382245, 4.210280977537309 ], [ 7.458426465827301, 4.209483919537945 ], [ 7.457349467747406, 4.208692608923229 ], [ 7.456268253934525, 4.207907068316786 ], [ 7.45518285530153, 4.207127320177676 ], [ 7.454093302879926, 4.206353386799492 ], [ 7.45299962782093, 4.205585290309102 ], [ 7.45190186139331, 4.204823052666995 ], [ 7.450800034982251, 4.204066695665631 ], [ 7.449694180089978, 4.203316240929951 ], [ 7.448584328333311, 4.202571709915674 ], [ 7.447470511443214, 4.201833123909296 ], [ 7.446352761264563, 4.201100504027352 ], [ 7.445231109754445, 4.200373871215845 ], [ 7.444105588981131, 4.199653246249568 ], [ 7.442976231123964, 4.198938649731417 ], [ 7.441843068471883, 4.198230102092396 ], [ 7.440706133422509, 4.197527623589622 ], [ 7.439565458481297, 4.196831234307922 ], [ 7.438421076260852, 4.196140954157215 ], [ 7.437273019479505, 4.195456802872627 ], [ 7.436121320960694, 4.194778800014831 ], [ 7.434966013632504, 4.194106964968057 ], [ 7.433807130524997, 4.193441316940323 ], [ 7.432644704771803, 4.192781874963032 ], [ 7.431478769607224, 4.192128657889725 ], [ 7.420506690681975, 4.186019591562228 ], [ 7.419335824553684, 4.185371772156998 ], [ 7.41816150773866, 4.184730229103479 ], [ 7.416983773880304, 4.184094980781254 ], [ 7.415802656720359, 4.183466045390048 ], [ 7.414618190097087, 4.182843440948773 ], [ 7.413430407945157, 4.182227185294437 ], [ 7.41223934429388, 4.181617296082948 ], [ 7.41104503326676, 4.181013790786892 ], [ 7.409847509080066, 4.180416686696674 ], [ 7.408646806042839, 4.179826000919036 ], [ 7.40744295855427, 4.179241750376889 ], [ 7.406236001104048, 4.178663951808574 ], [ 7.405025968271161, 4.178092621768087 ], [ 7.403812894722364, 4.177527776623549 ], [ 7.402596815212007, 4.176969432557598 ], [ 7.40137776457982, 4.176417605566428 ], [ 7.400155777751309, 4.175872311459841 ], [ 7.398930889735766, 4.175333565860058 ], [ 7.397703135625648, 4.174801384202226 ], [ 7.396472550595718, 4.174275781732717 ], [ 7.395239169901572, 4.173756773510036 ], [ 7.394003028878956, 4.173244374403396 ], [ 7.392764162943081, 4.172738599093066 ], [ 7.391522607586637, 4.172239462069115 ], [ 7.390278398379678, 4.171746977631528 ], [ 7.3890315709682, 4.171261159889923 ], [ 7.387782161073403, 4.170782022762808 ], [ 7.386530204490327, 4.170309579976902 ], [ 7.385275737086772, 4.169843845067817 ], [ 7.384018794802842, 4.169384831378693 ], [ 7.382759413649524, 4.1689325520598 ], [ 7.381497629707326, 4.168487020068767 ], [ 7.380233479125764, 4.168048248170123 ], [ 7.378966998122166, 4.167616248934451 ], [ 7.377698222980996, 4.167191034738153 ], [ 7.3764271900518, 4.166772617763513 ], [ 7.375153935749097, 4.166361009998013 ], [ 7.373878496551129, 4.165956223233934 ], [ 7.37260090899872, 4.16555826906847 ], [ 7.371321209694145, 4.165167158902705 ], [ 7.370039435300328, 4.164782903941727 ], [ 7.368755622539368, 4.164405515194233 ], [ 7.367469808192084, 4.16403500347235 ], [ 7.366182029096308, 4.163671379391076 ], [ 7.364892322146488, 4.163314653367934 ], [ 7.363600724292041, 4.162964835623256 ], [ 7.362307272537123, 4.162621936178937 ], [ 7.361012003937731, 4.162285964858825 ], [ 7.276566005589927, 4.140623103679445 ], [ 7.275395129057131, 4.140325752949479 ], [ 7.274222829347764, 4.14003406355414 ], [ 7.2730491338354, 4.139748042304291 ], [ 7.271874069925047, 4.139467695878352 ], [ 7.270697665054627, 4.139193030822696 ], [ 7.269519946693435, 4.138924053550795 ], [ 7.268340942340444, 4.138660770342767 ], [ 7.26716067952583, 4.138403187346569 ], [ 7.265979185808419, 4.138151310576802 ], [ 7.264796488775801, 4.137905145914488 ], [ 7.25558767274714, 4.136014458516911 ], [ 7.253959493761045, 4.135682171310066 ], [ 7.252670659314731, 4.13541952282651 ], [ 7.251380433057363, 4.135163799029158 ], [ 7.250088852193585, 4.13491500729225 ], [ 7.248795953967431, 4.134673154790164 ], [ 7.247501775660851, 4.134438248496451 ], [ 7.246206354592687, 4.134210295185085 ], [ 7.244909728117705, 4.133989301429381 ], [ 7.243611933625175, 4.133775273601884 ], [ 7.242313008538076, 4.133568217874142 ], [ 7.241012990312527, 4.133368140217101 ], [ 7.239711916435283, 4.133175046399742 ], [ 7.238409824424366, 4.132988941990504 ], [ 7.237106751826786, 4.132809832355633 ], [ 7.235802736217693, 4.132637722660093 ], [ 7.234497815199688, 4.132472617866767 ], [ 7.233192026401355, 4.132314522736579 ], [ 7.229742736824392, 4.131911614141359 ], [ 7.209856587085198, 4.12952962755918 ], [ 7.20853263138531, 4.129375429607705 ], [ 7.207207872380934, 4.129228292651362 ], [ 7.205882347729812, 4.129088220872859 ], [ 7.204556095111855, 4.128955218253623 ], [ 7.203229152227038, 4.12882928857465 ], [ 7.201901556795235, 4.128710435415542 ], [ 7.200573346555302, 4.128598662154673 ], [ 7.199244559262695, 4.12849397196959 ], [ 7.19791523269015, 4.128396367836274 ], [ 7.196585404624841, 4.128305852529024 ], [ 7.195255112869347, 4.128222428620916 ], [ 7.193924395238128, 4.128146098483342 ], [ 7.192593289558772, 4.128076864286129 ], [ 7.191261833669444, 4.128014727997254 ], [ 7.189930065418537, 4.127959691383239 ], [ 7.188598022662461, 4.127911756008302 ], [ 7.187265743266835, 4.127870923235207 ], [ 7.18593326510279, 4.127837194224526 ], [ 7.184600626047825, 4.127810569935264 ], [ 7.183267863983588, 4.127791051124177 ], [ 7.181935016795592, 4.127778638346001 ], [ 7.180602122371567, 4.127773331953676 ], [ 7.179269218600382, 4.127775132097895 ], [ 7.177936343371528, 4.127784038727839 ], [ 7.176603534573815, 4.127800051589986 ], [ 7.175270830093211, 4.127823170229249 ], [ 7.17393826781398, 4.127853393988346 ], [ 7.172605885615667, 4.127890722008317 ], [ 7.171273721372529, 4.127935153228123 ], [ 7.169941812953255, 4.127986686384531 ], [ 7.156331781453048, 4.128549615003408 ], [ 7.155031824023922, 4.128606772142746 ], [ 7.153732181696626, 4.128670694572918 ], [ 7.152432889678835, 4.128741380562246 ], [ 7.151133983169359, 4.12881882819579 ], [ 7.149835497356094, 4.128903035375686 ], [ 7.148537467415849, 4.128993999820352 ], [ 7.147239928512533, 4.129091719065684 ], [ 7.145942915797491, 4.12919619046454 ], [ 7.144646464407174, 4.129307411186574 ], [ 7.143350609463312, 4.129425378218798 ], [ 7.142055386071092, 4.129550088365534 ], [ 7.140760829318992, 4.129681538248178 ], [ 7.139466974276843, 4.129819724305776 ], [ 7.138173855996172, 4.129964642794732 ], [ 7.136881509507987, 4.130116289789271 ], [ 7.135589969822661, 4.130274661180977 ], [ 7.134299271928853, 4.130439752679649 ], [ 7.13300945079186, 4.130611559812792 ], [ 7.131720541353843, 4.130790077926179 ], [ 7.130432578531781, 4.130975302183458 ], [ 7.12914559721753, 4.131167227567119 ], [ 7.127859632275886, 4.131365848877635 ], [ 7.126574718544191, 4.13157116073404 ], [ 7.125290890831423, 4.131783157574716 ], [ 7.124008183917226, 4.132001833656432 ], [ 7.122726632550723, 4.132227183054965 ], [ 7.121446271449997, 4.132459199665675 ], [ 7.100337118795892, 4.136341194313161 ], [ 7.097851871816999, 4.136811243116085 ], [ 7.096199787353839, 4.137147363498968 ], [ 7.094187203483045, 4.136394889223538 ], [ 7.090074206265967, 4.134938400520241 ], [ 7.085936416245431, 4.133553915346454 ], [ 7.081775093832391, 4.132241855429356 ], [ 7.07759150660587, 4.131002620435652 ], [ 7.073386928927505, 4.129836587847819 ], [ 7.0691626415516, 4.128744112850939 ], [ 7.064919931237682, 4.127725528223834 ], [ 7.060660090356237, 4.126781144236645 ], [ 7.056384416495746, 4.125911248558111 ], [ 7.052094212068653, 4.125116106166899 ], [ 7.047790783911751, 4.124395959271169 ], [ 7.043475442891918, 4.123751027234505 ], [ 7.039149503503154, 4.123181506509695 ], [ 7.03481428346845, 4.122687570577909 ], [ 7.030471103338641, 4.122269369897083 ], [ 7.026121286087687, 4.12192703185508 ], [ 7.021766156712317, 4.121660660731322 ], [ 7.017407041827312, 4.121470337665244 ], [ 7.013045269261056, 4.121356120630992 ], [ 7.008682167651784, 4.121318044420207 ], [ 7.004319066042342, 4.121356120630992 ], [ 7.003924998365733, 4.121363309837193 ], [ 6.956633965241735, 4.122263358602652 ], [ 6.955391172347902, 4.122296882624255 ], [ 6.954180026731422, 4.121728082643301 ], [ 6.952965846692393, 4.1211657891659 ], [ 6.95174866718412, 4.120610018379523 ], [ 6.950528523247101, 4.120060786283659 ], [ 6.949305450006705, 4.11951810868959 ], [ 6.948079482672881, 4.118982001220047 ], [ 6.946850656539027, 4.118452479308587 ], [ 6.945619006980507, 4.117929558198796 ], [ 6.944384569453916, 4.1174132529448 ], [ 6.943147379496509, 4.116903578409847 ], [ 6.941907472724381, 4.11640054926653 ], [ 6.940664884832245, 4.115904179996221 ], [ 6.939419651591663, 4.115414484888277 ], [ 6.938171808850313, 4.114931478040091 ], [ 6.936921392531417, 4.114455173356589 ], [ 6.935668438631865, 4.113985584549255 ], [ 6.934412983221819, 4.113522725137159 ], [ 6.933155062443234, 4.113066608444797 ], [ 6.93189471250912, 4.112617247602941 ], [ 6.930631969702802, 4.112174655547847 ], [ 6.929366870375986, 4.111738845020795 ], [ 6.92809945094848, 4.111309828567869 ], [ 6.926829747906538, 4.110887618539834 ], [ 6.925557797802753, 4.110472227091122 ], [ 6.92428363725395, 4.110063666180167 ], [ 6.923007302940675, 4.109661947568554 ], [ 6.921728831606003, 4.109267082820907 ], [ 6.920448260054798, 4.108879083304657 ], [ 6.919165625152345, 4.108497960189538 ], [ 6.917880963822654, 4.10812372444741 ], [ 6.916594313049188, 4.10775638685169 ], [ 6.915305709871802, 4.107395957977417 ], [ 6.914015191386852, 4.107042448200559 ], [ 6.912722794745946, 4.106695867697965 ], [ 6.911428557154522, 4.106356226447019 ], [ 6.910132515871339, 4.106023534225301 ], [ 6.908834708206598, 4.105697800610471 ], [ 6.907535171521943, 4.105379034979535 ], [ 6.906233943228301, 4.105067246509464 ], [ 6.904931060785657, 4.10476244417589 ], [ 6.90362656170106, 4.104464636753221 ], [ 6.902320483528911, 4.10417383281515 ], [ 6.901012863868516, 4.103890040733063 ], [ 6.846567038173646, 4.092218072890489 ], [ 6.845275753695944, 4.0919448137019 ], [ 6.843983044540892, 4.091678375665822 ], [ 6.842688946740793, 4.091418766208847 ], [ 6.841393496366265, 4.091165992567198 ], [ 6.840096729525897, 4.090920061786562 ], [ 6.83879868236545, 4.090680980721913 ], [ 6.837499391065307, 4.090448756037119 ], [ 6.836198891841434, 4.090223394205168 ], [ 6.834897220942878, 4.090004901507427 ], [ 6.833594414651941, 4.089793284034386 ], [ 6.832290509282132, 4.0895885476844 ], [ 6.83098554117754, 4.089390698163982 ], [ 6.8296795467121, 4.089199740988192 ], [ 6.82837256228828, 4.089015681479225 ], [ 6.827064624336401, 4.08883852476788 ], [ 6.825755769312764, 4.088668275791917 ], [ 6.824446033699644, 4.088504939296683 ], [ 6.823135454003989, 4.088348519835108 ], [ 6.821824066755994, 4.088199021766798 ], [ 6.820511908508479, 4.08805644925917 ], [ 6.819199015835693, 4.087920806285922 ], [ 6.817885425332122, 4.08779209662805 ], [ 6.816571173612374, 4.087670323872942 ], [ 6.815256297308906, 4.087555491414946 ], [ 6.813940833071797, 4.087447602454915 ], [ 6.81262481756778, 4.08734665999981 ], [ 6.811308287478028, 4.087252666863549 ], [ 6.809991279499116, 4.087165625665818 ], [ 6.80867383034024, 4.08708553883298 ], [ 6.807355976723443, 4.087012408596934 ], [ 6.806037755381794, 4.086946236996425 ], [ 6.804719203058255, 4.086887025875797 ], [ 6.803400356505392, 4.086834776885269 ], [ 6.802081252484186, 4.086789491481568 ], [ 6.80076192776238, 4.086751170926505 ], [ 6.799442419113916, 4.086719816288507 ], [ 6.798122763317849, 4.086695428441544 ], [ 6.796802997157897, 4.086678008065292 ], [ 6.795483157420108, 4.086667555645192 ], [ 6.794163280892917, 4.086664071472796 ], [ 6.741352071881124, 4.086664071472796 ], [ 6.740065471368098, 4.086402309639936 ], [ 6.735775266940834, 4.085607167248725 ], [ 6.731471838784046, 4.084887020353221 ], [ 6.727156497764042, 4.084242088316557 ], [ 6.722830558375335, 4.083672567591577 ], [ 6.718495338340972, 4.083178631659734 ], [ 6.717534623488405, 4.083079532323552 ], [ 6.655725463471583, 4.076824453242182 ], [ 6.654420497369472, 4.076695847356802 ], [ 6.653114874663174, 4.076574087962058 ], [ 6.651808631272388, 4.076459178407617 ], [ 6.650501803134205, 4.076351121855112 ], [ 6.649194426201461, 4.076249921277281 ], [ 6.647886536441945, 4.076155579458089 ], [ 6.646578169838108, 4.07606809899346 ], [ 6.64526936238525, 4.075987482289747 ], [ 6.643960150090948, 4.075913731564924 ], [ 6.642650568973124, 4.075846848847959 ], [ 6.641340655061185, 4.075786835979159 ], [ 6.640030444392323, 4.075733694609255 ], [ 6.638719973013281, 4.075687426200432 ], [ 6.637409276976427, 4.075648032025583 ], [ 6.636098392341978, 4.075615513168657 ], [ 6.634787355173728, 4.0755898705238 ], [ 6.633476201540759, 4.075571104797064 ], [ 6.632164967515223, 4.075559216504416 ], [ 6.630853689170863, 4.075554205973049 ], [ 6.629542402583411, 4.075556073340636 ], [ 6.628231143828373, 4.075564818556018 ], [ 6.626919948980515, 4.075580441378349 ], [ 6.625608854113011, 4.075602941378065 ], [ 6.578843445144059, 4.076528181182312 ], [ 6.514509094514665, 4.072989695170406 ], [ 6.439856336100206, 4.064564773078359 ], [ 6.342177977447875, 4.048071518382301 ], [ 6.340869350295975, 4.047854122505555 ], [ 6.339559588014993, 4.047643673563527 ], [ 6.338248727482835, 4.04744017748169 ], [ 6.336936805608445, 4.047243639989972 ], [ 6.335623859330667, 4.047054066621797 ], [ 6.33430992561722, 4.046871462715046 ], [ 6.332995041463448, 4.046695833411206 ], [ 6.331679243891756, 4.046527183655371 ], [ 6.330362569949784, 4.046365518195671 ], [ 6.329045056710299, 4.046210841584582 ], [ 6.327726741269657, 4.046063158176878 ], [ 6.326407660746497, 4.045922472130769 ], [ 6.325087852281285, 4.04578878740756 ], [ 6.323767353034782, 4.045662107771363 ], [ 6.322446200187585, 4.045542436788708 ], [ 6.321124430937971, 4.04542977782944 ], [ 6.319802082502235, 4.045324134065481 ], [ 6.318479192113045, 4.04522550847139 ], [ 6.317155797017449, 4.045133903823739 ], [ 6.315831934477899, 4.045049322702255 ], [ 6.314507641768955, 4.044971767488278 ], [ 6.313182956177855, 4.044901240365505 ], [ 6.311857915002975, 4.044837743319647 ], [ 6.310532555552356, 4.044781278138487 ], [ 6.309206915143136, 4.044731846411878 ], [ 6.307881031100408, 4.044689449531745 ], [ 6.3065549407562, 4.0446540886918 ], [ 6.30522868144817, 4.044625764887485 ], [ 6.303902290518806, 4.044604478916654 ], [ 6.302575805314291, 4.044590231378379 ], [ 6.301249263183536, 4.044583022673805 ], [ 6.299922701476873, 4.044582853005977 ], [ 6.298596157545603, 4.04458972237984 ], [ 6.297269668740057, 4.044603630601614 ], [ 6.295943272408977, 4.04462457727999 ], [ 6.294617005899056, 4.044652561824989 ], [ 6.293290906552954, 4.04468758344882 ], [ 6.291965011708555, 4.044729641165418 ], [ 6.290639358697888, 4.044778733790451 ], [ 6.289313984846729, 4.044834859941659 ], [ 6.287988927472668, 4.044898018038907 ], [ 6.286664223884031, 4.044968206303679 ], [ 6.285339911379765, 4.04504542276004 ], [ 6.284016027247503, 4.045129665233674 ], [ 6.282692608762829, 4.045220931352617 ], [ 6.281369693188253, 4.045319218547149 ], [ 6.28004731777213, 4.045424524049793 ], [ 6.278725519747525, 4.045536844895764 ], [ 6.277404336331472, 4.04565617792241 ], [ 6.276083804723498, 4.045782519769773 ], [ 6.274763962104657, 4.045915866880534 ], [ 6.273444845637243, 4.046056215500016 ], [ 6.272126492462007, 4.046203561676919 ], [ 6.270808939699464, 4.046357901261899 ], [ 6.269492224446367, 4.046519229909961 ], [ 6.268176383776847, 4.046687543078349 ], [ 6.26686145473991, 4.046862836027913 ], [ 6.265547474359266, 4.04704510382328 ], [ 6.258308569366818, 4.04806882559177 ], [ 6.257076184327104, 4.047620026423488 ], [ 6.255841456624808, 4.047177713094584 ], [ 6.254604420393662, 4.046741897832817 ], [ 6.253365109831066, 4.046312592686206 ], [ 6.25212355919723, 4.045889809522521 ], [ 6.250879802814723, 4.045473560029848 ], [ 6.249633875066365, 4.045063855714773 ], [ 6.248385810395746, 4.044660707903972 ], [ 6.247135643305, 4.044264127741826 ], [ 6.245883408354757, 4.043874126192065 ], [ 6.244629140162317, 4.043490714035954 ], [ 6.243372873401881, 4.0431139018728 ], [ 6.242114642802505, 4.042743700119445 ], [ 6.240854483147302, 4.04238011901009 ], [ 6.239592429273102, 4.04202316859562 ], [ 6.238328516068975, 4.04167285874405 ], [ 6.237062778475433, 4.041329199139454 ], [ 6.235795251483296, 4.04099219928213 ], [ 6.234525970132893, 4.040661868488485 ], [ 6.233254969513268, 4.040338215890415 ], [ 6.231982284760477, 4.040021250434961 ], [ 6.230707951057923, 4.039710980884593 ], [ 6.229432003633576, 4.039407415816754 ], [ 6.228154477761109, 4.039110563623467 ], [ 6.226875408756996, 4.038820432510931 ], [ 6.2255948319808, 4.038537030499526 ], [ 6.224312782833806, 4.038260365424321 ], [ 6.223029296757431, 4.0379904449332 ], [ 6.221744409233395, 4.03772727648834 ], [ 6.220458155782126, 4.037470867364505 ], [ 6.21917057196174, 4.037221224650523 ], [ 6.217881693366621, 4.036978355247356 ], [ 6.216591555627758, 4.036742265869464 ], [ 6.215300194410474, 4.036512963042981 ], [ 6.214007645414142, 4.036290453106972 ], [ 6.212713944370762, 4.036074742212861 ], [ 6.152231807268208, 4.026146545511835 ], [ 6.150915125654706, 4.025934016302642 ], [ 6.149597328961249, 4.025728514451032 ], [ 6.148278454693695, 4.025530045806136 ], [ 6.14695854038888, 4.025338616016256 ], [ 6.145637623612913, 4.025154230530006 ], [ 6.144315741960781, 4.024976894595056 ], [ 6.142992933054131, 4.024806613258647 ], [ 6.141669234542235, 4.024643391367192 ], [ 6.140344684098693, 4.024487233566049 ], [ 6.139019319421664, 4.024338144299747 ], [ 6.13769317823261, 4.024196127811422 ], [ 6.136366298274709, 4.024061188143094 ], [ 6.135038717312739, 4.023933329135446 ], [ 6.133710473131089, 4.023812554427138 ], [ 6.132381603532735, 4.023698867455835 ], [ 6.1310521463393, 4.023592271457176 ], [ 6.12972213938815, 4.023492769464724 ], [ 6.12839162053308, 4.023400364310817 ], [ 6.127060627641697, 4.023315058625087 ], [ 6.125729198596105, 4.023236854835488 ], [ 6.124397371289717, 4.023165755168009 ], [ 6.123065183628228, 4.023101761646103 ], [ 6.121732673526992, 4.023044876090808 ], [ 6.120399878910632, 4.022995100121648 ], [ 6.119066837712012, 4.022952435154991 ], [ 6.117733587871157, 4.02291688240507 ], [ 6.116400167333609, 4.022888442884152 ], [ 6.115066614049795, 4.022867117401063 ], [ 6.113732965974805, 4.02285290656323 ], [ 6.112399261065093, 4.022845810774925 ], [ 6.111065537279444, 4.022845830238282 ], [ 6.109731832577381, 4.022852964952449 ], [ 6.108398184917348, 4.022867214714495 ], [ 6.107064632256879, 4.022888579118785 ], [ 6.105731212549813, 4.022917057557606 ], [ 6.104397963747033, 4.022952649220031 ], [ 6.103064923794307, 4.022995353093165 ], [ 6.101732130631376, 4.023045167961698 ], [ 6.100399622190878, 4.023102092407782 ], [ 6.099067436397604, 4.023166124811553 ], [ 6.097735611167025, 4.023237263350154 ], [ 6.096404184404435, 4.023315505998937 ], [ 6.095073194003476, 4.023400850531459 ], [ 6.093742677845796, 4.023493294518346 ], [ 6.092412673799345, 4.0235928353286 ], [ 6.091083219717575, 4.023699470129145 ], [ 6.089754353438025, 4.023813195885225 ], [ 6.08842611278186, 4.023934009360005 ], [ 6.087098535552229, 4.024061907114799 ], [ 6.085771659533407, 4.024196885509866 ], [ 6.084445522489659, 4.024338940703217 ], [ 6.083120162164676, 4.024488068651976 ], [ 6.081795616279294, 4.024644265111647 ], [ 6.080471922531785, 4.024807525637129 ], [ 6.079149118595865, 4.024977845581191 ], [ 6.077827242119838, 4.02515522009702 ], [ 6.07650633072592, 4.025339644135727 ], [ 6.075186422008812, 4.025531112448903 ], [ 6.073867553534512, 4.025729619586741 ], [ 6.072549762839458, 4.025935159899859 ], [ 6.071233087429334, 4.026147727538046 ], [ 6.069917564778166, 4.026367316451683 ], [ 6.068603232327462, 4.026593920390837 ], [ 6.067290127484284, 4.026827532906111 ], [ 6.065978287621022, 4.027068147348814 ], [ 6.064667750074477, 4.027315756870507 ], [ 6.063358552143598, 4.027570354424029 ], [ 6.062050731089869, 4.027831932763434 ], [ 6.060744324134987, 4.028100484443883 ], [ 6.059439368461142, 4.028376001821869 ], [ 6.058135901208573, 4.028658477056183 ], [ 6.056833959475512, 4.028947902106893 ], [ 6.055533580316478, 4.029244268736932 ], [ 6.054234800741938, 4.029547568511248 ], [ 6.052937657716427, 4.029857792797657 ], [ 6.051642188158098, 4.030174932766897 ], [ 6.050348428937639, 4.030498979392689 ], [ 6.049056416876567, 4.030829923452245 ], [ 6.047766188747062, 4.031167755526724 ], [ 6.04647778127071, 4.031512466000947 ], [ 6.045191231116689, 4.031864045064026 ], [ 6.043906574901655, 4.032222482709642 ], [ 5.989952766924944, 4.047431613702145 ], [ 5.988681395360288, 4.047793633893548 ], [ 5.987411955793675, 4.04816237155211 ], [ 5.986144483717396, 4.04853781636848 ], [ 5.984879014568889, 4.048919957845499 ], [ 5.983615583729488, 4.049308785298933 ], [ 5.982354226523967, 4.04970428785731 ], [ 5.981094978218152, 4.050106454462934 ], [ 5.979837874019836, 4.050515273871667 ], [ 5.978582949076497, 4.050930734652979 ], [ 5.977330238474735, 4.051352825190975 ], [ 5.976079777239022, 4.051781533684732 ], [ 5.974831600331413, 4.052216848147623 ], [ 5.973585742649846, 4.052658756408732 ], [ 5.972342239027114, 4.053107246112575 ], [ 5.971101124230586, 4.05356230472006 ], [ 5.969862432960838, 4.054023919508097 ], [ 5.968626199850519, 4.054492077570103 ], [ 5.967392459463667, 4.054966765817028 ], [ 5.966161246294178, 4.055447970976843 ], [ 5.96493259476631, 4.055935679595734 ], [ 5.963706539231509, 4.056429878037363 ], [ 5.962483113969256, 4.056930552484857 ], [ 5.840536983623792, 4.107212583946421 ], [ 5.839324651771449, 4.107716192821215 ], [ 5.838114981118906, 4.108226160791958 ], [ 5.836908005021542, 4.108742473797292 ], [ 5.835703756760267, 4.109265117600216 ], [ 5.83450226954136, 4.109794077789445 ], [ 5.833303576494131, 4.110329339779582 ], [ 5.832107710671778, 4.110870888811121 ], [ 5.830914705048428, 4.111418709951579 ], [ 5.829724592520279, 4.111972788095329 ], [ 5.828537405903148, 4.112533107964225 ], [ 5.827353177932707, 4.113099654108055 ], [ 5.826171941262828, 4.11367241090511 ], [ 5.824993728464392, 4.114251362562015 ], [ 5.823818572025914, 4.114836493114922 ], [ 5.822646504350644, 4.115427786429336 ], [ 5.821477557757248, 4.116025226201089 ], [ 5.820311764478106, 4.116628795956331 ], [ 5.819149156658852, 4.11723847905256 ], [ 5.817989766357016, 4.117854258678051 ], [ 5.816833625541562, 4.118476117853561 ], [ 5.8156807660921, 4.119104039431761 ], [ 5.814531219797118, 4.119738006098828 ], [ 5.813385018354211, 4.120378000373307 ], [ 5.812242193368661, 4.12102400460833 ], [ 5.811102776352811, 4.121676000991044 ], [ 5.809966798724759, 4.122333971543242 ], [ 5.808834291807671, 4.122997898122037 ], [ 5.807705286829446, 4.12366776242061 ], [ 5.806579814921292, 4.124343545967804 ], [ 5.80545790711659, 4.125025230130063 ], [ 5.804339594350779, 4.125712796110236 ], [ 5.803224907460447, 4.126406224949733 ], [ 5.802113877181455, 4.12710549752785 ], [ 5.801006534149792, 4.127810594562845 ], [ 5.733779647181279, 4.170865581448254 ], [ 5.732656261385159, 4.171589287141671 ], [ 5.731536760027552, 4.172318987277208 ], [ 5.730421175094534, 4.173054661005722 ], [ 5.729309538460598, 4.173796287307596 ], [ 5.728201881887344, 4.174543844993195 ], [ 5.727098237022631, 4.175297312703492 ], [ 5.72599863539989, 4.176056668910178 ], [ 5.724903108436706, 4.176821891917314 ], [ 5.72381168743442, 4.177592959860647 ], [ 5.72272440357699, 4.178369850709544 ], [ 5.721641287930368, 4.17915254226682 ], [ 5.720562371441247, 4.179941012169138 ], [ 5.719487684935928, 4.180735237888484 ], [ 5.71841725912094, 4.181535196732511 ], [ 5.71735112457992, 4.182340865844594 ], [ 5.716289311774631, 4.183152222205365 ], [ 5.715231851043029, 4.183969242632656 ], [ 5.714178772598814, 4.184791903782866 ], [ 5.713130106530514, 4.185620182150899 ], [ 5.712085882800636, 4.186454054071021 ], [ 5.711046131244302, 4.187293495718109 ], [ 5.710010881569531, 4.18813848310765 ], [ 5.578346772655379, 4.296192447091528 ], [ 5.577351582450092, 4.297013485312903 ], [ 5.57636064255837, 4.297839648394131 ], [ 5.575373979370909, 4.298670914332718 ], [ 5.574391619164942, 4.299507260990254 ], [ 5.573413588102426, 4.300348666092987 ], [ 5.57243991223072, 4.301195107232559 ], [ 5.571470617480884, 4.302046561866518 ], [ 5.570505729666934, 4.302903007318832 ], [ 5.569545274486302, 4.303764420780283 ], [ 5.568589277517617, 4.30463077931006 ], [ 5.567637764221217, 4.305502059834794 ], [ 5.566690759938012, 4.306378239150547 ], [ 5.565748289888631, 4.307259293922982 ], [ 5.564810379172968, 4.308145200687477 ], [ 5.563877052769783, 4.309035935850773 ], [ 5.562948335535282, 4.309931475690405 ], [ 5.562024252203457, 4.31083179635641 ], [ 5.561104827384383, 4.311736873871382 ], [ 5.560190085564273, 4.312646684131039 ], [ 5.559280051104793, 4.313561202905362 ], [ 5.558374748242215, 4.314480405838708 ], [ 5.490874778867578, 4.3833714358679 ], [ 5.489953741156398, 4.384316430837316 ], [ 5.489037704293708, 4.385266274205378 ], [ 5.488126693801746, 4.386220939508235 ], [ 5.487220735062067, 4.387180400148111 ], [ 5.48631985331599, 4.388144629393139 ], [ 5.485424073662898, 4.38911360037855 ], [ 5.484533421060519, 4.390087286107757 ], [ 5.414397510768254, 4.467169279581583 ], [ 5.413549120380651, 4.468106441441876 ], [ 5.412705479622673, 4.469047881229301 ], [ 5.411866610064465, 4.469993574872376 ], [ 5.411032533155094, 4.470943498191048 ], [ 5.410203270220848, 4.471897626897032 ], [ 5.409378842464378, 4.472855936594783 ], [ 5.408559270965725, 4.473818402781319 ], [ 5.407744576679818, 4.474785000847987 ], [ 5.406934780437155, 4.475755706080065 ], [ 5.389988751463818, 4.496173686996428 ], [ 5.389146033129407, 4.497194551564917 ], [ 5.388308732105543, 4.498219864031341 ], [ 5.387476871868103, 4.499249595648621 ], [ 5.386650475740623, 4.500283717545926 ], [ 5.385829566892482, 4.501322200729078 ], [ 5.385014168340433, 4.502365016081569 ], [ 5.384204302945989, 4.503412134365703 ], [ 5.383399993415367, 4.504463526222878 ], [ 5.382601262299772, 4.505519162174835 ], [ 5.381808131993125, 4.506579012624229 ], [ 5.381020624733196, 4.507643047855709 ], [ 5.38023876259939, 4.508711238036256 ], [ 5.379462567513031, 4.509783553216721 ], [ 5.378692061236848, 4.51085996333228 ], [ 5.377927265373728, 4.511940438202885 ], [ 5.377168201366715, 4.513024947534859 ], [ 5.376414890497927, 4.514113460921635 ], [ 5.375667353888048, 4.515205947843924 ], [ 5.374925612496384, 4.516302377671025 ], [ 5.358671593450993, 4.54046639876492 ], [ 5.357931468993854, 4.541573055464028 ], [ 5.35719724836747, 4.542683637893958 ], [ 5.356468952394437, 4.543798114559024 ], [ 5.355746601728583, 4.544916453853432 ], [ 5.355030216855539, 4.546038624061396 ], [ 5.354319818091938, 4.547164593358616 ], [ 5.353615425584053, 4.548294329813189 ], [ 5.352917059308481, 4.549427801386173 ], [ 5.352224739070209, 4.550564975932843 ], [ 5.351538484503408, 4.55170582120337 ], [ 5.350858315069956, 4.552850304843844 ], [ 5.350184250058987, 4.553998394397411 ], [ 5.349516308586942, 4.555150057304502 ], [ 5.348854509596208, 4.55630526090448 ], [ 5.348198871855118, 4.557463972436381 ], [ 5.347549413957154, 4.558626159039648 ], [ 5.346906154320891, 4.559791787754989 ], [ 5.3044060494272, 4.637291870559977 ], [ 5.303647117285152, 4.638686287073938 ], [ 5.277538159372682, 4.687022208250823 ], [ 5.27691631196484, 4.688180719484251 ], [ 5.276300566231328, 4.689342485238797 ], [ 5.275690939205106, 4.690507473378545 ], [ 5.275087447748831, 4.691675651677883 ], [ 5.274490108556506, 4.69284698782343 ], [ 5.273898938150921, 4.694021449414208 ], [ 5.273313952884962, 4.695199003963012 ], [ 5.272735168940301, 4.696379618896799 ], [ 5.272162602326603, 4.69756326155823 ], [ 5.27159626888232, 4.698749899205723 ], [ 5.271036184272873, 4.699939499015329 ], [ 5.270482363990936, 4.701132028080849 ], [ 5.269934823356266, 4.702327453415251 ], [ 5.269393577514506, 4.703525741951182 ], [ 5.268858641437021, 4.70472686054228 ], [ 5.268330029921401, 4.70593077596385 ], [ 5.267807757589708, 4.707137454913834 ], [ 5.267291838888525, 4.708346864013436 ], [ 5.266782288089132, 4.709558969809109 ], [ 5.26627911928648, 4.710773738771877 ], [ 5.254061154269721, 4.740491608925197 ], [ 5.25356901334294, 4.741697571231214 ], [ 5.253083162214523, 4.742906081246474 ], [ 5.25260361407345, 4.744117106165902 ], [ 5.252130381936411, 4.745330613116835 ], [ 5.251663478649334, 4.746546569158852 ], [ 5.218326470332613, 4.834046597756299 ], [ 5.217021994219579, 4.837548936806513 ], [ 5.215978061403973, 4.840473506575847 ], [ 5.148269047363669, 5.0339466078687 ], [ 5.14785649147592, 5.035135035316728 ], [ 5.146472006301906, 5.039272825337207 ], [ 5.145159946385206, 5.043434147750247 ], [ 5.143920711391104, 5.047617734976598 ], [ 5.142754678803499, 5.051822312655304 ], [ 5.142195338086651, 5.053985122730182 ], [ 5.141627797508363, 5.055196995033668 ], [ 5.141066759937814, 5.056411891585753 ], [ 5.140512241489944, 5.057629777491286 ], [ 5.139964258092107, 5.058850617769053 ], [ 5.139422825484019, 5.060074377352691 ], [ 5.138887959217186, 5.061301021092504 ], [ 5.138359674654453, 5.062530513755576 ], [ 5.137837986969714, 5.063762820027534 ], [ 5.137322911147407, 5.064997904512495 ], [ 5.136814461982112, 5.066235731735446 ], [ 5.136312654077756, 5.067476266142535 ], [ 5.135817501847953, 5.068719472101918 ], [ 5.135329019514586, 5.069965313904788 ], [ 5.134847221108828, 5.07121375576736 ], [ 5.134372120468925, 5.072464761830361 ], [ 5.133903731241048, 5.073718296161474 ], [ 5.13344206687924, 5.074974322755509 ], [ 5.132987140643309, 5.07623280553554 ], [ 5.132538965600475, 5.077493708354496 ], [ 5.132097554623385, 5.078756994995445 ], [ 5.131662920390568, 5.080022629173016 ], [ 5.131235075386371, 5.081290574534705 ], [ 5.130814031899206, 5.082560794661276 ], [ 5.130399802023362, 5.083833253068349 ], [ 5.129992397656054, 5.085107913207253 ], [ 5.129591830499521, 5.086384738465711 ], [ 5.1291981120591, 5.08766369216994 ], [ 5.128811253643562, 5.088944737584541 ], [ 5.128431266364601, 5.090227837914199 ], [ 5.128058161136664, 5.091512956304371 ], [ 5.127691948676272, 5.092800055842815 ], [ 5.127332639502242, 5.094089099560051 ], [ 5.126980243934781, 5.095380050431459 ], [ 5.126634772096054, 5.096672871376654 ], [ 5.126296233908704, 5.097967525262277 ], [ 5.125964639096651, 5.099263974901987 ], [ 5.12563999718418, 5.100562183058116 ], [ 5.125322317496114, 5.101862112442291 ], [ 5.12501160915707, 5.10316372571657 ], [ 5.124707881091467, 5.104466985495037 ], [ 5.124411142023462, 5.105771854344084 ], [ 5.124121400475929, 5.107078294784174 ], [ 5.12383866477154, 5.108386269290691 ], [ 5.123562943030663, 5.109695740294285 ], [ 5.123294243173405, 5.111006670183599 ], [ 5.123032572917282, 5.1123190213047 ], [ 5.12277793977853, 5.11363275596301 ], [ 5.122530351070623, 5.114947836424221 ], [ 5.122289813905127, 5.116264224915597 ], [ 5.122056335191246, 5.117581883626258 ], [ 5.121829921634912, 5.118900774709573 ], [ 5.121610579739183, 5.120220860282643 ], [ 5.121398315804527, 5.121542102429316 ], [ 5.121193135927911, 5.122864463199335 ], [ 5.120995046002122, 5.124187904610721 ], [ 5.120804051717528, 5.12551238865035 ], [ 5.120620158559575, 5.126837877274966 ], [ 5.105458245737623, 5.238234007792187 ], [ 5.104455367839932, 5.239042090374767 ], [ 5.103456698770174, 5.239855368695714 ], [ 5.102462265446775, 5.240673820834502 ], [ 5.101472094673454, 5.241497424730653 ], [ 5.10048621313905, 5.242326158184824 ], [ 5.099504647416609, 5.243159998859539 ], [ 5.09852742396339, 5.243998924279708 ], [ 5.09755456911904, 5.244842911832791 ], [ 5.096586109105715, 5.245691938770392 ], [ 5.095622070027275, 5.246545982207977 ], [ 5.094662477868098, 5.247405019125836 ], [ 5.09370735849285, 5.248269026369542 ], [ 5.092756737645743, 5.249137980650914 ], [ 5.091810640949518, 5.250011858548248 ], [ 5.090869093905098, 5.250890636507222 ], [ 5.089932121890797, 5.251774290841638 ], [ 5.088999750161634, 5.252662797733365 ], [ 5.088072003848424, 5.253556133233701 ], [ 5.087148907957499, 5.254454273264116 ], [ 5.086230487369733, 5.255357193616305 ], [ 5.085316766840265, 5.256264869952872 ], [ 5.084407770997245, 5.257177277808808 ], [ 5.083503524341552, 5.258094392590976 ], [ 5.082604051245937, 5.259016189579768 ], [ 5.081709375954915, 5.259942643929264 ], [ 5.012955473861723, 5.331469447238646 ], [ 5.012033983926869, 5.332433133750442 ], [ 5.011117648898903, 5.33340172319339 ], [ 5.010206494864008, 5.334375187994056 ], [ 5.009300547761427, 5.335353500439169 ], [ 5.00839983338193, 5.336336632678069 ], [ 5.007504377366786, 5.337324556722876 ], [ 5.006614205208621, 5.338317244449001 ], [ 5.005729342248799, 5.339314667596454 ], [ 5.004849813677595, 5.340316797770356 ], [ 5.003975644533739, 5.341323606441961 ], [ 5.003106859703394, 5.342335064948941 ], [ 5.002243483919358, 5.343351144497092 ], [ 5.001385541760101, 5.34437181616056 ], [ 5.000533057649932, 5.345397050882411 ], [ 4.999686055857467, 5.346426819475994 ], [ 4.998844560495399, 5.347461092625792 ], [ 4.998008595519366, 5.348499840887939 ], [ 4.997178184728227, 5.349543034691123 ], [ 4.996353351762025, 5.350590644337217 ], [ 4.995534120102263, 5.351642640002922 ], [ 4.994720513071286, 5.352698991739658 ], [ 4.993912553830626, 5.35375966947521 ], [ 4.993110265381461, 5.354824643013501 ], [ 4.992313670563931, 5.355893882037094 ], [ 4.991522792055491, 5.356967356106509 ], [ 4.990737652370683, 5.358045034661814 ], [ 4.989958273861362, 5.359126887023479 ], [ 4.989184678715219, 5.36021288239283 ], [ 4.98841688895476, 5.361302989854039 ], [ 4.987654926437642, 5.362397178373158 ], [ 4.986898812855941, 5.363495416801015 ], [ 4.986148569734439, 5.364597673872424 ], [ 4.98540421843137, 5.365703918208396 ], [ 4.98466578013722, 5.366814118315688 ], [ 4.983933275873596, 5.367928242589414 ], [ 4.983206726494188, 5.369046259311972 ], [ 4.982486152682156, 5.370168136655536 ], [ 4.981771574950983, 5.371293842682633 ], [ 4.981063013643393, 5.372423345345908 ], [ 4.980360488931183, 5.373556612490745 ], [ 4.979664020813516, 5.374693611854923 ], [ 4.978973629117888, 5.375834311070037 ], [ 4.978289333498424, 5.376978677662635 ], [ 4.977611153436101, 5.378126679054503 ], [ 4.976939108236877, 5.379278282564144 ], [ 4.976273217033167, 5.380433455407399 ], [ 4.975613498781627, 5.381592164698588 ], [ 4.974959972263207, 5.382754377451249 ], [ 4.974312656082475, 5.383920060579442 ], [ 4.973671568667669, 5.385089180898035 ], [ 4.973036728269278, 5.386261705124525 ], [ 4.972408152959929, 5.387437599878922 ], [ 4.971785860634213, 5.388616831685681 ], [ 4.971169869007781, 5.389799366974387 ], [ 4.970560195616372, 5.390985172080264 ], [ 4.969956857816896, 5.392174213245482 ], [ 4.969359872784821, 5.393366456620129 ], [ 4.968769257515589, 5.394561868263395 ], [ 4.968185028822802, 5.395760414143695 ], [ 4.967607203338275, 5.396962060140822 ], [ 4.967035797511812, 5.398166772045954 ], [ 4.966470827610351, 5.399374515563238 ], [ 4.965912309717623, 5.400585256310194 ], [ 4.965360259733586, 5.401798959819303 ], [ 4.964814693374024, 5.403015591538576 ], [ 4.964275626170206, 5.404235116832638 ], [ 4.963743073468493, 5.405457500983687 ], [ 4.963217050429876, 5.406682709192751 ], [ 4.962697572028958, 5.407910706580424 ], [ 4.962184653054635, 5.409141458187719 ], [ 4.961678308108731, 5.410374928977205 ], [ 4.961178551605883, 5.41161108383443 ], [ 4.960685397773489, 5.412849887567972 ], [ 4.960198860650337, 5.414091304911494 ], [ 4.959718954087862, 5.415335300524134 ], [ 4.959245691747583, 5.416581838991419 ], [ 4.958779087102755, 5.417830884826571 ], [ 4.958319153436832, 5.419082402471645 ], [ 4.957865903843071, 5.420336356297923 ], [ 4.957419351224871, 5.421592710607911 ], [ 4.956979508294467, 5.422851429635273 ], [ 4.956546387573837, 5.424112477546316 ], [ 4.95612000139289, 5.425375818441694 ], [ 4.955700361890194, 5.426641416355949 ], [ 4.955287481012078, 5.427909235259904 ], [ 4.95488137051251, 5.429179239061227 ], [ 4.954482041952815, 5.43045139160489 ], [ 4.954089506701052, 5.431725656675042 ], [ 4.953703775931956, 5.433001997995689 ], [ 4.953324860626935, 5.434280379231552 ], [ 4.952952771572598, 5.435560763989599 ], [ 4.952587519361884, 5.436843115819499 ], [ 4.952229114392765, 5.438127398214931 ], [ 4.951877566868689, 5.439413574614605 ], [ 4.951532886797168, 5.440701608403401 ], [ 4.951195083990797, 5.441991462913563 ], [ 4.95086416806646, 5.443283101424697 ], [ 4.950021515097546, 5.444290401525279 ], [ 4.949184172587024, 5.44530212037904 ], [ 4.948352163706204, 5.446318229989743 ], [ 4.94752551147792, 5.447338702239563 ], [ 4.946704238777784, 5.44836350888994 ], [ 4.945888368331737, 5.449392621582433 ], [ 4.945077922716564, 5.450426011839681 ], [ 4.944272924358984, 5.45146365106541 ], [ 4.943473395534909, 5.452505510546416 ], [ 4.942679358368537, 5.45355156145223 ], [ 4.941890834833202, 5.45460177483659 ], [ 4.941107846747968, 5.455656121637901 ], [ 4.940330415780409, 5.456714572680482 ], [ 4.939558563443313, 5.457777098674569 ], [ 4.938792311095142, 5.458843670218357 ], [ 4.938031679940138, 5.459914257797493 ], [ 4.937276691025886, 5.460988831786779 ], [ 4.936527365244899, 5.462067362450455 ], [ 4.935783723332236, 5.46314981994351 ], [ 4.935045785866066, 5.464236174312475 ], [ 4.934313573266536, 5.465326395495481 ], [ 4.933587105795482, 5.466420453324019 ], [ 4.932866403555408, 5.467518317523229 ], [ 4.932151486489943, 5.468619957713315 ], [ 4.931442374382073, 5.469725343409323 ], [ 4.93073908685426, 5.470834444023353 ], [ 4.930041643368213, 5.471947228864508 ], [ 4.929350063223239, 5.473063667139343 ], [ 4.928664365556756, 5.474183727954255 ], [ 4.927984569343494, 5.475307380314746 ], [ 4.927310693394645, 5.476434593127067 ], [ 4.871755941906827, 5.569906560115612 ], [ 4.871083763393472, 5.57104414813233 ], [ 4.870417613130883, 5.572185276642585 ], [ 4.869757509767055, 5.573329913702366 ], [ 4.869103471780818, 5.574478027269095 ], [ 4.868455517480982, 5.575629585202876 ], [ 4.867813665006167, 5.576784555267523 ], [ 4.867177932324068, 5.577942905131067 ], [ 4.866548337231166, 5.579104602367238 ], [ 4.865924897352102, 5.580269614455972 ], [ 4.865307630139455, 5.581437908784267 ], [ 4.86469655287226, 5.582609452647262 ], [ 4.864091682657204, 5.583784213249487 ], [ 4.863493036426632, 5.584962157705093 ], [ 4.862900630938952, 5.586143253038756 ], [ 4.862314482777492, 5.587327466187844 ], [ 4.861734608350787, 5.588514764001673 ], [ 4.861161023891384, 5.58970511324361 ], [ 4.860593745456526, 5.590898480591306 ], [ 4.860032788926048, 5.592094832638395 ], [ 4.859478170003001, 5.593294135894439 ], [ 4.858929904213426, 5.594496356786522 ], [ 4.858388006905216, 5.595701461660326 ], [ 4.857852493248174, 5.596909416780647 ], [ 4.857323378232877, 5.598120188332246 ], [ 4.856800676671412, 5.599333742421322 ], [ 4.856284403196241, 5.600550045076147 ], [ 4.855774572259463, 5.601769062248025 ], [ 4.855271198133096, 5.602990759812258 ], [ 4.854774294908566, 5.604215103569118 ], [ 4.854283876495685, 5.605442059244865 ], [ 4.853799956623504, 5.606671592492319 ], [ 4.853322548838378, 5.607903668892561 ], [ 4.852851666504705, 5.609138253955507 ], [ 4.852387322804134, 5.610375313120301 ], [ 4.851929530735561, 5.611614811757363 ], [ 4.85147830311405, 5.612856715168789 ], [ 4.851033652571004, 5.614100988588916 ], [ 4.850595591553997, 5.615347597186201 ], [ 4.850164132326029, 5.616596506063672 ], [ 4.849739286964848, 5.617847680259558 ], [ 4.849321067363633, 5.619101084749275 ], [ 4.848909485229967, 5.620356684445312 ], [ 4.84850455208533, 5.62161444419894 ], [ 4.848106279265266, 5.62287432880089 ], [ 4.84771467791893, 5.624136302982606 ], [ 4.84732975900863, 5.625400331416699 ], [ 4.846951533309721, 5.626666378718369 ], [ 4.846580011410083, 5.627934409446596 ], [ 4.846215203709903, 5.629204388104313 ], [ 4.845857120421556, 5.63047627914068 ], [ 4.84550577156898, 5.631750046950515 ], [ 4.84516116698768, 5.633025655876395 ], [ 4.844823316324494, 5.634303070209796 ], [ 4.844492229036973, 5.635582254190922 ], [ 4.844167914393552, 5.636863172010919 ], [ 4.843850381473032, 5.638145787812221 ], [ 4.843539639164192, 5.639430065689851 ], [ 4.843235696165607, 5.640715969692167 ], [ 4.842938560986227, 5.642003463822164 ], [ 4.842648241943607, 5.643292512038045 ], [ 4.842364747164879, 5.644583078254982 ], [ 4.797245367991593, 5.711062801115133 ], [ 4.754017924645837, 5.767373441743757 ], [ 4.689886475007427, 5.842973200604092 ], [ 4.577596629942605, 5.951434316150937 ], [ 4.549297889874765, 5.975939593345913 ], [ 4.399572101551541, 6.087381856096499 ], [ 4.397997376597573, 6.088220961172908 ], [ 4.37709512836966, 6.096239348050972 ], [ 4.377044180111454, 6.096258898875192 ], [ 4.37298451914387, 6.097858041857876 ], [ 4.368953385375562, 6.099527792136371 ], [ 4.364952006728629, 6.101267641088896 ], [ 4.360981602062623, 6.103077058740325 ], [ 4.357043380800633, 6.10495549392482 ], [ 4.353138542562988, 6.106902374452375 ], [ 4.34926827680124, 6.108917107285038 ], [ 4.345433762436016, 6.110999078714769 ], [ 4.341636167497768, 6.113147654553416 ], [ 4.337876648770134, 6.115362180324212 ], [ 4.334156351439503, 6.117641981460508 ], [ 4.330476408744062, 6.119986363513078 ], [ 4.328803591206054, 6.12109357728815 ], [ 4.304965977977474, 6.12276959321224 ], [ 4.303647180625262, 6.122865823091786 ], [ 4.302328910698634, 6.122969027002455 ], [ 4.301011205077373, 6.123079202057113 ], [ 4.299694100625743, 6.123196345173483 ], [ 4.298377634190501, 6.123320453074314 ], [ 4.297061842600669, 6.12345152228778 ], [ 4.295746762666852, 6.123589549147027 ], [ 4.294432431179132, 6.123734529790681 ], [ 4.293118884907187, 6.123886460162623 ], [ 4.291806160598355, 6.124045336012728 ], [ 4.290494294977293, 6.124211152896123 ], [ 4.289183324744442, 6.124383906174103 ], [ 4.287873286575291, 6.124563591013782 ], [ 4.286564217118894, 6.1247502023881 ], [ 4.285256152997874, 6.12494373507667 ], [ 4.283949130806093, 6.125144183665043 ], [ 4.282643187108533, 6.125351542545843 ], [ 4.281338358440166, 6.125565805917688 ], [ 4.280034681304471, 6.12578696778678 ], [ 4.278732192172811, 6.126015021965543 ], [ 4.277430927483579, 6.126249962074326 ], [ 4.276130923640324, 6.126491781540096 ], [ 4.274832217011863, 6.126740473598147 ], [ 4.273534843930577, 6.126996031291071 ], [ 4.272238840691443, 6.127258447469274 ], [ 4.270944243551185, 6.127527714791484 ], [ 4.269651088727073, 6.127803825724868 ], [ 4.268359412396364, 6.128086772544805 ], [ 4.267069250694306, 6.12837654733579 ], [ 4.265780639714762, 6.128673141991158 ], [ 4.264493615507206, 6.128976548213416 ], [ 4.263208214077281, 6.129286757514308 ], [ 4.261924471385214, 6.129603761215833 ], [ 4.251157293044287, 6.132292808192062 ], [ 4.052101686916842, 6.161984142271081 ], [ 3.97074305619816, 6.172009774892388 ], [ 3.947887046458959, 6.172932789370066 ], [ 3.840839897801857, 6.176130280260054 ], [ 3.763003881108318, 6.176572108797529 ], [ 3.726448284610967, 6.171811460644506 ], [ 3.72514894191886, 6.171645707298183 ], [ 3.72384874860154, 6.17148676409596 ], [ 3.722547740352525, 6.171334635401251 ], [ 3.7212459528875, 6.171189325390117 ], [ 3.719943421943242, 6.171050838051883 ], [ 3.718640183277103, 6.170919177188182 ], [ 3.717336272666159, 6.170794346413629 ], [ 3.716031725905566, 6.170676349154917 ], [ 3.714726578808154, 6.170565188651381 ], [ 3.713420867202842, 6.170460867954603 ], [ 3.712114626934863, 6.170363389928411 ], [ 3.710807893862921, 6.170272757248711 ], [ 3.709500703860101, 6.170188972403878 ], [ 3.708193092811655, 6.170112037693741 ], [ 3.706885096614428, 6.170041955230317 ], [ 3.705576751175727, 6.1699787269377 ], [ 3.578076604132661, 6.16415179547198 ], [ 3.577635928403652, 6.164132045563804 ], [ 3.545972953793978, 6.162740984908851 ], [ 3.543455066409877, 6.16264307660748 ], [ 3.453173084140758, 6.159588040529513 ], [ 3.451847166318259, 6.159546694579717 ], [ 3.450521047771019, 6.159512384837683 ], [ 3.449194765837888, 6.159485112269465 ], [ 3.447868357861694, 6.159464877642847 ], [ 3.446541861189189, 6.159451681527571 ], [ 3.445215313169513, 6.159445524295336 ], [ 3.443888751153509, 6.159446406119514 ], [ 3.442562212492362, 6.159454326974981 ], [ 3.426392170484064, 6.159593782929107 ], [ 3.419535864531952, 6.156588155173893 ], [ 3.418313839248128, 6.15605632950809 ], [ 3.41708899620636, 6.155531025922755 ], [ 3.41586137021585, 6.155012259346563 ], [ 3.414630996163964, 6.154500044522251 ], [ 3.413397909017078, 6.153994396006283 ], [ 3.41216214381808, 6.153495328168901 ], [ 3.41092373568614, 6.153002855193108 ], [ 3.409682719815294, 6.152516991074208 ], [ 3.408439131474154, 6.152037749620035 ], [ 3.40719300600432, 6.151565144450274 ], [ 3.405944378818845, 6.151099188995829 ], [ 3.404693285402971, 6.150639896498433 ], [ 3.403439761311176, 6.150187280011039 ], [ 3.402183842167346, 6.149741352396404 ], [ 3.400925563663236, 6.1493021263272 ], [ 3.399664961558187, 6.1488696142859 ], [ 3.398402071676799, 6.148443828563813 ], [ 3.397136929909095, 6.148024781261711 ], [ 3.395869572209619, 6.147612484288288 ], [ 3.394600034594475, 6.147206949360509 ], [ 3.393328353143147, 6.146808188003206 ], [ 3.3920545639956, 6.146416211549081 ], [ 3.390778703351089, 6.146031031137284 ], [ 3.389500807468607, 6.14565265771455 ], [ 3.388220912664622, 6.145281102033721 ], [ 3.386939055312098, 6.144916374654031 ], [ 3.385655271840392, 6.144558485940706 ], [ 3.384369598733201, 6.144207446064627 ], [ 3.383082072527714, 6.143863265001585 ], [ 3.381792729814606, 6.143525952533309 ], [ 3.38050160723526, 6.143195518245761 ], [ 3.379208741481932, 6.142871971529246 ], [ 3.377914169296844, 6.142555321579039 ], [ 3.376617927470249, 6.142245577393737 ], [ 3.375320052839925, 6.141942747775829 ], [ 3.374020582290086, 6.141646841331749 ], [ 3.372719552750368, 6.141357866470628 ], [ 3.371417001194686, 6.141075831404919 ], [ 3.370112964640214, 6.140800744149772 ], [ 3.368807480146188, 6.140532612522804 ], [ 3.367500584813229, 6.140271444144162 ], [ 3.366192315781802, 6.140017246435775 ], [ 3.364882710231768, 6.139770026621704 ], [ 3.363571805380275, 6.139529791727853 ], [ 3.362259638482442, 6.139296548581285 ], [ 3.360946246828348, 6.139070303810627 ], [ 3.359631667743145, 6.138851063845607 ], [ 3.358315938585861, 6.138638834916435 ], [ 3.356999096748325, 6.13843362305488 ], [ 3.355681179653573, 6.138235434092394 ], [ 3.354362224755391, 6.138044273661819 ], [ 3.353042269537184, 6.13786014719517 ], [ 3.351721351510889, 6.137683059925564 ], [ 3.350399508215446, 6.137513016885464 ], [ 3.349076777215998, 6.137350022907299 ], [ 3.347753196103554, 6.137194082623182 ], [ 3.346428802492824, 6.137045200464797 ], [ 3.345103634021484, 6.136903380663398 ], [ 3.343777728349494, 6.136768627248955 ], [ 3.3424511231579, 6.136640944051408 ], [ 3.341123856147306, 6.136520334699242 ], [ 3.339795965037013, 6.136406802619831 ], [ 3.338467487564628, 6.136300351040006 ], [ 3.33713846148396, 6.136200982984917 ], [ 3.335808924564617, 6.136108701278204 ], [ 3.334478914590477, 6.136023508542621 ], [ 3.333148469359173, 6.135945407199472 ], [ 3.331817626680447, 6.135874399468037 ], [ 3.330486424375408, 6.135810487366314 ], [ 3.329154900275739, 6.135753672710564 ], [ 3.11735493527641, 6.1272819155094 ], [ 3.116097890177116, 6.127234802432952 ], [ 3.114840623932025, 6.127194015019995 ], [ 3.113583168372998, 6.127159554303432 ], [ 3.112325555336326, 6.127131421155696 ], [ 3.111067816662455, 6.127109616288976 ], [ 3.109809984194897, 6.127094140255224 ], [ 3.108552089779607, 6.127084993446545 ], [ 3.107294165264307, 6.127082176094348 ], [ 3.106036242496941, 6.127085688270142 ], [ 3.104778353325969, 6.127095529884571 ], [ 3.064360313187024, 6.127513451578125 ], [ 3.063060586552467, 6.127530270049533 ], [ 3.061760964930556, 6.127553845993759 ], [ 3.060461483454219, 6.127584178773418 ], [ 3.059162177252176, 6.127621267568543 ], [ 3.057863081449, 6.127665111376587 ], [ 3.05656423116352, 6.127715709012193 ], [ 3.055265661507292, 6.127773059107881 ], [ 3.053967407585162, 6.127837160112904 ], [ 3.052669504492769, 6.127908010294448 ], [ 3.05137198731677, 6.127985607737628 ], [ 3.02470898560307, 6.129649750798478 ], [ 3.023399193464854, 6.129734952424315 ], [ 3.022089866706324, 6.129827029576973 ], [ 3.020781041419468, 6.129925979718735 ], [ 3.019472753681725, 6.130031800122026 ], [ 3.018165039556152, 6.1301444878697 ], [ 3.016857935090229, 6.130264039855604 ], [ 3.015551476314045, 6.130390452784241 ], [ 3.014245699240178, 6.130523723171336 ], [ 3.012940639862677, 6.130663847342817 ], [ 3.011636334155298, 6.130810821436512 ], [ 3.010332818071447, 6.130964641400737 ], [ 3.009030127542474, 6.131125302995883 ], [ 3.007728298477105, 6.131292801792938 ], [ 3.006427366760306, 6.131467133174795 ], [ 3.005127368252317, 6.131648292336422 ], [ 3.003828338787685, 6.131836274283614 ], [ 3.002530314174237, 6.132031073835037 ], [ 3.001233330191951, 6.13223268562075 ], [ 2.999937422592268, 6.132441104083512 ], [ 2.99864262709707, 6.132656323478386 ], [ 2.997348979397202, 6.132878337872455 ], [ 2.996056515152418, 6.133107141146183 ], [ 2.994765269989159, 6.133342726992453 ], [ 2.993475279500842, 6.133585088917471 ], [ 2.992186579246265, 6.133834220240374 ], [ 2.990899204748246, 6.134090114093851 ], [ 2.98961319149339, 6.134352763424374 ], [ 2.98832857493062, 6.134622160991739 ], [ 2.976452604510882, 6.137145241518681 ], [ 2.958035834395389, 6.139752170879376 ], [ 2.946654598591806, 6.139592024381216 ], [ 2.906124524241079, 6.136196364886302 ], [ 2.886577158404918, 6.133946744324987 ], [ 2.74991041900131, 6.117352175249835 ], [ 2.673521975747406, 6.107972670228435 ], [ 2.66984842487733, 6.107549160135875 ], [ 2.56679460142783, 6.096440120912234 ], [ 2.565487973702147, 6.096302740808824 ], [ 2.564180642045869, 6.096172229325816 ], [ 2.562872642565765, 6.096048590067483 ], [ 2.561564011386167, 6.095931826448634 ], [ 2.560254784649715, 6.095821941693998 ], [ 2.528161364257187, 6.093213213943386 ], [ 2.509227776418697, 6.089006159071118 ], [ 2.507941834615849, 6.088723973107449 ], [ 2.506654424613771, 6.088448563004022 ], [ 2.505365582115815, 6.088179936398603 ], [ 2.504075342864041, 6.08791810074058 ], [ 2.502783742640247, 6.087663063291416 ], [ 2.501490817263743, 6.087414831124022 ], [ 2.500196602590336, 6.087173411122308 ], [ 2.498901134511584, 6.086938809981518 ], [ 2.497604448953894, 6.086711034207781 ], [ 2.496306581877661, 6.086490090117763 ], [ 2.495007569276027, 6.086275983838732 ], [ 2.493707447173222, 6.086068721308379 ], [ 2.492406251625141, 6.085868308274655 ], [ 2.491104018716953, 6.085674750295595 ], [ 2.48980078456276, 6.08548805273881 ], [ 2.48849658530429, 6.085308220781997 ], [ 2.487191457110328, 6.085135259412311 ], [ 2.48588543617484, 6.084969173426316 ], [ 2.48457855871743, 6.084809967430203 ], [ 2.483270860980497, 6.084657645838774 ], [ 2.481962379229799, 6.084512212876575 ], [ 2.480653149752584, 6.08437367257676 ], [ 2.479343208857301, 6.084242028781375 ], [ 2.478032592871216, 6.084117285141076 ], [ 2.476721338141544, 6.083999445115296 ], [ 2.475409481031704, 6.083888511972305 ], [ 2.474097057923359, 6.083784488788467 ], [ 2.472784105212895, 6.083687378448246 ], [ 2.471470659311365, 6.083597183645168 ], [ 2.470156756644315, 6.083513906880285 ], [ 2.41987472518241, 6.080459876630982 ], [ 2.418615556877171, 6.080386584877317 ], [ 2.417356034827151, 6.080319646789917 ], [ 2.416096191092208, 6.080259064072379 ], [ 2.414836057740558, 6.080204838266866 ], [ 2.413575666847578, 6.080156970753706 ], [ 2.412315050495295, 6.080115462751337 ], [ 2.411054240771307, 6.080080315316309 ], [ 2.4097932697685, 6.080051529343052 ], [ 2.40853216958368, 6.080029105564677 ], [ 2.407270972316894, 6.080013044551549 ], [ 2.406009710070578, 6.080003346712715 ], [ 2.404748414948926, 6.080000012294818 ], [ 2.403487119057161, 6.080003041383122 ], [ 2.402225854500045, 6.080012433900094 ], [ 2.368670280523531, 6.080346972877408 ], [ 2.350114807264276, 6.079287190452931 ], [ 2.304168100403558, 6.07490386157491 ], [ 2.094164300223269, 6.047022889549623 ], [ 2.03052920721899, 6.035865414521083 ], [ 2.02927615690129, 6.035648993908126 ], [ 2.028022021992285, 6.035438949601712 ], [ 2.026766834938428, 6.035235287036301 ], [ 2.02551062821334, 6.035038011480992 ], [ 2.024253434317302, 6.034847128039303 ], [ 2.022995285775494, 6.034662641649902 ], [ 2.021736215138617, 6.034484557085932 ], [ 2.020476254980736, 6.034312878954495 ], [ 2.019215437898708, 6.034147611696994 ], [ 2.017953796511961, 6.033988759589533 ], [ 2.016691363461234, 6.033836326741721 ], [ 2.015428171407677, 6.033690317096955 ], [ 1.958788449493454, 6.027289382360209 ], [ 1.843739215385199, 6.010738739376109 ], [ 1.755583397329474, 5.994541223482031 ], [ 1.727039762173376, 5.986129505740848 ], [ 1.724992077495926, 5.985322901295774 ], [ 1.720905125940931, 5.983794852723463 ], [ 1.716792128723853, 5.982338364019938 ], [ 1.712654338703373, 5.980953878846151 ], [ 1.708493016290106, 5.979641818929281 ], [ 1.704309429063755, 5.978402583935349 ], [ 1.70010485138539, 5.977236551347517 ], [ 1.695880564009485, 5.976144076350863 ], [ 1.691637853695397, 5.975125491723531 ], [ 1.687378012814122, 5.974181107736513 ], [ 1.683102338953631, 5.973311212058206 ], [ 1.678812134526368, 5.972516069666767 ], [ 1.676930998143348, 5.972191774675025 ], [ 1.607631187631057, 5.960517219723101 ], [ 1.532349775888974, 5.944323159458634 ], [ 1.495637155769202, 5.932931204119939 ], [ 1.494408625353515, 5.932447053456542 ], [ 1.493177533781363, 5.931969452798683 ], [ 1.491943915974502, 5.931498415694591 ], [ 1.490707806925968, 5.931033955505711 ], [ 1.489469241699567, 5.930576085406869 ], [ 1.488228255429192, 5.930124818386503 ], [ 1.48698488331695, 5.929680167245351 ], [ 1.485739160632647, 5.929242144596458 ], [ 1.484491122713052, 5.928810762864885 ], [ 1.483240804960587, 5.928386034287428 ], [ 1.481988242841851, 5.92796797091205 ], [ 1.480733471887504, 5.92755658459771 ], [ 1.479476527691133, 5.927151887013963 ], [ 1.478217445907774, 5.926753889640622 ], [ 1.476956262252315, 5.926362603767416 ], [ 1.475693012500415, 5.925978040493533 ], [ 1.474427732485935, 5.92560021072785 ], [ 1.473160458100097, 5.925229125187968 ], [ 1.471891225290904, 5.924864794400207 ], [ 1.470620070061671, 5.924507228699383 ], [ 1.469347028470565, 5.924156438228067 ], [ 1.468072136629416, 5.923812432937154 ], [ 1.46679543070195, 5.923475222584898 ], [ 1.465516946903676, 5.923144816736453 ], [ 1.46423672150064, 5.922821224764391 ], [ 1.462954790807999, 5.922504455847672 ], [ 1.370417903175451, 5.899869230249465 ], [ 1.291666931796442, 5.868397144008327 ], [ 1.289776688479378, 5.867650621884934 ], [ 1.28159206326643, 5.864456626820242 ], [ 1.276757588562816, 5.861620739564728 ], [ 1.2568139788537, 5.846336730228018 ], [ 1.251580874546676, 5.839480188530217 ], [ 1.251506378979627, 5.838158487500323 ], [ 1.251424881629589, 5.836837199725494 ], [ 1.251336384784906, 5.835516362297653 ], [ 1.251240890929239, 5.834196012296559 ], [ 1.251138402743834, 5.832876186787587 ], [ 1.251028923105707, 5.83155692282196 ], [ 1.250912455088041, 5.830238257434928 ], [ 1.250789001960698, 5.828920227644915 ], [ 1.250658567189248, 5.827602870452552 ], [ 1.250521154435035, 5.826286222839371 ], [ 1.25037676755602, 5.824970321767353 ], [ 1.250225410605424, 5.823655204177442 ], [ 1.250067087832008, 5.822340906988131 ], [ 1.2499018036807, 5.821027467095632 ], [ 1.24972956279106, 5.819714921371428 ], [ 1.249550369998701, 5.818403306662333 ], [ 1.249364230333583, 5.817092659788614 ], [ 1.249171149021777, 5.815783017543993 ], [ 1.248971131483074, 5.814474416693372 ], [ 1.248764183332696, 5.81316689397255 ], [ 1.248550310380153, 5.811860486087539 ], [ 1.248329518629532, 5.810555229712236 ], [ 1.248101814279096, 5.809251161489044 ], [ 1.247867203720887, 5.807948318026433 ], [ 1.247625693541011, 5.806646735898653 ], [ 1.247377290519694, 5.80534645164488 ], [ 1.247122001630089, 5.804047501767059 ], [ 1.246859834038617, 5.802749922730527 ], [ 1.246590795105135, 5.801453750961628 ], [ 1.246314892382372, 5.800159022847424 ], [ 1.246032133615756, 5.798865774734395 ], [ 1.245742526742902, 5.797574042927351 ], [ 1.245446079893782, 5.7962838636887 ], [ 1.2451428013905, 5.794995273237305 ], [ 1.244832699746951, 5.793708307747181 ], [ 1.244515783668646, 5.792423003346869 ], [ 1.244192062051866, 5.791139396118353 ], [ 1.243861543984735, 5.789857522095986 ], [ 1.243524238745522, 5.788577417265117 ], [ 1.243180155803486, 5.787299117562043 ], [ 1.24282930481786, 5.786022658871843 ], [ 1.242471695637903, 5.784748077028041 ], [ 1.242107338302503, 5.783475407811636 ], [ 1.241736243040577, 5.78220468694974 ], [ 1.241358420269478, 5.780935950115065 ], [ 1.240973880595618, 5.779669232924334 ], [ 1.240582634814245, 5.778404570937653 ], [ 1.240184693908759, 5.777141999657431 ], [ 1.239780069049971, 5.775881554527302 ], [ 1.239368771597356, 5.774623270931556 ], [ 1.238950813096494, 5.773367184193319 ], [ 1.238526205281062, 5.772113329574438 ], [ 1.228944348820448, 5.744059434843962 ], [ 1.228512178803726, 5.742805013942757 ], [ 1.228073357539017, 5.741552904275466 ], [ 1.227627897386185, 5.740303141108711 ], [ 1.227175810891197, 5.739055759642667 ], [ 1.22671711078749, 5.737810795010319 ], [ 1.226251809995119, 5.736568282276551 ], [ 1.225779921618766, 5.735328256437583 ], [ 1.225301458949787, 5.734090752419377 ], [ 1.224816435464277, 5.732855805076554 ], [ 1.224324864823018, 5.731623449192227 ], [ 1.223826760871475, 5.730393719476297 ], [ 1.223322137639059, 5.729166650564594 ], [ 1.222811009338443, 5.72794227701803 ], [ 1.222293390366247, 5.726720633321747 ], [ 1.22176929530076, 5.725501753884203 ], [ 1.221238738904106, 5.724285673035411 ], [ 1.220701736119281, 5.723072425026999 ], [ 1.220158302071297, 5.721862044030502 ], [ 1.219608452066268, 5.720654564137192 ], [ 1.219052201590898, 5.719450019356145 ], [ 1.218489566312314, 5.718248443613959 ], [ 1.217920562077438, 5.717049870753613 ], [ 1.217345204912533, 5.715854334533333 ], [ 1.216763511022862, 5.714661868626365 ], [ 1.216175496791948, 5.7134725066187 ], [ 1.215581178781633, 5.712286282009529 ], [ 1.214980573731168, 5.711103228209197 ], [ 1.214373698556869, 5.709923378539315 ], [ 1.21376057035161, 5.708746766230547 ], [ 1.213141206384364, 5.707573424423174 ], [ 1.212515624100263, 5.706403386164538 ], [ 1.211883841118606, 5.705236684409613 ], [ 1.211245875234056, 5.704073352019009 ], [ 1.210601744415158, 5.702913421758581 ], [ 1.209951466804341, 5.701756926298117 ], [ 1.209295060717011, 5.700603898211227 ], [ 1.208632544641034, 5.699454369973125 ], [ 1.2079639372364, 5.698308373961254 ], [ 1.207289257334935, 5.697165942452727 ], [ 1.206608523939224, 5.696027107625071 ], [ 1.205921756222608, 5.694891901553717 ], [ 1.205228973527937, 5.693760356212522 ], [ 1.204530195368136, 5.692632503472112 ], [ 1.203825441424385, 5.691508375098749 ], [ 1.203114731546407, 5.690388002754332 ], [ 1.202398085751838, 5.689271417994405 ], [ 1.201675524225266, 5.688158652268271 ], [ 1.200947067318054, 5.687049736917459 ], [ 1.200212735547552, 5.685944703175267 ], [ 1.199472549596237, 5.684843582165229 ], [ 1.198726530312229, 5.683746404901171 ], [ 1.197974698707242, 5.682653202285451 ], [ 1.197217075957269, 5.681564005108896 ], [ 1.196453683400819, 5.680478844049048 ], [ 1.195684542539425, 5.679397749670045 ], [ 1.194909675036286, 5.678320752421484 ], [ 1.19412910271592, 5.677247882637573 ], [ 1.193342847563372, 5.676179170535988 ], [ 1.192550931723986, 5.675114646217708 ], [ 1.19175337750238, 5.674054339665474 ], [ 1.190950207362221, 5.672998280743343 ], [ 1.190141443925029, 5.671946499195997 ], [ 1.189327109970066, 5.670899024646928 ], [ 1.188507228433707, 5.669855886599009 ], [ 1.18768182240791, 5.668817114432557 ], [ 1.186850915140781, 5.667782737405503 ], [ 1.186014530035266, 5.66675278465118 ], [ 1.185172690648471, 5.665727285178775 ], [ 1.184325420691493, 5.66470626787202 ], [ 1.183472744027654, 5.663689761488399 ], [ 1.18261468467324, 5.662677794658237 ], [ 1.1817512667958, 5.661670395884073 ], [ 1.158415042461684, 5.634588466648552 ], [ 1.157542177871505, 5.633580942722006 ], [ 1.156663953428108, 5.632578087357388 ], [ 1.155780394101043, 5.631579929067698 ], [ 1.154891525011806, 5.630586496232695 ], [ 1.153997371432524, 5.629597817097476 ], [ 1.153097958785793, 5.628613919772306 ], [ 1.15219331264376, 5.627634832231138 ], [ 1.151283458727278, 5.626660582311445 ], [ 1.150368422905046, 5.625691197712911 ], [ 1.149448231193617, 5.624726705997261 ], [ 1.148522909755684, 5.623767134586672 ], [ 1.147592484899917, 5.622812510763652 ], [ 1.146656983080106, 5.621862861670252 ], [ 1.145716430894424, 5.620918214306528 ], [ 1.14477085508463, 5.619978595530824 ], [ 1.143820282535387, 5.619044032058525 ], [ 1.142864740273183, 5.618114550460746 ], [ 1.141904255465931, 5.617190177164389 ], [ 1.140938855422121, 5.616270938451692 ], [ 1.139968567590188, 5.61535686045795 ], [ 1.138993419556925, 5.614447969172545 ], [ 1.138013439047938, 5.613544290436778 ], [ 1.137028653925881, 5.612645849943931 ], [ 1.136039092190174, 5.611752673238698 ], [ 1.135044781976092, 5.610864785715592 ], [ 1.134045751553629, 5.609982212619173 ], [ 1.133042029327214, 5.60910497904257 ], [ 1.132033643834802, 5.608233109927369 ], [ 1.131020623746565, 5.607366630062415 ], [ 1.130002997864665, 5.606505564083534 ], [ 1.128980795122118, 5.605649936472446 ], [ 1.127954044582452, 5.604799771556202 ], [ 1.126922775437833, 5.603955093506784 ], [ 1.125887017009518, 5.603115926340081 ], [ 1.124846798746148, 5.602282293915096 ], [ 1.1238021502229, 5.601454219933828 ], [ 1.12275310114137, 5.600631727939856 ], [ 1.121699681328096, 5.599814841318391 ], [ 1.12064192073359, 5.599003583294973 ], [ 1.119579849432512, 5.59819797693541 ], [ 1.118513497621166, 5.597398045144359 ], [ 1.11744289561841, 5.59660381066584 ], [ 1.1163680738631, 5.595815296081184 ], [ 1.11528906291494, 5.595032523809436 ], [ 1.114205893451981, 5.594255516106671 ], [ 1.113118596271192, 5.593484295064229 ], [ 1.089091703113809, 5.576538098452943 ], [ 1.087997721245358, 5.575770881371625 ], [ 1.086899654409478, 5.575009522322375 ], [ 1.085797533973846, 5.574254043054623 ], [ 1.08469139142278, 5.573504465150165 ], [ 1.083581258355025, 5.572760810021748 ], [ 1.082467166483468, 5.572023098913178 ], [ 1.081349147633659, 5.57129135289847 ], [ 1.080227233744267, 5.570565592881223 ], [ 1.07910145686435, 5.569845839593881 ], [ 1.077971849153528, 5.569132113597504 ], [ 1.076838442881012, 5.568424435280861 ], [ 1.075701270424759, 5.567722824859914 ], [ 1.074560364269587, 5.567027302377426 ], [ 1.073415757007808, 5.566337887702389 ], [ 1.072267481337008, 5.565654600528717 ], [ 1.071115570059192, 5.564977460375871 ], [ 1.069960056081186, 5.564306486587384 ], [ 1.068800972411964, 5.563641698330912 ], [ 1.067638352162817, 5.562983114597216 ], [ 1.066472228545933, 5.562330754199706 ], [ 1.065302634873376, 5.561684635774441 ], [ 1.064129604556911, 5.561044777778704 ], [ 1.062953171105846, 5.560411198491011 ], [ 1.061773368127319, 5.559783916010815 ], [ 1.060590229324191, 5.559162948257551 ], [ 1.059403788494876, 5.558548312970174 ], [ 1.058214079531922, 5.557940027706593 ], [ 1.057021136421724, 5.557338109843613 ], [ 1.055824993242197, 5.556742576576141 ], [ 1.054625684163852, 5.556153444916617 ], [ 1.053423243446389, 5.555570731694218 ], [ 1.052217705439887, 5.554994453555594 ], [ 1.05100910458242, 5.554424626962884 ], [ 1.049797475400055, 5.553861268194225 ], [ 1.048582852504637, 5.553304393342728 ], [ 1.047365270593957, 5.552754018316818 ], [ 1.046144764450673, 5.552210158838477 ], [ 1.044921368940265, 5.551672830444261 ], [ 1.04369511901109, 5.551142048483825 ], [ 1.042466049693132, 5.550617828119812 ], [ 1.04123419609698, 5.550100184327277 ], [ 1.039999593412688, 5.549589131894038 ], [ 1.03876227690813, 5.549084685418848 ], [ 1.037522281930137, 5.548586859311911 ], [ 1.036279643900912, 5.548095667794939 ], [ 1.035034398318487, 5.54761112489939 ], [ 1.033786580755475, 5.547133244467091 ], [ 1.032536226858042, 5.546662040149386 ], [ 1.031283372344205, 5.546197525407138 ], [ 1.030028053004401, 5.545739713510159 ], [ 1.028770304698696, 5.545288617536244 ], [ 1.003770272579402, 5.536397597537075 ], [ 1.002509000078703, 5.53595283488778 ], [ 1.001245366342744, 5.535514825850555 ], [ 0.999979407534397, 5.535083582960112 ], [ 0.998711159882419, 5.534659118557784 ], [ 0.997440659681729, 5.534241444791121 ], [ 0.996167943291312, 5.533830573612818 ], [ 0.994893047133985, 5.533426516781276 ], [ 0.993616007694243, 5.533029285859868 ], [ 0.992336861518822, 5.532638892216198 ], [ 0.991055645213862, 5.532255347022897 ], [ 0.989772395445357, 5.531878661256258 ], [ 0.988487148937168, 5.531508845695839 ], [ 0.987199942470625, 5.531145910925432 ], [ 0.985910812882821, 5.53078986733135 ], [ 0.984619797065761, 5.530440725102665 ], [ 0.983326931966133, 5.530098494231424 ], [ 0.982032254582691, 5.529763184511353 ], [ 0.980735801966659, 5.529434805538301 ], [ 0.979437611219964, 5.529113366710021 ], [ 0.978137719493986, 5.528798877225256 ], [ 0.976836163988992, 5.528491346084081 ], [ 0.975532981952938, 5.528190782087449 ], [ 0.974228210680053, 5.52789719383685 ], [ 0.972921887510381, 5.527610589734081 ], [ 0.97161404982819, 5.527330977981478 ], [ 0.970304735061006, 5.527058366580661 ], [ 0.968993980678817, 5.526792763333162 ], [ 0.967681824192766, 5.526534175840425 ], [ 0.966368303153956, 5.526282611502154 ], [ 0.965053455152997, 5.526038077518024 ], [ 0.963737317817731, 5.525800580886028 ], [ 0.962419928813574, 5.525570128402649 ], [ 0.961101325841526, 5.525346726663031 ], [ 0.959781546637203, 5.525130382060524 ], [ 0.958460628969874, 5.524921100786457 ], [ 0.957138610641664, 5.524718888829966 ], [ 0.955815529486074, 5.524523751977995 ], [ 0.95449142336696, 5.524335695815012 ], [ 0.953166330177282, 5.524154725722951 ], [ 0.951840287838934, 5.52398084688042 ], [ 0.950513334300069, 5.523814064263547 ], [ 0.949185507535788, 5.523654382645589 ], [ 0.819185541682486, 5.508373502561824 ], [ 0.817878440596246, 5.508223344978717 ], [ 0.816570567366114, 5.508080068451193 ], [ 0.815261958216354, 5.507943676947264 ], [ 0.81395264939124, 5.507814174244629 ], [ 0.81264267715477, 5.507691563930393 ], [ 0.811332077789245, 5.507575849400325 ], [ 0.810020887594249, 5.5074670338592 ], [ 0.808709142885789, 5.50736512032114 ], [ 0.807396879995281, 5.507270111608648 ], [ 0.806084135268122, 5.50718201035329 ], [ 0.804770945063922, 5.507100818995298 ], [ 0.803457345753543, 5.507026539783169 ], [ 0.802143373720128, 5.506959174774295 ], [ 0.80082906535614, 5.506898725834731 ], [ 0.799514457064561, 5.506845194638402 ], [ 0.798199585255816, 5.506798582668125 ], [ 0.796884486347608, 5.506758891214758 ], [ 0.694875550950997, 5.503948774348487 ], [ 0.69235432621872, 5.503892044684676 ], [ 0.687991224609277, 5.503853968473663 ], [ 0.683628123, 5.503892044684676 ], [ 0.679266350433579, 5.504006261718871 ], [ 0.674907235548517, 5.504196584785007 ], [ 0.670552106173545, 5.504462955908707 ], [ 0.66620228892242, 5.50480529395071 ], [ 0.661859108792385, 5.505223494631593 ], [ 0.657523888758249, 5.505717430563379 ], [ 0.653197949369314, 5.506286951288189 ], [ 0.64888260834914, 5.506931883324853 ], [ 0.64457918019275, 5.507652030220754 ], [ 0.640288975765145, 5.508447172611795 ], [ 0.636013301904995, 5.509317068290102 ], [ 0.63175346102355, 5.510261452277291 ], [ 0.630428068913545, 5.510579650770467 ], [ 0.45939689677266, 5.514220849369281 ], [ 0.458114578924665, 5.514251440798944 ], [ 0.45683243491078, 5.514288611031873 ], [ 0.455550498482467, 5.514332359089849 ], [ 0.454268803385901, 5.514382683820884 ], [ 0.452987383361233, 5.514439583900355 ], [ 0.451706272140939, 5.514503057830495 ], [ 0.45042550344931, 5.514573103940393 ], [ 0.44914511100194, 5.514649720385989 ], [ 0.447865128504702, 5.514732905150538 ], [ 0.446585589651704, 5.514822656044146 ], [ 0.445306528126594, 5.51491897070423 ], [ 0.444027977599774, 5.515021846595346 ], [ 0.442749971728006, 5.515131281009417 ], [ 0.441472544154465, 5.515247271065334 ], [ 0.44019572850641, 5.515369813710208 ], [ 0.438919558395355, 5.515498905717834 ], [ 0.380037526613592, 5.521607804407324 ], [ 0.378739790751354, 5.521745866674905 ], [ 0.377442793286548, 5.521890701526559 ], [ 0.376146569563502, 5.522042305015987 ], [ 0.374851154905457, 5.522200673011298 ], [ 0.373556584613596, 5.522365801197282 ], [ 0.372262893966365, 5.522537685073644 ], [ 0.370970118217542, 5.522716319956885 ], [ 0.369678292596632, 5.522901700978537 ], [ 0.368387452306877, 5.523093823087152 ], [ 0.367097632525088, 5.52329268104711 ], [ 0.365808868399597, 5.523498269439472 ], [ 0.364521195050486, 5.523710582661408 ], [ 0.363234647568106, 5.523929614927681 ], [ 0.350781532797612, 5.526083195274282 ], [ 0.341865176156318, 5.523003794237923 ], [ 0.250814953123722, 5.487696394727891 ], [ 0.236434790897363, 5.478702367911239 ], [ 0.229632336167015, 5.470414767572947 ], [ 0.228780461918745, 5.469382554250672 ], [ 0.227923074087244, 5.468354916092267 ], [ 0.227060197243873, 5.467331882548876 ], [ 0.226191856117566, 5.466313482938574 ], [ 0.22531807559352, 5.465299746447386 ], [ 0.224438880712739, 5.4642907021273 ], [ 0.223554296672035, 5.4632863788961 ], [ 0.222664348822036, 5.462286805536053 ], [ 0.221769062667136, 5.461292010693455 ], [ 0.220868463865031, 5.460302022877613 ], [ 0.219962578225307, 5.459316870460043 ], [ 0.219051431709545, 5.458336581673734 ], [ 0.21813505042951, 5.457361184612296 ], [ 0.217213460647599, 5.45639070722882 ], [ 0.216286688775028, 5.455425177335997 ], [ 0.215354761371373, 5.454464622604235 ], [ 0.214417705144626, 5.453509070561779 ], [ 0.213475546949212, 5.452558548593288 ], [ 0.212528313786208, 5.45161308393898 ], [ 0.211576032801304, 5.450672703694693 ], [ 0.210618731285706, 5.449737434810174 ], [ 0.209656436674436, 5.448807304088746 ], [ 0.208689176545192, 5.447882338186446 ], [ 0.207716978618237, 5.446962563611748 ], [ 0.206739870754802, 5.446048006723572 ], [ 0.205757880957947, 5.445138693732076 ], [ 0.204771037369767, 5.444234650696444 ], [ 0.203779368271512, 5.443335903525167 ], [ 0.202782902083186, 5.442442477975305 ], [ 0.201781667361729, 5.441554399650784 ], [ 0.200775692801017, 5.440671694002674 ], [ 0.199765007230724, 5.439794386328003 ], [ 0.19874963961604, 5.438922501768786 ], [ 0.197729619055053, 5.438056065312139 ], [ 0.196704974780403, 5.437195101788916 ], [ 0.195675736157, 5.436339635872685 ], [ 0.194641932680724, 5.435489692080012 ], [ 0.193603593979333, 5.434645294768814 ], [ 0.1925607498099, 5.433806468138414 ], [ 0.191513430058251, 5.432973236228293 ], [ 0.190461664739701, 5.43214562291746 ], [ 0.189405483995756, 5.431323651924117 ], [ 0.188344918094913, 5.430507346804632 ], [ 0.187279997431403, 5.429696730953196 ], [ 0.186210752524744, 5.428891827600523 ], [ 0.185137214017061, 5.428092659814183 ], [ 0.184059412674685, 5.427299250497072 ], [ 0.182977379385932, 5.426511622386954 ], [ 0.181891145159966, 5.425729798056182 ], [ 0.180800741126575, 5.424953799910611 ], [ 0.179706198535087, 5.424183650189207 ], [ 0.178607548753632, 5.423419370963018 ], [ 0.177504823267782, 5.422660984135348 ], [ 0.176398053679634, 5.421908511440336 ], [ 0.175287271707646, 5.421161974442612 ], [ 0.174172509185325, 5.420421394536959 ], [ 0.173053798059811, 5.419686792947061 ], [ 0.171931170391815, 5.418958190725846 ], [ 0.170804658354257, 5.418235608753491 ], [ 0.169674294230674, 5.417519067738169 ], [ 0.168540110416245, 5.416808588215133 ], [ 0.167402139414548, 5.416104190545298 ], [ 0.166260413838074, 5.415405894915807 ], [ 0.165114966407145, 5.414713721338899 ], [ 0.163965829948438, 5.414027689650709 ], [ 0.162813037394244, 5.41334781951241 ], [ 0.161656621782072, 5.412674130407538 ], [ 0.160496616252942, 5.412006641643359 ], [ 0.159333054050933, 5.411345372348933 ], [ 0.158165968521757, 5.410690341475288 ], [ 0.156995393112368, 5.410041567794451 ], [ 0.15582136136976, 5.409399069899393 ], [ 0.154643906939611, 5.408762866203119 ], [ 0.153463063566335, 5.408132974938269 ], [ 0.152278865090864, 5.407509414156607 ], [ 0.151091345450368, 5.406892201728226 ], [ 0.149900538677741, 5.406281355341605 ], [ 0.148706478899385, 5.405676892502697 ], [ 0.147509200335264, 5.405078830534592 ], [ 0.146308737297488, 5.404487186576546 ], [ 0.145105124189627, 5.403901977584212 ], [ 0.039550140825725, 5.352928942022857 ], [ 0.038363888805918, 5.352359939357427 ], [ 0.037174658769686, 5.351797187361115 ], [ 0.035982483653925, 5.351240701619361 ], [ 0.034787396475394, 5.350690497544178 ], [ 0.033589430333109, 5.350146590373868 ], [ 0.032388618404809, 5.349608995172105 ], [ 0.03118499394742, 5.349077726827545 ], [ 0.029978590295968, 5.348552800054051 ], [ 0.028769440861879, 5.348034229389611 ], [ 0.027557579132861, 5.347522029196057 ], [ 0.026343038672337, 5.34701621365906 ], [ 0.025125853116947, 5.346516796787455 ], [ 0.023906056177054, 5.346023792412552 ], [ 0.022683681635556, 5.345537214188255 ], [ 0.021458763346288, 5.345057075590546 ], [ 0.020231335233859, 5.344583389917318 ], [ 0.019001431292509, 5.344116170287009 ], [ 0.017769085584519, 5.343655429639625 ], [ 0.016534332240155, 5.343201180735718 ], [ 0.015297205456591, 5.342753436155419 ], [ 0.014057739496138, 5.342312208299404 ], [ -0.126778183174338, 5.292594278923104 ], [ -0.127942492246007, 5.292186482196598 ], [ -0.129108799463722, 5.291784435857608 ], [ -0.130277076426978, 5.291388149696218 ], [ -0.131447294687689, 5.290997633362451 ], [ -0.132619425750306, 5.290612896365531 ], [ -0.133793441072612, 5.290233948074103 ], [ -0.134969312066573, 5.289860797715676 ], [ -0.136147010099194, 5.289493454376611 ], [ -0.137326506492627, 5.289131927002188 ], [ -0.193581649811733, 5.272040891103643 ], [ -0.194809063671698, 5.271671421406324 ], [ -0.19603835576072, 5.271308249820208 ], [ -0.197269493762121, 5.270951385892999 ], [ -0.198502445310623, 5.270600839006022 ], [ -0.199737177993484, 5.270256618374788 ], [ -0.200973659350893, 5.269918733048712 ], [ -0.202211856877284, 5.269587191909977 ], [ -0.20345173802184, 5.269262003674669 ], [ -0.20469327018958, 5.268943176891582 ], [ -0.205936420741864, 5.268630719942394 ], [ -0.207181156997819, 5.268324641041147 ], [ -0.208427446234964, 5.268024948234199 ], [ -0.20967525568966, 5.267731649400275 ], [ -0.210924552558254, 5.267444752249787 ], [ -0.212175303998379, 5.267164264324833 ], [ -0.245366299561454, 5.259810317734093 ], [ -0.247467999826654, 5.259354130388431 ], [ -0.250939022473915, 5.258647942849791 ], [ -0.257086430903883, 5.25374697392931 ], [ -0.300531006497863, 5.20620984547844 ], [ -0.301431660182573, 5.205229602193867 ], [ -0.302337520622018, 5.204254168535726 ], [ -0.303248562132353, 5.203283572160728 ], [ -0.304164758883189, 5.202317840587796 ], [ -0.305086084897425, 5.201357001198403 ], [ -0.306012514053123, 5.200401081235157 ], [ -0.306944020083279, 5.199450107800715 ], [ -0.307880576576906, 5.198504107858355 ], [ -0.308822156980057, 5.197563108229531 ], [ -0.309768734596332, 5.196627135594497 ], [ -0.310720282587226, 5.195696216490774 ], [ -0.311676773973886, 5.194770377312295 ], [ -0.312638181636942, 5.193849644309523 ], [ -0.313604478317757, 5.192934043587911 ], [ -0.314575636618997, 5.192023601107223 ], [ -0.315551629005881, 5.191118342681136 ], [ -0.316532427805839, 5.190218293976386 ], [ -0.317518005210331, 5.18932348051186 ], [ -0.318508333275929, 5.188433927658082 ], [ -0.319503383923404, 5.187549660636307 ], [ -0.320503128940686, 5.186670704518292 ], [ -0.321507539981781, 5.185797084224873 ], [ -0.322516588569215, 5.184928824525514 ], [ -0.323530246093185, 5.184065950038075 ], [ -0.324548483813714, 5.183208485227453 ], [ -0.32557127286077, 5.182356454405237 ], [ -0.326598584235398, 5.181509881728914 ], [ -0.327630388810519, 5.180668791201185 ], [ -0.328666657331382, 5.179833206669514 ], [ -0.329707360416876, 5.179003151824929 ], [ -0.330752468559922, 5.178178650202028 ], [ -0.331801952128956, 5.177359725177894 ], [ -0.332855781367925, 5.176546399971016 ], [ -0.333913926397827, 5.175738697641862 ], [ -0.334976357217329, 5.174936641090881 ], [ -0.336043043703228, 5.174140253058908 ], [ -0.337113955612153, 5.173349556125572 ], [ -0.338189062580398, 5.172564572709348 ], [ -0.339268334125904, 5.171785325067106 ], [ -0.340351739647986, 5.171011835292461 ], [ -0.34143924842931, 5.170244125316174 ], [ -0.342530829635621, 5.169482216904953 ], [ -0.343626452317437, 5.168726131661344 ], [ -0.344726085410912, 5.167975891022081 ], [ -0.345829697738054, 5.16723151625888 ], [ -0.346937258008666, 5.166493028477021 ], [ -0.34804873481994, 5.165760448614435 ], [ -0.349164096658569, 5.165033797442163 ], [ -0.350283311900398, 5.164313095562648 ], [ -0.35140634881293, 5.163598363410074 ], [ -0.352533175554697, 5.162889621248723 ], [ -0.353663760176801, 5.162186889173881 ], [ -0.354798070624156, 5.161490187110019 ], [ -0.355936074735553, 5.160799534810224 ], [ -0.357077740245757, 5.160114951856883 ], [ -0.358223034784714, 5.159436457659694 ], [ -0.359371925880566, 5.158764071455948 ], [ -0.360524380958623, 5.15809781230962 ], [ -0.361680367343638, 5.157437699111199 ], [ -0.362839852260038, 5.156783750576722 ], [ -0.364002802832943, 5.156135985247715 ], [ -0.365169186089702, 5.155494421489891 ], [ -0.366338968959724, 5.154859077493427 ], [ -0.367512118276522, 5.154229971272287 ], [ -0.368688600777887, 5.15360712066331 ], [ -0.369868383107075, 5.152990543326212 ], [ -0.371051431813896, 5.152380256742617 ], [ -0.372237713355673, 5.151776278216062 ], [ -0.373427194097928, 5.151178624870965 ], [ -0.37461984031512, 5.150587313652466 ], [ -0.375815618192973, 5.150002361326074 ], [ -0.377014493827119, 5.149423784476539 ], [ -0.378216433226271, 5.148851599508475 ], [ -0.379421402312005, 5.148285822645107 ], [ -0.380629366920061, 5.147726469927363 ], [ -0.381840292800973, 5.147173557214785 ], [ -0.383054145621713, 5.146627100184048 ], [ -0.384270890966036, 5.146087114328679 ], [ -0.385490494335727, 5.145553614958885 ], [ -0.386712921151457, 5.145026617200699 ], [ -0.38793813675403, 5.144506135996266 ], [ -0.437029099771337, 5.123806020218524 ], [ -0.438249197602204, 5.123295340523384 ], [ -0.439471980172527, 5.122791123056686 ], [ -0.440697413255691, 5.122293381931911 ], [ -0.441925462550387, 5.121802131081438 ], [ -0.443156093682433, 5.121317384255804 ], [ -0.444389272205626, 5.120839155023589 ], [ -0.445624963601688, 5.12036745677068 ], [ -0.446863133282875, 5.119902302700552 ], [ -0.448103746591471, 5.119443705833078 ], [ -0.449346768801604, 5.118991679005035 ], [ -0.450592165120042, 5.118546234868859 ], [ -0.451839900686821, 5.11810738589304 ], [ -0.453089940576831, 5.117675144361385 ], [ -0.454342249800334, 5.117249522372731 ], [ -0.455596793303812, 5.116830531840662 ], [ -0.456853535971618, 5.116418184492943 ], [ -0.458112442626373, 5.116012491871743 ], [ -0.459373478030102, 5.115613465332672 ], [ -0.460636606885146, 5.115221116044836 ], [ -0.461901793835636, 5.114835454990668 ], [ -0.463169003467613, 5.114456492964791 ], [ -0.464438200310781, 5.114084240574982 ], [ -0.465709348839084, 5.11371870824081 ], [ -0.46698241347184, 5.113359906193921 ], [ -0.468257358574931, 5.113007844477409 ], [ -0.469534148461548, 5.112662532946047 ], [ -0.470812747393154, 5.11232398126532 ], [ -0.47209311958045, 5.111992198911366 ], [ -0.473375229184626, 5.111667195171322 ], [ -0.474659040318386, 5.111348979142349 ], [ -0.475944517046571, 5.111037559731358 ], [ -0.477231623387695, 5.11073294565557 ], [ -0.478520323314228, 5.110435145441386 ], [ -0.479810580754304, 5.11014416742421 ], [ -0.481102359592683, 5.109860019749078 ], [ -0.482395623670925, 5.109582710369523 ], [ -0.483690336789664, 5.109312247047569 ], [ -0.484986462708548, 5.109048637353681 ], [ -0.486283965147891, 5.108791888666644 ], [ -0.487582807789408, 5.108542008173117 ], [ -0.48888295427713, 5.108299002867454 ], [ -0.490184368218934, 5.10806287955171 ], [ -0.491487013187054, 5.107833644834955 ], [ -0.492790852719168, 5.107611305133844 ], [ -0.494095850319695, 5.107395866671766 ], [ -0.495401969460545, 5.107187335479068 ], [ -0.49670917358219, 5.106985717392945 ], [ -0.498017426094748, 5.10679101805664 ], [ -0.499326690379121, 5.106603242919846 ], [ -0.500636929787731, 5.106422397238873 ], [ -0.501948107645831, 5.106248486075685 ], [ -0.503260187252295, 5.106081514297955 ], [ -0.504573131880875, 5.105921486579746 ], [ -0.505886904780937, 5.105768407400035 ], [ -0.507201469178995, 5.10562228104402 ], [ -0.508516788278939, 5.105483111601473 ], [ -0.509832825263743, 5.105350902968325 ], [ -0.511149543296483, 5.105225658844972 ], [ -0.512466905521137, 5.105107382737117 ], [ -0.513784875063095, 5.104996077955377 ], [ -0.51510341503166, 5.104891747615454 ], [ -0.516422488519254, 5.104794394637509 ], [ -0.517742058604199, 5.104704021746443 ], [ -0.519062088350154, 5.104620631472244 ], [ -0.520382540808555, 5.104544226148562 ], [ -0.530990914221945, 5.103958546287515 ], [ -0.545023661456923, 5.099133178391867 ], [ -0.54647038519488, 5.097554356477929 ], [ -0.549473860514922, 5.094389353878739 ], [ -0.552532115303052, 5.091277251196857 ], [ -0.555644217984764, 5.088218996408784 ], [ -0.558809220583953, 5.085215521088969 ], [ -0.562026159009747, 5.082267740124223 ], [ -0.564693204652542, 5.079900545570922 ], [ -0.633511144486363, 5.019691658512841 ], [ -0.634515930376324, 5.018817284861655 ], [ -0.635525360520262, 5.017948276949824 ], [ -0.636539406264774, 5.017084659444834 ], [ -0.637558038824864, 5.016226456861375 ], [ -0.638581229285762, 5.015373693560491 ], [ -0.639608948603211, 5.014526393748497 ], [ -0.640641167604372, 5.013684581477037 ], [ -0.641677856988622, 5.01284828064172 ], [ -0.642718987328692, 5.012017514981551 ], [ -0.643764529070779, 5.011192308079103 ], [ -0.644814452536366, 5.010372683358128 ], [ -0.645868727922391, 5.009558664084977 ], [ -0.646927325302102, 5.00875027336599 ], [ -0.647990214626191, 5.007947534148457 ], [ -0.649057365723479, 5.007150469218686 ], [ -0.650128748301938, 5.006359101202236 ], [ -0.651204331949089, 5.005573452562942 ], [ -0.652284086133704, 5.00479354560207 ], [ -0.653367980205644, 5.004019402458141 ], [ -0.654455983397781, 5.003251045105856 ], [ -0.655548064826007, 5.00248849535609 ], [ -0.656644193490308, 5.001731774854193 ], [ -0.657744338276132, 5.000980905080553 ], [ -0.65884846795484, 5.000235907349463 ], [ -0.659956551184393, 4.999496802808324 ], [ -0.661068556511225, 4.998763612437358 ], [ -0.662184452369445, 4.998036357048818 ], [ -0.663304207083627, 4.997315057286698 ], [ -0.664427788868295, 4.996599733625771 ], [ -0.665555165829346, 4.995890406371018 ], [ -0.666686305965413, 4.995187095657741 ], [ -0.667821177167639, 4.994489821449747 ], [ -0.668959747221777, 4.993798603540029 ], [ -0.670101983808252, 4.993113461549569 ], [ -0.671247854503576, 4.992434414926549 ], [ -0.672397326781208, 4.991761482946742 ], [ -0.673550368012343, 4.991094684711584 ], [ -0.674706945466312, 4.990434039149022 ], [ -0.675867026313142, 4.989779565012043 ], [ -0.677030577622304, 4.989131280878667 ], [ -0.678197566365384, 4.988489205150984 ], [ -0.679367959416311, 4.987853356054927 ], [ -0.680541723552437, 4.98722375163976 ], [ -0.681718825455107, 4.986600409777338 ], [ -0.682899231711247, 4.985983348162051 ], [ -0.684082908813821, 4.985372584309403 ], [ -0.685269823163026, 4.984768135556806 ], [ -0.686459941067028, 4.984170019062162 ], [ -0.687653228743272, 4.983578251803522 ], [ -0.68884965231905, 4.982992850578626 ], [ -0.690049177832634, 4.982413832005079 ], [ -0.691251771234647, 4.981841212518304 ], [ -0.692457398387887, 4.981275008373245 ], [ -0.693666025069604, 4.980715235641753 ], [ -0.694877616971723, 4.980161910213837 ], [ -0.696092139702273, 4.979615047795903 ], [ -0.697309558785321, 4.979074663911376 ], [ -0.698529839663706, 4.978540773899397 ], [ -0.6997529476983, 4.978013392915159 ], [ -0.700978848169939, 4.977492535928832 ], [ -0.702207506280217, 4.976978217725502 ], [ -0.703438887152856, 4.97647045290438 ], [ -0.70467295583353, 4.975969255878965 ], [ -0.705909677292084, 4.975474640876541 ], [ -0.707149016422875, 4.97498662193675 ], [ -0.708390938046193, 4.974505212912845 ], [ -0.70963540690866, 4.97403042746987 ], [ -0.71088238768499, 4.973562279085115 ], [ -0.712131844978501, 4.973100781047663 ], [ -0.713383743321742, 4.972645946457192 ], [ -0.714638047178767, 4.97219778822506 ], [ -0.715894720944789, 4.971756319072483 ], [ -0.717153728947551, 4.971321551530878 ], [ -0.718415035449539, 4.970893497941631 ], [ -0.71967860464656, 4.970472170455537 ], [ -0.720944400671783, 4.970057581032279 ], [ -0.722212387593572, 4.969649741440662 ], [ -0.723482529419243, 4.96924866325719 ], [ -0.724754790094721, 4.968854357867258 ], [ -0.726029133505335, 4.968466836463335 ], [ -0.727305523477696, 4.968086110045647 ], [ -0.728583923780377, 4.967712189421547 ], [ -0.729864298124369, 4.967345085205011 ], [ -0.731146610165297, 4.966984807817028 ], [ -0.732430823503421, 4.966631367484013 ], [ -0.733716901685057, 4.966284774238886 ], [ -0.735004808203485, 4.965945037919994 ], [ -0.736294506500428, 4.965612168171162 ], [ -0.737585959966282, 4.965286174441189 ], [ -0.738879131942099, 4.964967065983672 ], [ -0.740173985719935, 4.964654851856949 ], [ -0.741470484543925, 4.964349540923422 ], [ -0.74276859161165, 4.964051141849438 ], [ -0.744068270075331, 4.963759663105918 ], [ -0.745369483041884, 4.963475112966194 ], [ -0.746672193575534, 4.963197499507771 ], [ -0.747976364697479, 4.962926830610854 ], [ -0.749281959387247, 4.962663113958968 ], [ -0.750588940584407, 4.96240635703748 ], [ -0.751897271189307, 4.962156567135082 ], [ -0.753206914063298, 4.961913751342195 ], [ -0.754517832030899, 4.961677916551196 ], [ -0.755829987880816, 4.961449069456705 ], [ -0.757143344365716, 4.961227216554789 ], [ -0.758457864205013, 4.961012364142846 ], [ -0.759773510084642, 4.960804518319776 ], [ -0.761090244658703, 4.960603684985301 ], [ -0.762408030550318, 4.960409869840362 ], [ -0.763726830353107, 4.960223078386775 ], [ -0.765046606631245, 4.960043315926555 ], [ -0.766367321921962, 4.959870587562534 ], [ -0.767688938735205, 4.959704898197913 ], [ -0.769011419555625, 4.959546252535574 ], [ -0.770334726843373, 4.959394655079223 ], [ -0.771658823035239, 4.959250110131848 ], [ -0.772983670545159, 4.959112621796635 ], [ -0.77430923176604, 4.958982193976283 ], [ -0.775635469070551, 4.958858830373231 ], [ -0.776962344812205, 4.958742534488977 ], [ -0.778289821326496, 4.958633309624986 ], [ -0.779617860931467, 4.958531158881499 ], [ -0.881491009496187, 4.950968167625092 ], [ -0.882678885099665, 4.950882825041617 ], [ -0.883867153774418, 4.950803142152381 ], [ -0.885055788554268, 4.950729120765118 ], [ -0.886244762465594, 4.950660762560176 ], [ -0.887434048526416, 4.950598069088414 ], [ -0.970352025921272, 4.946425054761789 ], [ -0.971678469584504, 4.946361830175135 ], [ -0.973005230369949, 4.946305652256854 ], [ -0.974332270842638, 4.946256522591852 ], [ -0.975659553559865, 4.946214442566884 ], [ -0.976987041072221, 4.946179413368668 ], [ -0.978314695924325, 4.946151435985996 ], [ -0.979642480656082, 4.946130511207969 ], [ -0.980970357803699, 4.946116639624961 ], [ -0.982298289901053, 4.946109821628681 ], [ -0.983626239480088, 4.94611005741109 ], [ -0.98495416907258, 4.946117346965821 ], [ -0.9862820412107, 4.946131690087213 ], [ -0.987609818428041, 4.946153086370487 ], [ -0.98893746326155, 4.946181535211849 ], [ -0.99026493825113, 4.946217035808615 ], [ -0.999961509973446, 4.946502124195263 ], [ -1.00464383437486, 4.942799233893368 ], [ -1.005632342563956, 4.942021532522119 ], [ -1.006624750886829, 4.941248814213793 ], [ -1.007621034223746, 4.940481098527187 ], [ -1.008621167357546, 4.939718404894165 ], [ -1.009625124973013, 4.93896075261955 ], [ -1.010632881658921, 4.93820816088072 ], [ -1.030078897080216, 4.923761950717505 ], [ -1.031134133137812, 4.922982317318258 ], [ -1.032193446174745, 4.922208232526771 ], [ -1.033256807015619, 4.921439717662793 ], [ -1.034324186374192, 4.920676793892028 ], [ -1.035395554852585, 4.919919482227272 ], [ -1.036470882944059, 4.919167803525625 ], [ -1.037550141031829, 4.918421778489574 ], [ -1.038633299391904, 4.917681427666082 ], [ -1.039720328192004, 4.916946771445396 ], [ -1.040811197493497, 4.916217830061328 ], [ -1.041905877252418, 4.915494623590121 ], [ -1.043004337319246, 4.914777171949765 ], [ -1.04410654744072, 4.914065494900399 ], [ -1.045212477260179, 4.913359612042484 ], [ -1.04632209631842, 4.912659542817266 ], [ -1.047435374054999, 4.911965306506033 ], [ -1.048552279808234, 4.911276922228808 ], [ -1.049672782816629, 4.91059440894486 ], [ -1.050796852219946, 4.909917785451967 ], [ -1.051924457059329, 4.90924707038522 ], [ -1.053055566278772, 4.908582282217367 ], [ -1.054190148725695, 4.907923439257445 ], [ -1.05532817315185, 4.907270559651465 ], [ -1.056469608214229, 4.906623661380479 ], [ -1.057614422475865, 4.905982762261317 ], [ -1.058762584406622, 4.905347879945168 ], [ -1.059914062384394, 4.904719031917807 ], [ -1.06106882469544, 4.904096235498912 ], [ -1.062226839535867, 4.903479507841041 ], [ -1.063388075012085, 4.902868865930088 ], [ -1.064552499141655, 4.902264326583861 ], [ -1.0657200798546, 4.901665906452649 ], [ -1.066890784993632, 4.901073622017805 ], [ -1.068064582315913, 4.900487489591683 ], [ -1.069241439492941, 4.89990752531736 ], [ -1.070421324112203, 4.899333745168292 ], [ -1.071604203677964, 4.898766164946892 ], [ -1.072790045611669, 4.898204800285498 ], [ -1.105290037074951, 4.882923920201506 ], [ -1.106460871077502, 4.882377106694719 ], [ -1.107634515863936, 4.881836352417793 ], [ -1.108810940077205, 4.881301671818449 ], [ -1.109990112285857, 4.880773079182291 ], [ -1.111172000985221, 4.880250588631725 ], [ -1.112356574597754, 4.879734214126984 ], [ -1.113543801474634, 4.879223969464078 ], [ -1.114733649895413, 4.878719868275766 ], [ -1.115926088070466, 4.878221924030242 ], [ -1.117121084140535, 4.877730150031823 ], [ -1.118318606177809, 4.877244559419125 ], [ -1.1195186221874, 4.876765165166489 ], [ -1.120721100107573, 4.876291980081987 ], [ -1.121926007810885, 4.87582501680788 ], [ -1.123133313105086, 4.875364287820616 ], [ -1.12434298373347, 4.874909805429922 ], [ -1.125554987376688, 4.874461581778291 ], [ -1.126769291652408, 4.874019628841097 ], [ -1.127985864117591, 4.873583958426707 ], [ -1.129204672267974, 4.873154582175175 ], [ -1.178095643074755, 4.856072598731771 ], [ -1.179340155334046, 4.855641454485578 ], [ -1.180586921717975, 4.855216872681751 ], [ -1.181835907622713, 4.854798865104726 ], [ -1.183087078382414, 4.854387443356359 ], [ -1.184340399270411, 4.853982618855866 ], [ -1.185595835500806, 4.85358440283909 ], [ -1.186853352228638, 4.853192806358493 ], [ -1.188112914551596, 4.852807840283106 ], [ -1.189374487510236, 4.852429515297388 ], [ -1.190638036089354, 4.852057841902024 ], [ -1.191903525219004, 4.851692830412901 ], [ -1.193170919775525, 4.851334490960937 ], [ -1.194440184581936, 4.850982833491742 ], [ -1.195711284409981, 4.850637867765897 ], [ -1.196984183979566, 4.850299603357598 ], [ -1.198258847961824, 4.849968049655729 ], [ -1.199535240977809, 4.849643215862443 ], [ -1.200813327601281, 4.849325110993618 ], [ -1.20209307235865, 4.849013743878231 ], [ -1.20337443973051, 4.848709123158471 ], [ -1.204657394152321, 4.848411257288888 ], [ -1.205941900015432, 4.848120154537071 ], [ -1.207227921668334, 4.847835822982461 ], [ -1.208515423417282, 4.847558270516686 ], [ -1.209804369527319, 4.847287504843337 ], [ -1.211094724223813, 4.847023533477511 ], [ -1.212386451692623, 4.846766363745758 ], [ -1.213679516081697, 4.846516002785904 ], [ -1.214973881502033, 4.846272457546775 ], [ -1.21626951202802, 4.846035734787904 ], [ -1.21756637169949, 4.845805841079539 ], [ -1.218864424521826, 4.845582782802637 ], [ -1.220163634467497, 4.845366566147902 ], [ -1.22146396547663, 4.845157197116862 ], [ -1.222765381458544, 4.844954681520164 ], [ -1.224067846291973, 4.844759024978714 ], [ -1.225371323826948, 4.844570232923331 ], [ -1.226675777885475, 4.844388310593672 ], [ -1.227981172261934, 4.84421326303908 ], [ -1.229287470725069, 4.844045095117906 ], [ -1.230594637018498, 4.843883811497847 ], [ -1.231902634861513, 4.843729416655322 ], [ -1.23321142795038, 4.843581914875642 ], [ -1.234520979959541, 4.843441310252615 ], [ -1.235831254542063, 4.843307606688654 ], [ -1.237142215331119, 4.843180807894953 ], [ -1.238453825940837, 4.843060917390687 ], [ -1.239766049967329, 4.842947938503642 ], [ -1.241078850989538, 4.842841874369071 ], [ -1.242392192570662, 4.842742727931352 ], [ -1.243706038258438, 4.842650501942046 ], [ -1.245020351587186, 4.842565198960813 ], [ -1.246335096077871, 4.842486821355408 ], [ -1.247650235239348, 4.842415371301399 ], [ -1.267833678408692, 4.841372143031549 ], [ -1.358823637959517, 4.821759679544186 ], [ -1.451042530788413, 4.798656180364105 ], [ -1.460622511443887, 4.794056662755906 ], [ -1.463172258517147, 4.792850137202663 ], [ -1.467142663183381, 4.791040719551177 ], [ -1.47114404183003, 4.789300870598652 ], [ -1.475175175598395, 4.787631120320157 ], [ -1.479234836566036, 4.7860319773377 ], [ -1.483321788120918, 4.784503928765389 ], [ -1.487434785337939, 4.783047440061864 ], [ -1.491572575358646, 4.781662954888077 ], [ -1.495733897771743, 4.780350894971207 ], [ -1.499917484998093, 4.779111659977275 ], [ -1.504122062676743, 4.777945627389443 ], [ -1.507013960103677, 4.777197731862771 ], [ -1.535502261298461, 4.749328441812338 ], [ -1.536446840436668, 4.74840924737407 ], [ -1.537396252457938, 4.747495045548362 ], [ -1.538350470973683, 4.746585861745075 ], [ -1.539309469462296, 4.745681721234519 ], [ -1.540273221268762, 4.744782649146657 ], [ -1.54124169960653, 4.743888670470312 ], [ -1.542214877557115, 4.742999810053561 ], [ -1.543192728071631, 4.742116092601464 ], [ -1.544175223971422, 4.741237542676402 ], [ -1.545162337948511, 4.740364184697057 ], [ -1.546154042567025, 4.739496042937844 ], [ -1.54715031026268, 4.73863314152851 ], [ -1.548151113345114, 4.737775504452486 ], [ -1.549156423997715, 4.736923155547629 ], [ -1.550166214278363, 4.736076118504059 ], [ -1.551180456120676, 4.735234416864841 ], [ -1.552199121334183, 4.734398074024512 ], [ -1.553222181606088, 4.73356711322873 ], [ -1.554249608500754, 4.732741557573434 ], [ -1.555281373461696, 4.731921430004547 ], [ -1.556317447811637, 4.731106753316794 ], [ -1.557357802753643, 4.730297550153864 ], [ -1.558402409371297, 4.729493843006821 ], [ -1.559451238630913, 4.728695654214391 ], [ -1.560504261380629, 4.727903005961764 ], [ -1.561561448352279, 4.7271159202798 ], [ -1.562622770162363, 4.726334419045259 ], [ -1.563688197311819, 4.725558523979544 ], [ -1.56475770018784, 4.724788256647855 ], [ -1.565831249064388, 4.724023638459698 ], [ -1.56690881410259, 4.723264690666895 ], [ -1.567990365352557, 4.722511434363867 ], [ -1.569075872753046, 4.721763890487296 ], [ -1.570165306132935, 4.721022079814134 ], [ -1.571258635212359, 4.720286022962966 ], [ -1.572355829602657, 4.719555740391797 ], [ -1.573456858808242, 4.718831252398672 ], [ -1.574561692226666, 4.718112579119918 ], [ -1.575670299149749, 4.717399740530709 ], [ -1.576782648764379, 4.716692756444104 ], [ -1.577898710153534, 4.715991646510076 ], [ -1.579018452297078, 4.715296430215631 ], [ -1.5801418440725, 4.714607126883891 ], [ -1.581268854255484, 4.713923755673591 ], [ -1.582399451521951, 4.713246335578617 ], [ -1.583533604447553, 4.71257488542733 ], [ -1.584671281508918, 4.711909423882446 ], [ -1.58581245108536, 4.711249969439905 ], [ -1.586957081458763, 4.710596540428924 ], [ -1.588105140814548, 4.709949155010918 ], [ -1.589256597243661, 4.709307831179899 ], [ -1.606746677190586, 4.699626742664179 ], [ -1.818016466746258, 4.560029122791263 ], [ -1.819120870986694, 4.559303567685106 ], [ -1.820229094825322, 4.558583860201452 ], [ -1.821341107300157, 4.557870020447581 ], [ -1.822456877343882, 4.557162068367177 ], [ -1.82357637378351, 4.55646002373885 ], [ -1.824699565342314, 4.55576390617648 ], [ -1.825826420640738, 4.555073735128701 ], [ -1.826956908195996, 4.554389529877312 ], [ -1.828090996424237, 4.553711309538073 ], [ -1.829228653641621, 4.553039093059169 ], [ -1.830369848063356, 4.552372899220927 ], [ -1.831514547807046, 4.551712746635701 ], [ -1.832662720891392, 4.551058653747248 ], [ -1.833814335238571, 4.550410638829419 ], [ -1.834969358674698, 4.549768719986901 ], [ -1.836127758930388, 4.549132915153393 ], [ -1.837289503641955, 4.548503242092522 ], [ -1.838454560352318, 4.547879718396018 ], [ -1.839622896511798, 4.547262361484115 ], [ -1.840794479479484, 4.546651188604699 ], [ -1.841969276523059, 4.546046216832622 ], [ -1.843147254820963, 4.545447463070161 ], [ -1.844328381462446, 4.544854944045028 ], [ -1.845512623449054, 4.544268676311276 ], [ -1.846699947695186, 4.543688676248166 ], [ -1.847890321028956, 4.543114960059825 ], [ -1.849083710193668, 4.542547543775072 ], [ -1.85028008184787, 4.541986443246344 ], [ -1.851479402567236, 4.541431674149919 ], [ -1.852681638845127, 4.540883251984781 ], [ -1.853886757092653, 4.540341192073186 ], [ -1.855094723641287, 4.539805509559187 ], [ -1.856305504742465, 4.539276219408805 ], [ -1.857519066569466, 4.538753336409513 ], [ -1.858735375216895, 4.538236875169503 ], [ -1.859954396703756, 4.53772685011819 ], [ -1.86117609697277, 4.537223275504516 ], [ -1.862400441891396, 4.536726165397283 ], [ -1.863627397253936, 4.536235533685328 ], [ -1.864856928781364, 4.535751394075703 ], [ -1.866089002122692, 4.535273760094412 ], [ -1.867323582855988, 4.534802645085904 ], [ -1.868560636489292, 4.534338062212043 ], [ -1.869800128461748, 4.533880024452515 ], [ -1.972854287187261, 4.49610697768685 ], [ -1.974101667680429, 4.495653520353301 ], [ -1.975351437983875, 4.4952066917092 ], [ -1.976603562872185, 4.494766504348831 ], [ -1.977858007054124, 4.494332970678897 ], [ -1.979114735172573, 4.493906102918572 ], [ -1.98037371180618, 4.493485913099448 ], [ -1.981634901470557, 4.49307241306451 ], [ -1.982898268618669, 4.492665614468478 ], [ -1.984163777641868, 4.492265528777125 ], [ -1.985431392871646, 4.491872167267047 ], [ -1.986701078579756, 4.491485541025042 ], [ -1.98797279897974, 4.491105660948506 ], [ -1.989246518227901, 4.49073253774435 ], [ -1.990522200423925, 4.490366181929346 ], [ -1.991799809612246, 4.490006603829045 ], [ -1.993079309783127, 4.48965381357857 ], [ -1.994360664873625, 4.489307821121088 ], [ -1.995643838768103, 4.488968636208767 ], [ -1.996928795300164, 4.488636268401535 ], [ -1.998215498252762, 4.488310727067358 ], [ -1.999503911359739, 4.487992021381729 ], [ -2.000793998306847, 4.487680160327216 ], [ -2.002085722732602, 4.487375152694028 ], [ -2.003379048229249, 4.487077007078824 ], [ -2.004673938344126, 4.486785731884822 ], [ -2.005970356580519, 4.486501335321805 ], [ -2.007268266398114, 4.486223825405602 ], [ -2.008567631215101, 4.4859532099577 ], [ -2.009868414408629, 4.485689496605744 ], [ -2.011170579315603, 4.485432692782354 ], [ -2.012474089233763, 4.485182805725685 ], [ -2.013778907423955, 4.484939842479037 ], [ -2.015084997109, 4.484703809890334 ], [ -2.016392321476587, 4.484474714612134 ], [ -2.017700843679108, 4.48425256310162 ], [ -2.0190105268357, 4.484037361620096 ], [ -2.020321334032531, 4.483829116233323 ], [ -2.021633228324106, 4.483627832810498 ], [ -2.022946172734123, 4.483433517024991 ], [ -2.024260130257062, 4.483246174353667 ], [ -2.025575063858355, 4.48306581007671 ], [ -2.053493004118934, 4.479311890910083 ], [ -2.054816378567693, 4.479137542029662 ], [ -2.056140665040459, 4.478970261422376 ], [ -2.05746582578513, 4.478810053857103 ], [ -2.05879182302499, 4.478656923900758 ], [ -2.060118618958995, 4.478510875918857 ], [ -2.061446175763592, 4.478371914074842 ], [ -2.062774455593342, 4.478240042330242 ], [ -2.064103420582683, 4.478115264444057 ], [ -2.065433032845817, 4.477997583973888 ], [ -2.066763254479099, 4.47788700427401 ], [ -2.068094047560976, 4.477783528497071 ], [ -2.069425374154321, 4.477687159592961 ], [ -2.070757196305976, 4.477597900308695 ], [ -2.072089476049143, 4.477515753189039 ], [ -2.073422175404062, 4.477440720575487 ], [ -2.07475525637858, 4.477372804607342 ], [ -2.076088680970145, 4.477312007220689 ], [ -2.077422411166026, 4.477258330148629 ], [ -2.078756408944912, 4.477211774921216 ], [ -2.080090636278044, 4.477172342865913 ], [ -2.081425055129841, 4.477140035106629 ], [ -2.082759627459552, 4.477114852564341 ], [ -2.084094315221705, 4.477096795957095 ], [ -2.08542908036776, 4.477085865799552 ], [ -2.086763884846903, 4.477082062403326 ], [ -2.088098690607296, 4.477085385876933 ], [ -2.089433459597046, 4.477095836125443 ], [ -2.090768153765111, 4.47711341285094 ], [ -2.09210273506261, 4.477138115552691 ], [ -2.093437165444357, 4.477169943526008 ], [ -2.094771406868972, 4.477208895863896 ], [ -2.096105421300422, 4.47725497145592 ], [ -2.097439170709379, 4.477308168988372 ], [ -2.098772617074019, 4.47736848694484 ], [ -2.100105722381386, 4.477435923605753 ], [ -2.101438448627732, 4.477510477048781 ], [ -2.102770757820338, 4.477592145148435 ], [ -2.104102611978647, 4.477680925576806 ], [ -2.105433973134836, 4.477776815802883 ], [ -2.106764803335068, 4.477879813092841 ], [ -2.108095064640622, 4.477989914510772 ], [ -2.109424719129265, 4.47810711691784 ], [ -2.110753728895872, 4.478231416972903 ], [ -2.112082056053737, 4.478362811132627 ], [ -2.113409662735648, 4.478501295651085 ], [ -2.114736511094748, 4.478646866580448 ], [ -2.116062563305888, 4.478799519770973 ], [ -2.11738778156689, 4.478959250870957 ], [ -2.118712128098878, 4.47912605532656 ], [ -2.120035565148271, 4.479299928382943 ], [ -2.12135805498724, 4.479480865083417 ], [ -2.122679559914673, 4.479668860269555 ], [ -2.124000042258047, 4.479863908582558 ], [ -2.125319464373547, 4.480066004461776 ], [ -2.126637788648111, 4.480275142146013 ], [ -2.127954977499144, 4.480491315673419 ], [ -2.129270993377304, 4.480714518881371 ], [ -2.130585798766106, 4.480944745406873 ], [ -2.131899356183794, 4.481181988686785 ], [ -2.133211628184199, 4.481426241957763 ], [ -2.134522577357757, 4.481677498256886 ], [ -2.135832166332648, 4.481935750421599 ], [ -2.137140357775536, 4.482200991089428 ], [ -2.138447114393557, 4.482473212699517 ], [ -2.139752398934093, 4.482752407491034 ], [ -2.141056174186929, 4.483038567504934 ], [ -2.142358402984598, 4.483331684583845 ], [ -2.143659048204029, 4.483631750371501 ], [ -2.144958072766883, 4.483938756313762 ], [ -2.146255439641266, 4.484252693658675 ], [ -2.147551111842631, 4.484573553456642 ], [ -2.148845052434638, 4.48490132656093 ], [ -2.15013722453034, 4.485236003627449 ], [ -2.151427591292929, 4.485577575115315 ], [ -2.152716115937608, 4.485926031287363 ], [ -2.154002761731419, 4.486281362209695 ], [ -2.155287491995637, 4.486643557753155 ], [ -2.156570270105817, 4.487012607592192 ], [ -2.157851059493055, 4.487388501205999 ], [ -2.159129823645401, 4.487771227878966 ], [ -2.160406526108261, 4.488160776700568 ], [ -2.1616811304865, 4.488557136565703 ], [ -2.162953600444041, 4.488960296175208 ], [ -2.164223899706087, 4.489370244035968 ], [ -2.165491992059458, 4.489786968461203 ], [ -2.16675784135424, 4.490210457571322 ], [ -2.168021411504128, 4.49064069929392 ], [ -2.169282666487959, 4.491077681363493 ], [ -2.170541570350508, 4.49152139132309 ], [ -2.17179808720374, 4.491971816523517 ], [ -2.173052181227376, 4.492428944124356 ], [ -2.174303816670317, 4.492892761094083 ], [ -2.175552957851664, 4.493363254210351 ], [ -2.176799569161744, 4.4938404100605 ], [ -2.178043615062279, 4.494324215042354 ], [ -2.179285060089342, 4.494814655363427 ], [ -2.180523868851935, 4.495311717042682 ], [ -2.181760006035006, 4.495815385910362 ], [ -2.182993436399329, 4.496325647607819 ], [ -2.184224124782816, 4.496842487588935 ], [ -2.185452036101822, 4.497365891119898 ], [ -2.186677135351601, 4.497895843279764 ], [ -2.187899387607558, 4.498432328960916 ], [ -2.189118758026666, 4.498975332869577 ], [ -2.190335211847298, 4.499524839525918 ], [ -2.191548714391899, 4.500080833265145 ], [ -2.192759231066134, 4.50064329823698 ], [ -2.193966727361556, 4.501212218407147 ], [ -2.195171168855381, 4.501787577557195 ], [ -2.196372521211913, 4.502369359284842 ], [ -2.197570750183843, 4.502957547005281 ], [ -2.198765821612596, 4.503552123950612 ], [ -2.199957701429412, 4.504153073170983 ], [ -2.201146355657329, 4.504760377534751 ], [ -2.202331750410281, 4.505374019729231 ], [ -2.203513851896048, 4.505993982261032 ], [ -2.204692626415806, 4.506620247456624 ], [ -2.205868040365431, 4.507252797462797 ], [ -2.207040060237205, 4.507891614247171 ], [ -2.208208652619419, 4.508536679598535 ], [ -2.209373784198647, 4.509187975127645 ], [ -2.210535421760142, 4.509845482268133 ], [ -2.211693532188065, 4.510509182275598 ], [ -2.212848082467815, 4.511179056229992 ], [ -2.213999039686314, 4.511855085034824 ], [ -2.215146371032404, 4.512537249418131 ], [ -2.216290043798608, 4.513225529932981 ], [ -2.217430025381759, 4.513919906958733 ], [ -2.218566283283678, 4.51462036069978 ], [ -2.219698785112712, 4.515326871188677 ], [ -2.220827498584185, 4.516039418283924 ], [ -2.221952391520972, 4.516757981672981 ], [ -2.223073431855539, 4.517482540871242 ], [ -2.224190587629494, 4.518213075223571 ], [ -2.225303826996026, 4.518949563904073 ], [ -2.22641311821917, 4.519691985917348 ], [ -2.227518429675797, 4.520440320098999 ], [ -2.228619729856405, 4.521194545115691 ], [ -2.229716987365464, 4.521954639466344 ], [ -2.230810170923348, 4.522720581482645 ], [ -2.231899249365881, 4.523492349329615 ], [ -2.232984191646096, 4.524269921005953 ], [ -2.234064966835263, 4.525053274345169 ], [ -2.235141544122996, 4.525842387015814 ], [ -2.23621389281891, 4.52663723652222 ], [ -2.237281982353124, 4.527437800205291 ], [ -2.238345782276838, 4.528244055242965 ], [ -2.239405262263972, 4.529055978650774 ], [ -2.240460392111459, 4.529873547283103 ], [ -2.241511141740091, 4.530696737832955 ], [ -2.242557481195718, 4.531525526833263 ], [ -2.243599380649812, 4.532359890657517 ], [ -2.244636810400436, 4.533199805519757 ], [ -2.245669740872984, 4.534045247476399 ], [ -2.24669814262154, 4.534896192425947 ], [ -2.2477219863286, 4.535752616110244 ], [ -2.248741242807284, 4.536614494114588 ], [ -2.249755883000944, 4.537481801869092 ], [ -2.250765877984577, 4.538354514649029 ], [ -2.251771198966253, 4.5392326075754 ], [ -2.252771817286259, 4.540116055616295 ], [ -2.25376770442, 4.541004833586499 ], [ -2.254758831976915, 4.541898916149478 ], [ -2.255745171702699, 4.542798277817099 ], [ -2.256726695478903, 4.543702892950648 ], [ -2.25770337532515, 4.544612735762087 ], [ -2.258675183398566, 4.545527780314046 ], [ -2.259642091995374, 4.546448000520741 ], [ -2.260604073551406, 4.547373370149273 ], [ -2.261561100643121, 4.548303862819409 ], [ -2.262513145988066, 4.549239452005281 ], [ -2.263460182445669, 4.550180111035559 ], [ -2.264402183018433, 4.551125813094473 ], [ -2.265339120852332, 4.552076531222497 ], [ -2.26627096923778, 4.553032238316973 ], [ -2.267197701609689, 4.553992907133079 ], [ -2.268119291549453, 4.554958510284507 ], [ -2.269035712785126, 4.555929020244548 ], [ -2.269946939191414, 4.556904409346259 ], [ -2.270852944791955, 4.557884649783887 ], [ -2.271753703758407, 4.558869713613149 ], [ -2.272649190412778, 4.559859572752373 ], [ -2.273539379226861, 4.560854198982952 ], [ -2.274424244823479, 4.56185356395099 ], [ -2.275303761977455, 4.56285763916685 ], [ -2.276177905616237, 4.563866396007029 ], [ -2.280747877145359, 4.569168652425162 ], [ -2.403032355545918, 4.672815704562026 ], [ -2.409656281573518, 4.675749120931357 ], [ -2.419560520200889, 4.677485074764832 ], [ -2.469257852411886, 4.684188995992088 ], [ -2.470571736111594, 4.684369782134411 ], [ -2.471884642245982, 4.684557535930367 ], [ -2.473196533865007, 4.684752252095848 ], [ -2.474507374047676, 4.684953925151206 ], [ -2.47581712590187, 4.685162549420511 ], [ -2.477125752566849, 4.685378119032123 ], [ -2.478433217212739, 4.685600627919314 ], [ -2.479739483043375, 4.685830069819815 ], [ -2.481044513295217, 4.686066438276384 ], [ -2.482348271240198, 4.686309726636864 ], [ -2.48365072018612, 4.686559928053953 ], [ -2.484951823476933, 4.686817035486342 ], [ -2.486251544495474, 4.687081041697923 ], [ -2.48754984666266, 4.687351939258633 ], [ -2.55587694224505, 4.701797981783898 ], [ -2.557088889064175, 4.70205735749289 ], [ -2.558299535121819, 4.702322738301575 ], [ -2.559508850663576, 4.702594117687397 ], [ -2.560716805967616, 4.702871488980634 ], [ -2.561923371345188, 4.703154845364111 ], [ -2.606368245419162, 4.713708834957856 ], [ -2.609089252801198, 4.714371093187083 ], [ -2.612145488041108, 4.715153613428754 ], [ -2.650200669668379, 4.725153559221098 ], [ -2.652997949284384, 4.725905965539482 ], [ -2.781628024210704, 4.761304991284305 ], [ -2.879321298245827, 4.775738603988259 ], [ -2.880525182472638, 4.775919467150231 ], [ -2.881728171701241, 4.7761061905573 ], [ -2.882930237405617, 4.776298769781476 ], [ -2.88413135108118, 4.776497200256756 ], [ -2.885331484246308, 4.776701477277129 ], [ -2.886530608442399, 4.776911595999195 ], [ -2.887728695235012, 4.77712755144006 ], [ -2.888925716214146, 4.777349338479098 ], [ -2.890121642995041, 4.777576951856872 ], [ -2.913176570657583, 4.782023048589622 ], [ -2.914932311856433, 4.782368161217846 ], [ -3.026595355719508, 4.804732252419001 ], [ -3.029477791817385, 4.805327221226378 ], [ -3.032164456857686, 4.805913751771413 ], [ -3.094110577172557, 4.81979468638292 ], [ -3.095362441201132, 4.82007858228917 ], [ -3.096612831038897, 4.820368902258849 ], [ -3.097861713720704, 4.820665638638161 ], [ -3.099109056320401, 4.820968783603803 ], [ -3.100354825953104, 4.821278329163476 ], [ -3.101598989775198, 4.82159426715657 ], [ -3.102841514984959, 4.821916589253419 ], [ -3.10408236882472, 4.822245286956218 ], [ -3.105321518580126, 4.822580351599299 ], [ -3.106558931582072, 4.822921774348913 ], [ -3.107794575207265, 4.82326954620379 ], [ -3.109028416878857, 4.823623657995086 ], [ -3.110260424067917, 4.823984100387065 ], [ -3.111490564293149, 4.824350863876873 ], [ -3.112718805123279, 4.824723938795046 ], [ -3.113945114176602, 4.825103315305853 ], [ -3.115169459122569, 4.825488983407411 ], [ -3.116391807682533, 4.825880932931796 ], [ -3.117612127629855, 4.826279153545613 ], [ -3.150947962480245, 4.837252238299357 ], [ -3.153328151687845, 4.838048985326282 ], [ -3.172350998224317, 4.844523088056292 ], [ -3.206360827381673, 4.852598035609219 ], [ -3.20908935310473, 4.853262079039609 ], [ -3.213313640480351, 4.854354554036092 ], [ -3.217518218159, 4.855520586623925 ], [ -3.221701805385464, 4.856759821617629 ], [ -3.225863127798505, 4.858071881534727 ], [ -3.230000917819098, 4.859456366708685 ], [ -3.234113915036176, 4.860912855412039 ], [ -3.238200866591228, 4.862440903984123 ], [ -3.242260527558642, 4.864040046966807 ], [ -3.246291661327007, 4.865709797245302 ], [ -3.250293039973826, 4.867449646197826 ], [ -3.254263444640117, 4.869259063849483 ], [ -3.258201665902106, 4.87113749903375 ], [ -3.260063164206315, 4.872065607851653 ], [ -3.263197547498805, 4.871597171129849 ], [ -3.267523486887626, 4.871027650405267 ], [ -3.271858706922046, 4.870533714473254 ], [ -3.276201887051911, 4.870115513792427 ], [ -3.280551704302866, 4.869773175750424 ], [ -3.284906833678178, 4.869506804626667 ], [ -3.289265948563241, 4.869316481560588 ], [ -3.289365875602414, 4.869313012038674 ], [ -3.341511874697346, 4.867512914507358 ], [ -3.342816897348712, 4.867471276350614 ], [ -3.344122119666054, 4.867436454541519 ], [ -3.345427506047088, 4.867408450030098 ], [ -3.346733020884585, 4.867387263580042 ], [ -3.348038628567622, 4.867372895769279 ], [ -3.349344293483512, 4.867365346989686 ], [ -3.350649980017181, 4.867364617447379 ], [ -3.351955652553386, 4.867370707162252 ], [ -3.353261275477223, 4.867383615967867 ], [ -3.354566813174984, 4.867403343512422 ], [ -3.355872230035629, 4.867429889257608 ], [ -3.357177490450852, 4.867463252479467 ], [ -3.358482558817286, 4.867503432267995 ], [ -3.359787399536344, 4.867550427527078 ], [ -3.361091977015633, 4.867604236974842 ], [ -3.362396255670376, 4.867664859143417 ], [ -3.363700199923414, 4.867732292379515 ], [ -3.365003774207196, 4.867806534843567 ], [ -3.366306942963661, 4.867887584510299 ], [ -3.367609670646289, 4.8679754391693 ], [ -3.368911921720724, 4.868070096423821 ], [ -3.370213660665001, 4.868171553691809 ], [ -3.37151485197171, 4.868279808206296 ], [ -3.37281546014782, 4.868394857013925 ], [ -3.374115449717124, 4.868516696976599 ], [ -3.375414785219164, 4.868645324771251 ], [ -3.376713431211954, 4.868780736888652 ], [ -3.378011352272438, 4.868922929635687 ], [ -3.379308512996886, 4.869071899133587 ], [ -3.380604878002657, 4.869227641318957 ], [ -3.381900411928711, 4.869390151943264 ], [ -3.430654422437101, 4.875635172740658 ], [ -3.431947448832034, 4.87580422844519 ], [ -3.433239575823848, 4.875980026413572 ], [ -3.43453076825682, 4.876162561862373 ], [ -3.435820991000071, 4.87635182982541 ], [ -3.437110208949321, 4.876547825152954 ], [ -3.438398387027405, 4.876750542512639 ], [ -3.439685490185866, 4.876959976388775 ], [ -3.440971483405065, 4.877176121083096 ], [ -3.442256331696001, 4.877398970714637 ], [ -3.443540000100484, 4.877628519220195 ], [ -3.444822453692495, 4.877864760354385 ], [ -3.446103657578988, 4.878107687689351 ], [ -3.447383576901132, 4.878357294615569 ], [ -3.448662176835001, 4.878613574341898 ], [ -3.449939422592479, 4.878876519895414 ], [ -3.451215279422172, 4.879146124121803 ], [ -3.45248971261077, 4.879422379685877 ], [ -3.453762687483561, 4.879705279071175 ], [ -3.455034169405451, 4.879994814580527 ], [ -3.456304123782161, 4.880290978336291 ], [ -3.457572516060623, 4.880593762280512 ], [ -3.458839311730515, 4.880903158174988 ], [ -3.460104476325, 4.881219157601834 ], [ -3.48760449489231, 4.888164067316325 ], [ -3.488864894638766, 4.888485861762376 ], [ -3.490123602928804, 4.888814210094154 ], [ -3.491380585683601, 4.889149103421801 ], [ -3.492635808870659, 4.889490532678224 ], [ -3.493889238505517, 4.889838488619262 ], [ -3.495140840652027, 4.890192961824539 ], [ -3.496390581423782, 4.890553942696386 ], [ -3.497638426984622, 4.890921421461883 ], [ -3.498884343549491, 4.891295388171216 ], [ -3.500128297386027, 4.891675832699718 ], [ -3.501370254814333, 4.892062744747022 ], [ -3.502610182209651, 4.892456113837568 ], [ -3.503848046000769, 4.892855929321172 ], [ -3.50508381267349, 4.893262180372858 ], [ -3.506317448769892, 4.893674855993652 ], [ -3.507548920890144, 4.894093945010468 ], [ -3.511175141060107, 4.895338540017576 ], [ -3.540925456915033, 4.899103406865549 ], [ -3.575520119331145, 4.902644420160755 ], [ -3.576794838202488, 4.902778199611419 ], [ -3.578068854452169, 4.902918512610995 ], [ -3.579342134592935, 4.903065355471369 ], [ -3.580614645156743, 4.903218724333158 ], [ -3.581886352695619, 4.90337861516457 ], [ -3.583157223783019, 4.903545023763115 ], [ -3.584427225014224, 4.903717945755034 ], [ -3.585696323007312, 4.903897376594671 ], [ -3.586964484404461, 4.904083311565898 ], [ -3.588231675871782, 4.90427574578132 ], [ -3.589497864101759, 4.904474674183064 ], [ -3.590763015812456, 4.904680091542104 ], [ -3.592027097749622, 4.90489199245917 ], [ -3.593290076686969, 4.905110371364344 ], [ -3.594551919427317, 4.905335222517863 ], [ -3.595812592803213, 4.905566540009261 ], [ -3.597072063678013, 4.905804317758395 ], [ -3.598330298946621, 4.906048549515333 ], [ -3.717332020267236, 4.929464273732378 ], [ -3.781290243350156, 4.941391587174337 ], [ -3.799866293109744, 4.941618790335156 ], [ -3.801182413090828, 4.941638353131168 ], [ -3.802498411830925, 4.941664845084688 ], [ -3.803814252849406, 4.941698265461014 ], [ -3.805129899670021, 4.941738613334167 ], [ -3.806445315821861, 4.941785887585354 ], [ -3.807760464840612, 4.941840086904165 ], [ -3.809075310268895, 4.941901209788114 ], [ -3.810389815658311, 4.941969254542869 ], [ -3.811703944569501, 4.942044219282366 ], [ -3.813017660573792, 4.942126101928068 ], [ -3.814330927253593, 4.942214900210388 ], [ -3.81564370820422, 4.942310611668006 ], [ -3.816955967034346, 4.942413233647187 ], [ -3.818267667366513, 4.942522763303486 ], [ -3.819578772839861, 4.94263919760067 ], [ -3.82088924710888, 4.942762533310884 ], [ -3.822199053846475, 4.942892767015394 ], [ -3.823508156743401, 4.943029895103678 ], [ -3.824816519510307, 4.943173913774785 ], [ -3.826124105878193, 4.943324819036206 ], [ -3.827430879599603, 4.943482606704663 ], [ -3.828736804449761, 4.943647272406338 ], [ -3.830041844227139, 4.943818811576421 ], [ -3.831345962754995, 4.943997219459732 ], [ -3.832649123882049, 4.944182491110553 ], [ -3.833951291483288, 4.944374621393081 ], [ -3.835252429461775, 4.944573604981258 ], [ -3.836552501748713, 4.94477943635917 ], [ -3.837851472305033, 4.94499210982093 ], [ -3.839149305122078, 4.945211619471024 ], [ -3.840445964222738, 4.945437959224591 ], [ -3.841741413662589, 4.945671122807255 ], [ -3.843035617530575, 4.945911103755236 ], [ -3.844328539950368, 4.94615789541632 ], [ -3.845620145080886, 4.946411490949117 ], [ -3.846910397117654, 4.946671883323802 ], [ -3.848199260293995, 4.946939065322113 ], [ -3.849486698881378, 4.947213029537522 ], [ -3.850772677190832, 4.947493768375409 ], [ -3.85205715957386, 4.947781274053511 ], [ -3.853340110423687, 4.94807553860187 ], [ -3.854621494175603, 4.948376553863284 ], [ -3.855901275308781, 4.948684311493366 ], [ -3.857179418346277, 4.948998802960716 ], [ -3.986533909455034, 4.981188299516759 ], [ -4.160586845537182, 4.956503948891225 ], [ -4.16184493085342, 4.956328785264134 ], [ -4.163103889913771, 4.956160016061972 ], [ -4.164363690217783, 4.95599764564156 ], [ -4.165624299243177, 4.955841678194815 ], [ -4.166885684446754, 4.955692117747901 ], [ -4.168147813265477, 4.95554896816185 ], [ -4.169410653117268, 4.955412233132165 ], [ -4.17067417140106, 4.955281916188653 ], [ -4.171938335498794, 4.955158020695308 ], [ -4.173203112775752, 4.955040549850878 ], [ -4.174468470580905, 4.954929506687733 ], [ -4.17573437624884, 4.954824894072487 ], [ -4.177000797099652, 4.954726714705771 ], [ -4.178267700440017, 4.954634971122232 ], [ -4.179535053564621, 4.954549665690195 ], [ -4.180802823756267, 4.954470800611602 ], [ -4.182070978286902, 4.954398377922814 ], [ -4.183339484418525, 4.954332399493126 ], [ -4.22543055243608, 4.95225033473838 ], [ -4.229057005159973, 4.95209733101882 ], [ -4.232642281579103, 4.951997874287088 ], [ -4.256430543657245, 4.951508722513438 ], [ -4.334865454947646, 4.94791820741932 ], [ -4.589576784737801, 4.929257162616011 ], [ -4.593845543848261, 4.928155174195524 ], [ -4.639016810611508, 4.913975666191106 ], [ -4.640242976683851, 4.913594222579491 ], [ -4.641471085862804, 4.913219082191574 ], [ -4.642701105746085, 4.912850254924933 ], [ -4.643933003881273, 4.912487750510309 ], [ -4.645166747766325, 4.912131578512287 ], [ -4.646402304850369, 4.91178174832794 ], [ -4.647639642534841, 4.911438269186988 ], [ -4.648878728174395, 4.911101150151694 ], [ -4.650119529077188, 4.910770400116519 ], [ -4.651362012506127, 4.91044602780795 ], [ -4.652606145680124, 4.910128041783935 ], [ -4.653851895774153, 4.909816450434448 ], [ -4.655099229920779, 4.909511261980185 ], [ -4.656348115210619, 4.909212484473301 ], [ -4.657598518693533, 4.908920125796612 ], [ -4.658850407379134, 4.908634193663545 ], [ -4.660103748238214, 4.908354695618073 ], [ -4.661358508202341, 4.908081639034492 ], [ -4.662614654166987, 4.907815031117025 ], [ -4.663872152989939, 4.907554878899589 ], [ -4.703318059996036, 4.899499869925648 ], [ -4.704606950161917, 4.899240202175065 ], [ -4.705897188129939, 4.898987316456783 ], [ -4.707188738213802, 4.898741219765668 ], [ -4.708481564690885, 4.898501918907982 ], [ -4.709775631803382, 4.898269420502572 ], [ -4.711070903759492, 4.898043730980191 ], [ -4.712367344733252, 4.897824856583043 ], [ -4.713664918867323, 4.897612803364666 ], [ -4.714963590272134, 4.89740757719045 ], [ -4.7162633230285, 4.897209183736436 ], [ -4.71756408118739, 4.897017628490289 ], [ -4.718865828771754, 4.896832916749815 ], [ -4.72016852977697, 4.896655053623988 ], [ -4.721472148172097, 4.896484044032263 ], [ -4.722776647900673, 4.896319892704526 ], [ -4.724081992882191, 4.896162604180972 ], [ -4.725388147012552, 4.896012182811944 ], [ -4.750106211907905, 4.893231402606716 ], [ -4.75192276855995, 4.893033760144135 ], [ -4.756265948690043, 4.892615559463309 ], [ -4.760615765941054, 4.892273221421306 ], [ -4.764970895316083, 4.892006850297548 ], [ -4.76712363710817, 4.89191285956133 ], [ -4.808318915821246, 4.886697608897293 ], [ -4.811703752415724, 4.88629252241077 ], [ -4.865876663342192, 4.88018362372128 ], [ -4.867205451037705, 4.880037377542237 ], [ -4.868535001747603, 4.879898238782687 ], [ -4.869865277456029, 4.879766211420872 ], [ -4.871196240126494, 4.879641299232162 ], [ -4.872527851702444, 4.879523505788029 ], [ -4.873860074109245, 4.879412834456559 ], [ -4.87519286925459, 4.879309288402112 ], [ -4.876526199029797, 4.879212870585491 ], [ -4.877860025310781, 4.87912358376343 ], [ -4.879194309959701, 4.879041430489224 ], [ -4.880529014825242, 4.878966413111471 ], [ -4.881864101743872, 4.878898533775384 ], [ -4.883199532541653, 4.878837794421941 ], [ -4.884535269034529, 4.878784196787478 ], [ -4.885871273029693, 4.878737742404951 ], [ -4.887207506326774, 4.878698432602391 ], [ -4.888543930718811, 4.878666268503821 ], [ -4.889880507993269, 4.878641251028967 ], [ -4.891217199933521, 4.878623380893202 ], [ -4.892553968319191, 4.87861265860721 ], [ -4.893890774928423, 4.878609084477773 ], [ -4.945836781813114, 4.878609084477773 ], [ -4.947130916441154, 4.878612378782691 ], [ -4.948425016583315, 4.878622384308017 ], [ -4.949719047435849, 4.87863910078471 ], [ -4.951012974197567, 4.878662527763311 ], [ -4.952306762069782, 4.878692664613652 ], [ -4.953600376257725, 4.878729510525204 ], [ -4.954893781970839, 4.878773064507186 ], [ -4.956186944424587, 4.878823325388112 ], [ -4.957479828841088, 4.878880291816301 ], [ -4.958772400449448, 4.878943962259825 ], [ -4.960064624487586, 4.879014335006218 ], [ -4.961356466202517, 4.879091408162935 ], [ -4.962647890851713, 4.879175179657238 ], [ -4.963938863704129, 4.879265647236082 ], [ -4.965229350040147, 4.879362808466453 ], [ -4.966519315153732, 4.879466660735432 ], [ -4.967808724352949, 4.879577201249788 ], [ -4.970787875162387, 4.87902504828395 ], [ -4.975091303319061, 4.878304901388219 ], [ -4.979406644339122, 4.877659969351726 ], [ -4.983732583727829, 4.877090448626745 ], [ -4.988067803762306, 4.87659651269496 ], [ -4.992410983892171, 4.876178312014133 ], [ -4.995012076905482, 4.875964420768412 ], [ -5.3155300202597, 4.851291450512406 ], [ -5.316701186182627, 4.851204062684019 ], [ -5.317872749702417, 4.851122177575235 ], [ -5.319044684964524, 4.851045796992992 ], [ -5.320216966106329, 4.850974922622981 ], [ -5.321389567257711, 4.850909556029421 ], [ -5.322562462541384, 4.850849698654542 ], [ -5.368126488330347, 4.848631679430071 ], [ -5.371557014546511, 4.848488290301759 ], [ -5.373361110591873, 4.848431809756562 ], [ -5.393361169814625, 4.847877933593111 ], [ -5.394632898113628, 4.84784595257014 ], [ -5.39590477268365, 4.847820443156877 ], [ -5.397176760592231, 4.847801406014014 ], [ -5.398448828903554, 4.84778884163444 ], [ -5.399720944679984, 4.847782750343413 ], [ -5.400993074982352, 4.847783132298673 ], [ -5.402265186871603, 4.847789987490273 ], [ -5.403537247408849, 4.847803315740975 ], [ -5.404809223656287, 4.847823116705229 ], [ -5.414924849976785, 4.848006331666795 ], [ -5.448213747674629, 4.843805118590012 ], [ -5.775604912283825, 4.79296099813962 ], [ -5.799873333539892, 4.787741482473336 ], [ -5.820836991203464, 4.781950245692713 ], [ -5.870149203707399, 4.763767939426998 ], [ -5.928116795757774, 4.741119579381461 ], [ -5.929862511381032, 4.739827817772323 ], [ -5.933414715366382, 4.737294055293717 ], [ -5.937010598586369, 4.734822673227086 ], [ -5.94064906570037, 4.732414424379442 ], [ -5.944329008395755, 4.730070042326872 ], [ -5.948049305726556, 4.727790241190576 ], [ -5.951808824454019, 4.725575715419779 ], [ -5.955606419392552, 4.723427139581133 ], [ -5.959440933757662, 4.721345168151402 ], [ -5.963311199519126, 4.719330435318739 ], [ -5.967216037756771, 4.717383554791184 ], [ -5.971154259018874, 4.715505119606689 ], [ -5.971330223872826, 4.715423149004494 ], [ -6.109521320808028, 4.651114170177721 ], [ -6.11073331868522, 4.650554084019291 ], [ -6.111948290471673, 4.650000478638901 ], [ -6.11316620151382, 4.649453369826631 ], [ -6.114387017074364, 4.648912773187192 ], [ -6.115610702332674, 4.648378704139532 ], [ -6.116837222386778, 4.647851177916436 ], [ -6.118066542253757, 4.647330209564245 ], [ -6.119298626870659, 4.646815813941998 ], [ -6.120533441095574, 4.646308005721437 ], [ -6.121770949709287, 4.64580679938615 ], [ -6.12301111741499, 4.645312209231918 ], [ -6.124253908840672, 4.644824249365456 ], [ -6.125499288539061, 4.644342933704138 ], [ -6.126747220989614, 4.643868275976615 ], [ -6.127997670598234, 4.64340028972066 ], [ -6.129250601699255, 4.642938988284698 ], [ -6.130505978556812, 4.64248438482565 ], [ -6.131763765364497, 4.642036492310012 ], [ -6.133023926247631, 4.641595323512718 ], [ -6.134286425263781, 4.641160891016682 ], [ -6.135551226403607, 4.640733207213088 ], [ -6.136818293592114, 4.64031228430008 ], [ -6.138087590690134, 4.639898134283555 ], [ -6.13935908149432, 4.639490768975691 ], [ -6.140632729739139, 4.639090199995735 ], [ -6.141908499097383, 4.638696438768704 ], [ -6.143186353181193, 4.638309496525494 ], [ -6.144466255543534, 4.637929384302367 ], [ -6.145748169678711, 4.637556112941184 ], [ -6.147032059023843, 4.637189693088487 ], [ -6.148317886959717, 4.636830135194998 ], [ -6.149605616811527, 4.636477449516462 ], [ -6.1843606755113, 4.627058369615725 ], [ -6.185560290998353, 4.626736454690615 ], [ -6.186761491022423, 4.626420503684983 ], [ -6.187964245934097, 4.626110524397745 ], [ -6.189168526045194, 4.625806524480083 ], [ -6.190374301630243, 4.625508511435953 ], [ -6.191581542926599, 4.625216492621121 ], [ -6.192790220135578, 4.62493047524373 ], [ -6.194000303423195, 4.624650466363619 ], [ -6.195211762920451, 4.624376472891981 ], [ -6.208236484024781, 4.621464687622563 ], [ -6.246548499832784, 4.610580449197187 ], [ -6.327319856611325, 4.586324836802646 ], [ -6.4388041184597, 4.545429060915694 ], [ -6.439759269251567, 4.544633500425107 ], [ -6.440718414345781, 4.543842760128086 ], [ -6.441681529417451, 4.54305686007848 ], [ -6.44264859004079, 4.542275820207692 ], [ -6.443619571690249, 4.541499660323552 ], [ -6.444594449740634, 4.540728400110538 ], [ -6.445573199467674, 4.539962059128584 ], [ -6.446555796049722, 4.539200656812966 ], [ -6.447542214566568, 4.538444212473621 ], [ -6.448532430001819, 4.537692745294862 ], [ -6.449526417242623, 4.536946274334582 ], [ -6.450524151080174, 4.536204818524254 ], [ -6.451525606210737, 4.535468396667966 ], [ -6.471252583027422, 4.521032412426905 ], [ -6.472328464091675, 4.520249482381303 ], [ -6.473408496972922, 4.51947228967947 ], [ -6.474492651076048, 4.518700856337546 ], [ -6.475580895689234, 4.517935204208641 ], [ -6.476673199984589, 4.517175354982271 ], [ -6.477769533019341, 4.516421330183391 ], [ -6.478869863736634, 4.515673151171995 ], [ -6.479974160966208, 4.514930839142551 ], [ -6.481082393425709, 4.5141944151232 ], [ -6.482194529721028, 4.513463899975307 ], [ -6.483310538347439, 4.512739314393002 ], [ -6.48443038769085, 4.512020678902331 ], [ -6.485554046028142, 4.511308013860855 ], [ -6.486681481528365, 4.510601339456684 ], [ -6.487812662253305, 4.509900675708707 ], [ -6.488947556159246, 4.509206042465337 ], [ -6.490086131096689, 4.508517459404004 ], [ -6.491228354812222, 4.507834946031096 ], [ -6.492374194948695, 4.507158521680594 ], [ -6.493523619047153, 4.506488205514302 ], [ -6.494676594546263, 4.505824016521046 ], [ -6.495833088784821, 4.505165973515886 ], [ -6.496993069001633, 4.504514095139939 ], [ -6.498156502336769, 4.503868399859584 ], [ -6.499323355832473, 4.503228905966012 ], [ -6.500493596434069, 4.50259563157465 ], [ -6.501667190991157, 4.501968594625339 ], [ -6.502844106258181, 4.501347812880226 ], [ -6.504024308895282, 4.500733303925244 ], [ -6.505207765469891, 4.500125085168122 ], [ -6.506394442456894, 4.49952317383827 ], [ -6.50758430624029, 4.498927586986781 ], [ -6.508777323113407, 4.498338341485464 ], [ -6.509973459280502, 4.497755454026276 ], [ -6.511172680857669, 4.49717894112149 ], [ -6.51237495387312, 4.496608819102391 ], [ -6.513580244269122, 4.496045104119446 ], [ -6.514788517901934, 4.495487812141732 ], [ -6.515999740543748, 4.494936958955918 ], [ -6.517213877883137, 4.494392560166546 ], [ -6.518430895525967, 4.493854631195688 ], [ -6.519650758996306, 4.49332318728159 ], [ -6.520873433738359, 4.492798243479001 ], [ -6.522098885115724, 4.492279814658616 ], [ -6.523327078414241, 4.491767915506216 ], [ -6.524557978841187, 4.491262560523069 ], [ -6.525791551528187, 4.490763764024962 ], [ -6.527027761530235, 4.490271540141578 ], [ -6.528266573828091, 4.489785902816777 ], [ -6.529507953328618, 4.489306865807578 ], [ -6.530751864866033, 4.488834442684379 ], [ -6.53199827320293, 4.488368646829713 ], [ -6.533247143031019, 4.487909491438643 ], [ -6.534498438972207, 4.487456989518478 ], [ -6.535752125579961, 4.487011153887295 ], [ -6.537008167339764, 4.486571997174678 ], [ -6.627563232015063, 4.455180931504628 ], [ -6.628788929661937, 4.4547595972046 ], [ -6.630016795183622, 4.454344623018528 ], [ -6.631246795577681, 4.453936020099945 ], [ -6.632478897784438, 4.453533799431057 ], [ -6.633713068687882, 4.453137971822855 ], [ -6.634949275116298, 4.452748547914268 ], [ -6.63618748384323, 4.452365538171932 ], [ -6.637427661588617, 4.451988952890247 ], [ -6.638669775019139, 4.451618802191376 ], [ -6.639913790749745, 4.451255096023601 ], [ -6.641159675344056, 4.450897844162796 ], [ -6.642407395315502, 4.450547056211008 ], [ -6.643656917128283, 4.450202741596684 ], [ -6.644908207198228, 4.449864909574273 ], [ -6.646161231893245, 4.449533569223718 ], [ -6.647415957535031, 4.449208729450845 ], [ -6.648672350399465, 4.448890398986464 ], [ -6.649930376717521, 4.448578586386759 ], [ -6.651190002676344, 4.448273300032497 ], [ -6.652451194420166, 4.447974548128911 ], [ -6.653713918050812, 4.447682338705874 ], [ -6.65497813962935, 4.447396679617498 ], [ -6.656243825176205, 4.447117578541338 ], [ -6.657510940672807, 4.446845042979078 ], [ -6.658779452061935, 4.446579080256129 ], [ -6.695724366791524, 4.438932940519805 ], [ -6.697034890652958, 4.43866536774857 ], [ -6.698346827331193, 4.438404810401494 ], [ -6.699660139272339, 4.438151275937003 ], [ -6.700974788882263, 4.437904771612637 ], [ -6.702290738529427, 4.43766530448454 ], [ -6.703607950544267, 4.437432881407346 ], [ -6.704926387221803, 4.437207509034465 ], [ -6.70624601082153, 4.436989193816999 ], [ -6.707566783569064, 4.436777942004369 ], [ -6.708888667657277, 4.436573759643579 ], [ -6.710211625247155, 4.436376652579384 ], [ -6.711535618468702, 4.436186626453889 ], [ -6.712860609422478, 4.436003686706954 ], [ -6.714186560180906, 4.435827838574824 ], [ -6.715513432788157, 4.435659087091437 ], [ -6.716841189262539, 4.435497437087349 ], [ -6.718169791596893, 4.435342893189443 ], [ -6.719499201759731, 4.435195459822069 ], [ -6.720829381696774, 4.435055141205112 ], [ -6.722160293331399, 4.434921941355356 ], [ -6.723491898566067, 4.434795864085686 ], [ -6.724824159283628, 4.434676913005035 ], [ -6.726157037347946, 4.43456509151838 ], [ -6.727490494605149, 4.434460402826573 ], [ -6.72882449288511, 4.434362849926572 ], [ -6.730158994001727, 4.434272435610524 ], [ -6.731493959755198, 4.434189162466794 ], [ -6.732829351931684, 4.434113032878827 ], [ -6.734165132305463, 4.434044049026056 ], [ -6.735501262639843, 4.433982212883109 ], [ -6.7368377046879, 4.433927526220089 ], [ -6.738174420194014, 4.433879990602122 ], [ -6.739511370894377, 4.433839607390325 ], [ -6.740848518518817, 4.433806377740552 ], [ -6.742185824791193, 4.43378030260368 ], [ -6.743523251431213, 4.43376138272663 ], [ -6.744860760154893, 4.433749618650495 ], [ -6.746198312675631, 4.433745010712471 ], [ -6.747535870706201, 4.43374755904415 ], [ -6.748873395958697, 4.433757263572545 ], [ -6.772327897068465, 4.433990188077473 ], [ -6.88559297537995, 4.346699983765063 ], [ -6.886637908889156, 4.345899059740361 ], [ -6.887687045794621, 4.345103649729083 ], [ -6.888740356999676, 4.34431377579142 ], [ -6.889797813291921, 4.343529459833292 ], [ -6.890859385344129, 4.342750723606855 ], [ -6.891925043714821, 4.341977588709597 ], [ -6.892994758848999, 4.341210076583593 ], [ -6.894068501079573, 4.340448208514488 ], [ -6.895146240627412, 4.339692005632344 ], [ -6.896227947602711, 4.338941488909086 ], [ -6.897313592005617, 4.338196679159751 ], [ -6.89840314372691, 4.337457597040668 ], [ -6.89949657254931, 4.336724263049462 ], [ -6.900593848147594, 4.335996697524308 ], [ -6.901694940090294, 4.335274920643201 ], [ -6.902799817839934, 4.334558952424061 ], [ -6.903908450753761, 4.333848812723431 ], [ -6.905020808085169, 4.333144521235909 ], [ -6.906136858984439, 4.332446097494653 ], [ -6.907256572498966, 4.331753560869288 ], [ -6.908379917575019, 4.331066930566635 ], [ -6.909506863057572, 4.330386225629582 ], [ -6.910637377692524, 4.329711464936565 ], [ -6.911771430126009, 4.329042667201691 ], [ -6.912908988906509, 4.328379850972908 ], [ -6.914050022485185, 4.327723034632754 ], [ -6.915194499216682, 4.327072236397385 ], [ -6.916342387360316, 4.326427474315778 ], [ -6.917493655080762, 4.325788766269682 ], [ -6.918648270448955, 4.325156129973095 ], [ -6.919806201442896, 4.324529582971422 ], [ -6.92096741594878, 4.323909142641014 ], [ -6.922131881761629, 4.323294826189283 ], [ -6.923299566586365, 4.322686650653395 ], [ -6.924470438038554, 4.322084632900612 ], [ -6.925644463645312, 4.32148878962704 ], [ -6.926821610846787, 4.320899137357628 ], [ -6.928001846995528, 4.320315692446059 ], [ -6.929185139359618, 4.319738471073094 ], [ -6.930371455121758, 4.319167489247548 ], [ -6.93156076138041, 4.318602762804858 ], [ -6.93275302515201, 4.318044307407206 ], [ -6.933948213370286, 4.317492138542434 ], [ -6.935146292888021, 4.316946271524557 ], [ -6.936347230478077, 4.316406721492342 ], [ -6.937550992833565, 4.315873503409705 ], [ -6.971015070802764, 4.301155551944817 ], [ -6.972236795005927, 4.300622104147408 ], [ -6.973461346402985, 4.300095178671711 ], [ -6.974688690174162, 4.299574790500571 ], [ -6.975918791420156, 4.299060954431411 ], [ -6.977151615162995, 4.298553685074978 ], [ -6.978387126347741, 4.298052996855176 ], [ -6.979625289842943, 4.297558904009236 ], [ -6.98086607044155, 4.297071420586576 ], [ -6.98210943286216, 4.296590560448749 ], [ -6.983355341749927, 4.296116337268529 ], [ -6.984603761677704, 4.295648764531052 ], [ -6.985854657146888, 4.295187855530969 ], [ -6.987107992588449, 4.294733623374555 ], [ -6.988363732364235, 4.294286080977827 ], [ -6.9896218407672, 4.293845241066435 ], [ -6.990882282023392, 4.293411116175548 ], [ -6.992145020292469, 4.292983718649623 ], [ -6.993410019668431, 4.292563060641442 ], [ -6.994677244181446, 4.292149154112508 ], [ -6.995946657798299, 4.291742010831967 ], [ -6.997218224423023, 4.291341642377176 ], [ -6.998491907899222, 4.290948060132337 ], [ -6.999767672009909, 4.290561275288894 ], [ -7.001045480478922, 4.290181298844971 ], [ -7.002325296971776, 4.289808141605079 ], [ -7.003607085097372, 4.289441814180179 ], [ -7.00489080840822, 4.289082326986545 ], [ -7.006176430401808, 4.288729690246157 ], [ -7.007463914521736, 4.288383913986081 ], [ -7.008753224158738, 4.288045008038296 ], [ -7.010044322651254, 4.287712982039977 ], [ -7.011337173287359, 4.287387845431851 ], [ -7.012631739304879, 4.28706960745933 ], [ -7.013927983893325, 4.286758277171202 ], [ -7.015225870194001, 4.28645386342032 ], [ -7.016525361301717, 4.286156374862571 ], [ -7.017826420265806, 4.285865819956939 ], [ -7.019129010090865, 4.285582206965387 ], [ -7.020433093737893, 4.285305543952347 ], [ -7.021738634125427, 4.285035838784609 ], [ -7.023045594130792, 4.284773099131314 ], [ -7.085408462672945, 4.272409121360624 ], [ -7.08671388510129, 4.272153835106622 ], [ -7.088020649677048, 4.271905510456918 ], [ -7.089328719275443, 4.271664154466748 ], [ -7.090638056734349, 4.271429773992963 ], [ -7.091948624856116, 4.271202375694031 ], [ -7.093260386407678, 4.270981966030376 ], [ -7.094573304122321, 4.270768551263643 ], [ -7.095887340700358, 4.270562137457205 ], [ -7.0972024588105, 4.270362730474915 ], [ -7.098518621090534, 4.270170335982016 ], [ -7.099835790148461, 4.269984959444287 ], [ -7.101153928564202, 4.269806606128498 ], [ -7.102472998889368, 4.269635281101273 ], [ -7.10379296364988, 4.269470989230001 ], [ -7.105113785345964, 4.269313735182322 ], [ -7.106435426453118, 4.269163523425675 ], [ -7.107757849424047, 4.269020358227408 ], [ -7.109081016689174, 4.268884243655179 ], [ -7.110404890657378, 4.268755183575593 ], [ -7.11172943371804, 4.268633181655218 ], [ -7.113054608241214, 4.268518241360425 ], [ -7.114380376578822, 4.268410365956299 ], [ -7.115706701066472, 4.268309558507724 ], [ -7.1170335440234, 4.268215821878584 ], [ -7.118360867754518, 4.268129158731881 ], [ -7.119688634550755, 4.268049571529787 ], [ -7.121016806690761, 4.267977062533134 ], [ -7.122345346441421, 4.2679116338021 ], [ -7.163241391643169, 4.243615628901352 ], [ -7.220051844612726, 4.202132777800159 ], [ -7.243494057313228, 4.179230381061075 ], [ -7.24444783660141, 4.178303510551984 ], [ -7.245406533165067, 4.177381727079705 ], [ -7.246370119872722, 4.17646505673099 ], [ -7.247338569454314, 4.175553525448379 ], [ -7.248311854502163, 4.17464715902878 ], [ -7.249289947471709, 4.173745983122444 ], [ -7.250272820682369, 4.172850023233366 ], [ -7.251260446318554, 4.171959304717916 ], [ -7.25225279642973, 4.171073852783536 ], [ -7.25324984293178, 4.170193692489249 ], [ -7.254251557607972, 4.169318848743842 ], [ -7.255257912108959, 4.168449346306147 ], [ -7.256268877954824, 4.167585209783283 ], [ -7.257284426534113, 4.166726463631051 ], [ -7.258304529106567, 4.165873132152171 ], [ -7.259329156802778, 4.165025239496686 ], [ -7.260358280625042, 4.164182809660076 ], [ -7.26139187144878, 4.16334586648378 ], [ -7.262429900022539, 4.162514433653655 ], [ -7.263472336969812, 4.161688534699806 ], [ -7.264519152789148, 4.160868192995338 ], [ -7.265570317854724, 4.160053431756808 ], [ -7.266625802418218, 4.159244274042123 ], [ -7.267685576608869, 4.158440742750827 ], [ -7.268749610434497, 4.157642860623525 ], [ -7.269817873782245, 4.156850650240528 ], [ -7.270890336419711, 4.15606413402196 ], [ -7.271966967995866, 4.15528333422651 ], [ -7.273047738041214, 4.154508272951261 ], [ -7.274132615969336, 4.153738972130839 ], [ -7.275221571077736, 4.152975453537067 ], [ -7.276314572548301, 4.152217738777722 ], [ -7.277411589448491, 4.151465849296699 ], [ -7.278512590732134, 4.150719806372763 ], [ -7.279617545240455, 4.149979631119379 ], [ -7.280726421702582, 4.149245344483802 ], [ -7.281839188736569, 4.148516967247076 ], [ -7.282955814850709, 4.14779452002233 ], [ -7.284076268443641, 4.147078023255176 ], [ -7.28520051780589, 4.146367497223252 ], [ -7.286328531121001, 4.145662962034464 ], [ -7.287460276465197, 4.144964437627607 ], [ -7.28859572180977, 4.1442719437714 ], [ -7.289734835020568, 4.143585500063807 ], [ -7.29087758386072, 4.14290512593135 ], [ -7.292023935988993, 4.142230840629225 ], [ -7.293173858963769, 4.141562663240109 ], [ -7.294327320241109, 4.140900612673363 ], [ -7.295484287177601, 4.140244707665886 ], [ -7.296644727030525, 4.139594966779953 ], [ -7.297808606958768, 4.138951408403386 ], [ -7.298975894023727, 4.138314050749443 ], [ -7.300146555190679, 4.137682911855734 ], [ -7.301320557329461, 4.137058009583768 ], [ -7.302497867214868, 4.136439361618557 ], [ -7.303678451528469, 4.13582698546827 ], [ -7.304862276859126, 4.135220898463331 ], [ -7.306049309704122, 4.13462111775641 ], [ -7.307239516469508, 4.134027660321749 ], [ -7.308432863471921, 4.133440542954418 ], [ -7.326623940346167, 4.124550696421579 ], [ -7.327810890921569, 4.123974517513091 ], [ -7.32900086581293, 4.123404610888599 ], [ -7.330193831875818, 4.122840992422198 ], [ -7.331389755882071, 4.122283677812447 ], [ -7.332588604521163, 4.121732682582376 ], [ -7.333790344401052, 4.121188022079195 ], [ -7.334994942049434, 4.120649711473334 ], [ -7.33620236391414, 4.120117765758494 ], [ -7.3374125763645, 4.119592199751423 ], [ -7.338625545691968, 4.119073028090554 ], [ -7.339841238111489, 4.118560265236852 ], [ -7.341059619761722, 4.118053925472282 ], [ -7.342280656706805, 4.117554022900322 ], [ -7.343504314936808, 4.117060571444597 ], [ -7.34473056036876, 4.116573584849561 ], [ -7.345959358847381, 4.116093076679419 ], [ -7.347190676146795, 4.115619060317954 ], [ -7.348424477970696, 4.115151548968129 ], [ -7.349660729953541, 4.114690555651578 ], [ -7.350899397661578, 4.114236093208604 ], [ -7.352140446593637, 4.113788174297383 ], [ -7.353383842182438, 4.113346811394024 ], [ -7.354629549795334, 4.112912016792109 ], [ -7.355877534735271, 4.11248380260173 ], [ -7.357127762241475, 4.11206218075057 ], [ -7.358380197491215, 4.111647162981967 ], [ -7.359634805599569, 4.111238760855429 ], [ -7.360891551621933, 4.110836985746403 ], [ -7.362150400553674, 4.110441848845824 ], [ -7.36341131733144, 4.110053361159544 ], [ -7.364674266834527, 4.109671533508049 ], [ -7.365939213885724, 4.109296376526686 ], [ -7.367206123251776, 4.108927900664582 ], [ -7.368474959645312, 4.108566116185386 ], [ -7.369745687724787, 4.108211033165901 ], [ -7.371018272096308, 4.107862661496085 ], [ -7.372292677314078, 4.107521010879623 ], [ -7.373568867881772, 4.107186090832386 ], [ -7.374846808252926, 4.106857910683232 ], [ -7.376126462832985, 4.106536479572696 ], [ -7.377407795979138, 4.106221806454187 ], [ -7.378690772001846, 4.105913900092105 ], [ -7.379975355166096, 4.105612769062816 ], [ -7.381261509692081, 4.105318421753623 ], [ -7.382549199755829, 4.105030866363279 ], [ -7.383838389490961, 4.104750110901023 ], [ -7.385129042989433, 4.104476163186916 ], [ -7.386421124301876, 4.10420903085128 ], [ -7.387714597439754, 4.103948721334746 ], [ -7.389009426375424, 4.103695241887749 ], [ -7.390305575043669, 4.10344859957047 ], [ -7.391603007342439, 4.103208801252777 ], [ -7.392901687133701, 4.102975853613827 ], [ -7.394201578245031, 4.102749763141958 ], [ -7.395502644470184, 4.102530536134566 ], [ -7.396804849569946, 4.102318178697828 ], [ -7.398108157273782, 4.102112696746758 ], [ -7.399412531280063, 4.101914096004691 ], [ -7.400717935257433, 4.101722382003231 ], [ -7.402024332846395, 4.101537560082249 ], [ -7.403331687659261, 4.101359635389485 ], [ -7.436658637692062, 4.096913538656736 ], [ -7.437965803388181, 4.096742658266578 ], [ -7.439273851985604, 4.096578673109718 ], [ -7.440582747112387, 4.096421587745624 ], [ -7.441892452373509, 4.096271406542712 ], [ -7.443202931351152, 4.096128133676757 ], [ -7.44451414760573, 4.095991773131516 ], [ -7.445826064677703, 4.095862328698729 ], [ -7.447138646087581, 4.095739803977892 ], [ -7.44845185533751, 4.095624202375632 ], [ -7.449765655912415, 4.0955155271065 ], [ -7.45108001128051, 4.095413781192406 ], [ -7.452394884894773, 4.095318967462561 ], [ -7.453710240193516, 4.095231088553078 ], [ -7.455026040602036, 4.095150146907883 ], [ -7.456342249532611, 4.095076144777579 ], [ -7.457658830387174, 4.095009084219555 ], [ -7.458975746556348, 4.094948967098844 ], [ -7.460292961421715, 4.094895795087211 ], [ -7.46161043835707, 4.094849569662642 ], [ -7.462928140728195, 4.094810292110765 ], [ -7.464246031894788, 4.094777963523825 ], [ -7.465564075211603, 4.094752584800688 ], [ -7.466882234029015, 4.09473415664695 ], [ -7.468200471694047, 4.094722679575057 ], [ -7.469518751551675, 4.094718153904353 ], [ -7.470837036945682, 4.094720579760292 ], [ -7.472155291219622, 4.094729957075799 ], [ -7.473473477717903, 4.094746285589792 ], [ -7.474791559786979, 4.094769564848491 ], [ -7.476109500776033, 4.094799794204562 ], [ -7.477427264038454, 4.094836972817291 ], [ -7.478744812932064, 4.09488109965298 ], [ -7.480062110821052, 4.094932173484722 ], [ -7.481379121076657, 4.09499019289234 ], [ -7.482695807077619, 4.095055156262276 ], [ -7.484012132212115, 4.095127061788446 ], [ -7.485328059878611, 4.095205907471325 ], [ -7.486643553485862, 4.095291691118348 ], [ -7.487958576455071, 4.095384410344593 ], [ -7.489273092220799, 4.0954840625717 ], [ -7.490587064231306, 4.095590645028494 ], [ -7.491900455950486, 4.095704154751729 ], [ -7.519964408964597, 4.098204141199801 ], [ -7.521174702262783, 4.098314425417129 ], [ -7.522384403330477, 4.098431026456524 ], [ -7.523593479199121, 4.098553941140267 ], [ -7.524801896917097, 4.098683166118747 ], [ -7.526009623550067, 4.098818697869888 ], [ -7.527216626183417, 4.098960532699834 ], [ -7.528422871921578, 4.099108666743348 ], [ -7.529628327890123, 4.099263095962954 ], [ -7.581572890249618, 4.09460732300613 ], [ -7.582887611155229, 4.094492982123938 ], [ -7.584202917316475, 4.094385582873031 ], [ -7.585518772082366, 4.094285128246554 ], [ -7.586835138786512, 4.094191621043308 ], [ -7.588151980748307, 4.094105063869108 ], [ -7.589469261274189, 4.094025459135764 ], [ -7.590786943657577, 4.093952809061591 ], [ -7.592104991181429, 4.093887115670952 ], [ -7.593423367118532, 4.093828380794207 ], [ -7.594742034731951, 4.093776606068218 ], [ -7.596060957277018, 4.093731792935614 ], [ -7.597380098002191, 4.093693942645075 ], [ -7.598699420149103, 4.093663056251387 ], [ -7.600018886955127, 4.093639134614989 ], [ -7.601338461653199, 4.093622178402711 ], [ -7.60265810747336, 4.093612188087093 ], [ -7.603977787643601, 4.093609163946155 ], [ -7.605297465390834, 4.093613106064652 ], [ -7.606617103942312, 4.093624014332363 ], [ -7.607936666526314, 4.093641888445404 ], [ -7.609256116373217, 4.093666727905656 ], [ -7.610575416716074, 4.093698532021051 ], [ -7.611894530793222, 4.093737299905456 ], [ -7.613213421846922, 4.093783030478562 ], [ -7.614532053126482, 4.093835722465883 ], [ -7.615850387888088, 4.093895374399381 ], [ -7.617168389396397, 4.09396198461684 ], [ -7.618486020925161, 4.094035551262039 ], [ -7.619803245758646, 4.094116072285146 ], [ -7.621120027192205, 4.094203545442383 ], [ -7.622436328533581, 4.094297968296473 ], [ -7.623752113104274, 4.094399338216022 ], [ -7.625067344239767, 4.094507652376478 ], [ -7.626381985291005, 4.094622907759685 ], [ -7.627695999625473, 4.094745101154103 ], [ -7.629009350628166, 4.094874229154698 ], [ -7.630322001702609, 4.095010288163337 ], [ -7.631633916271653, 4.095153274388906 ], [ -7.63294505777867, 4.095303183846738 ], [ -7.634255389688576, 4.095460012359922 ], [ -7.743764452067467, 4.108859993365797 ], [ -7.745088680231731, 4.109025619984152 ], [ -7.746412005385992, 4.109198313189836 ], [ -7.747734389820835, 4.109378068061801 ], [ -7.749055795853337, 4.109564879477546 ], [ -7.750376185828202, 4.109758742113911 ], [ -7.751695522119348, 4.109959650446172 ], [ -7.753013767130994, 4.11016759874974 ], [ -7.754330883297882, 4.110382581098293 ], [ -7.755646833087383, 4.110604591366041 ], [ -7.756961578999892, 4.11083362322654 ], [ -7.75827508357014, 4.111069670153086 ], [ -7.759587309368044, 4.111312725419339 ], [ -7.760898219000694, 4.111562782099043 ], [ -7.762207775111449, 4.11181983306659 ], [ -7.763515940383456, 4.112083870996969 ], [ -7.764822677538746, 4.112354888366212 ], [ -7.76612794934033, 4.11263287745129 ], [ -7.767431718593059, 4.112917830330559 ], [ -7.768733948144131, 4.113209738884052 ], [ -7.770034600885253, 4.113508594793302 ], [ -7.771333639752697, 4.113814389542142 ], [ -7.772631027728664, 4.114127114416533 ], [ -7.773926727842706, 4.114446760505018 ], [ -7.775220703172238, 4.114773318699008 ], [ -7.776512916843899, 4.115106779692724 ], [ -7.777803332034409, 4.115447133983992 ], [ -7.779091911971989, 4.115794371873619 ], [ -7.780378619936869, 4.116148483466986 ], [ -7.781663419262827, 4.116509458673193 ], [ -7.782946273337984, 4.116877287205625 ], [ -7.784227145605882, 4.117251958582926 ], [ -7.785505999566453, 4.117633462127912 ], [ -7.786782798777438, 4.118021786969734 ], [ -7.7880575068545, 4.118416922042115 ], [ -7.789330087473616, 4.118818856085511 ], [ -7.790600504371071, 4.119227577646257 ], [ -7.791868721344883, 4.119643075077249 ], [ -7.793134702255315, 4.120065336538403 ], [ -7.794398411027146, 4.120494349996932 ], [ -7.795659811649159, 4.120930103227749 ], [ -7.796918868176476, 4.121372583813297 ], [ -7.798175544730668, 4.121821779144511 ], [ -7.799429805501177, 4.122277676421277 ], [ -7.800681614746509, 4.122740262652258 ], [ -7.801930936794633, 4.123209524655181 ], [ -7.803177736044631, 4.1236854490582 ], [ -7.804421976967888, 4.124168022298932 ], [ -7.805663624107694, 4.124657230626326 ], [ -7.806902642082093, 4.125153060099422 ], [ -7.808138995583931, 4.125655496589161 ], [ -7.80937264938143, 4.126164525778108 ], [ -7.81060356832063, 4.126680133160505 ], [ -7.811831717324651, 4.127202304043749 ], [ -7.813057061396023, 4.127731023547994 ], [ -7.814279565617255, 4.12826627660661 ], [ -7.815499195151403, 4.12880804796697 ], [ -7.816715915243719, 4.129356322190688 ], [ -7.817929691222389, 4.129911083654122 ], [ -7.819140488499158, 4.130472316548435 ], [ -7.820348272571266, 4.131040004880845 ], [ -7.821553009021329, 4.131614132474169 ], [ -7.822754663518936, 4.132194682968247 ], [ -7.886018586654757, 4.162967667096439 ], [ -7.887211487408308, 4.163551844493725 ], [ -7.888401267577251, 4.164142351554574 ], [ -7.88958789357622, 4.164739171609654 ], [ -7.890771331908354, 4.165342287811598 ], [ -7.891951549167402, 4.165951683135461 ], [ -7.893128512037492, 4.166567340379061 ], [ -7.894302187295011, 4.167189242163374 ], [ -7.895472541808772, 4.167817370933165 ], [ -7.896639542541777, 4.168451708957036 ], [ -7.897803156551277, 4.169092238328972 ], [ -7.89896335099013, 4.169738940967648 ], [ -7.900120093108285, 4.170391798617857 ], [ -7.901273350252666, 4.171050792850394 ], [ -7.902423089868364, 4.171715905062797 ], [ -7.903569279500459, 4.172387116480081 ], [ -7.904711886793507, 4.173064408155142 ], [ -7.905850879493812, 4.173747760968922 ], [ -7.906986225449202, 4.174437155631495 ], [ -7.90811789261079, 4.175132572682401 ], [ -7.909245849033368, 4.175833992491221 ], [ -7.910370062876552, 4.1765413952578 ], [ -7.911490502405513, 4.177254761013216 ], [ -7.912607135992175, 4.177974069620575 ], [ -7.913719932115441, 4.178699300774838 ], [ -7.91482885936307, 4.179430434003962 ], [ -7.915933886432015, 4.180167448668954 ], [ -7.917034982128769, 4.180910323965293 ], [ -7.918132115371236, 4.181659038922703 ], [ -7.91922525518919, 4.182413572406062 ], [ -7.920314370725123, 4.183173903116256 ], [ -7.921399431234704, 4.183940009590344 ], [ -7.92248040608871, 4.18471187020242 ], [ -7.923557264772796, 4.185489463164004 ], [ -7.92462997688915, 4.186272766524667 ], [ -7.925698512156487, 4.1870617581734 ], [ -7.926762840411925, 4.187856415837871 ], [ -7.927822931611217, 4.188656717086417 ], [ -7.928878755829828, 4.189462639327701 ], [ -7.929930283263047, 4.190274159811963 ], [ -7.930977484228379, 4.191091255630852 ], [ -7.932020329164857, 4.191913903719524 ], [ -7.933058788634696, 4.192742080855794 ], [ -7.934092833323689, 4.193575763661443 ], [ -7.935122434042341, 4.194414928603067 ], [ -7.936147561727012, 4.195259551992251 ], [ -7.937168187439681, 4.196109609986763 ], [ -7.938184282369832, 4.196965078590608 ], [ -7.939195817834729, 4.197825933655508 ], [ -7.940202765280162, 4.198692150880618 ], [ -7.941205096281749, 4.199563705814228 ], [ -7.942202782545394, 4.200440573853768 ], [ -7.943195795908025, 4.201322730246488 ], [ -7.94418410833805, 4.202210150090593 ], [ -7.984184226783782, 4.238319221433358 ], [ -7.98512127145824, 4.239169427683805 ], [ -7.986054001190269, 4.24002436548119 ], [ -7.98698239208818, 4.24088401292687 ], [ -7.987906420372042, 4.241748348001295 ], [ -7.988826062373164, 4.242617348565261 ], [ -7.989741294535577, 4.243490992359511 ], [ -7.990652093415974, 4.244369257006326 ], [ -7.991558435684851, 4.245252120009297 ], [ -7.992460298126559, 4.246139558754351 ], [ -7.993357657640672, 4.247031550510542 ], [ -7.994250491241644, 4.247928072429488 ], [ -7.997009763115159, 4.250712801375585 ], [ -8.030390259008414, 4.264963039473741 ], [ -8.146099442049319, 4.298377611192564 ], [ -8.228665411425027, 4.315781997604461 ], [ -8.280344296188787, 4.32377006944381 ], [ -8.281659684024135, 4.323976978863016 ], [ -8.282973951154702, 4.324190891402793 ], [ -8.284287060296037, 4.32441180099471 ], [ -8.285598974196773, 4.324639701372064 ], [ -8.28690965563942, 4.324874586069541 ], [ -8.288219067441275, 4.32511644842333 ], [ -8.289527172455792, 4.325365281572431 ], [ -8.290833933573424, 4.32562107845763 ], [ -8.292139313722828, 4.325883831822296 ], [ -8.293443275871823, 4.326153534212324 ], [ -8.294745783028361, 4.326430177976533 ], [ -8.296046798241775, 4.326713755266894 ], [ -8.297346284603691, 4.327004258038414 ], [ -8.298644205249047, 4.327301678050276 ], [ -8.29994052335735, 4.327606006864869 ], [ -8.30123520215335, 4.327917235848417 ], [ -8.302528204908526, 4.328235356171945 ], [ -8.303819494941649, 4.328560358810591 ], [ -8.305109035620433, 4.328892234544583 ], [ -8.30639679036193, 4.329230973958886 ], [ -8.307682722634013, 4.329576567443723 ], [ -8.308966795956223, 4.329929005195083 ], [ -8.31024897390057, 4.330288277214663 ], [ -8.311529220093121, 4.330654373310495 ], [ -8.312807498214852, 4.331027283096432 ], [ -8.314083772002391, 4.331406995993802 ], [ -8.315358005249152, 4.331793501230322 ], [ -8.316630161806586, 4.332186787841408 ], [ -8.317900205584976, 4.332586844670004 ], [ -8.319168100554634, 4.332993660366697 ], [ -8.320433810746579, 4.33340722339068 ], [ -8.321697300254243, 4.333827522009699 ], [ -8.322958533233759, 4.334254544300279 ], [ -8.324217473905094, 4.334688278148406 ], [ -8.325474086553697, 4.33512871124924 ], [ -8.326728335530902, 4.335575831108429 ], [ -8.327980185254944, 4.336029625041533 ], [ -8.329229600212045, 4.33649008017494 ], [ -8.330476544957833, 4.336957183446032 ], [ -8.331720984117908, 4.337430921603698 ], [ -8.33296288238887, 4.337911281208392 ], [ -8.334202204539281, 4.338398248632814 ], [ -8.335438915411032, 4.338891810062421 ], [ -8.336672979920024, 4.339391951495259 ], [ -8.337904363057078, 4.339898658742925 ], [ -8.339133029889354, 4.340411917430572 ], [ -8.340358945560808, 4.340931712997701 ], [ -8.341582075293445, 4.34145803069822 ], [ -8.34280238438879, 4.341990855601182 ], [ -8.344019838227609, 4.342530172591012 ], [ -8.345234402272183, 4.343075966367621 ], [ -8.346446042066702, 4.343628221447489 ], [ -8.347654723238406, 4.344186922163772 ], [ -8.348860411498094, 4.344752052666877 ], [ -8.350063072641774, 4.345323596924629 ], [ -8.351262672551456, 4.345901538722728 ], [ -8.352459177195442, 4.346485861665826 ], [ -8.353652552630535, 4.347076549177132 ], [ -8.354842765001706, 4.34767358449983 ], [ -8.356029780544247, 4.348276950696345 ], [ -8.357213565583493, 4.348886630649758 ], [ -8.358394086536862, 4.349502607064551 ], [ -8.359571309914486, 4.350124862465691 ], [ -8.36074520231972, 4.35075337920091 ], [ -8.361915730450391, 4.351388139439393 ], [ -8.36308286109994, 4.352029125174113 ], [ -8.364246561158041, 4.352676318220631 ], [ -8.365406797611968, 4.353329700219092 ], [ -8.366563537547108, 4.353989252633767 ], [ -8.367716748147984, 4.354654956753677 ], [ -8.368866396699104, 4.355326793693507 ], [ -8.370012450586444, 4.356004744394227 ], [ -8.371154877297442, 4.356688789622865 ], [ -8.372293644422939, 4.357378909973988 ], [ -8.373428719657284, 4.358075085869586 ], [ -8.374560070799475, 4.358777297559811 ], [ -8.37568766575464, 4.35948552512383 ], [ -8.376811472533916, 4.360199748469938 ], [ -8.377931459256217, 4.360919947336129 ], [ -8.37904759414846, 4.361646101291797 ], [ -8.380159845547553, 4.362378189736035 ], [ -8.381268181899941, 4.363116191900872 ], [ -8.382372571763312, 4.363860086849513 ], [ -8.38347298380728, 4.364609853478896 ], [ -8.384569386814519, 4.365365470518611 ], [ -8.385661749681333, 4.366126916532949 ], [ -8.386750041418168, 4.366894169920158 ], [ -8.387834231151714, 4.367667208914384 ], [ -8.388914288124795, 4.36844601158532 ], [ -8.389990181697158, 4.36923055583901 ], [ -8.3910618813469, 4.370020819419096 ], [ -8.392129356671035, 4.370816779906306 ], [ -8.393192577386685, 4.371618414720331 ], [ -8.472806378046528, 4.431977923124578 ], [ -8.651713466664546, 4.527010768873026 ], [ -8.734321540409155, 4.567477068209882 ], [ -8.735697958324636, 4.56801172370325 ], [ -8.739814399227271, 4.56851549432281 ], [ -8.74113716219199, 4.56868089047839 ], [ -8.742459024137872, 4.568853339732016 ], [ -8.743779947457313, 4.569032837177758 ], [ -8.745099894569876, 4.569219377708521 ], [ -8.746418827922014, 4.569412956017061 ], [ -8.747736709989852, 4.569613566596274 ], [ -8.749053503278958, 4.5698212037384 ], [ -8.750369170326053, 4.570035861536439 ], [ -8.751683673699972, 4.570257533882852 ], [ -8.752996976002407, 4.570486214471487 ], [ -8.754309039869383, 4.57072189679576 ], [ -8.755619827972225, 4.570964574150821 ], [ -8.75692930301841, 4.571214239632354 ], [ -8.758237427752647, 4.571470886136922 ], [ -8.759544164958754, 4.571734506363157 ], [ -8.760849477459033, 4.572005092810855 ], [ -8.762153328116995, 4.572282637781655 ], [ -8.763455679837477, 4.572567133379607 ], [ -8.764756495568236, 4.572858571510267 ], [ -8.766055738300224, 4.573156943882225 ], [ -8.767353371069646, 4.573462242006826 ], [ -8.768649356958235, 4.573774457198112 ], [ -8.769943659094679, 4.574093580573276 ], [ -8.771236240655583, 4.5744196030534 ], [ -8.772527064866495, 4.574752515362889 ], [ -8.773816095002815, 4.575092308030094 ], [ -8.775103294391215, 4.575438971388053 ], [ -8.776388626410096, 4.575792495573978 ], [ -8.777672054491745, 4.576152870529825 ], [ -8.778953542121542, 4.576520086002745 ], [ -8.78023305284097, 4.5768941315456 ], [ -8.781510550247219, 4.577274996516223 ], [ -8.782785997995177, 4.577662670079349 ], [ -8.784059359797595, 4.578057141205193 ], [ -8.785330599427084, 4.578458398670818 ], [ -8.786599680716165, 4.578866431060419 ], [ -8.787866567558979, 4.579281226765204 ], [ -8.789131223911795, 4.579702773984366 ], [ -8.790393613795175, 4.580131060724341 ], [ -8.791653701293171, 4.580566074800288 ], [ -8.792911450556119, 4.58100780383603 ], [ -8.794166825800232, 4.581456235264 ], [ -8.795419791309655, 4.58191135632643 ], [ -8.796670311436969, 4.58237315407456 ], [ -8.797918350604448, 4.582841615370285 ], [ -8.799163873304849, 4.583316726885585 ], [ -8.800406844102383, 4.583798475103436 ], [ -8.801647227634191, 4.584286846317809 ], [ -8.802884988610913, 4.584781826634469 ], [ -8.804120091817481, 4.585283401970969 ], [ -8.805352502114772, 4.585791558057224 ], [ -8.806582184440515, 4.586306280435906 ], [ -8.807809103809348, 4.586827554463241 ], [ -8.809033225315034, 4.587355365308383 ], [ -8.810254514130975, 4.587889697955291 ], [ -8.811472935510665, 4.588430537201759 ], [ -8.81268845478985, 4.58897786766056 ], [ -8.813901037386245, 4.589531673760234 ], [ -8.815110648801465, 4.590091939744582 ], [ -8.816317254621595, 4.590658649673685 ], [ -8.817520820518155, 4.591231787424647 ], [ -8.818721312249409, 4.591811336691364 ], [ -8.81991869566059, 4.592397280985494 ], [ -8.821112936685779, 4.592989603636511 ], [ -8.8223040013483, 4.593588287792841 ], [ -8.823491855761802, 4.594193316421467 ], [ -8.824676466131336, 4.594804672308953 ], [ -8.825857798754441, 4.595422338062349 ], [ -8.827035820021479, 4.596046296108454 ], [ -8.828210496417455, 4.596676528695639 ], [ -8.829381794522249, 4.597313017893555 ], [ -8.830549681011746, 4.597955745593595 ], [ -8.831714122659548, 4.598604693509969 ], [ -8.832875086336401, 4.599259843179937 ], [ -8.834032539012753, 4.599921175964198 ], [ -8.83518644775819, 4.600588673047412 ], [ -8.836336779743704, 4.601262315439214 ], [ -8.837483502242151, 4.601942083974052 ], [ -8.838626582628422, 4.602627959312258 ], [ -8.839765988381544, 4.603319921940624 ], [ -8.840901687084965, 4.604017952172057 ], [ -8.842033646427581, 4.604722030147741 ], [ -8.843161834204693, 4.605432135836111 ], [ -8.844286218318757, 4.606148249034561 ], [ -8.845406766781025, 4.606870349369103 ], [ -8.846523447710808, 4.607598416296014 ], [ -8.847636229338434, 4.60833242910121 ], [ -8.848745080004676, 4.609072366902012 ], [ -8.849849968162516, 4.609818208646516 ], [ -8.850950862377147, 4.610569933115471 ], [ -8.852047731327843, 4.611327518921996 ], [ -8.853140543808252, 4.612090944512488 ], [ -8.854229268727181, 4.612860188167019 ], [ -8.855313875110028, 4.613635228000248 ], [ -8.856394332099342, 4.614416041962158 ], [ -8.85747060895585, 4.615202607838228 ], [ -8.8585426750588, 4.615994903250453 ], [ -8.85961049990766, 4.616792905657348 ], [ -8.860674053122068, 4.61759659235571 ], [ -8.86173330444376, 4.618405940480216 ], [ -8.862788223736459, 4.619220927004562 ], [ -8.863838780987408, 4.620041528742036 ], [ -8.864884946307825, 4.620867722346418 ], [ -8.865926689933588, 4.621699484311648 ], [ -8.866963982226991, 4.622536790974266 ], [ -8.867996793676525, 4.623379618512331 ], [ -8.86902509489812, 4.624227942947016 ], [ -8.870048856636515, 4.625081740143344 ], [ -8.871068049765086, 4.625940985810132 ], [ -8.872082645287264, 4.626805655501698 ], [ -8.873092614337509, 4.627675724617689 ], [ -8.874097928181754, 4.628551168404499 ], [ -8.875098558218383, 4.629431961955106 ], [ -8.876094475979073, 4.630318080210657 ], [ -8.877085653129598, 4.631209497960981 ], [ -8.878072061470561, 4.632106189844535 ], [ -8.879053672938142, 4.633008130350277 ], [ -8.880030459605052, 4.633915293817495 ], [ -8.881002393681626, 4.634827654437061 ], [ -8.976236596790045, 4.696867951777449 ], [ -8.982360193792601, 4.699892296473536 ], [ -9.118508957378765, 4.761738086323419 ], [ -9.130615504381353, 4.76539441485528 ], [ -9.131880285348586, 4.765780047277474 ], [ -9.133143009000094, 4.766172363782061 ], [ -9.134403640012465, 4.766571353394284 ], [ -9.135662143120442, 4.766977004952651 ], [ -9.136918483118848, 4.767389307109511 ], [ -9.138172624862193, 4.767808248331335 ], [ -9.139424533267402, 4.768233816898032 ], [ -9.140674173313073, 4.768666000905171 ], [ -9.141921510041755, 4.769104788262553 ], [ -9.143166508560512, 4.769550166695524 ], [ -9.144409134041155, 4.770002123745087 ], [ -9.145649351722682, 4.770460646768015 ], [ -9.146887126910713, 4.770925722937591 ], [ -9.148122424979874, 4.771397339243777 ], [ -9.149355211373688, 4.771875482493385 ], [ -9.150585451605934, 4.77236013931082 ], [ -9.151813111261902, 4.772851296138413 ], [ -9.153038155998672, 4.773348939236143 ], [ -9.154260551546827, 4.773853054682945 ], [ -9.155480263710729, 4.774363628376875 ], [ -9.156697258370343, 4.774880646034887 ], [ -9.15791150148101, 4.775404093193913 ], [ -9.159122959075205, 4.775933955210917 ], [ -9.160331597263735, 4.776470217263636 ], [ -9.161537382235963, 4.777012864350411 ], [ -9.162740280260948, 4.777561881291092 ], [ -9.163940257688864, 4.778117252727782 ], [ -9.165137280951171, 4.77867896312398 ], [ -9.166331316562378, 4.779246996766688 ], [ -9.167522331120097, 4.779821337765441 ], [ -9.168710291307093, 4.780401970053674 ], [ -9.169895163891056, 4.780988877388666 ], [ -9.171076915726019, 4.781582043352273 ], [ -9.172255513753726, 4.782181451350937 ], [ -9.173430925003856, 4.782787084616928 ], [ -9.174603116595449, 4.783398926208349 ], [ -9.175772055736957, 4.784016959009136 ], [ -9.176937709729032, 4.784641165730477 ], [ -9.178100045962879, 4.785271528910812 ], [ -9.179259031923664, 4.785908030916005 ], [ -9.180414635189493, 4.786550653940878 ], [ -9.181566823433286, 4.787199380008417 ], [ -9.182715564423802, 4.787854190971018 ], [ -9.183860826025807, 4.78851506851089 ], [ -9.185002576201725, 4.78918199414079 ], [ -9.186140783012036, 4.789854949203686 ], [ -9.187275414616465, 4.790533914874572 ], [ -9.271720574774065, 4.841369822499701 ], [ -9.272846367523755, 4.842051592447945 ], [ -9.273968555471299, 4.842739279722707 ], [ -9.27508710751448, 4.843432865264617 ], [ -9.276201992652318, 4.844132329850595 ], [ -9.277313179984958, 4.84483765409459 ], [ -9.278420638715261, 4.845548818448265 ], [ -9.27952433814977, 4.846265803201106 ], [ -9.280624247698654, 4.846988588481793 ], [ -9.281720336877243, 4.84771715425768 ], [ -9.282812575307162, 4.848451480336564 ], [ -9.283900932715994, 4.84919154636583 ], [ -9.284985378939837, 4.849937331834383 ], [ -9.286065883922674, 4.85068881607225 ], [ -9.382174797657569, 4.917907991689788 ], [ -9.383262437305973, 4.918673009216604 ], [ -9.38434599248211, 4.919443801018758 ], [ -9.385425432530212, 4.920220345289067 ], [ -9.386500726911663, 4.921002620058118 ], [ -9.387571845204945, 4.921790603194438 ], [ -9.388638757106605, 4.922584272404777 ], [ -9.389701432432105, 4.923383605235301 ], [ -9.390759841117074, 4.924188579071483 ], [ -9.391813953217365, 4.924999171139632 ], [ -9.505704906950882, 5.013062128355671 ], [ -9.506650922899212, 5.013797237135179 ], [ -9.507593405197554, 5.014536870969721 ], [ -9.508532332201696, 5.015281012873402 ], [ -9.509467682348827, 5.016029645756873 ], [ -9.510399434158558, 5.016782752427616 ], [ -9.511327566232353, 5.017540315590225 ], [ -9.512252057255978, 5.018302317847031 ], [ -9.567252094390142, 5.063857291180909 ], [ -9.568263499276497, 5.064699507819398 ], [ -9.569270456205516, 5.065547037437398 ], [ -9.570272937267703, 5.066399856544649 ], [ -9.571270914678564, 5.067257941504181 ], [ -9.572264360777353, 5.068121268533105 ], [ -9.573253248029687, 5.06898981370307 ], [ -9.574237549027202, 5.069863552941399 ], [ -9.575217236488754, 5.070742462030864 ], [ -9.57619228326098, 5.0716265166119 ], [ -9.577162662319154, 5.072515692181526 ], [ -9.578128346767983, 5.073409964095106 ], [ -9.579089309842516, 5.074309307566637 ], [ -9.580045524907973, 5.07521369766971 ], [ -9.58099696546185, 5.076123109337971 ], [ -9.581943605133745, 5.077037517366023 ], [ -9.582885417686327, 5.07795689640966 ], [ -9.58382237701602, 5.078881220987284 ], [ -9.584754457153622, 5.079810465479795 ], [ -9.585681632265619, 5.080744604132292 ], [ -9.586603876653896, 5.081683611053563 ], [ -9.587521164757334, 5.082627460218077 ], [ -9.5884334711522, 5.083576125465811 ], [ -9.58934077055261, 5.084529580503215 ], [ -9.59024303781149, 5.085487798904012 ], [ -9.591140247921544, 5.086450754109876 ], [ -9.592032376015254, 5.087418419431458 ], [ -9.592919397366188, 5.088390768048384 ], [ -9.593801287389567, 5.089367773010963 ], [ -9.594678021642437, 5.090349407240183 ], [ -9.595549575825146, 5.091335643528737 ], [ -9.59641592578123, 5.092326454541706 ], [ -9.606825580288785, 5.104295007431404 ], [ -9.617740133256859, 5.116179576549598 ], [ -9.61993444162556, 5.118600466867463 ], [ -9.645771490597895, 5.147482493633959 ], [ -9.648537193623383, 5.150626745056911 ], [ -9.670350549468594, 5.175849207385966 ], [ -9.67076224310614, 5.176328468255349 ], [ -9.671544509585658, 5.177235351886623 ], [ -9.672322061264708, 5.17814628116588 ], [ -9.673094877220933, 5.179061231581727 ], [ -9.673862936658907, 5.179980178514654 ], [ -9.674626218911612, 5.180903097237092 ], [ -9.675384703440386, 5.181829962915174 ], [ -9.676138369835883, 5.182760750608509 ], [ -9.676887197818189, 5.183695435270977 ], [ -9.678682003500228, 5.185943686926919 ], [ -9.740166784025632, 5.262787745265996 ], [ -9.764186233631904, 5.292339021683574 ], [ -9.874178288196333, 5.367339274126948 ], [ -9.876730922897593, 5.369103142960739 ], [ -9.87776827182455, 5.369833431964764 ], [ -9.923877456597609, 5.40246937789766 ], [ -9.924963777205846, 5.403242629076999 ], [ -9.926045958101327, 5.404021663325182 ], [ -9.927123968498279, 5.404806458479698 ], [ -9.92819777772894, 5.405596992214896 ], [ -9.929267355245543, 5.406393242041474 ], [ -9.930332670620487, 5.407195185307614 ], [ -9.931393693547705, 5.408002799199437 ], [ -9.932450393842885, 5.408816060741856 ], [ -9.933502741445011, 5.409634946799088 ], [ -9.934550706416587, 5.410459434075449 ], [ -9.935594258944889, 5.411289499115412 ], [ -9.936633369342985, 5.412125118305596 ], [ -9.937668008049968, 5.412966267873912 ], [ -9.938698145632316, 5.413812923891385 ], [ -9.939723752784403, 5.414665062272036 ], [ -9.940744800329753, 5.415522658774137 ], [ -9.94176125922138, 5.416385689000776 ], [ -9.942773100542865, 5.417254128400145 ], [ -9.943780295509157, 5.4181279522669 ], [ -9.944782815467477, 5.419007135742447 ], [ -9.945780631898117, 5.419891653815284 ], [ -9.946773716414782, 5.420781481322763 ], [ -9.947762040766122, 5.421676592950803 ], [ -9.948745576836131, 5.422576963235258 ], [ -9.949724296645172, 5.423482566562313 ], [ -9.950698172350315, 5.424393377168997 ], [ -9.951667176246701, 5.425309369144429 ], [ -10.218821062333006, 5.6792004021612 ], [ -10.219773363430363, 5.680110212319789 ], [ -10.220720858251809, 5.681025026764473 ], [ -10.221663520500499, 5.681944820105173 ], [ -10.222601324013681, 5.682869566813849 ], [ -10.223534242763662, 5.683799241225074 ], [ -10.224462250857755, 5.684733817536539 ], [ -10.225385322540149, 5.685673269809854 ], [ -10.226303432191742, 5.686617571971453 ], [ -10.227216554331221, 5.687566697813054 ], [ -10.228124663615631, 5.688520620992449 ], [ -10.229027734841338, 5.689479315034419 ], [ -10.229925742944317, 5.69044275333124 ], [ -10.23081866300123, 5.691410909143485 ], [ -10.231706470229767, 5.692383755600872 ], [ -10.232589139989557, 5.69336126570289 ], [ -10.233466647783189, 5.694343412319768 ], [ -10.23433896925593, 5.695330168192697 ], [ -10.235206080197486, 5.696321505935259 ], [ -10.236067956541717, 5.697317398033817 ], [ -10.236924574368231, 5.698317816848089 ], [ -10.237775909902325, 5.699322734612565 ], [ -10.238621939515781, 5.700332123436453 ], [ -10.239462639728004, 5.701345955305044 ], [ -10.24029798720602, 5.702364202080446 ], [ -10.241127958765446, 5.703386835502329 ], [ -10.241952531371169, 5.704413827187977 ], [ -10.242771682138027, 5.70544514863434 ], [ -10.243585388331155, 5.706480771218139 ], [ -10.244393627366833, 5.707520666196444 ], [ -10.245196376813055, 5.708564804708089 ], [ -10.245993614390329, 5.709613157773617 ], [ -10.246785317971955, 5.710665696297156 ], [ -10.247571465585168, 5.711722391066132 ], [ -10.248352035410733, 5.712783212753379 ], [ -10.280837929743711, 5.757177174834226 ], [ -10.363452673893107, 5.829714334878418 ], [ -10.3757806928528, 5.840538546627897 ], [ -10.378530874344051, 5.841261156425844 ], [ -10.379768000147635, 5.841589598985763 ], [ -10.381003428139195, 5.841924371216692 ], [ -10.382237125933671, 5.842265464343029 ], [ -10.383469061191306, 5.84261286942359 ], [ -10.384699201618446, 5.842966577351604 ], [ -10.385927514968841, 5.843326578854885 ], [ -10.387153969043538, 5.843692864496688 ], [ -10.388378531692922, 5.844065424675307 ], [ -10.389601170816718, 5.844444249624473 ], [ -10.390821854364731, 5.844829329413869 ], [ -10.392040550338834, 5.845220653949127 ], [ -10.393257226792116, 5.84561821297217 ], [ -10.394471851831327, 5.846021996061609 ], [ -10.395684393616477, 5.846431992632517 ], [ -10.396894820362377, 5.846848191937625 ], [ -10.424531799227736, 5.856430216036415 ], [ -10.425786310896228, 5.856868906893908 ], [ -10.427038472760728, 5.857314260528597 ], [ -10.428288249435241, 5.85776626435495 ], [ -10.429535605600904, 5.858224905599229 ], [ -10.430780506007466, 5.858690171300054 ], [ -10.432022915474249, 5.859162048309315 ], [ -10.433262798890553, 5.85964052329183 ], [ -10.434500121217525, 5.860125582725516 ], [ -10.435734847488106, 5.86061721290298 ], [ -10.436966942809363, 5.861115399930384 ], [ -10.438196372361972, 5.861620129729545 ], [ -10.439423101402383, 5.862131388036119 ], [ -10.440647095263387, 5.862649160402441 ], [ -10.441868319354683, 5.863173432196277 ], [ -10.443086739164642, 5.863704188601332 ], [ -10.444302320260647, 5.864241414618562 ], [ -10.445515028290572, 5.864785095066281 ], [ -10.446724828983179, 5.865335214579773 ], [ -10.447931688149538, 5.865891757612758 ], [ -10.449135571683655, 5.866454708437402 ], [ -10.450336445564062, 5.867024051144767 ], [ -10.451534275854044, 5.867599769644812 ], [ -10.45272902870272, 5.868181847668325 ], [ -10.453920670346577, 5.868770268765388 ], [ -10.455109167109697, 5.869365016307427 ], [ -10.456294485405408, 5.869966073486751 ], [ -10.457476591736452, 5.870573423317637 ], [ -10.458655452696519, 5.871187048636386 ], [ -10.459831034971046, 5.871806932101833 ], [ -10.461003305338124, 5.872433056195916 ], [ -10.462172230669353, 5.873065403224871 ], [ -10.463337777930974, 5.873703955318035 ], [ -10.464499914184671, 5.87434869443041 ], [ -10.465658606588306, 5.87499960234129 ], [ -10.466813822397341, 5.875656660656261 ], [ -10.467965528965522, 5.876319850806851 ], [ -10.469113693745555, 5.876989154051159 ], [ -10.470258284290253, 5.877664551474822 ], [ -10.471399268253435, 5.878346023991128 ], [ -10.472536613391242, 5.879033552341639 ], [ -10.473670287561959, 5.879727117096593 ], [ -10.47480025872801, 5.880426698656208 ], [ -10.475926494956582, 5.881132277250344 ], [ -10.477048964420248, 5.881843832939012 ], [ -10.478167635397881, 5.882561345613908 ], [ -10.479282476276069, 5.883284794997849 ], [ -10.480393455549176, 5.884014160646643 ], [ -10.481500541821163, 5.884749421948072 ], [ -10.482603703805637, 5.885490558123593 ], [ -10.483702910327395, 5.886237548229133 ], [ -10.484798130322645, 5.886990371154354 ], [ -10.485889332840657, 5.887749005624642 ], [ -10.486976487044217, 5.888513430200874 ], [ -10.488059562210026, 5.889283623280676 ], [ -10.489138527730518, 5.890059563098134 ], [ -10.490213353114143, 5.890841227725389 ], [ -10.491284007986394, 5.891628595072518 ], [ -10.492350462090599, 5.892421642888564 ], [ -10.493412685288718, 5.8932203487621 ], [ -10.494470647562309, 5.894024690121512 ], [ -10.495524319013498, 5.894834644236141 ], [ -10.496573669865484, 5.895650188216905 ], [ -10.49761867046351, 5.896471299016355 ], [ -10.498659291276056, 5.89729795342987 ], [ -10.499695502895065, 5.898130128096341 ], [ -10.500727276037196, 5.89896779949845 ], [ -10.501754581544617, 5.899810943963587 ], [ -10.502777390385688, 5.900659537664694 ], [ -10.503795673655929, 5.90151355662033 ], [ -10.50480940257853, 5.902372976696086 ], [ -10.505818548505601, 5.903237773604474 ], [ -10.506823082918515, 5.904107922906576 ], [ -10.507822977429328, 5.904983400011986 ], [ -10.508818203781061, 5.905864180179719 ], [ -10.509808733848445, 5.906750238518953 ], [ -10.533280745014395, 5.927859223534881 ], [ -10.534247796828311, 5.928732914412421 ], [ -10.535210047730288, 5.929611890044384 ], [ -10.536167468840574, 5.930496124050592 ], [ -10.537120031424479, 5.931385589892557 ], [ -10.538067706892662, 5.932280260875189 ], [ -10.539010466802949, 5.933180110146736 ], [ -10.539948282860564, 5.934085110700494 ], [ -10.540881126919089, 5.934995235374629 ], [ -10.541808970981378, 5.935910456854231 ], [ -10.658963281817137, 5.96678297862718 ], [ -10.690494722744688, 5.973553692203325 ], [ -10.694246633055968, 5.97438956062274 ], [ -10.697679066284195, 5.975207556714224 ], [ -10.716061082913484, 5.97972557017664 ], [ -10.717357734793666, 5.980047943744637 ], [ -10.718652645235466, 5.980377242641566 ], [ -10.71994577725161, 5.98071345746115 ], [ -10.721237093905302, 5.981056578599748 ], [ -10.722526558311756, 5.981406596256761 ], [ -10.723814133639166, 5.981763500434397 ], [ -10.725099783109727, 5.982127280938073 ], [ -10.726383470000371, 5.982497927376983 ], [ -10.72766515764431, 5.982875429163926 ], [ -10.728944809431937, 5.983259775516046 ], [ -10.730222388811455, 5.983650955455118 ], [ -10.731497859290641, 5.984048957807659 ], [ -10.732771184437297, 5.98445377120521 ], [ -10.734042327880616, 5.984865384084628 ], [ -10.73531125331192, 5.985283784688761 ], [ -10.736577924486085, 5.985708961066734 ], [ -10.771850984803564, 5.997653843677426 ], [ -10.773092483124003, 5.998077899445548 ], [ -10.77433173904393, 5.998508464351914 ], [ -10.775568718436602, 5.998945526539785 ], [ -10.776803387237692, 5.99938907397285 ], [ -10.778035711446591, 5.999839094437164 ], [ -10.779265657127155, 6.000295575539496 ], [ -10.780493190408777, 6.000758504709154 ], [ -10.781718277487471, 6.00122786919809 ], [ -10.782940884626385, 6.001703656080736 ], [ -10.784160978157161, 6.00218585225474 ], [ -10.785378524480393, 6.002674444441197 ], [ -10.786593490066878, 6.003169419185213 ], [ -10.787805841458919, 6.003670762856132 ], [ -10.789015545270217, 6.004178461647598 ], [ -10.790222568187573, 6.004692501578575 ], [ -10.791426876971911, 6.005212868493288 ], [ -10.792628438458507, 6.005739548061854 ], [ -10.793827219558409, 6.006272525780162 ], [ -10.795023187259346, 6.006811786971241 ], [ -10.79621630862647, 6.007357316784578 ], [ -10.797406550803203, 6.00790910019731 ], [ -10.79859388101255, 6.008467122014167 ], [ -10.799778266557212, 6.009031366868385 ], [ -10.800959674821343, 6.009601819221473 ], [ -10.802138073271067, 6.010178463364241 ], [ -10.803313429455443, 6.010761283416855 ], [ -10.804485711007146, 6.011350263329518 ], [ -10.87698565327787, 6.048014384301837 ], [ -10.878159817292385, 6.048612064082931 ], [ -10.879330815170874, 6.049215923522354 ], [ -10.880498614389694, 6.049825945848511 ], [ -10.881663182514387, 6.050442114118312 ], [ -10.882824487200139, 6.05106441121859 ], [ -10.883982496192573, 6.051692819865309 ], [ -10.885137177329057, 6.052327322605265 ], [ -10.886288498539329, 6.05296790181535 ], [ -10.887436427846581, 6.053614539704199 ], [ -10.888580933368075, 6.054267218312077 ], [ -10.889721983316008, 6.054925919511447 ], [ -10.890859545998978, 6.055590625007426 ], [ -10.891993589822107, 6.05626131633835 ], [ -10.893124083288058, 6.056937974876234 ], [ -10.894250994998799, 6.057620581827848 ], [ -10.895374293654982, 6.058309118234035 ], [ -10.896493948058321, 6.059003564971476 ], [ -10.897609927111205, 6.05970390275229 ], [ -10.898722199818224, 6.060410112125794 ], [ -10.899830735287139, 6.061122173476974 ], [ -10.900935502729283, 6.061840067029436 ], [ -10.90203647146086, 6.062563772843987 ], [ -10.903133610903183, 6.063293270820679 ], [ -10.904226890584368, 6.064028540698018 ], [ -10.905316280139459, 6.064769562054664 ], [ -10.906401749311783, 6.065516314309548 ], [ -10.907483267953012, 6.066268776722097 ], [ -10.908560806025321, 6.067026928393318 ], [ -10.90963433360082, 6.067790748266248 ], [ -10.910703820863489, 6.068560215126638 ], [ -10.911769238108946, 6.069335307603069 ], [ -10.912830555746268, 6.070116004168028 ], [ -10.913887744298279, 6.070902283138309 ], [ -10.914940774402567, 6.071694122675922 ], [ -10.915989616812169, 6.07249150078809 ], [ -10.917034242396426, 6.073294395328276 ], [ -10.91807462214166, 6.074102783996807 ], [ -10.919110727152372, 6.074916644341442 ], [ -10.920142528651581, 6.075735953757999 ], [ -10.921169997981906, 6.076560689490861 ], [ -10.922193106606414, 6.077390828633725 ], [ -10.923211826109082, 6.078226348130158 ], [ -10.924226128195755, 6.079067224774178 ], [ -10.97013515312068, 6.11733128342928 ], [ -10.971161566580349, 6.11819137614583 ], [ -10.972183357366305, 6.119056955524627 ], [ -10.973200496150127, 6.119927996721003 ], [ -10.974212953736867, 6.120804474733461 ], [ -10.975220701066007, 6.121686364404638 ], [ -10.97622370921215, 6.122573640421365 ], [ -10.977221949386148, 6.123466277316425 ], [ -10.97821539293534, 6.124364249468556 ], [ -10.979204011344962, 6.125267531103077 ], [ -10.980187776238949, 6.126176096293307 ], [ -10.981166659380108, 6.127089918960394 ], [ -10.982140632671701, 6.128008972875534 ], [ -10.983109668157681, 6.128933231658607 ], [ -10.984073738024051, 6.129862668780731 ], [ -10.985032814598981, 6.130797257564552 ], [ -10.985986870354225, 6.131736971184353 ], [ -10.98693587790541, 6.132681782667589 ], [ -10.987879810013339, 6.133631664895574 ], [ -10.988818639584395, 6.134586590603703 ], [ -10.989752339671156, 6.135546532382762 ], [ -10.990680883473885, 6.136511462679493 ], [ -10.991604244340522, 6.137481353797853 ], [ -10.992522395767935, 6.138456177898718 ], [ -10.993435311402322, 6.139435907001939 ], [ -10.99434296504046, 6.140420512986395 ], [ -10.995245330629871, 6.141409967590846 ], [ -10.996142382270079, 6.142404242415125 ], [ -10.997034094212893, 6.14340330892054 ], [ -10.997920440863822, 6.144407138430893 ], [ -10.99880139678163, 6.145415702133334 ], [ -10.999676936680657, 6.146428971079217 ], [ -11.000547035430202, 6.147446916184492 ], [ -11.00141166805588, 6.148469508231301 ], [ -11.002270809739912, 6.149496717867919 ], [ -11.003124435822713, 6.150528515610802 ], [ -11.003972521802552, 6.151564871844016 ], [ -11.004815043336862, 6.152605756821117 ], [ -11.005651976242802, 6.153651140665716 ], [ -11.00648329649789, 6.154700993371989 ], [ -11.007308980240509, 6.155755284806219 ], [ -11.008129003771558, 6.156813984706957 ], [ -11.00894334355354, 6.157877062686566 ], [ -11.009751976212783, 6.158944488231327 ], [ -11.010554878538926, 6.16001623070332 ], [ -11.011352027486396, 6.161092259340023 ], [ -11.012143400174523, 6.16217254325619 ], [ -11.012928973888734, 6.163257051444702 ], [ -11.013708726080438, 6.164345752776796 ], [ -11.014482634368846, 6.165438616003712 ], [ -11.01525067654029, 6.166535609756806 ], [ -11.016012830549528, 6.167636702549032 ], [ -11.01676907452071, 6.168741862776187 ], [ -11.017519386747267, 6.169851058716461 ], [ -11.018263745693048, 6.170964258532706 ], [ -11.019002129992884, 6.172081430273067 ], [ -11.019734518452537, 6.173202541871092 ], [ -11.020460890050742, 6.174327561147607 ], [ -11.021181223938356, 6.1754564558114 ], [ -11.021895499439495, 6.17658919345962 ], [ -11.022603696052329, 6.177725741579593 ], [ -11.023305793449822, 6.178866067548711 ], [ -11.024001771479391, 6.180010138636305 ], [ -11.024691610164496, 6.181157922004218 ], [ -11.025375289704698, 6.182309384707708 ], [ -11.026052790476513, 6.183464493696476 ], [ -11.026724093033351, 6.184623215815066 ], [ -11.027389178107114, 6.185785517805186 ], [ -11.028048026607848, 6.186951366304868 ], [ -11.028700619624544, 6.188120727851128 ], [ -11.029346938425874, 6.189293568879691 ], [ -11.029986964460704, 6.190469855726633 ], [ -11.030620679358151, 6.191649554628953 ], [ -11.031248064928775, 6.192832631725707 ], [ -11.031869103164922, 6.194019053059321 ], [ -11.032483776240781, 6.195208784575641 ], [ -11.033092066513518, 6.196401792125982 ], [ -11.033693956523393, 6.1975980414677 ], [ -11.034289428994157, 6.198797498264696 ], [ -11.034878466834243, 6.200000128088845 ], [ -11.035461053136487, 6.201205896421527 ], [ -11.036037171178918, 6.202414768653171 ], [ -11.036606804425162, 6.203626710085871 ], [ -11.037169936525004, 6.204841685933104 ], [ -11.037726551314961, 6.206059661321547 ], [ -11.038276632818679, 6.207280601291643 ], [ -11.038820165246989, 6.208504470798914 ], [ -11.039357132998759, 6.209731234714411 ], [ -11.039887520661807, 6.210960857826763 ], [ -11.040411313012271, 6.212193304841776 ], [ -11.040928495015635, 6.213428540384768 ], [ -11.04143905182741, 6.214666529000738 ], [ -11.041942968792966, 6.215907235155782 ], [ -11.042440231448552, 6.217150623237899 ], [ -11.042930825521069, 6.21839665755823 ], [ -11.043414736929037, 6.219645302351864 ], [ -11.043891951782882, 6.220896521778741 ], [ -11.044362456385102, 6.222150279925643 ], [ -11.044826237230666, 6.223406540805513 ], [ -11.045283281007812, 6.224665268360411 ], [ -11.045733574598046, 6.22592642646066 ], [ -11.046177105076595, 6.227189978907518 ], [ -11.046613859712807, 6.228455889433121 ], [ -11.047043825970491, 6.229724121702361 ], [ -11.047466991508315, 6.230994639312939 ], [ -11.047883344180207, 6.232267405797302 ], [ -11.048292872035745, 6.23354238462349 ], [ -11.048695563320052, 6.234819539195428 ], [ -11.049091406474759, 6.236098832855419 ], [ -11.049480390138001, 6.237380228883467 ], [ -11.049862503144823, 6.238663690500118 ], [ -11.050237734527457, 6.239949180866006 ], [ -11.05060607351561, 6.241236663083896 ], [ -11.050967509536804, 6.242526100199029 ], [ -11.051322032217001, 6.243817455200769 ], [ -11.05166963137998, 6.245110691023399 ], [ -11.05201029704898, 6.246405770547369 ], [ -11.052344019445627, 6.247702656599984 ], [ -11.052670788991009, 6.249001311956533 ], [ -11.052990596306302, 6.250301699342231 ], [ -11.053303432211578, 6.251603781431697 ], [ -11.053609287727852, 6.252907520851181 ], [ -11.053908154076169, 6.254212880180091 ], [ -11.05420002267806, 6.255519821950202 ], [ -11.054484885155944, 6.256828308648551 ], [ -11.054762733333575, 6.258138302717896 ], [ -11.055033559235881, 6.259449766557282 ], [ -11.055297355089237, 6.260762662523803 ], [ -11.055554113322046, 6.262076952933626 ], [ -11.055803826564556, 6.263392600062446 ], [ -11.056046487649212, 6.264709566147644 ], [ -11.056282089610875, 6.266027813388064 ], [ -11.056510625687167, 6.267347303946281 ], [ -11.05673208931853, 6.268667999948832 ], [ -11.056946474148049, 6.269989863487979 ], [ -11.057153774022311, 6.271312856622387 ], [ -11.057353982991344, 6.272636941378039 ], [ -11.05754709530845, 6.273962079749651 ], [ -11.057733105430657, 6.275288233702213 ], [ -11.057912008019059, 6.276615365170926 ], [ -11.058083797938593, 6.277943436063083 ], [ -11.058248470258263, 6.279272408259374 ], [ -11.058406020251596, 6.280602243614283 ], [ -11.058556443396469, 6.281932903957284 ], [ -11.058699735375171, 6.283264351094886 ], [ -11.058835892074967, 6.284596546810405 ], [ -11.058964909587587, 6.285929452865958 ], [ -11.059086784209853, 6.287263031002965 ], [ -11.059201512443792, 6.288597242944093 ], [ -11.059309090996067, 6.289932050393361 ], [ -11.059409516779056, 6.291267415037623 ], [ -11.05950278691023, 6.292603298548272 ], [ -11.059588898712491, 6.293939662581238 ], [ -11.059667849714003, 6.295276468779264 ], [ -11.059739637648931, 6.296613678771564 ], [ -11.05980426045636, 6.297951254176496 ], [ -11.059861716281773, 6.299289156601787 ], [ -11.059912003475745, 6.300627347645445 ], [ -11.059955120595134, 6.301965788897519 ], [ -11.083214119540287, 6.314731466382398 ], [ -11.174288923342658, 6.357324062837165 ], [ -11.441910136554384, 6.461553258002027 ], [ -11.443146897340796, 6.462038722316095 ], [ -11.444381060664341, 6.462530752532302 ], [ -11.445612591667327, 6.463029334753685 ], [ -11.446841455566471, 6.463534454897967 ], [ -11.448067617653635, 6.464046098698702 ], [ -11.44929104329708, 6.464564251705099 ], [ -11.45051169794209, 6.465088899282364 ], [ -11.451729547112734, 6.465620026612214 ], [ -11.452944556411865, 6.466157618693501 ], [ -11.454156691522826, 6.466701660342551 ], [ -11.455365918209793, 6.467252136193224 ], [ -11.456572202319535, 6.467809030698163 ], [ -11.457775509781584, 6.468372328128169 ], [ -11.458975806609715, 6.468942012573393 ], [ -11.460173058902683, 6.469518067943909 ], [ -11.461367232845248, 6.470100477969368 ], [ -11.46255829470914, 6.470689226200307 ], [ -11.463746210853799, 6.47128429600798 ], [ -11.464930947727908, 6.471885670585323 ], [ -11.466112471869451, 6.472493332946783 ], [ -11.467290749907534, 6.473107265929855 ], [ -11.468465748562892, 6.47372745219451 ], [ -11.469637434648803, 6.474353874224107 ], [ -11.470805775071881, 6.474986514326019 ], [ -11.471970736833782, 6.475625354631859 ], [ -11.473132287030978, 6.476270377098217 ], [ -11.474290392856801, 6.476921563507005 ], [ -11.475445021601615, 6.477578895466195 ], [ -11.47659614065401, 6.478242354410156 ], [ -11.477743717501596, 6.478911921599718 ], [ -11.478887719732427, 6.479587578124097 ], [ -11.480028115035054, 6.480269304899707 ], [ -11.481164871200235, 6.480957082671864 ], [ -11.482297956121272, 6.481650892015011 ], [ -11.483427337795206, 6.482350713333062 ], [ -11.484552984323898, 6.483056526860537 ], [ -11.485674863914483, 6.483768312661994 ], [ -11.486792944880506, 6.484486050633848 ], [ -11.487907195642833, 6.485209720504542 ], [ -11.489017584730618, 6.485939301834264 ], [ -11.490124080781754, 6.48667477401699 ], [ -11.491226652544356, 6.487416116279917 ], [ -11.492325268877721, 6.488163307684658 ], [ -11.493419898751938, 6.488916327127413 ], [ -11.494510511250553, 6.489675153339931 ], [ -11.495597075570231, 6.490439764889629 ], [ -11.496679561022006, 6.491210140181011 ], [ -11.49775793703202, 6.491986257455665 ], [ -11.498832173142659, 6.492768094792723 ], [ -11.499902239013124, 6.493555630109881 ], [ -11.500968104420281, 6.494348841164253 ], [ -11.502029739259967, 6.495147705552029 ], [ -11.503087113547281, 6.495952200710178 ], [ -11.504140197417598, 6.496762303916398 ], [ -11.505188961127715, 6.497577992290303 ], [ -11.506233375056127, 6.498399242793425 ], [ -11.507273409704567, 6.499226032230354 ], [ -11.508309035698232, 6.500058337249015 ], [ -11.50934022378658, 6.50089613434227 ], [ -11.510366944844975, 6.50173939984677 ], [ -11.511389169874519, 6.502588109945634 ], [ -11.512406870003531, 6.503442240667653 ], [ -11.513420016487942, 6.504301767888819 ], [ -11.514428580712433, 6.505166667332617 ], [ -11.515432534191177, 6.506036914570757 ], [ -11.516431848568288, 6.506912485023918 ], [ -11.517426495619247, 6.507793353962597 ], [ -11.518416447251127, 6.50867949650717 ], [ -11.519401675503616, 6.509570887629707 ], [ -11.520382152549985, 6.510467502153631 ], [ -11.521357850697598, 6.511369314754745 ], [ -11.522328742388652, 6.512276299962423 ], [ -11.523294800201427, 6.513188432159723 ], [ -11.524255996850457, 6.514105685584241 ], [ -11.525212305187665, 6.515028034329191 ], [ -11.526163698202993, 6.515955452343405 ], [ -11.527110149025305, 6.516887913433095 ], [ -11.528051630923017, 6.517825391261795 ], [ -11.528988117304777, 6.518767859351101 ], [ -11.529919581720605, 6.519715291082207 ], [ -11.530845997862002, 6.520667659695732 ], [ -11.53176733956326, 6.521624938292746 ], [ -11.532683580802029, 6.522587099836073 ], [ -11.533594695699776, 6.523554117150127 ], [ -11.5345006585232, 6.524525962922667 ], [ -11.535401443684066, 6.525502609704631 ], [ -11.536297025740623, 6.526484029911728 ], [ -11.537187379397892, 6.527470195824606 ], [ -11.538072479508855, 6.528461079590045 ], [ -11.538952301074687, 6.529456653221189 ], [ -11.539826819245548, 6.530456888599474 ], [ -11.54069600932155, 6.531461757473778 ], [ -11.541559846753273, 6.532471231462807 ], [ -11.542418307142441, 6.533485282054755 ], [ -11.54327136624272, 6.534503880608895 ], [ -11.544118999960119, 6.535526998355692 ], [ -11.544961184354179, 6.536554606398226 ], [ -11.545797895638145, 6.537586675712873 ], [ -11.546629110179992, 6.538623177149759 ], [ -11.547454804502763, 6.539664081433557 ], [ -11.548274955285422, 6.540709359165305 ], [ -11.549089539363763, 6.541758980822124 ], [ -11.549898533730527, 6.542812916758123 ], [ -11.550701915536592, 6.543871137206111 ], [ -11.551499662091089, 6.544933612277759 ], [ -11.552291750862366, 6.546000311964235 ], [ -11.55307815947873, 6.54707120613773 ], [ -11.553858865728785, 6.548146264551974 ], [ -11.585803807562343, 6.592382261597947 ], [ -11.586580646094376, 6.59346393521281 ], [ -11.587351709299639, 6.594549733282236 ], [ -11.588116975280627, 6.595639624970431 ], [ -11.588876422304565, 6.596733579325985 ], [ -11.589630028803867, 6.597831565281297 ], [ -11.590377773376986, 6.598933551654738 ], [ -11.591119634788754, 6.600039507150996 ], [ -11.591855591970727, 6.60114940036209 ], [ -11.592585624022661, 6.602263199768231 ], [ -11.593309710212338, 6.603380873738502 ], [ -11.59402782997654, 6.604502390532048 ], [ -11.594739962921324, 6.60562771829899 ], [ -11.595446088822712, 6.606756825081106 ], [ -11.596146187627426, 6.607889678812853 ], [ -11.5968402394534, 6.60902624732222 ], [ -11.597528224590349, 6.610166498332092 ], [ -11.59821012350011, 6.611310399460024 ], [ -11.598885916817437, 6.612457918220741 ], [ -11.599555585350402, 6.613609022025742 ], [ -11.600219110081298, 6.614763678184886 ], [ -11.600876472166419, 6.615921853906798 ], [ -11.60152765293725, 6.617083516300795 ], [ -11.602172633901262, 6.618248632376606 ], [ -11.602811396741572, 6.61941716904596 ], [ -11.60344392331757, 6.620589093123897 ], [ -11.604070195666566, 6.621764371328823 ], [ -11.604690196002821, 6.62294297028393 ], [ -11.605303906719087, 6.624124856518165 ], [ -11.605911310386375, 6.625309996467195 ], [ -11.606512389755153, 6.626498356474201 ], [ -11.607107127755398, 6.627689902790962 ], [ -11.607695507497169, 6.628884601578818 ], [ -11.608277512270831, 6.630082418909296 ], [ -11.608853125548421, 6.631283320765647 ], [ -11.609422330982568, 6.632487273043637 ], [ -11.609985112408935, 6.633694241551893 ], [ -11.610541453844689, 6.634904192014005 ], [ -11.611091339490599, 6.636117090068524 ], [ -11.611634753730073, 6.637332901270099 ], [ -11.612171681131144, 6.638551591091186 ], [ -11.61270210644517, 6.639773124922272 ], [ -11.613226014608983, 6.640997468072499 ], [ -11.613743390743821, 6.642224585772226 ], [ -11.614254220156852, 6.643454443172459 ], [ -11.614758488341067, 6.644687005346213 ], [ -11.615256180975621, 6.645922237290335 ], [ -11.615747283926567, 6.647160103924932 ], [ -11.616231783247144, 6.648400570096328 ], [ -11.616709665178064, 6.649643600576326 ], [ -11.617180916147845, 6.650889160064025 ], [ -11.6176455227735, 6.652137213186734 ], [ -11.61810347186065, 6.653387724501329 ], [ -11.618554750403973, 6.654640658493975 ], [ -11.618999345587497, 6.655895979583192 ], [ -11.619437244785388, 6.657153652118552 ], [ -11.619868435561614, 6.658413640383742 ], [ -11.620292905670794, 6.659675908596171 ], [ -11.620710643058601, 6.660940420909014 ], [ -11.621121635861243, 6.662207141410818 ], [ -11.621525872407346, 6.663476034128507 ], [ -11.621923341216871, 6.664747063026425 ], [ -11.622314031002077, 6.666020192008773 ], [ -11.622697930667641, 6.667295384919839 ], [ -11.623075029311451, 6.668572605545648 ], [ -11.623445316224206, 6.669851817614187 ], [ -11.623808780889874, 6.671132984796998 ], [ -11.624165412986713, 6.672416070710597 ], [ -11.624515202386647, 6.673701038916249 ], [ -11.624858139156004, 6.674987852922357 ], [ -11.625194213555517, 6.676276476184512 ], [ -11.625523416041403, 6.677566872107207 ], [ -11.625845737264285, 6.678859004044511 ], [ -11.626161168070723, 6.680152835300873 ], [ -11.626469699502763, 6.681448329133048 ], [ -11.626771322798447, 6.682745448750438 ], [ -11.627066029391926, 6.684044157315668 ], [ -11.627353810913974, 6.685344417947135 ], [ -11.627634659191585, 6.686646193718389 ], [ -11.627908566249062, 6.687949447660685 ], [ -11.628175524308006, 6.689254142762479 ], [ -11.628435525786585, 6.690560241971866 ], [ -11.628688563301466, 6.691867708197151 ], [ -11.628934629666333, 6.69317650430736 ], [ -11.629173717893309, 6.694486593133945 ], [ -11.629405821192279, 6.695797937471809 ], [ -11.629630932972077, 6.6971105000801 ], [ -11.629849046839581, 6.698424243683235 ], [ -11.630060156600621, 6.699739130972205 ], [ -11.630264256259863, 6.701055124605602 ], [ -11.630461340020986, 6.702372187210358 ], [ -11.630651402287185, 6.703690281383331 ], [ -11.630834437660781, 6.705009369691993 ], [ -11.631010440943783, 6.706329414675338 ], [ -11.631179407137779, 6.707650378845756 ], [ -11.631341331444446, 6.708972224688864 ], [ -11.631496209265151, 6.71029491466561 ], [ -11.631644036201521, 6.711618411212783 ], [ -11.632784436776831, 6.712111980540044 ], [ -11.633922246363852, 6.712611493799614 ], [ -11.635057433982126, 6.713116937390794 ], [ -11.636189968722874, 6.713628297551566 ], [ -11.637319819749052, 6.71414556035819 ], [ -11.63844695629723, 6.714668711726802 ], [ -11.639571347677588, 6.715197737413177 ], [ -11.640692963275001, 6.715732623012457 ], [ -11.64181177255, 6.716273353961185 ], [ -11.642927745039572, 6.716819915536064 ], [ -11.683973925004466, 6.737028851786533 ], [ -11.685153902567663, 6.737613675775208 ], [ -11.686330783025824, 6.738204707529633 ], [ -11.687504533720528, 6.738801930648549 ], [ -11.68867512208044, 6.739405328559428 ], [ -11.689842515622104, 6.740014884517848 ], [ -11.691006681950171, 6.740630581608798 ], [ -11.692167588759503, 6.741252402746682 ], [ -11.693325203834775, 6.741880330676281 ], [ -11.694479495052576, 6.74251434797236 ], [ -11.695630430381414, 6.743154437041198 ], [ -11.69677797788313, 6.743800580120308 ], [ -11.697922105713189, 6.744452759279568 ], [ -11.699062782122439, 6.745110956420774 ], [ -11.700199975457053, 6.74577515327934 ], [ -11.701333654160237, 6.746445331423786 ], [ -11.702463786772512, 6.747121472256538 ], [ -11.703590341932966, 6.747803557015175 ], [ -11.704713288379651, 6.748491566771747 ], [ -11.705832594951062, 6.749185482434086 ], [ -11.706948230586704, 6.749885284745972 ], [ -11.708060164327662, 6.750590954288327 ], [ -11.709168365318135, 6.751302471478766 ], [ -11.710272802805434, 6.75201981657267 ], [ -11.71137344614192, 6.752742969664041 ], [ -11.712470264784486, 6.753471910685164 ], [ -11.713563228296891, 6.754206619408365 ], [ -11.714652306349535, 6.754947075445273 ], [ -11.71573746872042, 6.755693258248641 ], [ -11.71681868529663, 6.756445147111833 ], [ -11.717895926074561, 6.757202721170074 ], [ -11.718969161160828, 6.757965959400906 ], [ -11.720038360773401, 6.7587348406243 ], [ -11.721103495242119, 6.759509343504078 ], [ -11.722164535009824, 6.760289446547972 ], [ -11.723221450632479, 6.761075128107962 ], [ -11.72427421278087, 6.761866366381753 ], [ -11.725322792241286, 6.762663139412609 ], [ -11.726367159915583, 6.763465425089976 ], [ -11.727407286822768, 6.764273201150786 ], [ -11.728443144099344, 6.765086445179179 ], [ -11.729474703000619, 6.765905134607749 ], [ -11.730501934900758, 6.766729246718228 ], [ -11.731524811294378, 6.767558758641371 ], [ -11.732543303796888, 6.768393647358323 ], [ -11.733557384145115, 6.769233889701184 ], [ -11.734567024198384, 6.770079462353294 ], [ -11.735572195939483, 6.770930341850089 ], [ -11.797584105683939, 6.823704523471974 ], [ -11.810031488796255, 6.832822123517474 ], [ -11.871749687633098, 6.874293566073447 ], [ -11.943445550425281, 6.919016636804827 ], [ -11.944612120668864, 6.919615317501496 ], [ -11.97934792369108, 6.933230057217543 ], [ -12.160795478960408, 7.0 ], [ 16.741579429154228, 7.0 ], [ 16.741579429154228, 3.858116685442894 ], [ 16.741579429154228, 3.575078305809257 ], [ 9.498980286741471, 3.575078305809257 ], [ 9.491243974786812, 3.575613271484652 ], [ 9.483508107265493, 3.576154625921466 ] ] ] } }
]
}
