station_id,year,month,obs_mm_day,CHIRPS,ERA5_LAND,GPM_IMERG,MERRA2,PERSIANN_CDR,TERRACLIMATE
WA001,2001,1,0.0,0.0171530153602361,0.0009134822757914662,0.0,0.0236310996115207,0.0036125716287642,0.0
WA001,2001,2,0.0,0.009707624092698,0.0011192760430276,0.016504768282175,0.7211084365844727,0.01927818544209,0.0
WA001,2001,3,0.0,4.132660251343623e-06,0.0017361722420901,0.0510286130011081,0.0896400287747383,0.003365438664332,0.0
WA001,2001,4,0.0,0.0,0.0017893691547214,0.0975333899259567,0.1228291168808937,0.0193114299327135,0.0
WA001,2001,5,0.0,0.0,0.0008213160908780992,0.0480190776288509,0.078189343214035,0.0488820746541023,0.0
WA001,2001,6,0.017,0.6090785264968872,0.0210789423435926,0.3068144023418426,0.1618510037660598,0.4771867394447326,0.3040884733200073
WA001,2001,7,3.5232,1.4273078441619873,1.739211916923523,3.81631851196289,2.071246862411499,3.803120613098145,2.4674391746521
WA001,2001,8,4.681,6.43035364151001,5.037064075469971,5.359762668609619,4.260398387908936,6.651994228363037,3.8384838104248047
WA001,2001,9,3.7977,5.485469341278076,3.878793716430664,6.648019313812256,4.030142307281494,7.241941452026367,4.279056549072266
WA001,2001,10,0.1168,0.4966833293437958,0.5154956579208374,0.3773000836372375,0.945764422416687,0.4083005785942077,0.5201317071914673
WA001,2001,11,0.21,0.0822726190090179,0.0826689228415489,1.2093720436096191,0.6262759566307068,0.3335146605968475,0.4915796518325805
WA001,2001,12,0.0,0.0348135009407997,0.0019909844268113,0.0345238409936428,0.9632973670959472,0.0184276830404996,0.0
WA001,2002,1,1.2129,0.0346167646348476,1.7402429580688477,1.495495319366455,0.6687396764755249,0.7988694906234741,0.088725060224533
WA001,2002,2,0.0,0.010579134337604,0.0014629760989919,0.1620190739631652,0.7552014589309692,0.0145937353372573,0.0
WA001,2002,3,0.0,0.0001364342460874468,0.013202479109168,0.006000000052154,0.1821028143167495,0.0073422822169959,0.0
WA001,2002,4,0.0,7.278651901287958e-05,0.0206824913620948,0.0427571572363376,0.1427063196897506,0.0015862836735323,0.0
WA001,2002,5,0.0,0.0,0.0031906671356409,0.0435143038630485,0.023103954270482,0.0258214827626943,0.0
WA001,2002,6,0.393,0.3932664096355438,0.0282255206257104,1.7388482093811035,0.1213886961340904,0.7902352809906006,0.4457392394542694
WA001,2002,7,0.3848,2.250347375869751,0.0770775228738784,0.689185619354248,0.5125228762626648,0.8699473142623901,0.3124544620513916
WA001,2002,8,3.0158,7.197800636291504,3.3511722087860107,5.039166927337647,2.7389791011810303,4.0149688720703125,4.038037300109863
WA001,2002,9,3.5043,4.342318058013916,2.1804914474487305,3.811781406402588,3.5928008556365967,4.855903148651123,4.320741653442383
WA001,2002,10,1.3181,1.642272710800171,1.3053998947143557,1.3259810209274292,1.2332947254180908,1.3295512199401855,1.3588260412216189
WA001,2002,11,0.0,0.0291105043143033,0.001016917056404,0.0960190817713737,0.2063914686441421,0.0012823747238144,0.0
WA001,2002,12,0.0084,0.0425661690533161,0.0303021948784589,0.579219400882721,0.7029439806938171,0.0134791415184736,0.008049133233726
WA001,2003,1,0.0,0.0166905708611011,0.0022175735794007,0.0330095365643501,0.1206066161394119,0.0135567113757133,0.0
WA001,2003,2,0.0,0.0068855457939207,0.0210628639906644,0.2250858396291732,0.5567426681518555,0.0197784379124641,0.0580684170126915
WA001,2003,3,0.0,0.0009334521018899976,0.000858330400660634,0.0225047692656517,0.2442483603954315,0.0082235382869839,0.0
WA001,2003,4,0.0,0.00019685192091856152,0.0017793555743992,0.0517666898667812,0.1213605999946594,0.0057859658263623,0.0
WA001,2003,5,0.0,0.0287325587123632,0.0014310481492429,0.0607571564614772,0.086159624159336,0.021908389404416,0.0
WA001,2003,6,2.5057,0.3119247257709503,0.1260875314474105,1.3204330205917358,0.4322434365749359,0.6620244383811951,0.4186406433582306
WA001,2003,7,1.7865,3.973827123641968,0.8860151767730713,2.0825283527374268,1.089948654174805,3.98772931098938,2.364631414413452
WA001,2003,8,4.5284,4.753374099731445,2.1808738708496094,3.2927470207214355,2.920205354690552,3.726638078689575,4.564231395721436
WA001,2003,9,3.3417,5.697887420654297,4.187524318695068,3.635166645050049,4.425952911376953,5.708518981933594,4.385291576385498
WA001,2003,10,1.3045,0.9256572127342224,2.003302574157715,1.4955525398254397,1.8419246673583984,1.4173297882080078,1.5543898344039917
WA001,2003,11,0.0,0.0065748635679483,0.0009879096178337932,0.0367571525275707,0.0905389860272407,0.0211514066904783,0.0
WA001,2003,12,0.0,0.0348672531545162,0.0070430333726108,0.0270095374435186,0.6572121977806091,0.0158032961189746,0.0
WA001,2004,1,0.0,0.0220277737826108,0.0365560948848724,0.2836287915706634,0.4778782427310943,0.0034790921490639,0.0383200123906135
WA001,2004,2,0.0,0.0013087037950754,0.0022233431227505,0.2303096204996109,0.0720312595367431,0.0038192057982087,0.0560660548508167
WA001,2004,3,0.0,1.6984768080874346e-05,0.0060757319442927,0.0794952362775802,0.106763981282711,0.0003708784352056682,0.0
WA001,2004,4,0.0,0.0008901117835193872,0.001283090445213,0.0825238451361656,0.3393696546554565,0.0247913673520088,0.0
WA001,2004,5,0.0,0.020559137687087,0.0008178835269063711,0.0442714616656303,0.1325248330831527,0.0369160361588001,0.0
WA001,2004,6,0.438,0.4331300556659698,0.01243641320616,0.32316654920578,0.1877922415733337,0.310147613286972,0.2707551419734955
WA001,2004,7,0.8945,3.88344407081604,0.6533645391464233,1.284661889076233,1.294291853904724,2.638221740722656,1.0643517971038818
WA001,2004,8,4.3761,3.956041097640991,1.7033541202545166,6.021486759185791,4.647349834442139,6.389416694641113,4.906956672668457
WA001,2004,9,3.2107,2.99832820892334,1.420749545097351,2.552685499191284,3.7917001247406006,2.7623274326324463,3.474891424179077
WA001,2004,10,0.0081,0.3752195537090301,0.0776145234704017,0.1650286316871643,0.6368799209594727,0.2563905119895935,0.1290322542190551
WA001,2004,11,0.002,0.0308743268251419,0.0089840898290276,0.0600000023841857,0.1718367785215377,0.5705575346946716,0.0
WA001,2004,12,0.0,0.0314893722534179,0.0046083987690508,0.0990286096930503,0.3215807378292084,0.00029229687061160803,0.0
WA001,2005,1,0.0,0.0266238451004028,0.0084015121683478,0.1320572197437286,0.4329042434692383,0.0625402480363845,0.0
WA001,2005,2,0.1329,0.0102445436641573,0.1385321170091629,0.736771821975708,0.5730127096176147,0.0941670089960098,0.20100799202919
WA001,2005,3,0.0,0.0,0.0048908675089478,0.0307571552693843,0.0121725713834166,0.041212722659111,0.0
WA001,2005,4,0.0,0.0012255903566256,0.0005993914674036205,0.0022523843217641,0.1341317743062973,0.0047567384317517,0.0
WA001,2005,5,0.0,0.0273982882499694,0.0046498607844114,0.0600190795958042,0.1887683421373367,0.0430469922721385,0.0
WA001,2005,6,0.486,0.7550278902053833,0.0535195842385292,0.5864856839179993,0.2097340822219848,0.920113444328308,0.5207233428955078
WA001,2005,7,4.3168,4.306536674499512,1.4046592712402344,3.105703592300415,3.196730613708496,4.711098670959473,4.312008380889893
WA001,2005,8,10.8423,9.621611595153809,4.17859411239624,7.977932453155518,4.652977466583252,7.865478515625,8.257682800292969
WA001,2005,9,5.628,5.0945916175842285,2.7479560375213623,4.015171051025391,3.042579174041748,4.97963809967041,5.16859769821167
WA001,2005,10,1.6374,1.5921950340270996,0.1535228341817855,1.5307191610336304,1.6766058206558228,1.9687799215316768,1.2822014093399048
WA001,2005,11,0.0,0.0149962631985545,0.0085473759099841,0.0990476906299591,0.5728320479393005,0.069902092218399,0.0333333350718021
WA001,2005,12,0.0,0.0356208086013793,0.0012208834523335,0.0187571533024311,0.5356821417808533,0.0,0.0
WA001,2006,1,0.0,0.0222277231514453,0.019256679341197,0.0359999984502792,0.931118369102478,0.0102420123293995,0.0
WA001,2006,2,0.0436,0.0098734609782695,0.0206241495907306,0.1327762305736541,0.3478001356124878,0.0346112437546253,0.0290342085063457
WA001,2006,3,0.0,1.253675918633235e-07,0.003059817943722,0.0037476157303899,0.0400600619614124,0.0338114611804485,0.0
WA001,2006,4,0.0,0.0,0.0010584756964817,0.05100953951478,0.009270123206079,0.0056792898103594,0.0
WA001,2006,5,0.0,3.990554250776768e-05,0.0101145049557089,0.0734952315688133,0.239500418305397,0.033663272857666,0.0
WA001,2006,6,0.425,0.6632073521614075,0.0023781715426594,0.3358855545520782,0.2869529128074646,0.7286980152130127,0.4728085398674011
WA001,2006,7,1.8832,2.094485282897949,0.941007912158966,2.3863525390625,1.7194751501083374,2.7747623920440674,2.3666751384735107
WA001,2006,8,4.9174,5.362751007080078,3.977550506591797,6.416214466094971,3.547213792800904,6.112973690032959,5.4935503005981445
WA001,2006,9,7.7057,5.106888771057129,3.878619909286499,5.153962135314941,6.122219085693359,5.808902263641357,6.358211040496826
WA001,2006,10,1.1981,1.171194076538086,0.4907306730747223,1.91260027885437,1.969496726989746,1.2172824144363403,1.2257627248764038
WA001,2006,11,0.0,0.0009457708802074194,0.0013674963265657,0.0382523834705352,0.1542836427688598,0.0294256806373596,0.0
WA001,2006,12,0.0,0.0348925404250621,0.0065276944078505,0.0937666967511177,0.3276989161968231,0.0138588109984993,0.0
WA001,2007,1,0.0,0.0164905413985252,0.0009653109591454268,0.0225047674030065,0.1769590228796005,0.1022990643978118,0.0
WA001,2007,2,0.0,0.0075391228310763,0.0011347897816449,0.0022523843217641,0.2382658123970031,0.0010482257930561,0.0
WA001,2007,3,0.0,0.0009485494229011238,0.0011429673759266,0.0285047683864831,0.2090123444795608,0.0108174737542867,0.0
WA001,2007,4,0.0,0.0011287475936114,0.0018746448913589,0.0179999992251396,0.2278974801301956,0.0009532415424473584,0.0
WA001,2007,5,0.0,0.0026977593079209,0.001081068185158,0.0202523842453956,0.1576620787382125,0.0014621916925534,0.0
WA001,2007,6,0.1027,0.3150095641613006,0.0573365055024623,0.2227190285921096,0.1179481372237205,0.1323247849941253,0.081218846142292
WA001,2007,7,3.2055,2.595146894454956,4.227782726287842,3.084433078765869,1.318543791770935,1.5753251314163208,2.898874282836914
WA001,2007,8,3.6297,3.921542644500733,5.772003173828125,3.4299325942993164,4.096127986907959,4.829591274261475,4.195337772369385
WA001,2007,9,4.4097,6.198002338409424,1.9556342363357544,3.888885021209717,3.814951181411743,5.53513240814209,5.94351863861084
WA001,2007,10,0.0,0.1765546947717666,0.2082499414682388,0.0967571586370468,0.9521004557609558,0.4844296276569366,0.3951175510883331
WA001,2007,11,0.0,0.0166638735681772,0.0008891134057193995,0.0269904620945453,0.2382432520389557,0.3327193558216095,0.074984110891819
WA001,2007,12,0.0,0.0267012827098369,0.0006365173612721264,0.042019072920084,0.2898463010787964,0.0036260797642171,0.0
WA001,2008,1,0.0,0.0250385720282793,0.0022493097931146,0.0727762281894683,0.7412635087966919,0.0311311818659305,0.0
WA001,2008,2,0.0376,0.0070317685604095,0.068252682685852,0.1725429147481918,0.2519937455654144,0.118200346827507,0.1099775955080986
WA001,2008,3,0.0,0.0,0.0008466742583550513,0.0269904620945453,0.0068436553701758,0.041639320552349,0.0
WA001,2008,4,0.0,3.0427218007389456e-05,0.0031444423366338,0.0074952314607799,0.0071546416729688,0.0044884611852467,0.0
WA001,2008,5,0.0,5.905484067625366e-05,0.0007196345832198858,0.0937857702374458,0.0910370126366615,0.0030831897165626,0.0
WA001,2008,6,0.1313,0.8268093466758728,0.0293529517948627,0.5879237055778503,0.0810049921274185,0.5212023258209229,0.3644911050796509
WA001,2008,7,4.32,4.820469856262207,2.3260059356689453,3.462299346923828,3.414224863052368,5.686618804931641,3.8059821128845215
WA001,2008,8,6.8355,6.267884731292725,5.452236652374268,6.0629658699035645,6.019106864929199,9.615867614746094,5.6004791259765625
WA001,2008,9,7.1823,6.136017799377441,1.9600560665130613,4.980923652648926,3.881557941436768,4.254561424255371,6.393656730651856
WA001,2008,10,0.3306,0.5982568860054016,0.5585305094718933,1.235357403755188,1.480825424194336,1.2067142724990845,0.673344612121582
WA001,2008,11,0.0,0.002265908755362,0.000989000196568668,0.0345047712326049,0.1978549808263778,0.0016409003874287,0.0
WA001,2008,12,0.0,0.0267088077962398,0.0023300033062696,0.0450095348060131,0.1325476169586181,0.0494143664836883,0.0
WA001,2009,1,0.0,0.0329797342419624,0.001093634753488,0.0037476157303899,0.3065500259399414,0.1623498052358627,0.0
WA001,2009,2,0.0,0.0010087890550494,0.0010577779030427,0.0405047684907913,0.1083713993430137,0.0176682621240615,0.0
WA001,2009,3,0.0,2.867868147404806e-07,0.0033202583435922,0.063009537756443,0.1312033087015152,0.0052113332785665,0.0
WA001,2009,4,0.0,0.0,0.0010138357756659,0.0322523862123489,0.0187591705471277,0.0157745108008384,0.0
WA001,2009,5,0.0,3.055592969758436e-05,0.0060600973665714,0.0434761568903923,0.0245400760322809,0.0315133295953273,0.0
WA001,2009,6,0.0637,0.3317979872226715,0.0139781832695007,0.3262523710727691,0.2706941068172455,0.2341482639312744,0.1145521774888038
WA001,2009,7,1.9294,3.144387006759644,1.1685258150100708,3.3000195026397705,2.732152223587036,3.2299821376800537,3.132660150527954
WA001,2009,8,8.3477,8.589587211608887,4.161882400512695,7.189960479736328,7.891469478607178,9.623826026916504,8.7818603515625
WA001,2009,9,6.7897,5.895900726318359,3.252626895904541,5.767833232879639,5.1367363929748535,7.353000164031982,5.7561235427856445
WA001,2009,10,0.73,0.4781157672405243,0.9333142638206482,0.7216097116470337,1.2921816110610962,0.9136744141578674,0.6753884553909302
WA001,2009,11,0.001,0.0450182408094406,0.1920860558748245,0.0982714667916297,1.1494735479354858,0.2544406950473785,0.0
WA001,2009,12,0.0,0.0360628440976142,0.0021707662381231,0.2625810801982879,1.823477268218994,0.0047712819650769,0.0
WA001,2010,1,0.0,0.0179705824702978,0.0040432014502584,0.0179999992251396,0.3775859773159027,0.0005763988010585308,0.0
WA001,2010,2,0.0,0.0073847700841724,0.001764919841662,0.0217666905373334,0.1778133809566497,0.0186627116054296,0.0
WA001,2010,3,0.0,1.7476827451901045e-07,0.000692943052854389,0.047980923205614,0.0241467952728271,0.0022031394764781,0.0
WA001,2010,4,0.0,0.0007216871599666774,0.0067170076072216,0.0157476160675287,0.1308729946613311,0.008334944024682,0.0
WA001,2010,5,0.0,0.0220248308032751,0.0024107417557388,0.0502714626491069,0.0861313641071319,0.1138989329338073,0.0
WA001,2010,6,1.711,1.2789199352264404,0.1291281878948211,1.0204520225524902,1.2135907411575315,0.961778461933136,0.6769555807113647
WA001,2010,7,2.7942,1.976856112480164,0.5898835062980652,2.1366617679595947,2.4697859287261963,2.3674678802490234,2.2275500297546387
WA001,2010,8,5.7571,5.316079616546631,3.258349895477295,6.451533794403076,5.604495048522949,6.672609806060791,5.138871192932129
WA001,2010,9,9.838,10.31956386566162,5.323704242706299,8.992079734802246,7.582019805908203,11.55242156982422,10.708086967468262
WA001,2010,10,0.6687,0.7682226300239563,1.2791088819503784,1.332114577293396,1.677861571311951,1.6117538213729858,1.3588542938232422
WA001,2010,11,0.0,0.0012146801454946,0.002555418992415,0.0300000011920928,0.0815806686878204,0.0200099349021911,0.0083174379542469
WA001,2010,12,0.0,0.0351447090506553,0.0009254504111595452,0.0,0.2878687083721161,0.0617515854537487,0.0
WA001,2011,1,0.0,0.0387168899178504,0.0018525933846831,0.0397666916251182,0.4204889833927154,0.0073797837831079,0.0
WA001,2011,2,0.0,0.0076500154100358,0.0010129198199138,0.016504768282175,0.1258582770824432,0.054645475000143,0.0
WA001,2011,3,0.0,0.0,0.0008194940746761858,0.0,0.0124904196709394,0.0100582037121057,0.0
WA001,2011,4,0.0,2.82547659935517e-07,0.002760958392173,0.0022523843217641,0.0479159355163574,0.0,0.0
WA001,2011,5,0.0,0.0005969571648165584,0.001026713871397,0.012757153250277,0.0337809138000011,0.0118959508836269,0.0
WA001,2011,6,0.224,0.5198646187782288,0.0186961740255355,0.3254952430725097,0.4728733897209167,0.3828960955142975,0.2978537380695343
WA001,2011,7,1.0919,3.086588144302368,0.7272303700447083,1.4212238788604736,1.5366102457046509,2.2632057666778564,1.274026870727539
WA001,2011,8,6.4087,6.505303859710693,5.710165023803711,7.461671352386475,7.505593776702881,7.981044292449951,6.302073955535889
WA001,2011,9,3.2247,3.626285552978516,1.6344751119613647,3.15043306350708,3.397308826446533,3.2497169971466064,4.099877834320068
WA001,2011,10,0.2226,0.40668386220932,0.5386744737625122,0.2632237672805786,0.874729573726654,0.5889976024627686,0.6410865187644958
WA001,2011,11,0.0,0.0289418883621692,0.0012468673521652,0.0082523841410875,0.2890525758266449,0.0,0.0
WA001,2011,12,0.0,0.0343101844191551,0.0010452566202729,0.016504768282175,0.5751157402992249,0.0,0.0
WA001,2012,1,0.0,0.0265408381819725,0.0019840486347675,0.0187571533024311,0.4894216358661651,0.017421307042241,0.0
WA001,2012,2,0.0,0.0088894059881567,0.0052908528596162,0.0524856932461261,0.8979414701461792,0.0,0.0
WA001,2012,3,0.1277,0.0003863451420329511,0.0632579624652862,0.289533406496048,0.1864287257194519,0.0750433132052421,0.0
WA001,2012,4,0.0,0.0007505730609409511,0.0258325114846229,0.1545238494873047,0.276928573846817,0.0563385970890522,0.0
WA001,2012,5,0.0,0.0003530630783643573,0.0046201045624911,0.2400763183832168,0.1635082960128784,0.0684451535344123,0.0
WA001,2012,6,0.031,0.4745442569255829,0.0250823162496089,0.1394952237606048,0.3307524025440216,0.5343319177627563,0.1458028256893158
WA001,2012,7,2.9068,4.154407024383545,1.5309430360794067,3.10097599029541,1.265762448310852,4.834773540496826,2.814167261123657
WA001,2012,8,11.9768,9.674260139465332,5.3287129402160645,9.232136726379396,4.043703556060791,8.064157485961914,8.975385665893555
WA001,2012,9,6.8597,7.178691387176514,4.66041898727417,7.160914421081543,4.211925506591797,6.447694301605225,7.278997898101807
WA001,2012,10,0.0,0.5248345732688904,0.6999475359916687,0.2422523945569992,1.4570366144180298,0.6111622452735901,0.8829912543296814
WA001,2012,11,0.0023,0.0067342300899326,0.0017932275077328,0.0397476181387901,0.500849723815918,0.0467310510575771,0.0
WA001,2012,12,0.0,0.0358111001551151,0.0801915079355239,0.0,0.591621994972229,0.0652650892734527,0.0
WA001,2013,1,0.0,0.0432891063392162,0.0019165360135957,0.0397666916251182,0.7019618153572083,0.263851523399353,0.0
WA001,2013,2,0.0,0.0042866920121014,0.004731704480946,0.0547762289643287,0.1947213858366012,0.0686345696449279,0.0
WA001,2013,3,0.0,0.0002200992166763172,0.0025908718816936,0.0210095383226871,0.271228939294815,0.0123058157041668,0.0
WA001,2013,4,0.0,0.0005518440157175064,0.0045788590796291,0.0082523841410875,0.0246711913496255,0.0286701992154121,0.0
WA001,2013,5,0.0,0.0217346455901861,0.0095496512949466,0.0134952310472726,0.0561715811491012,0.0560954175889492,0.0
WA001,2013,6,0.4143,0.4405926167964935,0.0857833176851272,0.2474380284547805,0.1716959327459335,0.1801921129226684,0.4790725708007812
WA001,2013,7,1.4494,1.8153605461120603,1.085509181022644,2.082019090652466,2.109365224838257,2.25963830947876,1.6248012781143188
WA001,2013,8,9.4087,8.759835243225098,10.811532974243164,8.789619445800781,6.022140026092529,9.49598217010498,8.396771430969238
WA001,2013,9,6.1863,4.642863750457764,4.173846244812012,7.222765922546387,4.018886566162109,6.304975509643555,5.731141567230225
WA001,2013,10,1.0116,0.9389174580574036,0.3462258875370025,1.1789332628250122,1.6434224843978882,1.095117688179016,1.2721035480499268
WA001,2013,11,0.1157,0.0260889753699302,0.0574070885777473,0.471123993396759,0.8237383961677551,0.4005491137504577,0.3687100410461426
WA001,2013,12,0.2171,0.047668632119894,0.0362160727381706,0.426928848028183,0.4922246038913727,0.1048685610294342,0.0020155140664428
WA001,2014,1,0.0,0.0220444872975349,0.0072204722091555,0.1478239148855209,1.064659595489502,0.0546775013208389,0.0242089312523603
WA001,2014,2,0.0,0.0014045992866158,0.0008438267977908254,0.0,0.0475505627691745,0.121869221329689,0.0
WA001,2014,3,0.0,0.00029929823358543217,0.0009107847581617534,0.0225047692656517,0.1812640875577926,0.0729466304183006,0.0
WA001,2014,4,0.0,3.4575798224523175e-08,0.001088508288376,0.0517666898667812,0.0833129808306694,0.0219303052872419,0.0
WA001,2014,5,0.0,0.0138917574658989,0.0150968302041292,0.0352619253098964,0.0619149915874004,0.1077396050095558,0.0
WA001,2014,6,0.0003,0.1030479371547699,0.0019934675656259,0.0345047712326049,0.2442443370819091,0.1156994476914405,0.0395680740475654
WA001,2014,7,0.1084,0.7563675045967102,0.125510573387146,0.6479237079620361,0.972784698009491,0.9968883395195008,1.1832579374313354
WA001,2014,8,3.9113,4.575568675994873,2.0498030185699463,3.820556402206421,3.994356393814087,6.580770969390869,4.5662336349487305
WA001,2014,9,3.0037,4.327158451080322,1.853818655014038,2.7290713787078857,3.987762689590454,5.67378568649292,3.197795152664185
WA001,2014,10,0.2487,0.4916421175003052,0.1303571015596389,0.1888950765132904,1.053575038909912,0.4998121857643127,1.0946534872055054
WA001,2014,11,0.0,0.0071287364698946,0.0041093854233622,0.0637857690453529,0.1984643787145614,0.1504210829734802,0.0
WA001,2014,12,0.0,0.0369530133903026,0.0102321542799472,0.0247571524232625,0.5820887684822083,0.2156552672386169,0.0
WA001,2015,1,0.0,0.049892321228981,0.0026718517765402,0.0570286139845848,0.299731582403183,0.0759720206260681,0.0
WA001,2015,2,0.0,0.0088988533243536,0.0034367691259831,0.1170476824045181,0.1341500729322433,0.0843112170696258,0.0558369569480419
WA001,2015,3,0.0,0.00030294465250335634,0.0012029756326228,0.0082523841410875,0.1513636708259582,0.0233672298491001,0.0
WA001,2015,4,0.0,0.0002085562882712111,0.0017655112314969,0.006000000052154,0.0376434363424778,0.0140289980918169,0.0
WA001,2015,5,0.0,0.0015059391735121,0.0112291229888796,0.0435143038630485,0.0188366472721099,0.033573493361473,0.0
WA001,2015,6,0.0,0.0943989977240562,0.0010664891451597,0.0045047686435282,0.0928320959210395,0.1233515739440918,0.0729014128446579
WA001,2015,7,2.9106,1.7656980752944946,1.4279104471206665,2.8093044757843018,2.7031216621398926,2.7684733867645264,1.6752063035964966
WA001,2015,8,10.8464,9.291231155395508,8.137681007385254,7.240264415740967,7.864205360412598,8.539107322692871,9.24756145477295
WA001,2015,9,8.3523,7.934936046600342,4.215678691864014,4.490813255310059,6.516703605651856,5.049594879150391,2.972856283187866
WA001,2015,10,2.959,1.29649019241333,1.0712021589279177,1.6402524709701538,3.6005539894104004,2.236863374710083,2.1068129539489746
WA001,2015,11,0.0003,0.0301795620471239,0.0086402706801891,0.0495143048465251,0.052373070269823,0.6859990954399109,0.0
WA001,2015,12,0.0,0.0380095690488815,0.0017525801667943,0.0442714616656303,0.2588810324668884,0.07744812220335,0.0020155140664428
WA001,2016,1,0.0,0.0325337797403335,0.0007578395307064056,0.0,0.0014578667469322,0.066055379807949,0.0
WA001,2016,2,0.0,0.0102091217413544,0.0011527877068147,0.0067571527324616,0.0060755084268748,0.1211354061961174,0.0280330274254083
WA001,2016,3,0.0,0.0009717896464280784,0.0010947557166218,0.042019072920084,0.0099448915570974,0.0384942218661308,0.0
WA001,2016,4,0.0,0.0006122057093307376,0.0009575922158546746,0.1103096157312393,0.0347259938716888,0.0442103743553161,0.0
WA001,2016,5,0.0,0.0131982862949371,0.0018311775056645,0.0375143066048622,0.0747262313961982,0.0752264559268951,0.0020155140664428
WA001,2016,6,0.0,0.25787553191185,0.022285096347332,0.0405047684907913,0.2085138261318206,0.4145379960536957,0.1062347441911697
WA001,2016,7,1.9619,3.1465322971343994,1.6072531938552856,2.5039281845092773,4.925857067108154,5.573735237121582,3.549994468688965
WA001,2016,8,5.8065,4.563779830932617,4.9640793800354,4.677671432495117,4.520814418792725,3.842660188674927,4.344429969787598
WA001,2016,9,7.2753,6.832025527954102,4.309267520904541,7.8582444190979,5.864677429199219,7.06195068359375,7.574816703796387
WA001,2016,10,0.0042,0.215667575597763,0.0136753963306546,0.146233320236206,0.2674864530563354,0.2345533370971679,0.1814528107643127
WA001,2016,11,0.008,0.0309982746839523,0.061771847307682,0.0772619247436523,4.621983051300049,0.2675886452198028,0.0333333350718021
WA001,2016,12,0.0,0.035963874310255,0.0008435866329818964,0.0045047686435282,0.005826590117067,0.0858889296650886,0.0
WA001,2017,1,0.0,0.0426938720047473,0.0008870360907167196,0.0180190745741128,0.0124635780230164,0.1340966671705246,0.0
WA001,2017,2,0.0,0.0025872187688946,0.0072104688733816,0.0172619204968214,0.1368529349565506,0.0499670431017875,0.0
WA001,2017,3,0.0,2.282971217937302e-05,0.0032893593888729,0.012757153250277,0.0999292656779289,0.0089128110557794,0.0
WA001,2017,4,0.0,0.0024043105076998,0.0009442698210477828,0.016504768282175,0.0176168903708457,0.009597910568118,0.0
WA001,2017,5,0.0,0.0252572894096374,0.0113895777612924,0.0277476161718368,0.159972995519638,0.1239916160702705,0.0020155140664428
WA001,2017,6,0.581,0.8338127136230469,0.1103227511048317,1.0281569957733154,1.7262221574783323,0.3060161173343658,0.4457392394542694
WA001,2017,7,3.8503,4.427755832672119,0.6188162565231323,5.03643798828125,3.788774728775024,1.37858247756958,2.56418514251709
WA001,2017,8,5.6697,5.960723400115967,4.205578327178955,3.8286750316619873,6.184638977050781,6.0131683349609375,6.106482028961182
WA001,2017,9,3.5807,2.680901050567627,2.165467977523804,2.7477521896362305,2.715020179748535,2.311035633087158,3.270773410797119
WA001,2017,10,0.239,0.3131605088710785,0.0035348751116544,0.4606192409992218,0.4607322812080383,0.4318046867847442,0.4475664496421814
WA001,2017,11,0.0,0.0416976101696491,0.0008580036228522658,0.0397285409271717,0.0290913116186857,0.1838985085487365,0.0
WA001,2017,12,0.0,0.0263654794543981,0.0008444145787507296,0.0090095372870564,0.0070564304478466,0.0561274997889995,0.0
WA001,2018,1,0.0,0.0039903619326651,0.0008174238610081375,0.0,0.0001245196035597,0.0183751136064529,0.0
WA001,2018,2,0.0021,0.0080738458782434,0.027860127389431,0.1298048496246338,0.0293711479753255,0.166485458612442,0.0
WA001,2018,3,0.0003,3.2564497814746574e-05,0.0086721973493695,0.006000000052154,0.0824216902256012,0.0351670682430267,0.0
WA001,2018,4,0.0,3.640594513854012e-05,0.001012897118926,0.0,0.0516844354569911,0.0042710886336863,0.0
WA001,2018,5,0.0,0.0,0.000980875687673688,0.0120000001043081,0.0034223042894154,0.0062526906840503,0.0
WA001,2018,6,0.674,0.5109773278236389,0.1310516148805618,0.6861951947212219,0.3196278512477875,0.3218298554420471,0.5936247706413269
WA001,2018,7,0.4235,0.6657489538192749,0.2397492080926895,1.215747594833374,2.0420494079589844,1.333742380142212,1.274026870727539
WA001,2018,8,3.6552,4.73768949508667,1.7617703676223757,3.2263901233673096,4.628496170043945,5.263454437255859,4.348584175109863
WA001,2018,9,6.2783,4.19446325302124,4.035614967346191,4.579094409942627,6.583858966827393,6.120252132415772,5.770709991455078
WA001,2018,10,0.5632,0.5964558124542236,0.1527981907129287,0.3577094972133636,1.045762300491333,0.9102253913879396,1.2076157331466677
WA001,2018,11,0.002,0.029421342536807,0.0786520168185234,0.1875524520874023,0.2672432363033294,0.1496074497699737,0.1000000014901161
WA001,2018,12,0.0,0.0340223759412765,0.0023450199514627,0.0082523841410875,0.0052158194594085,0.0608775243163108,0.0
WA001,2019,1,0.0,0.0346348658204078,0.0009677759953774512,0.0022523843217641,0.1970644444227218,0.0337995775043964,0.0
WA001,2019,2,0.0,0.0094891125336289,0.0012714732438325,0.0067571527324616,0.0141576277092099,0.1757895052433014,0.0
WA001,2019,3,0.0,7.079001534293639e-06,0.0312400832772254,0.010504768230021,0.0259829815477132,0.0329330377280712,0.0
WA001,2019,4,0.0,0.002574312267825,0.0014555808156728,0.0195143073797225,0.0142935682088136,0.0413797535002231,0.0
WA001,2019,5,0.0,6.7401520027488e-06,0.0104781668633222,0.0585047714412212,0.0067978980951011,0.0121486550197005,0.0
WA001,2019,6,0.0033,0.3091268241405487,0.0010721039725467,0.0712428465485572,0.446393609046936,0.105574145913124,0.0
WA001,2019,7,1.0984,0.7579295635223389,0.055637989193201,0.8271284103393555,0.5824992060661316,1.14582622051239,0.0725652575492858
WA001,2019,8,6.1194,5.912788391113281,4.631108283996582,5.934274673461914,5.535821437835693,6.8263092041015625,7.098571300506592
WA001,2019,9,6.53,5.236685276031494,2.668057441711426,7.023200988769531,4.038183689117432,6.608663082122803,3.337353229522705
WA001,2019,10,1.8103,1.1029022932052612,2.478464126586914,2.2412004470825195,2.846952676773072,2.5005204677581787,2.43961763381958
WA001,2019,11,0.0,0.0114857386797666,0.0007276067044585943,0.0195143073797225,0.051666997373104,0.083295501768589,0.0
WA001,2019,12,0.0,0.0272293481975793,0.0010733276139944,0.010504768230021,0.0648158714175224,0.0820622742176055,0.0
WA001,2020,1,0.0,0.0307745020836591,0.0037971134297549,0.0270095374435186,0.030852735042572,0.0602098256349563,0.0
WA001,2020,2,0.0,0.0061044790782034,0.0011526437010616,0.0330095365643501,5.150978088378906,0.0868366062641143,0.0
WA001,2020,3,0.0,0.0,0.0006652130978181958,0.0142523841932415,1.9039227962493896,0.0061884331516921,0.0
WA001,2020,4,0.0,4.34533940278925e-05,0.0011853023897856,0.021009536460042,4.686220645904541,0.0096655450761318,0.0
WA001,2020,5,0.0,0.0272003524005413,0.000689129636157304,0.0225047692656517,0.0284393411129713,0.0305942073464393,0.0
WA001,2020,6,0.1447,0.4319030344486236,0.0030893892981112,0.3637857735157013,0.222637727856636,0.2629986107349396,0.0333333350718021
WA001,2020,7,4.32,5.465216636657715,2.3296220302581787,5.089928150177002,6.778268814086914,8.10983657836914,4.538279533386231
WA001,2020,8,4.0339,4.649912357330322,2.78039813041687,4.457637786865234,7.744168281555176,5.045735836029053,4.038013935089111
WA001,2020,9,9.58,8.061901092529297,7.588530540466309,7.585070610046387,10.892728805541992,9.021862983703612,13.881765365600586
WA001,2020,10,0.9581,1.1242846250534058,0.682427167892456,0.6554380059242249,3.7965645790100098,1.4466394186019895,0.9092772006988524
WA001,2020,11,0.0,0.0017884892877191,0.001041276846081,0.108757160604,0.0182300452142953,0.1029384657740593,0.0
WA001,2020,12,0.0,0.0361999422311782,0.0007887203246355057,0.0397666916251182,0.3603426516056061,0.0560687482357025,0.0
WA002,2001,1,0.0,0.001635717228055,0.0009163236827589571,0.0,7.6871056080563e-06,0.0,0.0
WA002,2001,2,0.0,0.0070769828744232,0.0011192760430276,0.0,1.873143446573522e-06,0.0,0.0
WA002,2001,3,0.0,0.0094815427437424,0.0043365540914237,0.0270028132945299,0.0069748871028423,0.0280952211469411,0.0
WA002,2001,4,1.056,0.4108986854553222,0.0416763834655284,0.8775851130485535,0.4775119721889496,0.9254119396209716,0.510383129119873
WA002,2001,5,0.2545,1.3407914638519287,0.6115099787712097,0.7483717799186707,0.7516192197799683,1.4105132818222046,1.8667629957199097
WA002,2001,6,4.885,3.5135490894317627,3.51697325706482,4.572721481323242,4.426692008972168,5.585143566131592,5.147864818572998
WA002,2001,7,6.3152,5.683224678039551,6.40070104598999,7.562602519989014,6.362796783447266,8.85977554321289,7.570606708526611
WA002,2001,8,8.3526,7.074719429016113,7.519333362579346,8.160367012023926,6.477367401123047,9.710431098937988,7.391130924224853
WA002,2001,9,2.9253,3.170710563659668,4.062258243560791,3.132982015609741,4.078684329986572,4.833739280700684,4.308383941650391
WA002,2001,10,1.4465,1.0715659856796265,0.2243797183036804,0.9397712349891664,0.8337728381156921,0.8427997827529907,1.0967657566070557
WA002,2001,11,0.0203,0.0267283394932746,0.002782966941595,0.1692089736461639,0.022553164511919,0.1568533778190612,0.0249884519726037
WA002,2001,12,0.0,0.0080497711896896,0.0010064394446089,0.0,1.2091363714716865e-05,0.0,0.0
WA002,2002,1,0.0374,0.000950041168835014,0.1071740537881851,0.0900873467326164,0.0211284384131431,0.0475163981318473,0.0
WA002,2002,2,0.0036,0.005336991045624,0.0012564886128529,0.0112454537302255,1.0897826541622637e-05,0.0003841521684080362,0.02679343521595
WA002,2002,3,0.0397,0.022555885836482,0.0438469685614109,0.0511022880673408,0.0627250373363494,0.0317024067044258,0.0967741906642913
WA002,2002,4,0.406,0.3285691142082214,0.08440912514925,0.5729551911354065,0.240891546010971,0.2866805791854858,0.6270454525947571
WA002,2002,5,0.8984,0.9862107634544371,0.9412967562675476,1.0400158166885376,0.8811087012290955,1.2423266172409058,0.8386831283569336
WA002,2002,6,2.7723,3.606548547744751,3.168595314025879,2.586777687072754,2.761002540588379,4.509009838104248,2.593740940093994
WA002,2002,7,6.7955,6.564751625061035,5.293515682220459,5.664634704589844,6.064278602600098,5.575859069824219,4.834739685058594
WA002,2002,8,10.9829,7.7226948738098145,8.909412384033203,7.68938684463501,7.490890979766846,9.253487586975098,7.592799663543701
WA002,2002,9,2.734,3.062452554702759,5.548288345336914,3.206216812133789,3.962288618087769,4.458903789520264,4.172966003417969
WA002,2002,10,1.7329,1.2332484722137451,2.257452249526977,2.7470991611480717,1.7772116661071775,2.457646369934082,2.9657247066497803
WA002,2002,11,0.0,0.0850327461957931,0.0014161439612507,0.0082467580214142,0.002526031807065,0.0256428979337215,0.0
WA002,2002,12,0.0,0.0059651671908795,0.0341120548546314,0.0175373349338769,0.0146477241069078,0.0039686835370957,0.0
WA002,2003,1,0.0006,0.0013899612240493,0.0134897734969854,0.0241932887583971,0.0262947883456945,0.0,0.0
WA002,2003,2,0.0004,0.0021263533271849,0.0014110088814049,0.0304609332233667,0.0020444674883037,0.0668215602636337,0.0
WA002,2003,3,0.0,0.0093198353424668,0.0049455775879323,0.020820777863264,0.00050979712978,0.0077533740550279,0.0
WA002,2003,4,0.6573,0.4312970340251922,0.3422221839427948,0.6517296433448792,0.3628165423870086,0.8121628761291504,0.5416319966316223
WA002,2003,5,1.7713,1.3822981119155884,0.4820118844509125,1.729645609855652,1.41673481464386,1.4926676750183103,1.1753617525100708
WA002,2003,6,5.586,4.1037139892578125,4.000964641571045,5.345678329467773,3.418569803237915,6.611521720886231,5.06658411026001
WA002,2003,7,9.2674,9.293551445007324,5.282028198242188,9.46633243560791,5.936676979064941,9.256141662597656,8.540367126464844
WA002,2003,8,7.0729,7.470118045806885,9.857185363769531,8.55180549621582,3.910369634628296,9.837028503417969,7.643189907073975
WA002,2003,9,11.194,6.283415794372559,6.65250301361084,6.903604030609131,4.091579914093018,7.9631571769714355,7.750008583068848
WA002,2003,10,1.681,1.5425981283187866,1.8601866960525515,1.6305752992630005,0.9354353547096252,1.819541454315185,1.7419368028640747
WA002,2003,11,0.1823,0.1487277746200561,0.2010048776865005,0.2920602858066559,0.2003106921911239,0.4037354588508606,0.2562373876571655
WA002,2003,12,0.0,0.0073651541024446,0.0009412480285391212,0.0,2.3519123715232126e-05,0.0,0.0
WA002,2004,1,0.0084,0.0011880501406267,0.0417915321886539,0.0178164541721344,0.0551680549979209,0.0,0.0
WA002,2004,2,0.011,0.0030277706682682,0.0312633067369461,0.0405951291322708,0.0238496493548154,0.0421154610812664,0.0258695222437381
WA002,2004,3,0.0016,0.0313052460551261,0.0090843923389911,0.0669406950473785,0.0976715013384819,0.0323764644563198,0.0060403659008443
WA002,2004,4,1.3817,0.7052993178367615,0.4513518214225769,1.0074316263198853,0.8237254619598389,0.9093055129051208,1.0936933755874634
WA002,2004,5,1.2658,0.704369306564331,0.4262327849864959,1.0362322330474854,1.4803637266159058,1.4610615968704224,1.0382719039916992
WA002,2004,6,6.7683,4.438830375671387,2.4638006687164307,7.108974933624268,4.931476593017578,6.581618785858154,2.3165972232818604
WA002,2004,7,13.4274,6.682317733764648,8.465991020202637,11.410659790039062,7.842502117156982,10.164889335632324,9.76412868499756
WA002,2004,8,9.641,8.789864540100098,5.6768107414245605,8.969053268432617,6.680701732635498,9.507607460021973,8.536287307739258
WA002,2004,9,2.6827,3.7662782669067374,3.466484546661377,2.4729695320129395,2.2980058193206787,4.23215913772583,3.4960286617279053
WA002,2004,10,0.4174,0.7958959341049194,0.1981246024370193,0.8295939564704895,0.6833142042160034,1.0342930555343628,0.0322580635547637
WA002,2004,11,0.0003,0.023828824982047,0.0096724582836031,0.0346857085824012,0.0433495193719863,0.0277933124452829,0.2541717290878296
WA002,2004,12,0.0,0.0013425594661384,0.0010244291042909,0.0052510807290673,4.0381277358392254e-05,0.0,0.0
WA002,2005,1,0.0068,0.0009653009474277496,0.0174738373607397,0.0242806281894445,0.0015678608324378,0.0050379405729472,0.0
WA002,2005,2,0.0,0.0029295952990651,0.0055815740488469,0.0237249974161386,0.0607161410152912,0.0042857001535594,0.0067076426930725
WA002,2005,3,0.1268,0.0726749300956726,0.0978386551141738,0.2051175236701965,0.0564689226448535,0.1797658205032348,0.0645161271095275
WA002,2005,4,0.5083,0.4790236055850982,0.1171092838048935,0.355401873588562,0.2172584384679794,0.1802879124879837,0.4374747276306152
WA002,2005,5,0.9632,0.9916276931762696,1.0501823425292969,1.3155027627944946,0.9666703343391418,1.9391311407089236,1.3871065378189087
WA002,2005,6,4.9207,5.193018436431885,3.438267707824707,4.581372261047363,3.009798288345337,5.832618713378906,8.352505683898926
WA002,2005,7,8.2177,6.200518131256104,5.083496570587158,7.066096305847168,3.961839199066162,6.378631591796875,4.360915660858154
WA002,2005,8,10.7623,10.735260009765623,7.26808500289917,9.064053535461426,6.276609420776367,8.211008071899414,10.689520835876465
WA002,2005,9,4.6797,4.765071392059326,4.369362831115723,3.9925594329833984,3.2449169158935547,5.597306251525879,5.160455226898193
WA002,2005,10,1.261,1.4933279752731323,0.3782788813114166,1.006845474243164,0.6820611357688904,1.6572741270065308,1.3125338554382324
WA002,2005,11,0.0027,0.0118038477376103,0.0125540057197213,0.0122765116393566,0.0021587105002254,0.01224219892174,0.0
WA002,2005,12,0.0,0.0031937065068632,0.0011507037561386,0.0,3.7804497878823895e-06,0.0053650680929422,0.0
WA002,2006,1,0.0,0.0010440333280712,0.0072959405370056,0.0453917756676673,0.3171542584896087,0.0,0.0
WA002,2006,2,0.0,0.0036826466675847,0.0208649393171072,0.021940903738141,0.0211151707917451,0.0225371588021516,0.0
WA002,2006,3,0.0013,0.0264151357114315,0.0117619279772043,0.0820096358656883,0.0197232495993375,0.0542116276919841,0.1048317328095436
WA002,2006,4,5.068,0.8890466690063477,0.361845463514328,2.2671127319335938,1.032951831817627,1.5739909410476685,0.2270353585481643
WA002,2006,5,3.9013,2.7915048599243164,1.1332193613052368,3.0052714347839355,1.7624117136001587,2.0788679122924805,3.935377597808838
WA002,2006,6,3.22,3.1489031314849854,1.612011432647705,2.8014020919799805,1.8233215808868408,3.2209954261779785,3.7247848510742183
WA002,2006,7,3.4439,4.015973567962647,4.937341213226318,4.433289051055908,2.6738195419311523,6.103272438049316,5.56889533996582
WA002,2006,8,8.2981,7.744781017303467,5.7568559646606445,8.458248138427734,5.504256248474121,10.86811351776123,7.562575340270996
WA002,2006,9,10.619,7.897745132446289,6.880074977874756,8.518386840820312,5.081720352172852,7.400613307952881,7.725018501281738
WA002,2006,10,1.1471,1.0321789979934692,1.4112852811813354,1.3972951173782349,0.5687791705131531,2.152416229248047,1.2721539735794067
WA002,2006,11,0.0,0.007675094064325,0.0009313890477642416,0.0403145030140876,4.813426130567677e-06,0.0143572343513369,0.0
WA002,2006,12,0.0,0.0069483118131756,0.0012584517244249,0.0240000002086162,4.847539912589127e-06,0.0004203524731565267,0.0
WA002,2007,1,0.0,0.0010614895727485,0.0008859983645379543,0.0,4.03909471060615e-05,0.0,0.0
WA002,2007,2,0.0,0.0020767487585544,0.0011347897816449,0.0,0.0386913642287254,0.0023638547863811,0.02679343521595
WA002,2007,3,0.0006,0.0235008019953966,0.001362650305964,0.0,0.0007883841753937,0.0157531201839447,0.0383165776729583
WA002,2007,4,0.4377,0.2635744214057922,0.1286361664533615,0.3540611863136291,0.0834661051630973,0.2105278968811035,0.8748152852058411
WA002,2007,5,2.0952,1.663815140724182,0.2857997715473175,2.182595729827881,0.9236655831336976,1.4699946641921997,0.641200840473175
WA002,2007,6,4.335,2.8129446506500244,1.229089856147766,2.624222993850708,2.219860553741455,3.211949586868286,3.024952173233032
WA002,2007,7,6.6535,6.2358832359313965,5.861041069030762,6.409643173217773,6.466055870056152,7.926003932952881,6.489957332611084
WA002,2007,8,8.3126,7.85340690612793,8.279709815979004,7.546886920928955,9.237321853637695,11.402388572692873,8.371085166931152
WA002,2007,9,5.0593,4.65540885925293,3.9973435401916495,4.112364768981934,3.6875078678131104,5.149091720581055,4.956248760223389
WA002,2007,10,1.1287,1.1704342365264893,1.9835402965545652,1.132189154624939,1.0190787315368652,1.212228536605835,1.1915228366851809
WA002,2007,11,0.0,0.0552167929708957,0.0448866076767444,0.0144374398514628,0.0150274271145462,0.0740514025092125,0.3062229752540588
WA002,2007,12,0.0,0.0002425114216748625,0.0325203239917755,0.0241932887583971,3.4207303542643785e-05,0.0005050466279499233,0.0
WA002,2008,1,0.0,0.00018785803695209324,0.0012466058833524,0.0,0.0001384759088978,0.0,0.0
WA002,2008,2,0.0,0.00014965135778766123,0.0011106166057288,0.0,2.670041340024909e-06,0.0095528149977326,0.0
WA002,2008,3,0.1745,0.0453185550868511,0.1994017511606216,0.5755806565284729,0.0442999862134456,0.0886247083544731,0.2338821440935135
WA002,2008,4,1.7043,0.8237825036048889,0.2678248286247253,1.6723484992980957,0.802847146987915,1.0481663942337036,1.3374284505844116
WA002,2008,5,0.75,1.524982452392578,0.8366658687591553,1.8968104124069212,0.3891400992870331,1.9622747898101809,2.3467280864715576
WA002,2008,6,4.6867,3.730727434158325,4.490807056427002,4.789507865905762,4.27464771270752,6.149150848388672,4.074975490570068
WA002,2008,7,10.1597,8.824352264404297,7.086754322052002,9.176634788513184,8.622465133666992,8.269761085510254,8.552484512329102
WA002,2008,8,15.0129,11.524033546447754,7.462532997131348,11.39362621307373,8.48326301574707,12.959529876708984,10.713757514953612
WA002,2008,9,6.017,5.041238784790039,4.942550659179688,4.789532661437988,5.722121715545654,5.195955753326416,4.883368015289307
WA002,2008,10,5.5484,2.977776288986206,1.8462486267089844,5.131428718566895,1.934467315673828,2.743912935256958,4.126981735229492
WA002,2008,11,0.0,0.0070523871108889,0.0027557609137147,0.0694726109504699,1.5579494174744468e-06,0.0135396504774689,0.0
WA002,2008,12,0.0,4.549765071715228e-05,0.0097204651683568,0.0065668835304677,0.0063943453133106,0.000994906877167523,0.0
WA002,2009,1,0.0,0.0014856260968372,0.001093634753488,0.0,0.0079224044457077,0.0,0.0
WA002,2009,2,0.0,0.00018703556270338595,0.4600329995155334,0.0317897200584411,0.0620447732508182,0.0269109942018985,0.0
WA002,2009,3,0.0865,0.09654051810503,0.1833270639181137,0.2333546429872512,0.0928438976407051,0.4251695275306701,0.1310494393110275
WA002,2009,4,0.002,0.1788461357355117,0.0969638079404831,0.0741535723209381,0.2545906901359558,0.2212376296520233,0.3187279999256134
WA002,2009,5,1.3281,0.990078330039978,0.3439945876598358,1.7873075008392334,0.9002384543418884,1.977908730506897,1.1612457036972046
WA002,2009,6,3.616,3.181060552597046,3.2955431938171387,2.908811330795288,4.459307670593262,4.433919906616211,3.2520439624786377
WA002,2009,7,7.4874,5.997572898864746,6.047983169555664,5.764217853546143,6.181212902069092,4.725822925567627,5.981904029846191
WA002,2009,8,8.1171,6.945293426513672,8.655362129211426,6.283685207366943,7.208912849426269,6.574454307556152,6.780298233032227
WA002,2009,9,10.1737,8.50881290435791,5.34342622756958,12.187780380249023,9.27454948425293,8.71497631072998,9.381322860717772
WA002,2009,10,1.2465,1.3538222312927246,1.4401514530181885,2.368433713912964,2.188112497329712,2.4846413135528564,1.766127586364746
WA002,2009,11,0.091,0.1636692881584167,0.822690486907959,0.3862524032592773,0.1775669008493423,0.1822134107351303,0.3874862790107727
WA002,2009,12,0.0,0.0077269948087632,0.0010313636157661,0.0,0.0001426926901331,0.0,0.0
WA002,2010,1,0.0,0.0011131769279018,0.0008675187127664685,0.0552323572337627,0.0004077110206708,0.00010477640898898244,0.0
WA002,2010,2,0.0,0.0013712601503357,0.0050708367489278,0.0532372221350669,0.0041714250110089,0.037337489426136,0.02679343521595
WA002,2010,3,0.0223,0.0072747864760458,0.0054733734577894,0.1476754397153854,0.0107471421360969,0.0222108978778123,0.0564404353499412
WA002,2010,4,0.5963,0.4614928364753723,0.4296322166919708,0.9502373933792114,0.3743192255496979,0.4949755668640136,1.079106688499451
WA002,2010,5,3.2584,2.876030206680298,1.4880236387252808,3.959587812423706,3.248100519180298,3.368502140045166,3.199491024017334
WA002,2010,6,5.1197,3.3780112266540527,2.677072286605835,4.952408790588379,4.83614444732666,3.945336103439331,5.0582380294799805
WA002,2010,7,6.9006,6.049382209777832,7.065332889556885,8.637871742248535,5.797414779663086,6.430407524108887,6.709614276885986
WA002,2010,8,10.7581,9.311992645263672,8.598785400390625,10.239364624023438,10.250432014465332,7.981085777282715,9.245981216430664
WA002,2010,9,10.812,7.817079544067383,7.931935787200928,9.312260627746582,8.584967613220215,7.105694770812988,8.908376693725586
WA002,2010,10,2.281,1.7046316862106323,2.354511260986328,2.1884074211120605,1.8997091054916384,2.5627694129943848,2.338679075241089
WA002,2010,11,0.0063,0.0204774644225835,0.0762885883450508,0.0887715369462966,0.0368760265409946,0.0150424009189009,0.0250072050839662
WA002,2010,12,0.0,0.0015564300119876,0.0008855537744238973,0.0005612570093944669,2.5075300072785467e-05,0.0165248066186904,0.0
WA002,2011,1,0.0,0.0010881992056965,0.0010940762003883,0.0,4.831522801396204e-06,0.0,0.0
WA002,2011,2,0.0,0.0,0.0010430352995172,0.0098503250628709,0.0009473948739469,0.0009876847034320235,0.0
WA002,2011,3,0.001,0.0081707052886486,0.0480785816907882,0.0537232682108879,0.0255889110267162,0.0345422774553298,0.1552499532699585
WA002,2011,4,0.703,0.4117083549499511,0.2548045217990875,0.8141106367111206,0.3710997700691223,0.7894496321678162,0.608298659324646
WA002,2011,5,2.6855,1.594578742980957,1.3313355445861816,1.9505945444107056,2.049872636795044,1.5148588418960571,1.868905782699585
WA002,2011,6,4.6523,3.7658169269561768,2.4125304222106934,4.874019145965576,3.1195228099823,4.86913013458252,3.406205654144287
WA002,2011,7,8.7587,6.773386955261231,4.791079521179199,8.72016429901123,7.494394302368164,6.062160968780518,7.028306007385254
WA002,2011,8,10.3842,9.637452125549316,9.08751106262207,10.436881065368652,9.476324081420898,8.049666404724121,6.863522529602051
WA002,2011,9,2.603,3.348926305770874,3.797600984573364,2.763317346572876,3.369048595428467,3.711173534393311,3.5020394325256348
WA002,2011,10,1.3735,0.7275193929672241,0.4495307505130768,1.0046100616455078,0.6912795901298523,0.7531304359436035,1.2096284627914429
WA002,2011,11,0.0,0.0028975419700145,0.0009324863203801216,0.0032834417652338,0.0010079969651997,0.0182822532951831,0.1895707100629806
WA002,2011,12,0.0,0.0013398254523053,0.0008039539097808301,0.0240000002086162,1.319754801443196e-06,0.0033562753815203,0.0
WA002,2012,1,0.0,2.942487844848074e-05,0.0008587705669924617,0.0032834417652338,6.726476840412943e-06,0.00012525022611953318,0.0
WA002,2012,2,0.0,0.0024457175750285,0.0027819378301501,0.0932890698313713,0.0020419710781425,0.0473451651632785,0.0
WA002,2012,3,0.0161,0.0020736097358167,0.0519124567508697,0.0705951228737831,0.0148524679243564,0.028660736978054,0.0
WA002,2012,4,1.6173,0.4221668541431427,0.2768933475017547,0.7427883744239807,0.3081296980381012,0.745902955532074,0.8437077403068542
WA002,2012,5,1.7187,1.018922209739685,1.548219919204712,2.1482717990875244,1.101324200630188,2.2442550659179688,1.497942328453064
WA002,2012,6,8.5507,4.6403584480285645,4.596760749816895,7.491127014160156,4.87695837020874,5.325488567352295,4.883217811584473
WA002,2012,7,10.1774,10.47053337097168,6.545091152191162,11.066737174987791,7.891254425048828,9.553766250610352,12.199252128601074
WA002,2012,8,12.3484,9.141250610351562,5.384799480438232,10.148309707641602,10.73545742034912,10.409066200256348,9.350850105285645
WA002,2012,9,7.2133,5.453010559082031,5.027886867523193,3.835099458694458,6.0997395515441895,6.731624603271484,3.525151252746582
WA002,2012,10,0.2377,1.5112344026565552,1.8383913040161133,0.7208810448646545,1.3456926345825195,1.4271035194396973,2.350762367248535
WA002,2012,11,0.1217,0.098501056432724,0.1468611359596252,0.3791818618774414,0.1040776595473289,0.4160952270030975,0.072908379137516
WA002,2012,12,0.0,0.004525720141828,0.0008735882584005594,0.0,0.0015157026937231,0.0032190417405217,0.0
WA002,2013,1,0.0,0.0011688211234286,0.022652281448245,0.0720071345567703,0.0230640061199665,0.0166258942335844,0.0
WA002,2013,2,0.0079,6.487432983703911e-05,0.0013220639666542,0.0471550971269607,0.0001968562719412,0.0106554264202713,0.02679343521595
WA002,2013,3,0.0958,0.0148914223536849,0.0045339078642427,0.0236359275877475,0.0063049844466149,0.1146024391055107,0.137089803814888
WA002,2013,4,0.7457,0.088885098695755,0.0743832513689994,0.1693404167890548,0.2160341590642929,0.3281826078891754,1.120784878730774
WA002,2013,5,2.729,0.711430549621582,0.9395391345024108,1.4242500066757202,1.0476425886154177,1.6428426504135132,1.1309586763381958
WA002,2013,6,5.5407,3.422858953475952,3.4184060096740723,6.051766395568848,2.716305017471313,5.683013916015625,3.347883939743042
WA002,2013,7,6.5035,16.108022689819336,5.93363618850708,5.455395221710205,4.462684154510498,5.368184566497803,5.701573848724365
WA002,2013,8,8.5958,9.94296169281006,8.656560897827148,9.36972999572754,10.392182350158691,10.948738098144531,11.33269214630127
WA002,2013,9,5.209,4.542623996734619,3.184673309326172,5.335042953491211,6.094717502593994,5.955075740814209,5.073014736175537
WA002,2013,10,2.6323,2.199932336807251,0.6948069930076599,2.614126920700073,2.6042754650115967,2.585552215576172,3.054442882537842
WA002,2013,11,0.0007,0.0535615682601928,0.0036891892086714,0.014253893867135,7.449189433827996e-05,0.1111583933234214,0.0
WA002,2013,12,0.0,0.005816129501909,0.0304360371083021,0.0183848477900028,1.1710018043231685e-05,0.0531150698661804,0.0
WA002,2014,1,0.0,0.0003477240970823914,0.0084391748532652,0.0,0.0033171004615724,0.0468060672283172,0.0
WA002,2014,2,0.0,0.0003714987251441926,0.0008438267977908254,0.0065668835304677,7.858958997530863e-05,0.028171332553029,0.0
WA002,2014,3,0.0,0.0143865402787923,0.0037174229510128,0.0324430651962757,0.0002266206720378,0.0589069575071334,0.0
WA002,2014,4,0.608,0.2221681177616119,0.0598583742976188,0.5868910551071167,0.9862321615219116,0.2987291812896728,1.1269315481185913
WA002,2014,5,7.2452,3.2718937397003174,2.1763927936553955,8.2018404006958,4.559518337249756,4.417037487030029,1.4979702234268188
WA002,2014,6,7.5637,3.123105525970459,2.952364206314087,9.609930992126465,7.381707668304443,5.5659379959106445,6.84125566482544
WA002,2014,7,4.0152,4.100154876708984,4.15900468826294,4.879571914672852,5.220692157745361,5.04857873916626,5.995790004730225
WA002,2014,8,5.6542,5.4867706298828125,5.713430881500244,5.402479648590088,8.041791915893555,8.788919448852539,6.872983455657959
WA002,2014,9,4.796,4.874987602233887,6.856905460357666,5.790671825408936,4.784199237823486,6.215207099914551,5.418776988983154
WA002,2014,10,0.2713,1.1904308795928955,1.2960115671157837,0.6693425178527832,1.0783523321151731,1.3248192071914673,2.7398834228515625
WA002,2014,11,0.067,0.0231379233300685,0.0837061554193496,0.2811886370182037,0.0717889666557312,0.459913969039917,0.3145779073238373
WA002,2014,12,0.0,0.0018230449641123,0.0036216804292052,0.0348020568490028,0.0001289564679609,0.0243908297270536,0.0
WA002,2015,1,0.0,0.0009544866043142974,0.0012192289577797,0.0572112537920475,3.093530542841449e-09,0.0081906858831644,0.0
WA002,2015,2,0.0,0.0009562951745465398,0.0036510110367089,0.1551025807857513,0.0026934933848679,0.0504814684391021,0.0
WA002,2015,3,0.0,0.0250736083835363,0.0051499498076736,0.0118179637938737,2.500397749827244e-05,0.0498491078615188,0.0
WA002,2015,4,0.3027,0.3207426965236664,0.0422896854579448,0.2285474240779876,0.0265236943960189,0.2126031666994094,0.3166623413562774
WA002,2015,5,1.1123,1.0616655349731443,0.2862857580184936,0.8366231322288513,1.0095436573028564,1.3598644733428955,0.927399754524231
WA002,2015,6,5.7963,4.524786472320557,1.1667767763137815,3.7185423374176025,3.4302306175231934,5.514352798461914,4.335344314575195
WA002,2015,7,8.9948,7.069982051849365,6.300062656402588,7.326431751251221,8.698152542114258,7.830343246459961,7.572651863098144
WA002,2015,8,11.1542,7.179725646972656,9.132561683654783,8.182679176330566,11.568770408630373,9.83708953857422,9.036336898803713
WA002,2015,9,8.069,6.737574100494385,5.765353202819824,5.699947834014893,5.617221355438232,6.204326152801514,3.629389524459839
WA002,2015,10,3.3468,2.015383005142212,2.3404126167297363,3.058655261993408,2.7770090103149414,2.86747670173645,2.669318437576294
WA002,2015,11,0.0007,0.0661749467253685,0.0317067317664623,0.0513805262744426,0.0800933241844177,0.1783136427402496,0.1249884590506553
WA002,2015,12,0.0,0.0079254359006881,0.000813326274510473,0.0072187199257314,1.5164829392233514e-07,0.0283516757190227,0.0
WA002,2016,1,0.2997,0.0019209620077162,0.4129160046577453,0.2425273954868316,0.0145037891343235,0.0366240330040454,0.0
WA002,2016,2,0.0,0.004931341856718,0.0011527877068147,0.0240000002086162,6.113583861377947e-09,0.0844140648841857,0.0
WA002,2016,3,0.0,0.0283677093684673,0.0015588444657623,0.0278446990996599,0.0003190170391462,0.0289845988154411,0.0463741235435009
WA002,2016,4,0.302,0.5124820470809937,0.0438004881143569,0.8340070247650146,0.1053783297538757,0.9779743552207948,0.854118287563324
WA002,2016,5,2.4058,1.968934774398804,0.3548215925693512,3.0454115867614746,1.0642603635787964,1.949718952178955,1.7015570402145386
WA002,2016,6,5.7597,3.6840450763702393,3.079420328140259,5.510236740112305,6.568207740783691,5.8045654296875,4.781179904937744
WA002,2016,7,8.9284,7.960293769836426,5.816065788269043,7.39932918548584,10.5001859664917,9.318926811218262,7.675403118133545
WA002,2016,8,12.55,8.478191375732422,7.449750423431396,8.902853965759277,8.705474853515625,9.819093704223633,8.624985694885254
WA002,2016,9,4.2213,4.240335464477539,5.345815658569336,3.8071889877319336,5.280115127563477,5.511894702911377,5.291704177856445
WA002,2016,10,0.449,0.8744024038314819,1.0958247184753418,1.121584415435791,1.6967666149139404,1.4056349992752075,1.270191311836243
WA002,2016,11,0.0023,0.0746224075555801,0.0609354339540004,0.1693240404129028,0.1432419568300247,0.1669312417507171,0.1979155838489532
WA002,2016,12,0.0,0.0052793542854487,0.0040611778385937,0.0583994537591934,4.202535637887195e-05,0.0125431390479207,0.0
WA002,2017,1,0.0,0.0010911088902503,0.0009090472594834864,0.0183848477900028,2.7805761249055653e-08,0.0124697992578148,0.0
WA002,2017,2,0.0,0.0048256940208375,0.0018174432916566,0.0183848477900028,3.866020051646046e-06,0.0221844315528869,0.0
WA002,2017,3,1.0277,0.0633423253893852,0.0603709816932678,0.4761373400688171,0.3071476221084595,0.1602229326963424,0.0665333047509193
WA002,2017,4,0.161,0.2573803067207336,0.4115924537181854,0.4958863854408264,1.1416325569152832,0.3014149963855743,0.3229040503501892
WA002,2017,5,0.9532,2.69014573097229,1.4116491079330444,2.3283333778381348,2.012174129486084,2.8094654083251958,2.266087055206299
WA002,2017,6,2.3127,2.7074735164642334,3.8707447052001953,3.715635299682617,3.709397792816162,0.1238095164299011,3.166649341583252
WA002,2017,7,10.0319,8.687466621398926,3.672234058380127,10.507351875305176,7.582968711853027,0.2431701570749282,7.911311149597168
WA002,2017,8,6.9761,7.604782581329346,7.049252510070801,7.262287139892578,11.685766220092772,9.175873756408691,7.488003253936768
WA002,2017,9,2.8503,3.5309112071990967,4.789965152740479,4.633661270141602,4.340551853179932,5.563920497894287,4.039557456970215
WA002,2017,10,0.1465,0.4371651113033294,0.5928603410720825,0.3559158742427826,0.5418124198913574,0.8150711059570312,0.9939512014389038
WA002,2017,11,0.0,0.0400465726852417,0.0139047959819436,0.0183848477900028,0.0005557488766498,0.1228278651833534,0.0
WA002,2017,12,0.0,0.0020266473293304,0.0008444145787507296,0.0183848477900028,4.853596191622955e-09,0.0068461871705949,0.0
WA002,2018,1,0.0,0.0013961519580334,0.0046347160823643,0.0240000002086162,0.0001307203347096,0.0165813975036144,0.0
WA002,2018,2,0.0043,0.0006611470598727465,0.0726047828793525,0.0395696982741355,0.0066362316720187,0.0625196620821952,0.1316922008991241
WA002,2018,3,0.0277,0.0489044375717639,0.1623785495758056,0.1776016354560852,0.0098005086183547,0.1656903773546219,0.0967741906642913
WA002,2018,4,0.0427,0.136946216225624,0.0736704915761947,0.1736220717430114,0.0777439624071121,0.1846494525671005,0.4499768912792206
WA002,2018,5,2.019,1.4180635213851929,0.7068224549293518,2.206636428833008,2.3218483924865723,1.9031522274017332,2.1814117431640625
WA002,2018,6,5.081,4.497744083404541,2.3630294799804688,4.462202072143555,3.1423497200012207,5.450926780700684,3.899926424026489
WA002,2018,7,8.9084,7.9804229736328125,6.24222993850708,8.136138916015625,8.92568302154541,7.375643253326416,7.044358253479004
WA002,2018,8,9.1948,7.599695205688477,9.325533866882324,8.755677223205566,15.761152267456056,9.899812698364258,10.16137981414795
WA002,2018,9,5.174,6.673267364501953,5.720490455627441,6.167314052581787,7.148800849914551,6.791042327880859,6.777080059051514
WA002,2018,10,2.2274,1.1230406761169434,1.5710402727127075,1.5485061407089231,0.8108733892440796,1.813632130622864,2.5886592864990234
WA002,2018,11,0.0,0.0240983217954635,0.0331523530185222,0.0210043229162693,0.0016687243478372,0.1257304549217224,0.0
WA002,2018,12,0.0,0.0042720288038253,0.0008851868333294988,0.0476359277963638,3.181596097689976e-09,0.0087120896205306,0.0
WA002,2019,1,0.0,0.0014549590414389,0.0009677759953774512,0.0226007532328367,2.1673372430086602e-07,0.0042112255468964,0.0
WA002,2019,2,0.0,0.0043511656112968,0.0012714732438325,0.1205154731869697,4.441623246975723e-08,0.0561675578355789,0.0
WA002,2019,3,0.029,0.0440174080431461,0.0834339335560798,0.2640131711959839,0.005602968391031,0.1784584075212478,0.0705746412277221
WA002,2019,4,0.766,0.2078006267547607,0.1624190360307693,0.0870721787214279,0.1407719254493713,0.5736197233200073,0.3020382225513458
WA002,2019,5,2.1319,0.990784764289856,0.8071855902671814,2.9722843170166016,0.4343668520450592,2.2200286388397217,1.3366882801055908
WA002,2019,6,3.7337,3.4504318237304688,2.949204683303833,4.807122230529785,3.857830047607422,4.451196670532227,2.793673038482666
WA002,2019,7,5.5752,7.336025714874268,7.722714900970459,7.360083103179932,5.643442153930664,7.62695837020874,7.282286167144775
WA002,2019,8,10.1365,10.574888229370115,11.244175910949709,11.31996726989746,8.290382385253906,13.39612865447998,9.708075523376465
WA002,2019,9,4.574,5.179667949676514,4.865198135375977,5.938596725463867,5.728706359863281,6.820454120635986,3.474997043609619
WA002,2019,10,2.5484,2.1263139247894287,2.324390649795532,3.4910223484039307,3.996439695358277,3.863393783569336,1.356917381286621
WA002,2019,11,0.0013,0.0359342768788337,0.0304981637746095,0.0302862543612718,0.0696535035967826,0.0731675252318382,0.0249884519726037
WA002,2019,12,0.0,0.0008192278910428286,0.0007464633672498167,0.0183848477900028,2.8814380352223945e-14,0.0036127557978034,0.0
WA002,2020,1,0.0,0.0009341160766780376,0.0010514543391764,0.0085345227271318,2.794561737573531e-07,0.0068490142002701,0.0
WA002,2020,2,0.0,0.00040642122621648014,0.0135834142565727,0.0057193716056644,0.000926734006498,0.0119045246392488,0.0
WA002,2020,3,0.0055,0.0648214295506477,0.0671124830842018,0.1623326987028122,3.863702774047852,0.1263334453105926,0.0564404353499412
WA002,2020,4,1.0263,0.3294021487236023,0.711031436920166,0.5996758341789246,6.654614448547363,0.5191054940223694,1.3332597017288208
WA002,2020,5,5.131,1.6596890687942505,0.4532983005046844,4.371344566345215,2.202364683151245,2.719804525375366,0.6672817468643188
WA002,2020,6,3.1977,4.4365434646606445,1.688046097755432,4.481807231903076,4.149949073791504,5.624677658081055,2.0417330265045166
WA002,2020,7,10.6419,8.542951583862305,11.725022315979004,10.168598175048828,7.323545455932617,10.585309028625488,11.429648399353027
WA002,2020,8,8.1058,9.667015075683594,9.940655708312988,9.033713340759276,9.247418403625488,10.216798782348633,10.131263732910156
WA002,2020,9,5.7967,6.782830715179443,6.909673690795898,7.116902828216553,6.033394813537598,8.033445358276367,6.499992847442627
WA002,2020,10,1.5345,2.8724520206451416,2.097317934036255,1.8577134609222408,1.4696149826049805,3.0201895236968994,2.0785231590271
WA002,2020,11,0.0,0.0020602683071047,0.0009946131613105536,0.0466007590293884,1.003465695248451e-05,0.0128461075946688,0.0
WA002,2020,12,0.0,0.0004777435387950391,0.0007875812007114291,0.0151014057919383,1.9408957996347453e-08,0.0030226218514144,0.0
WA003,2001,1,0.0,0.000349002075381577,0.0009134822757914662,0.0,3.015031325048767e-06,0.0,0.0
WA003,2001,2,0.0,0.015482616610825,0.0011192760430276,0.0,1.0794264198921155e-05,4.181370968581177e-05,0.0
WA003,2001,3,0.0,0.0505351424217224,0.0008141309954226017,0.0084339575842022,0.0058182352222502,0.0078099938109517,0.0
WA003,2001,4,0.0,0.2420408874750137,0.1681965887546539,0.134426012635231,0.2976208031177521,0.416908323764801,0.5104029178619385
WA003,2001,5,1.2916,1.9673576354980469,0.5312955379486084,1.8458759784698489,1.730230450630188,1.752139449119568,0.9536170959472656
WA003,2001,6,1.6117,3.374856948852539,2.523745059967041,1.9471901655197144,3.583300828933716,4.057412147521973,2.629173040390014
WA003,2001,7,6.4642,6.166501045227051,5.820471286773682,6.091021537780762,5.839199066162109,6.665345668792725,6.262097835540772
WA003,2001,8,7.0252,6.144731044769287,6.909130096435547,7.832586288452148,5.771866798400879,8.12065601348877,7.306429862976074
WA003,2001,9,3.1027,3.1700658798217773,3.7655375003814697,3.2818524837493896,2.680556535720825,3.6319990158081055,3.5832910537719727
WA003,2001,10,0.4335,0.5083831548690796,0.196671649813652,0.4519679248332977,0.6553989052772522,0.6097962260246277,0.6733933091163635
WA003,2001,11,0.0,0.0034473924897611,0.0010201367549598,0.2340020835399627,1.6338035493390637e-06,0.0426343716681003,0.0
WA003,2001,12,0.0,0.0176450628787279,0.000996932853013277,0.0,3.277093583164969e-06,0.0,0.0221593249589204
WA003,2002,1,0.0,0.0019011119147762,0.0011760267661884,0.0,6.215544999577105e-06,0.0,0.0
WA003,2002,2,0.0,0.0195797476917505,0.0012564886128529,0.0,1.832743328122888e-05,8.167535270331427e-05,0.0
WA003,2002,3,0.0,0.027289779856801,0.000981862423941493,0.0014054739149287,0.0009210724383592,0.014709391631186,0.0
WA003,2002,4,0.0793,0.6187572479248047,0.3791961073875427,0.4992566108703613,0.539074718952179,0.5932872295379639,0.3999871909618377
WA003,2002,5,0.4761,1.2813454866409302,0.3954091072082519,0.8013860583305359,0.8213148713111877,1.3509833812713623,1.4354933500289917
WA003,2002,6,1.3363,2.858811140060425,1.192530393600464,2.336278200149536,2.4269285202026367,2.756438732147217,2.154139280319214
WA003,2002,7,6.8481,5.3101983070373535,4.757170677185059,6.504065036773682,3.3628575801849365,6.250235557556152,5.770148277282715
WA003,2002,8,5.7735,5.496788501739502,5.897099494934082,5.5479044914245605,4.168889999389648,5.4078569412231445,5.655191421508789
WA003,2002,9,6.3753,4.095663547515869,2.665442705154419,5.768545627593994,3.43393349647522,5.057188510894775,4.660360336303711
WA003,2002,10,1.2584,1.4157577753067017,1.860878348350525,1.77944016456604,1.6084043979644775,1.4762687683105469,1.320587396621704
WA003,2002,11,0.0,0.0358264110982418,0.0157377962023019,0.039837509393692,0.0559183061122894,0.0836722627282142,0.0
WA003,2002,12,0.0,0.0105447256937623,0.0012045524781569,0.0,1.0856237167899964e-05,0.0,0.0
WA003,2003,1,0.0,0.0013379610609263,0.00121691217646,0.0,2.307650674993056e-06,0.00013409390521701425,0.0
WA003,2003,2,0.065,0.0294633861631155,0.0067215110175311,0.0662792921066284,0.0320823974907398,0.0849556252360344,0.3258527815341949
WA003,2003,3,0.1797,0.192971870303154,0.2211256474256515,0.6003246307373047,0.6930687427520752,0.4855599999427795,0.3407138884067535
WA003,2003,4,0.7353,0.491303026676178,0.2349202334880828,0.9560179114341736,1.1558160781860352,0.8944639563560486,0.8437362313270569
WA003,2003,5,1.6613,1.5023136138916016,0.5791276097297668,2.002344846725464,2.232677936553955,1.9996726512908936,1.9414936304092407
WA003,2003,6,9.6417,5.788708209991455,4.883706569671631,5.476259231567383,4.47048807144165,5.429155826568604,5.625005722045898
WA003,2003,7,9.6197,5.869591236114502,3.796517133712769,6.050093173980713,5.358949661254883,6.558236122131348,5.995955944061279
WA003,2003,8,5.7306,7.818676471710205,9.42404842376709,6.860252857208252,7.665425300598144,11.196045875549316,7.185431957244873
WA003,2003,9,5.5847,5.39100980758667,4.482036113739014,6.008976936340332,4.750028610229492,5.757653713226318,5.2499189376831055
WA003,2003,10,1.6297,0.8491712808609009,0.9210472106933594,1.7704174518585205,1.3617868423461914,1.45265531539917,1.1915112733840942
WA003,2003,11,0.0,0.0124865397810935,0.0052450392395257,0.0449040010571479,0.0285263992846012,0.0630061477422714,0.0666666701436042
WA003,2003,12,0.0,0.0225139446556568,0.0009412480285391212,0.0045033963397145,1.845365886765649e-07,0.00010186120925936848,0.0
WA003,2004,1,0.0,0.0007300759898498654,0.0010384562192484,0.0051537756808102,0.0121345082297921,0.0229995027184486,0.0
WA003,2004,2,0.0,0.021753042936325,0.0030791391618549,0.0149989705532789,0.0407069772481918,0.0298450291156768,0.2478168457746505
WA003,2004,3,0.0003,0.1380112022161483,0.0229580365121364,0.103465586900711,0.0408437587320804,0.1373991221189499,0.0987879410386085
WA003,2004,4,1.7377,0.8750803470611572,0.7093470692634583,2.113764524459839,1.2814875841140747,1.485120177268982,1.2832978963851929
WA003,2004,5,1.3239,1.3899637460708618,0.3177140057086944,1.6814336776733398,1.3722388744354248,1.498266577720642,1.6733371019363403
WA003,2004,6,1.462,2.378235340118408,0.6074306964874268,1.7657300233840942,2.104027032852173,3.5908026695251465,2.53542709350586
WA003,2004,7,9.2752,6.277567863464356,4.115882873535156,6.151214599609375,5.3619585037231445,7.296690940856934,6.997906684875488
WA003,2004,8,6.1774,4.967409610748291,4.885682106018066,6.3337273597717285,4.735063552856445,6.681121349334717,6.608825206756592
WA003,2004,9,6.0547,3.442179918289185,2.749685764312744,4.988576889038086,2.792791843414306,3.6903886795043945,4.12493371963501
WA003,2004,10,0.3974,0.4639574885368347,0.090302862226963,0.5566052794456482,0.4800829887390136,0.4392697513103485,0.3266081213951111
WA003,2004,11,0.267,0.068644180893898,0.0066023152321577,0.4297039806842804,0.1300557851791381,0.1237197145819664,0.302080899477005
WA003,2004,12,0.0,0.0063346731476485,0.0010244291042909,0.0156533289700746,3.102308937741327e-06,0.0106685711070895,0.0
WA003,2005,1,0.0,0.0012427263427525,0.0049471817910671,0.0025329093914479,0.0215589571744203,0.0008295870502479374,0.0
WA003,2005,2,0.0,0.0111743938177824,0.0080639431253075,0.1540885269641876,0.0028410730883479,0.1584517508745193,0.029013630002737
WA003,2005,3,0.0152,0.0417761839926242,0.1337461471557617,0.0943112671375274,0.0401554889976978,0.1119089052081108,0.3891353011131286
WA003,2005,4,0.8687,0.8528714776039124,0.3901311159133911,0.7762536406517029,0.8887939453125,0.8619440793991089,0.7499773502349854
WA003,2005,5,1.0639,1.2797391414642334,0.8363909721374512,1.3178454637527466,4.966646671295166,2.476283311843872,1.7822413444519043
WA003,2005,6,3.1067,2.9991159439086914,2.0816338062286377,3.050681829452514,4.456100940704346,4.787167072296143,4.372974395751953
WA003,2005,7,8.0842,6.15635871887207,3.013450384140014,6.597117424011231,3.3160691261291504,5.80352258682251,6.213664531707764
WA003,2005,8,8.0839,8.221899032592773,5.330339431762695,8.683624267578125,6.076510429382324,7.249073028564453,6.866885662078857
WA003,2005,9,4.1997,3.5648443698883057,2.7890784740448,4.181503772735596,4.54078483581543,4.351819515228272,4.752025604248047
WA003,2005,10,0.5887,0.6906153559684753,0.5486485958099365,0.8911438584327698,0.712459146976471,0.7564160227775574,1.0080549716949463
WA003,2005,11,0.0,0.0290452390909194,0.000985036138445139,0.0262497775256633,0.0007433590362779,0.0070965569466352,0.0
WA003,2005,12,0.0,0.0062342975288629,0.0011507037561386,0.0256886053830385,9.23162151593715e-05,0.0110004497691988,0.0
WA003,2006,1,0.0,0.0027597686275839,0.0008341232896782458,0.0014054739149287,0.018726397305727,0.0001173138662124984,0.0
WA003,2006,2,0.0,0.0168881341814994,0.0013737699482589,0.0156552512198686,0.0376201570034027,0.057035282254219,0.0357142873108387
WA003,2006,3,0.0,0.0389750748872756,0.0010555926710367,0.0338432751595974,0.0137404957786202,0.0369098931550979,0.0342718139290809
WA003,2006,4,0.2273,0.3597414791584015,0.2043131291866302,0.5794023275375366,0.8996021747589111,0.4342547059059143,0.5166440010070801
WA003,2006,5,0.0726,0.6990771293640137,0.9492477178573608,0.6826671957969666,1.0344654321670532,0.9243766069412231,1.0040274858474731
WA003,2006,6,2.4403,2.7969820499420166,0.7952206134796143,2.8583078384399414,3.105700969696045,4.0890631675720215,3.929153442382813
WA003,2006,7,5.2955,5.339207649230957,3.3130338191986084,5.444822311401367,4.994017601013184,5.991211414337158,5.566514492034912
WA003,2006,8,6.6119,6.250457286834717,5.664105415344238,6.980489730834961,5.3937578201293945,7.043067932128906,6.145126819610596
WA003,2006,9,3.896,4.046438217163086,4.1683783531188965,5.730627059936523,5.0192036628723145,5.800953388214111,5.022813320159912
WA003,2006,10,1.1213,0.9988420009613036,1.2277472019195557,1.2720798254013062,1.6674121618270874,1.6863760948181152,1.304417371749878
WA003,2006,11,0.0,0.0008221279131248593,0.0009313890477642416,0.0200617536902427,6.476709677372128e-05,2.305923590029124e-05,0.0
WA003,2006,12,0.0,0.002577839884907,0.0012584517244249,0.0,1.210414325214515e-06,0.0,0.0
WA003,2007,1,0.0,0.0010582507820799,0.0008942147833295166,0.0,2.535402927605901e-07,0.0,0.0
WA003,2007,2,0.0,0.003464609151706,0.0011347897816449,0.0,3.829962224699557e-06,0.0015475758118554,0.0
WA003,2007,3,0.0,0.0598236694931983,0.0014356566825881,0.0182820186018943,0.0112096266821026,0.0175712835043668,0.0322580635547637
WA003,2007,4,2.6293,1.6504170894622805,0.4452985525131225,2.4148473739624023,1.5495729446411133,1.5114073753356934,1.9520128965377808
WA003,2007,5,0.8268,1.3307368755340576,0.5107645988464355,1.1916295289993286,1.5019426345825195,1.6443427801132202,1.7116978168487549
WA003,2007,6,1.4017,1.6668895483016968,1.006747841835022,2.17244029045105,2.145823240280152,3.059518337249756,2.5604255199432373
WA003,2007,7,4.2087,4.376068115234375,3.3000643253326416,4.408563613891602,5.357739448547363,7.263054847717285,5.987926959991455
WA003,2007,8,10.1406,8.636152267456055,6.351574897766113,9.392724990844728,9.640265464782717,10.048027992248535,10.417278289794922
WA003,2007,9,4.7047,4.065377235412598,2.274747133255005,5.049105167388916,4.514771938323975,5.815543174743652,4.383349418640137
WA003,2007,10,0.0139,0.2027047872543335,0.2017042487859726,0.0735818371176719,0.2531696856021881,0.3224453330039978,0.2540384531021118
WA003,2007,11,0.0,0.0062790163792669,0.0045205391943454,0.0,0.0163612253963947,0.0153223043307662,0.2937588691711426
WA003,2007,12,0.0,0.0018165817018598,0.0010634538484737,0.0119031062349677,0.0001842901110649,0.0,0.0
WA003,2008,1,0.0,0.001359989750199,0.0012466058833524,0.0,1.6387939467676915e-06,0.0,0.0
WA003,2008,2,0.0,0.0005699432222172618,0.0011106166057288,0.0036571722012013,1.329318592979689e-07,0.003106266958639,0.0
WA003,2008,3,0.0,0.0620029084384441,0.0922981947660446,0.1656408607959747,0.0371139459311962,0.0471067316830158,0.1390995681285858
WA003,2008,4,0.002,0.1924144476652145,0.0352666154503822,0.3067007660865783,0.8092830777168274,0.3501039743423462,0.308322012424469
WA003,2008,5,1.1506,1.6140891313552856,0.4502687752246856,1.8503384590148928,0.4941957592964172,1.535175323486328,1.7681288719177246
WA003,2008,6,3.082,2.926488161087036,1.5910414457321167,3.29549503326416,3.645347833633423,4.70612382888794,3.906287908554077
WA003,2008,7,7.79,6.516457557678223,5.1356201171875,8.48679256439209,6.233308792114258,8.985302925109863,7.576562881469727
WA003,2008,8,6.8258,7.305849552154541,6.4986443519592285,6.846569061279297,7.829744815826416,7.517254829406738,8.284188270568848
WA003,2008,9,4.0077,3.629131555557251,3.05810284614563,4.631436824798584,4.06455135345459,3.875469207763672,3.758279800415039
WA003,2008,10,0.9,0.8461071848869324,1.498823642730713,1.3868950605392456,1.395539164543152,1.673039793968201,1.0221798419952393
WA003,2008,11,0.0,0.0006234518950805068,0.000989000196568668,0.0022497770842164,2.1877749531995505e-05,5.877942021470517e-05,0.0
WA003,2008,12,0.0,0.0050992197357118,0.0007792033138684928,0.0044995541684329,7.3297828748764e-06,0.00011917379015358164,0.0
WA003,2009,1,0.0,0.0024433140642941,0.001093634753488,0.0022497770842164,7.598227966809645e-07,0.0,0.0
WA003,2009,2,0.0011,0.0200831983238458,0.3229094445705414,0.0956193059682846,0.0311550423502922,0.0727625638246536,0.1919468939304351
WA003,2009,3,0.0003,0.0535513907670974,0.0172976572066545,0.1452288478612899,0.0609214194118976,0.0717329829931259,0.1552505046129226
WA003,2009,4,0.3973,0.4247103929519653,0.1052550226449966,0.4151583313941955,0.2794956564903259,0.7295593619346619,0.3416553437709808
WA003,2009,5,0.4213,1.5075401067733765,0.3876198530197143,1.1497762203216553,1.0380911827087402,1.874473571777344,2.114919900894165
WA003,2009,6,2.4543,3.8726556301116943,1.5747802257537842,4.204378604888916,3.98825740814209,4.491704940795898,4.44577169418335
WA003,2009,7,5.4394,5.234317779541016,2.7791903018951416,5.422510147094727,4.924028873443604,6.612950325012207,5.614916801452637
WA003,2009,8,7.6171,6.80733585357666,4.849936485290527,8.344043731689453,8.476655006408691,6.391151905059815,7.314445972442627
WA003,2009,9,9.1693,7.915651798248291,5.4585041999816895,8.129974365234375,5.584870338439941,6.578943729400635,7.32493257522583
WA003,2009,10,1.159,0.9448904395103456,1.1852805614471436,1.0731074810028076,1.5904057025909424,1.7654099464416504,1.1834577322006226
WA003,2009,11,0.0,0.0308404937386512,0.0010840307222679,0.0139647237956523,0.013299711048603,0.0487110912799835,0.0
WA003,2009,12,0.0,0.0056739770807325,0.0009844416053965688,0.0,6.574721192009747e-05,0.0,0.0
WA003,2010,1,0.0,0.0014694444835186,0.0008428164292126894,0.0068443031050264,1.2299128115955682e-07,0.0,0.0
WA003,2010,2,0.0,0.0115487873554229,0.001318949391134,0.0444320403039455,0.0302018579095602,0.0638902634382247,0.0
WA003,2010,3,0.0,0.0450303331017494,0.0006934161065146327,0.0022497770842164,0.0014635827392339,0.01533711142838,0.0
WA003,2010,4,1.2823,1.102591633796692,0.2087341696023941,1.341875433921814,0.8387035727500916,0.8870120644569397,1.01664400100708
WA003,2010,5,1.971,1.7461656332015991,0.5259848833084106,2.8821475505828857,1.897771954536438,3.335613250732422,1.0282130241394043
WA003,2010,6,3.403,3.6740126609802246,1.6949125528335571,4.557502269744873,4.049716472625732,3.728616237640381,3.904161930084229
WA003,2010,7,7.8161,6.550224304199219,3.2904608249664307,6.168124675750732,6.041815757751465,6.923799991607666,6.415304183959961
WA003,2010,8,8.0077,8.286212921142578,7.515485763549805,8.651984214782715,9.18502140045166,9.316743850708008,8.016057014465332
WA003,2010,9,3.7677,3.808419704437256,5.788211345672607,4.274267196655273,6.477512836456299,5.698361873626709,4.75206995010376
WA003,2010,10,1.5832,1.5556247234344482,2.3309338092803955,1.899754285812378,2.889192819595337,2.481041431427002,1.991960287094116
WA003,2010,11,0.0,0.0059439190663397,0.068654216825962,0.0494054742157459,0.0105001488700509,0.0024145008064806,0.0
WA003,2010,12,0.0,0.0040652411989867,0.0008855537744238973,0.0051537756808102,1.0002368355799265e-07,0.0017688951920717,0.0
WA003,2011,1,0.0,0.00023957261873874813,0.0010940762003883,0.0014054739149287,0.001020484836772,0.0,0.0
WA003,2011,2,0.0036,0.0032920790836215,0.0015071461675688,0.1642533242702484,0.0180515442043542,0.0221874918788671,0.2767646312713623
WA003,2011,3,0.0106,0.0414362885057926,0.0048201978206634,0.09805778414011,0.0768535062670707,0.0563418604433536,0.0987879410386085
WA003,2011,4,0.5647,0.6561008095741272,0.4830983281135559,0.7946746945381165,0.3123895823955536,0.5436739325523376,0.5499773621559143
WA003,2011,5,0.4648,1.288626194000244,0.8498947620391846,1.0022658109664917,1.7347278594970703,1.9906015396118164,1.3245505094528198
WA003,2011,6,3.6327,4.18755578994751,1.7205147743225098,3.715241670608521,3.447248935699463,3.9030489921569824,3.864567518234253
WA003,2011,7,7.4903,6.283039569854736,3.97940444946289,6.606258869171143,6.320990562438965,5.661227226257324,6.076616287231445
WA003,2011,8,6.0023,6.619725704193115,4.05385684967041,5.747143268585205,8.465876579284668,7.029877185821533,6.7902512550354
WA003,2011,9,2.6817,3.305929183959961,2.137648820877075,3.247729778289795,4.592214107513428,4.384353160858154,3.9020612239837646
WA003,2011,10,0.5184,0.5654736161231995,0.4855162501335144,0.6380905508995056,0.8872646689414978,0.6741467118263245,0.6632821559906006
WA003,2011,11,0.0,0.0,0.0009006637264974415,0.0028109478298574,3.669425132102333e-05,4.458244075067341e-05,0.0
WA003,2011,12,0.0,0.0021635359153151,0.0008039539097808301,0.0014054739149287,6.599142921004386e-08,0.0,0.0
WA003,2012,1,0.0,0.000769935199059546,0.0009992707055062056,0.0,9.112149257362034e-08,0.0004915055469609797,0.0
WA003,2012,2,0.0,0.0122966030612587,0.0960391387343406,0.0721881613135337,0.1686198562383651,0.1514821350574493,0.0021526284981518
WA003,2012,3,0.0,0.0308585707098245,0.0284290146082639,0.020057775080204,0.020395403727889,0.0120495073497295,0.0322580635547637
WA003,2012,4,0.48,0.6631967425346375,0.7006931304931641,1.0276015996932983,0.8639410734176636,1.1496652364730835,0.7083219885826111
WA003,2012,5,1.7487,1.8555216789245603,1.4785016775131226,2.214024782180786,2.001070022583008,1.8076306581497192,2.2721211910247803
WA003,2012,6,2.5233,3.055859088897705,1.5758225917816162,2.275740146636963,3.559150695800781,3.381467580795288,3.345887899398804
WA003,2012,7,11.0932,9.06944465637207,5.24829626083374,8.724502563476562,8.019206047058105,7.93543815612793,6.723772048950195
WA003,2012,8,7.491,7.475601673126221,7.057915687561035,8.678181648254395,10.04433250427246,8.07939624786377,8.881072044372559
WA003,2012,9,6.9247,5.325843334197998,3.100782632827759,6.170586109161377,6.926182270050049,6.254470348358154,5.766646862030029
WA003,2012,10,0.1319,0.9795141220092772,1.2442981004714966,0.3161851167678833,1.8857533931732176,0.6452643871307373,0.9334591627120972
WA003,2012,11,0.0,0.0145234195515513,0.0370573326945304,0.0657883435487747,0.1493704169988632,0.1010302379727363,0.0333333350718021
WA003,2012,12,0.0061,0.0106446743011474,0.0021999394521117,0.0240000002086162,0.0069564781151711,0.0092125684022903,0.0463200025260448
WA003,2013,1,0.0,0.0009018700220622122,0.0014781242934986,0.0282164216041564,2.5630292839196045e-06,0.0052688806317746,0.0
WA003,2013,2,0.0,0.0057228542864322,0.0013188808225095,0.0611105076968669,0.1737991124391555,0.1332558244466781,0.0
WA003,2013,3,0.2687,0.1965257674455642,0.0448278971016407,0.2057612091302871,0.3214655816555023,0.2731862664222717,0.3003898859024048
WA003,2013,4,1.1977,0.8703007698059082,1.077428102493286,1.11181640625,1.9554896354675293,1.9209764003753664,1.3520523309707642
WA003,2013,5,1.6358,1.630160927772522,0.7588531970977783,1.6730918884277344,2.054598808288574,1.9388405084609983,1.7943404912948608
WA003,2013,6,1.5583,2.1268768310546875,1.852012634277344,1.9965856075286863,3.0141005516052246,2.598506450653076,2.7958524227142334
WA003,2013,7,5.9829,5.119593143463135,2.7677879333496094,5.890333652496338,7.576990604400635,5.60224723815918,6.5503692626953125
WA003,2013,8,8.3074,7.351165294647217,7.7203264236450195,8.796961784362793,8.714478492736816,8.088961601257324,7.826573848724365
WA003,2013,9,6.373,3.564848661422729,3.585956335067749,5.84091854095459,4.872282028198242,3.96920657157898,4.014575004577637
WA003,2013,10,0.6771,0.8278437256813049,0.4390139281749725,0.751712441444397,1.5871639251708984,1.0871580839157104,0.866929292678833
WA003,2013,11,0.0,0.002877440303564,0.0009922707686200738,0.1523649394512176,0.0169600695371627,0.0651760846376419,0.0
WA003,2013,12,0.0,0.022648612037301,0.0008719617617316544,0.0194916483014822,6.8610120251833e-06,0.0257441196590662,0.0
WA003,2014,1,0.1242,0.0032708270009607,0.013828950934112,0.1731360554695129,0.6578704118728638,0.2235512137413025,0.0
WA003,2014,2,0.0,0.00018138784798793492,0.0211064722388982,0.0134935695677995,0.0067130322568118,0.0205289907753467,0.0
WA003,2014,3,0.0,0.1552743017673492,0.0062720607966184,0.1408696472644806,0.0604647733271122,0.3767580986022949,0.137085810303688
WA003,2014,4,2.4807,0.602405846118927,0.249916210770607,1.458245038986206,1.122794508934021,1.1649874448776243,1.1666085720062256
WA003,2014,5,3.5871,2.1414406299591064,1.066867113113403,2.1039206981658936,2.102067708969116,2.091388702392578,2.0987441539764404
WA003,2014,6,3.2077,3.095222949981689,1.063246488571167,3.0517258644104004,2.8542349338531494,3.4703898429870605,3.5895464420318604
WA003,2014,7,4.3819,4.818244934082031,3.3884315490722656,5.478917121887207,3.0666728019714355,6.228214740753174,5.683504104614258
WA003,2014,8,6.8932,6.424758434295654,4.777766227722168,7.675311088562012,6.392679214477539,6.8484368324279785,6.953554153442383
WA003,2014,9,6.6187,5.863299369812012,3.5689961910247803,7.858675479888916,7.076076984405518,6.865548610687256,5.783290863037109
WA003,2014,10,1.0906,0.7744181752204895,1.3500291109085083,1.56089985370636,1.2803878784179688,1.1115074157714844,1.1915608644485474
WA003,2014,11,0.0,0.016173405572772,0.0032574248034507,0.1055166870355606,0.0362366624176502,0.1188306957483291,0.0333333350718021
WA003,2014,12,0.0,0.0004645082808565349,0.0010237169917672,0.0911789461970329,1.719703135449891e-07,0.0027640911284834,0.0
WA003,2015,1,0.0,0.0005524225998669863,0.0012192289577797,0.0476952902972698,5.903643685023494e-10,0.0013339789584279,0.0
WA003,2015,2,0.005,0.0225559882819652,0.0411405228078365,0.1239236891269683,0.1706520169973373,0.1322120875120163,0.4017403721809387
WA003,2015,3,0.1994,0.1652004420757293,0.0215145722031593,0.2076434344053268,0.409099280834198,0.1679892987012863,0.1955621242523193
WA003,2015,4,0.0,0.1813870221376419,0.0011895459610968,0.064380943775177,0.0117764035239815,0.1215065121650695,0.0270793884992599
WA003,2015,5,0.3461,0.9845726490020752,0.1812148541212082,0.8057077527046204,0.7370938062667847,0.8113722801208496,1.0342718362808228
WA003,2015,6,3.6263,3.409937620162964,1.1152116060256958,3.758970260620117,4.801904201507568,3.186206817626953,3.554184436798096
WA003,2015,7,7.7584,6.201319694519043,5.08819055557251,6.795304298400879,7.651646137237549,5.88408899307251,6.576606750488281
WA003,2015,8,10.7642,7.9214324951171875,10.994524002075195,9.894696235656738,11.02200984954834,10.153157234191896,9.163272857666016
WA003,2015,9,7.6527,6.021640300750732,3.4022810459136963,7.681861400604248,5.727043628692627,6.890989780426025,5.048173904418945
WA003,2015,10,1.5532,1.025653600692749,1.6671961545944214,1.201692819595337,1.987280368804932,1.8670259714126587,1.4355072975158691
WA003,2015,11,0.0,0.0090831890702247,0.0392029136419296,0.0447912886738777,0.1319465786218643,0.0455099269747734,0.0
WA003,2015,12,0.0,0.018506983295083,0.000813326274510473,0.0318577848374843,4.0094292330650205e-09,0.0031499152537435,0.0080535598099231
WA003,2016,1,0.0,0.0038415442686527,0.0021040907595306,0.0,6.362505246215733e-06,0.0806446373462677,0.0
WA003,2016,2,0.0031,0.0168523862957954,0.0067094508558511,0.1692232191562652,4.4896186324194793e-08,0.1862886548042297,0.0
WA003,2016,3,0.2771,0.1960034817457199,0.053949300199747,0.4615726470947265,0.1617750376462936,0.2743302583694458,0.2741840183734894
WA003,2016,4,1.035,0.7814351320266724,0.6258594989776611,1.0342730283737185,1.1717599630355835,0.8525031805038452,1.185391545295715
WA003,2016,5,1.2268,1.9605700969696045,1.3026602268218994,1.767653465270996,1.2255849838256836,2.51353120803833,2.7923078536987305
WA003,2016,6,3.6587,2.8092410564422607,1.974273920059204,3.9129176139831534,4.304572105407715,4.193404674530029,4.818739414215088
WA003,2016,7,9.7035,7.586703300476074,10.143717765808104,8.818346977233887,9.273143768310549,8.11470890045166,8.1471529006958
WA003,2016,8,11.3087,9.653510093688965,6.812822341918945,9.86467742919922,8.329160690307617,8.341585159301758,8.461648941040039
WA003,2016,9,5.162,3.886809825897217,2.885896921157837,4.827963352203369,4.309266567230225,4.4243903160095215,3.937462568283081
WA003,2016,10,0.06,0.3022713661193847,0.7586638331413269,0.376158207654953,0.6823958158493042,0.5642287731170654,0.4213685691356659
WA003,2016,11,0.0,0.0132119143381714,0.0031793864909559,0.0419803448021411,0.0007299872813746,0.0226075761020183,0.0
WA003,2016,12,0.0,0.0206506233662366,0.0008435866329818964,0.0270821079611778,2.98144406940537e-08,0.0076678874902427,0.0
WA003,2017,1,0.0,0.0012557825539261,0.0008870360907167196,0.1299751996994018,3.7485403669990086e-10,0.0469823703169822,0.0
WA003,2017,2,0.0,0.0050258645787835,0.0011041860561817,0.069530576467514,2.222093462478369e-05,0.0056967847049236,0.0
WA003,2017,3,0.0,0.0359898284077644,0.0027191273402422,0.0937200263142585,0.0373871549963951,0.0975062549114227,0.0020137492101639
WA003,2017,4,0.12,0.5148730278015137,0.1794274002313614,1.0182524919509888,0.958083152770996,0.8534852266311646,0.9833106398582458
WA003,2017,5,5.14,3.353214263916016,1.86097252368927,5.531614780426025,7.160092353820801,3.5554463863372803,2.796329498291016
WA003,2017,6,3.8783,3.930484533309937,3.275679588317871,5.215690612792969,4.672804355621338,0.0978947132825851,5.385406017303467
WA003,2017,7,4.04,3.9107747077941895,3.237696409225464,4.143214702606201,4.886579513549805,0.187548741698265,6.012106895446777
WA003,2017,8,10.2942,6.392537593841553,6.960962295532227,8.424186706542969,7.144415855407715,6.730661869049072,7.427383899688721
WA003,2017,9,3.2327,3.123671531677246,4.485893249511719,3.288999080657959,4.762239456176758,3.5853521823883057,3.3833038806915283
WA003,2017,10,0.0981,0.9147085547447203,0.0643069073557853,0.5229088068008423,0.3675805628299713,0.7447935342788696,0.5846726298332214
WA003,2017,11,0.0,0.0097972368821501,0.0021426854655146,0.4093359410762787,0.0006218645139597,0.0387569144368171,0.0
WA003,2017,12,0.0,0.0228961370885372,0.0009752566693350672,0.0701898857951164,1.4473598319852954e-08,0.0078023229725658,0.0
WA003,2018,1,0.0,0.0009026507032103837,0.0008493750938214362,0.0028109478298574,9.015697344239017e-08,0.0013898654142394,0.0
WA003,2018,2,0.3046,0.041645560413599,0.2154024988412857,0.4912924170494079,0.3266850113868713,0.3114356398582458,1.0335016250610352
WA003,2018,3,0.0339,0.2407118380069732,0.0123835988342762,0.4853330254554748,0.0777550786733627,0.3489606976509094,0.2903035283088684
WA003,2018,4,0.0057,0.2762894630432129,0.0474136993288993,0.1351449489593505,0.2479799538850784,0.298748105764389,0.2166440337896347
WA003,2018,5,1.8987,2.0569939613342285,0.5744375586509705,1.7980105876922607,2.2443156242370605,2.223097324371338,2.5040056705474854
WA003,2018,6,2.8033,2.795584201812744,2.1669957637786865,4.2457685470581055,2.8853836059570312,3.843798875808716,3.520831346511841
WA003,2018,7,9.0752,6.509377479553223,3.449563503265381,7.822309494018555,5.157413005828857,7.412717819213867,6.576581954956055
WA003,2018,8,8.2326,7.591983318328857,6.933040142059326,7.588624000549316,10.146461486816406,8.551689147949219,9.010028839111328
WA003,2018,9,6.877,5.135878562927246,5.1405463218688965,5.438380718231201,5.404821395874023,5.200168609619141,5.445823192596436
WA003,2018,10,0.9732,1.0830117464065552,0.9972147345542908,1.2171438932418823,2.3375449180603027,1.823644757270813,1.4899122714996338
WA003,2018,11,0.0,0.0154117420315742,0.0069576171226799,0.0404022149741649,0.0049088858067989,0.0479789935052394,0.0
WA003,2018,12,0.0,0.0190537646412849,0.0008851868333294988,0.0987685993313789,7.175870564424258e-08,0.0128807527944445,0.0
WA003,2019,1,0.0,0.0020179783459752,0.0009677759953774512,0.1766450405120849,5.4512383940164e-05,0.0147571638226509,0.0
WA003,2019,2,0.0,0.0078969430178403,0.0012761518592014,0.3569490015506744,2.1532245227717794e-05,0.0274587422609329,0.0
WA003,2019,3,0.1677,0.1416440457105636,0.1992039829492569,0.5396005511283875,0.129039853811264,0.2735462188720703,0.1633040606975555
WA003,2019,4,2.3173,0.6294436454772949,0.1704401224851608,0.806325376033783,1.6160459518432615,0.7344827055931091,0.2145956307649612
WA003,2019,5,3.0468,2.2679367065429688,1.1648558378219604,2.959120750427246,3.615477085113525,3.679903984069824,1.7257516384124756
WA003,2019,6,3.1857,2.724843978881836,2.1833388805389404,2.4919252395629883,2.81368350982666,3.181434869766236,2.862661838531494
WA003,2019,7,9.0413,7.286599159240723,4.996777534484863,8.556899070739746,5.3321852684021,7.172314167022705,5.304464340209961
WA003,2019,8,6.9323,7.211383819580078,6.108060836791992,6.389142990112305,8.265981674194336,7.219100475311279,5.695608615875244
WA003,2019,9,2.4947,3.374029874801636,2.993743658065796,3.90576171875,3.665836811065674,5.127623081207275,2.4979054927825928
WA003,2019,10,3.0797,2.6130738258361816,3.073917865753174,4.24754810333252,3.4234368801116943,4.443417549133301,1.3850406408309937
WA003,2019,11,0.0,0.0106399934738874,0.0012608733959496,0.1527568995952606,0.0004049805284012,0.0179290063679218,0.0
WA003,2019,12,0.0,0.0157964788377285,0.0007464633672498167,0.0513524636626243,3.164144293799076e-13,0.0042497087270021,0.0
WA003,2020,1,0.0,0.0011576429242268,0.0010514543391764,0.1527578830718994,1.4257563130115614e-08,0.0032924748957157,0.0
WA003,2020,2,0.0,0.0017091564368456,0.0009759190725162624,0.0170568823814392,2.664903409055341e-09,0.0048336284235119,0.0
WA003,2020,3,0.0,0.1109284535050392,0.1034911051392555,0.1278392374515533,0.0270563196390867,0.1334998160600662,0.1633040606975555
WA003,2020,4,0.1723,0.4018669724464416,0.3740226626396179,0.4097190499305725,0.6828927993774414,0.7055412530899048,0.5624611377716064
WA003,2020,5,0.1477,0.9107885360717772,0.2732168436050415,0.615031361579895,0.872033417224884,1.5640590190887451,0.4435403048992157
WA003,2020,6,3.0333,3.083907127380371,0.785037100315094,3.349149703979492,4.943860054016113,3.70243501663208,1.2832260131835938
WA003,2020,7,7.4739,7.307124614715576,4.632491111755371,8.554235458374023,6.4941511154174805,8.958908081054688,6.102883815765381
WA003,2020,8,9.7413,7.9891839027404785,10.486004829406738,9.292431831359863,10.56118869781494,8.282634735107422,11.513916015625
WA003,2020,9,7.684,5.60500431060791,5.698794841766357,7.010024070739746,7.021771430969238,6.324960708618164,6.084957599639893
WA003,2020,10,2.0119,1.2617323398590088,1.7694220542907717,1.5115796327590942,1.658182144165039,1.904462218284607,1.6994743347167969
WA003,2020,11,0.0,0.0009252069867216052,0.0008882915135473013,0.1604286134243011,6.146062332845759e-06,0.0010763405589386,0.0
WA003,2020,12,0.0,0.0001786974025890231,0.0007799839368090034,0.1074826568365097,2.5484395038688493e-08,0.0033267894759774,0.0
WA004,2001,1,0.0,1.9925200831494294e-06,0.0009134822757914662,0.0,2.207431748502131e-07,0.0,0.0
WA004,2001,2,0.0,0.0008328565745614469,0.0011192760430276,0.0,2.317774033144815e-06,0.0,0.0
WA004,2001,3,0.0,0.0059265233576297,0.0007209705654531717,0.0,1.425489585926698e-06,0.0,0.0
WA004,2001,4,0.0,0.0900902822613716,0.0190225522965192,0.0272827036678791,0.0040981383062899,0.0371196940541267,0.0312463995069265
WA004,2001,5,0.1719,0.5046969652175903,0.1015625223517417,0.3318427205085754,0.374483585357666,0.6149818301200867,0.3790099918842315
WA004,2001,6,4.4283,2.485626220703125,0.7590717673301697,3.3830103874206543,1.6838958263397217,3.5935637950897217,2.854059934616089
WA004,2001,7,7.6042,5.354114532470703,3.934722661972046,5.134603500366211,4.453447818756104,4.840210914611816,4.824449062347412
WA004,2001,8,3.1523,3.5507454872131348,3.4059877395629883,3.2784743309021,3.9975199699401855,5.117900848388672,4.471701145172119
WA004,2001,9,3.8467,2.8575456142425537,0.9366832375526428,3.755094528198242,2.9575724601745605,3.209889888763428,3.4728047847747803
WA004,2001,10,0.0052,0.0914284586906433,0.0088625168427824,0.1208876892924308,0.0580479726195335,0.0935316309332847,0.0564395487308502
WA004,2001,11,0.0,2.5168519641738385e-06,0.0009435073006898164,0.0104994168505072,1.341611124416886e-07,0.0027042417787015,0.0
WA004,2001,12,0.0,0.00011666110367514192,0.000996932853013277,0.0,2.0846587176492903e-06,0.0,0.0
WA004,2002,1,0.0,1.945896292454563e-05,0.0011760267661884,0.0,0.0004672289942391,0.0,0.0
WA004,2002,2,0.0,4.328536306275055e-05,0.0012564886128529,0.0,3.91687592582457e-07,0.0,0.0
WA004,2002,3,0.0,0.0084992172196507,0.0009162314818240702,0.0004691660578828305,4.072196134075057e-06,0.0019417222356423,0.0
WA004,2002,4,0.0,0.0696243122220039,0.0177658814936876,0.1842022985219955,0.0157076828181743,0.1019794791936874,0.0520725287497043
WA004,2002,5,0.2558,0.4069127142429352,0.0856952294707298,0.2994047105312347,0.2443135678768158,0.5142114162445068,0.3971447050571441
WA004,2002,6,3.525,2.301092624664306,0.4626348316669464,4.344324111938477,1.802964210510254,2.661208152770996,2.654059886932373
WA004,2002,7,3.1984,3.3434834480285645,2.968162298202514,4.207859516143799,3.101857185363769,3.7773687839508057,3.435332536697388
WA004,2002,8,3.1313,4.414929866790772,2.4718129634857178,3.726531028747559,4.477148056030273,3.986207962036133,3.798319101333618
WA004,2002,9,2.079,3.185623407363892,1.1895406246185305,3.121924638748169,2.045825958251953,3.4328505992889404,2.916581392288208
WA004,2002,10,1.3965,0.4836907088756561,1.6723806858062744,1.0747284889221191,0.6492426991462708,0.6893108487129211,0.6934760212898254
WA004,2002,11,0.0,0.0062187677249312,0.0225776843726634,0.0681609436869621,0.0177147816866636,0.0131751913577318,0.0
WA004,2002,12,0.0,0.00023702901671640572,0.0012045524781569,0.0,0.0129788676276803,0.0,0.0
WA004,2003,1,0.0,3.694478436955251e-05,0.0010430853581055,0.0,0.0016024548094719,0.0,0.0
WA004,2003,2,0.0,0.00015616262680850923,0.0013480955967679,0.0,0.0018081758171319,0.0042156893759965,0.0
WA004,2003,3,0.0545,0.0157275516539812,0.1706180721521377,0.0283109657466411,0.0378272384405136,0.0669118016958236,0.0322580635547637
WA004,2003,4,0.001,0.071892462670803,0.1125040128827095,0.1101491525769233,0.0737370923161506,0.2335611283779144,0.0520725287497043
WA004,2003,5,0.7623,0.7126620411872864,0.1563874036073684,1.3091096878051758,0.994947612285614,1.0180535316467283,0.9374450445175172
WA004,2003,6,3.208,3.0139496326446533,1.0217596292495728,4.034053325653076,2.392180919647217,3.713193655014038,3.6478114128112793
WA004,2003,7,3.7013,3.828736543655396,1.791834592819214,2.862508773803711,3.0883355140686035,3.823400497436523,4.93132209777832
WA004,2003,8,5.4952,5.582320690155029,4.737789630889893,5.006879806518555,5.203935623168945,6.990764617919922,6.707553863525391
WA004,2003,9,2.6537,3.245739221572876,1.9256845712661743,3.6731133460998535,2.395533561706543,3.823278427124024,3.6269643306732178
WA004,2003,10,0.0639,0.1583241075277328,0.2910231053829193,0.1952886134386062,0.678802490234375,0.3955397307872772,0.2923142910003662
WA004,2003,11,0.0,5.771873111370951e-05,0.000927808287087828,0.0,0.0027257029432803,0.0003793581272475421,0.0
WA004,2003,12,0.0,0.00032095229835249484,0.0009412480285391212,0.0,2.644239430082962e-06,0.0,0.0
WA004,2004,1,0.0,4.194541907054372e-05,0.0010384562192484,0.0,0.0002927142486441,0.0185823943465948,0.0
WA004,2004,2,0.0,0.0002904217399191112,0.0009593137074261904,0.0,6.047077022230951e-06,0.0,0.0
WA004,2004,3,0.0,0.0102361608296632,0.0045191594399511,0.0,0.002447648672387,0.0036773877218365,0.0
WA004,2004,4,0.6933,0.2298840135335922,0.0286279339343309,0.8544622659683228,0.1835646480321884,0.433080106973648,0.4749548435211181
WA004,2004,5,0.1223,0.6770820021629333,0.2140992730855941,0.2768568992614746,0.6355298161506653,0.840327799320221,0.4354495406150818
WA004,2004,6,1.039,1.5851508378982544,0.4101034700870514,1.2309340238571167,1.198442459106445,2.323837280273437,1.3832584619522097
WA004,2004,7,4.1752,4.009990692138672,2.1236140727996826,4.846037864685059,3.1027910709381104,4.3116841316223145,3.4938223361968994
WA004,2004,8,4.9403,4.844262599945068,2.182281255722046,5.193313121795654,3.538182020187378,4.155181407928467,4.709611415863037
WA004,2004,9,2.6237,2.2567734718322754,0.4497675895690918,3.2885634899139404,1.7883304357528689,2.4093809127807617,2.460308074951172
WA004,2004,10,0.0,0.1242284700274467,0.0591243021190166,0.0799940153956413,0.0946104153990745,0.0611547902226448,0.0
WA004,2004,11,0.0,0.0036703369114547,0.0008435852359980345,0.0,4.242806426191237e-07,0.0164623707532882,0.0
WA004,2004,12,0.0,8.371323201572523e-05,0.0010244291042909,0.0,6.694994425515688e-08,0.0,0.0
WA004,2005,1,0.0,6.769823812646791e-05,0.0008442196995019913,0.0032827036920934,0.0002934589865617,0.0001238191471202299,0.0
WA004,2005,2,0.0,0.0001783948828233406,0.0060972557403147,0.0,0.0022580823861062,0.0009495249832980336,0.0
WA004,2005,3,0.0,0.0046551986597478,0.0009616796160116792,0.0025292558129876,0.0156382136046886,0.0092756655067205,0.0302384477108716
WA004,2005,4,0.0,0.0811860188841819,0.0122726401314139,0.0485685616731643,0.0246266853064298,0.0458789579570293,0.0645797327160835
WA004,2005,5,1.2755,0.6966437101364136,0.2670201957225799,1.1815849542617798,0.8799647092819214,1.4307113885879517,0.8487474322319031
WA004,2005,6,3.2253,3.0162272453308105,1.0315920114517212,4.313133239746094,3.8111672401428223,4.385011672973633,4.0477614402771
WA004,2005,7,5.5045,4.226215839385986,2.2605385780334477,5.593976974487305,3.655060291290283,4.706167221069336,6.149052143096924
WA004,2005,8,4.2568,5.471937656402588,3.4219932556152344,5.434816360473633,3.552783727645874,5.426956653594971,5.6955389976501465
WA004,2005,9,2.0467,2.337644338607788,0.6223720908164978,1.708060383796692,2.1963865756988525,2.7404651641845703,2.4082250595092773
WA004,2005,10,1.3,0.6065126657485962,0.0592863000929355,0.9393823146820068,0.3131617307662964,0.7601162195205688,0.8164615035057068
WA004,2005,11,0.0,0.0027190297842025,0.000985036138445139,0.0,0.003603053279221,0.0290831681340932,0.0
WA004,2005,12,0.0,0.0001157701262854971,0.0011507037561386,0.0,2.3698443385455906e-07,0.0,0.0
WA004,2006,1,0.0,2.9637201350851683e-06,0.0055963820777833,0.0,9.176166713587008e-06,0.0,0.0
WA004,2006,2,0.0,5.4705215006833896e-05,0.0024420255795121,0.0,0.001010003266856,0.0231568496674299,0.0
WA004,2006,3,0.0,0.0032074565533548,0.0010236463276669,0.0,3.92143510907772e-06,0.0004172965709585697,0.0
WA004,2006,4,0.0,0.0148615771904587,0.0012046049814671,0.0019670047331601,0.0011901656398549,0.0014068611199036,0.0
WA004,2006,5,0.0174,0.501359224319458,0.1350637823343277,0.2432890385389328,0.2578963935375213,0.3464319109916687,0.4697374105453491
WA004,2006,6,1.8933,1.2522443532943726,0.2306588441133499,1.4959324598312378,1.4027931690216064,1.1265666484832764,1.5124305486679075
WA004,2006,7,4.3068,4.999073505401611,1.3878862857818604,4.654780864715576,3.5787041187286377,4.836417675018311,4.257957935333252
WA004,2006,8,4.7916,4.873953342437744,4.630939483642578,6.830176830291748,4.67763614654541,5.733185768127441,5.622905254364014
WA004,2006,9,1.8153,2.0098795890808105,0.7156082391738892,3.240802049636841,2.536982774734497,3.211080312728882,2.541558265686035
WA004,2006,10,0.1506,0.2143409699201584,0.101857915520668,0.1528971046209335,0.4230144619941711,0.3324576318264007,0.268112450838089
WA004,2006,11,0.0,0.00020549756300169972,0.0009334739297628404,0.0,0.0011308010434731,0.0010425276122987,0.0
WA004,2006,12,0.0,8.017853542696685e-05,0.0012584517244249,0.0,7.708148785923188e-08,0.0,0.0
WA004,2007,1,0.0,8.489013998769224e-05,0.0008859983645379543,0.0,0.0038503869436681,0.0,0.0
WA004,2007,2,0.0,0.0004355857381597161,0.0011347897816449,0.0,3.464661801899638e-07,0.0,0.0
WA004,2007,3,0.0,0.0084894988685846,0.001289720297791,0.0,5.1070961490040645e-05,0.0007156840292736888,0.0
WA004,2007,4,0.0,0.1472581177949905,0.0251815505325794,0.0475280918180942,0.1527464836835861,0.2575822472572326,0.0645797327160835
WA004,2007,5,0.7465,0.6558395028114319,0.1366383284330368,0.6715944409370422,0.6242600679397583,1.1300448179244995,0.7499638199806213
WA004,2007,6,1.4107,1.772427320480347,0.7452709674835205,1.3261746168136597,1.84411370754242,2.5763144493103027,1.8103435039520264
WA004,2007,7,5.2484,5.006816387176514,2.919984817504883,5.488109588623047,5.517087936401367,6.107354640960693,5.67934513092041
WA004,2007,8,8.5906,6.3826680183410645,4.269223690032959,7.303915023803711,5.490274906158447,7.865854263305664,6.798250675201416
WA004,2007,9,3.5647,1.747887372970581,2.035358190536499,1.6984913349151611,1.4712430238723757,2.536090850830078,1.9916043281555176
WA004,2007,10,0.0,0.0300955660641193,0.0015646254178136,0.0235398896038532,0.0369006432592868,0.0225582122802734,0.0
WA004,2007,11,0.0,0.00024090662191156295,0.0018149269744753,0.0085324123501777,3.51442358805798e-05,0.0011396170593798,0.0
WA004,2007,12,0.0135,9.080283052753656e-05,0.0161607656627893,0.0240000002086162,0.0098089026287198,0.0004041608772240579,0.0
WA004,2008,1,0.0,3.0871990020386875e-05,0.0012466058833524,0.0,2.071438416351157e-07,0.0,0.0
WA004,2008,2,0.0,0.0,0.0011106166057288,0.0,4.3947103733898985e-08,0.0006015512626618147,0.0
WA004,2008,3,0.0,0.0015929241199046,0.0008034128113649786,0.0463109649717807,0.0003953043778892,0.0154900159686803,0.0
WA004,2008,4,0.0,0.0773366689682006,0.0038467077538371,0.0076858792454004,0.060130663216114,0.0273317266255617,0.0
WA004,2008,5,0.401,0.7566344738006592,0.1531925201416015,0.3946209847927093,0.1056908071041107,1.2871581315994265,0.628987729549408
WA004,2008,6,2.479,2.523322820663452,1.843394160270691,3.408379077911377,3.0017361640930176,3.698107957839966,3.3894906044006348
WA004,2008,7,5.6558,3.261586904525757,0.9726734161376952,5.001871585845947,2.924679756164551,4.354737281799316,4.106715202331543
WA004,2008,8,4.3077,6.113236427307129,3.82731294631958,5.87042236328125,5.554262638092041,6.060928821563721,5.822521209716797
WA004,2008,9,2.3087,1.4755054712295532,0.7007935643196106,1.9441676139831543,2.199938535690308,2.2485666275024414,1.541587233543396
WA004,2008,10,0.0016,0.208869993686676,0.3798027038574219,0.1779529899358749,0.4528327584266662,0.6166625618934631,0.2096532881259918
WA004,2008,11,0.0,1.3363041034608614e-05,0.000989000196568668,0.0,2.437795103560348e-07,0.0006038331193849444,0.0
WA004,2008,12,0.0,8.87605801835889e-06,0.0007754757534712553,0.0,5.290939952828921e-07,0.0,0.0
WA004,2009,1,0.0,4.4560023525264114e-05,0.0011313443537801,0.0,9.669724931882229e-07,0.0,0.0
WA004,2009,2,0.0,0.0002441750839352608,0.0010577779030427,0.0,1.9109485947410576e-05,0.0025446217041462,0.0
WA004,2009,3,0.0,0.0013252979842945,0.0021785795688629,0.0,0.0026772511191666,0.0003546041261870414,0.0
WA004,2009,4,0.3647,0.0313037484884262,0.0039534163661301,0.2089757770299911,0.0875858068466186,0.1814371943473816,0.1687247902154922
WA004,2009,5,0.6377,0.4740970730781555,0.0617600195109844,0.4664754271507263,0.2894180119037628,0.6842015981674194,0.5483769178390503
WA004,2009,6,0.7427,2.1697795391082764,0.8591881394386292,1.7303889989852903,2.006917953491211,2.45013427734375,2.022834300994873
WA004,2009,7,5.6626,3.5304114818573,0.7041164040565491,4.423060417175293,3.925292015075684,3.660932064056397,3.8869354724884033
WA004,2009,8,5.9526,4.794923782348633,2.1627655029296875,6.073132038116455,5.2113776206970215,6.476944923400879,5.058344841003418
WA004,2009,9,1.373,2.1238393783569336,1.7298190593719482,2.861703634262085,2.0480599403381348,2.7687618732452397,2.28322696685791
WA004,2009,10,0.9458,0.3279354572296142,0.5733606815338135,1.0473814010620115,0.7438180446624756,0.9499309659004213,0.6934760212898254
WA004,2009,11,0.0,0.0031782342121005,0.0007278291159309447,0.0,0.0037934991996735,0.0093822255730628,0.0
WA004,2009,12,0.0,0.00020784141088370236,0.0009844416053965688,0.0,6.003465841786237e-06,0.0,0.0
WA004,2010,1,0.0,7.6497599366121e-06,0.0008428164292126894,0.0,4.3004843064409215e-06,0.0011389313731342,0.0
WA004,2010,2,0.0,3.903864126186818e-05,0.001318949391134,0.0,0.0002135103568434,0.0,0.0
WA004,2010,3,0.0,0.0021878243423998,0.000692943052854389,0.0,0.0008900797693058,0.0003570386616047472,0.0
WA004,2010,4,0.0043,0.1536046415567398,0.0390401966869831,0.3946776092052459,0.0844534784555435,0.1516046524047851,0.1166522651910781
WA004,2010,5,0.6561,0.7630449533462524,0.2224314361810684,0.8740788698196411,0.5813724398612976,1.5543925762176514,0.532213568687439
WA004,2010,6,2.2973,2.673139810562134,1.1874350309371948,1.890420198440552,3.327495574951172,2.9417436122894287,3.239486694335937
WA004,2010,7,3.8955,3.8923962116241455,2.528294324874878,4.163666248321533,4.298850059509277,4.5236101150512695,4.703524112701416
WA004,2010,8,4.9587,5.891915798187256,3.693504095077514,5.595597743988037,4.639123439788818,6.262911319732666,4.711620807647705
WA004,2010,9,1.1697,2.4824378490448,1.269055962562561,2.246079206466675,2.6665329933166504,2.85629940032959,2.11035418510437
WA004,2010,10,1.8968,0.6566433310508728,0.6272961497306824,1.936757445335388,1.0154682397842407,1.580242156982422,0.510023832321167
WA004,2010,11,0.0,0.0008133623050525784,0.0012075445847585,0.0240000002086162,3.5136410588165745e-05,0.0013912777649238,0.0
WA004,2010,12,0.0,6.592270801775157e-05,0.0008855537744238973,0.0,1.02966275505878e-07,0.0275412630289793,0.0
WA004,2011,1,0.0,1.0907276646321409e-06,0.0010940762003883,0.0,2.60835986409802e-06,0.0,0.0
WA004,2011,2,0.015,0.00013566187408287078,0.0285866670310497,0.0811805576086044,0.0056388699449598,0.0113514000549912,0.0
WA004,2011,3,0.0,0.0014379930216819,0.0008292028214782476,0.0,0.0013891228009015,0.0016405610367655,0.0302384477108716
WA004,2011,4,0.0117,0.0671712011098861,0.0280610341578722,0.0415217764675617,0.0460356287658214,0.0247034970670938,0.0333333350718021
WA004,2011,5,0.3039,0.3528889119625091,0.0689458400011062,0.1529870927333831,0.2658999562263489,0.4895032346248626,0.2499777525663375
WA004,2011,6,1.1997,1.284780740737915,0.6247389912605286,2.160194396972656,1.4747942686080933,1.7292410135269165,1.0770390033721924
WA004,2011,7,1.8016,2.5428237915039062,0.7146505117416382,2.253172874450684,3.0877504348754883,3.079012632369995,2.84065318107605
WA004,2011,8,3.9561,4.747159481048584,2.196387529373169,3.557441711425781,4.363447189331055,5.27664041519165,4.92936372756958
WA004,2011,9,0.903,1.947949767112732,0.4983547627925873,1.4200562238693235,2.1857497692108154,2.426353693008423,2.474973201751709
WA004,2011,10,0.9613,0.1648448258638382,0.2480511367321014,0.5869185328483582,0.4690697193145752,0.5383449196815491,0.445507675409317
WA004,2011,11,0.0,0.0,0.0009006637264974415,0.0,1.5114899269974558e-06,0.0043926513753831,0.0
WA004,2011,12,0.0,1.948415047081653e-05,0.0008039539097808301,0.0,1.2723853082263762e-08,0.0,0.0
WA004,2012,1,0.0029,6.749179738108069e-05,0.0008587705669924617,0.0079638483002781,0.001829728600569,0.0055038123391568,0.0
WA004,2012,2,0.0403,0.00013284960004966706,0.0438205637037754,0.1513861864805221,0.1385862976312637,0.2275996208190918,0.0
WA004,2012,3,0.0,0.0043105939403176,0.0240653920918703,0.0,1.844521648308728e-05,0.0,0.0
WA004,2012,4,0.021,0.1273164004087448,0.0618877336382865,0.1826560199260711,0.0698224678635597,0.1621226668357849,0.14998559653759
WA004,2012,5,0.4768,0.5931766033172607,0.4726234972476959,0.6813173890113831,0.5142378211021423,1.1811180114746094,0.5906931161880493
WA004,2012,6,1.317,1.63312828540802,0.7145004272460938,3.117453098297119,2.2127814292907715,2.1289525032043457,1.627035140991211
WA004,2012,7,3.4645,4.844038486480713,2.5461745262146,5.307760238647461,4.344924449920654,5.375372886657715,4.971687316894531
WA004,2012,8,9.3945,6.317521572113037,6.203701972961426,7.908578395843506,6.055100917816162,5.763341426849365,7.187427997589111
WA004,2012,9,2.7733,3.3110408782958984,4.231196880340576,3.983201265335083,3.090721368789673,3.7666749954223633,3.616612911224365
WA004,2012,10,0.2561,0.3868478834629059,0.3794770836830139,0.6399995684623718,0.5160727500915527,0.7112313508987427,0.4797955453395843
WA004,2012,11,0.0,7.789593655616045e-05,0.0008152146474458277,0.0114318486303091,0.0039520813152194,0.0090224426239728,0.0
WA004,2012,12,0.0,4.492482548812404e-05,0.0008735882584005594,0.0,7.098523724380358e-08,0.0,0.0
WA004,2013,1,0.0,1.7324155123787932e-05,0.0011419433867558,0.0,0.006350606214255,0.0020588878542184,0.0
WA004,2013,2,0.0,7.147186988731846e-05,0.0013039050390943,0.0976858809590339,2.161063719086087e-07,0.1370104104280471,0.0
WA004,2013,3,0.0,0.0084130130708217,0.0009401783463545144,0.0,0.0204839501529932,0.0274391211569309,0.0
WA004,2013,4,1.6043,0.1783240288496017,0.3586463630199432,1.5268523693084717,1.0507892370224,1.2170733213424685,0.787406325340271
WA004,2013,5,0.0613,0.5100483894348145,0.11568383872509,0.2554173469543457,0.535036563873291,0.6151797771453857,0.6290081143379211
WA004,2013,6,2.1937,1.8017377853393557,1.0457223653793335,2.221259117126465,2.3539273738861084,2.274061679840088,2.1290721893310547
WA004,2013,7,2.3119,3.2556569576263428,1.3025338649749756,2.595357894897461,3.218940019607544,3.329683542251587,3.147070407867432
WA004,2013,8,8.6361,7.702352046966553,4.910802364349365,8.999288558959961,6.76829195022583,7.979353904724121,8.258010864257812
WA004,2013,9,0.5167,1.2095428705215454,1.069709539413452,0.9233165979385376,1.6562615633010864,1.4256714582443235,1.2749625444412231
WA004,2013,10,0.1029,0.5242654085159302,0.0838486403226852,0.1858250051736831,0.4780029952526092,0.4750707447528839,0.3628670275211334
WA004,2013,11,0.0,7.286707841558382e-05,0.0008020466193556786,0.0,0.0001324320328421,0.011422885581851,0.0
WA004,2013,12,0.0,0.00020504494023043665,0.0008719617617316544,0.0,9.503038199909495e-06,0.0049780197441577,0.0
WA004,2014,1,0.0,0.00011255039134994148,0.0077818194404244,0.0,0.0123904552310705,0.0740459859371185,0.0
WA004,2014,2,0.0132,0.0,0.0317796841263771,0.0240000002086162,0.0152815114706754,0.0156657248735427,0.0
WA004,2014,3,0.0,0.0176779069006443,0.0009317108197137712,0.0242811255156993,0.0019600614905357,0.0760247260332107,0.0
WA004,2014,4,0.0013,0.105729766190052,0.0493502020835876,0.0528660267591476,0.1470739096403122,0.2998846173286438,0.0520725287497043
WA004,2014,5,1.4377,1.162150263786316,0.2745859324932098,1.6089850664138794,0.8896809816360474,1.5165221691131592,1.1451168060302734
WA004,2014,6,1.5693,1.5211644172668457,0.3281989097595215,2.689316272735596,1.5380512475967407,1.8679355382919312,1.785356044769287
WA004,2014,7,3.9426,3.832427263259888,1.7480382919311523,7.471774578094482,2.9803061485290527,4.430544853210449,4.834606647491455
WA004,2014,8,6.2206,4.860432624816895,6.568378448486328,6.859647750854492,4.997584342956543,4.829724311828613,5.469681739807129
WA004,2014,9,2.5957,2.453826665878296,1.1437933444976809,2.366940975189209,2.6326887607574463,3.9286081790924072,3.3186395168304443
WA004,2014,10,0.0035,0.062535360455513,0.0187422428280115,0.1173513159155845,0.301297515630722,0.2203784435987472,0.32457235455513
WA004,2014,11,0.0003,0.0037005224730819,0.0013437593588605,0.0219371654093265,0.0111490944400429,0.029453620314598,0.0
WA004,2014,12,0.0,6.5359045038349e-06,0.0010237169917672,0.0,6.874597602291034e-08,9.146445518126713e-05,0.0
WA004,2015,1,0.0,1.535948467790149e-05,0.0012192289577797,0.0,2.756675714860936e-15,0.0007099602953530848,0.0
WA004,2015,2,0.2264,0.0008232090040110052,0.0670696049928665,0.1479399055242538,0.0927245616912841,0.0528097003698349,0.0
WA004,2015,3,0.0,0.0138682778924703,0.0217850990593433,0.0249355882406234,0.0010849210666492,0.0822240114212036,0.145157516002655
WA004,2015,4,0.0,0.0314453728497028,0.0011714515276253,0.0224994178861379,2.150420783664231e-07,0.0095304390415549,0.0333333350718021
WA004,2015,5,0.0016,0.1521865725517273,0.0304673016071319,0.0653392300009727,0.1176389902830123,0.1351518630981445,0.1209556758403778
WA004,2015,6,1.43,1.9126248359680176,0.6662872433662415,1.4190051555633545,2.716207981109619,2.0243232250213623,2.045784711837769
WA004,2015,7,5.3684,5.018587112426758,1.1171263456344604,6.197629928588867,4.339956760406494,4.87389087677002,4.338558673858643
WA004,2015,8,4.1471,5.841609477996826,5.57763671875,6.683939933776856,6.715868949890137,6.774263381958008,5.445472240447998
WA004,2015,9,3.0753,2.8852453231811523,2.386960029602051,4.061886787414551,3.788319349288941,4.057178497314453,4.033254623413086
WA004,2015,10,1.9316,0.2569916546344757,0.1168045848608017,1.3671205043792725,0.3861480057239532,0.8551023006439209,0.580596923828125
WA004,2015,11,0.0,2.5616216589696705e-05,0.0009890212677419186,0.0179972555488348,9.141862165051862e-07,0.0056908708065748,0.0
WA004,2015,12,0.0,0.00011192333477083594,0.000813326274510473,0.0,2.4283344779441047e-10,0.0007571751484647393,0.0
WA004,2016,1,0.0,0.00011366152466507629,0.001349612721242,0.0,6.188062684486795e-07,0.1037109270691871,0.0
WA004,2016,2,0.0,5.927856545895338e-05,0.0012434822274371,0.0,1.9256766320419054e-11,0.1746907532215118,0.0
WA004,2016,3,0.0003,0.0202410761266946,0.2873892188072204,0.0746128261089325,0.0688495114445686,0.2147947549819946,0.0503927655518054
WA004,2016,4,0.907,0.1747572571039199,0.2397726327180862,0.7440067529678345,0.4507322013378143,0.3514387309551239,0.14998559653759
WA004,2016,5,2.0052,1.4846855401992798,0.3543108403682709,1.470142126083374,0.6628751754760742,1.8401975631713867,0.7015804648399353
WA004,2016,6,2.954,2.241267442703247,0.98123037815094,2.580151081085205,1.2050100564956665,2.404261827468872,3.0894906520843506
WA004,2016,7,2.1432,3.542348146438598,3.338614225387573,2.3014636039733887,3.434603691101074,4.214578628540039,3.7841830253601074
WA004,2016,8,4.9706,4.500655174255371,4.45377779006958,4.7625412940979,4.493706226348877,5.222778797149658,4.991849899291992
WA004,2016,9,3.6483,3.214566230773926,1.077220797538757,4.111924648284912,3.21010160446167,3.7953715324401855,4.391543865203857
WA004,2016,10,0.0023,0.0684732273221015,0.0178857967257499,0.156453400850296,0.0283789038658142,0.190983161330223,0.1915185898542404
WA004,2016,11,0.0,0.003257997566834,0.0009299085359089077,0.0059010139666497,4.099913297750391e-08,0.0091477101668715,0.0
WA004,2016,12,0.0,0.00023308560776058584,0.0008435866329818964,0.0,5.767342372564599e-07,0.002385975793004,0.0
WA004,2017,1,0.0,3.598936746129766e-05,0.0008870360907167196,0.0,1.6593823204402725e-08,0.001704896450974,0.0
WA004,2017,2,0.0,0.0006117514567449689,0.0011041860561817,0.0,2.2962888479582944e-08,0.0033360654488205,0.0
WA004,2017,3,0.0,0.000814600323792547,0.0010104430839419,0.0,1.3335209381182269e-08,0.0031708914320915,0.0
WA004,2017,4,0.0407,0.0816454365849495,0.0138223934918642,0.084454208612442,0.0511047504842281,0.0990166664123535,0.3124620318412781
WA004,2017,5,2.9671,1.4332520961761477,0.4324070513248443,2.0581507682800293,0.5290090441703796,1.8446190357208248,1.6692742109298706
WA004,2017,6,6.346,2.6310184001922607,1.4218369722366333,3.882131338119507,2.727907657623291,0.1288139373064041,3.656107425689697
WA004,2017,7,4.0974,4.268232345581055,2.024416208267212,4.0428786277771,4.394054412841797,0.1852360516786575,4.487765312194824
WA004,2017,8,7.2271,5.082054138183594,4.390674591064453,6.64708423614502,4.740733623504639,5.380468845367432,5.71762228012085
WA004,2017,9,0.5897,1.3114203214645386,2.6694259643554688,2.026000499725342,1.0986096858978271,1.8837196826934812,1.81658136844635
WA004,2017,10,0.2706,0.2377071976661682,0.1638539731502533,0.2141351550817489,0.111222892999649,0.4445929825305938,0.177395224571228
WA004,2017,11,0.0,0.0011091161286458,0.0008306848467327654,0.0687172934412956,3.634371248395496e-09,0.0163028184324502,0.0
WA004,2017,12,0.0,0.00021962352911941707,0.0008877735817804933,0.0,3.645128288098931e-08,0.003009260399267,0.0
WA004,2018,1,0.0,1.1997663932561409e-05,0.0008174238610081375,0.0,4.359963431954661e-11,0.0005016151117160916,0.0
WA004,2018,2,0.0043,0.000424384546931833,0.0112783377990126,0.0343972779810428,0.0239924900233745,0.0567427761852741,0.0
WA004,2018,3,0.0297,0.0175514500588178,0.0009045369806699456,0.0282151345163583,0.016758969053626,0.0604817941784858,0.0302384477108716
WA004,2018,4,0.0,0.0563681870698928,0.0026621920987963,0.0,0.000290870812023,0.0363913811743259,0.0
WA004,2018,5,1.0081,1.108679175376892,0.2239693850278854,1.491558074951172,0.7670353055000305,1.7994940280914309,1.0019612312316897
WA004,2018,6,1.5317,2.121872901916504,0.63485187292099,1.8664767742156985,2.1786422729492188,2.240062713623047,1.7436769008636477
WA004,2018,7,5.1368,4.303769588470459,1.535915732383728,5.285478591918945,3.2887485027313232,4.660830020904541,5.163145065307617
WA004,2018,8,6.129,5.341113567352295,3.926250696182251,5.290084362030029,4.949982166290283,5.178678512573242,4.854758739471436
WA004,2018,9,3.092,2.2990853786468506,1.8394302129745483,3.144503116607666,1.6966423988342283,3.040427923202514,3.958242177963257
WA004,2018,10,0.3587,0.8590124845504761,0.2562312185764313,0.8180996179580688,0.7405893802642822,0.7306063771247864,0.3326285779476166
WA004,2018,11,0.0,0.0015444825403392,0.0008153073722496629,0.0,1.3309404778283354e-07,0.0160764064639806,0.0
WA004,2018,12,0.0,0.0002277128223795444,0.0008851868333294988,0.0,5.482307940951615e-08,0.0015190982958301,0.0
WA004,2019,1,0.0,9.156984742730856e-05,0.0009677759953774512,0.0240000002086162,1.6109604969449798e-11,0.0186837594956159,0.0
WA004,2019,2,0.0,3.655146065284498e-05,0.0012714732438325,0.0,3.5612148785446607e-09,0.003853736212477,0.0
WA004,2019,3,0.0,0.010195042937994,0.0012732583563774,0.0019670047331601,0.0084444545209407,0.0499579608440399,0.0
WA004,2019,4,0.0383,0.0820093750953674,0.0085727423429489,0.1377815902233123,0.0130327343940734,0.1078245788812637,0.0
WA004,2019,5,0.4648,0.7325380444526672,0.3735908269882202,0.941725254058838,0.0914008095860481,1.3787221908569336,0.5907209515571594
WA004,2019,6,1.6953,2.0654757022857666,0.90568870306015,2.050021886825561,2.04356050491333,2.544299840927124,1.8874140977859497
WA004,2019,7,4.479,3.853098392486572,1.6272177696228027,4.069798946380615,3.240334272384644,4.820109844207764,2.219695568084717
WA004,2019,8,3.7255,5.606769561767578,5.722825527191162,3.329033374786377,4.678917407989502,6.359091758728027,7.143253803253174
WA004,2019,9,2.8063,1.750449299812317,0.8156819939613342,2.137534141540528,1.29737651348114,2.825882196426392,1.2477961778640747
WA004,2019,10,0.3281,0.436765193939209,1.120999097824097,0.6648750305175781,0.9227076768875122,1.055318832397461,0.4515544474124908
WA004,2019,11,0.0,0.0021632655989378,0.0007276067044585943,0.0,0.0003768819151446,0.0069112731143832,0.0
WA004,2019,12,0.0,0.00015436572721228004,0.0007464633672498167,0.0,5.309689557334626e-15,0.000778997375164181,0.0
WA004,2020,1,0.0,3.185787863912992e-05,0.0010514543391764,0.0,5.708435537599144e-07,0.0009484973852522672,0.0
WA004,2020,2,0.0,8.022921065276023e-06,0.0009748574229888618,0.0,1.1960061829796587e-09,0.00420125387609,0.0
WA004,2020,3,0.0,0.0117490598931908,0.0207023657858371,0.019696220755577,0.0142734171822667,0.0136322686448693,0.0483731515705585
WA004,2020,4,0.068,0.108147457242012,0.0034553159493952,0.1110797077417373,0.0086292289197444,0.2182858735322952,0.0
WA004,2020,5,0.5435,0.5454457402229309,0.0655253455042839,0.5671594738960266,0.368679016828537,0.5575404763221741,0.1390903741121292
WA004,2020,6,2.4737,2.010333299636841,0.3646063804626465,2.3753013610839844,2.1772830486297607,2.477779626846313,1.08751380443573
WA004,2020,7,5.3223,4.571114540100098,1.6359946727752686,4.984030246734619,5.447790145874023,5.696558475494385,3.1088342666625977
WA004,2020,8,8.2184,8.445599555969238,6.027259349822998,7.862853527069092,9.449163436889648,7.382236957550049,9.023926734924316
WA004,2020,9,3.6027,4.06020975112915,1.066547393798828,4.261441230773926,4.268097877502441,4.952654838562012,1.92694628238678
WA004,2020,10,0.6997,0.4215925335884094,0.196971520781517,0.6147720217704773,0.6219191551208496,0.8216124773025513,0.167337104678154
WA004,2020,11,0.0,0.00023992285423446447,0.0008882915135473013,0.0,0.0078654047101736,0.0039264545775949,0.0
WA004,2020,12,0.0,4.319258096074918e-06,0.0007747805211693048,0.0,3.7119077256342337e-10,0.0003452401433605701,0.0
WA005,2001,1,0.0,0.0254932343959808,0.000913561147172004,0.0,2.2345348682506483e-08,0.0473503209650516,0.0
WA005,2001,2,0.0,0.0497284084558486,0.0034388590138405,0.0224974956363439,0.0002786782279144,0.1433731913566589,0.1763422936201095
WA005,2001,3,0.0119,0.2836666405200958,0.3644805252552032,0.1483924239873886,0.2152782529592514,0.296443223953247,0.6733359694480896
WA005,2001,4,3.1043,3.0611796379089355,2.439935207366944,3.395397186279297,3.8437631130218506,4.210216522216797,3.844051837921143
WA005,2001,5,3.3487,5.144418716430664,2.572993755340576,4.131476402282715,5.599230766296387,7.628379821777344,5.375204563140869
WA005,2001,6,6.0027,5.472012996673584,6.190262794494629,6.720752239227295,5.770224571228027,8.130099296569824,5.74163818359375
WA005,2001,7,10.4968,6.988081932067871,7.857593059539795,9.767449378967283,4.901028156280518,7.752749443054199,8.23819351196289
WA005,2001,8,9.4932,8.611767768859863,12.356719970703123,8.794072151184082,6.650237560272217,6.226839065551758,9.40760326385498
WA005,2001,9,8.939,7.877236366271973,10.839398384094238,9.974620819091797,6.712560653686523,10.878756523132324,9.952400207519531
WA005,2001,10,2.2829,2.180038452148437,2.6869049072265625,2.3510513305664062,1.311429500579834,3.0911433696746826,3.056193351745605
WA005,2001,11,0.0,0.0004514419415500015,0.044850829988718,0.0227748118340969,0.2909030318260193,0.0442651361227035,0.2000032067298889
WA005,2001,12,0.0,0.0095603317022323,0.0142609663307666,0.0,0.0092552974820137,0.1245725974440574,0.0
WA005,2002,1,0.0,0.0005598174757324159,0.0011760267661884,0.0,0.00103330030106,0.0179433189332485,0.0
WA005,2002,2,0.0121,0.1019292771816253,0.3778098523616791,0.1015305966138839,1.6549453221159638e-06,0.1485873013734817,0.2165182828903198
WA005,2002,3,1.8832,1.0430585145950315,1.2884291410446167,1.494809865951538,1.2618759870529177,1.4501852989196775,0.6733359694480896
WA005,2002,4,3.0107,3.495365619659424,2.4339165687561035,3.898439884185791,7.88156270980835,3.851271629333496,2.283140182495117
WA005,2002,5,3.1768,4.239658832550049,2.2674176692962646,3.4627742767333984,4.285671710968018,4.791212558746338,4.205457210540772
WA005,2002,6,8.332,6.268788814544678,8.4562406539917,7.309720993041992,3.895869493484497,6.141460418701172,5.489458560943604
WA005,2002,7,11.9523,9.25091552734375,9.266491889953612,12.22935676574707,8.726910591125488,10.155251502990724,8.151446342468262
WA005,2002,8,12.9742,9.03026008605957,10.178725242614746,12.808377265930176,7.075108051300049,8.383536338806152,8.292287826538086
WA005,2002,9,10.0393,7.256505489349365,10.381675720214844,9.749224662780762,6.6638031005859375,9.914591789245604,10.304606437683104
WA005,2002,10,5.6681,5.657962322235107,5.687243938446045,7.264456748962402,4.934022426605225,5.915252208709717,3.913370370864868
WA005,2002,11,0.1183,0.0651985928416252,0.5263361930847168,0.1669641733169555,0.0094240354374051,0.0355974212288856,0.2520853281021118
WA005,2002,12,0.0,0.0290398653596639,0.0815024897456169,0.0019691658671945,5.43922396900598e-06,0.0099253579974174,0.0
WA005,2003,1,0.0,0.0187397710978984,0.1568096876144409,0.0091870790347456,0.0503572821617126,0.227505937218666,0.0322580635547637
WA005,2003,2,0.5254,0.1568875610828399,0.1949798613786697,0.6334037780761719,1.213038682937622,0.3144705295562744,0.25
WA005,2003,3,0.3394,0.5222361087799072,0.3692237138748169,0.4647038578987121,0.0343960560858249,0.3826805055141449,0.6733359694480896
WA005,2003,4,2.7003,2.6823372840881348,2.583428144454956,2.494107484817505,4.648812770843506,2.6368911266326904,2.835577726364136
WA005,2003,5,4.9961,4.052463054656982,2.1897146701812744,5.098165035247803,2.386712551116944,4.176931858062744,6.659887313842773
WA005,2003,6,6.1793,6.160894870758057,7.608085155487059,8.823919296264648,3.799558162689209,7.629684925079346,7.767324447631836
WA005,2003,7,13.1603,7.253164768218994,7.258829593658447,12.256189346313477,5.175562858581543,5.834880352020264,8.205903053283691
WA005,2003,8,9.0032,9.130404472351074,9.228529930114746,7.822587490081787,5.505541324615479,9.311832427978516,9.48627758026123
WA005,2003,9,8.7667,8.293405532836914,8.540335655212402,8.762479782104492,8.537514686584473,8.634724617004395,9.6189603805542
WA005,2003,10,2.849,3.908535003662109,4.426266193389893,3.2195565700531006,4.994226455688477,4.490983009338379,3.37080717086792
WA005,2003,11,1.2447,0.450022280216217,1.4871747493743896,1.5005592107772827,0.1085308194160461,0.401965856552124,0.3208325505256653
WA005,2003,12,0.0,0.0005431243334896863,0.0018348370213061,0.0,0.0372652672231197,0.0014862201642245,0.0
WA005,2004,1,0.0,0.0213344097137451,0.1580589413642883,0.0019691658671945,0.0362004227936267,0.2653693854808807,0.0060414718464016
WA005,2004,2,0.2138,0.005841237027198,0.0168773364275693,0.2147811502218246,4.174017522018403e-05,0.0222292449325323,0.1702615171670913
WA005,2004,3,0.0,0.2952367961406708,0.1606252640485763,0.0714379027485847,0.0005159852444194,0.2266618609428405,0.6733359694480896
WA005,2004,4,2.0087,2.576735019683838,1.4302324056625366,2.3215107917785645,4.276524066925049,3.5736262798309326,2.274798631668091
WA005,2004,5,6.2861,5.547122478485107,5.89109992980957,6.424215316772461,5.943713188171387,8.475719451904297,6.256563663482666
WA005,2004,6,8.9093,5.5186309814453125,7.067646026611328,8.199594497680664,3.1838715076446533,5.712124824523926,6.100102424621582
WA005,2004,7,8.6842,8.05272102355957,8.463616371154785,7.206188201904297,3.8033721446990967,6.607774257659912,7.205559730529785
WA005,2004,8,9.3981,8.165364265441895,13.591771125793455,8.260748863220215,2.5535686016082764,9.854223251342772,8.608933448791504
WA005,2004,9,6.8433,8.445651054382324,8.870862007141113,5.9018235206604,3.626335859298706,7.848707675933838,8.895770072937012
WA005,2004,10,4.6426,4.578557014465332,5.062923908233643,5.986212730407715,1.2302981615066528,4.477341651916504,3.544264793395996
WA005,2004,11,0.0977,0.1208944469690322,0.755016565322876,0.2011948078870773,0.1388815492391586,0.1828014552593231,0.0666666701436042
WA005,2004,12,0.0,0.0164029914885759,0.0144390985369682,0.0019691658671945,8.954562957796952e-08,0.1348216533660888,0.0
WA005,2005,1,0.0,0.0250802431255579,0.0019656913354992,0.003279582131654,8.511442501912825e-06,0.0109572522342205,0.0080579863861203
WA005,2005,2,0.0,0.182209774851799,0.2025428265333175,0.1154924854636192,0.062781848013401,0.3255509436130523,0.1964302957057953
WA005,2005,3,0.0,0.7585139870643616,0.638995349407196,0.3969666063785553,0.5925815105438232,1.2425590753555298,0.6733359694480896
WA005,2005,4,2.0373,2.4226815700531006,1.7701523303985596,2.4213767051696777,1.745678424835205,2.644963264465332,3.083382606506348
WA005,2005,5,3.0029,4.552227973937988,4.324714183807373,3.658513784408569,1.8187116384506223,6.812032699584961,5.058574199676514
WA005,2005,6,8.8563,5.680316925048828,6.513091087341309,8.710567474365234,4.17928409576416,8.805764198303223,7.946566581726074
WA005,2005,7,8.4177,7.5026421546936035,8.49736499786377,9.131658554077148,2.9485960006713867,5.681886672973633,7.820705413818359
WA005,2005,8,6.6281,9.987595558166504,9.070442199707031,5.919238567352295,4.762866020202637,7.197399139404297,8.179343223571777
WA005,2005,9,5.401,8.211613655090332,11.323488235473633,6.350056171417236,9.579782485961914,14.293859481811523,9.994108200073242
WA005,2005,10,4.9768,4.360854148864746,3.3697197437286377,5.060193061828613,2.629566431045532,4.766181945800781,3.4394097328186035
WA005,2005,11,0.0,0.1314441412687301,0.4920254647731781,0.0417108833789825,0.0609749071300029,0.3081155121326446,0.2520853281021118
WA005,2005,12,0.0,0.0192956048995256,0.1812542676925659,0.0342129059135913,0.0002092562790494,0.0132867097854614,0.0
WA005,2006,1,0.2868,0.0573433004319667,0.2032717317342758,0.5365884304046631,0.055980697274208,0.1595905870199203,0.0645161271095275
WA005,2006,2,0.4721,0.1152474731206893,0.1175858974456787,0.5164729952812195,0.162666842341423,0.1677231788635254,0.3593719899654388
WA005,2006,3,0.7984,0.8805496692657471,0.269273430109024,1.0030168294906616,0.1144890114665031,1.1825695037841797,0.6733359694480896
WA005,2006,4,0.9583,1.444867491722107,1.0693535804748535,1.6901943683624268,1.4572311639785769,2.091824769973755,2.274798631668091
WA005,2006,5,4.5648,5.283560752868652,6.215263366699219,6.630407810211182,3.2225334644317627,6.8616132736206055,4.798402309417725
WA005,2006,6,3.53,5.533346652984619,5.949810981750488,3.3514866828918457,2.362849712371826,3.8595995903015137,5.489458560943604
WA005,2006,7,6.1306,7.153275489807129,9.244157791137695,7.75105619430542,3.803095817565918,9.16445541381836,6.820362091064453
WA005,2006,8,11.0781,12.583977699279783,10.74413013458252,12.536792755126951,14.736931800842283,13.376506805419922,9.41767406463623
WA005,2006,9,7.0217,8.971231460571289,9.017083168029783,8.180715560913086,6.753425121307373,14.55329704284668,10.871498107910156
WA005,2006,10,5.4903,6.198984622955322,6.708133220672607,6.219775676727295,1.6651744842529297,6.850716590881348,5.706250190734863
WA005,2006,11,0.0,0.0453433617949485,0.2029848992824554,0.021658269688487,0.0299130659550428,0.0887048318982124,0.2187519967555999
WA005,2006,12,0.0,0.0234707426279783,0.0012584517244249,0.0,1.267997731702053e-06,0.1076678708195686,0.0
WA005,2007,1,0.0,0.0001471127470722422,0.0008859983645379543,0.0,1.3987587976771465e-08,0.0250176340341568,0.0
WA005,2007,2,0.0,0.1383214294910431,0.0431715138256549,0.0594379045069217,0.1439597755670547,0.1314077079296112,0.2522325813770294
WA005,2007,3,0.4897,0.8630634546279907,0.1405354738235473,0.9015545845031738,0.6017961502075195,0.2935050427913666,0.6733359694480896
WA005,2007,4,3.118,2.8043205738067627,1.4811203479766846,3.7907776832580566,2.250926733016968,2.536882162094116,2.693753957748413
WA005,2007,5,3.1442,5.374514579772949,3.07595157623291,5.42258882522583,3.820135593414306,6.992905139923096,5.453860759735107
WA005,2007,6,5.5717,4.936813831329346,4.067519187927246,5.921602725982666,8.765925407409668,9.856183052062988,6.043830871582031
WA005,2007,7,9.6313,5.727309226989746,8.668330192565918,9.604872703552246,7.816449642181396,7.942125797271728,7.278177738189697
WA005,2007,8,9.1903,10.534398078918455,13.13759708404541,8.918624877929688,15.411739349365234,10.530814170837402,9.06273365020752
WA005,2007,9,6.944,9.332528114318848,8.742443084716797,8.988448143005371,11.217167854309082,8.897200584411621,8.716582298278809
WA005,2007,10,4.0913,5.0120134353637695,4.568843841552734,5.537033557891846,4.643477439880371,8.280820846557617,3.056193351745605
WA005,2007,11,0.0,0.0676755234599113,0.3413975536823272,0.0385345891118049,0.2665353119373321,0.3823894560337066,0.2708341479301452
WA005,2007,12,0.0,0.0160350743681192,0.0372473634779453,0.0,0.0614162050187587,0.0305211190134286,0.0
WA005,2008,1,0.0,0.0171200688928365,0.0382462367415428,0.0078766634687781,0.0241714809089899,0.0164439026266336,0.0060414718464016
WA005,2008,2,0.0,0.0036079527344554,0.0011106166057288,0.0224032085388898,0.0199490562081336,0.1691903918981552,0.1702615171670913
WA005,2008,3,0.4568,0.5834192633628845,0.1917582154273986,0.7493492364883423,0.6746877431869507,0.5660245418548584,0.6733359694480896
WA005,2008,4,1.0473,2.340963363647461,1.9111987352371216,2.122945785522461,1.652298927307129,3.0576770305633545,1.9270721673965452
WA005,2008,5,3.2477,5.531554222106934,5.178802490234375,3.062760353088379,2.7512519359588623,4.9524664878845215,5.471755504608154
WA005,2008,6,6.0073,5.780170440673828,6.6751389503479,6.355425834655762,5.211845397949219,7.297842025756836,4.9854607582092285
WA005,2008,7,6.4371,7.945513725280762,7.544890880584717,7.714522838592529,8.70468521118164,8.84539794921875,16.98988914489746
WA005,2008,8,10.5232,9.988221168518066,11.384551048278809,9.109017372131348,14.811508178710938,9.570999145507812,8.193709373474121
WA005,2008,9,6.716,7.772246837615967,8.37259292602539,8.229552268981934,8.891159057617188,10.76127815246582,10.020919799804688
WA005,2008,10,2.131,2.798823118209839,4.645218372344971,2.9300854206085205,4.262508392333984,4.826964855194092,5.153204917907715
WA005,2008,11,0.0,0.0195461530238389,0.024282781407237,0.1001176610589027,0.0020994637161493,0.0573300942778587,0.0
WA005,2008,12,0.0,0.0685462951660156,0.6664188504219055,0.1987437903881073,0.0811616778373718,0.1377312839031219,0.0
WA005,2009,1,0.1197,0.0564098805189132,0.063962772488594,0.3232460021972656,0.0491326674818992,0.0552154928445816,0.0
WA005,2009,2,0.1093,0.0393322184681892,0.0378387570381164,0.1334970146417617,0.0089102853089571,0.0731590539216995,0.2299119979143142
WA005,2009,3,0.0,0.2784852683544159,0.1604112684726715,0.090375892817974,0.1248661279678344,0.4860805571079254,0.6733359694480896
WA005,2009,4,2.2967,2.780559778213501,3.482879638671875,4.511571407318115,5.375465393066406,6.42091703414917,2.2810566425323486
WA005,2009,5,3.5548,2.7289326190948486,4.658829212188721,5.345808982849121,5.87042760848999,4.982479572296143,6.038735866546631
WA005,2009,6,5.4847,5.9162468910217285,7.602615356445312,6.055679321289063,5.273214340209961,6.8545756340026855,5.764545917510986
WA005,2009,7,5.2129,6.587873458862305,8.66987133026123,5.683236122131348,5.613198280334473,5.567940711975098,8.671477317810059
WA005,2009,8,14.0906,11.743102073669434,13.802413940429688,13.666433334350586,9.691373825073242,11.36847686767578,16.46596908569336
WA005,2009,9,6.3147,8.123753547668457,9.2769775390625,7.712154865264893,5.283774375915527,7.749442100524902,10.618851661682127
WA005,2009,10,6.48,6.0402374267578125,5.771938800811768,6.870806694030762,3.5171902179718018,6.893547058105469,2.9697844982147217
WA005,2009,11,0.9263,0.233750581741333,0.6175907850265503,1.8679049015045168,0.5022077560424805,0.4559381604194641,0.0
WA005,2009,12,0.0,0.0046792770735919,0.0040316013619303,0.0258721336722373,1.1973556865996215e-05,0.0084719453006982,0.0
WA005,2010,1,0.0,0.0147414030507206,0.0016095400787889,0.0155639816075563,0.0776306837797164,0.0305098854005336,0.0
WA005,2010,2,0.0132,0.0530949793756008,0.0099861091002821,0.0978613570332527,0.1568785458803177,0.286574125289917,0.2254396229982376
WA005,2010,3,0.2113,0.3528348207473755,0.1739313453435897,0.323153555393219,0.1941457986831665,0.92937570810318,0.0
WA005,2010,4,2.0987,3.12513279914856,1.1556730270385742,2.2515904903411865,1.861141800880432,2.674992561340332,2.487575054168701
WA005,2010,5,7.6926,5.073574542999268,4.551490783691406,7.953503608703613,5.82126522064209,5.622927188873291,4.947583198547363
WA005,2010,6,5.815,5.2701945304870605,4.94788932800293,6.038168430328369,5.078686714172363,6.494715690612793,3.9146568775177
WA005,2010,7,8.9713,10.43443489074707,10.16758632659912,10.290319442749023,9.902514457702637,10.899237632751465,9.068634033203123
WA005,2010,8,9.319,9.198773384094238,9.40001392364502,9.061284065246582,10.595909118652344,9.21147918701172,9.141375541687012
WA005,2010,9,9.2743,7.757224559783935,11.30341339111328,8.872945785522461,7.706840515136719,7.605452537536621,7.848032474517822
WA005,2010,10,6.5674,8.921347618103027,6.808879852294922,6.952815055847168,4.412569522857666,7.864936828613281,5.667373180389404
WA005,2010,11,0.0043,0.1468313932418823,0.8864135146141052,0.3483659327030182,0.8051139116287231,0.4420863091945648,1.2604258060455322
WA005,2010,12,0.0,0.0139302862808108,0.0033674845471978,0.0105002401396632,0.0473043359816074,0.231342926621437,0.0
WA005,2011,1,0.0,0.012630664743483,0.0010966460686177,0.0,0.0012395530939102,0.0053509008139371,0.0
WA005,2011,2,0.0043,0.2050648778676986,0.1934801191091537,0.7264136672019958,0.2712373435497284,0.7003853917121887,0.2343737185001373
WA005,2011,3,0.0,0.261181116104126,0.0164943691343069,0.1940332055091858,0.1088970527052879,0.1611683666706085,0.0
WA005,2011,4,0.7573,2.068758249282837,0.709865152835846,2.429889917373657,0.9602693915367126,1.796086311340332,1.0749900341033936
WA005,2011,5,6.1229,5.203607082366943,4.980295658111572,5.8722825050354,5.344691753387451,5.320500373840332,5.250003337860107
WA005,2011,6,2.98,6.384169101715088,6.9400410652160645,4.712993621826172,5.00658130645752,5.22641134262085,2.608383893966675
WA005,2011,7,9.0219,5.414857864379883,6.422520160675049,8.901266098022461,6.072221755981445,7.466552257537842,6.810554504394531
WA005,2011,8,9.4594,9.494462013244627,9.729570388793944,8.775604248046875,8.76778793334961,6.8461594581604,5.5767436027526855
WA005,2011,9,3.34,7.59290885925293,8.756701469421387,8.593842506408691,7.465161323547363,8.824383735656738,10.20457935333252
WA005,2011,10,3.2987,4.926061630249023,5.638014316558838,4.559939384460449,3.971344947814941,6.354005813598633,3.092523097991944
WA005,2011,11,0.0,0.0156455710530281,0.0285972151905298,0.3708640336990356,0.066316433250904,0.079764612019062,0.2000032067298889
WA005,2011,12,0.0,5.279018296278082e-05,0.0008094282238744199,0.0403168313205242,0.0001742352324072,0.0025185346603393,0.0
WA005,2012,1,0.0,0.0113881500437855,0.0015542100882157,0.0298104658722877,0.0021119734738022,0.0190128348767757,0.0
WA005,2012,2,0.0,0.1050243526697158,0.2785413563251495,0.3892990350723266,0.120111308991909,0.3334552347660064,0.0
WA005,2012,3,0.0,0.3612239062786102,0.127697005867958,0.4155601263046264,0.0138877956196665,0.2883825600147247,0.0
WA005,2012,4,1.1413,3.2412803173065186,2.4739022254943848,4.551333904266357,2.2364206314086914,3.366511344909668,2.274798631668091
WA005,2012,5,11.4258,5.426961421966553,6.235433101654053,10.454955101013184,6.399736404418945,8.152155876159668,6.486479759216309
WA005,2012,6,1.093,5.99036169052124,7.755724906921387,5.3265485763549805,6.654190540313721,6.677163600921631,5.652309417724609
WA005,2012,7,11.5952,8.489415168762207,11.61567211151123,12.403223037719728,9.997963905334473,9.994787216186523,8.072805404663086
WA005,2012,8,12.0706,8.37317943572998,12.708858489990234,8.344634056091309,11.41097640991211,8.385449409484863,9.38944149017334
WA005,2012,9,9.7263,7.5173020362854,17.32352638244629,8.942079544067383,10.306599617004396,9.899772644042969,11.810524940490724
WA005,2012,10,9.1365,7.459555149078369,5.77570104598999,7.268800258636475,6.740638732910156,7.225059986114502,5.405228137969971
WA005,2012,11,0.0627,0.2335228025913238,0.2237517386674881,0.5782996416091919,0.3689902722835541,0.599799394607544,0.0
WA005,2012,12,0.0,0.0112466644495725,0.0185724813491106,0.4212327301502228,0.0072350134141743,0.0820421949028968,0.0
WA005,2013,1,0.0152,0.0661070868372917,0.1609343886375427,0.137993186712265,0.6181517839431763,0.1932123154401779,0.0322580635547637
WA005,2013,2,0.8968,0.1324103027582168,0.0538165345788002,1.0140445232391355,0.4682082831859588,0.5379999876022339,0.0
WA005,2013,3,0.4719,1.2132761478424072,0.4459528028964996,1.7230154275894165,0.8570275902748108,1.0972270965576172,0.0
WA005,2013,4,2.352,2.00923752784729,5.15018892288208,4.427988052368164,1.726224422454834,4.798200607299805,2.445836067199707
WA005,2013,5,1.5832,2.569793939590454,6.269484519958496,2.3171963691711426,2.656233549118042,5.211153984069824,1.622989296913147
WA005,2013,6,7.809,4.180458068847656,5.199392795562744,7.919832706451416,4.683934211730957,5.980700969696045,8.129246711730957
WA005,2013,7,6.8158,5.622515201568604,7.252537727355957,10.031749725341797,5.338136196136475,6.333086967468262,4.963772296905518
WA005,2013,8,3.4619,7.212082386016846,8.308573722839355,3.6102240085601807,4.066527366638184,4.293902397155762,7.445703029632568
WA005,2013,9,6.168,7.507042407989502,16.5708065032959,4.404364109039307,3.3799421787261963,8.826208114624023,8.091775894165039
WA005,2013,10,4.3103,3.69420337677002,4.592683792114258,3.473705291748047,2.3258423805236816,4.606204032897949,2.3891100883483887
WA005,2013,11,0.0,0.0558621920645237,0.0700229406356811,0.6297870874404907,0.2484372854232788,0.2121917009353637,0.0
WA005,2013,12,0.0,0.0271382126957178,0.0255786962807178,0.0882213935256004,0.0950054377317428,0.1116229966282844,0.0
WA005,2014,1,0.0268,0.0694634541869163,0.153660386800766,0.3342569470405578,0.078164555132389,0.2617731094360351,0.0
WA005,2014,2,0.0,0.1199081763625145,0.2419642657041549,0.2410943061113357,0.022871570661664,0.1722923666238784,0.0
WA005,2014,3,0.6903,1.3430265188217163,1.0820951461791992,0.9448477625846864,0.6933167576789856,1.8186860084533687,0.0
WA005,2014,4,3.0297,3.856032371520996,2.389268159866333,4.819186687469482,4.342934608459473,5.382691860198975,4.729179859161377
WA005,2014,5,3.0813,5.413037300109863,8.319599151611328,7.860885143280029,4.426037788391113,6.940408229827881,5.372979640960693
WA005,2014,6,2.7913,5.720195770263672,6.384291648864746,3.877030372619629,4.250178337097168,4.77516508102417,4.793772220611572
WA005,2014,7,5.4465,5.311919689178467,7.537994384765625,8.148900985717773,4.309009075164795,5.994406700134277,5.552490234375
WA005,2014,8,11.779,9.482244491577148,10.97276496887207,10.09583568572998,9.3195161819458,6.902585983276367,8.260212898254395
WA005,2014,9,10.4833,6.967625141143799,12.38588047027588,10.086480140686035,7.0972981452941895,10.903485298156738,13.48764419555664
WA005,2014,10,0.7142,4.965280532836914,5.176492691040039,5.7518229484558105,2.74125599861145,4.9480719566345215,3.60888671875
WA005,2014,11,0.0,0.3309419453144073,0.9171238541603088,0.6243124008178711,0.2124530375003814,0.6331654787063599,0.0
WA005,2014,12,0.0,0.002405229024589,0.0149611392989754,1.0698121786117554,0.0001469735288992,0.0490298494696617,0.0
WA005,2015,1,0.0,0.0086875045672059,0.0180224664509296,0.1749129146337509,0.0001524456747574,0.0357257165014743,0.0
WA005,2015,2,0.0,0.1982234120368957,0.671608567237854,0.3096377551555633,0.1861323416233062,0.3839593231678009,0.0
WA005,2015,3,0.7023,1.342115879058838,1.0939459800720217,4.224238395690918,0.5000603795051575,1.624467134475708,1.493953824043274
WA005,2015,4,0.0343,0.8098129630088806,0.1678826957941055,1.2390704154968262,0.2587278485298157,0.8079281449317932,0.0
WA005,2015,5,0.789,4.784244537353516,2.2270617485046387,6.074575424194336,1.42543363571167,4.076054573059082,4.092716693878174
WA005,2015,6,4.744,4.174251556396484,3.2878966331481934,5.772858142852783,3.067004442214966,5.725380897521973,8.73962688446045
WA005,2015,7,6.0745,7.566554069519043,9.25157356262207,5.55544376373291,8.545315742492676,6.635075569152832,4.23393440246582
WA005,2015,8,8.9494,10.472518920898438,14.229499816894531,5.415293216705322,9.945748329162598,6.380815505981445,10.18968391418457
WA005,2015,9,8.2993,7.607448101043701,8.938273429870605,6.408750057220459,7.456609725952148,7.55557918548584,6.9271626472473145
WA005,2015,10,2.7958,6.289656639099121,6.227445602416992,7.067351341247559,2.453230142593384,6.966351509094238,3.004055976867676
WA005,2015,11,0.0767,0.1381054520606994,0.0945470109581947,1.128029704093933,0.1057590916752815,0.224578395485878,0.2854154706001282
WA005,2015,12,0.0,0.0298207495361566,0.000813326274510473,0.3625499010086059,9.034613057679051e-10,0.0501932576298713,0.0
WA005,2016,1,0.0,0.0058404458686709,0.0006895826081745327,1.6341471672058103,8.008110796708935e-08,0.11586544662714,0.0
WA005,2016,2,0.0,0.0054027843289077,0.0016289405757561,0.7265403866767883,1.0790712622110732e-05,0.3898923099040985,0.0
WA005,2016,3,1.5329,1.6885478496551514,2.3917551040649414,2.9527618885040283,1.2662289142608645,1.9103381633758545,2.473795175552368
WA005,2016,4,4.8503,3.0288939476013184,2.7802367210388184,5.678015232086182,3.4253363609313965,3.15988564491272,2.8604023456573486
WA005,2016,5,5.8439,4.872976303100586,4.600166320800781,10.679862022399902,6.604525566101074,8.789228439331055,4.671374797821045
WA005,2016,6,7.4263,5.680769443511963,8.369621276855469,6.417096614837647,6.016715049743652,6.760839939117432,7.460484027862549
WA005,2016,7,7.479,7.513721466064453,9.069927215576172,11.519615173339844,11.704395294189451,6.502640247344971,6.002086639404297
WA005,2016,8,9.4271,10.338043212890623,11.706435203552246,8.749944686889648,9.399569511413574,8.75273609161377,10.2118558883667
WA005,2016,9,7.0723,7.29453706741333,11.903820991516112,7.693799018859863,10.834280967712402,8.774016380310059,16.239728927612305
WA005,2016,10,3.7845,4.421940803527832,4.615324974060059,5.1502885818481445,3.746595621109009,6.669889450073242,6.645159721374512
WA005,2016,11,0.0,0.076392650604248,0.0644444748759269,0.6198249459266663,0.0031830563675612,0.0971428006887435,0.0
WA005,2016,12,0.0,0.0486047193408012,0.0008638829458504915,0.1292707771062851,2.232383303635288e-05,0.0835601240396499,0.0
WA005,2017,1,0.0,0.0065329307690262,0.0046926527284085,0.1324464529752731,3.605186066124588e-05,0.0205441936850547,0.0
WA005,2017,2,0.0,0.0301083121448755,0.0012743207626044,0.8857670426368713,0.0008008035947568,0.1212531253695488,0.0
WA005,2017,3,0.0,0.3089844584465027,0.1479633301496505,0.6696850657463074,0.0134063130244612,0.459045797586441,0.0302415490150451
WA005,2017,4,0.4207,1.6568337678909302,1.4698978662490845,2.5425260066986084,1.7468069791793823,2.609692096710205,0.4500134885311126
WA005,2017,5,2.4648,4.564756870269775,4.591566562652588,6.323184967041016,6.258613586425781,7.122028350830078,7.959656715393066
WA005,2017,6,5.8927,5.788899898529053,8.42737865447998,8.775189399719238,9.613268852233888,0.1088131219148635,10.068840980529783
WA005,2017,7,4.0455,5.810494422912598,5.555637836456299,6.7680983543396,10.585091590881348,0.0974800884723663,6.675480842590332
WA005,2017,8,10.9348,12.078388214111328,8.941555976867676,11.25596046447754,9.924189567565918,10.601351737976074,7.058591365814209
WA005,2017,9,4.62,9.798853874206545,8.718003273010254,8.11328411102295,5.807822227478027,10.016791343688965,8.81050968170166
WA005,2017,10,0.7494,2.099040031433105,2.4082305431365967,2.5133180618286133,2.09957242012024,2.8482394218444824,1.2842780351638794
WA005,2017,11,0.0,0.0150066707283258,0.335905373096466,1.69881010055542,5.485488600243116e-06,0.2359234094619751,0.2958258092403412
WA005,2017,12,0.0,0.0316977351903915,0.0174755230545997,0.8471558690071106,0.0059283608570694,0.0393020696938037,0.0242000762373209
WA005,2018,1,0.0,0.0145353339612483,0.0008174238610081375,0.1318774372339248,4.102728823340841e-09,0.0533408373594284,0.0
WA005,2018,2,0.0096,0.2780600190162658,1.4184762239456177,2.131471872329712,2.807395696640014,1.344493746757507,0.5535697340965271
WA005,2018,3,0.0,0.6632372140884399,0.7174577713012695,1.2089738845825195,0.0661079511046409,0.9590588212013244,0.4032242596149444
WA005,2018,4,0.0027,2.6446080207824707,0.937228798866272,1.6448297500610352,0.761832594871521,1.8289889097213743,2.737494468688965
WA005,2018,5,0.9458,5.1532793045043945,4.072412014007568,6.682485580444336,4.298920631408691,5.902206897735596,6.358865737915039
WA005,2018,6,5.9123,5.664608955383301,7.116769790649414,7.488137245178223,7.68140697479248,8.35515022277832,6.787559509277344
WA005,2018,7,4.2484,6.425266265869141,6.956981182098389,7.118979454040527,6.705596446990967,6.0878682136535645,5.324666976928711
WA005,2018,8,8.3539,11.0776948928833,8.756706237792969,7.748795032501221,8.517027854919434,8.547088623046875,7.832785129547119
WA005,2018,9,11.791,9.22805404663086,8.83658504486084,9.619603157043455,5.781296253204346,11.453457832336426,9.268853187561035
WA005,2018,10,2.0029,10.59814739227295,4.63424015045166,3.5580809116363525,3.3672754764556885,4.910683631896973,4.288328647613525
WA005,2018,11,0.0,0.2836081683635711,0.2148928940296173,0.7842168211936951,0.0635695680975914,0.3854330480098724,0.0
WA005,2018,12,0.0,0.0137095749378204,0.0175010990351438,0.2004908323287964,9.156841406365857e-05,0.0049959616735577,0.0
WA005,2019,1,0.0,0.0109887775033712,0.0560132414102554,2.080881357192993,0.0009297134238295,0.0912631452083587,0.0262165926396846
WA005,2019,2,0.0,0.2424930483102798,0.5471077561378479,0.8081111311912537,0.0370284356176853,0.4969835877418518,0.3594043254852295
WA005,2019,3,0.0232,0.5204989314079285,0.6156302690505981,1.339194655418396,4.449340343475342,0.8919349908828735,0.3467922210693359
WA005,2019,4,0.625,1.554554104804993,1.4116965532302856,1.8289936780929563,0.4119173288345337,1.6845577955245972,1.2270689010620115
WA005,2019,5,5.3684,5.382354736328125,5.712029933929443,7.219700813293457,3.575902938842773,5.760859966278076,5.1753411293029785
WA005,2019,6,5.5577,5.129291534423828,6.439561367034912,5.742763042449951,3.8392722606658936,5.795781135559082,5.19179105758667
WA005,2019,7,4.3413,7.694025039672852,10.61708164215088,8.028471946716309,5.665039539337158,6.536991596221924,8.461528778076172
WA005,2019,8,8.88,8.499922752380371,10.406896591186523,9.2958402633667,11.7012300491333,7.027961254119873,8.881196975708008
WA005,2019,9,11.2163,8.752172470092773,10.990424156188965,12.212868690490724,8.297329902648926,11.177322387695312,9.727176666259766
WA005,2019,10,6.9313,7.782371997833252,10.254685401916504,7.391278266906738,9.809433937072754,7.509925365447998,8.090757369995117
WA005,2019,11,1.0163,0.3477444648742676,0.9991466999053956,2.7846245765686035,3.220731973648072,0.7222735285758972,0.3958408832550049
WA005,2019,12,0.0,0.0229987390339374,0.0007932911394163966,0.6171947121620178,1.8211775199006297e-08,0.0247809514403343,0.0
WA005,2020,1,0.0,0.0148284062743186,0.0014039125526323,0.085205927491188,1.3391691027209165e-06,0.0125514045357704,0.0
WA005,2020,2,0.0,0.0061252899467945,0.0011803124798461,0.3406975865364074,0.0005311900167725,0.0232239216566085,0.0
WA005,2020,3,0.1855,0.97768372297287,1.2468936443328855,0.7969393134117126,3.350522518157959,1.3318417072296145,1.0423033237457275
WA005,2020,4,1.8847,2.031874656677246,1.10662043094635,3.2521982192993164,14.979181289672852,3.5076239109039307,1.2833467721939087
WA005,2020,5,3.0955,4.936078071594238,3.3541808128356934,4.142877578735352,6.523049831390381,5.097480297088623,3.2480149269104004
WA005,2020,6,8.594,6.05271577835083,5.060702800750732,6.626089572906494,7.3729376792907715,7.370556831359863,3.977097511291504
WA005,2020,7,8.3752,8.140287399291992,8.741405487060547,11.767230987548828,19.553937911987305,9.37032413482666,7.39532995223999
WA005,2020,8,4.7461,13.036681175231934,7.125051498413086,7.075429439544678,6.080935001373291,7.037277221679688,5.909534931182861
WA005,2020,9,10.3797,8.191917419433594,10.810029983520508,10.56312656402588,11.619138717651367,10.10748291015625,9.200111389160156
WA005,2020,10,3.919,3.629347562789917,2.331059455871582,4.404126167297363,2.974808692932129,5.24668550491333,1.879056453704834
WA005,2020,11,0.0,0.0816870555281639,0.0130277341231703,0.7963281869888306,0.5241957902908325,0.1842931658029556,0.0
WA005,2020,12,0.0,0.0036906187888234,0.0010469061089679,0.0485562309622764,0.000293098273687,0.0076237088069319,0.0
WA006,2001,1,0.0,0.3518029749393463,0.4526787102222442,0.0881223231554031,0.0728413611650466,0.0994316861033439,0.6955859065055847
WA006,2001,2,0.1914,0.7167052626609802,0.7826154232025146,0.5615858435630798,1.279926896095276,1.1231327056884766,0.2321431040763855
WA006,2001,3,2.9816,3.0354390144348145,2.244837045669556,2.6784121990203857,2.39119839668274,3.573842287063598,1.3528515100479126
WA006,2001,4,5.4847,5.109521389007568,3.3122754096984863,4.584334850311279,4.410295009613037,5.928819179534912,5.718834400177002
WA006,2001,5,8.0497,5.909971714019775,4.530286312103272,5.995110034942627,5.669776916503906,5.75515604019165,6.167347431182861
WA006,2001,6,9.469,6.390014171600342,6.607979774475098,7.034790515899658,6.757195472717285,6.548320770263672,5.491698265075684
WA006,2001,7,1.781,1.2238489389419556,2.110930919647217,1.189436435699463,2.7633168697357178,1.6973263025283811,1.0806702375411987
WA006,2001,8,0.5129,0.683748185634613,0.9684281349182128,0.6447407603263855,1.930197596549988,0.7742430567741394,0.3225956857204437
WA006,2001,9,3.0813,2.738050699234009,2.39959454536438,3.134814739227295,3.8990399837493896,2.5960686206817627,2.950103282928467
WA006,2001,10,2.8994,2.874380588531494,1.0248324871063232,2.2515909671783447,2.4455597400665283,3.3011629581451416,1.4718167781829834
WA006,2001,11,0.0197,1.9332056045532229,2.023639440536499,1.9484632015228271,1.3623172044754028,1.7471650838851929,1.168767333030701
WA006,2001,12,0.0061,0.5606352686882019,0.9424366354942322,0.5395476222038269,0.1440864354372024,0.7902123928070068,0.2076651006937027
WA006,2002,1,0.0448,0.7536614537239075,0.923912763595581,1.3950109481811523,0.9731109738349916,1.006441354751587,0.70970219373703
WA006,2002,2,1.5496,1.0912748575210571,0.999686598777771,1.0885659456253052,0.6645230650901794,1.4621320962905884,0.9732423424720764
WA006,2002,3,2.129,2.1445014476776123,0.945814847946167,2.039137601852417,2.527961492538452,2.54890775680542,1.9194051027297971
WA006,2002,4,6.2257,5.35710334777832,1.852189779281616,6.378878116607666,4.860456943511963,5.734330177307129,5.21882963180542
WA006,2002,5,6.2084,5.266371726989746,3.935708284378052,4.271793365478516,5.745246410369873,5.073013782501221,4.877025604248047
WA006,2002,6,6.6193,8.580171585083008,6.087167263031006,9.608489990234377,4.334846019744873,9.378949165344238,10.077131271362305
WA006,2002,7,5.761,2.467379570007324,2.6609699726104736,3.7453343868255615,3.335874080657959,3.7755401134490967,2.923455238342285
WA006,2002,8,1.9358,1.4411396980285645,1.5549733638763428,1.439422369003296,4.477276802062988,1.5790210962295532,1.0746381282806396
WA006,2002,9,1.8833,1.6843245029449463,1.2480604648590088,1.8176368474960327,2.672386407852173,2.185713291168213,0.9729567170143129
WA006,2002,10,5.4681,4.825095653533936,2.934657096862793,4.124502658843994,5.280850887298584,4.892191886901856,3.687620878219605
WA006,2002,11,1.5763,1.8732765913009644,2.243208646774292,2.3185412883758545,1.456090807914734,2.7330782413482666,1.7812795639038086
WA006,2002,12,0.2935,0.6925675868988037,0.9563301205635072,0.4196443259716034,0.2221404761075973,0.9022274613380432,0.2439579665660858
WA006,2003,1,0.3103,0.3838173449039459,1.0615583658218384,0.4881735146045685,0.6077980399131775,1.115561842918396,0.7157494425773621
WA006,2003,2,0.4132,1.647739052772522,0.8271291851997375,1.1575665473937988,1.198704957962036,1.8269554376602173,0.8861899375915527
WA006,2003,3,2.671,2.6072025299072266,1.4389913082122805,1.6262242794036863,2.013521671295166,2.3882899284362797,1.560516595840454
WA006,2003,4,2.8637,5.640241146087647,3.4382529258728027,5.697311401367188,3.490154266357422,6.586933135986328,5.062570095062256
WA006,2003,5,4.8968,3.157731771469116,3.440956354141236,3.755232810974121,3.401224374771118,4.316740036010742,3.9596831798553462
WA006,2003,6,5.3613,7.625053405761719,4.769774913787842,7.615853309631348,6.765596866607666,7.470188140869141,8.156316757202148
WA006,2003,7,1.79,1.5903385877609253,1.0229952335357666,1.706134557723999,4.592450141906738,1.337644100189209,1.3609259128570557
WA006,2003,8,1.0577,1.0522414445877075,1.6585564613342283,0.922536313533783,1.6825743913650513,1.206254482269287,0.9032657742500304
WA006,2003,9,1.264,2.506267786026001,2.582119941711426,1.792931079864502,4.214118480682373,2.950044631958008,2.00007700920105
WA006,2003,10,5.0374,5.190088748931885,2.9745421409606934,4.586006164550781,6.600054264068604,5.316507816314697,4.899316310882568
WA006,2003,11,2.421,2.9184584617614746,2.3646812438964844,2.0381734371185303,2.8010683059692383,2.8073973655700684,2.9208927154541016
WA006,2003,12,0.859,1.0953633785247805,1.2310426235198977,0.8750825524330139,0.573890209197998,1.1787630319595337,0.8568762540817261
WA006,2004,1,0.871,0.7813483476638794,1.3412697315216064,0.8566112518310547,0.7480084300041199,1.5653711557388306,1.0403577089309692
WA006,2004,2,0.1183,1.8244367837905884,0.9712379574775696,1.3032728433609009,0.9534112811088562,2.1762561798095703,1.129342794418335
WA006,2004,3,1.54,2.365321159362793,0.5753294825553894,1.9944037199020384,3.0785672664642334,3.173912763595581,1.1008244752883911
WA006,2004,4,1.9527,2.637648820877075,1.8379175662994385,1.923827528953552,3.763951063156128,3.3708479404449463,1.6542052030563354
WA006,2004,5,5.3229,4.938324928283691,2.291905164718628,4.59501838684082,4.0569047927856445,5.172726154327393,4.828632831573486
WA006,2004,6,3.5847,3.501205444335937,2.114492893218994,3.815899133682251,5.002841949462891,4.0365891456604,3.856269121170044
WA006,2004,7,2.41,1.801471829414368,1.8167731761932373,1.8542344570159912,4.019325733184815,2.625858783721924,1.834720253944397
WA006,2004,8,1.4839,1.0177509784698486,2.239413022994995,1.5256571769714355,2.83309006690979,1.287791132926941,0.8326975107192993
WA006,2004,9,3.903,6.194267749786377,2.919344663619995,5.366284370422363,4.969814300537109,6.98845100402832,4.060546875
WA006,2004,10,6.0539,4.869903087615967,2.758704900741577,4.45037317276001,5.3356781005859375,5.4194841384887695,5.276350975036621
WA006,2004,11,4.375,1.7612712383270264,1.8871164321899412,2.4152371883392334,2.519510507583618,2.308170795440674,1.6833642721176147
WA006,2004,12,1.2797,1.0701652765274048,0.9505100846290588,1.0204153060913086,0.9364491105079652,1.0392755270004272,0.4697697460651397
WA006,2005,1,0.0061,0.2682594358921051,0.2876930236816406,0.1937905997037887,0.3494496345520019,0.2837802171707153,0.1189555376768112
WA006,2005,2,2.4932,1.4528721570968628,1.1359378099441528,1.0334529876708984,1.7738661766052246,1.64415442943573,0.92190420627594
WA006,2005,3,3.2761,5.319894313812256,1.794107437133789,4.501523971557617,4.118523597717285,4.606702327728272,4.750105857849121
WA006,2005,4,2.9547,3.0180318355560303,2.098713159561157,2.547524690628052,5.057947158813477,3.749569416046143,1.9312849044799805
WA006,2005,5,4.8897,5.277549743652344,3.267832040786743,4.79897928237915,4.785562515258789,5.234438419342041,5.118960857391357
WA006,2005,6,4.7113,4.646068096160889,9.499361038208008,5.437911033630371,4.775099754333496,5.274880886077881,5.366703033447266
WA006,2005,7,1.3974,1.328019618988037,1.5081336498260498,1.6047488451004028,1.7523977756500244,0.9698954224586488,1.5423798561096191
WA006,2005,8,1.0671,1.8154246807098389,1.6780264377593994,1.194678544998169,2.332531690597534,1.110073804855347,0.895196259021759
WA006,2005,9,2.2977,2.130385160446167,2.1376538276672363,1.969113826751709,4.610474586486816,3.0264694690704346,1.4521362781524658
WA006,2005,10,4.3645,5.040815830230713,2.803548812866211,3.886897802352905,5.890365123748779,4.609139919281006,4.280351638793945
WA006,2005,11,3.4963,2.916083335876465,2.2802772521972656,2.253236055374145,2.0286693572998047,2.550710916519165,4.30424165725708
WA006,2005,12,1.4074,1.2665143013000488,1.3647505044937134,0.8232471942901611,0.4828850030899048,0.9259363412857056,1.5867230892181396
WA006,2006,1,1.4823,0.7560210824012756,1.0855474472045898,0.8555134534835815,1.2446413040161133,0.8406925201416016,0.4455807209014892
WA006,2006,2,2.0136,1.206825852394104,0.8517197370529175,1.1609514951705933,2.451181650161743,1.5751714706420898,0.4910938441753387
WA006,2006,3,3.5703,2.774889707565308,0.944026529788971,2.531688690185547,3.3897738456726074,2.709811210632324,1.5383552312850952
WA006,2006,4,3.1867,2.9472827911376958,1.64605450630188,2.373798131942749,2.7362914085388184,2.562798500061035,1.552115559577942
WA006,2006,5,9.4348,6.805537700653076,5.262681484222412,8.305621147155762,6.701625823974609,7.091757774353027,7.945571422576904
WA006,2006,6,4.9273,5.90894079208374,4.716267108917236,5.353358268737793,4.903557300567627,5.725457191467285,4.720856666564941
WA006,2006,7,1.6471,2.491274833679199,1.664464235305786,2.051935911178589,3.716477155685425,2.1785378456115723,1.6552735567092896
WA006,2006,8,2.4716,0.9945802688598632,1.2611868381500244,0.7867791056632996,1.7135334014892578,1.1961082220077517,0.6935783624649048
WA006,2006,9,5.3217,4.094977378845215,3.195516347885132,3.5278563499450684,5.068576812744141,3.356827735900879,2.77925705909729
WA006,2006,10,5.9268,5.066869258880615,2.364221572875977,4.439568519592285,4.5673909187316895,4.3254714012146,4.064616680145264
WA006,2006,11,2.0307,0.9275463819503784,1.6194519996643066,1.2408177852630615,1.109991192817688,1.4666948318481443,1.4083640575408936
WA006,2006,12,0.1023,0.6834000945091248,0.6630989909172058,0.3233489692211151,0.2017080038785934,0.8790150284767151,0.0
WA006,2007,1,0.0,0.1601932942867279,0.0930768251419067,0.2006325125694275,0.1079945564270019,0.1890995651483535,0.0
WA006,2007,2,0.8311,1.7098369598388672,0.7078101634979248,0.7189868092536926,0.8430111408233643,0.990224301815033,0.745555579662323
WA006,2007,3,2.1239,2.2850587368011475,0.6019300222396851,2.154799222946167,1.995264172554016,1.844315528869629,2.47585678100586
WA006,2007,4,4.383,3.656083106994629,1.8540871143341064,3.9175679683685294,4.880338191986084,3.1019482612609863,3.770903825759888
WA006,2007,5,3.0613,4.781833648681641,1.745504379272461,3.903912305831909,5.9281158447265625,4.099355220794678,5.070583343505859
WA006,2007,6,5.7257,6.009153366088867,7.889095306396484,5.749242305755615,5.4911651611328125,6.170444488525391,5.906285285949707
WA006,2007,7,3.8894,5.305229663848877,4.102825164794922,4.448217391967773,5.7630767822265625,5.723818302154541,4.316624164581299
WA006,2007,8,1.7197,2.6548268795013428,1.7882970571517944,1.7749340534210205,3.240419149398804,2.021411657333374,2.1311349868774414
WA006,2007,9,5.676,7.191802501678467,3.492072582244873,4.1109113693237305,7.527492523193359,6.484358310699463,3.7459447383880615
WA006,2007,10,5.5394,5.2983479499816895,3.347226619720459,4.947474002838135,4.425027847290039,6.906379699707031,3.99405837059021
WA006,2007,11,0.978,1.806694507598877,1.913463234901428,1.9943904876708984,1.234368085861206,1.8956186771392824,3.158390522003174
WA006,2007,12,0.2419,0.8146207928657532,0.9286830425262452,1.1214147806167605,0.890653669834137,1.1388914585113523,1.467767357826233
WA006,2008,1,0.1342,0.2918751835823059,0.4045096635818481,0.2344749569892883,1.7754855155944824,0.5359175801277161,0.2358933389186859
WA006,2008,2,0.0152,0.6939896941184998,0.396666020154953,0.539271354675293,0.2230842411518097,1.2366279363632202,0.8664141893386841
WA006,2008,3,5.1348,2.8049991130828857,1.7627581357955933,2.4064502716064453,2.1276886463165283,3.081398725509644,2.923454999923706
WA006,2008,4,5.197,5.367461681365967,2.0910210609436035,4.937253952026367,2.106457471847534,4.006720066070557,5.73759126663208
WA006,2008,5,8.4568,7.321840286254883,4.0547194480896,7.872197151184082,3.470745801925659,7.200133323669434,5.731854438781738
WA006,2008,6,4.7147,7.04050350189209,4.788074970245361,5.180620193481445,6.861259937286377,6.847022533416748,6.141697883605957
WA006,2008,7,3.1606,5.268306732177734,3.847980976104736,3.465162515640259,5.1955671310424805,3.7490930557250977,4.274288654327393
WA006,2008,8,4.2716,2.3324837684631348,2.6016340255737305,2.3929829597473145,2.815904140472412,1.601794719696045,1.2702189683914185
WA006,2008,9,2.472,3.088864326477051,3.196684598922729,2.398197650909424,4.86175012588501,3.15446138381958,2.3375744819641118
WA006,2008,10,3.1519,3.427466869354248,2.35687518119812,3.176927089691162,3.1489901542663574,3.7806954383850098,3.1129934787750244
WA006,2008,11,3.6913,3.867109298706055,1.2624468803405762,2.5863921642303467,1.3141701221466064,2.642848253250122,5.993839740753174
WA006,2008,12,0.0981,2.7030694484710693,1.4537568092346191,2.2145473957061768,1.2829993963241575,1.7961105108261108,1.413333296775818
WA006,2009,1,0.0061,0.5673061609268188,0.6015701293945312,0.4119167923927307,0.4658564031124115,0.530391275882721,0.201617881655693
WA006,2009,2,0.8704,1.5010647773742676,0.822654664516449,2.26922869682312,1.3783665895462036,1.4551355838775637,1.1652257442474363
WA006,2009,3,1.1565,3.6352620124816895,1.1945645809173584,2.3392372131347656,3.421334743499756,2.2099626064300537,1.4395538568496704
WA006,2009,4,4.464,3.743833780288696,1.052489161491394,4.2584381103515625,4.932988166809082,3.840139150619507,4.350067138671875
WA006,2009,5,1.6239,4.509402751922607,3.772194147109986,4.356677055358887,5.002090930938721,5.291704177856445,3.957670211791992
WA006,2009,6,6.5223,9.870539665222168,8.866682052612305,10.624626159667969,8.052348136901855,8.33492660522461,8.506279945373535
WA006,2009,7,2.8545,4.032271385192871,3.747592926025391,3.765512704849243,6.552375316619873,3.393627882003784,3.8629889488220215
WA006,2009,8,1.3123,1.042340636253357,1.8810889720916748,1.1420167684555054,1.7073653936386108,1.2365645170211792,0.7500298619270325
WA006,2009,9,1.618,1.0516271591186523,1.1140854358673096,1.2174127101898191,2.35408616065979,1.310468077659607,0.6021102666854858
WA006,2009,10,2.5516,1.614679932594299,1.8306834697723389,2.085575819015503,3.6434326171875,2.2048709392547607,1.3831068277359009
WA006,2009,11,1.644,0.9723841547966005,0.9506640434265136,1.1553339958190918,1.5201070308685305,1.5740320682525637,0.8729355931282043
WA006,2009,12,0.5381,1.2784830331802368,1.0494471788406372,0.951641321182251,0.2501014471054077,1.3472455739974976,1.592770218849182
WA006,2010,1,2.4406,0.7547791600227356,0.6148301362991333,1.128605604171753,0.5774807333946228,0.591917872428894,1.1774545907974243
WA006,2010,2,3.7557,2.297152042388916,1.1733639240264893,2.388448715209961,1.1257044076919556,2.722066164016724,2.6831276416778564
WA006,2010,3,0.6916,3.540496349334717,1.2692606449127195,2.7761709690093994,3.100403547286988,2.499629497528076,1.774238348007202
WA006,2010,4,2.4107,2.494203329086304,2.6495182514190674,2.8524529933929443,3.593793630599976,3.774140357971192,1.8396031856536863
WA006,2010,5,6.5071,5.0159101486206055,2.959389925003052,4.94676399230957,5.352848052978516,5.369510650634766,4.389104843139648
WA006,2010,6,7.9077,8.36905288696289,6.156468868255615,7.023149967193604,7.182392120361328,6.701264381408691,8.641698837280273
WA006,2010,7,2.6316,2.9460642337799072,1.7560795545578003,1.642031192779541,2.924280405044556,2.534757614135742,2.828697919845581
WA006,2010,8,2.1084,2.095559597015381,2.027678966522217,1.7920901775360107,3.046794891357422,1.7356970310211182,1.2520674467086792
WA006,2010,9,2.6657,4.709597587585449,4.49078369140625,3.698709011077881,6.56557035446167,4.214308261871338,3.541769504547119
WA006,2010,10,4.8216,5.098509788513184,2.843240737915039,4.023555278778076,7.281231880187988,4.965512752532959,4.54045295715332
WA006,2010,11,3.7043,3.869947671890259,1.6790695190429688,3.0619146823883057,3.0990614891052246,3.821108818054199,4.54382848739624
WA006,2010,12,1.6839,1.2761318683624268,1.318823218345642,1.0695462226867676,0.6859402060508728,1.003219723701477,1.6976139545440674
WA006,2011,1,0.0,0.4310738444328308,0.3413945734500885,0.072750836610794,0.1928251087665558,0.3206804394721985,0.2661393284797668
WA006,2011,2,8.24,4.368475437164307,2.2561826705932617,4.0402140617370605,3.09617280960083,4.019199848175049,1.6384563446044922
WA006,2011,3,0.0287,2.237410306930542,0.7503858208656311,0.6869605183601379,2.276394844055176,1.970045566558838,0.5423500537872314
WA006,2011,4,4.3863,3.6282689571380615,1.5642082691192627,2.759427070617676,5.233502864837647,3.4017655849456787,2.670882225036621
WA006,2011,5,6.2926,5.373341083526611,3.585855007171631,5.391551971435547,3.965842485427856,3.8818302154541016,6.336707592010498
WA006,2011,6,5.9863,5.325439453125,3.770392894744873,3.9949774742126474,5.631858825683594,4.415837287902832,5.993782997131348
WA006,2011,7,4.3119,4.963328361511231,2.13787055015564,3.165006160736084,6.250987529754639,3.0973870754241943,3.487981081008911
WA006,2011,8,1.4403,1.3047096729278564,1.337552189826965,1.24289071559906,2.108654499053955,0.8882359266281128,0.7661591172218323
WA006,2011,9,1.8787,2.3918731212615967,2.5062828063964844,1.4249699115753174,4.602205276489258,2.504502296447754,2.220908164978028
WA006,2011,10,8.2803,7.123283386230469,4.2472429275512695,4.925129890441895,6.977230072021484,5.633427619934082,6.943748474121094
WA006,2011,11,1.6347,1.4190469980239868,1.5724955797195437,1.038976550102234,1.1846803426742554,1.561723709106445,1.356269598007202
WA006,2011,12,0.001,0.4561963081359863,0.6943052411079407,0.3597231209278106,0.1206852942705154,0.6983702182769775,0.0725807547569274
WA006,2012,1,0.2452,0.5279054641723633,0.9182897806167604,0.5935302972793579,0.4626362323760986,0.6054855585098267,0.923419952392578
WA006,2012,2,0.9831,2.314281702041626,1.2629035711288452,0.9556730389595032,2.025366306304932,2.0872817039489746,2.133692741394043
WA006,2012,3,0.2997,1.700348973274231,1.4414302110671997,1.1138784885406494,1.4826972484588623,1.74377179145813,0.8528464436531067
WA006,2012,4,3.236,3.00639271736145,2.078350782394409,2.7341833114624023,3.5541915893554688,3.331221103668213,4.087574481964111
WA006,2012,5,4.2729,4.9798126220703125,5.251245975494385,3.569650650024414,6.176016807556152,4.316390514373779,4.655248165130615
WA006,2012,6,7.9653,5.433197975158691,4.776595592498779,4.633579254150391,7.668884754180908,5.251786708831787,7.866698265075684
WA006,2012,7,2.4265,1.7203718423843384,1.8439081907272337,0.7966091632843018,2.440473318099976,1.0173957347869873,1.4778587818145752
WA006,2012,8,0.5048,1.2275196313858032,1.4126125574111938,0.4499229788780212,1.2436082363128662,0.568567156791687,0.4980077147483825
WA006,2012,9,3.5583,2.818622350692749,3.2360169887542725,2.269858837127685,3.904705762863159,3.779785633087158,2.452156782150269
WA006,2012,10,8.0006,4.626178741455078,3.238897562026977,3.7724645137786874,6.643193244934082,3.69036078453064,3.6129980087280273
WA006,2012,11,1.786,2.268346309661865,1.6671860218048096,1.1384567022323608,1.8652660846710205,2.6352298259735107,2.039618730545044
WA006,2012,12,0.1145,0.8926247954368591,1.2482013702392578,0.8328157067298889,0.8613277077674866,1.395734786987305,3.336758852005005
WA006,2013,1,1.3668,0.8045675158500671,0.4718654751777649,0.9152723550796508,0.6126776933670044,0.9369163513183594,1.2802759408950806
WA006,2013,2,0.0229,1.0979304313659668,0.6703627705574036,0.362048476934433,1.1583796739578247,1.3614877462387085,0.2946639358997345
WA006,2013,3,2.8106,2.710669994354248,1.020767331123352,1.780864953994751,3.4130160808563232,3.502823829650879,2.661360740661621
WA006,2013,4,1.677,1.9610472917556765,2.296457052230835,1.7570875883102417,3.620969295501709,3.1993958950042725,3.7771315574646
WA006,2013,5,3.8194,3.069626569747925,3.750654935836792,3.984529733657837,4.709152221679688,5.021187782287598,6.326620578765869
WA006,2013,6,3.745,3.1781883239746094,2.6967780590057373,3.096759557723999,2.570955276489258,4.97719144821167,4.643767356872559
WA006,2013,7,1.4516,1.379522442817688,2.418909072875977,1.4821170568466189,2.34822940826416,1.187061071395874,1.2480127811431885
WA006,2013,8,0.0139,0.4644534587860107,1.0604482889175415,0.4179526269435882,0.4807132184505462,0.4589979648590088,0.2036352753639221
WA006,2013,9,2.4373,2.0029754638671875,2.4263064861297607,1.705475091934204,3.2778265476226807,2.5421066284179688,2.6896698474884038
WA006,2013,10,0.4306,2.0848748683929443,2.015393018722534,1.9349182844161987,3.2900819778442383,3.3705873489379883,1.40932297706604
WA006,2013,11,0.2557,1.7352367639541626,2.156943321228028,1.5327656269073486,1.4356727600097656,2.4046669006347656,4.681337356567383
WA006,2013,12,0.0742,1.2788832187652588,1.0222610235214231,2.034144639968872,0.3279159963130951,1.4875949621200562,1.0262311697006226
WA006,2014,1,0.0677,0.8710429072380066,1.1674916744232178,1.0491243600845337,1.0607882738113403,1.4241046905517578,1.252052664756775
WA006,2014,2,2.5925,2.1673357486724854,1.6656712293624878,1.902112603187561,0.6860492825508118,1.885047554969788,2.29025936126709
WA006,2014,3,2.5848,3.009686231613159,1.6447370052337646,5.525529384613037,2.949089765548706,3.1269993782043457,3.43959903717041
WA006,2014,4,4.9793,2.932359218597412,2.918807029724121,2.402498960494995,3.3181793689727783,4.143228054046631,2.6292006969451904
WA006,2014,5,4.3426,3.780354261398315,4.087109565734863,3.5840003490448,4.058731555938721,5.33964729309082,4.006056785583496
WA006,2014,6,7.564,5.419947147369385,7.770639419555664,6.722506523132324,5.428426742553711,6.06103515625,6.243782997131348
WA006,2014,7,4.4258,3.9622859954833984,4.324163913726807,3.8990120887756343,2.712705373764038,4.260658264160156,2.4960250854492188
WA006,2014,8,3.1555,2.8863863945007324,2.276189088821411,2.9909586906433105,3.12563705444336,1.746600866317749,0.7883400321006775
WA006,2014,9,4.206,3.677245855331421,3.2348978519439697,3.924694061279297,5.87441873550415,5.588286399841309,3.568859815597534
WA006,2014,10,3.6697,3.019822359085083,2.978381633758545,2.8716487884521484,3.5038466453552246,2.238611936569214,3.282358169555664
WA006,2014,11,2.319,1.7694079875946045,2.2290055751800537,1.6358455419540403,1.4269936084747314,2.242549180984497,4.010495185852051
WA006,2014,12,0.7297,0.8197599053382874,1.022988200187683,0.5439614653587341,0.6640622615814209,1.3913638591766355,0.4133129119873047
WA006,2015,1,0.2332,0.5172404050827026,0.6254487633705139,0.2407586723566055,0.5111375451087952,0.9954273104667664,0.250010073184967
WA006,2015,2,1.6311,2.177090644836426,1.4384785890579224,2.163930654525757,1.8449186086654663,2.016909122467041,2.2835588455200195
WA006,2015,3,5.0681,5.250994682312012,2.128323554992676,3.435910940170288,4.608706474304199,3.4713053703308105,4.594876766204834
WA006,2015,4,2.539,3.004180908203125,1.761082887649536,2.227787494659424,2.6000008583068848,2.5641133785247803,2.045862197875977
WA006,2015,5,2.9077,3.59047532081604,4.400281429290772,3.797999620437622,2.246598720550537,4.170390129089356,2.8810551166534424
WA006,2015,6,7.088,5.793656826019287,5.919373512268066,7.944539070129394,5.860034465789795,5.955193996429443,5.800011157989502
WA006,2015,7,1.2142,2.0247905254364014,5.100741863250732,1.3381423950195312,2.661771535873413,1.6019718647003174,0.6552583575248718
WA006,2015,8,0.1984,0.5607680678367615,1.2481727600097656,0.4028684198856354,1.4815603494644165,0.6701494455337524,1.0423800945281982
WA006,2015,9,0.4127,1.1512994766235352,1.4486137628555298,0.5039367079734802,2.178828239440918,0.7547029852867126,0.912533402442932
WA006,2015,10,4.7503,4.027792453765869,3.1242589950561523,2.803087949752808,4.675395488739014,4.139910697937012,3.9053585529327393
WA006,2015,11,1.1593,2.0449013710021973,1.79927396774292,1.731838941574097,1.9516267776489256,2.556612014770508,2.622962236404419
WA006,2015,12,0.1155,0.2297850549221038,0.2569237649440765,0.1527181416749954,0.3255147933959961,0.4861771464347839,0.0322580635547637
WA006,2016,1,0.0716,0.2303711473941803,0.4909733533859253,0.1619112640619278,0.1157630681991577,0.4382698535919189,0.2479877918958664
WA006,2016,2,0.0628,0.515648603439331,0.4189226627349853,0.1396005004644394,0.4955577850341797,0.4708175659179687,0.4978545904159546
WA006,2016,3,5.7181,7.315869331359863,2.3867075443267822,4.511063575744629,4.184201240539551,4.744922161102295,3.022256374359131
WA006,2016,4,1.8967,1.723014235496521,1.3972134590148926,1.8816324472427368,3.065899610519409,3.0557126998901367,3.2396390438079834
WA006,2016,5,5.6548,5.290173053741455,4.3890380859375,5.569206237792969,5.187026023864746,5.364193916320801,5.473804473876953
WA006,2016,6,6.6187,4.394487857818604,6.733458995819092,5.79567813873291,5.783976078033447,5.778156280517578,6.4833598136901855
WA006,2016,7,1.3729,1.395588994026184,2.2799289226531982,1.3348716497421265,2.625113248825073,1.493855595588684,1.7056777477264404
WA006,2016,8,1.3568,1.1478263139724731,1.5419842004776,1.9294151067733765,2.20592737197876,2.3622488975524902,1.0343153476715088
WA006,2016,9,3.608,4.078726768493652,3.706152200698853,3.4296650886535645,6.438169956207275,4.458283424377441,3.370944738388061
WA006,2016,10,6.0135,5.873504638671875,4.556015968322754,3.983376026153565,5.036074638366699,4.404152870178223,3.39526104927063
WA006,2016,11,1.971,4.081444263458252,1.758541464805603,1.7241283655166626,1.5986319780349731,2.22771954536438,3.1458725929260254
WA006,2016,12,0.0568,1.3475364446640017,1.126376032829285,0.4843403697013855,0.7155143618583679,1.1716666221618652,1.3851149082183838
WA006,2017,1,1.4181,1.3395394086837769,0.7117282152175903,1.5646865367889404,0.5816110968589783,1.6728577613830566,0.6028415560722351
WA006,2017,2,1.3711,1.12976336479187,1.10185706615448,0.8404778838157654,1.0499966144561768,1.239346265792847,0.636184573173523
WA006,2017,3,2.7503,2.17569351196289,1.3385599851608276,2.4006361961364746,3.324506521224976,2.216745615005493,2.1371469497680664
WA006,2017,4,4.775,5.503201007843018,2.2376372814178467,3.688002347946167,4.010582447052002,3.971236228942871,2.8958778381347656
WA006,2017,5,8.2123,5.687180995941162,3.809319972991944,5.1084818840026855,5.523348331451416,5.823240756988525,5.203620910644531
WA006,2017,6,9.016,8.194459915161133,5.8885016441345215,7.295047283172607,7.334551334381103,0.1174067556858062,10.43964958190918
WA006,2017,7,3.0081,2.764753818511963,7.240354537963867,2.469062566757202,4.566474437713623,0.0810336545109748,2.342794418334961
WA006,2017,8,1.2887,1.2808901071548462,2.371095895767212,0.8833473920822144,2.8357372283935547,1.3938654661178589,1.316583514213562
WA006,2017,9,3.6193,2.0244786739349365,4.700953483581543,1.720829725265503,3.3184468746185303,1.9309934377670288,2.704256772994995
WA006,2017,10,4.0184,4.616147041320801,3.217237710952759,2.541804790496826,2.2810652256011963,3.249940633773804,2.014153242111206
WA006,2017,11,0.6047,2.939954996109009,2.37125563621521,1.5646075010299685,2.5929934978485107,2.559680700302124,3.825072050094605
WA006,2017,12,1.0752,1.253511667251587,0.6076695322990417,0.9767985343933104,0.8844758868217468,1.5086438655853271,0.8971940279006958
WA006,2018,1,0.0197,0.2970141172409057,0.2638755738735199,0.1471939980983734,0.0637943595647811,0.1546649038791656,0.1129034459590911
WA006,2018,2,0.6807,1.624503254890442,1.0677497386932373,1.8172541856765747,2.493008852005005,2.163397312164306,0.3839397132396698
WA006,2018,3,0.77,1.6328359842300415,1.280644774436951,1.5299748182296753,2.9753940105438232,1.9908220767974851,2.338764905929565
WA006,2018,4,1.6087,1.630399227142334,2.2410924434661865,2.002732038497925,2.3526041507720947,2.411761283874512,2.7562954425811768
WA006,2018,5,5.8477,5.738352298736572,6.500860214233398,5.630710124969482,6.83750057220459,5.1608991622924805,4.256052494049072
WA006,2018,6,4.5427,4.346179485321045,5.382253646850586,4.286552429199219,4.625253677368164,4.993788242340088,5.893783092498779
WA006,2018,7,0.929,1.5076192617416382,3.031089305877685,1.3419272899627686,4.931703090667725,2.080330848693848,2.199645757675171
WA006,2018,8,3.3313,1.3665015697479248,2.202321529388428,1.9599828720092771,2.084571361541748,1.37217116355896,1.4678016901016235
WA006,2018,9,4.3543,4.687756061553955,3.812138557434082,3.238466262817383,6.335336685180664,5.000698566436768,3.762626171112061
WA006,2018,10,4.7813,5.477367877960205,3.878465414047241,4.554455757141113,4.470731258392334,4.17283296585083,4.439643859863281
WA006,2018,11,2.1507,2.246265411376953,1.6543433666229248,1.6376804113388062,1.706624984741211,2.410176038742065,1.5896129608154297
WA006,2018,12,0.3606,0.5742273330688477,1.1773658990859983,0.394330084323883,0.2599468827247619,0.5418815016746521,0.7983976006507874
WA006,2019,1,0.2835,0.5830243825912476,0.8290966749191284,0.445142537355423,0.9093238711357116,0.6783700585365295,0.2358933389186859
WA006,2019,2,1.8889,2.1770694255828857,2.19799280166626,1.828945994377136,2.253404140472412,2.3391849994659424,1.3460302352905271
WA006,2019,3,4.2797,2.873908042907715,1.449099898338318,3.0731217861175537,3.5475847721099854,3.250406265258789,1.623015284538269
WA006,2019,4,3.106,3.457204580307007,2.1099095344543457,2.9400339126586914,4.926423072814941,4.250581741333008,2.743900775909424
WA006,2019,5,7.5955,7.355037212371826,4.914164066314697,7.005903720855713,6.129374027252197,6.52146053314209,6.165343761444092
WA006,2019,6,4.99,5.861612319946289,4.795762538909912,4.682561874389648,6.659592628479004,4.306623458862305,5.0730180740356445
WA006,2019,7,2.6935,3.1292192935943604,2.5273258686065674,2.2925193309783936,4.782637596130371,3.294212818145752,1.7601872682571411
WA006,2019,8,1.3048,0.9520725607872008,1.1224853992462158,0.9699856042861938,1.6400115489959717,1.219238042831421,0.6290675401687622
WA006,2019,9,4.0127,3.556757926940918,3.7117741107940674,3.5612711906433105,6.396482467651367,3.734277248382568,2.8876469135284424
WA006,2019,10,5.5745,6.394928932189941,6.99003267288208,6.63340950012207,8.926826477050781,7.055220127105713,8.240059852600098
WA006,2019,11,3.585,2.9609198570251465,2.1937379837036133,2.335120916366577,2.129913568496704,2.0823986530303955,1.4583899974822998
WA006,2019,12,0.1229,0.901471734046936,1.029064059257507,0.3513917028903961,0.790486752986908,1.156219244003296,0.3649308979511261
WA006,2020,1,0.0174,0.2679368853569031,0.2229681313037872,0.0905684977769851,0.1555127203464508,0.2618893682956695,0.1653201431035995
WA006,2020,2,0.1003,0.3955996930599212,0.3550407290458679,0.1536667048931121,0.0875720232725143,0.4728236794471741,0.3556101322174072
WA006,2020,3,2.2971,2.193533420562744,1.4970128536224363,2.3453264236450195,3.3534953594207764,2.549389362335205,1.816633939743042
WA006,2020,4,2.156,3.7024853229522714,1.3346195220947266,3.1938624382019043,3.948425054550171,4.029978275299072,2.2333903312683105
WA006,2020,5,7.1952,6.864206790924072,3.699375629425049,6.705522060394287,7.636195182800293,6.72356653213501,4.941587448120117
WA006,2020,6,6.0527,6.030055046081543,5.654338836669922,5.509820938110352,9.282366752624512,5.701255798339844,6.137444496154785
WA006,2020,7,1.6929,1.3217931985855105,1.278673529624939,1.8454086780548096,2.220377922058105,1.1755985021591189,1.2420004606246948
WA006,2020,8,0.6455,0.4577085971832275,0.5712317228317261,0.5003669857978821,0.6333604454994202,0.3886802792549133,0.3387297987937927
WA006,2020,9,2.3067,2.749242067337036,1.649863839149475,2.8100836277008057,4.676356315612793,3.6076431274414062,1.489654541015625
WA006,2020,10,5.2052,5.417836666107178,2.5218002796173096,4.567144870758057,7.12578821182251,5.680802822113037,3.433631658554077
WA006,2020,11,3.327,2.158334970474243,1.6911115646362305,2.4402709007263184,2.8135793209075928,3.0444676876068115,1.9146190881729128
WA006,2020,12,0.6103,0.9924027919769288,0.8387334942817688,1.1126811504364014,1.1668576002120972,1.4952677488327026,0.6189704537391663
WA007,2001,1,0.0,0.4198916852474212,1.8252545595169067,0.0873690024018287,0.3266215324401855,0.1503059417009353,0.2338675260543823
WA007,2001,2,1.6064,1.1579564809799194,2.580115795135498,2.382446050643921,1.0593440532684326,1.5555261373519895,2.1250345706939697
WA007,2001,3,3.4748,3.75384259223938,4.873364448547363,3.0900697708129883,4.835860252380371,3.4876930713653564,3.405301332473755
WA007,2001,4,7.3817,8.290449142456055,6.310988426208496,8.086954116821289,7.765249252319336,8.08158016204834,9.960457801818848
WA007,2001,5,2.6019,8.56161117553711,8.546195030212402,4.226795196533203,4.985386848449707,6.11262845993042,8.596705436706543
WA007,2001,6,11.2403,12.382485389709473,7.566126823425293,12.938718795776367,6.9727463722229,8.92098617553711,17.245555877685547
WA007,2001,7,8.4626,5.90029239654541,4.579482555389404,7.387336254119873,4.615115642547607,4.532866954803467,5.649162292480469
WA007,2001,8,2.0371,0.6420349478721619,2.0671041011810303,1.8413257598876955,1.288577675819397,0.6181401014328003,0.9334840178489684
WA007,2001,9,1.8163,3.6207430362701416,3.739283800125122,1.6897351741790771,1.427891969680786,2.17759370803833,1.2166764736175537
WA007,2001,10,6.8626,6.197398662567139,4.012476921081543,5.669541358947754,2.9134347438812256,5.471609115600586,5.078641414642334
WA007,2001,11,3.08,5.113789081573486,4.099307060241699,4.013979434967041,2.9373605251312256,4.497852325439453,6.406260013580322
WA007,2001,12,2.1652,1.701101779937744,4.091953754425049,2.45557713508606,1.0666011571884155,1.8832988739013672,0.7419328093528748
WA007,2002,1,1.0665,0.7989889979362488,3.1357462406158447,0.5068979859352112,0.8289340734481812,1.1003031730651855,0.3407319486141205
WA007,2002,2,1.7057,0.9113866686820984,2.863586187362671,1.2657527923583984,0.8089576959609985,1.211114764213562,1.8861892223358157
WA007,2002,3,1.2777,2.5866613388061523,2.959234476089477,1.4116226434707642,2.935231924057007,3.2056338787078857,4.21780252456665
WA007,2002,4,3.744,6.255039215087891,3.005481481552124,5.784675121307373,4.047647953033447,4.950148582458496,4.943724632263184
WA007,2002,5,4.1277,7.354554176330566,5.548855304718018,4.455872535705566,5.542734146118164,6.353510856628418,7.959601879119873
WA007,2002,6,6.3507,13.506409645080566,11.102559089660645,8.571474075317383,7.404879570007324,9.42401885986328,16.01434326171875
WA007,2002,7,10.6816,7.794405460357666,7.180536270141602,9.263885498046877,4.807934284210205,6.363367080688477,8.149144172668457
WA007,2002,8,6.1371,3.1026124954223637,2.5329716205596924,8.098197937011719,3.1677348613739014,3.8761777877807617,1.3911631107330322
WA007,2002,9,0.7323,1.2430732250213623,3.6642158031463614,0.8070192337036133,1.548643946647644,1.5026514530181885,1.1187773942947388
WA007,2002,10,2.1794,9.246905326843262,5.684444427490234,4.19569730758667,1.852641105651856,6.6581711769104,5.687550067901611
WA007,2002,11,1.834,4.321677684783936,5.424121379852295,1.5857725143432615,1.5877704620361328,2.9470574855804443,3.954170227050781
WA007,2002,12,2.1587,1.6249303817749023,4.068408489227295,2.0324487686157227,0.9357746243476868,1.745032787322998,0.524187445640564
WA007,2003,1,0.2119,0.5370998978614807,2.833606243133545,0.3339426815509796,0.574276328086853,0.6842976808547974,1.1633235216140747
WA007,2003,2,1.5643,2.0501134395599365,2.370313167572021,1.8116631507873533,2.5822014808654785,1.5127832889556885,3.2277560234069824
WA007,2003,3,4.6048,3.688889741897583,4.117465496063232,3.317246437072754,3.973212242126465,3.8956120014190674,3.338752031326294
WA007,2003,4,4.1323,5.704312324523926,5.333410739898682,6.523697376251221,5.236685276031494,7.392993450164795,6.841670513153076
WA007,2003,5,2.9955,6.638827800750732,8.422430038452148,6.419355392456055,6.352242946624756,5.744625568389893,10.062429428100586
WA007,2003,6,6.6897,12.556328773498535,6.940887451171875,8.853201866149902,9.025891304016112,10.496463775634766,13.374844551086426
WA007,2003,7,0.061,2.905507802963257,1.9290003776550293,0.649463951587677,1.5153595209121704,1.2722594738006592,3.1552557945251465
WA007,2003,8,0.7377,0.545077383518219,1.62148118019104,0.9919689893722534,1.0444512367248535,0.8090283274650574,0.7762266993522644
WA007,2003,9,2.7857,4.018816947937012,4.870960712432861,2.8431944847106934,3.609765291213989,4.733921527862549,1.1666877269744873
WA007,2003,10,8.9526,8.344661712646484,5.731807231903076,7.0721306800842285,8.368453979492188,8.280961990356445,6.872986793518066
WA007,2003,11,1.4823,5.261279106140137,5.048579216003418,2.302302360534668,2.5671634674072266,4.746773719787598,8.29799747467041
WA007,2003,12,2.5339,2.4974231719970703,3.346742630004883,3.0894339084625244,1.407821536064148,2.1196846961975098,1.346773624420166
WA007,2004,1,1.5039,0.935084342956543,3.672141313552856,1.192373514175415,1.595695734024048,1.2888925075531006,0.6310408115386963
WA007,2004,2,2.0834,1.9141606092453003,2.009206533432007,1.5535229444503784,1.6983038187026978,2.346431255340576,2.812538146972656
WA007,2004,3,1.8074,3.1188788414001465,1.738142728805542,1.8470759391784668,2.882969856262207,3.286996603012085,2.8468074798583984
WA007,2004,4,5.057,4.631782531738281,4.804994583129883,4.967887878417969,4.892908096313477,4.823949337005615,3.408393383026123
WA007,2004,5,4.1206,5.974238395690918,4.84768533706665,4.762303352355957,5.333607196807861,5.925745487213135,6.505986213684082
WA007,2004,6,8.225,10.167170524597168,4.694511413574219,5.806121826171875,7.661320209503174,4.7374467849731445,9.476938247680664
WA007,2004,7,0.8,2.30779242515564,2.5355260372161865,0.8244284987449646,2.2577109336853027,2.121443510055542,5.2600579261779785
WA007,2004,8,2.3013,1.287342190742493,3.578005790710449,1.5018653869628906,1.8951747417449951,1.439797282218933,1.5060884952545166
WA007,2004,9,9.8047,9.03222942352295,6.846841335296631,7.104355812072754,4.860530853271484,8.499195098876953,5.8084235191345215
WA007,2004,10,10.3755,7.586558818817139,5.39617395401001,8.129992485046387,6.449326992034912,7.70097541809082,7.280247688293457
WA007,2004,11,2.371,5.060506820678711,5.318460941314697,3.347562074661255,3.220916271209717,4.951863765716553,4.925047397613525
WA007,2004,12,0.8461,1.3239519596099854,3.098554849624634,0.5406416654586792,0.8819730877876282,0.6614400744438171,2.35081148147583
WA007,2005,1,0.1865,0.6249977946281433,1.260723352432251,0.2727296650409698,0.9759020805358888,0.6595796346664429,0.7681655883789062
WA007,2005,2,1.7511,1.9168505668640137,4.414917945861816,1.5779356956481934,1.4531270265579224,1.8846358060836792,1.9732375144958496
WA007,2005,3,5.299,4.279250621795654,3.405022621154785,3.823629379272461,4.101762771606445,4.981851577758789,3.856866121292114
WA007,2005,4,6.8133,6.088695049285889,4.1665358543396,6.919291019439697,6.219614505767822,7.686100006103516,6.258358478546143
WA007,2005,5,8.5729,7.637955188751221,5.414065361022949,6.110144138336182,7.209426403045654,5.687852382659912,9.683364868164062
WA007,2005,6,10.797,10.797530174255373,7.259204864501953,9.756336212158203,7.605055809020996,8.188786506652832,12.122730255126951
WA007,2005,7,4.1694,1.7443137168884275,3.0521364212036133,2.15071177482605,1.7823785543441772,0.822045087814331,0.685465395450592
WA007,2005,8,1.1523,0.8038896918296814,2.8813014030456543,0.7681753635406494,0.8217778205871582,0.6031622290611267,0.6229960918426514
WA007,2005,9,1.4507,2.715217113494873,3.648775815963745,2.976418256759644,4.194337368011475,3.541156768798828,2.427142381668091
WA007,2005,10,6.2548,8.457266807556152,6.343900680541992,7.560070991516113,7.144341468811035,9.66751766204834,7.576644420623779
WA007,2005,11,5.133,5.504032135009766,4.58151912689209,4.989007472991943,3.0378777980804443,4.641500473022461,5.868746757507324
WA007,2005,12,1.001,2.0760185718536377,3.0402028560638428,1.2242528200149536,0.9528148174285888,1.888753890991211,2.6733882427215576
WA007,2006,1,1.6981,1.104185700416565,3.674681663513184,1.195504665374756,1.73381245136261,0.7131076455116272,0.1693513989448547
WA007,2006,2,1.465,1.028543472290039,3.280611276626587,1.3476650714874268,1.5270689725875854,1.1502872705459597,1.4107502698898315
WA007,2006,3,3.9861,4.538372993469238,3.857290267944336,3.9920973777771,4.601263046264648,4.274632930755615,3.838764190673828
WA007,2006,4,3.7343,3.9967234134674072,4.207668781280518,3.831298828125,4.416979789733887,4.583981990814209,3.5146052837371826
WA007,2006,5,9.3903,9.589571952819824,8.85279655456543,9.923705101013184,7.538689613342285,8.663944244384766,8.862810134887695
WA007,2006,6,5.4897,10.787693977355955,7.1142191886901855,7.342245578765869,7.720664978027344,7.757373332977295,11.633143424987791
WA007,2006,7,3.9658,3.471050262451172,6.394627094268799,3.6462910175323486,4.234825134277344,2.3340399265289307,4.503998279571533
WA007,2006,8,2.6758,0.6855565309524536,3.728863716125488,1.2068288326263428,0.7850891351699829,0.6328554749488831,1.4818875789642334
WA007,2006,9,4.0123,3.703263998031616,4.400178909301758,3.2756097316741943,3.488765001296997,3.002814769744873,3.643818855285645
WA007,2006,10,5.519,5.064693927764893,3.946229934692383,5.28344202041626,5.1651225090026855,4.65338659286499,5.875053882598877
WA007,2006,11,3.5293,3.536980390548706,3.4582550525665283,3.995154619216919,1.6757445335388184,3.3792240619659424,3.1083426475524902
WA007,2006,12,0.4558,1.18375825881958,1.9783759117126465,0.8871942162513733,0.8795456290245056,1.2047350406646729,0.4919293820858001
WA007,2007,1,0.0648,0.2376514226198196,0.602582573890686,0.0640327408909797,0.3127021491527557,0.1883963793516159,0.0
WA007,2007,2,3.0314,2.164635181427002,2.7379322052001958,2.043470859527588,2.024026393890381,1.502943754196167,3.4018328189849854
WA007,2007,3,6.3094,3.026110887527466,2.925893783569336,4.103046417236328,4.6598944664001465,3.4521114826202397,2.774212598800659
WA007,2007,4,4.3833,5.46754789352417,4.502346038818359,3.185352325439453,4.651175022125244,4.549336910247803,7.268824577331543
WA007,2007,5,2.1235,5.166810512542725,5.551689147949219,2.665726900100708,5.424432277679443,4.168195724487305,6.235837936401367
WA007,2007,6,7.1183,8.659022331237793,7.627844333648682,7.313197135925293,7.627090454101562,7.740467548370361,10.747757911682127
WA007,2007,7,9.0842,5.710583209991455,4.607216835021973,6.164863109588623,4.820816993713379,5.357390880584717,7.651136875152588
WA007,2007,8,1.6703,1.326175093650818,2.933406114578247,1.1042662858963013,1.5575517416000366,1.2179245948791504,1.941566824913025
WA007,2007,9,2.496,4.504826068878174,5.278871536254883,2.604356050491333,2.7571065425872803,5.384487152099609,3.260447263717652
WA007,2007,10,6.4794,7.047708034515381,6.560305118560791,6.0843000411987305,5.207188129425049,6.620455741882324,9.387171745300291
WA007,2007,11,3.8733,5.107746601104736,5.735567092895508,3.3297078609466557,2.743453025817871,3.920675992965698,2.733351707458496
WA007,2007,12,0.7497,2.7287967205047607,3.540611743927002,2.0979764461517334,1.5106916427612305,2.186586380004883,2.9193451404571533
WA007,2008,1,0.0255,0.1608309149742126,0.8288044333457947,0.0739695951342582,0.7849941253662109,0.1012945547699928,0.0645161271095275
WA007,2008,2,1.801,1.404783844947815,2.056215763092041,1.4812729358673096,0.7404134273529053,1.8275771141052248,1.23278546333313
WA007,2008,3,5.9061,4.613035678863525,4.206275939941406,4.01059627532959,4.478403568267822,4.619822502136231,3.550454378128052
WA007,2008,4,4.7137,5.256223678588867,5.688418865203857,5.042451858520508,5.371512413024902,5.91180419921875,5.375009536743164
WA007,2008,5,8.2352,10.234102249145508,8.762835502624512,10.243491172790527,5.199124336242676,9.397850036621094,10.98577117919922
WA007,2008,6,7.682,11.91098403930664,8.135784149169922,10.089665412902832,7.871978759765625,8.693026542663574,18.122676849365234
WA007,2008,7,2.6284,6.846570491790772,12.617653846740724,3.309287071228028,3.324093103408813,3.464592218399048,6.026145458221436
WA007,2008,8,1.3571,1.8101348876953125,3.966875553131104,1.5340346097946167,2.05356502532959,1.8204997777938845,1.9173848628997805
WA007,2008,9,4.355,3.519093513488769,6.051064968109131,2.631654024124145,2.954761266708374,3.900813817977905,2.812549829483032
WA007,2008,10,4.1606,4.872597217559815,4.092786312103272,3.271493911743164,3.6026597023010254,5.180301666259766,2.068557977676392
WA007,2008,11,3.601,4.348115921020508,3.883658647537232,3.975977659225464,3.400375843048096,4.214609146118164,6.156190872192383
WA007,2008,12,1.9381,2.969308614730835,4.821652889251709,2.6874449253082275,1.2956812381744385,2.300543785095215,4.211694240570068
WA007,2009,1,0.4242,0.9575226902961732,2.8696248531341557,0.4382604658603668,0.7374080419540405,0.5302368998527527,0.2258064448833465
WA007,2009,2,2.0943,3.656325101852417,4.007845401763916,3.4393389225006104,3.787821769714356,3.5192341804504395,2.3148014545440674
WA007,2009,3,2.861,3.582404613494873,4.577436447143555,3.441208600997925,3.8013203144073486,4.560421466827393,2.0564918518066406
WA007,2009,4,4.4973,3.821674346923828,3.289958477020264,3.8834173679351807,4.1792168617248535,4.740055084228516,4.616687774658203
WA007,2009,5,6.1219,7.881010055541992,8.042230606079102,7.727707862854004,7.238827228546143,6.443777084350586,7.354773998260498
WA007,2009,6,14.055,15.963314056396484,9.66934299468994,14.735513687133787,12.404428482055664,9.731446266174316,15.018394470214844
WA007,2009,7,7.0203,6.254122734069824,6.80012845993042,5.8512067794799805,4.401524066925049,4.791275024414063,8.772138595581055
WA007,2009,8,2.6223,1.2228310108184814,2.2169413566589355,1.4869394302368164,1.264551877975464,0.7601503729820251,0.59073805809021
WA007,2009,9,1.303,1.1065818071365356,2.165757417678833,0.9700279235839844,0.9537498950958252,0.6002830862998962,1.000019669532776
WA007,2009,10,2.1539,1.461600661277771,3.068570137023926,1.978050112724304,2.2214627265930176,1.7073886394500732,3.5746257305145264
WA007,2009,11,2.642,4.250387191772461,3.597907066345215,2.916067600250244,4.155678749084473,3.854041814804077,4.141738414764404
WA007,2009,12,0.5619,2.219698429107666,3.47655987739563,1.038164734840393,1.5418825149536133,1.246756076812744,3.2177300453186035
WA007,2010,1,1.3981,1.0294764041900637,1.81024432182312,1.558413863182068,0.7956816554069519,0.9755192995071412,0.9616975784301758
WA007,2010,2,3.4271,2.6699204444885254,3.002524137496948,2.960165739059448,2.5138421058654785,3.3974058628082275,3.87061619758606
WA007,2010,3,1.4123,4.280398845672607,4.064743041992188,3.791661262512207,4.386529922485352,3.5446367263793945,3.217780828475952
WA007,2010,4,4.0387,4.992340087890625,5.795568466186523,4.986518383026123,4.821140289306641,5.2110466957092285,5.916699409484863
WA007,2010,5,8.27,6.656475067138672,7.170122146606445,8.512910842895508,6.336260318756104,7.740457057952881,11.072453498840332
WA007,2010,6,5.0853,11.588204383850098,8.146024703979492,8.147671699523926,9.293457984924316,8.273675918579102,12.233132362365724
WA007,2010,7,5.0406,5.521753311157227,3.6922993659973145,5.320616245269775,4.309941291809082,3.4156718254089355,4.802398204803467
WA007,2010,8,4.6752,2.76762318611145,4.606049060821533,3.162761211395264,2.3170456886291504,2.229570150375366,2.8992629051208496
WA007,2010,9,6.9473,6.919296741485596,6.662751197814941,5.444611072540283,3.9620227813720703,4.160305023193359,8.204294204711914
WA007,2010,10,8.8213,7.210391521453857,7.532352447509766,6.739595890045166,7.061861515045166,7.120727062225342,8.540338516235352
WA007,2010,11,2.9157,4.712291717529297,5.723474502563477,3.576519727706909,2.9003679752349854,4.755156517028809,5.691668510437012
WA007,2010,12,2.3655,2.361633062362671,3.1449475288391118,2.5251526832580566,1.6857188940048218,1.842026233673096,2.592726469039917
WA007,2011,1,0.909,0.8280133008956909,1.615100979804993,0.6166691184043884,0.9618000984191896,0.7860748171806335,1.0403205156326294
WA007,2011,2,4.1671,2.85994815826416,4.03211784362793,4.700257301330566,5.121109485626221,3.4248757362365723,2.27014422416687
WA007,2011,3,1.26,7.2342209815979,3.270778179168701,3.196378707885742,4.57030200958252,3.6204986572265625,2.4919865131378174
WA007,2011,4,2.2523,4.963501453399658,4.651781558990479,3.910733461380005,4.656966686248779,4.191871166229248,1.975010633468628
WA007,2011,5,6.2784,5.456071853637695,4.640127658843994,6.131758213043213,5.409715175628662,5.895192623138428,4.935399532318115
WA007,2011,6,6.2103,11.616716384887695,10.655299186706545,8.421278953552246,8.859163284301758,6.414255619049072,10.86226749420166
WA007,2011,7,3.1958,4.456775665283203,4.7674174308776855,2.260472297668457,3.063676357269287,2.469422578811645,6.405196189880371
WA007,2011,8,1.6165,1.1648602485656738,2.235661268234253,1.0488650798797607,1.1299419403076172,0.8302816152572632,1.3992228507995603
WA007,2011,9,4.2687,3.6143627166748047,5.039684295654297,3.3703360557556152,4.769890308380127,3.83927321434021,3.0896430015563965
WA007,2011,10,9.6016,7.994235992431641,6.623725414276123,7.969141483306885,7.273609161376953,7.210802555084228,7.592766761779785
WA007,2011,11,3.591,4.094625473022461,3.604732036590576,3.560757875442505,2.687610626220703,4.244210720062256,4.291698455810547
WA007,2011,12,3.3326,1.5135027170181274,2.220309019088745,1.4864014387130735,1.501200795173645,1.55531108379364,2.383068323135376
WA007,2012,1,0.4961,0.4406970143318176,2.1410233974456787,0.4053847193717956,0.3631991446018219,0.4096532464027405,0.7661364078521729
WA007,2012,2,2.039,1.8204827308654783,4.004349231719971,1.869408130645752,1.7466717958450315,2.100970983505249,2.265122413635254
WA007,2012,3,1.8135,2.3405356407165527,3.2203195095062256,1.680759072303772,2.203707218170166,2.375034809112549,1.824636936187744
WA007,2012,4,3.0887,3.3824174404144287,3.9866936206817623,3.316235065460205,4.388069152832031,3.3986644744873047,3.360450506210327
WA007,2012,5,5.0477,7.751913070678711,7.845398426055908,5.8812575340271,7.347306251525879,5.965817451477051,4.693499565124512
WA007,2012,6,6.8067,11.71176815032959,8.610241889953613,7.308505058288574,9.537485122680664,7.489465236663818,11.422743797302246
WA007,2012,7,2.7203,2.3758857250213623,3.3466742038726807,1.7037739753723145,1.629175066947937,1.0044630765914917,2.546354055404663
WA007,2012,8,0.8529,0.9316263794898988,2.52618670463562,0.5946482419967651,0.6885613203048706,0.4185671806335449,2.008114814758301
WA007,2012,9,2.0117,3.041337251663208,4.261602401733398,1.9599292278289795,2.4104673862457275,3.2570722103118896,3.545883178710937
WA007,2012,10,6.4261,8.965994834899902,6.498743534088135,6.409043312072754,7.020346641540527,6.16025972366333,1.9415411949157717
WA007,2012,11,5.252,4.392907619476318,4.398618221282959,5.786020755767822,4.218166351318359,5.359468460083008,6.489591598510742
WA007,2012,12,3.7019,3.672029972076416,3.0964150428771973,3.2305054664611816,3.033200263977051,2.507516860961914,9.689507484436035
WA007,2013,1,0.001,0.2685201168060303,1.3687810897827148,0.11005499958992,0.2526297569274902,0.3442551493644714,0.2520188391208648
WA007,2013,2,1.935,1.1475750207901,2.951501846313477,1.0011802911758425,1.938892245292664,1.3221824169158936,0.0625052750110626
WA007,2013,3,2.8239,3.3856868743896484,3.328663110733032,2.607283353805542,3.887779474258423,3.3149375915527344,2.04841423034668
WA007,2013,4,3.1987,3.3768150806427,4.696386337280273,2.2748501300811768,5.376550197601318,3.334007740020752,2.845809936523437
WA007,2013,5,10.5839,7.37857723236084,9.735819816589355,7.927394390106201,9.401870727539062,7.349881172180176,6.532190322875977
WA007,2013,6,4.808,7.508351802825928,6.046384811401367,5.2558674812316895,6.052718162536621,6.5532050132751465,8.88318157196045
WA007,2013,7,3.9803,2.77933120727539,4.212001800537109,2.876214027404785,2.3585405349731445,1.949540376663208,2.695551633834839
WA007,2013,8,1.2477,0.6437513828277588,2.0614476203918457,1.1455157995224,0.6093396544456482,0.4868077933788299,0.5262219309806824
WA007,2013,9,3.3687,2.6812376976013184,6.207761764526367,2.0765576362609863,3.0669660568237305,3.321042776107788,2.9375548362731934
WA007,2013,10,2.5984,3.365018606185913,3.7383956909179688,2.289035558700561,3.48621678352356,3.8814096450805664,1.987923622131348
WA007,2013,11,7.5717,6.669448852539063,5.053793907165527,6.391881942749023,5.633697032928467,6.778080463409424,8.439591407775879
WA007,2013,12,2.011,2.069361925125122,2.626943826675415,1.95755934715271,2.140897274017334,2.1869139671325684,2.844770193099976
WA007,2014,1,0.7039,0.7026366591453552,2.1182644367218018,0.4975332915782928,0.910804569721222,1.1762020587921145,1.2500251531600952
WA007,2014,2,2.6529,1.967778444290161,3.848780870437622,2.323660135269165,2.063616275787353,2.324552536010742,1.8125321865081787
WA007,2014,3,3.2477,3.284767866134644,3.0989325046539307,3.7958414554595943,5.043152332305908,3.3522284030914307,3.139160633087158
WA007,2014,4,6.06,6.386021614074707,4.843318462371826,5.404391765594482,7.628997802734375,7.04411506652832,6.858392238616943
WA007,2014,5,4.91,6.382328510284424,12.50598430633545,5.582056522369385,6.502531051635742,6.5183515548706055,4.701605796813965
WA007,2014,6,7.753,13.537346839904783,12.404759407043455,13.772846221923828,11.43883228302002,10.153157234191896,14.583141326904297
WA007,2014,7,12.1129,8.591631889343262,6.806222438812256,13.785107612609863,4.498039722442627,4.419583797454834,4.010084629058838
WA007,2014,8,0.9123,1.6877062320709229,3.0454585552215576,1.0123071670532229,1.670215725898743,1.303701877593994,0.9960038661956788
WA007,2014,9,3.6803,3.427296638488769,3.872301578521729,3.6116340160369873,3.8107621669769287,4.567959308624268,3.4208950996398926
WA007,2014,10,3.2419,2.489905834197998,4.709511280059815,2.7604691982269287,3.593059778213501,3.155559062957764,3.754082202911377
WA007,2014,11,4.641,4.084417819976807,4.733978271484375,5.037765026092529,3.620932340621948,4.971134662628174,6.322983264923096
WA007,2014,12,2.0158,2.0215768814086914,2.9438252449035645,1.4200509786605835,1.819178581237793,1.860178828239441,1.3165283203125
WA007,2015,1,0.7045,0.5271658897399902,1.5639489889144895,0.5730993747711182,0.6268098950386047,0.7805754542350769,0.7096787095069885
WA007,2015,2,3.08,2.225859403610229,3.89600682258606,2.4665658473968506,3.5773138999938965,2.783440351486206,3.375062942504883
WA007,2015,3,5.2606,4.692754745483398,4.118866920471191,4.01215934753418,7.092028617858887,4.455864906311035,3.7500319480896
WA007,2015,4,3.6397,4.057329177856445,4.570240497589111,3.629424333572388,6.38613748550415,4.2435383796691895,4.391714096069336
WA007,2015,5,4.2677,5.688191890716553,6.79073429107666,4.496718883514404,5.2052202224731445,5.0541863441467285,5.562448024749756
WA007,2015,6,15.0227,10.971288681030272,12.744266510009766,12.98533535003662,12.554170608520508,7.342339515686035,15.589262962341309
WA007,2015,7,2.4942,3.126689910888672,2.5808677673339844,1.5528221130371094,2.415427923202514,2.001178026199341,2.1532130241394043
WA007,2015,8,0.9119,0.9625038504600524,2.862975835800171,0.7902218103408813,0.7679116725921631,0.6632229089736938,1.1633248329162598
WA007,2015,9,1.007,0.8524385094642639,1.877041459083557,0.5886475443840027,1.521658182144165,0.8834537267684937,0.8750316500663757
WA007,2015,10,9.1719,5.273423194885254,4.931411743164063,8.119633674621582,7.630574703216553,6.828159809112549,5.951657295227051
WA007,2015,11,6.4173,5.96978235244751,5.434695243835449,5.6192169189453125,5.902004241943359,6.260554790496826,7.141654968261719
WA007,2015,12,0.1777,0.5703345537185669,0.9435037970542908,0.3035564720630646,1.0662387609481812,0.7289191484451294,0.4274296462535858
WA007,2016,1,0.4471,0.4286422729492187,0.833961546421051,0.6699472665786743,0.4488952755928039,0.2919038534164428,0.8971800804138184
WA007,2016,2,1.0331,0.8972681164741516,1.7439321279525757,0.9063904285430908,1.5701566934585571,0.2680136263370514,1.3621008396148682
WA007,2016,3,5.1568,4.640199661254883,4.20670747756958,4.312862396240234,4.14610481262207,4.065999507904053,5.818626880645752
WA007,2016,4,3.2097,2.823470115661621,4.565754413604736,2.217626571655273,3.833226203918457,3.5471343994140625,3.6500227451324463
WA007,2016,5,6.9648,6.533562183380127,9.941049575805664,7.435276985168457,7.456246376037598,5.597849845886231,7.790234088897705
WA007,2016,6,5.9513,9.264269828796388,10.81532382965088,6.761777400970459,7.578981876373291,8.043279647827148,9.329022407531738
WA007,2016,7,0.2365,1.6115751266479492,2.322117805480957,0.4993357062339782,1.5288022756576538,0.7386274337768555,1.3709759712219238
WA007,2016,8,1.4816,1.7286899089813232,2.2413322925567627,1.8003400564193726,1.8998948335647583,2.541715621948242,1.8286691904067995
WA007,2016,9,4.555,3.492335796356201,4.303618431091309,3.273411750793457,4.077521800994873,5.673746109008789,3.6292121410369873
WA007,2016,10,4.5952,5.359675407409668,5.638697147369385,4.438399791717529,5.677268981933594,6.140655517578125,4.7661566734313965
WA007,2016,11,4.2083,4.014147758483887,3.81483006477356,3.878411293029785,3.616929054260254,4.230042934417725,3.9145898818969727
WA007,2016,12,1.611,2.0298855304718018,3.202267646789551,1.9749436378479004,2.3775622844696045,1.800947666168213,2.399193048477173
WA007,2017,1,3.3406,1.3111469745635986,1.920276761054993,2.550780296325684,2.8902900218963623,1.3867950439453125,1.2177493572235107
WA007,2017,2,1.5911,2.2300868034362797,2.835493803024292,1.7106738090515137,2.060617446899414,2.7069599628448486,3.046936511993408
WA007,2017,3,1.4523,2.020559310913086,3.033079147338867,1.2483772039413452,3.297024726867676,2.3699705600738525,2.580695629119873
WA007,2017,4,4.0793,4.246377944946289,4.670060634613037,4.442261695861816,5.449486255645752,4.846586227416992,4.541691303253174
WA007,2017,5,5.2252,5.904387950897217,7.2636799812316895,5.845884799957275,5.742904186248779,5.569023132324219,7.397047996520996
WA007,2017,6,8.131,14.108741760253906,13.989150047302246,12.150992393493652,9.687236785888672,0.212106317281723,11.131089210510254
WA007,2017,7,2.1848,3.089616060256958,4.347648143768311,2.070526599884033,2.3873965740203857,0.0988780632615089,3.2016055583953857
WA007,2017,8,2.9148,3.2559685707092285,3.8084521293640137,3.477213144302368,2.0721371173858643,2.067770481109619,2.024232864379883
WA007,2017,9,2.5493,2.3429646492004395,3.815331697463989,1.8278595209121704,3.343038558959961,3.268923044204712,2.2604572772979736
WA007,2017,10,12.4952,10.39523696899414,5.999469757080078,10.71889591217041,7.614679336547852,9.873029708862305,9.00404167175293
WA007,2017,11,6.2097,6.352184772491455,6.646304607391357,6.5096516609191895,5.622785568237305,6.069517135620117,6.383335113525391
WA007,2017,12,2.5384,1.980615258216858,3.247931241989136,1.8936384916305544,2.186053276062012,2.140666007995605,1.3145142793655396
WA007,2018,1,0.2223,0.3381482362747192,1.948696732521057,0.2553850412368774,0.3797414600849151,0.2373905330896377,0.2600785791873932
WA007,2018,2,5.505,2.0132036209106445,2.76993179321289,3.133148670196533,5.664431095123291,2.655963659286499,1.062527775764465
WA007,2018,3,3.2468,3.126849174499512,3.5750746726989746,4.094375133514404,4.188931465148926,3.24901819229126,4.875063896179199
WA007,2018,4,2.8217,2.4866724014282227,4.5912909507751465,2.201512575149536,4.167795658111572,3.1657052040100098,2.981273412704468
WA007,2018,5,8.8023,6.07439661026001,8.33251953125,7.21484899520874,6.8232245445251465,5.935270309448242,5.687403202056885
WA007,2018,6,7.3993,9.663804054260254,10.09096908569336,7.7018232345581055,7.490477085113525,7.32024621963501,9.939422607421877
WA007,2018,7,3.2632,5.385378837585449,7.020608901977539,3.4671432971954346,3.653517961502075,3.365027904510498,4.118920803070068
WA007,2018,8,2.9577,1.990983009338379,2.5559241771698,2.207829236984253,2.620866775512696,2.104562759399414,2.8024752140045166
WA007,2018,9,3.645,3.1153509616851807,8.072559356689453,2.328484296798706,3.391294002532959,4.587279319763184,3.622993230819702
WA007,2018,10,5.3068,6.779671669006348,6.205596923828125,4.985456466674805,5.753462314605713,6.273019313812256,6.653258800506592
WA007,2018,11,4.5737,5.27809476852417,4.790602684020996,4.47000789642334,4.835415840148926,4.427045822143555,2.7562386989593506
WA007,2018,12,0.49,1.0999945402145386,2.5965092182159424,0.7564868927001953,1.18274188041687,0.7832377552986145,0.7903116941452026
WA007,2019,1,0.8387,0.6967241764068604,2.9283287525177,0.6693777441978455,1.0530654191970823,0.6532925367355347,0.5907189846038818
WA007,2019,2,1.5918,1.5652176141738892,3.784576177597046,1.7091599702835083,2.099216938018799,2.4584169387817383,2.020103454589844
WA007,2019,3,4.8758,2.731449604034424,3.2356057167053223,3.060382604598999,3.5224788188934326,3.1296727657318115,2.2379651069641118
WA007,2019,4,5.017,5.031652450561523,6.3104681968688965,4.677364349365234,7.275684356689453,5.02357292175293,5.879095077514648
WA007,2019,5,8.6116,8.381786346435547,9.335911750793455,8.987318992614746,7.744889259338379,7.285727024078369,11.152810096740724
WA007,2019,6,2.383,6.712370872497559,7.14856481552124,4.767880439758301,6.020828723907471,4.168046474456787,13.76451587677002
WA007,2019,7,2.2861,3.1264467239379883,3.2765142917633057,1.773732304573059,2.8133578300476074,2.0406947135925293,2.8588829040527344
WA007,2019,8,1.1219,1.510054349899292,1.92402184009552,1.027783751487732,1.7443256378173828,1.3445050716400146,1.2117303609848022
WA007,2019,9,9.1637,6.43000602722168,8.878700256347656,5.8293137550354,5.35568380355835,6.150088310241699,7.32695722579956
WA007,2019,10,11.8461,10.12588882446289,8.800529479980469,10.277230262756348,9.82627296447754,10.783477783203123,9.12459945678711
WA007,2019,11,3.9137,4.479157447814941,4.975033760070801,3.775095462799072,4.382930278778076,3.579686403274536,3.272892951965332
WA007,2019,12,1.2187,2.123901844024658,3.450135946273804,2.0049190521240234,1.74185311794281,2.3503050804138184,1.227793574333191
WA007,2020,1,0.2448,0.4578125774860382,1.0289461612701416,0.1444659829139709,0.3006035685539245,0.1851308643817901,0.2782298922538757
WA007,2020,2,0.8676,1.035590648651123,2.2791731357574463,0.7303105592727661,0.7943825125694275,1.1980223655700684,1.4525926113128662
WA007,2020,3,4.5794,4.168346405029297,4.807934284210205,4.211619853973389,4.935401439666748,4.644465923309326,3.9395289421081534
WA007,2020,4,3.8467,3.3652729988098145,3.669870853424072,3.2151408195495605,4.158198356628418,4.581297874450684,4.031306743621826
WA007,2020,5,6.2874,8.184088706970215,8.45034408569336,6.253407001495361,6.715794563293457,7.7477946281433105,10.185260772705078
WA007,2020,6,14.6057,14.273238182067873,7.122480869293213,13.99044132232666,10.76600456237793,10.600960731506348,12.010440826416016
WA007,2020,7,0.9045,3.0124189853668213,2.4000937938690186,1.2949095964431765,3.041082859039306,1.320190668106079,2.135074615478516
WA007,2020,8,1.1145,0.6070533990859985,1.2144516706466677,0.9351495504379272,0.5515946745872498,0.3212275207042694,0.5987991094589233
WA007,2020,9,2.1787,2.917846202850342,3.516765594482422,2.1628518104553223,4.355817794799805,4.553158760070801,2.3458690643310547
WA007,2020,10,12.1245,10.613872528076172,5.757363319396973,10.507688522338867,9.828805923461914,12.141197204589844,5.9758148193359375
WA007,2020,11,6.3427,5.154289245605469,6.843502998352051,7.118773937225342,4.629172801971436,7.50027322769165,7.106290817260742
WA007,2020,12,2.5916,2.012180089950561,3.3062422275543213,1.9254429340362549,2.862323045730591,1.9559444189071653,1.7963446378707886
WA008,2001,1,0.0,0.0264623835682868,0.0026637632399797,0.005897878203541,1.6068464901763946e-05,0.0180053915828466,0.0
WA008,2001,2,0.0,0.0795738920569419,0.0016423249617218,0.0178036745637655,4.95931431032659e-07,0.1700192093849182,0.0
WA008,2001,3,0.0,0.1487935930490493,0.0418435558676719,0.0449020639061927,0.0027589257806539,0.069282166659832,0.0241850260645151
WA008,2001,4,0.0,0.5987752676010132,0.0920136719942092,0.1852333098649978,0.4001249969005584,0.2767985165119171,0.1249523162841796
WA008,2001,5,1.1813,3.2448923587799072,2.756422996520996,5.450767993927002,0.6776933073997498,4.619175434112549,1.9208117723464968
WA008,2001,6,17.503,10.111560821533203,13.82918930053711,13.259775161743164,4.726224899291992,13.79215145111084,17.285768508911133
WA008,2001,7,20.3426,21.117101669311523,16.18637466430664,22.616596221923828,10.343141555786133,16.916385650634766,33.29642105102539
WA008,2001,8,35.7268,19.09722328186035,26.504920959472656,24.92288398742676,12.96566677093506,17.56212615966797,26.2479190826416
WA008,2001,9,20.813,16.517187118530273,14.77243709564209,18.165748596191406,7.495637893676758,16.709819793701172,15.21869945526123
WA008,2001,10,8.8187,10.551569938659668,4.906612396240234,8.042613983154297,1.6702888011932373,10.29299545288086,6.755637168884277
WA008,2001,11,0.199,3.555593729019165,3.575833559036255,2.464877128601074,1.1201882362365725,3.739721775054932,4.735931873321533
WA008,2001,12,0.0,0.342863529920578,0.1147887036204338,0.1199029460549354,0.0,0.0870187357068061,0.0483700521290302
WA008,2002,1,0.0,0.0240145102143287,0.404037743806839,0.3650560677051544,0.1040085926651954,0.2733275294303894,0.0
WA008,2002,2,0.0,0.0103533919900655,0.0106424000114202,0.0053388145752251,1.799631536414381e-05,0.0753139406442642,0.0
WA008,2002,3,0.0,0.2315786033868789,0.0524909645318985,0.0774292722344398,0.0044021941721439,0.2974068224430084,0.0241850260645151
WA008,2002,4,0.0,0.631057620048523,0.0241792071610689,0.2378300428390503,0.0005874392809346,0.3711460828781128,0.5957728028297424
WA008,2002,5,0.4371,1.9107333421707156,0.975537657737732,2.619919776916504,0.23719222843647,1.6528851985931396,3.5501441955566406
WA008,2002,6,13.6427,7.051437854766846,18.397401809692383,12.695704460144045,7.13510274887085,10.746957778930664,10.218830108642578
WA008,2002,7,12.7723,20.74965476989746,14.568922996520996,15.08333683013916,4.73566484451294,14.019164085388184,28.732702255249023
WA008,2002,8,30.0665,26.120576858520508,28.086219787597656,23.651945114135746,12.461623191833496,19.8375301361084,27.481285095214844
WA008,2002,9,15.0327,6.6623077392578125,10.977450370788574,15.327655792236328,4.337615489959717,14.73481559753418,18.920190811157227
WA008,2002,10,8.6242,4.020053863525391,7.265207767486572,10.456536293029783,1.7975906133651731,11.813807487487791,9.096650123596191
WA008,2002,11,0.426,1.2033456563949585,1.813246250152588,2.275456666946411,0.5789191722869873,1.5164673328399658,0.4810825288295746
WA008,2002,12,0.0,0.1361016780138015,0.0549407936632633,0.0445271134376525,0.0017915789503604,0.0760721638798713,0.1209627613425254
WA008,2003,1,0.0,0.0311673413962125,0.1810207664966583,0.0324367508292198,0.0100004002451896,0.0484563037753105,0.0
WA008,2003,2,0.0,0.00024555064737796783,0.0031288722530007,0.0164957121014595,0.0,0.0417932756245136,0.0869889557361602
WA008,2003,3,0.0,0.0648615062236785,0.026479635387659,0.0197816248983144,0.0,0.0749267786741256,0.0241850260645151
WA008,2003,4,0.783,1.3624721765518188,0.1473747491836547,1.3177571296691897,0.2844628989696502,1.2032147645950315,1.783133029937744
WA008,2003,5,4.0529,3.097982168197632,2.905249118804932,2.655828952789306,0.5709369778633118,2.5281848907470703,1.0642619132995603
WA008,2003,6,16.817,7.927651405334473,15.58456802368164,17.0693416595459,5.077552318572998,13.552385330200195,15.96274185180664
WA008,2003,7,27.6,25.238733291625977,19.409671783447266,25.83742332458496,7.202474117279053,17.704055786132812,13.786466598510742
WA008,2003,8,29.5032,17.299875259399414,31.74947738647461,26.38063240051269,18.4649658203125,19.71111297607422,45.86585235595703
WA008,2003,9,17.174,16.330095291137695,13.275874137878418,18.208295822143555,7.868340015411377,18.19565200805664,25.97513961791992
WA008,2003,10,8.2394,3.693928480148315,9.00338077545166,8.989151954650879,2.7212302684783936,9.955575942993164,9.717446327209473
WA008,2003,11,3.381,2.2505481243133545,3.4718520641326904,6.350904941558838,0.901978075504303,5.629738807678223,7.838922023773193
WA008,2003,12,0.0,0.1105377003550529,0.266594648361206,0.0683457404375076,0.0003380758862476,0.0488731823861599,0.0483700521290302
WA008,2004,1,0.0,0.0325641073286533,0.1065758243203163,0.0189324617385864,0.0008064997382462,0.0244059506803751,0.0
WA008,2004,2,0.001,0.0585551336407661,0.0177436918020248,0.0088106039911508,0.0034444036427885,0.0618820674717426,0.0
WA008,2004,3,0.0,0.1608761548995971,0.0695816949009895,0.0514695979654789,0.0011179624125361,0.0787571668624877,0.0241850260645151
WA008,2004,4,0.5193,1.6719547510147097,0.6253135204315186,0.645363450050354,0.324763536453247,0.7765126824378967,0.304125964641571
WA008,2004,5,0.9513,1.7008732557296753,4.911033153533936,1.7814416885375977,1.1002967357635498,2.957819938659668,6.510202407836914
WA008,2004,6,12.1293,7.629141807556152,9.425073623657228,11.581514358520508,5.29927396774292,10.406535148620604,16.595909118652344
WA008,2004,7,26.449,20.40449523925781,21.137035369873047,22.57857131958008,11.585197448730469,16.305997848510742,43.631568908691406
WA008,2004,8,12.239,23.25294685363769,17.701087951660156,15.354669570922852,17.157379150390625,11.49008083343506,32.38105392456055
WA008,2004,9,14.7303,14.78930377960205,13.129968643188477,10.966867446899414,6.634220123291016,13.445548057556152,17.220558166503906
WA008,2004,10,7.1974,5.055152416229248,5.422845840454102,3.9179847240448,3.139730453491211,8.402345657348633,3.3201191425323486
WA008,2004,11,2.49,2.502005815505981,3.4830267429351807,2.534146308898926,3.508538722991944,2.2315330505371094,5.457839012145996
WA008,2004,12,0.0,0.1198081597685813,1.004340648651123,0.2286555171012878,0.0,0.1019556745886802,0.0241850260645151
WA008,2005,1,0.0,0.026032879948616,0.0806465521454811,0.0282139647752046,0.0012259172508493,0.0387979932129383,0.0
WA008,2005,2,0.0,0.0590464957058429,0.4861782193183899,0.0937463641166687,0.8322235941886902,0.189488023519516,0.0
WA008,2005,3,0.3258,0.3664443790912628,0.3613245189189911,0.308336853981018,0.2998753786087036,0.419221431016922,0.6269676685333252
WA008,2005,4,0.0,1.850917935371399,0.6692681908607483,0.3216927051544189,0.0006846407777629,0.8171122670173645,0.1249523162841796
WA008,2005,5,1.6032,3.8607144355773926,5.432285308837891,3.505507707595825,2.049753427505493,3.703287363052368,4.522139549255371
WA008,2005,6,11.803,5.865626811981201,17.08369255065918,12.577950477600098,11.478336334228516,7.651296138763428,2.404212474822998
WA008,2005,7,9.77,15.63149642944336,21.47150993347168,12.265110969543455,17.436939239501953,5.70358943939209,27.64492416381836
WA008,2005,8,14.3174,19.948087692260746,26.69028091430664,19.687673568725582,20.70224571228028,12.290205955505373,32.24015808105469
WA008,2005,9,12.328,10.542329788208008,18.2933349609375,11.721089363098145,11.262184143066406,10.339157104492188,25.45609664916992
WA008,2005,10,9.9861,19.13883781433105,5.541321277618408,7.915744781494141,8.888078689575195,10.0457763671875,7.068885326385498
WA008,2005,11,4.436,1.2888659238815308,3.544964551925659,2.2522635459899902,0.9944040179252625,2.6727969646453857,0.4810825288295746
WA008,2005,12,0.0923,0.1630279719829559,0.891721785068512,0.1602167338132858,0.9088724851608276,0.1427238285541534,0.0483700521290302
WA008,2006,1,0.0,0.0226849652826786,0.2999456226825714,0.0450119897723197,0.0103507693856954,0.1397126168012619,0.0
WA008,2006,2,0.0,0.0447074882686138,0.0500677786767482,0.1387412995100021,0.1326323747634887,0.0983779653906822,0.0
WA008,2006,3,0.0,0.1479027420282364,0.0933082476258277,0.0251204390078783,0.0597751848399639,0.0932113155722618,0.0
WA008,2006,4,0.5343,1.478097677230835,1.0769197940826416,2.22910737991333,0.4892102181911468,2.404534816741944,0.0
WA008,2006,5,1.6103,3.034881591796875,2.2356202602386475,1.728539228439331,2.1419990062713623,2.8410329818725586,3.49567985534668
WA008,2006,6,6.6807,9.167213439941406,13.074445724487305,7.311057090759277,4.408738136291504,10.12249755859375,16.393932342529297
WA008,2006,7,14.1371,20.586219787597656,14.95423984527588,14.956098556518556,9.043328285217283,10.150150299072266,18.970787048339844
WA008,2006,8,48.9852,39.44573593139648,20.563386917114254,32.809627532958984,20.037324905395508,28.14688491821289,40.24684143066406
WA008,2006,9,14.7663,14.00966453552246,15.903070449829102,12.122736930847168,8.78780746459961,13.42387580871582,22.42465591430664
WA008,2006,10,10.1906,13.856988906860352,6.892175674438477,10.599278450012209,3.797871589660645,12.915547370910645,11.755829811096191
WA008,2006,11,1.4597,1.6121195554733276,0.9399085640907288,1.0185831785202026,0.1555520296096801,1.5761775970458984,0.0
WA008,2006,12,0.0,0.0402826108038425,0.037205122411251,0.0953637957572937,8.142014848999679e-06,0.0853911936283111,0.0241850260645151
WA008,2007,1,0.0,0.0077477446757256,0.0030770672019571,0.0107885543256998,3.317854498163797e-05,0.0018271589651703,0.0
WA008,2007,2,0.3618,0.0613359883427619,0.129496157169342,0.5938279032707214,0.4042947292327881,0.1777019798755645,0.0
WA008,2007,3,0.0,0.1734190732240677,0.0320309028029441,0.0284946151077747,0.0,0.2433409988880157,0.0483665093779563
WA008,2007,4,0.0,0.963279902935028,0.0910408645868301,0.2593600451946258,0.0,0.3625662624835968,0.0
WA008,2007,5,1.9781,2.3846375942230225,2.2733967304229736,1.4195636510849,2.3950083255767822,1.40865957736969,2.346515655517578
WA008,2007,6,6.1697,8.025391578674316,12.651140213012695,7.548966884613037,4.702073574066162,7.870499610900879,2.3604483604431152
WA008,2007,7,28.0355,23.459651947021484,26.484819412231445,18.34560775756836,13.567526817321776,11.038413047790527,27.19997215270996
WA008,2007,8,27.6742,29.291446685791016,34.6506233215332,20.313404083251957,16.108854293823242,18.07826232910156,77.39324951171875
WA008,2007,9,13.3027,15.86785125732422,14.02516269683838,14.09817886352539,8.546210289001465,14.22642993927002,17.358301162719727
WA008,2007,10,6.9071,8.749838829040527,5.839924335479736,5.626333236694336,2.05708122253418,6.793485641479492,5.983808994293213
WA008,2007,11,0.3423,2.637917995452881,2.4535720348358154,2.1153929233551025,0.18110291659832,1.6882117986679075,3.1333041191101074
WA008,2007,12,0.0,0.43940070271492,1.3226829767227173,0.6924908757209778,0.0,0.436800867319107,0.0241850260645151
WA008,2008,1,0.0,0.0075460700318217,0.0028265188448131,0.0,7.896324859757442e-06,0.0422979183495044,0.0
WA008,2008,2,0.0,0.0617137439548969,0.334672600030899,0.0514490120112896,0.0018732397584244,0.1629555225372314,0.0258491747081279
WA008,2008,3,0.0,0.2042237818241119,0.0784918069839477,0.0520252510905265,0.0,0.2800783216953277,0.0
WA008,2008,4,0.023,0.9269436597824096,0.2154474407434463,0.1374242454767227,0.0139309726655483,0.685019850730896,0.0
WA008,2008,5,4.8381,5.709102630615234,3.1218957901000977,2.191254138946533,1.8838313817977903,4.124673366546631,3.165219306945801
WA008,2008,6,11.8193,10.5302734375,12.39525032043457,11.538033485412598,6.244189262390137,10.729830741882324,17.23387336730957
WA008,2008,7,26.5352,24.927919387817383,20.78772354125977,19.52284240722656,12.9616117477417,16.832380294799805,35.37565612792969
WA008,2008,8,28.2716,25.07226181030273,28.02690887451172,24.66904067993164,24.236724853515625,17.178680419921875,38.6497917175293
WA008,2008,9,18.0943,13.361861228942873,12.790166854858398,12.525525093078612,14.28268814086914,11.300365447998049,19.06260108947754
WA008,2008,10,10.0455,8.476033210754395,7.555538177490234,7.712281227111816,7.886934757232666,10.211210250854492,10.937350273132324
WA008,2008,11,0.086,1.2148263454437256,1.4992228746414185,0.473400741815567,0.2018933594226837,0.655186116695404,0.0
WA008,2008,12,0.0,0.0570453181862831,0.7483872771263123,0.044061254709959,0.0022370242513716,0.064065508544445,0.0241850260645151
WA008,2009,1,0.0,0.0328927338123321,0.1603142172098159,0.0256851073354482,0.0,0.0202717687934637,0.0
WA008,2009,2,0.0,0.0166252702474594,0.0060937558300793,0.0687233433127403,0.0797737315297126,0.0402397699654102,0.0
WA008,2009,3,0.0,0.2840249538421631,0.0288813766092062,0.0332670919597148,0.0027376795187592,0.1502481251955032,0.0
WA008,2009,4,0.0,0.389255166053772,0.0057627684436738,0.125804141163826,0.0,0.3756231367588043,0.0
WA008,2009,5,3.7723,1.6379592418670654,0.5899989008903503,1.389230251312256,2.11306381225586,2.1733243465423584,3.7297325134277344
WA008,2009,6,12.1997,12.052780151367188,8.825121879577637,10.986679077148438,13.284234046936035,4.942634105682373,8.591689109802246
WA008,2009,7,26.46,17.298851013183594,10.889756202697754,17.17868995666504,11.62158203125,5.076236724853516,23.41953659057617
WA008,2009,8,9.6181,18.641342163085938,29.166406631469727,15.614129066467283,46.17765045166016,10.28281021118164,45.117374420166016
WA008,2009,9,12.082,13.131170272827148,21.001848220825195,19.87535858154297,27.29545021057129,14.13653564453125,25.81650733947754
WA008,2009,10,1.2397,9.380330085754396,7.4686689376831055,3.570395231246948,5.82124662399292,4.625459671020508,8.463520050048828
WA008,2009,11,0.7073,2.709049701690674,2.66251277923584,2.4411051273345947,1.4356234073638916,1.7596895694732666,0.0
WA008,2009,12,0.0,0.1049467623233795,0.0366045050323009,0.0492097996175289,0.0247107408940792,0.0388960428535938,0.0
WA008,2010,1,0.0,0.019529415294528,0.0194492992013692,0.0304725654423236,0.0,0.0624683052301406,0.0
WA008,2010,2,0.0,0.0431198813021183,0.0191124267876148,0.0419095456600189,0.0,0.0996238514780998,0.0
WA008,2010,3,0.0,0.1930596828460693,0.075096495449543,0.0559624433517456,0.0190137457102537,0.1711719185113906,0.0
WA008,2010,4,0.0,2.141023635864258,0.9372554421424866,2.2927470207214355,2.924134969711304,1.2249789237976074,2.793458938598633
WA008,2010,5,4.9387,7.039596557617188,4.319702625274658,5.884737491607666,0.7186632752418518,3.724453449249268,5.338339805603027
WA008,2010,6,11.777,11.874434471130373,10.326990127563477,13.38841724395752,5.363327026367188,7.828218936920166,16.216609954833984
WA008,2010,7,4.3223,23.75620651245117,15.796944618225098,13.964574813842772,26.93498420715332,7.867822647094727,39.205848693847656
WA008,2010,8,2.9119,27.10822868347168,21.70557403564453,14.444581985473633,19.97007751464844,9.687029838562012,37.70180892944336
WA008,2010,9,1.2187,13.865310668945312,22.694093704223636,10.451276779174805,13.891128540039062,8.044492721557617,25.9648494720459
WA008,2010,10,1.8006,7.732300758361816,8.917644500732422,5.309569358825684,5.713781356811523,5.93568754196167,7.872751712799072
WA008,2010,11,0.364,2.486132860183716,1.951324462890625,2.1372880935668945,1.252580165863037,1.4515693187713623,1.876950025558472
WA008,2010,12,0.0,0.1236294880509376,0.9694437384605408,1.3756630420684814,0.0,0.7233651280403137,0.0241850260645151
WA008,2011,1,0.0,0.0100727109238505,0.0058656157925724,0.0403088331222534,2.741099258685153e-08,0.0024636508896946,0.0
WA008,2011,2,0.0,0.0152129167690873,0.033102873712778,0.0641190186142921,1.3146476703695951e-05,0.0776686891913414,0.0
WA008,2011,3,0.0,0.1567892730236053,0.082868181169033,0.0609385222196579,0.0308980196714401,0.062949538230896,0.0
WA008,2011,4,0.0,2.253786325454712,0.2982877194881439,1.376887321472168,0.0,0.947629988193512,0.0
WA008,2011,5,0.0,3.716891050338745,2.687112808227539,1.7860441207885742,1.843262314796448,2.133089542388916,3.088529348373413
WA008,2011,6,11.862,11.61308479309082,12.55213737487793,13.054734230041504,5.3550519943237305,8.279277801513672,11.185367584228516
WA008,2011,7,26.5794,22.48448944091797,18.48873710632324,19.531986236572266,8.974143028259277,5.084823131561279,34.7274055480957
WA008,2011,8,27.7352,27.058185577392575,24.16482162475586,22.37346076965332,11.744598388671877,9.740819931030272,49.80849075317383
WA008,2011,9,1.1897,15.78609848022461,12.004545211791992,8.924245834350586,8.596259117126465,7.283833503723144,16.80393409729004
WA008,2011,10,0.9165,9.236226081848145,5.871516704559326,6.310446739196777,2.9894590377807617,4.563572406768799,4.645316123962402
WA008,2011,11,0.5097,1.9366896152496336,3.323585271835327,1.3777852058410645,0.1609045416116714,1.253684401512146,0.0
WA008,2011,12,0.0,0.0689751431345939,0.1487944573163986,0.0904347375035286,2.722805980681641e-08,0.1901720911264419,0.2882977426052093
WA008,2012,1,0.0,0.0090346727520227,0.086047813296318,0.0,3.194581040588673e-06,0.0086633274331688,0.0
WA008,2012,2,0.0,0.0753760412335395,0.0033659683540463,0.0904598981142044,0.0004773658292833,0.1136567592620849,0.0
WA008,2012,3,0.0,0.072919838130474,0.0394694134593009,0.0008425539708696306,0.3297509849071502,0.0501431748270988,0.0
WA008,2012,4,1.2747,1.715060830116272,0.2473580837249755,0.5775464177131653,1.044628024101257,0.9441273808479308,0.520806610584259
WA008,2012,5,2.1594,3.8079423904418954,3.8111302852630615,2.488436222076416,2.1819281578063965,3.5974910259246826,5.913407802581787
WA008,2012,6,10.0617,9.653626441955566,10.25688362121582,7.949676036834717,14.179183959960938,7.04958963394165,14.23106575012207
WA008,2012,7,29.7281,24.317176818847656,23.01309967041016,24.52028083801269,40.19844436645508,15.09165382385254,28.85407066345215
WA008,2012,8,25.8397,19.780017852783203,32.654720306396484,21.920276641845703,35.28387451171875,17.305862426757812,36.55699157714844
WA008,2012,9,18.666,13.777993202209473,17.478130340576172,9.876749992370604,15.048407554626465,11.394108772277832,26.54574584960937
WA008,2012,10,10.7323,11.345948219299316,5.7537994384765625,7.835236072540283,6.376147747039795,9.758100509643556,5.667014122009277
WA008,2012,11,2.8003,3.916921615600586,4.356980323791504,2.995477199554444,2.899136781692505,5.016339302062988,0.1499808877706527
WA008,2012,12,0.0,0.2662774622440338,0.7401544451713562,0.6161877512931824,1.4817132978350855e-06,0.4719128608703613,0.0241850260645151
WA008,2013,1,0.0032,0.0264296606183052,0.0173625629395246,0.0111568970605731,0.0019406938226893,0.0809947699308395,0.0
WA008,2013,2,0.0,0.0031524314545094,0.0045519066043198,0.028210574761033,2.520486077628448e-07,0.0506239309906959,0.0200721975415945
WA008,2013,3,0.0,0.2098060101270675,0.0806472077965736,0.0050598317757248,6.652438969467767e-06,0.1493326127529144,0.0
WA008,2013,4,0.0333,0.3520938456058502,0.0391196869313716,0.0813618674874305,0.0607998557388782,0.2269037216901779,0.8874343633651733
WA008,2013,5,7.2132,5.915090560913086,4.095895290374756,4.973249912261963,6.596331596374512,6.075662612915039,4.123196125030518
WA008,2013,6,28.7913,12.973676681518556,9.015236854553224,17.13949966430664,18.97542381286621,14.291261672973633,8.593606948852539
WA008,2013,7,19.2277,17.670032501220703,16.195505142211914,14.63893985748291,27.822790145874023,10.719741821289062,27.341371536254883
WA008,2013,8,25.8106,39.350242614746094,27.229812622070312,25.765382766723636,46.6270637512207,19.495269775390625,43.428340911865234
WA008,2013,9,17.9167,15.915990829467772,12.21157932281494,18.49847221374512,19.61016273498535,16.915802001953125,24.989421844482425
WA008,2013,10,10.9335,9.081212043762209,6.584518909454346,9.371060371398926,8.83782958984375,10.18723964691162,8.76805591583252
WA008,2013,11,2.6507,1.8791323900222776,2.290053606033325,2.614624261856079,1.9633593559265137,2.518670558929444,2.797760248184204
WA008,2013,12,0.0,0.1175638809800148,0.3682408630847931,0.0384273007512092,9.054234624272794e-07,0.6073469519615173,0.0241850260645151
WA008,2014,1,0.0,0.0195248890668153,0.1594935655593872,0.0089087672531604,0.0,0.0453851409256458,0.0
WA008,2014,2,0.0,0.0280355997383594,0.0111799985170364,0.0082475813105702,8.406806273342229e-08,0.1194435656070709,0.0
WA008,2014,3,0.0,0.093689925968647,0.0165258720517158,0.20323047041893,2.658268982713708e-08,0.0774312242865562,0.0
WA008,2014,4,1.1463,0.4818030595779419,0.0603961497545242,0.5142838954925537,0.6093693971633911,0.4230039119720459,0.0
WA008,2014,5,2.2416,5.180443286895752,2.874850034713745,1.5809693336486816,3.831183671951294,3.857015609741211,19.563722610473636
WA008,2014,6,13.333,9.823206901550291,7.576145648956299,15.079909324645996,19.16391944885254,8.691584587097168,7.210351467132568
WA008,2014,7,25.111,22.574264526367188,12.347599029541016,21.6282901763916,18.173322677612305,14.60308074951172,17.818544387817383
WA008,2014,8,26.3281,23.935163497924805,30.435321807861328,21.352500915527344,23.72838020324707,15.465920448303224,31.04512405395508
WA008,2014,9,19.5593,14.05392360687256,15.182931900024414,14.72301959991455,17.011043548583984,16.30282974243164,23.589534759521484
WA008,2014,10,9.9645,10.319609642028809,6.337611675262451,10.504071235656738,8.490257263183594,10.353680610656738,6.385168552398682
WA008,2014,11,0.0423,2.6015214920043945,4.638081073760986,1.9453338384628296,0.784927248954773,3.881664514541626,0.4810825288295746
WA008,2014,12,0.0,0.1566498130559921,0.6035962700843811,0.1540303826332092,1.4721165086939436e-07,0.2867883741855621,0.0
WA008,2015,1,0.0,0.0105166500434279,0.0094874370843172,0.0107797514647245,0.0,0.0420604385435581,0.0
WA008,2015,2,0.0,0.0683809667825698,0.1342336386442184,0.025967501103878,0.0,0.2218050509691238,0.0
WA008,2015,3,0.0,0.2167063504457473,0.0424926914274692,0.0115334941074252,0.0,0.1603294014930725,0.0
WA008,2015,4,1.7717,0.2763413786888122,0.2122023701667785,0.7296574711799622,0.0635032132267952,0.2966989278793335,0.5458329916000366
WA008,2015,5,5.8352,4.338770866394043,2.3962278366088867,2.8342506885528564,6.553069591522217,2.4921157360076904,1.556335210800171
WA008,2015,6,14.21,8.716338157653809,7.302868366241455,13.70469856262207,15.858333587646484,11.116024017333984,8.033258438110352
WA008,2015,7,28.2294,22.33102798461914,18.75716209411621,24.80813407897949,46.42002487182617,11.63349723815918,25.02652931213379
WA008,2015,8,18.9477,24.54863739013672,26.77284049987793,22.179967880249023,32.494930267333984,15.943211555480955,61.46750259399414
WA008,2015,9,13.295,16.616161346435547,24.23529815673828,15.470141410827637,22.42623710632324,10.03408908843994,13.7666597366333
WA008,2015,10,14.8484,8.262056350708008,7.9780426025390625,8.930913925170898,8.31174087524414,9.351762771606444,17.705705642700195
WA008,2015,11,1.3757,1.612210750579834,2.599165439605713,2.6320135593414307,0.9889382719993592,1.8692939281463623,0.0
WA008,2015,12,0.0,0.2131934314966201,0.0381239503622055,0.067851185798645,9.404647585142812e-07,0.3357607424259186,0.0
WA008,2016,1,0.0719,0.0369148701429367,0.1591387242078781,0.5099440813064575,0.0157785546034574,0.1376688778400421,0.0
WA008,2016,2,0.0,0.0771104767918586,0.0062195612117648,0.0709649845957756,0.0,0.1289766579866409,0.0258491747081279
WA008,2016,3,0.0,0.2552021741867065,0.007093399297446,0.0008425539708696306,4.485124271980112e-09,0.1462309956550598,0.0947529152035713
WA008,2016,4,1.397,1.3280872106552124,0.2334395200014114,1.1030070781707764,0.5547680258750916,1.1965655088424685,0.7728739380836487
WA008,2016,5,2.8729,3.293649196624756,1.144313931465149,3.973116159439087,2.708458662033081,2.1729578971862797,5.822551727294922
WA008,2016,6,18.0853,14.643037796020508,7.622612476348877,13.765108108520508,36.52703857421875,16.591720581054688,10.39761734008789
WA008,2016,7,34.6455,27.466407775878903,31.44961166381836,27.213388442993164,68.00159454345703,17.927410125732422,34.01417541503906
WA008,2016,8,21.5284,25.905925750732425,29.516000747680664,24.05699920654297,30.43380546569824,18.52433204650879,35.44985580444336
WA008,2016,9,19.864,23.46140480041504,24.667558670043945,21.228126525878903,32.12059783935547,16.094209671020508,21.252063751220703
WA008,2016,10,5.1035,8.82649040222168,6.391178131103516,5.496809959411621,6.594822406768799,5.456051349639893,8.939311981201172
WA008,2016,11,1.8047,1.597354531288147,2.762397289276123,1.3949122428894043,1.6088931560516355,1.27116596698761,2.0290563106536865
WA008,2016,12,0.0,0.0947549790143966,0.3982396721839905,0.0301813688129186,1.190807552120532e-06,0.1284066289663314,0.2358631342649459
WA008,2017,1,0.0,0.0233415849506855,0.0236141439527273,0.0028117015026509,0.0,0.0361206009984016,0.0
WA008,2017,2,0.0,0.0244629625231027,0.0282258093357086,0.0064654080197215,0.0,0.0562669336795806,0.0267723593860864
WA008,2017,3,0.0,0.8191252946853638,0.0737732127308845,0.3095471262931824,0.0396602749824523,0.1111389324069023,0.0947529152035713
WA008,2017,4,1.2807,1.437265396118164,0.1964980065822601,1.4228898286819458,0.2933916747570038,0.7863579988479614,0.7416292428970337
WA008,2017,5,4.5084,5.465539455413818,5.747284889221191,5.159906387329102,5.147228240966797,3.814610719680786,4.943462371826172
WA008,2017,6,25.9343,11.086053848266602,13.310327529907228,20.413795471191406,13.462361335754396,0.0983098894357681,13.270821571350098
WA008,2017,7,34.1936,27.53072929382324,26.87936210632324,24.874711990356445,34.53997039794922,0.1948551386594772,35.07883071899414
WA008,2017,8,31.0935,33.51384353637695,20.01258659362793,22.50545310974121,49.940895080566406,20.358976364135746,36.93379211425781
WA008,2017,9,15.487,16.925457000732422,22.0157470703125,15.192940711975098,11.91777801513672,15.888916969299316,18.21847915649414
WA008,2017,10,3.7145,8.017550468444824,4.226597785949707,4.279134273529053,3.2778003215789795,7.484138488769531,9.066319465637209
WA008,2017,11,3.0547,2.475564479827881,2.8140459060668945,3.4608850479125977,4.631119251251221,2.49201774597168,2.472816705703736
WA008,2017,12,0.0,0.0364663004875183,0.1047103255987167,0.0155566409230232,7.505976213906251e-07,0.054380863904953,0.3064345717430115
WA008,2018,1,0.0,0.0110641252249479,0.0095574976876378,0.0223033465445041,0.0,0.0446406304836273,0.0
WA008,2018,2,0.26,0.0968490168452262,0.0286453552544116,0.1742172837257385,0.0694261640310287,0.3006502985954284,0.0267723593860864
WA008,2018,3,0.0,0.1481860876083374,0.061166375875473,0.0413382686674594,0.049320638179779,0.1029601916670799,0.1270109713077545
WA008,2018,4,0.0,0.5481272339820862,0.0611067377030849,0.1117368191480636,6.789575854782015e-05,0.4521883726119995,0.7416292428970337
WA008,2018,5,0.7303,1.1113996505737305,0.9387266635894777,0.2961322963237762,0.3350445628166199,0.8827278017997742,3.229626178741455
WA008,2018,6,12.2537,8.518586158752441,11.069964408874512,11.325438499450684,10.294363975524902,9.43127155303955,13.495750427246094
WA008,2018,7,6.6468,18.987716674804688,35.901710510253906,12.827625274658203,24.557695388793945,6.091395378112793,32.044246673583984
WA008,2018,8,16.4119,23.037338256835938,30.813289642333984,14.791284561157228,43.34375,12.904050827026367,35.06055450439453
WA008,2018,9,15.5843,14.934263229370115,15.610371589660645,16.406816482543945,28.15730857849121,15.328200340270996,22.06874656677246
WA008,2018,10,6.571,7.945783615112305,7.135840892791748,6.038349628448486,7.657252311706543,7.794636726379394,10.276152610778809
WA008,2018,11,4.228,3.3439626693725586,3.679498672485352,1.7063018083572388,3.2129721641540527,2.1663973331451416,2.093634366989136
WA008,2018,12,0.0,0.0409491322934627,0.0967830270528793,0.0295241419225931,0.0040444056503474,0.1681489050388336,0.2358631342649459
WA008,2019,1,0.0,0.0381977036595344,0.0032571302726864,0.0836984738707542,0.0,0.0260068345814943,0.0
WA008,2019,2,0.0,0.0115913832560181,0.0024528347421437,0.0336432568728923,0.0,0.1010134071111679,0.0
WA008,2019,3,0.0,0.1074751242995262,0.0141196306794881,0.0446230806410312,0.0,0.1591966897249221,0.0121070593595504
WA008,2019,4,1.0183,0.5012451410293579,0.4120227992534637,0.4095200598239898,0.1673738062381744,0.6433516144752502,1.9874753952026367
WA008,2019,5,4.6435,2.5586297512054443,1.557457447052002,4.26171350479126,0.1736348420381546,3.707314729690552,2.189404249191284
WA008,2019,6,4.0633,9.607159614562988,6.582441329956055,7.019659996032715,6.768169403076172,7.227197170257568,7.097810745239258
WA008,2019,7,24.5061,28.00160789489746,36.69893646240234,29.55391311645508,54.29954147338867,18.9011173248291,59.62757873535156
WA008,2019,8,33.9968,26.293716430664062,32.350555419921875,39.11822891235352,52.5894775390625,20.84758186340332,49.445762634277344
WA008,2019,9,15.9617,15.033109664916992,15.83022403717041,11.630415916442873,14.92058563232422,10.942821502685549,18.639663696289062
WA008,2019,10,7.5874,8.161639213562012,6.389770984649658,8.464149475097656,10.04450511932373,10.778983116149902,8.907036781311035
WA008,2019,11,3.999,3.856347560882568,3.0855424404144287,4.961004257202148,3.5260958671569824,4.27781867980957,2.0582804679870605
WA008,2019,12,0.0,0.0042733745649456,0.0961993709206581,0.1029072925448417,5.53069003217388e-06,0.1026088446378707,0.0322580635547637
WA008,2020,1,0.0,0.0235198885202407,0.0055672517046332,0.0566216297447681,0.0224292986094951,0.0956922844052314,0.0
WA008,2020,2,0.0,0.0014053687918931,0.010551119223237,0.0224985741078853,0.0,0.056547038257122,0.0
WA008,2020,3,0.0,0.2874182462692261,0.1159577369689941,0.0081516131758689,0.0332910604774951,0.2453665137290954,0.1491747200489044
WA008,2020,4,0.2693,4.43475341796875,1.3656073808670044,1.6916111707687378,1.44741952419281,1.8216609954833984,3.1851909160614014
WA008,2020,5,4.8419,5.126696586608887,2.5409634113311768,5.516891479492188,12.533631324768066,4.634482383728027,2.9675545692443848
WA008,2020,6,4.657,8.173072814941406,10.533259391784668,4.620893955230713,5.890190601348877,5.542237281799316,10.16866683959961
WA008,2020,7,22.2606,21.64472961425781,42.61502456665039,25.009899139404297,34.266361236572266,15.609874725341797,70.46602630615234
WA008,2020,8,12.5845,24.523799896240234,25.930402755737305,13.011567115783691,24.00383758544922,9.969130516052246,40.64527893066406
WA008,2020,9,13.809,17.00843620300293,17.00877571105957,13.128244400024414,11.757346153259276,15.88313102722168,21.293214797973636
WA008,2020,10,7.3161,7.103610515594482,8.68117618560791,8.87403392791748,8.76341724395752,13.06867790222168,10.553668022155762
WA008,2020,11,0.0563,1.7751357555389404,1.9693790674209597,2.189832925796509,0.1054863110184669,2.4949238300323486,1.672840237617493
WA008,2020,12,0.0,0.0446099825203418,0.6204922795295715,0.0264373011887073,2.736416035986622e-07,0.078663170337677,0.1532172858715057
WA009,2001,1,0.0,0.079356238245964,0.1255364269018173,0.0565188117325305,8.277774759335443e-05,0.0828798338770866,0.217730313539505
WA009,2001,2,0.0,0.1676545441150665,0.0069827563129365,0.1106856763362884,1.3042724276601804e-05,0.1984452009201049,0.0982224941253662
WA009,2001,3,0.0,0.4685505926609039,0.7405477166175842,0.1610269844532013,0.0145839909091591,0.2689224481582641,1.78607439994812
WA009,2001,4,0.0,1.5780354738235474,1.229630708694458,0.6639186143875122,0.4320688247680664,1.2444939613342283,2.8477725982666016
WA009,2001,5,1.2445,3.7504491806030273,6.634484767913818,6.696633815765381,1.4598034620285034,6.743523597717285,7.695484161376953
WA009,2001,6,16.1513,11.591163635253906,21.854780197143555,14.509098052978516,6.358965873718262,13.87156867980957,13.212496757507324
WA009,2001,7,16.3626,18.819862365722656,22.496915817260746,17.96057891845703,9.211345672607422,15.977457046508787,24.512863159179688
WA009,2001,8,34.8758,19.783769607543945,19.578277587890625,19.64694595336914,14.520794868469238,18.285099029541016,25.111507415771484
WA009,2001,9,20.1967,15.438992500305176,17.99848747253418,16.139707565307617,7.933037757873535,17.008460998535156,14.925477027893066
WA009,2001,10,8.2377,12.1456937789917,7.390665531158447,9.936152458190918,1.982011675834656,11.143630981445312,7.943604469299316
WA009,2001,11,0.21,6.484705924987793,5.06819486618042,8.82138729095459,1.0756709575653076,5.952380657196045,4.218632221221924
WA009,2001,12,0.0,0.572481632232666,1.2445871829986572,0.3192689418792724,0.0008008399163372,0.1924156844615936,0.6007959246635437
WA009,2002,1,0.0,0.131786897778511,1.0704114437103271,0.5494327545166016,0.3133320212364197,0.6564199924468994,0.76002037525177
WA009,2002,2,0.0,0.0881727114319801,0.514179527759552,0.112960897386074,0.0006288318545557,0.1410978883504867,0.5535210967063904
WA009,2002,3,0.0,0.5718858242034912,0.8845681548118591,0.9289251565933228,0.013091767206788,0.5334683656692505,0.8708693385124207
WA009,2002,4,0.0,0.8463025093078613,0.070965975522995,0.5003533363342285,0.0313550569117069,0.5753219723701477,1.0479332208633425
WA009,2002,5,0.4313,3.082882165908813,4.618786334991455,3.4799933433532715,0.2960500717163086,2.8842246532440186,4.290424346923828
WA009,2002,6,17.1913,8.527029037475586,20.444822311401367,11.527999877929688,7.9645562171936035,13.476698875427246,10.899737358093262
WA009,2002,7,7.8842,21.501054763793945,21.61963653564453,14.68484592437744,3.977739572525024,15.093844413757324,24.35165405273437
WA009,2002,8,30.0103,27.352352142333984,19.530494689941406,17.88070297241211,11.4766206741333,20.78034782409668,20.542591094970703
WA009,2002,9,14.3067,9.188282012939451,13.932793617248535,16.199695587158203,3.724226474761963,17.58217430114746,13.056806564331056
WA009,2002,10,8.4294,5.457615852355957,7.571053504943848,12.905847549438477,1.8776819705963133,12.92747402191162,10.43329620361328
WA009,2002,11,0.6003,2.8849050998687744,4.0307793617248535,4.108211517333984,0.4920002222061157,3.24267578125,2.910457134246826
WA009,2002,12,0.0,0.3982690274715423,0.3593309223651886,0.3456945419311523,0.0004668934852816,0.2617731690406799,0.7258190512657166
WA009,2003,1,0.0,0.084138385951519,0.0911716595292091,0.1520474404096603,0.0064308568835258,0.1556214392185211,0.0705560520291328
WA009,2003,2,0.0,0.0330604277551174,0.0268308985978364,0.106096513569355,0.0010280044516548,0.1552787125110626,1.3436012268066406
WA009,2003,3,0.0,0.206214889883995,0.2823363244533539,0.1989167332649231,0.0001730954681988,0.1429873704910278,0.7277400493621826
WA009,2003,4,1.012,1.5085519552230835,0.7880958318710327,1.549836039543152,0.1173217445611953,1.6841894388198853,3.429473161697388
WA009,2003,5,4.3032,5.155190467834473,9.211915016174316,4.584466457366943,1.0209236145019531,5.200577259063721,7.921147346496582
WA009,2003,6,18.048,9.489831924438477,16.756175994873047,17.016521453857422,5.165287017822266,16.500696182250977,12.96042823791504
WA009,2003,7,23.6652,22.88999366760254,29.69671440124512,18.423324584960938,7.165955066680908,16.998470306396484,8.367114067077637
WA009,2003,8,26.1468,16.747652053833008,26.405027389526367,17.846071243286133,14.315539360046388,17.488554000854492,27.018617630004883
WA009,2003,9,16.5287,15.997180938720703,14.294232368469238,15.813413619995115,4.953348636627197,17.428842544555664,17.697967529296875
WA009,2003,10,7.9758,5.165067195892334,8.435100555419922,8.151601791381836,1.0496578216552734,10.025999069213867,8.897157669067383
WA009,2003,11,4.1473,4.217398166656494,5.759945392608643,6.055474281311035,2.428194046020508,7.579320907592773,8.744704246520996
WA009,2003,12,0.0,0.3947997093200683,1.453136920928955,0.3153965771198272,0.0076042399741709,0.2868838906288147,0.40728560090065
WA009,2004,1,0.0,0.0774182379245758,0.1186057552695274,0.1052303910255432,0.000136071073939,0.132191777229309,0.1471742540597915
WA009,2004,2,0.0238,0.1417327374219894,0.2513250112533569,0.1013223007321357,0.0295880511403083,0.1826606839895248,0.3296938836574554
WA009,2004,3,0.0,0.3970093727111816,1.2229323387145996,0.1755793541669845,0.0075064306147396,0.3058998584747314,3.376938819885254
WA009,2004,4,0.913,2.028493404388428,2.356107473373413,1.7594232559204102,0.4014060497283935,1.6608352661132812,4.54338264465332
WA009,2004,5,1.9358,2.4534192085266118,8.482332229614258,4.569155693054199,1.3143517971038818,5.414456844329834,8.765884399414062
WA009,2004,6,12.0407,9.158343315124512,10.970478057861328,10.471975326538086,5.723124504089356,12.051102638244627,12.05008316040039
WA009,2004,7,22.6019,19.852296829223636,21.598217010498047,17.269214630126953,9.985812187194824,15.899147987365724,21.911903381347656
WA009,2004,8,8.2326,22.556827545166016,23.71598243713379,12.80929183959961,19.59557342529297,12.11396312713623,25.458175659179688
WA009,2004,9,14.3733,14.385132789611816,11.458470344543455,8.167277336120605,5.530145168304443,12.919424057006836,8.574960708618164
WA009,2004,10,6.9013,5.956432342529297,6.1413397789001465,6.783149242401123,2.6325039863586426,8.722158432006836,6.052359104156494
WA009,2004,11,3.9357,3.700297355651856,4.1041789054870605,2.427286148071289,4.258321762084961,3.105384826660156,6.129457950592041
WA009,2004,12,0.0,0.5119165778160095,3.654384136199951,0.8107133507728577,0.0039093350060284,0.4739263951778412,1.7134917974472046
WA009,2005,1,0.0,0.0977715626358985,0.1576769351959228,0.0970725417137146,0.0049282205291092,0.150943711400032,0.249969333410263
WA009,2005,2,0.0,0.2508783638477325,1.4616742134094238,0.2474887520074844,0.3044285476207733,0.4782490730285644,1.241000056266785
WA009,2005,3,0.5484,1.0389857292175293,0.9943573474884032,0.9290289878845216,0.6434290409088135,0.9185694456100464,2.661167860031128
WA009,2005,4,0.0,3.032958745956421,2.2616961002349854,1.3212088346481323,0.0201757159084081,2.4303295612335205,7.485409259796143
WA009,2005,5,1.9632,4.526918411254883,8.241850852966309,5.136449337005615,2.48020076751709,5.382963180541992,5.7378249168396
WA009,2005,6,11.752,6.767566680908203,18.788715362548828,12.413172721862791,11.218827247619627,8.196871757507324,0.7438047528266907
WA009,2005,7,2.9135,16.431928634643555,20.81321144104004,8.101243019104004,14.645252227783203,6.380940914154053,20.674673080444336
WA009,2005,8,10.7252,17.087535858154297,20.571929931640625,13.553300857543944,20.149375915527344,10.418944358825684,25.21648979187012
WA009,2005,9,11.1753,13.184593200683594,12.459979057312012,14.554234504699709,10.741094589233398,12.2157564163208,18.285903930664062
WA009,2005,10,9.7281,17.72406768798828,5.970365524291992,8.785381317138672,9.09748077392578,10.346707344055176,8.293752670288086
WA009,2005,11,5.665,2.134880304336548,4.529232978820801,3.786321640014648,0.5900669693946838,3.645188570022583,3.266571521759033
WA009,2005,12,0.4619,0.8590700626373291,2.652946710586548,0.7059082388877869,1.959351181983948,0.6617374420166016,1.3426446914672852
WA009,2006,1,0.0,0.1145827919244766,0.959079384803772,0.6372405290603638,0.0507995262742042,0.3888861536979675,0.6612290143966675
WA009,2006,2,0.0,0.1026056483387947,0.574215292930603,0.0953201875090599,0.1976784765720367,0.2420141547918319,0.4575108289718628
WA009,2006,3,0.0,0.3893983960151672,0.751649796962738,0.3089826703071594,0.0405496396124362,0.3945681750774383,0.3971107304096222
WA009,2006,4,0.6127,1.7631735801696775,3.511007785797119,3.909590244293213,0.7977532744407654,3.80535626411438,1.4039316177368164
WA009,2006,5,2.3561,4.190033435821533,5.545445919036865,4.459863662719727,3.0273549556732178,4.383097171783447,6.637064933776856
WA009,2006,6,6.167,10.75844955444336,13.07392406463623,9.969985008239746,3.745942354202272,10.902040481567385,12.112606048583984
WA009,2006,7,10.1761,21.4111328125,18.055747985839844,11.902947425842283,10.458782196044922,11.89907932281494,20.035127639770508
WA009,2006,8,49.3274,37.02579879760742,27.83096694946289,24.17407989501953,15.178579330444336,23.08475112915039,26.859289169311523
WA009,2006,9,14.9953,13.091386795043944,9.645784378051758,13.610926628112791,7.756397724151611,14.245113372802734,14.12962245941162
WA009,2006,10,10.0861,13.825593948364258,7.423094749450684,9.793475151062012,3.683913469314575,13.640504837036133,8.618947982788086
WA009,2006,11,2.7983,2.796321392059326,1.9534615278244016,3.1630451679229736,0.2132644057273864,3.026336908340454,3.1391470432281494
WA009,2006,12,0.0,0.172909989953041,0.3735755085945129,0.2378918826580047,0.0029743728227913,0.2062785029411316,0.3669704496860504
WA009,2007,1,0.0,0.0111255440860986,0.0121449446305632,0.0302778147161006,0.0035444090608507,0.0202570296823978,0.217730313539505
WA009,2007,2,0.4932,0.2611243426799774,0.8260416984558105,1.0564106702804563,0.2794970273971557,0.5080360174179077,0.9351131916046144
WA009,2007,3,0.0,0.5706714391708374,0.9711874127388,0.0644845962524414,0.0429435148835182,0.4540121853351593,1.5987342596054075
WA009,2007,4,0.0,2.1148757934570312,0.9036970138549804,0.6521281003952026,0.0251820515841245,1.3658227920532229,1.3852077722549438
WA009,2007,5,3.2426,2.725851535797119,5.2803449630737305,2.623547077178955,3.234236240386963,2.7112491130828857,5.471716403961182
WA009,2007,6,5.8227,10.71603298187256,16.862638473510742,12.278322219848633,4.084794044494629,13.6323881149292,1.231288194656372
WA009,2007,7,7.0874,19.986669540405277,27.799909591674805,12.60606861114502,10.721914291381836,11.166110038757324,21.40913772583008
WA009,2007,8,25.8903,26.50457191467285,28.44937896728516,17.96644401550293,13.234460830688477,15.304476737976074,56.4447021484375
WA009,2007,9,11.862,15.202783584594728,13.92162036895752,11.1370267868042,4.603633403778076,12.776691436767578,14.650126457214355
WA009,2007,10,6.0226,9.98056697845459,6.551323413848877,5.396935939788818,1.6048448085784912,7.012942790985107,6.181353092193604
WA009,2007,11,1.171,5.214993000030518,3.299260139465332,2.478567123413086,0.0251740589737892,3.0826237201690674,4.553981781005859
WA009,2007,12,0.0,0.934997022151947,1.7202788591384888,1.293037176132202,0.0404615961015224,0.6488229632377625,0.7459423542022705
WA009,2008,1,0.0,0.0877300351858139,0.1445911675691604,0.0678678154945373,0.0004946773406118,0.0770461857318878,0.1209751516580581
WA009,2008,2,0.0,0.2446112185716629,1.545227289199829,0.5149573087692261,0.000658152392134,0.534103274345398,1.7733889818191528
WA009,2008,3,0.0,0.5642064809799194,1.208356857299805,0.267109602689743,0.1072879433631897,0.9403988718986512,0.4031506776809692
WA009,2008,4,0.001,1.4055678844451904,1.694354772567749,1.0801135301589966,0.0381303541362285,1.0612282752990725,1.3852077722549438
WA009,2008,5,5.7523,7.211009502410889,7.800832748413086,5.890151977539063,3.3946757316589355,6.063887596130371,5.870704174041748
WA009,2008,6,11.257,11.447710037231444,12.213582992553713,10.455656051635742,5.029792785644531,11.221514701843262,11.116469383239746
WA009,2008,7,23.1216,24.2381534576416,26.80122184753418,20.863605499267575,10.332584381103516,19.05028915405273,23.48441696166992
WA009,2008,8,26.5123,24.60764503479004,17.654802322387695,18.2634334564209,16.354650497436523,17.668527603149414,23.760459899902344
WA009,2008,9,17.717,16.64130401611328,12.392504692077637,14.715164184570312,14.080329895019531,14.44102382659912,15.831028938293455
WA009,2008,10,9.6997,9.422889709472656,8.444750785827637,8.294139862060547,8.496808052062988,10.69479274749756,10.199691772460938
WA009,2008,11,0.2887,2.538466691970825,2.098947286605835,1.7454876899719238,0.0023694008123129,1.7511829137802124,3.1391470432281494
WA009,2008,12,0.0,0.4040993452072143,2.4136765003204346,0.6020469069480896,0.0040909806266427,0.2795977294445038,1.1007133722305298
WA009,2009,1,0.0,0.1412128359079361,0.5043581128120422,0.0765172019600868,0.001552740111947,0.141910895705223,0.225787416100502
WA009,2009,2,0.0,0.0768292322754859,0.0307382084429264,0.1273798942565918,0.3198746144771576,0.1061880066990852,0.2968340218067169
WA009,2009,3,0.0,0.4284625649452209,0.1572611182928085,0.2175963968038559,0.013802932575345,0.198156401515007,0.3910708129405975
WA009,2009,4,0.0,0.7030372023582458,0.0827711373567581,0.3777324557304382,0.0260740537196397,0.6573765873908997,1.372725248336792
WA009,2009,5,4.8242,1.7045193910598757,1.5311435461044312,1.8460367918014529,2.6281418800354004,2.23523473739624,6.667327880859375
WA009,2009,6,12.2093,13.901788711547852,13.122932434082031,12.202412605285645,13.851146697998049,5.597189903259277,10.247456550598145
WA009,2009,7,23.4587,15.283905982971191,11.988893508911133,16.72531509399414,6.481451988220215,5.848334789276123,20.471420288085938
WA009,2009,8,5.5597,19.89557266235352,25.84239959716797,15.817289352416992,36.84882736206055,10.011691093444824,25.98881721496582
WA009,2009,9,11.0707,13.327520370483398,12.506143569946287,12.230657577514648,23.581144332885746,12.564168930053713,18.688077926635746
WA009,2009,10,0.4829,11.281155586242676,12.567741394042969,4.394948482513428,3.891190767288208,5.483602046966553,9.43752098083496
WA009,2009,11,1.634,4.251166343688965,4.616888046264648,2.952166557312012,1.1037095785140991,2.602604866027832,3.151629447937012
WA009,2009,12,0.0,0.248224526643753,0.6397672891616821,0.2697551846504211,0.3120821714401245,0.111544482409954,0.8143680691719055
WA009,2010,1,0.0,0.0712952986359596,0.3074297904968261,0.1696383655071258,0.0003542291524354,0.0916000381112098,0.1955274939537048
WA009,2010,2,0.0,0.1709371656179428,0.1260139346122741,0.1837431937456131,0.027452565729618,0.3043852150440216,0.2298509925603866
WA009,2010,3,0.0,0.706082284450531,1.5320338010787964,0.5740258693695068,0.064084768295288,0.7556893229484558,0.1189008727669715
WA009,2010,4,0.0,2.3739254474639893,2.9846673011779785,2.255322217941284,3.5522310733795166,2.052253484725952,4.194248199462891
WA009,2010,5,6.0071,7.546709060668945,8.41968822479248,9.03406810760498,0.1155071556568145,4.655289649963379,8.167716026306152
WA009,2010,6,11.4737,13.166382789611816,15.887441635131836,14.85686492919922,3.537105083465576,8.818860054016113,11.69790744781494
WA009,2010,7,0.0,20.064027786254883,15.82856559753418,9.084146499633787,24.06254768371582,7.330828666687012,23.74249839782715
WA009,2010,8,0.0,24.351953506469727,20.558603286743164,11.172840118408203,16.421955108642578,9.49989891052246,22.08089828491211
WA009,2010,9,0.0,13.53630256652832,18.82276725769043,9.035807609558104,10.184581756591797,7.604392051696777,18.842334747314453
WA009,2010,10,0.9939,9.338424682617188,10.258070945739746,5.106429100036621,3.4609925746917725,6.383143901824951,9.48563289642334
WA009,2010,11,1.121,3.4083669185638428,4.069912433624268,1.7187187671661377,0.0383646413683891,1.940178155899048,4.281074047088623
WA009,2010,12,0.0,0.327855110168457,1.9012147188186648,1.010388731956482,0.051969401538372,1.4344325065612793,1.2055256366729736
WA009,2011,1,0.0,0.0353484973311424,0.0523791387677192,0.0554065890610218,0.0006052444805391,0.0199228730052709,0.249969333410263
WA009,2011,2,0.0,0.0858700424432754,0.2521339058876037,0.1807092428207397,0.0173109266906976,0.1090883463621139,0.2231639325618744
WA009,2011,3,0.0,0.6363481879234314,0.7031899690628052,0.2355086356401443,0.051483929157257,0.4965979158878326,0.439434677362442
WA009,2011,4,0.0,2.258225440979004,1.011693000793457,0.7769927978515625,0.0283360481262207,1.071726679801941,1.3852077722549438
WA009,2011,5,0.0,5.161582946777344,7.271890163421631,4.8726887702941895,2.3762385845184326,3.979668855667114,5.235479354858398
WA009,2011,6,11.6993,14.32388687133789,10.546429634094238,14.599087715148926,3.510265588760376,10.748883247375488,11.366578102111816
WA009,2011,7,23.5877,19.864919662475582,11.882275581359863,14.749464988708496,4.00927209854126,5.192178249359131,25.771514892578125
WA009,2011,8,25.8142,22.93817138671875,25.41706275939941,17.466794967651367,6.229193687438965,8.93843936920166,28.483739852905277
WA009,2011,9,0.0,17.02079963684082,13.20250129699707,6.95235538482666,5.357897758483887,8.742162704467773,17.016733169555664
WA009,2011,10,0.2332,12.361324310302734,9.216300010681152,6.642290592193604,1.7140220403671265,6.797175407409668,8.082161903381348
WA009,2011,11,1.4297,4.140518665313721,5.124434947967529,2.333975076675415,0.1390306502580642,2.700864315032959,3.145388126373291
WA009,2011,12,0.0,0.4031316041946411,0.6708863377571106,1.192660570144653,0.0048327455297112,0.5822932124137878,0.4314675331115722
WA009,2012,1,0.0,0.0300910230726003,0.8235395550727844,0.0482719168066978,0.0002054584329016,0.049354400485754,0.336658626794815
WA009,2012,2,0.0,0.2026134729385376,0.0191075708717107,0.2881307303905487,0.014811866916716,0.2245826721191406,0.1982634514570236
WA009,2012,3,0.0,0.2427644431591034,0.2019852548837661,0.1185662448406219,0.0706801488995552,0.0965354144573211,0.3910708129405975
WA009,2012,4,2.1513,1.9301426410675049,0.5943619012832642,0.8238803744316101,1.5208953619003296,1.6805894374847412,1.3603544235229492
WA009,2012,5,2.8052,4.6906609535217285,5.67050838470459,4.997069358825684,2.4736831188201904,6.002687931060791,6.25386381149292
WA009,2012,6,9.243,11.44400405883789,13.506185531616213,12.330851554870604,13.914012908935549,9.65661334991455,11.27484130859375
WA009,2012,7,25.4026,21.25640296936035,28.498321533203125,19.90544319152832,33.51909255981445,13.85904026031494,23.688138961791992
WA009,2012,8,22.2284,16.078855514526367,35.10118865966797,17.383342742919922,29.285364151000977,14.329421043395996,24.688232421875
WA009,2012,9,17.429,14.564279556274414,12.674596786499023,14.97661304473877,12.888495445251465,11.523982048034668,18.031681060791016
WA009,2012,10,10.2603,12.585558891296388,8.124655723571777,7.932504653930664,6.221584796905518,11.101770401000977,8.447583198547363
WA009,2012,11,3.843,5.809553623199463,4.949576377868652,4.112508773803711,3.35278582572937,6.178085803985596,6.055865287780762
WA009,2012,12,0.0,0.7059870958328247,1.054594874382019,3.327479362487793,0.0353350490331649,1.128150224685669,0.7983406186103821
WA009,2013,1,0.07,0.100556656718254,0.0218801815062761,0.0628065839409828,7.443564390996471e-05,0.1926940381526947,0.0645161271095275
WA009,2013,2,0.0,0.0777972117066383,0.1373875141143798,0.132343903183937,0.005548037122935,0.104182943701744,0.1562312692403793
WA009,2013,3,0.0,0.4825899600982666,0.6722911596298218,0.2636202573776245,0.0541864447295665,0.3576187491416931,0.3971107304096222
WA009,2013,4,0.1333,0.7486246824264526,0.3150832653045654,1.0953973531723022,0.1579181551933288,0.70047527551651,2.143744707107544
WA009,2013,5,8.5232,7.736162662506103,6.601949691772461,9.215486526489258,13.183830261230469,8.252472877502441,5.247559547424316
WA009,2013,6,30.4283,15.009434700012209,10.36512279510498,20.48475456237793,20.76561164855957,16.182710647583008,11.276968955993652
WA009,2013,7,13.4339,16.53965950012207,16.841772079467773,14.511489868164062,24.437959671020508,11.048384666442873,21.55847930908203
WA009,2013,8,23.4736,31.227970123291016,32.12776565551758,20.543291091918945,38.60504150390625,15.892979621887209,21.91011428833008
WA009,2013,9,16.666,15.879542350769045,19.523250579833984,17.306360244750977,20.16497611999512,17.083656311035156,19.244569778442383
WA009,2013,10,10.1681,10.668729782104492,8.862910270690918,10.370438575744627,6.557603359222412,10.036806106567385,8.780132293701172
WA009,2013,11,3.6007,2.7590079307556152,4.144991397857666,4.171170711517334,2.264800786972046,3.7628581523895264,5.270773887634277
WA009,2013,12,0.0,0.4252361059188843,0.930490493774414,1.1050927639007568,0.0087478132918477,1.4238121509552002,1.1793265342712402
WA009,2014,1,0.0,0.034309022128582,1.102341890335083,0.0626276284456253,0.0019592372700572,0.107751578092575,0.4011557102203369
WA009,2014,2,0.0,0.0457398518919944,0.1354537159204483,0.080232486128807,0.0126749696210026,0.1532011330127716,0.2544326782226562
WA009,2014,3,0.0,0.2363923639059066,0.2348721772432327,0.4487309157848358,0.0112903444096446,0.1825763136148452,0.3850308954715729
WA009,2014,4,1.729,1.0125441551208496,0.4681467115879059,0.7173051834106445,1.8999059200286863,1.2673431634902954,1.3789665699005127
WA009,2014,5,2.8,6.199295520782471,8.267088890075684,5.0135498046875,3.6822686195373535,5.869083404541016,10.275727272033691
WA009,2014,6,13.5077,11.614506721496582,10.638638496398926,16.13191795349121,14.98936367034912,10.000860214233398,10.618370056152344
WA009,2014,7,21.3406,25.807695388793945,21.19428062438965,29.10570335388184,16.554311752319336,17.637535095214844,20.537960052490234
WA009,2014,8,23.2494,24.345701217651367,31.05970001220703,17.445829391479492,20.199594497680664,16.532995223999023,22.717870712280277
WA009,2014,9,21.2767,13.442766189575195,13.87005615234375,16.347856521606445,14.775896072387695,15.754605293273926,17.71493911743164
WA009,2014,10,6.8745,11.19224739074707,8.720417022705078,9.878776550292969,8.326692581176758,10.814661979675291,7.842179775238037
WA009,2014,11,0.0347,5.351070880889893,4.980214595794678,5.991153717041016,0.8463709950447083,7.108947277069092,4.995619297027588
WA009,2014,12,0.0,0.3773556351661682,1.047037959098816,0.3957079946994781,0.0210634320974349,0.5946319103240967,0.8143680691719055
WA009,2015,1,0.0,0.0660281702876091,0.4517408907413482,0.0920469686388969,0.0001880507625173,0.0850029662251472,0.1955274939537048
WA009,2015,2,0.0,0.1884002387523651,0.8525647521018982,0.915127456188202,0.0211238451302051,0.5455929636955261,0.4999121427536011
WA009,2015,3,0.0029,0.3464450240135193,0.1414227932691574,0.1164095029234886,0.0050617367960512,0.3567239940166473,0.3850308954715729
WA009,2015,4,2.5297,0.7602953314781189,1.1011916399002075,1.7031621932983398,0.132169097661972,1.1010485887527466,1.3789665699005127
WA009,2015,5,7.2932,5.289249897003174,5.852834224700928,5.594607830047607,15.547340393066406,3.8699796199798575,5.755758285522461
WA009,2015,6,13.8967,9.645197868347168,11.517849922180176,12.125914573669434,25.04131507873535,12.324108123779297,10.703875541687012
WA009,2015,7,21.6239,21.39167022705078,15.972161293029783,15.135046005249023,22.324689865112305,11.925414085388184,21.158845901489254
WA009,2015,8,14.5348,22.987289428710938,26.529590606689453,21.282516479492188,27.447696685791016,15.303089141845703,29.94786071777344
WA009,2015,9,10.245,16.629291534423828,21.718568801879883,11.371126174926758,21.49269294738769,10.670722007751465,12.058520317077637
WA009,2015,10,12.6516,9.4187650680542,9.594388961791992,8.041462898254395,13.921815872192385,8.866754531860352,10.845245361328123
WA009,2015,11,2.5177,3.8242998123168954,3.9958395957946777,4.066618919372559,2.4349496364593506,3.4324021339416504,3.145388126373291
WA009,2015,12,0.0,0.4160329103469848,0.2559663653373718,0.3253373503684997,0.0010986233828589,0.3369661867618561,0.8143680691719055
WA009,2016,1,0.2119,0.1477826386690139,0.4162666499614715,0.3738903999328613,0.1410658210515976,0.1560634225606918,0.1471742540597915
WA009,2016,2,0.0,0.1815048605203628,0.0345627032220363,0.1458309590816497,0.0001549559237901,0.1079473420977592,0.2542922496795654
WA009,2016,3,0.0,0.4045625627040863,0.3601718246936798,0.1161274313926696,0.0103773102164268,0.2430939227342605,0.4939145743846893
WA009,2016,4,1.7357,1.3551459312438965,0.7427920699119568,0.6627626419067383,2.120950937271118,1.0090055465698242,1.868651747703552
WA009,2016,5,3.6726,3.531482458114624,4.132497310638428,2.2739133834838867,8.195517539978027,2.8401219844818115,6.382967472076416
WA009,2016,6,18.2967,16.255943298339844,15.951923370361328,14.50282859802246,51.27714538574219,19.64896583557129,11.956259727478027
WA009,2016,7,31.7445,28.78092384338379,33.85470199584961,28.58067512512207,62.42455291748047,20.154193878173828,26.473608016967773
WA009,2016,8,19.0535,22.280925750732425,36.87542343139648,20.43752861022949,29.46198463439941,15.076297760009766,24.4481143951416
WA009,2016,9,19.2933,22.67082023620605,33.21766662597656,15.55791473388672,32.56207275390625,16.197246551513672,17.372941970825195
WA009,2016,10,4.1897,10.353856086730955,7.600085735321045,6.913479804992676,5.902614116668701,5.942709445953369,9.884957313537598
WA009,2016,11,2.8813,4.011336326599121,4.5668559074401855,2.401026964187622,3.71481728553772,2.5398166179656982,4.531097888946533
WA009,2016,12,0.0,0.2725681662559509,1.0609911680221558,0.3353132009506225,0.001021143165417,0.2698293328285217,0.9535497426986694
WA009,2017,1,0.0,0.072305753827095,0.497280865907669,0.0294375084340572,0.0023240710142999,0.0671720504760742,0.2439294159412384
WA009,2017,2,0.0,0.098116934299469,0.553899347782135,0.0492130257189273,0.0015869364142417,0.1685531288385391,0.2700611650943756
WA009,2017,3,0.0,1.0919705629348757,0.4815146625041961,0.2994579076766968,0.0251023843884468,0.3234460651874542,0.4939145743846893
WA009,2017,4,1.9793,1.7102665901184082,1.158286452293396,2.1244542598724365,1.7796872854232788,1.2946698665618896,1.8748929500579836
WA009,2017,5,5.7977,6.598698616027832,7.752632141113281,8.501282691955566,11.812280654907228,4.982235908508301,6.370865345001221
WA009,2017,6,26.657,13.2539644241333,20.071290969848636,21.3345890045166,30.4528923034668,0.1086458787322044,11.999991416931152
WA009,2017,7,31.1984,23.693021774291992,24.530488967895508,19.145116806030277,42.21132278442383,0.1766922175884246,23.23236656188965
WA009,2017,8,28.9245,29.70975875854492,16.567461013793945,21.510326385498047,44.39751052856445,20.27412986755371,24.59517288208008
WA009,2017,9,14.684,16.29520606994629,22.374860763549805,16.337879180908203,15.54481315612793,16.45234489440918,17.252187728881836
WA009,2017,10,3.0455,8.055639266967773,6.922631740570068,5.894577980041504,8.73707103729248,6.364623069763184,8.776176452636719
WA009,2017,11,4.3833,4.157443523406982,3.9997520446777344,4.789299011230469,8.369532585144043,3.6550426483154297,4.543600082397461
WA009,2017,12,0.0,0.2395204752683639,0.5228321552276611,0.1628730744123459,0.0002951139467768,0.1555817574262619,0.5604617595672607
WA009,2018,1,0.0,0.0489275902509689,0.0399907603859901,0.1179898083209991,5.8476871345192194e-05,0.0548933111131191,0.2439294159412384
WA009,2018,2,0.395,0.1635046601295471,0.0213122777640819,0.2331858426332473,0.4226855039596557,0.2798749804496765,0.4374460875988006
WA009,2018,3,0.0,0.5645219683647156,0.5320605635643005,0.2603734731674194,0.2209734916687011,0.4600727260112762,1.4535073041915894
WA009,2018,4,0.0,0.8522705435752869,0.8524490594863892,0.3225267827510834,0.0786537379026413,0.9988930821418762,1.395774483680725
WA009,2018,5,1.3552,1.6660979986190796,2.608925104141236,1.0425697565078735,1.3458796739578247,1.9246960878372192,6.3204874992370605
WA009,2018,6,11.44,10.59833812713623,19.389129638671875,9.756786346435549,21.82064437866211,11.791067123413086,12.035408973693848
WA009,2018,7,0.0,17.532333374023438,23.996416091918945,8.723499298095703,25.07158660888672,6.686662197113037,23.23634910583496
WA009,2018,8,12.6261,19.974519729614254,14.31743621826172,8.79471492767334,27.06145668029785,9.850582122802734,24.478355407714844
WA009,2018,9,14.7387,14.963372230529783,24.51777648925781,14.27823257446289,32.67391586303711,15.025607109069824,17.38128662109375
WA009,2018,10,6.1513,9.564027786254885,7.267140865325928,6.047313690185547,10.87006664276123,7.330010890960693,9.874917030334473
WA009,2018,11,5.776,6.435227870941162,4.440911293029785,4.82230281829834,9.401090621948242,3.984734535217285,4.5456647872924805
WA009,2018,12,0.0,0.2563041448593139,0.6744334697723389,0.5784475803375244,0.1594856083393097,0.4998468458652496,0.947509765625
WA009,2019,1,0.0,0.1364531815052032,0.0622178688645362,0.0712498500943183,0.0015447385376319,0.0806798785924911,0.0322580635547637
WA009,2019,2,0.0,0.0755432918667793,0.0064002289436757,0.0924985036253929,0.0011840569786727,0.3095320463180542,0.0
WA009,2019,3,0.0016,0.4170301854610443,0.2120047211647033,0.1401584297418594,0.000264280301053,0.5309978127479553,0.2398844361305236
WA009,2019,4,1.497,0.981398582458496,1.990572929382324,1.093181014060974,0.498046338558197,1.891377329826355,3.3687546253204346
WA009,2019,5,5.5681,3.5526881217956543,6.5659661293029785,4.431286811828613,0.4382168352603912,4.942318916320801,6.288114070892334
WA009,2019,6,3.281,11.825794219970703,16.190025329589844,8.915227890014648,12.617836952209473,10.895907402038574,12.911968231201172
WA009,2019,7,20.2455,24.590272903442383,28.031707763671875,21.65917205810547,40.72347259521485,17.865245819091797,28.494373321533203
WA009,2019,8,23.3435,24.87604522705078,34.4503288269043,33.21424865722656,38.61968994140625,19.151878356933597,38.45194625854492
WA009,2019,9,7.0527,16.297748565673828,19.054353713989254,12.046650886535645,14.1234769821167,11.683966636657717,19.218204498291016
WA009,2019,10,7.8758,10.938299179077148,9.06477165222168,11.56887149810791,12.597397804260254,11.677902221679688,9.445438385009766
WA009,2019,11,5.4737,5.655048370361328,4.793151378631592,4.989591121673584,6.803168773651123,3.9834837913513184,3.49548602104187
WA009,2019,12,0.0,0.1130120679736137,0.7074897885322571,0.264513611793518,0.0073452615179121,0.2091757953166961,0.2519865036010742
WA009,2020,1,0.0,0.0954198241233825,0.1380291730165481,0.0913008525967598,0.0010944311507046,0.1776542067527771,0.0584571696817874
WA009,2020,2,0.0,0.0846209228038787,0.1519858092069625,0.0480783507227897,0.0009362556156702,0.1654644459486007,0.1659132093191146
WA009,2020,3,0.0,0.816070556640625,1.056016206741333,0.1950555592775344,0.1417707204818725,0.9209743142127992,1.266087770462036
WA009,2020,4,0.3533,5.898380279541016,3.4414570331573486,1.7374411821365356,2.7990872859954834,3.4864284992218018,4.393607139587402
WA009,2020,5,5.629,7.443367958068848,7.755434513092041,8.349719047546387,9.30153465270996,7.319074153900146,6.864726066589356
WA009,2020,6,3.6733,9.860239028930664,10.619341850280762,7.826183319091797,4.607591152191162,8.28133487701416,8.035321235656738
WA009,2020,7,18.3177,21.201387405395508,29.116539001464844,20.267024993896484,36.92706298828125,16.330957412719727,31.04326629638672
WA009,2020,8,8.2661,21.308935165405277,27.69526672363281,10.058464050292969,11.772332191467283,9.128582954406738,31.693941116333008
WA009,2020,9,12.3733,16.31865692138672,17.928630828857422,14.606094360351562,3.9021849632263184,15.015345573425291,18.165512084960938
WA009,2020,10,6.8035,8.912484169006348,8.360689163208008,13.215365409851074,7.967454433441162,13.255390167236328,8.661018371582031
WA009,2020,11,0.137,2.275428056716919,3.234516143798828,3.988945484161377,0.1939818561077118,3.2485902309417725,2.7520973682403564
WA009,2020,12,0.0,0.366248607635498,2.5715136528015137,0.469214916229248,0.0406665280461311,0.5668265223503113,1.161184549331665
WA010,2001,1,0.0123,0.6772333383560181,3.821019172668457,0.6912230849266052,0.0461597479879856,0.5134852528572083,0.4739579260349273
WA010,2001,2,0.0004,0.7740667462348938,1.8407845497131348,0.2046551555395126,0.109140545129776,0.6008954644203186,1.6287801265716553
WA010,2001,3,1.6387,3.602303981781006,6.840548038482666,1.691487431526184,0.6754923462867737,2.166697263717652,4.272986888885498
WA010,2001,4,3.471,5.866223335266113,9.162405967712402,4.043298244476318,1.5529099702835083,5.189793109893799,3.6666667461395264
WA010,2001,5,5.9168,10.159920692443848,10.579655647277832,10.140617370605469,1.39079749584198,7.519071578979492,10.538460731506348
WA010,2001,6,16.2133,19.16890525817871,14.038318634033203,12.96335220336914,6.656244277954102,11.845477104187012,28.89181327819824
WA010,2001,7,12.3845,17.819244384765625,8.19227123260498,12.5995454788208,2.866569757461548,7.852348327636719,19.076929092407227
WA010,2001,8,20.5342,12.195439338684082,24.72648429870605,12.025677680969238,5.223080635070801,9.458086013793944,15.218476295471191
WA010,2001,9,20.448,14.972681999206545,24.564001083374023,11.772682189941406,5.553664684295654,12.616724967956545,15.87421989440918
WA010,2001,10,10.8365,13.086423873901367,10.54997444152832,8.307027816772461,1.6911438703536987,10.361029624938965,15.565680503845217
WA010,2001,11,8.5463,6.2394185066223145,5.667713642120361,8.067203521728516,0.5193325281143188,7.158233642578125,7.722672939300537
WA010,2001,12,0.1077,2.184158563613892,3.364969253540039,1.23423433303833,0.0876331850886344,0.9090108275413512,1.674935817718506
WA010,2002,1,1.7419,2.429163932800293,4.82788610458374,3.120837450027466,0.5439165830612183,2.5285909175872803,3.004903554916382
WA010,2002,2,1.1875,0.9950734376907348,2.8613243103027344,0.3925909101963043,0.1557883620262146,1.067358136177063,2.131834983825684
WA010,2002,3,3.1774,2.1004014015197754,7.026526927947998,1.3783061504364014,1.074605107307434,1.95931088924408,2.412066698074341
WA010,2002,4,3.265,3.3104608058929443,3.746104717254639,3.0599961280822754,1.6562010049819946,2.3701446056365967,4.077150821685791
WA010,2002,5,9.1806,8.600309371948242,9.559675216674805,6.093839168548584,0.96589857339859,5.8665080070495605,6.076948165893555
WA010,2002,6,8.727,20.041074752807617,21.224184036254883,14.679579734802246,0.7168296575546265,12.984454154968262,38.95837020874024
WA010,2002,7,17.9606,23.97098922729492,21.23168563842773,11.73960018157959,2.389118432998657,9.271634101867676,40.45298767089844
WA010,2002,8,24.4113,19.084089279174805,15.107144355773926,13.29202938079834,6.607314586639404,10.75951862335205,14.89583969116211
WA010,2002,9,13.2177,12.608448028564451,20.59806632995605,9.85917854309082,1.5661828517913818,7.378186225891113,15.353835105895996
WA010,2002,10,5.5055,13.235798835754396,9.192811012268066,13.51086711883545,0.299858033657074,10.809407234191896,13.176177978515623
WA010,2002,11,0.5157,4.855602264404297,10.29129409790039,3.532381772994995,0.220889151096344,4.475965976715088,2.841010570526123
WA010,2002,12,0.8665,1.801347732543945,2.0851337909698486,1.0849040746688845,0.0632417947053909,0.8575354814529419,0.4540894031524658
WA010,2003,1,0.0968,0.737943172454834,2.1025941371917725,0.7304077744483948,0.1818550378084182,0.4949593842029571,0.583121657371521
WA010,2003,2,2.4418,1.1154674291610718,3.133251190185547,0.525928258895874,0.1695778667926788,1.6420087814331057,7.981174468994141
WA010,2003,3,0.7997,1.8760430812835691,5.300393581390381,0.7246665358543396,0.1015717014670372,1.811953067779541,3.166299819946289
WA010,2003,4,12.1153,4.506250381469727,8.668084144592285,6.884720802307129,1.0539929866790771,7.46255350112915,9.558229446411133
WA010,2003,5,7.0365,9.10501480102539,15.434752464294434,9.62956714630127,0.7843446731567383,8.431467056274414,14.671830177307127
WA010,2003,6,19.783,24.028228759765625,19.10582160949707,21.01866149902344,1.863763451576233,15.511801719665527,27.20756149291992
WA010,2003,7,18.9687,18.395658493041992,16.17232322692871,15.133880615234377,1.913270115852356,6.977243900299072,20.544130325317383
WA010,2003,8,18.9971,11.16494083404541,18.951026916503903,7.154931545257568,4.112408638000488,6.346485137939453,13.670004844665527
WA010,2003,9,18.1677,21.38819122314453,14.957694053649902,16.613515853881836,0.929584264755249,15.976356506347656,24.11275291442871
WA010,2003,10,11.1964,13.034269332885742,15.742547988891602,12.04290008544922,1.6535484790802002,11.267428398132324,22.363161087036133
WA010,2003,11,6.4623,4.894635677337647,8.40202808380127,5.894275665283203,1.9412204027175903,9.414238929748535,10.28646755218506
WA010,2003,12,0.5106,1.680333137512207,3.774805784225464,0.689210057258606,0.1956966966390609,0.7428150773048401,2.2732489109039307
WA010,2004,1,0.4616,0.3518029451370239,1.6292526721954346,0.1389256417751312,0.0597791485488414,0.3758801221847534,0.8884022235870361
WA010,2004,2,1.0528,1.105934739112854,3.1848998069763184,0.2785845100879669,0.1621354967355728,1.1458832025527954,1.5464823246002195
WA010,2004,3,2.0735,2.773366689682007,6.22773027420044,1.1739455461502075,0.1884233802556991,1.943221926689148,1.9531092643737795
WA010,2004,4,2.5267,6.114338874816895,8.219461441040039,5.05633020401001,3.133082628250122,5.316217422485352,5.766674041748047
WA010,2004,5,8.1132,6.67349100112915,8.70051097869873,10.956307411193848,1.7690001726150513,6.806616306304932,16.639156341552734
WA010,2004,6,7.867,16.00008201599121,12.173724174499512,10.013425827026367,0.834281861782074,8.709845542907715,17.460912704467773
WA010,2004,7,17.9471,22.38135528564453,14.990612983703612,10.858515739440918,2.723970413208008,7.055084228515625,55.22371292114258
WA010,2004,8,12.0123,16.565942764282227,22.07090187072754,12.676979064941406,10.932143211364746,8.2980318069458,16.488929748535156
WA010,2004,9,22.409,17.63841438293457,23.65029525756836,16.000812530517578,2.738914966583252,14.97358226776123,13.051202774047852
WA010,2004,10,9.7642,12.019878387451172,7.902582168579102,13.591885566711426,1.4807190895080566,11.318733215332031,23.432397842407227
WA010,2004,11,7.5287,4.466893672943115,6.849027156829834,5.036821365356445,1.310418963432312,5.852452754974365,7.256371974945068
WA010,2004,12,0.3135,3.129189968109131,5.083635330200195,2.823314428329468,0.3090632855892181,1.4181313514709473,3.079474210739136
WA010,2005,1,0.1477,0.6278029084205627,0.8092146515846252,0.3482832908630371,0.144948661327362,0.4087231755256653,0.6080421209335327
WA010,2005,2,2.4593,2.5853137969970703,5.754376411437988,4.998315811157227,0.9045071601867676,2.6327388286590576,1.887373447418213
WA010,2005,3,3.0571,3.112175226211548,7.055785655975342,1.008719801902771,0.3622896373271942,2.6020102500915527,2.675041675567627
WA010,2005,4,5.767,5.970836639404297,10.549806594848633,8.200989723205566,0.6954270005226135,8.362275123596191,5.879476547241211
WA010,2005,5,7.3723,9.556026458740234,10.594603538513184,8.690646171569824,1.3185464143753052,8.971585273742676,10.21592140197754
WA010,2005,6,8.5323,14.188530921936035,12.648930549621582,9.628790855407717,1.7809418439865112,4.273305892944336,7.242086410522461
WA010,2005,7,7.6903,26.53969955444336,12.80250358581543,13.141597747802734,0.7830685377120972,4.87091875076294,23.26833915710449
WA010,2005,8,14.3487,12.964492797851562,17.813278198242188,8.430512428283691,1.977654218673706,6.005047798156738,16.315122604370117
WA010,2005,9,17.085,18.24411964416504,16.96884536743164,17.01410675048828,1.0314903259277344,10.312973022460938,23.07428550720215
WA010,2005,10,6.9477,11.52975845336914,13.050251007080078,10.228869438171388,1.45603346824646,11.121468544006348,24.573585510253903
WA010,2005,11,1.72,3.4691805839538574,6.485716819763184,2.453707695007324,0.7193984389305115,4.878126621246338,7.374292850494385
WA010,2005,12,1.9597,2.786749124526977,5.808703422546387,2.768244504928589,0.4863374531269073,2.7005984783172607,3.461561441421509
WA010,2006,1,0.0,1.0442758798599243,5.451788902282715,1.3560383319854736,0.156113788485527,1.1055618524551392,1.47891104221344
WA010,2006,2,0.3211,2.8585243225097656,8.370017051696777,4.501459121704102,0.2086839079856872,2.001168966293335,2.362532615661621
WA010,2006,3,2.011,1.890472769737244,7.945234775543213,1.9541337490081787,0.8728262186050415,2.4173519611358643,2.6973443031311035
WA010,2006,4,5.0647,4.243027687072754,7.298220157623291,6.4715256690979,0.6771540641784668,5.970098495483398,4.7438178062438965
WA010,2006,5,5.1945,11.294466018676758,9.661584854125977,10.746186256408691,0.7645756602287292,7.947426795959473,12.595348358154297
WA010,2006,6,17.4497,24.4210147857666,12.99541473388672,15.735403060913086,1.9013742208480835,11.655823707580566,18.233341217041016
WA010,2006,7,15.7061,26.60938835144043,12.899592399597168,13.386629104614258,1.4857629537582395,6.42185640335083,15.300456047058104
WA010,2006,8,33.1603,17.789579391479492,19.76377868652344,12.931779861450195,1.7827882766723633,12.894423484802246,20.477970123291016
WA010,2006,9,25.081,15.00839138031006,11.8997802734375,15.368447303771973,5.644014358520508,15.183247566223145,40.99613571166992
WA010,2006,10,11.8223,10.194525718688965,9.528728485107422,10.081677436828612,3.674384355545044,9.349543571472168,15.444127082824709
WA010,2006,11,5.6773,2.7863705158233643,3.500801086425781,4.650040626525879,0.2823182642459869,3.363450765609741,2.356372117996216
WA010,2006,12,0.3977,0.612395703792572,2.143264055252075,0.4418982565402984,0.0738475918769836,0.4072309136390686,0.5855981707572937
WA010,2007,1,0.2687,0.3493077456951141,1.1655092239379885,0.1113765463232994,0.0083588566631078,0.1314608454704284,0.6079502105712891
WA010,2007,2,1.5746,2.2431788444519043,3.896508455276489,1.5233608484268188,1.7343260049819946,1.430840253829956,1.7994859218597412
WA010,2007,3,3.0968,4.016532897949219,4.542746067047119,4.289218902587891,3.467650413513184,4.187873363494873,4.2751874923706055
WA010,2007,4,4.3573,6.468685626983643,9.554365158081056,5.219234466552734,0.6150466203689575,4.443194389343262,5.323148250579834
WA010,2007,5,3.2548,9.10610580444336,8.904122352600098,7.743190765380859,0.8780692219734192,4.085458755493164,8.613539695739746
WA010,2007,6,16.195,21.200420379638672,22.681812286376957,16.9798583984375,1.378782868385315,11.909157752990724,21.080730438232425
WA010,2007,7,8.6481,24.748851776123047,21.24239921569824,16.587608337402344,2.2917070388793945,6.504403114318848,35.85777282714844
WA010,2007,8,11.191,20.61557388305664,18.622339248657227,15.825798988342283,4.517254829406738,11.913263320922852,25.1562442779541
WA010,2007,9,16.4043,20.150638580322266,13.261571884155272,13.06313705444336,0.4969123005867004,12.297907829284668,22.035350799560547
WA010,2007,10,11.2974,11.564364433288574,9.642739295959473,10.765146255493164,1.292227864265442,8.539966583251953,13.971811294555664
WA010,2007,11,5.2897,4.548186779022217,6.130105018615723,5.343563556671143,2.882653951644897,4.392138481140137,7.884536266326904
WA010,2007,12,1.9394,1.7852811813354492,3.315202236175537,2.77198338508606,2.9421756267547607,1.79860258102417,3.2159783840179443
WA010,2008,1,0.4081,0.4190904498100281,1.401819944381714,0.1813797652721405,1.3802655935287476,0.2705328464508056,0.2828860878944397
WA010,2008,2,1.4386,2.051430940628052,3.981753826141357,1.6721540689468384,0.2478728294372558,1.830752730369568,3.867370843887329
WA010,2008,3,2.6568,2.760530710220337,6.388450145721436,1.4140294790267944,6.164889812469482,2.913594007492065,5.258121013641357
WA010,2008,4,4.1703,5.50338888168335,7.579502105712891,3.951777935028076,1.191508412361145,3.852066993713379,5.379527568817139
WA010,2008,5,4.1074,11.193333625793455,11.16285228729248,8.777239799499512,3.774858236312866,7.315425395965576,10.310410499572754
WA010,2008,6,14.1713,23.425825119018555,18.07734680175781,17.08082389831543,11.794947624206545,9.635212898254396,22.964086532592773
WA010,2008,7,15.0061,31.271467208862305,17.434450149536133,19.99974632263184,13.356976509094238,14.29566764831543,30.65034294128418
WA010,2008,8,16.4561,18.750171661376957,13.23630714416504,15.447894096374512,15.652859687805176,10.105835914611816,15.198522567749023
WA010,2008,9,15.575,19.0660343170166,16.425596237182617,16.602237701416016,16.27907371520996,13.116388320922852,24.992090225219727
WA010,2008,10,11.0558,10.54159450531006,14.48089599609375,11.351067543029783,11.279752731323242,12.239625930786133,10.253019332885742
WA010,2008,11,1.5387,2.7081503868103027,4.60988187789917,3.01541519165039,0.2589341700077057,2.854046106338501,3.3076260089874268
WA010,2008,12,0.7555,2.042620658874512,5.486110687255859,1.484794855117798,1.7792901992797852,1.3083540201187134,2.836219310760498
WA010,2009,1,0.141,1.454119086265564,2.8079171180725098,1.511540770530701,0.4261128902435303,0.3779482543468475,0.6501142978668213
WA010,2009,2,1.6396,1.832831621170044,4.048604965209961,0.4701695740222931,0.6429096460342407,1.412606120109558,3.348870277404785
WA010,2009,3,4.171,1.3391900062561035,3.024186849594116,0.640298068523407,1.4599299430847168,1.2284975051879885,3.501276731491089
WA010,2009,4,1.248,1.9513201713562007,2.722054243087769,1.5889474153518677,2.089833498001098,1.7224349975585938,2.877531051635742
WA010,2009,5,3.1077,6.631679534912109,6.617663383483887,4.493220329284668,4.921018123626709,3.7757022380828857,8.7792387008667
WA010,2009,6,11.3913,27.89716339111328,12.631268501281738,20.1944580078125,18.519649505615234,9.914216995239258,27.10517883300781
WA010,2009,7,10.4448,11.544510841369627,8.423460006713867,10.971811294555664,9.22055721282959,2.4736506938934326,16.866193771362305
WA010,2009,8,13.36,10.489367485046388,17.69366455078125,6.780643463134766,27.23021125793457,2.900213718414306,21.16882705688477
WA010,2009,9,18.873,10.816206932067873,10.839896202087402,5.797444820404053,15.603065490722656,6.887640476226807,18.37944793701172
WA010,2009,10,3.9323,11.2493314743042,8.37192440032959,7.671727657318115,3.7887542247772217,5.315627574920654,12.722010612487791
WA010,2009,11,2.5603,5.54071569442749,5.841668128967285,6.4315505027771,4.534378528594971,5.180050849914551,5.107582092285156
WA010,2009,12,0.179,1.4151884317398071,2.345702171325684,0.6542962789535522,1.4824126958847046,0.6632154583930969,0.995039999485016
WA010,2010,1,0.7297,0.8126682639122009,2.818517208099365,0.8794746398925781,0.6167687773704529,0.638032853603363,0.8214095830917358
WA010,2010,2,1.155,2.03550386428833,3.62375545501709,1.664081573486328,1.6751413345336914,2.9395406246185303,4.359328746795654
WA010,2010,3,2.2542,4.025963306427002,6.308019161224365,5.016539573669434,1.85619866847992,3.768927812576294,3.8710665702819824
WA010,2010,4,6.375,6.043871879577637,9.039230346679688,6.941534996032715,5.118317127227783,5.437949180603027,4.892512798309326
WA010,2010,5,10.1274,9.177404403686523,8.801064491271973,9.02311897277832,6.799037456512451,6.683077335357666,8.0149507522583
WA010,2010,6,18.333,21.71725082397461,13.748226165771484,18.588716506958008,3.429905891418457,8.502517700195312,17.359033584594727
WA010,2010,7,12.3965,26.933969497680664,15.287976264953612,9.586603164672852,19.3536434173584,4.999856472015381,19.702411651611328
WA010,2010,8,16.1729,24.836957931518555,26.781970977783203,16.40934181213379,14.928091049194336,8.291298866271973,22.44533920288086
WA010,2010,9,12.3707,21.15271377563477,14.341248512268066,12.356993675231934,8.982398986816406,10.334514617919922,19.058822631835938
WA010,2010,10,13.7403,11.87294578552246,12.563267707824709,9.67458438873291,9.323524475097656,9.615018844604492,30.50285148620605
WA010,2010,11,3.2047,4.590144634246826,6.937081813812256,3.692996501922608,2.495388984680176,3.978530168533325,4.415361881256104
WA010,2010,12,2.1203,3.91764497756958,3.8494839668273926,3.203674793243408,4.2002854347229,4.043127059936523,3.201013565063477
WA010,2011,1,0.5094,0.9313896894454956,2.632990598678589,1.2992154359817505,0.1944475769996643,0.494619607925415,1.0099555253982544
WA010,2011,2,1.42,1.476237654685974,4.473569393157959,1.455435872077942,2.396940231323242,1.1682151556015017,1.9889779090881348
WA010,2011,3,1.7106,4.311036586761475,5.8319854736328125,1.6404138803482056,1.537438154220581,2.7257239818573,4.821423530578613
WA010,2011,4,4.8723,3.8811793327331534,6.550497531890869,4.104731559753418,1.6468113660812378,2.5126664638519287,4.6282734870910645
WA010,2011,5,11.569,10.17096710205078,8.22020435333252,8.29588508605957,4.46498966217041,6.860939979553223,7.23828125
WA010,2011,6,13.8127,26.618066787719727,10.727611541748049,21.844491958618164,1.962506890296936,9.707989692687988,15.7974853515625
WA010,2011,7,14.3884,16.754701614379883,8.161373138427734,8.054496765136719,1.7388482093811035,2.029803276062012,15.938145637512209
WA010,2011,8,16.8477,16.16253089904785,14.599305152893066,11.305718421936035,6.829445838928223,3.82663893699646,13.848594665527344
WA010,2011,9,16.1533,19.331958770751957,28.18670082092285,22.188396453857425,7.104722023010254,10.585897445678713,46.50778198242188
WA010,2011,10,7.8835,11.750146865844728,16.3894100189209,9.704889297485352,3.4891302585601807,6.758935451507568,17.36427879333496
WA010,2011,11,5.637,4.66502857208252,6.928088665008545,4.983959674835205,2.6902029514312744,5.155401229858398,3.515317678451538
WA010,2011,12,1.179,0.9220480918884276,2.1796562671661377,0.2420224547386169,1.724639058113098,0.7715346813201904,3.062167167663574
WA010,2012,1,0.0681,0.4851130545139313,2.3062877655029297,0.7245722413063049,0.0316781550645828,0.336923211812973,0.7791465520858765
WA010,2012,2,1.6107,1.4573757648468018,2.9936656951904297,0.6817618608474731,0.926612913608551,1.1679322719573977,2.103402853012085
WA010,2012,3,1.9906,1.5766046047210691,3.261725187301636,0.9581013321876526,0.2902881503105163,1.4123071432113647,2.07218599319458
WA010,2012,4,2.8657,4.036455631256104,6.695317268371582,4.512272357940674,1.1525284051895142,4.378984451293945,2.367053985595703
WA010,2012,5,9.7919,9.731064796447754,9.429669380187988,11.87895965576172,4.745038032531738,9.321449279785156,11.357385635375977
WA010,2012,6,9.476,20.999923706054688,15.271065711975098,18.496723175048828,10.757978439331056,8.400714874267578,22.0650577545166
WA010,2012,7,11.1329,16.056676864624023,12.47472095489502,13.778596878051758,11.560587882995604,4.9597649574279785,19.1836051940918
WA010,2012,8,17.9087,14.28147029876709,13.887600898742676,13.43960189819336,12.423232078552246,7.6303205490112305,13.767167091369627
WA010,2012,9,11.69,19.525470733642575,18.683504104614254,25.32137680053711,11.19468593597412,11.105633735656738,19.330825805664062
WA010,2012,10,12.3755,16.102453231811523,10.459123611450195,17.784027099609375,10.324132919311523,12.90328311920166,10.337446212768556
WA010,2012,11,4.231,4.471942901611328,5.417097091674805,9.071337699890137,4.144425868988037,5.722274303436279,7.256371974945068
WA010,2012,12,1.9716,2.164213895797729,3.470356702804565,2.820737361907959,1.5997854471206665,2.2107880115509038,1.7369755506515503
WA010,2013,1,0.481,0.4449049532413482,1.293725848197937,0.1977013647556305,0.4697003364562988,0.3229990303516388,0.9081788063049316
WA010,2013,2,1.7704,1.3000752925872805,3.5055503845214844,0.2463507354259491,1.008844017982483,1.1569634675979614,1.6868047714233398
WA010,2013,3,2.4855,2.1663739681243896,6.917695999145508,2.4521467685699463,1.4031203985214231,2.4440994262695312,5.042276859283447
WA010,2013,4,2.4547,2.1666033267974854,6.61930513381958,4.985541343688965,2.757110595703125,2.071256399154663,3.069802761077881
WA010,2013,5,8.5277,9.701252937316896,13.505742073059082,15.306493759155272,6.921244144439697,10.30761432647705,10.292827606201172
WA010,2013,6,21.8343,17.813508987426758,11.281408309936523,13.120077133178713,4.230966091156006,11.57406997680664,15.997448921203612
WA010,2013,7,13.8177,18.753982543945312,8.152932167053223,9.717364311218262,11.036004066467283,5.168137550354004,19.35002899169922
WA010,2013,8,15.9548,12.414422988891602,12.090505599975586,8.669105529785156,12.36321258544922,5.977448463439941,12.853745460510254
WA010,2013,9,18.948,17.118038177490234,20.90617561340332,20.508209228515625,9.165567398071287,13.732768058776855,20.14665412902832
WA010,2013,10,8.5158,11.524139404296877,13.640116691589355,13.40987491607666,5.5095062255859375,8.489642143249512,15.935059547424316
WA010,2013,11,7.465,4.978018760681152,6.717609882354736,10.76577854156494,6.822774887084961,8.581568717956543,10.07874584197998
WA010,2013,12,3.6581,3.3145461082458496,1.932503581047058,3.7900800704956055,3.58504319190979,3.685455083847046,5.252765655517578
WA010,2014,1,0.7474,0.862499475479126,5.636109352111816,0.7862881422042847,1.1393388509750366,1.0608694553375244,1.166243314743042
WA010,2014,2,2.0789,1.935439229011536,5.048474311828613,2.1190848350524902,2.154991865158081,2.1780951023101807,2.348862409591675
WA010,2014,3,3.3952,1.7115410566329956,2.8833978176116943,0.5711227059364319,2.8448245525360107,1.4243041276931765,3.8435351848602295
WA010,2014,4,5.9237,2.3769760131835938,5.338447093963623,4.404361248016357,7.061586856842041,3.842207431793213,4.789953708648682
WA010,2014,5,7.02,12.44631004333496,10.0162935256958,12.690427780151367,8.867908477783203,10.071015357971191,13.294929504394531
WA010,2014,6,12.4893,15.796125411987305,13.074020385742188,16.6286678314209,16.65395736694336,9.534833908081056,26.16806411743164
WA010,2014,7,17.8474,23.695114135742188,19.757539749145508,18.86571884155273,10.423195838928224,9.578216552734377,63.4904670715332
WA010,2014,8,21.0113,14.70361328125,14.980585098266602,15.096295356750488,9.901373863220217,7.8520355224609375,9.934160232543944
WA010,2014,9,16.8357,14.693608283996582,21.26045036315918,17.880123138427734,13.801901817321776,12.512426376342772,24.7995548248291
WA010,2014,10,11.4242,9.702601432800291,10.431200981140137,10.219292640686035,9.112319946289062,9.508310317993164,21.102895736694336
WA010,2014,11,5.0603,4.402918338775635,6.269535064697266,6.189418315887451,9.592267990112305,8.133905410766602,10.847869873046877
WA010,2014,12,0.3881,1.5287988185882568,3.199967861175537,1.3285125494003296,2.006971836090088,1.4318053722381592,2.0598814487457275
WA010,2015,1,0.33,0.6341003179550171,3.0096888542175293,0.5554369688034058,0.334737092256546,0.5049987435340881,0.8908787369728088
WA010,2015,2,2.4382,1.3409337997436523,3.969919204711914,1.229009985923767,2.4669106006622314,1.313543438911438,1.9944692850112915
WA010,2015,3,2.369,1.761952519416809,3.16534161567688,0.6764265298843384,1.5921162366867063,1.7709325551986694,3.054610013961792
WA010,2015,4,3.6883,3.3137009143829346,5.195000171661377,3.593996286392212,2.440213441848755,3.388341426849365,3.5901949405670166
WA010,2015,5,6.6513,7.773771286010742,9.68101406097412,10.519893646240234,10.041357040405272,5.501086711883545,11.665051460266112
WA010,2015,6,16.5623,16.8947811126709,17.483762741088867,20.01736068725586,18.383413314819336,11.367029190063477,22.09848022460937
WA010,2015,7,15.5616,14.516613960266112,11.31373405456543,7.525381565093994,21.053163528442383,3.836737871170044,13.215632438659668
WA010,2015,8,24.5774,12.445252418518066,16.182191848754883,9.761131286621094,14.959324836730955,6.407871246337891,20.573808670043945
WA010,2015,9,10.6463,15.30945873260498,21.74612808227539,17.12247657775879,11.890396118164062,8.390612602233887,21.51229858398437
WA010,2015,10,12.5581,8.802261352539062,10.198271751403809,11.01466178894043,17.086992263793945,7.654119968414307,23.2105655670166
WA010,2015,11,4.7073,3.8517680168151855,7.672484874725342,5.658968448638916,0.7971184849739075,5.617584705352783,6.525502681732178
WA010,2015,12,2.6887,1.3056341409683228,1.054856300354004,0.9327306151390076,0.28206866979599,0.669950008392334,4.034862041473389
WA010,2016,1,0.8806,0.8023438453674316,1.587119221687317,1.8255325555801392,0.8094478249549866,0.2562375962734222,1.1042038202285769
WA010,2016,2,0.2124,0.9143668413162231,1.2831062078475952,0.1863012015819549,0.0202252008020877,0.1611306965351104,1.7851086854934692
WA010,2016,3,1.7539,2.252363920211792,5.332240581512451,2.945288896560669,1.006372332572937,2.286062479019165,2.950356960296631
WA010,2016,4,2.3103,1.67658269405365,6.324938774108887,1.8728199005126955,1.7912542819976809,1.989002346992493,5.179520130157471
WA010,2016,5,6.1755,9.164929389953612,10.786802291870115,12.350364685058594,1.6730791330337524,5.538130283355713,11.94041633605957
WA010,2016,6,19.1263,18.130495071411133,19.68315696716309,15.900111198425291,20.0207633972168,17.939525604248047,30.751020431518555
WA010,2016,7,15.5952,22.479671478271484,12.418108940124512,11.718843460083008,9.374871253967283,8.635964393615723,30.382328033447266
WA010,2016,8,18.2016,15.404613494873049,19.88389205932617,14.066158294677734,1.8476314544677728,9.69302749633789,16.481388092041016
WA010,2016,9,20.01,18.243371963500977,19.782758712768555,15.72335433959961,2.924048900604248,15.63016414642334,24.266469955444336
WA010,2016,10,13.1065,11.07866096496582,12.36630630493164,8.791549682617188,1.1270599365234375,5.002694606781006,18.059194564819336
WA010,2016,11,0.1287,5.369272232055664,5.174503326416016,4.5170722007751465,0.4229462742805481,3.862309455871582,7.322988033294678
WA010,2016,12,0.0119,1.284090876579285,3.946648359298706,0.5858175158500671,0.1263743937015533,0.9743030667304992,3.1389739513397217
WA010,2017,1,0.2535,0.9414941072463988,3.988114595413208,0.8593128323554993,0.148254320025444,0.3426907956600189,1.3399232625961304
WA010,2017,2,0.0757,2.2934861183166504,5.706845760345459,1.3060001134872437,0.3145977258682251,1.3883767127990725,2.2691612243652344
WA010,2017,3,0.3542,2.911765813827514,4.674477577209473,0.5502046942710876,0.1725412756204605,1.3258492946624756,2.8138880729675293
WA010,2017,4,3.9213,4.436030864715576,6.243072509765625,4.240837574005127,0.9819220900535583,2.624574899673462,5.312853813171387
WA010,2017,5,12.1865,9.754881858825684,10.910148620605469,12.206944465637209,1.228021502494812,4.601439476013184,12.78904628753662
WA010,2017,6,16.4317,23.993438720703125,41.763633728027344,28.457735061645508,7.534281253814697,0.0870899111032486,43.93051528930664
WA010,2017,7,15.441,18.120763778686523,16.87376594543457,15.964035987854004,12.49216365814209,0.1006800234317779,28.377405166625977
WA010,2017,8,21.151,15.330175399780272,20.40413475036621,14.357172012329102,5.586460590362549,12.6947021484375,16.540950775146484
WA010,2017,9,18.976,18.53933334350586,25.91107940673828,20.793312072753903,6.355199813842773,16.815902709960938,24.097288131713867
WA010,2017,10,8.2926,10.497041702270508,11.938186645507812,9.485757827758787,5.387235641479492,7.686915874481201,15.813633918762209
WA010,2017,11,4.9393,5.242312908172607,6.9187331199646,7.383666515350342,0.7558023929595947,6.2655029296875,7.3640055656433105
WA010,2017,12,0.0206,1.6316601037979126,2.750622510910034,1.0083017349243164,0.0357317328453063,0.7159169912338257,3.513638734817505
WA010,2018,1,0.0494,0.3705455958843231,2.339542865753174,0.2067769467830658,0.1274227052927017,0.4785341620445251,0.980131447315216
WA010,2018,2,1.7418,0.8592508435249329,3.265669584274292,0.2483292371034622,0.3764340281486511,1.2240581512451172,2.876194715499878
WA010,2018,3,0.449,3.123977899551392,5.084669589996338,1.8108627796173096,0.4115388989448547,2.0784454345703125,3.215857982635498
WA010,2018,4,0.7503,4.940342426300049,9.662189483642578,6.106629848480225,1.0861750841140747,4.170323848724365,3.830737590789795
WA010,2018,5,0.6423,7.39379358291626,11.530478477478027,5.956601619720459,2.379233360290528,4.332897663116455,9.530797004699709
WA010,2018,6,14.057,22.404747009277344,27.47658348083496,20.739315032958984,2.8201966285705566,13.487298965454102,24.779354095458984
WA010,2018,7,10.2132,24.082427978515625,18.246721267700195,11.467432022094728,4.423740863800049,4.219696044921875,28.253070831298828
WA010,2018,8,14.4358,15.657604217529297,19.4276123046875,14.611798286437988,67.6904296875,9.708186149597168,28.2253475189209
WA010,2018,9,12.8977,17.75237464904785,22.024715423583984,18.956769943237305,31.65474319458008,14.802133560180664,41.39448928833008
WA010,2018,10,6.1619,10.711832046508787,8.813015937805176,6.743703842163086,11.665428161621094,7.726381778717041,14.138585090637209
WA010,2018,11,4.5507,4.534046649932861,6.484144687652588,4.048417568206787,2.680018186569214,5.262038230895996,6.212700366973877
WA010,2018,12,1.4194,1.6854628324508667,3.1042139530181885,2.4111149311065674,0.8257054686546326,1.166171312332153,2.6525838375091557
WA010,2019,1,1.439,0.4875626862049103,2.419013738632202,0.1825217008590698,0.0772803276777267,0.2278805077075958,0.8411861658096313
WA010,2019,2,0.5993,0.8179944753646851,3.027484655380249,0.1747363209724426,0.4569385051727295,0.9761471152305604,1.5411039590835571
WA010,2019,3,0.02,2.2262213230133057,4.3572096824646,3.348944664001465,0.4875196516513824,2.3144330978393555,2.600428581237793
WA010,2019,4,5.584,4.194946765899658,7.427918434143066,5.886712551116943,0.9708398580551147,5.17059850692749,4.66667366027832
WA010,2019,5,9.4497,9.878457069396973,13.478857040405272,8.163573265075684,0.7999724745750427,9.001415252685547,13.235479354858398
WA010,2019,6,10.2283,14.927691459655762,13.118948936462402,14.961176872253418,8.864649772644043,8.95239543914795,21.99410820007324
WA010,2019,7,13.5645,24.66840362548828,17.73137092590332,19.57020568847656,15.766260147094728,9.628673553466797,28.183332443237305
WA010,2019,8,11.6455,20.518142700195312,23.66783905029297,19.993824005126957,20.82441139221192,14.324037551879885,24.42708969116211
WA010,2019,9,5.2903,18.637147903442383,24.941877365112305,10.459357261657717,14.07109546661377,8.359923362731934,32.28761291503906
WA010,2019,10,20.2261,10.515318870544434,14.893861770629885,14.929545402526855,31.30870246887207,13.436529159545898,20.141366958618164
WA010,2019,11,6.9483,4.493711471557617,7.135105133056641,4.839922904968262,8.2042875289917,6.44658088684082,5.428120136260986
WA010,2019,12,1.8303,1.4251582622528076,3.403005838394165,1.374223232269287,0.4056889116764068,1.4699617624282837,1.8610477447509768
WA010,2020,1,0.0287,0.6157806515693665,2.0223519802093506,1.7350881099700928,0.0245651192963123,0.556201159954071,0.863531231880188
WA010,2020,2,1.0707,1.408532977104187,3.132674217224121,1.8221355676651,0.2307790219783783,1.4444056749343872,1.973504662513733
WA010,2020,3,2.9219,4.005605697631836,6.709646701812744,4.7236328125,2.4596502780914307,3.971822738647461,3.734583854675293
WA010,2020,4,5.9247,7.001589298248291,6.578969955444336,6.659761428833008,1.870062232017517,6.509917259216309,4.459070205688477
WA010,2020,5,7.4071,10.64901065826416,13.115572929382324,13.94992446899414,5.939385890960693,9.75671672821045,13.39193058013916
WA010,2020,6,13.312,18.713790893554688,11.895760536193848,18.083824157714844,10.213422775268556,10.199942588806152,20.8223819732666
WA010,2020,7,13.5926,22.22512435913086,13.776322364807127,11.451849937438965,11.70048999786377,7.875582695007324,24.81896209716797
WA010,2020,8,1.0906,12.479669570922852,9.741793632507324,3.2768473625183105,11.701889038085938,2.381340980529785,9.726842880249023
WA010,2020,9,18.342,14.78272819519043,16.72686195373535,15.10812759399414,9.844317436218262,15.587754249572754,22.384506225585938
WA010,2020,10,17.1326,9.758115768432615,10.583826065063477,10.155972480773926,4.422138690948486,13.366990089416504,15.398666381835938
WA010,2020,11,5.3197,4.297602653503418,5.34056282043457,5.128302097320557,1.1350964307785034,6.874423027038574,4.7408061027526855
WA010,2020,12,1.951,2.54408597946167,4.280221939086914,3.667668581008911,1.3585448265075684,1.7728126049041748,2.6923704147338867
WA011,2001,1,0.0174,0.206604853272438,0.628326416015625,0.0240000002086162,0.021963158622384,0.0405316688120365,0.6431528329849243
WA011,2001,2,0.235,0.4162053167819977,0.7325505018234253,0.5015666484832764,1.1765652894973757,0.6415224075317383,0.0714285746216774
WA011,2001,3,2.1216,2.3685598373413086,2.3672521114349365,2.097596883773804,1.5839859247207642,2.767062902450561,1.4980019330978394
WA011,2001,4,5.2177,5.120960235595703,3.195228815078736,5.596468925476074,4.8719329833984375,5.100830078125,6.0437846183776855
WA011,2001,5,5.0326,5.988603591918945,5.519220352172852,5.681504249572754,5.446680068969727,5.220113754272461,6.903205394744873
WA011,2001,6,7.0377,5.633682727813721,6.781529903411865,6.75078010559082,5.402233123779297,6.128584384918213,5.235377788543701
WA011,2001,7,1.0477,0.9669204950332642,3.6311676502227774,1.2479246854782104,2.324147939682007,1.5919066667556765,1.241937518119812
WA011,2001,8,0.3355,0.5642752647399902,1.2803810834884644,0.6804401278495789,2.984537363052368,1.017026662826538,0.3790440857410431
WA011,2001,9,4.3233,3.3141930103302,3.335654020309448,4.132723808288574,5.60862922668457,4.855835914611816,3.331341028213501
WA011,2001,10,2.211,2.307300329208374,1.954234719276428,1.967110276222229,1.9739875793457031,2.6144683361053467,1.7197611331939695
WA011,2001,11,0.5663,1.8510431051254272,1.9307451248168943,0.8277223706245422,0.565701961517334,1.181747555732727,0.61458420753479
WA011,2001,12,0.0126,0.300352543592453,0.8339650630950928,0.2874370813369751,0.0407890975475311,0.451088011264801,0.1532248109579086
WA011,2002,1,0.2974,0.7541593909263611,0.7477649450302124,0.9631689786911012,0.9217107892036438,0.7515184879302979,1.6572625637054443
WA011,2002,2,0.6496,0.6192067265510559,1.058099389076233,0.7422323822975159,0.4419062435626983,0.9750255346298218,0.4821455478668213
WA011,2002,3,1.7187,2.162808418273926,1.3107619285583496,1.6832283735275269,1.935185194015503,2.683278560638428,2.052450180053711
WA011,2002,4,5.0037,4.770110130310059,2.522621154785156,5.287796974182129,4.01960563659668,5.068027496337891,4.895849704742432
WA011,2002,5,2.9887,5.171598434448242,4.858584403991699,3.4282450675964355,5.24828052520752,4.181900501251221,4.20563268661499
WA011,2002,6,7.889,8.796860694885254,7.371139049530029,9.030405044555664,4.960106372833252,8.122688293457031,10.72075366973877
WA011,2002,7,4.671,2.5086538791656494,2.6550323963165283,3.602503538131714,4.304553031921387,5.136733531951904,2.89920711517334
WA011,2002,8,1.0768,1.4327607154846191,1.9749786853790283,1.4276504516601562,5.812044620513916,2.257096767425537,1.2056828737258911
WA011,2002,9,2.5,1.7993754148483276,1.4217801094055176,2.0838515758514404,3.7981038093566895,3.1153430938720703,1.120864748954773
WA011,2002,10,5.4945,5.283310890197754,4.081716060638428,4.32487678527832,6.112473964691162,5.612884998321533,5.336713790893555
WA011,2002,11,1.8013,1.787169337272644,2.8150975704193115,1.7357022762298584,0.9068763852119446,1.8757644891738887,2.3916752338409424
WA011,2002,12,0.0626,0.4390047192573547,1.2967283725738523,0.1260027587413787,0.1093494370579719,0.3888390362262726,0.0806387364864349
WA011,2003,1,1.1448,0.4888046681880951,1.3696731328964231,1.1396284103393557,0.6297134757041931,0.9578787088394164,1.7298442125320437
WA011,2003,2,0.8882,1.216446042060852,0.8571888208389282,1.0824538469314575,0.5341359376907349,1.474616527557373,0.915202796459198
WA011,2003,3,1.49,1.8813834190368648,1.433241367340088,1.5852282047271729,0.825525164604187,1.846625566482544,1.9072864055633545
WA011,2003,4,6.5393,6.850918769836426,4.359311103820801,5.962702751159668,4.027774810791016,6.093429565429688,5.281265735626221
WA011,2003,5,2.471,2.5377652645111084,4.808861255645752,3.2015295028686523,2.5113983154296875,3.1391634941101074,3.2761964797973637
WA011,2003,6,5.9457,6.512548446655273,5.078100204467773,7.013381481170654,8.299911499023438,7.228628158569336,7.272854328155518
WA011,2003,7,2.2635,1.4473870992660522,0.9757804870605468,2.0401387214660645,7.341734409332275,2.8297781944274902,1.7641271352767944
WA011,2003,8,0.42,0.9417865872383118,1.4918062686920166,0.5584787130355835,3.1376640796661377,1.5458430051803589,1.149232268333435
WA011,2003,9,3.7153,3.799337387084961,4.160755634307861,3.1763947010040283,6.438075542449951,4.600440502166748,3.61261796951294
WA011,2003,10,3.4268,5.297211647033691,4.215900421142578,4.574119567871094,4.506241798400879,5.137648582458496,5.195555686950684
WA011,2003,11,2.1363,2.2499818801879883,2.829739809036255,1.8620822429656985,1.0789939165115356,2.3263888359069824,2.9104161262512207
WA011,2003,12,0.0074,0.6733474731445312,1.1999911069869995,0.6969319581985474,0.6949435472488403,0.6292591691017151,0.7883117198944092
WA011,2004,1,1.1006,0.525107741355896,0.978144109249115,0.7842322587966919,0.711992084980011,1.2222613096237185,1.592750906944275
WA011,2004,2,1.1669,1.4190536737442017,0.9815137982368468,1.3909595012664795,0.6161190271377563,1.558175563812256,0.937518298625946
WA011,2004,3,2.4255,1.6457910537719729,1.3337219953536987,1.9296081066131592,2.4185092449188232,2.2280728816986084,0.883076548576355
WA011,2004,4,2.945,3.3651885986328125,2.0818188190460205,2.578534841537476,4.623327255249023,3.111039161682129,2.708361387252808
WA011,2004,5,6.6739,5.7223219871521,4.130382061004639,6.407281398773193,5.245377540588379,6.320666313171387,6.387084484100342
WA011,2004,6,4.0043,4.291723251342773,3.412763357162476,4.1810622215271,3.667690992355346,4.186015129089356,4.591646671295166
WA011,2004,7,2.669,1.9368685483932493,4.982230186462402,2.165867567062378,5.592750549316406,3.587740182876587,2.175412178039551
WA011,2004,8,2.1177,1.2278419733047483,4.091742515563965,1.9712059497833248,3.7733969688415527,2.6227402687072754,1.0383403301239014
WA011,2004,9,7.2793,5.885968208312988,3.4672412872314453,7.668320178985596,5.007489204406738,8.106097221374512,5.202216625213623
WA011,2004,10,4.7045,4.432327747344971,4.950709819793701,4.850309371948242,4.424368381500244,4.633270263671875,6.752034664154053
WA011,2004,11,0.8453,1.418183445930481,2.766100645065308,1.5837273597717283,2.0353620052337646,1.4846593141555786,1.843749046325684
WA011,2004,12,0.0039,0.5883520841598511,0.7981798648834229,0.4185013771057129,0.6990302801132202,0.5680334568023682,0.1451592892408371
WA011,2005,1,0.0013,0.2216348350048065,0.237657830119133,0.1445678919553756,0.2806261777877807,0.1541083455085754,0.0564506165683269
WA011,2005,2,0.9068,1.5088038444519043,1.1052205562591553,0.8139559030532837,1.7374744415283203,1.5094422101974487,1.066994547843933
WA011,2005,3,3.6697,4.9123125076293945,1.4437370300292969,4.140279293060303,3.072702646255493,3.9753201007843018,5.002073764801025
WA011,2005,4,2.6143,4.297542572021484,2.648775577545166,2.93869423866272,4.193247318267822,3.37780499458313,2.283353805541992
WA011,2005,5,4.5455,4.989830493927002,5.569852352142334,4.41900634765625,3.780462741851807,4.617401123046875,5.653205871582031
WA011,2005,6,3.6433,3.983912467956543,4.397809028625488,4.81866455078125,5.247454643249512,4.504311561584473,6.02913236618042
WA011,2005,7,2.3423,1.5581072568893433,1.7799547910690308,2.50311279296875,2.6195287704467773,1.9678330421447756,2.2883172035217285
WA011,2005,8,1.5032,1.8798229694366453,1.5946193933486938,1.7010798454284668,2.81103777885437,1.6823831796646118,0.971806526184082
WA011,2005,9,3.826,2.8448379039764404,3.3262932300567627,2.837624311447144,4.56240701675415,4.815048694610596,1.9771430492401123
WA011,2005,10,3.3497,4.102630615234375,4.290893077850342,3.658331632614136,3.3519577980041504,4.88493537902832,3.691526412963867
WA011,2005,11,1.7433,1.7365689277648926,2.756476879119873,1.7333589792251587,1.2408981323242188,1.8632709980010984,2.939563035964966
WA011,2005,12,0.2252,0.5860506892204285,1.4546692371368408,0.4150379598140716,0.3480406105518341,0.5518659949302673,0.4294256865978241
WA011,2006,1,0.531,0.6470708847045898,1.1128816604614258,0.7413721084594727,0.4378718137741089,0.5714294910430908,0.6754109263420105
WA011,2006,2,1.0536,0.8295604586601257,1.0553133487701416,0.8828663229942322,1.3041977882385254,0.9345905780792236,0.3281341195106506
WA011,2006,3,3.6197,3.5289289951324463,1.2231156826019287,3.500646114349365,2.834477424621582,3.175262451171875,2.246006965637207
WA011,2006,4,2.4327,2.7371644973754883,2.457973957061768,2.309159517288208,1.8681020736694336,2.425398826599121,2.0166823863983154
WA011,2006,5,8.7326,7.473842620849609,6.057728290557861,9.101627349853516,5.412662982940674,7.486032009124756,7.566507339477539
WA011,2006,6,4.7387,6.126437664031982,5.067727565765381,5.246620178222656,5.150810241699219,5.231442928314209,5.579134464263916
WA011,2006,7,1.7165,2.282682180404663,2.7910685539245605,1.6809346675872805,4.187453746795654,2.386461019515991,1.8125033378601076
WA011,2006,8,1.9229,1.2114447355270386,1.859830975532532,1.321325421333313,3.4331536293029785,2.1498565673828125,0.762122631072998
WA011,2006,9,4.3567,4.220060348510742,5.845706939697266,4.2193684577941895,6.493182182312012,5.164244174957275,3.848023176193237
WA011,2006,10,5.7432,4.097031593322754,3.4655919075012207,5.003931522369385,3.4103333950042725,4.284541130065918,4.135082244873047
WA011,2006,11,0.4927,0.6410266160964966,1.605832576751709,0.5031628608703613,0.8705976605415344,0.8400552272796631,2.1666808128356934
WA011,2006,12,0.0481,0.2377030700445175,0.4460344016551971,0.1954663097858429,0.1653722375631332,0.3052800595760345,0.0
WA011,2007,1,0.0019,0.0954023227095604,0.0813500583171844,0.0553146228194236,0.0598360337316989,0.104148656129837,0.0
WA011,2007,2,0.2564,1.2702836990356443,0.9594008326530457,0.7959548234939575,0.8196228742599487,0.7442910075187683,0.6227830052375793
WA011,2007,3,1.7629,2.174722194671631,0.8054338097572327,1.911965250968933,1.6877782344818115,1.7732356786727903,2.4314770698547363
WA011,2007,4,3.5477,3.3446075916290283,1.946937561035156,4.076454639434815,3.4277830123901367,3.0082268714904785,3.2333428859710693
WA011,2007,5,5.1174,5.080685138702393,2.071950674057007,4.779675960540772,6.722045421600342,4.994414329528809,5.949589729309082
WA011,2007,6,6.0287,6.30827522277832,7.592207431793213,7.731987953186035,5.191617488861084,6.4759674072265625,6.858283042907715
WA011,2007,7,4.1865,5.105431079864502,5.976329326629639,4.6636738777160645,8.480415344238281,6.125289916992188,4.729846477508545
WA011,2007,8,3.5023,2.54837417602539,3.220449447631836,2.7080910205841064,4.789819240570068,3.528258800506592,1.8347259759902956
WA011,2007,9,4.222,6.930869102478027,4.1690287590026855,4.015671253204346,9.642955780029297,7.677992343902588,4.125109672546387
WA011,2007,10,4.1268,4.746994018554688,3.9826409816741934,4.7546892166137695,5.50657320022583,7.213191509246826,5.022181034088135
WA011,2007,11,1.674,1.0237735509872437,2.541508197784424,1.3641008138656616,0.7203922867774963,1.223906397819519,2.735414981842041
WA011,2007,12,0.0561,0.692766547203064,0.8402231931686401,0.6543644070625305,1.0124742984771729,1.0272305011749268,1.3870888948440552
WA011,2008,1,0.3335,0.229619950056076,0.3150839805603027,0.678827702999115,1.1824451684951782,0.5262992978096008,0.2802437543869018
WA011,2008,2,0.1348,0.4330460429191589,0.3588206768035888,0.4058554768562317,0.1840952485799789,0.9328033328056335,0.7801958322525024
WA011,2008,3,2.7748,2.806488037109375,2.1080162525177,2.252081871032715,1.222225308418274,2.668731927871704,3.060519933700561
WA011,2008,4,3.2333,3.22330641746521,2.1940267086029053,3.3950769901275635,1.656328558921814,3.5397560596466064,4.168744087219238
WA011,2008,5,4.7061,6.543417930603027,4.241302490234375,5.566675186157227,3.1798458099365234,6.054697513580322,5.997961521148682
WA011,2008,6,8.2673,6.544445514678955,5.437571048736572,8.527151107788086,7.6610636711120605,6.671679973602295,7.710381984710693
WA011,2008,7,7.7765,5.410061836242676,4.2046217918396,4.723776340484619,8.354458808898926,7.267007350921631,4.86090087890625
WA011,2008,8,3.5768,1.94315505027771,3.415306568145752,2.259699821472168,3.2682945728302,2.563035249710083,1.165359377861023
WA011,2008,9,3.4263,4.075912952423096,3.809242248535156,4.049552440643311,6.276920318603516,4.631615161895752,3.995957851409912
WA011,2008,10,3.86,3.688596248626709,2.7564597129821777,3.61364221572876,3.416938781738281,4.882670402526856,3.576616048812866
WA011,2008,11,0.496,1.9558448791503904,1.466567873954773,0.944420039653778,0.7278373837471008,1.222514033317566,3.747889280319214
WA011,2008,12,0.1884,1.3438185453414917,1.597246527671814,1.6270945072174072,1.6872293949127195,1.4970048666000366,0.9838694334030152
WA011,2009,1,0.02,0.4505346417427063,0.943906307220459,0.136501058936119,0.6524477005004883,0.3996857106685638,0.6028332710266113
WA011,2009,2,0.7818,1.6556450128555298,0.8232527375221252,1.9508497714996336,1.2121418714523315,1.281048059463501,1.466557264328003
WA011,2009,3,3.3965,3.148273706436157,1.179539680480957,2.23128342628479,3.3391330242156982,2.0687496662139893,1.5242122411727903
WA011,2009,4,3.676,4.637131690979004,1.6542540788650513,4.782546520233154,5.735136032104492,4.608168601989746,5.412527084350586
WA011,2009,5,2.7765,4.289294242858887,4.460278511047363,5.198136806488037,4.18634557723999,4.523410797119141,5.100818157196045
WA011,2009,6,6.468,8.629292488098145,10.513848304748535,10.054864883422852,6.745066165924072,7.942861557006836,8.745752334594727
WA011,2009,7,4.23,4.288895130157471,4.568576812744141,4.100338459014893,6.155879020690918,4.598355770111084,3.82863450050354
WA011,2009,8,2.0248,1.6231043338775637,1.6717246770858765,2.105198621749878,3.1651599407196045,2.196200370788574,1.1573022603988647
WA011,2009,9,2.341,1.601098895072937,2.137199640274048,1.7227097749710083,3.5234413146972656,2.1811680793762207,1.187540054321289
WA011,2009,10,2.7623,2.378405809402466,2.8104686737060547,2.3777432441711426,4.278573036193848,3.109797954559326,2.931467056274414
WA011,2009,11,0.7857,1.1520380973815918,1.2139686346054075,1.0349173545837402,0.9351776838302612,1.0454062223434448,2.2833495140075684
WA011,2009,12,0.0029,0.6504216194152832,1.1057007312774658,0.3291581869125366,0.106123462319374,1.0497368574142456,0.6290262937545776
WA011,2010,1,0.3745,0.4754056334495544,0.694807767868042,0.5258535742759705,0.3692077696323395,0.4884680807590484,1.054433822631836
WA011,2010,2,1.1589,1.747944951057434,1.088189721107483,2.447625160217285,1.0052812099456787,2.493006944656372,1.9732534885406492
WA011,2010,3,1.7677,4.376523494720459,1.4937005043029783,2.819902181625366,3.670292615890503,2.734715700149536,2.9314961433410645
WA011,2010,4,3.51,2.9362897872924805,2.3653564453125,3.3051114082336426,2.975281953811645,3.0852088928222656,2.189603090286255
WA011,2010,5,4.7584,5.04569673538208,3.682676553726196,4.9245429039001465,5.215505123138428,4.50834321975708,4.659262657165527
WA011,2010,6,6.438,7.144305229187012,5.813559055328369,7.928909301757812,6.298585891723633,6.416127681732178,8.149921417236328
WA011,2010,7,2.6542,3.1475908756256104,2.817014694213867,2.3889145851135254,3.8415703773498535,3.5990524291992188,3.592748641967773
WA011,2010,8,2.7565,2.5258846282958984,4.6871418952941895,2.7688941955566406,3.663558006286621,3.1586124897003174,1.4476248025894165
WA011,2010,9,7.5443,6.697000503540039,8.150431632995605,5.559613227844238,8.110635757446289,7.196264743804932,6.141856670379639
WA011,2010,10,5.1106,5.3488593101501465,4.514732360839844,4.820869445800781,7.114321231842041,6.256656646728516,5.586708545684815
WA011,2010,11,4.1377,3.818692684173584,2.4199540615081787,2.8338634967803955,2.1461181640625,2.882310628890991,5.1458353996276855
WA011,2010,12,0.461,0.4513424634933471,1.1461236476898191,0.4917162656784057,0.4171205461025238,0.4779747128486633,0.5886982679367065
WA011,2011,1,0.0003,0.1749478727579116,0.3079679906368255,0.0240000002086162,0.0125197116285562,0.0629680454730987,0.0806431695818901
WA011,2011,2,2.6125,4.936413764953613,2.617255210876465,2.378343343734741,3.0490310192108154,3.871562957763672,2.609443426132202
WA011,2011,3,0.2955,1.736751914024353,0.913132905960083,0.679391622543335,0.7377243638038635,1.607319712638855,0.524203360080719
WA011,2011,4,4.3977,3.596505641937256,1.9393080472946167,3.859455823898315,4.333374977111816,2.846381664276123,3.166685104370117
WA011,2011,5,5.4081,5.103201866149902,6.93898344039917,5.384505748748779,3.7761518955230713,4.218823432922363,5.977787494659424
WA011,2011,6,5.3323,5.313051700592041,4.894611835479736,4.687152862548828,5.733390808105469,4.427635192871094,5.737458229064941
WA011,2011,7,4.0677,4.574870586395264,4.16671085357666,4.290246486663818,7.039172172546387,4.59318733215332,3.576622009277344
WA011,2011,8,1.3603,1.1729531288146973,1.7329930067062378,1.0784273147583008,3.3871002197265625,1.571691632270813,0.8286564946174622
WA011,2011,9,3.141,2.889658212661743,4.707767486572266,1.932355284690857,3.775022268295288,3.738273143768311,2.4917359352111816
WA011,2011,10,5.1913,7.466270446777344,5.458898067474365,5.242726802825928,7.138517379760742,6.3031110763549805,8.633077621459961
WA011,2011,11,1.3527,1.080183029174805,1.7202802896499634,0.8444267511367798,0.9452410936355592,1.1855835914611816,0.891661524772644
WA011,2011,12,0.0,0.2521380484104156,0.536820113658905,0.0,0.0016284338198602,0.1497648656368255,0.024192551150918
WA011,2012,1,0.1381,0.4061519205570221,0.8098452091217041,0.4042340219020843,0.2714666128158569,0.4260191917419433,0.5887071490287781
WA011,2012,2,1.9059,1.9103114604949951,1.3708866834640503,1.7951074838638306,2.082145929336548,1.83794367313385,3.030256509780884
WA011,2012,3,0.6594,1.685178279876709,1.65366530418396,0.9592863917350768,1.3820558786392212,1.5282357931137085,1.0705772638320925
WA011,2012,4,2.9217,3.525353193283081,2.8282229900360107,3.4289822578430176,4.168967723846436,3.689743280410767,4.793768882751465
WA011,2012,5,5.1206,4.551332950592041,5.516092777252197,4.038206100463867,5.226652145385742,4.105521202087402,5.070551872253418
WA011,2012,6,8.3103,5.992038249969482,7.049485683441162,7.116079330444336,7.052815914154053,6.462568759918213,7.958269596099853
WA011,2012,7,3.4439,2.571690797805786,2.6526541709899902,2.0904550552368164,3.5533039569854736,2.5292797088623047,2.272186279296875
WA011,2012,8,2.5955,1.3857431411743164,1.5329853296279907,1.1671243906021118,2.0882363319396973,1.228448510169983,0.5605043172836304
WA011,2012,9,3.0013,3.3120689392089844,5.417140007019043,2.611743450164795,4.762950420379639,4.393457889556885,3.5730173587799072
WA011,2012,10,6.7097,5.586607456207275,3.7611780166625977,3.372164487838745,4.7354416847229,4.41351318359375,4.4999871253967285
WA011,2012,11,0.612,1.9651650190353396,1.871747732162476,1.0034611225128174,1.131357192993164,1.98258376121521,1.5020722150802612
WA011,2012,12,0.1735,0.6425617337226868,1.1499193906784058,0.4837673902511596,1.12164044380188,1.047234296798706,1.167330622673035
WA011,2013,1,0.4081,0.5789322257041931,0.4495380818843841,0.4312526285648346,0.5970478057861328,0.6640468835830688,1.5141125917434692
WA011,2013,2,0.1496,0.7809568643569946,0.7603033781051636,0.3516617119312286,0.3645577132701874,1.010843276977539,0.924132525920868
WA011,2013,3,3.9277,2.8710291385650635,0.9772960543632508,2.2696433067321777,3.657810926437378,3.30263352394104,3.129075050354004
WA011,2013,4,4.6077,2.998701572418213,2.576376914978028,3.706351757049561,4.261959552764893,3.848786592483521,5.143788814544678
WA011,2013,5,5.4497,4.501655101776123,4.059373378753662,6.465285778045654,4.921337127685547,5.019796371459961,7.18747091293335
WA011,2013,6,3.571,3.263051748275757,3.2881128787994385,3.841367244720459,2.8849222660064697,4.019955635070801,4.66038990020752
WA011,2013,7,2.8626,1.5880824327468872,2.341674327850342,1.6140340566635132,2.912724018096924,2.1348178386688232,1.5282330513000488
WA011,2013,8,0.2245,0.607715368270874,0.8038873672485352,0.2595058381557464,1.0086126327514648,1.039228081703186,0.3145279586315155
WA011,2013,9,2.158,3.0694894790649414,4.131637573242188,1.7751781940460205,3.517298936843872,3.204118013381958,3.0917537212371826
WA011,2013,10,1.0877,2.266500473022461,2.464434862136841,1.6981723308563232,3.444757461547852,3.436065673828125,2.3810667991638184
WA011,2013,11,0.4207,1.25970458984375,2.5569815635681152,1.1791361570358276,0.9366231560707092,1.6747716665267944,3.524996280670166
WA011,2013,12,0.0994,0.7848730683326721,1.1284064054489136,0.6261579990386963,0.1940920054912567,1.0777448415756226,0.9092784523963928
WA011,2014,1,0.2629,0.6702426075935364,1.3333146572113037,0.9240902066230774,1.459473967552185,1.2536505460739136,1.399198055267334
WA011,2014,2,1.5364,1.6898243427276611,1.649741291999817,1.9097485542297363,0.6500542759895325,1.7259764671325684,1.895119428634644
WA011,2014,3,3.46,2.9634270668029785,1.728599190711975,3.26043438911438,2.4938406944274902,3.083369493484497,3.0927741527557373
WA011,2014,4,2.109,2.582921266555786,2.7626402378082275,1.835740566253662,2.1383206844329834,2.8144755363464355,2.3437530994415283
WA011,2014,5,4.7132,4.603691101074219,5.493951797485352,5.447765350341797,3.622634649276733,5.382897853851318,5.247978210449219
WA011,2014,6,3.532,4.543397426605225,8.668396949768066,4.484909534454346,4.141520977020264,4.8856048583984375,6.095790386199951
WA011,2014,7,2.8826,3.6221790313720703,4.092405319213867,2.839694023132324,2.866001844406128,3.814763069152832,3.959688186645508
WA011,2014,8,3.0387,2.337254762649536,2.584172010421753,2.880176067352295,4.632724761962891,2.9148595333099365,1.4899660348892212
WA011,2014,9,6.0187,4.951229095458984,5.198550701141357,4.627983093261719,7.84424352645874,7.097021579742432,3.973013401031494
WA011,2014,10,2.1,2.585168600082397,4.012081146240234,2.950439691543579,3.396542549133301,2.3014814853668213,3.6592769622802734
WA011,2014,11,1.4723,1.5922064781188965,2.701888084411621,1.1352434158325195,1.140107035636902,1.7538214921951294,4.579164028167725
WA011,2014,12,0.0016,0.4287382364273071,1.0090065002441406,0.2321383208036422,0.597456157207489,0.6335471272468567,0.3125018179416656
WA011,2015,1,0.0026,0.4331070184707641,0.5974018573760986,0.1164383515715599,0.3021045923233032,0.608917236328125,0.159277006983757
WA011,2015,2,1.4825,1.5966031551361084,1.6988768577575684,1.4298138618469238,1.4161540269851685,1.7729192972183228,1.946468949317932
WA011,2015,3,3.6452,6.600039958953857,2.6609420776367188,3.0751399993896484,3.951488971710205,3.605764865875244,6.637186527252197
WA011,2015,4,1.6307,2.5876636505126958,1.274427890777588,1.6286283731460571,1.842867136001587,2.086463689804077,1.7000092267990112
WA011,2015,5,2.8768,3.5510518550872803,7.236635684967041,3.4783365726470947,1.9922261238098145,3.4904773235321045,2.8266141414642334
WA011,2015,6,5.602,4.677010536193848,4.951836109161377,6.757668972015381,3.988863706588745,5.578670024871826,5.360377311706543
WA011,2015,7,1.6777,1.813935399055481,5.017477035522461,1.9554568529129028,2.85880184173584,1.7707031965255735,0.6552445292472839
WA011,2015,8,1.191,0.8590582609176636,1.6088579893112185,0.796336829662323,1.7732936143875122,1.5733426809310913,1.022204875946045
WA011,2015,9,1.2253,1.9712989330291748,1.9747716188430784,0.9448375105857848,2.507925510406494,1.7909235954284668,2.675076484680176
WA011,2015,10,4.8719,4.600130081176758,3.347589492797852,4.0944437980651855,3.9043831825256334,5.069028854370117,4.665328979492188
WA011,2015,11,0.85,2.112873077392578,2.303048610687256,1.410402536392212,0.8571491241455078,1.8665776252746584,2.1604182720184326
WA011,2015,12,0.4019,0.2042011469602584,0.176060140132904,0.3645907044410705,0.1976848989725113,0.3614169359207153,0.0
WA011,2016,1,0.001,0.1861864924430847,0.5209600925445557,0.0692810043692588,0.0548289269208908,0.3101377487182617,0.0887086763978004
WA011,2016,2,0.2414,0.3107717335224151,0.2792195975780487,0.198474571108818,0.263340562582016,0.3023270070552826,0.0948265269398689
WA011,2016,3,3.6894,6.385903835296631,2.6342122554779053,3.868686199188232,4.24749755859375,4.13694429397583,3.582710027694702
WA011,2016,4,3.6207,2.582942247390747,1.9623816013336184,2.483124017715454,3.505213022232056,3.1201562881469727,3.310424327850342
WA011,2016,5,3.2432,4.978236198425293,5.400690078735352,4.025038719177246,4.063991546630859,4.5684099197387695,5.264087677001953
WA011,2016,6,4.9907,4.611217975616455,8.073922157287598,5.417129039764404,4.896757125854492,5.3710527420043945,6.047863960266113
WA011,2016,7,2.5726,1.8533873558044436,2.3306031227111816,2.076523303985596,2.38511061668396,2.581247091293335,1.9496055841445925
WA011,2016,8,1.1429,1.1167296171188354,2.672668695449829,1.7130708694458008,2.120450019836426,1.7865453958511353,1.2077006101608276
WA011,2016,9,5.986,5.46130895614624,4.892564296722412,4.815848350524902,5.570846557617188,5.736074924468994,3.423006772994995
WA011,2016,10,5.1329,4.997363567352295,4.846145153045654,4.300605297088623,3.919736385345459,4.6251091957092285,4.258058071136475
WA011,2016,11,0.4883,2.3794150352478027,2.0609400272369385,0.8116902709007263,0.7523438334465027,1.3592159748077393,2.520822286605835
WA011,2016,12,0.1584,0.9264788627624512,1.0578027963638306,0.271131694316864,0.3892194628715515,0.6777710318565369,0.8245924115180969
WA011,2017,1,0.0116,0.6817376613616943,0.5610589981079102,0.3814633786678314,0.2674186825752258,0.9925901889801024,0.5987903475761414
WA011,2017,2,0.5107,0.5801902413368225,1.265112042427063,0.4338837563991546,0.5560494661331177,0.7506358027458191,0.4442115426063537
WA011,2017,3,2.0887,1.5882513523101809,1.616715908050537,1.9569731950759888,2.3224480152130127,2.4413583278656006,2.302444696426392
WA011,2017,4,4.366,4.810934543609619,2.915243864059448,3.3969886302948,3.5314183235168457,4.316194534301758,2.385425567626953
WA011,2017,5,3.7719,5.338836193084717,4.5342302322387695,3.916490316390991,3.9694244861602783,5.233920097351074,4.715704917907715
WA011,2017,6,4.3767,7.72985029220581,6.294828414916992,7.520009994506836,5.772459506988525,0.1262640357017517,10.741582870483398
WA011,2017,7,5.8465,4.301080703735352,4.107236385345459,4.689438819885254,4.976041316986084,0.0879249274730682,3.2056565284729004
WA011,2017,8,1.9235,1.5938929319381714,2.901997327804565,1.4288818836212158,2.7873709201812744,2.280681133270264,1.5585167407989502
WA011,2017,9,3.954,2.499905824661255,2.816118001937866,2.344545602798462,4.308293342590332,3.048434257507324,3.283414840698242
WA011,2017,10,0.5048,2.727138042449951,3.763753890991211,1.1435751914978027,1.4076318740844729,2.4305789470672607,0.7600846886634827
WA011,2017,11,1.8593,2.780606746673584,2.6943254470825195,1.710047960281372,1.9569250345230105,2.2705204486846924,3.4791550636291504
WA011,2017,12,0.4016,0.6604358553886414,1.240315079689026,0.4989449679851532,0.4286303520202636,0.8088841438293457,0.5181427597999573
WA011,2018,1,0.0,0.181174024939537,0.2368273138999939,0.0553146228194236,0.022350238636136,0.1486973911523819,0.0
WA011,2018,2,1.9821,1.513847827911377,1.3505518436431885,2.783663272857666,2.3900866508483887,2.447983503341675,0.6852911710739136
WA011,2018,3,1.8103,2.5894665718078613,1.5627351999282837,1.4568138122558594,2.31091856956482,2.433369874954224,2.6089072227478027
WA011,2018,4,2.1243,1.8904638290405276,1.9016327857971191,2.1348934173583984,1.8784492015838623,2.036015510559082,3.1021032333374023
WA011,2018,5,4.8484,4.540651798248291,4.895734786987305,4.829546928405762,4.123861312866211,4.9431633949279785,4.548370838165283
WA011,2018,6,4.976,4.812582492828369,6.303781032562256,4.737372875213623,3.994380474090576,5.77345609664917,5.837462902069092
WA011,2018,7,3.5639,2.2337663173675537,3.0212953090667725,2.115975379943848,4.503693103790283,3.5591909885406494,2.427424430847168
WA011,2018,8,1.7161,1.8937020301818848,2.976125240325928,1.495594143867493,3.72165846824646,2.709200859069824,2.0907983779907227
WA011,2018,9,5.7663,5.17871618270874,5.425858497619629,3.761651277542114,6.377834796905518,5.875179767608643,4.539693355560303
WA011,2018,10,5.1313,5.3276686668396,5.279720783233643,4.6043620109558105,4.590487003326416,4.745442390441895,5.137104511260986
WA011,2018,11,0.8577,1.6414594650268557,2.2508997917175293,0.9805426597595216,1.2781885862350464,1.3182600736618042,1.6437444686889648
WA011,2018,12,0.0374,0.37091925740242,1.1163290739059448,0.4476544559001922,0.1619361340999603,0.2271115332841873,0.5322604775428772
WA011,2019,1,0.8255,0.5982670783996582,0.698548436164856,0.7345349192619324,0.8073986172676086,0.7374370694160461,0.2096754163503646
WA011,2019,2,1.6257,1.7025803327560425,2.073129415512085,1.4911470413208008,1.665824055671692,2.0250799655914307,1.3437644243240356
WA011,2019,3,4.4561,3.616042137145996,1.4968324899673462,3.80990481376648,3.718276262283325,3.343325614929199,1.7097123861312866
WA011,2019,4,2.8553,3.483145236968994,2.9487431049346924,3.381064891815185,3.2133166790008545,3.6242098808288574,4.216670989990234
WA011,2019,5,8.069,7.338402271270752,4.468613147735596,8.016595840454102,6.337133407592773,5.809135913848877,5.461639881134033
WA011,2019,6,5.2843,4.982069969177246,5.777085304260254,5.609545230865479,5.58543872833252,5.069974899291992,7.112464904785156
WA011,2019,7,4.6255,4.191287994384766,4.763427734375,3.5787925720214844,5.903851509094238,4.979632377624512,3.086712121963501
WA011,2019,8,1.019,0.8175881505012512,1.563402533531189,0.6904895901679993,2.206702470779419,1.6565083265304563,0.7298818826675415
WA011,2019,9,7.022,5.297255516052246,5.14387845993042,5.6910481452941895,7.6079182624816895,5.799075126647949,4.214707851409912
WA011,2019,10,7.0016,6.60305643081665,13.085153579711914,7.1474151611328125,8.11680793762207,7.319242000579834,13.37849235534668
WA011,2019,11,2.0833,2.521711826324463,2.424781322479248,2.0376534461975098,1.7802599668502808,2.0030996799468994,1.1645913124084473
WA011,2019,12,0.2897,0.6279898881912231,1.202794313430786,0.3570150434970855,0.4326805770397186,0.5917275547981262,0.3064496219158172
WA011,2020,1,0.001,0.2149883806705474,0.200429156422615,0.1265672296285629,0.1015423983335495,0.1750614196062088,0.1391070932149887
WA011,2020,2,0.0045,0.2052245736122131,0.4512039721012115,0.1716589629650116,0.0282332431524992,0.1765767484903335,0.3168191611766815
WA011,2020,3,2.0032,2.267848253250122,1.7910869121551514,1.9303309917449951,2.2753851413726807,2.425530433654785,1.9214390516281128
WA011,2020,4,3.8827,4.873591423034668,2.046933650970459,4.049031734466553,3.736206531524658,4.339357852935791,2.8208212852478027
WA011,2020,5,6.6065,6.87253475189209,3.8592605590820312,5.509991645812988,10.321097373962402,5.762904644012451,3.907322645187378
WA011,2020,6,4.531,5.2641801834106445,8.15981388092041,5.073526382446289,11.926247596740724,6.259820938110352,8.774660110473633
WA011,2020,7,1.4287,1.6082050800323486,2.096944093704224,1.6027472019195557,2.805738925933838,2.341034412384033,1.5907703638076782
WA011,2020,8,0.1848,0.4335322082042694,0.5585247874259949,0.2550967037677765,0.7475129961967468,0.6197147369384766,0.2681566178798675
WA011,2020,9,4.9057,4.160356998443604,2.4213345050811768,4.107604503631592,6.18618631362915,5.099264144897461,1.8584250211715696
WA011,2020,10,4.27,4.319952487945557,6.847630977630615,4.5596923828125,4.253687858581543,4.631773948669434,7.469478130340576
WA011,2020,11,0.765,1.2370094060897827,1.830834150314331,1.1675899028778076,1.4430923461914062,1.5609639883041382,1.4979078769683838
WA011,2020,12,1.0216,0.6123804450035095,0.8893424868583679,1.0561115741729736,0.9022744297981262,1.109402060508728,0.3447598814964294
WA012,2001,1,0.0784,0.2513239979743957,0.9662466645240784,0.1874739825725555,0.0236174389719963,0.1669240593910217,0.2500020861625671
WA012,2001,2,0.5754,0.3649547398090362,0.6647355556488037,0.3118216693401336,0.8050259947776794,0.3738893270492553,0.1071428582072258
WA012,2001,3,1.42,1.5991297960281372,3.324389934539795,1.408520221710205,1.304259181022644,1.8238699436187744,1.2903225421905518
WA012,2001,4,5.5453,4.193216323852539,4.413434028625488,5.931093215942383,7.272077560424805,4.426153182983398,4.683311462402344
WA012,2001,5,6.1768,6.80101203918457,6.934869766235352,6.855640888214111,7.753349781036377,6.494204521179199,6.8548431396484375
WA012,2001,6,5.0143,8.4899320602417,11.209138870239258,7.143264293670654,6.458784580230713,7.060384273529053,8.400016784667969
WA012,2001,7,3.1184,2.2872326374053955,4.911249160766602,2.412527322769165,2.7322020530700684,2.9884541034698486,1.8790301084518437
WA012,2001,8,0.5455,0.6761919260025024,2.07319974899292,0.5856773257255554,1.4133678674697876,0.6675960421562195,0.5403246879577637
WA012,2001,9,4.9587,3.672120094299317,3.937689781188965,4.126947402954102,4.888442039489746,4.58836030960083,4.316679954528809
WA012,2001,10,2.4381,3.2016382217407227,2.424734115600586,2.2870864868164062,2.64324951171875,3.0433685779571533,1.8871009349823
WA012,2001,11,0.8673,1.0836642980575562,2.514455795288086,0.9545671343803406,1.504365086555481,0.9790619015693665,0.4000000059604645
WA012,2001,12,0.0987,0.3622468113899231,1.1630667448043823,0.1808388233184814,0.8684920072555542,0.7403296828269958,0.1612903177738189
WA012,2002,1,0.6742,0.4397200345993042,0.8554916977882385,0.5964452624320984,0.9166189432144164,0.2897692322731018,1.4113092422485352
WA012,2002,2,0.0189,0.4097745716571808,1.2093762159347534,0.3533509075641632,0.2883980274200439,0.8410355448722839,0.0803548172116279
WA012,2002,3,2.1097,2.344523906707764,2.2603259086608887,1.7608730792999268,2.315620422363281,2.5582854747772217,2.0161333084106445
WA012,2002,4,6.6667,3.946896553039551,2.740973949432373,6.3334174156188965,4.085466384887695,5.326177597045898,4.366649627685547
WA012,2002,5,3.9284,3.911941528320313,6.241607189178467,2.974642515182495,4.307404518127441,3.536489725112915,3.790326833724976
WA012,2002,6,9.5667,13.919838905334473,10.994467735290527,11.267020225524902,8.317777633666992,9.233477592468262,14.899999618530272
WA012,2002,7,5.6661,5.66910457611084,4.086630821228027,5.422377586364746,6.830231189727783,7.750973224639893,4.354838848114014
WA012,2002,8,1.4416,1.3570762872695925,3.1477224826812744,1.1516823768615725,3.864092111587525,1.4666624069213867,1.7338731288909912
WA012,2002,9,2.626,2.410471200942993,2.473883390426636,2.192534923553467,2.8348805904388428,2.851149320602417,1.9750064611434937
WA012,2002,10,7.9429,7.182095050811768,4.688668727874756,5.690492630004883,6.95024299621582,6.076187133789063,7.508091926574707
WA012,2002,11,1.7107,1.224216103553772,2.514880657196045,1.6211819648742676,0.9311871528625488,1.5280777215957642,1.4249935150146484
WA012,2002,12,0.0697,0.2745102047920227,1.6423975229263306,0.0713475942611694,0.0670932680368423,0.1388627290725708,0.0322580635547637
WA012,2003,1,1.4629,0.9166328310966492,2.072204351425171,1.2990249395370483,1.4496314525604248,1.128631830215454,1.7742187976837158
WA012,2003,2,1.4668,1.2351619005203247,1.1728360652923584,1.277205228805542,0.885538637638092,1.2489135265350342,1.098216533660889
WA012,2003,3,1.0165,1.233707308769226,2.06342887878418,1.308923602104187,0.6666871309280396,1.380105972290039,1.1451570987701416
WA012,2003,4,6.8387,8.657522201538086,5.718817710876465,7.014817237854004,7.732663154602051,5.431307792663574,6.28331995010376
WA012,2003,5,2.4842,3.83794617652893,5.786929130554199,3.45310115814209,3.3264400959014893,3.706650495529175,3.306464195251465
WA012,2003,6,7.6543,8.430160522460938,7.082326412200928,7.96012020111084,7.702680110931396,9.245899200439451,9.550013542175291
WA012,2003,7,2.6968,1.6425551176071167,0.7358062267303467,1.9689199924468996,4.731278896331787,2.7745025157928467,2.629036426544189
WA012,2003,8,0.9523,0.927568018436432,1.995233416557312,0.7221094965934753,2.018174886703491,1.4366110563278198,2.798389196395874
WA012,2003,9,6.6517,6.293686866760254,4.725247383117676,5.262112140655518,7.662312507629394,5.971549034118652,5.716688632965088
WA012,2003,10,7.5948,6.320092678070068,5.651729583740234,6.273400783538818,5.64420223236084,5.50814151763916,6.403254985809326
WA012,2003,11,2.268,2.317832946777344,3.346202850341797,2.111214399337769,1.5186482667922974,1.939929485321045,2.641664505004883
WA012,2003,12,0.0,0.3608051240444183,1.5106853246688845,0.2115058302879333,0.3681999444961548,0.350565642118454,0.2661269307136535
WA012,2004,1,2.8394,0.8188958764076233,1.3406656980514526,1.698817491531372,1.0702065229415894,1.7166941165924072,1.1048533916473389
WA012,2004,2,0.7979,1.1530855894088743,1.2655702829360962,1.329616904258728,0.751089334487915,1.020006775856018,0.7241379022598267
WA012,2004,3,1.8739,1.259238600730896,1.8391687870025637,1.873111724853516,2.078528642654419,1.729813575744629,0.8064516186714172
WA012,2004,4,3.171,3.644904851913452,2.9801225662231445,3.1794936656951904,5.0998735427856445,2.855370283126831,3.374997854232788
WA012,2004,5,7.6081,7.238812923431396,6.577488899230957,8.546050071716309,8.224730491638184,7.257965087890625,8.532279014587402
WA012,2004,6,5.9557,6.340317726135254,5.0147809982299805,6.384449005126953,4.239978313446045,4.801538467407227,7.491677761077881
WA012,2004,7,3.6084,3.4915919303894043,3.408123731613159,3.0715808868408203,5.673890113830566,3.596874952316284,4.419363498687744
WA012,2004,8,1.7894,1.40255606174469,3.222622394561768,1.708001732826233,3.1768856048583984,1.9488980770111084,1.6774193048477173
WA012,2004,9,8.529,7.988828659057617,6.335760116577148,9.133336067199709,6.845119953155518,9.511470794677734,8.37502384185791
WA012,2004,10,6.0771,6.578231334686279,4.927911758422852,6.240556716918945,5.37926721572876,5.6263837814331055,6.717765331268311
WA012,2004,11,0.909,1.9684858322143557,3.355689525604248,1.3316584825515747,1.665589690208435,1.4822198152542114,1.899999976158142
WA012,2004,12,0.0019,0.2634027004241943,1.0809773206710815,0.0679702460765838,0.3942876756191253,0.0951573252677917,0.0564537122845649
WA012,2005,1,0.0,0.0695547610521316,0.2650084495544433,0.0329054743051528,0.166769802570343,0.0981399714946746,0.0
WA012,2005,2,1.1639,1.2178901433944702,1.184378743171692,1.2154569625854492,1.5108065605163574,1.0765739679336548,1.2053594589233398
WA012,2005,3,3.8216,4.554443359375,1.871025800704956,4.314632892608643,3.037472486495972,4.333799839019775,5.0161333084106445
WA012,2005,4,3.2417,3.349491596221924,3.3247649669647217,3.3891992568969727,2.8723599910736084,3.4083962440490723,2.449995756149292
WA012,2005,5,7.3039,6.49803638458252,7.140336513519287,6.993903160095215,3.1455233097076416,5.36097526550293,7.403238296508789
WA012,2005,6,5.8323,9.25652027130127,6.635340213775635,7.116396427154541,9.080530166625977,6.0559821128845215,9.14167308807373
WA012,2005,7,2.1235,3.9975836277008057,3.0332131385803223,3.168637752532959,2.4044010639190674,2.971334934234619,4.282260417938232
WA012,2005,8,1.7594,1.489901423454285,1.225321650505066,2.030738592147827,1.897076964378357,1.5562827587127686,1.645161271095276
WA012,2005,9,4.3623,3.147826194763184,4.621608257293701,3.889425277709961,4.626737594604492,5.718173980712891,2.9583442211151123
WA012,2005,10,3.9652,3.855126142501831,3.3637049198150635,3.667579412460327,3.0633533000946045,4.81123685836792,3.4113008975982666
WA012,2005,11,1.6487,1.3996250629425049,2.3729419708251958,1.561623215675354,1.1719772815704346,1.6378790140151978,1.7249934673309326
WA012,2005,12,0.3077,0.2869788110256195,1.947336196899414,0.3036677241325378,0.21915103495121,0.2093259543180465,0.1612903177738189
WA012,2006,1,0.3048,0.4632810056209564,1.7511556148529053,0.298034131526947,0.3750460147857666,0.3570422232151031,0.4596837162971496
WA012,2006,2,1.1446,0.6652455925941467,1.8630642890930176,0.8690937757492065,1.1020759344100952,0.6921867728233337,0.25
WA012,2006,3,3.2752,3.561330795288086,2.0421454906463623,2.911672353744507,2.761834621429444,2.640249013900757,2.677419424057007
WA012,2006,4,1.8693,2.4523255825042725,3.614419937133789,2.429895639419556,1.523109793663025,2.378826856613159,2.2749977111816406
WA012,2006,5,7.7616,7.966635227203369,6.873235702514648,7.318093776702881,5.496019840240479,7.813695430755615,7.653240203857422
WA012,2006,6,7.0457,7.912353515625,8.931426048278809,7.390397071838379,4.356215000152588,5.661588191986084,9.041672706604004
WA012,2006,7,1.4932,3.1655876636505127,4.246044635772705,2.0838119983673096,4.376175880432129,2.1947021484375,3.1209700107574463
WA012,2006,8,0.3652,1.9231436252593996,2.733940601348877,0.6649776101112366,4.200266361236572,2.055516481399536,1.0322580337524414
WA012,2006,9,5.478,6.928857803344727,5.807010650634766,5.076615333557129,7.075028419494629,6.802008628845215,6.091686248779297
WA012,2006,10,7.7974,4.363602638244629,3.960704326629639,6.6419548988342285,3.173190116882324,4.7063469886779785,4.459692001342773
WA012,2006,11,0.8047,1.5673106908798218,1.649969220161438,0.9290769696235656,1.3595572710037231,1.3072826862335205,1.974997878074646
WA012,2006,12,0.0003,0.2168414294719696,0.5615912675857544,0.0998343378305435,0.087502397596836,0.1489644795656204,0.0
WA012,2007,1,0.0,0.0065299426205456,0.0904474481940269,0.0188447497785091,0.0301723685115575,0.0819047689437866,0.0
WA012,2007,2,0.7418,1.248560070991516,1.6332807540893557,1.0832337141036987,0.5898959040641785,0.6290876269340515,0.526788055896759
WA012,2007,3,1.5903,2.097174882888794,1.0324724912643433,1.53996741771698,1.5557358264923096,1.3417744636535645,2.548387050628662
WA012,2007,4,2.7917,2.44803524017334,2.86761212348938,3.1369338035583496,3.609588623046875,2.3960211277008057,2.624993324279785
WA012,2007,5,5.2329,6.1336774826049805,2.5735831260681152,5.821238994598389,6.9202141761779785,6.724278926849365,6.98389196395874
WA012,2007,6,8.8763,11.39989948272705,9.314169883728027,10.38601303100586,8.650485038757324,10.052135467529297,11.566683769226074
WA012,2007,7,6.0103,7.760890007019043,6.4416046142578125,6.037714004516602,7.654815673828125,6.694791316986084,7.427417278289795
WA012,2007,8,3.9413,2.9468624591827397,4.467826843261719,3.5510804653167725,5.17999792098999,4.263246059417725,2.169352769851685
WA012,2007,9,5.509,7.710160732269287,5.188392162322998,5.132690906524658,9.890233993530272,7.823039054870605,5.383346557617188
WA012,2007,10,5.4229,6.225439071655273,4.577628135681152,5.70619010925293,6.893460273742676,8.46004581451416,6.879055500030518
WA012,2007,11,2.453,1.400592565536499,2.521916389465332,2.026700258255005,1.2891790866851809,1.207826852798462,1.974997878074646
WA012,2007,12,1.0255,1.1809182167053225,1.1817845106124878,1.2577369213104248,1.342780351638794,1.397014021873474,1.3225806951522827
WA012,2008,1,0.0039,0.265356957912445,0.7156581878662109,0.2046374827623367,0.7529934048652649,0.5939491391181946,0.2177440375089645
WA012,2008,2,0.2634,0.2269282937049865,0.3926761746406555,0.2250105291604995,0.3835512697696686,0.3117491900920868,0.6120712161064148
WA012,2008,3,1.7842,2.906315803527832,2.773393392562866,1.9352426528930664,1.4309566020965576,2.4239706993103027,3.290322542190552
WA012,2008,4,2.615,2.763061046600342,2.730274438858032,2.8430581092834477,2.0748090744018555,3.212376832962036,2.641655683517456
WA012,2008,5,4.6116,6.706263065338135,5.381033420562744,5.658241748809815,3.64274835586548,6.045002937316895,7.556474685668945
WA012,2008,6,8.356,10.42811107635498,7.360229969024658,9.008502006530762,10.08932876586914,8.08712387084961,12.616680145263672
WA012,2008,7,9.5752,7.545225620269775,7.619852066040039,8.054966926574707,10.65854835510254,10.024613380432127,7.500004291534424
WA012,2008,8,1.6058,1.9830092191696167,5.12169075012207,1.7058449983596802,3.916958093643189,2.6558449268341064,1.572582721710205
WA012,2008,9,5.2477,5.846812725067139,4.626603603363037,5.520071506500244,6.758313655853272,6.368598937988281,5.50834846496582
WA012,2008,10,4.7426,5.124054908752441,3.684993743896485,5.1484856605529785,3.929574489593506,5.680704116821289,4.354855537414551
WA012,2008,11,0.2713,1.7200915813446045,1.850451946258545,0.8434432148933411,0.8814789652824402,1.407373070716858,1.7833290100097656
WA012,2008,12,0.3368,1.108951210975647,2.20359206199646,0.8200275301933289,1.3335144519805908,1.0604828596115112,0.8225848078727722
WA012,2009,1,0.0074,0.4410753846168518,1.2924026250839231,0.1034023240208625,0.9054931998252868,0.341740608215332,0.6371073126792908
WA012,2009,2,0.2036,1.2605535984039309,1.29905366897583,1.3776565790176392,1.151916742324829,0.865517258644104,1.0357142686843872
WA012,2009,3,0.6771,1.963016152381897,1.470089316368103,1.5055605173110962,2.7255005836486816,1.718694806098938,1.5645203590393066
WA012,2009,4,3.1943,6.28076696395874,1.8937684297561648,5.240344524383545,6.041789531707764,4.3023552894592285,5.966649532318115
WA012,2009,5,6.2835,4.473451137542725,4.33400297164917,6.130380153656006,4.845152854919434,5.105493068695068,5.516137599945068
WA012,2009,6,10.7547,13.462663650512695,11.605864524841309,14.56014633178711,8.751632690429688,10.26775074005127,14.475015640258787
WA012,2009,7,5.4306,6.431981563568115,4.448508739471436,5.658873558044434,7.361720561981201,4.722375392913818,5.233860492706299
WA012,2009,8,0.5019,1.5154311656951904,1.5852130651474,0.9587298631668092,3.1784937381744385,1.11176335811615,1.3145097494125366
WA012,2009,9,2.7517,4.135814666748047,1.9359170198440552,1.742528200149536,3.604928731918335,2.4657092094421387,1.9166709184646609
WA012,2009,10,3.3677,5.8350982666015625,3.922542572021485,4.135402202606201,6.47958517074585,4.227138996124268,5.153270244598389
WA012,2009,11,0.6983,2.089451551437378,1.6703190803527832,0.9631052613258362,1.7499055862426758,1.1003037691116333,2.39165997505188
WA012,2009,12,0.0,0.1921350657939911,1.2650156021118164,0.1222530752420425,0.0540403090417385,0.2857622504234314,0.1290322542190551
WA012,2010,1,0.0042,0.342444509267807,0.9360729455947876,0.4160252511501312,0.4921407401561737,0.6721377372741699,0.4354880750179291
WA012,2010,2,0.0479,0.7173630595207214,1.079579472541809,0.903346300125122,1.228785514831543,1.556928038597107,1.0446405410766602
WA012,2010,3,3.4661,3.750268220901489,1.5582002401351929,3.2557172775268555,3.3688292503356934,2.621790170669556,3.70161509513855
WA012,2010,4,2.8187,2.2545828819274902,2.966859579086304,2.668214797973633,3.4129788875579834,2.383244514465332,2.1833291053771973
WA012,2010,5,7.8016,5.1406989097595215,5.154013633728027,6.541936874389648,6.254480838775635,5.311110019683838,5.693560600280762
WA012,2010,6,8.3503,12.061249732971191,9.0410737991333,12.630170822143556,8.054616928100586,9.031326293945312,11.600008964538574
WA012,2010,7,6.5948,5.709201812744141,4.287474632263184,6.141201019287109,4.726014137268066,4.744400978088379,6.104827880859375
WA012,2010,8,3.2448,3.415127754211426,3.402125358581543,3.3017830848693848,5.774252414703369,4.978934288024902,2.2177441120147705
WA012,2010,9,9.4587,8.936627388000488,6.933202743530273,7.62369966506958,11.854719161987305,8.104962348937988,8.258344650268555
WA012,2010,10,6.0665,6.152848720550537,4.777422428131104,6.239263534545898,7.519164085388184,7.307703971862793,5.983883380889893
WA012,2010,11,2.8427,3.5363025665283203,2.644208669662476,3.076266288757324,3.1397173404693604,2.926679849624634,4.274989128112793
WA012,2010,12,0.6552,0.9413642287254332,1.416011929512024,0.4584684073925018,1.566906452178955,0.7533901333808899,0.6129032373428345
WA012,2011,1,0.0045,0.0937456637620925,0.42082479596138,0.037022553384304,0.0340213142335414,0.0218642316758632,0.0322580635547637
WA012,2011,2,5.5161,5.478797435760498,2.887012481689453,4.431993007659912,3.2290706634521484,3.46053409576416,2.919645309448242
WA012,2011,3,0.4419,0.9747198224067688,1.40586519241333,0.4028620719909668,1.0529872179031372,1.0165770053863523,0.5080665946006775
WA012,2011,4,2.9567,3.371171236038208,2.369065284729004,3.00596284866333,3.625929117202759,2.635051250457764,3.116653680801392
WA012,2011,5,6.3742,5.6601762771606445,5.554765224456787,7.62853193283081,5.3420729637146,5.025136947631836,6.379043102264404
WA012,2011,6,6.044,7.539976119995117,5.14378833770752,7.169887542724609,6.165596008300781,5.977137565612793,8.1083402633667
WA012,2011,7,6.0048,6.388611793518066,6.063973903656006,6.189498424530029,7.586759567260742,6.215090274810791,4.887092590332031
WA012,2011,8,1.3548,1.6115405559539795,2.3803064823150635,1.0712425708770752,3.287905693054199,2.2029805183410645,1.1612902879714966
WA012,2011,9,3.8837,3.2526984214782715,4.487720489501953,3.5644726753234863,5.078613758087158,3.822225332260132,3.291677474975586
WA012,2011,10,8.3677,8.254692077636719,5.073011875152588,7.364250183105469,7.984488010406494,7.861759662628174,9.298410415649414
WA012,2011,11,2.0667,1.0777480602264404,1.962707996368408,1.3572449684143066,2.35754132270813,1.6305718421936035,0.308331161737442
WA012,2011,12,0.0,0.1193178594112396,0.648601233959198,0.0054380749352276,0.025382874533534,0.0383570082485675,0.0
WA012,2012,1,0.0481,0.2391393780708313,0.6857785582542419,0.1370394378900528,0.4009032547473907,0.2325052767992019,0.2419396787881851
WA012,2012,2,1.8838,2.494693756103516,1.7510780096054075,2.4896740913391118,2.119410991668701,2.594635486602783,2.284480571746826
WA012,2012,3,1.1529,1.9382132291793823,1.8611236810684204,1.1616686582565308,1.814419865608216,1.5806792974472046,1.0
WA012,2012,4,5.1687,5.824624538421631,3.6015512943267822,6.180883884429932,6.112719535827637,4.265973567962647,4.966649532318115
WA012,2012,5,4.8135,6.140422344207764,6.212218761444092,4.657741069793701,6.505130290985107,4.802597999572754,6.048399448394775
WA012,2012,6,18.389,11.45215892791748,10.989890098571776,10.654236793518066,8.508185386657715,9.247528076171877,11.600008964538574
WA012,2012,7,2.5416,3.975277900695801,4.7772603034973145,2.491316795349121,4.135773658752441,3.0983986854553223,3.500004291534424
WA012,2012,8,1.7448,0.9803764820098876,2.6989834308624268,1.4067789316177368,2.00483512878418,1.1287175416946411,0.8387096524238586
WA012,2012,9,5.932,5.294618606567383,6.722550392150879,5.151808738708496,6.942177772521973,5.134015083312988,5.916688442230225
WA012,2012,10,6.2387,6.601861953735352,4.229648590087891,5.194072723388672,6.927616119384766,5.2302656173706055,4.419363498687744
WA012,2012,11,1.917,1.974535584449768,2.4785282611846924,1.8561638593673704,3.1976518630981445,2.124530792236328,1.4499956369400024
WA012,2012,12,1.3587,0.5743579864501953,1.347394347190857,0.941049098968506,1.7129634618759155,0.8914838433265686,0.1854775547981262
WA012,2013,1,1.4774,0.7973924875259399,0.8201233744621277,1.4511253833770752,1.9474972486495967,0.8357613682746887,1.016141653060913
WA012,2013,2,0.8071,1.0254818201065063,0.7297341823577881,1.0730149745941162,1.2303739786148071,1.0509803295135498,0.7857142686843872
WA012,2013,3,2.5732,2.96696138381958,1.5277297496795654,2.427692413330078,3.9680469036102295,2.4684953689575195,3.5887157917022705
WA012,2013,4,4.8063,3.981899738311768,3.577499389648437,4.395178318023682,4.783720970153809,4.277639389038086,5.224984645843506
WA012,2013,5,8.8258,7.355556964874268,3.8193092346191406,7.54043436050415,6.066642761230469,6.032798767089844,9.524216651916504
WA012,2013,6,3.606,5.538247585296631,4.878006935119629,4.432534217834473,3.9035041332244873,4.257546424865723,6.216670989990234
WA012,2013,7,3.4919,3.3507988452911377,4.112528324127197,2.7377583980560303,4.7392754554748535,2.9536263942718506,2.572582721710205
WA012,2013,8,0.4474,0.5638570189476013,1.3808361291885376,0.3277722001075744,1.1521971225738523,0.9240164160728456,0.4758085310459137
WA012,2013,9,3.2867,3.776182651519776,4.0328474044799805,2.56207537651062,4.341216564178467,3.3089582920074463,4.358344078063965
WA012,2013,10,4.259,3.4428040981292725,3.798826932907105,3.2914159297943115,3.35310173034668,3.8394410610198975,3.1129159927368164
WA012,2013,11,1.3323,1.8980381488800049,2.993189573287964,1.1928836107254028,1.864453077316284,1.949196934700012,1.8666579723358157
WA012,2013,12,0.3026,0.6703841686248779,1.0006428956985474,0.3039568662643432,0.6349050998687744,0.827968955039978,0.7661311030387878
WA012,2014,1,1.6416,1.0241434574127195,1.445574164390564,1.7613155841827393,2.4706499576568604,1.3289984464645386,0.8306556940078735
WA012,2014,2,1.7361,1.710174560546875,1.3420367240905762,1.5248392820358276,1.13521146774292,1.4931992292404177,1.5803548097610474
WA012,2014,3,2.9029,3.170729637145996,2.164879083633423,2.9108426570892334,2.789865732192993,3.152012586593628,2.637099027633667
WA012,2014,4,1.0867,2.313138484954834,2.5218706130981445,1.8850185871124268,3.2769386768341064,2.485039710998535,2.024993419647217
WA012,2014,5,7.6268,6.3322625160217285,6.749056816101074,7.587852954864502,7.158731937408447,6.860844612121582,6.169369220733643
WA012,2014,6,5.2533,7.17610502243042,11.377198219299316,8.219182968139648,4.521915435791016,5.474202632904053,8.441673278808594
WA012,2014,7,5.0552,6.808605194091797,4.980898857116699,7.650391101837158,4.487562656402588,5.699977874755859,6.693552494049072
WA012,2014,8,3.5681,3.3612987995147705,8.688678741455078,3.440016746520996,4.400660037994385,3.277472496032715,2.387096881866455
WA012,2014,9,6.352,6.923101902008057,4.635091304779053,6.424589157104492,7.491146564483643,7.494826793670654,5.325028419494629
WA012,2014,10,3.3335,4.318155288696289,3.712768077850342,3.909048557281494,5.597658634185791,4.037748336791992,4.0322747230529785
WA012,2014,11,2.5223,2.830579996109009,3.196253776550293,2.284343957901001,2.5585012435913086,3.06392502784729,3.4999914169311523
WA012,2014,12,0.1429,0.4145305752754211,1.318664789199829,0.1896693259477615,0.3830865025520324,0.4143906831741333,0.2661269307136535
WA012,2015,1,0.0229,0.1093011945486068,0.5397943258285522,0.0188447497785091,0.1722521036863327,0.2608155906200409,0.0322580635547637
WA012,2015,2,1.8057,1.3503460884094238,2.3307113647460938,1.501693606376648,1.4499799013137815,1.35818612575531,1.4374977350234983
WA012,2015,3,5.4935,6.034046649932861,3.063602924346924,3.943863868713379,5.188326358795166,3.341005325317383,7.000008583068848
WA012,2015,4,2.5197,2.237320899963379,1.5765405893325806,1.897522211074829,2.183344841003418,1.8217196464538572,1.8833290338516235
WA012,2015,5,2.7368,3.722411155700684,5.613420486450195,4.052241325378418,2.9710958003997803,3.772123336791992,3.096782684326172
WA012,2015,6,9.1857,8.283173561096191,6.207992076873779,11.38717269897461,5.335329055786133,7.276803493499756,7.841673374176025
WA012,2015,7,1.1819,2.120651960372925,4.449034690856934,2.708559036254883,3.029174566268921,2.144355058670044,1.0564537048339844
WA012,2015,8,1.8516,1.6558407545089722,2.5960659980773926,1.0820270776748655,1.477180242538452,1.0355193614959717,1.6129032373428345
WA012,2015,9,2.6713,3.282333374023437,3.5111989974975586,2.229163646697998,3.533157587051392,2.191032886505127,7.441681861877441
WA012,2015,10,6.9184,6.0494914054870605,4.171135425567627,6.077624797821045,4.385119438171387,5.472113609313965,5.693569660186768
WA012,2015,11,0.869,1.6823097467422483,2.9698312282562256,1.2904607057571411,1.374732255935669,1.5936274528503418,1.4083311557769775
WA012,2015,12,0.0,0.1243312954902648,0.2083900272846222,0.066275417804718,0.1227932721376419,0.2086822092533111,0.0
WA012,2016,1,0.1494,0.2384534180164337,0.4438254535198211,0.1557251662015915,0.4051752388477325,0.3367063105106354,0.0322580635547637
WA012,2016,2,0.0055,0.2232566624879837,0.4095620512962341,0.0766887441277504,0.1629502475261688,0.1619969457387924,0.0344827584922313
WA012,2016,3,3.5706,4.351304054260254,3.434088706970215,4.749181270599365,4.2546210289001465,3.826773405075073,3.540324687957764
WA012,2016,4,3.5937,3.265594005584717,2.606300115585327,3.4516050815582275,3.548412561416626,2.879364252090454,3.2416558265686035
WA012,2016,5,5.4397,7.107001781463623,6.881178855895996,5.135274887084961,4.929640293121338,5.670040607452393,5.854851245880127
WA012,2016,6,5.824,6.799296855926514,7.124090671539307,6.719718456268311,5.373688220977783,5.796088218688965,8.141664505004883
WA012,2016,7,1.6735,2.3616960048675537,3.01628041267395,1.698699951171875,3.1019604206085205,2.455127716064453,3.096774101257324
WA012,2016,8,1.6594,2.1747913360595703,2.364957809448242,2.063771963119507,2.6942646503448486,2.1698920726776123,1.935483813285828
WA012,2016,9,8.933,6.079668045043945,6.417609214782715,5.664103984832764,9.187318801879885,7.309624195098877,4.000008583068848
WA012,2016,10,9.3516,8.038562774658203,4.439313888549805,8.557744979858398,6.328452110290527,6.268985748291016,5.298410415649414
WA012,2016,11,1.6733,1.4052202701568604,1.901293396949768,1.5828406810760498,1.1376298666000366,1.3506526947021484,1.341655731201172
WA012,2016,12,0.0381,0.3407944142818451,1.090717911720276,0.1411969512701034,0.3310946226119995,0.2506764233112335,0.5322538614273071
WA012,2017,1,0.1352,0.2512944340705871,0.6461424827575684,0.2638939321041107,0.2102202475070953,0.7088937759399414,0.3467762768268585
WA012,2017,2,0.0107,0.4388629794120788,1.3470264673233032,0.139026939868927,0.4838512241840362,0.6129615306854248,0.3303548097610473
WA012,2017,3,2.0784,1.6268893480300903,1.8035978078842163,1.525268316268921,2.4472734928131104,2.840094804763794,2.250002145767212
WA012,2017,4,2.36,2.2120039463043213,2.7347166538238525,2.9023959636688232,3.313115358352661,4.462183475494385,2.1749892234802246
WA012,2017,5,5.7126,6.040086269378662,5.198277473449707,6.066549301147461,5.027377128601074,5.930754661560059,5.330659866333008
WA012,2017,6,10.8543,11.642206192016602,8.051612854003906,12.004754066467283,9.441067695617676,0.14406718313694,15.291677474975586
WA012,2017,7,4.8535,6.491771221160889,3.886041641235352,5.230223655700684,5.7871994972229,0.102878637611866,5.346776485443115
WA012,2017,8,2.5213,1.9548603296279907,5.0943379402160645,2.1127524375915527,2.923017263412476,2.658115863800049,2.387096881866455
WA012,2017,9,5.32,3.495793581008911,2.9385197162628174,3.910308837890625,4.6676435470581055,3.5871798992156982,4.325010776519775
WA012,2017,10,2.2755,2.067145586013794,3.9743382930755615,2.3878321647644043,2.7003369331359863,3.44669771194458,0.8871009349822998
WA012,2017,11,2.0663,1.792636513710022,2.9363162517547607,1.416757345199585,2.0072948932647705,2.0606236457824707,2.39165997505188
WA012,2017,12,0.3187,0.7062288522720337,1.394921064376831,0.5264102816581726,1.0652018785476685,0.5052918791770935,0.3951591849327087
WA012,2018,1,0.0,0.0525862239301204,0.2859247922897339,0.0074993483722209,0.0083277598023414,0.1392461657524109,0.0
WA012,2018,2,1.9657,3.305651903152466,1.850680351257324,1.9906710386276243,2.096364498138428,2.763320207595825,0.8214285969734192
WA012,2018,3,3.199,3.5871565341949463,2.010474443435669,3.172909736633301,1.9525946378707888,2.302824020385742,2.6048407554626465
WA012,2018,4,1.8627,2.4423816204071045,2.703986644744873,3.0329747200012207,1.8450095653533936,1.9144316911697388,3.1666581630706787
WA012,2018,5,8.1635,6.60668420791626,5.706780910491943,6.879681587219238,4.929010391235352,5.412930488586426,5.419363498687744
WA012,2018,6,4.4887,6.328296661376953,7.9988603591918945,5.105193138122559,5.106461524963379,6.7730712890625,8.541682243347168
WA012,2018,7,4.1619,4.386044502258301,4.634727954864502,3.2441623210906982,5.309446334838867,4.478804111480713,3.814513921737671
WA012,2018,8,2.7952,2.478123903274536,4.326286792755127,2.0642035007476807,4.397623062133789,2.390221118927002,3.451612949371338
WA012,2018,9,8.6557,8.469283103942871,6.990025043487549,6.31675910949707,7.404983043670654,7.681432247161865,6.566683769226074
WA012,2018,10,5.9719,5.950934886932373,4.496297359466553,5.654534339904785,5.789899826049805,4.853574275970459,6.072603702545166
WA012,2018,11,2.0647,2.6693546772003174,2.096964836120605,2.003840446472168,2.3201911449432373,1.495277762413025,1.541664481163025
WA012,2018,12,0.1013,0.3926010429859161,0.9714733362197876,0.1126898452639579,0.2231993228197097,0.1811162829399109,0.3306430578231811
WA012,2019,1,2.6745,1.641981840133667,1.2998827695846558,2.0846095085144043,1.25498366355896,1.813292980194092,0.2741977572441101
WA012,2019,2,3.3325,2.663367509841919,2.653284072875977,2.114544153213501,2.300546169281006,2.3248400688171387,1.2678524255752563
WA012,2019,3,4.2665,3.124785184860229,1.7392123937606812,2.317415475845337,3.0976195335388184,2.533179998397827,1.612894892692566
WA012,2019,4,3.199,3.6619062423706055,2.8387742042541504,3.978351354598999,3.210599184036255,3.3084940910339355,3.7083311080932617
WA012,2019,5,6.5506,6.721839904785156,5.4398627281188965,7.196376323699951,6.470113277435303,6.066707611083984,6.532262325286865
WA012,2019,6,5.7647,6.772782802581787,9.069591522216797,6.393421173095703,7.773986339569092,6.1946940422058105,14.683398246765137
WA012,2019,7,3.6355,5.725517749786377,3.806107997894287,3.89661717414856,5.84995698928833,4.825712203979492,3.629019498825073
WA012,2019,8,0.9919,0.9418264031410216,2.488033533096313,0.7805094122886658,2.251084089279175,1.6281284093856812,1.9435714483261108
WA012,2019,9,6.94,7.252309322357178,5.880398750305176,6.656331062316895,8.324514389038086,6.655791282653809,7.775041580200195
WA012,2019,10,10.7223,11.328722953796388,14.47380828857422,12.813843727111816,11.96225357055664,9.534393310546877,14.76624870300293
WA012,2019,11,2.3447,3.0405330657958984,2.2723333835601807,3.250807285308838,2.257949113845825,2.249300479888916,0.9083311557769777
WA012,2019,12,0.0181,1.3467001914978027,1.2118070125579834,0.1813069283962249,1.2996163368225098,0.404212087392807,0.2258064448833465
WA012,2020,1,0.0,0.0298956576734781,0.1539452224969864,0.0126556968316435,0.0736736953258514,0.0401300378143787,0.0564537122845649
WA012,2020,2,0.0017,0.1641487330198288,0.369397908449173,0.0628079995512962,0.022337781265378,0.1420515924692154,0.2499977499246597
WA012,2020,3,2.5071,2.2067666053771973,1.8681986331939695,2.290700435638428,2.494223356246948,1.994181752204895,1.6693569421768188
WA012,2020,4,3.6027,4.044421195983887,2.254396677017212,4.524224281311035,3.9309723377227774,4.363186836242676,2.44165587425232
WA012,2020,5,3.8855,3.8861379623413086,4.041008949279785,5.758509159088135,9.16274642944336,4.577097415924072,4.282268524169922
WA012,2020,6,8.345,10.41834831237793,8.611346244812012,9.961543083190918,11.87008571624756,8.728243827819824,10.033315658569336
WA012,2020,7,2.2584,4.108546733856201,4.747095584869385,2.509291648864746,5.315255641937256,3.2309014797210693,4.443575859069824
WA012,2020,8,0.011,0.4165628254413605,0.8141506314277649,0.0903717800974845,0.5356218814849854,0.5413115620613098,0.4838709533214569
WA012,2020,9,4.46,5.480906963348389,3.543532133102417,5.530396461486816,9.110265731811523,5.612585067749023,3.825019598007202
WA012,2020,10,3.7403,4.91653299331665,5.152383327484131,4.964959621429443,4.009367942810059,5.877421379089356,5.879004955291748
WA012,2020,11,1.524,1.6649916172027588,2.532409906387329,1.1770727634429932,2.0478248596191406,1.4779268503189087,1.3750064373016355
WA012,2020,12,0.4758,1.0733402967453003,1.375246524810791,0.5351148247718811,0.9258742332458496,0.7757334113121033,0.4032300114631653
WA013,2001,1,0.0,0.0013301379512995,0.0009134822757914662,0.0,9.441775361551665e-09,0.0028699589893221,0.0
WA013,2001,2,0.0,0.0055226306430995,0.0011192760430276,0.0,1.478008698541089e-06,0.0296080447733402,0.0
WA013,2001,3,0.0,0.0293804127722978,0.0007209705654531717,0.0019670906476676,3.5390323773754062e-06,0.0171547699719667,0.0
WA013,2001,4,0.82,0.7628141641616821,0.071727879345417,0.9504604935646056,0.6792444586753845,0.9932041168212892,0.8499334454536438
WA013,2001,5,0.5994,2.2370991706848145,1.002719163894653,1.7166060209274292,1.406403660774231,2.508790969848633,2.2398135662078857
WA013,2001,6,4.855,3.3650319576263428,2.058407783508301,6.107641220092773,2.411794424057007,4.419069290161133,3.399876594543457
WA013,2001,7,11.8503,6.883808135986328,8.611159324645996,11.64959716796875,6.455452919006348,8.462695121765137,8.41314697265625
WA013,2001,8,12.6945,8.046256065368652,8.078690528869629,13.768619537353516,7.559169769287109,8.707916259765625,10.538131713867188
WA013,2001,9,4.4513,4.582753658294678,3.051236629486084,5.568783760070801,2.181559801101685,4.419402122497559,4.331121921539307
WA013,2001,10,0.0,0.0766492411494255,0.0257667768746614,0.0039341812953352,0.0401249304413795,0.1058544591069221,0.0
WA013,2001,11,0.0,0.00020408544514793905,0.0009435073006898164,0.0,2.162567398045212e-06,0.0672245547175407,0.0
WA013,2001,12,0.0,0.0016802009195089,0.000996932853013277,0.0,9.818611488299211e-07,0.1102327406406402,0.0
WA013,2002,1,0.0,0.00022181258827913555,0.0011760267661884,0.0,2.554578486524406e-07,0.0002821909147314728,0.0
WA013,2002,2,0.0,0.01180150359869,0.0012564886128529,0.0059012719430029,5.069371127319755e-07,0.0019575417973101,0.0
WA013,2002,3,0.0,0.0907274931669235,0.0013602003455162,0.101418986916542,0.0198647249490022,0.111967884004116,0.0
WA013,2002,4,0.028,0.5868827104568481,0.0125941988080739,0.2740064859390259,0.282166987657547,0.5389482378959656,0.0333333350718021
WA013,2002,5,0.0261,0.6585061550140381,0.0611981302499771,0.1594426482915878,0.5000250339508057,0.6938603520393372,0.3709493577480316
WA013,2002,6,2.0493,3.5486035346984863,0.9604279398918152,2.8348605632781982,1.648994207382202,3.3223817348480225,1.8749319314956665
WA013,2002,7,6.5287,7.399642467498779,4.637019634246826,6.242830753326416,4.593536376953125,7.3368682861328125,6.5886006355285645
WA013,2002,8,7.5071,6.964335918426514,4.489072799682617,7.902538776397705,4.831746578216553,5.800125598907471,6.308337688446045
WA013,2002,9,4.751,6.508242130279541,3.761226177215576,4.902523994445801,3.3782436847686768,6.04561185836792,5.364413738250732
WA013,2002,10,1.9097,0.9621798396110536,1.4099993705749512,2.0236716270446777,0.9458826184272766,1.5382015705108645,1.3688856363296509
WA013,2002,11,0.0,0.0133091118186712,0.0247731227427721,0.0059012719430029,5.749368980900728e-08,0.0,0.0
WA013,2002,12,0.0,0.0015578491147607,0.0012045524781569,0.0032812454737722,1.4010735185365777e-06,0.0006396585376933217,0.0
WA013,2003,1,0.0,0.002023349283263,0.0010091374861076,0.0,4.72431611342472e-06,0.0350272804498672,0.0
WA013,2003,2,0.0,0.0095019675791263,0.0013480955967679,0.0078683625906705,0.0080010518431663,0.0237986966967582,0.0
WA013,2003,3,0.0,0.005607287865132,0.000858330400660634,0.0177120994776487,1.6030777487685557e-06,0.0095950355753302,0.0
WA013,2003,4,0.4233,0.4830480813980102,0.3251696825027466,0.5127721428871155,1.1849607229232788,0.9760677814483644,0.8082621097564697
WA013,2003,5,1.9284,1.9004226922988887,0.7670148611068726,2.456758499145508,0.606238067150116,1.6261743307113647,3.632915735244751
WA013,2003,6,5.8057,3.10083532333374,3.623452663421631,5.700715065002441,2.9246459007263184,4.974074840545654,8.018516540527344
WA013,2003,7,9.1061,7.617094993591309,3.542732954025269,9.007316589355469,4.955998420715332,6.499471664428711,8.209567070007324
WA013,2003,8,10.2697,9.422163963317873,9.662034034729004,11.713141441345217,4.835185527801514,10.811301231384276,11.282023429870604
WA013,2003,9,4.957,5.377027988433838,3.820787906646729,5.624679565429688,4.213583469390869,4.821599006652832,4.247772693634033
WA013,2003,10,0.2213,0.3280739188194275,1.0326231718063354,0.5274612307548523,0.4819072484970093,0.8640910387039185,0.1854731291532516
WA013,2003,11,0.0,0.0112280026078224,0.0010360594606027,0.0170591622591018,0.0012031689984723,0.0037375425454229,0.0
WA013,2003,12,0.0,0.0006567419040948153,0.0009412480285391212,0.0,6.469785489571223e-07,0.0008798030903562903,0.0
WA013,2004,1,0.0,0.00020078607485629615,0.0010429752292111,0.0,0.00071655085776,0.1118275225162506,0.0
WA013,2004,2,0.0,0.0050578843802213,0.0009593137074261904,0.0059012719430029,5.575653176492779e-06,0.0035720083396881,0.0
WA013,2004,3,0.0,0.0108317313715815,0.0009440964786335826,0.0177038181573152,5.916590453125536e-07,0.0351277887821197,0.0
WA013,2004,4,0.0,0.2389596253633499,0.0008841733797453344,0.1543794274330139,0.2277020066976547,0.316438227891922,0.0
WA013,2004,5,3.691,3.003297805786133,1.055948257446289,4.014256954193115,2.0686192512512207,3.619135856628418,3.479666948318481
WA013,2004,6,5.631,3.71784782409668,2.2351772785186768,6.103233814239502,1.59776508808136,4.095066547393799,3.599879741668701
WA013,2004,7,5.8923,6.631810188293457,4.483849048614502,7.374712944030762,3.0613656044006348,5.339312553405762,4.83257532119751
WA013,2004,8,7.0768,9.355698585510254,5.983962535858154,8.132387161254883,3.114882230758667,9.331908226013184,8.661115646362305
WA013,2004,9,4.1827,3.191850423812866,1.5642879009246826,4.776333808898926,0.9004693627357483,3.1099209785461426,2.216603279113769
WA013,2004,10,0.0,0.2447591423988342,0.084850288927555,0.0955075174570083,0.14064522087574,0.1948826164007187,0.1592695862054824
WA013,2004,11,0.0,0.001463834894821,0.0008435852359980345,0.0393500961363315,0.0024597030133008,0.0007246697205118835,0.0
WA013,2004,12,0.0,1.2808227438654283e-05,0.0010244291042909,0.0,7.229064635794202e-08,0.0472830608487129,0.0
WA013,2005,1,0.0,0.0002768012636806816,0.0008536094101145864,0.0019670906476676,4.189362456941127e-08,1.444158624508418e-05,0.0
WA013,2005,2,0.0,0.0062232771888375,0.0009190963464789093,0.0019670906476676,1.033653552440228e-05,0.0017381919315084,0.0
WA013,2005,3,0.0,0.0188281200826168,0.0009540768223814666,0.0072154267691075,1.1227172763028648e-05,0.019623152911663,0.0
WA013,2005,4,0.1163,0.3550735116004944,0.0280451010912656,0.3695435225963592,0.1867644637823104,0.4406398236751556,0.1916555762290954
WA013,2005,5,1.83,1.8965730667114256,0.785164475440979,2.278045892715454,1.376944661140442,1.9753605127334597,2.4071552753448486
WA013,2005,6,5.5737,4.047910690307617,2.2378692626953125,6.251298904418945,3.792210102081299,4.722588539123535,9.94134521484375
WA013,2005,7,8.5487,6.296204090118408,4.3882012367248535,8.438960075378418,3.768801927566528,6.009731769561768,6.443424224853516
WA013,2005,8,7.8219,7.666606903076172,8.477128982543945,10.629024505615234,4.898194313049316,7.2303876876831055,7.1611647605896
WA013,2005,9,4.8793,4.00178861618042,2.399298667907715,4.573191165924072,3.109849691390991,5.340789318084717,5.266470432281494
WA013,2005,10,1.3523,0.3249382972717285,0.7364789247512817,1.1143478155136108,0.2360469400882721,0.5830101370811462,0.4011867046356201
WA013,2005,11,0.0057,1.9710190827026963e-05,0.000985036138445139,0.0495875962078571,2.252483852771548e-07,0.0188227314502,0.0
WA013,2005,12,0.0,0.0006054798723198473,0.0011507037561386,0.0,7.717044070432166e-08,0.0008306307136081159,0.0
WA013,2006,1,0.0,0.010699950158596,0.0007326127379201353,0.0019670906476676,1.2914868818825198e-07,0.0356427244842052,0.0
WA013,2006,2,0.0,0.0062397336587309,0.0013191623147577,0.0264308527112007,2.53030839303392e-06,0.006743399426341,0.0
WA013,2006,3,0.0,0.0357830338180065,0.0010236463276669,0.0,3.904025561496383e-06,0.010136523284018,0.0
WA013,2006,4,0.0,0.1519714593887329,0.0367295779287815,0.0209933444857597,2.641945911818766e-06,0.2082153260707855,0.0
WA013,2006,5,2.6397,1.6205681562423706,0.9430503249168396,3.411623001098633,0.6742648482322693,2.2789852619171143,0.9656813740730286
WA013,2006,6,2.3197,2.3421313762664795,1.3292205333709717,3.466716289520264,0.8148953318595886,2.395793199539185,2.82490348815918
WA013,2006,7,7.1639,4.875878810882568,4.722676753997803,7.939762115478516,2.949434995651245,5.754635334014893,3.9192628860473633
WA013,2006,8,8.3687,9.731200218200684,6.313347816467285,8.889021873474121,7.259929180145264,9.788714408874512,10.983687400817873
WA013,2006,9,7.605,6.064056873321533,3.9018266201019287,7.69922924041748,3.0906786918640137,7.309746742248535,6.539352416992188
WA013,2006,10,0.3684,0.4215648174285888,0.2158267349004745,0.3702087700366974,0.4527857601642608,0.9978035688400269,0.7822258472442627
WA013,2006,11,0.0,0.005192520096898,0.0009313890477642416,0.0465655252337455,1.3765677067567594e-05,0.0177661813795566,0.0
WA013,2006,12,0.0,0.0021159795578569,0.0012584517244249,0.0,7.096049969845808e-09,0.0948452800512313,0.0
WA013,2007,1,0.0,9.233759919879958e-05,0.0008859983645379543,0.0,6.435900701262653e-08,0.0282437372952699,0.0
WA013,2007,2,0.0,0.0137980189174413,0.0011347897816449,0.0059012719430029,8.960298032434366e-07,0.0017807864351198,0.0
WA013,2007,3,0.0794,0.1177275329828262,0.0011720225447788,0.1189521551132202,0.0099313119426369,0.0257342029362916,0.0
WA013,2007,4,0.843,0.6331507563591003,0.0411630719900131,0.8953325152397156,0.5090715885162354,0.8726853132247925,0.0999967977404594
WA013,2007,5,2.5742,1.941198706626892,0.2184352427721023,2.8920605182647705,1.2602133750915527,3.050689220428467,1.6511330604553225
WA013,2007,6,5.534,2.78420090675354,2.124797821044922,6.169229030609131,2.755167484283448,6.31221866607666,3.366549491882324
WA013,2007,7,4.2042,5.191195011138916,4.321354389190674,5.829539775848389,4.915122985839844,6.140861988067627,5.782149314880371
WA013,2007,8,10.8813,7.492049217224121,5.722167015075684,11.433740615844728,9.068517684936523,8.72770881652832,9.57843780517578
WA013,2007,9,0.8643,3.040196418762207,2.534700632095337,1.1300967931747437,2.948439121246338,2.957536458969116,3.849860668182373
WA013,2007,10,0.0,0.1487743258476257,0.0029367259703576,0.027458069846034,0.314426839351654,0.392973929643631,0.0
WA013,2007,11,0.0,0.0016612261533737,0.000940376368816942,0.0157450083643198,4.7357683996551714e-08,0.0047280564904212,0.0
WA013,2007,12,0.0,0.0010382493492215,0.0006365173612721264,0.019670907407999,0.0001278468116652,0.0201099012047052,0.0
WA013,2008,1,0.0,0.0016700827982276,0.0012466058833524,0.0472101792693138,0.0023118164390325,0.0010882216738536,0.0
WA013,2008,2,0.0,8.758682088227943e-05,0.0011106166057288,0.0,1.8341365759511064e-08,0.0666085705161094,0.0
WA013,2008,3,0.0,0.0174701530486345,0.0008034128113649786,0.0078683625906705,0.000947636726778,0.0080859055742621,0.0
WA013,2008,4,0.017,0.2180017083883285,0.0621623061597347,0.1476348936557769,0.0421424992382526,0.1575909405946731,0.0249889083206653
WA013,2008,5,0.1297,1.5284802913665771,0.3168025314807892,0.6547899842262268,1.031943440437317,1.5536956787109375,1.31443190574646
WA013,2008,6,3.2187,2.523042678833008,2.3884031772613525,4.065847396850586,1.717196702957153,4.277328014373779,3.091538429260254
WA013,2008,7,8.9377,6.601255416870117,4.950315952301025,8.552933692932129,5.66910457611084,8.174142837524414,10.441314697265623
WA013,2008,8,8.201,9.605743408203123,7.699405670166016,7.623425006866455,7.044483184814453,8.590104103088379,9.370826721191406
WA013,2008,9,2.8037,3.6223576068878174,3.223848819732666,3.711613178253174,3.74287486076355,4.744935512542725,3.0394694805145264
WA013,2008,10,0.0658,0.1901534050703048,0.226456269621849,0.248777374625206,0.5177286863327026,0.4749364256858825,0.0886989384889602
WA013,2008,11,0.0,0.0011403103126212,0.000989000196568668,0.0384308546781539,1.29476518395677e-07,0.0028222452383488,0.0
WA013,2008,12,0.0,0.0026679437141865,0.0018560918979346,0.0486230589449405,0.0075922510586678,0.0887121558189392,0.0
WA013,2009,1,0.0,0.0030326142441481,0.001093634753488,0.0,4.593262019625399e-06,0.0007923844968900084,0.0
WA013,2009,2,0.0,0.0013932235306128,0.0010577779030427,0.0078683625906705,6.095523730209608e-08,0.0004859291075263173,0.0
WA013,2009,3,0.0,0.0067900288850069,0.0009675571927800776,0.0127454884350299,3.232933522667736e-06,0.0096264034509658,0.0
WA013,2009,4,0.0,0.4878157079219818,0.0390723906457424,0.1455868333578109,0.2372933030128479,1.0478129386901855,0.1249889135360717
WA013,2009,5,1.091,1.5756642818450928,0.4627248644828796,1.5445268154144287,1.040664792060852,1.8205937147140503,3.0200188159942627
WA013,2009,6,2.2813,3.396005392074585,1.4767117500305176,3.055618524551392,1.5807994604110718,4.282406330108643,3.860290050506592
WA013,2009,7,8.071,6.015485286712647,3.933349370956421,9.76138401031494,4.247033596038818,6.505340576171875,6.395049571990967
WA013,2009,8,11.0313,6.812941074371338,7.065846920013428,10.040771484375,5.741946220397949,7.46040153503418,7.886882305145264
WA013,2009,9,3.5503,3.635124683380127,2.3628151416778564,3.92232084274292,2.115614891052246,3.6218323707580566,3.474855899810791
WA013,2009,10,0.2777,0.3897642493247986,0.3895212411880493,0.6267415881156921,0.5394644737243652,1.397632122039795,0.7660815715789795
WA013,2009,11,0.0,0.0040136007592082,0.0007278291159309447,0.045814823359251,0.0038184055592864,0.0139091601595282,0.0
WA013,2009,12,0.0,0.001022910233587,0.0009844416053965688,0.0,4.2392471755192673e-07,0.0016604609554633,0.0
WA013,2010,1,0.0,0.0001770274539012462,0.0008428164292126894,0.0,4.14537140613902e-07,0.0018874210072681,0.0
WA013,2010,2,0.0,0.0037861729506403,0.0013536819024011,0.0039341812953352,6.753771231160499e-08,0.0030726897530257,0.0
WA013,2010,3,0.0,0.0584988370537757,0.000692943052854389,0.0101171787828207,3.278073990031771e-08,0.0790680050849914,0.0
WA013,2010,4,1.6087,0.3744367659091949,0.0757645666599273,1.6334307193756104,0.1029164344072341,0.5481703281402588,0.8249445557594299
WA013,2010,5,0.7555,1.370547890663147,0.5996668934822083,1.6067572832107544,0.7650381326675415,2.038007497787476,1.1692858934402466
WA013,2010,6,3.2683,3.8946762084960938,2.4132964611053467,4.0942888259887695,3.961269855499268,4.648125171661377,6.166499137878418
WA013,2010,7,5.6016,5.856671333312988,8.353418350219727,7.842625141143799,4.956225872039795,8.701823234558105,5.945420265197754
WA013,2010,8,7.6555,9.397210121154783,6.566309452056885,8.802720069885254,5.755834579467773,9.090126037597656,9.56434154510498
WA013,2010,9,5.4893,6.1645379066467285,3.044897556304932,6.947175025939941,5.968363761901856,4.637046813964844,6.197750568389893
WA013,2010,10,1.4019,0.7504692673683167,1.3197565078735352,1.6242763996124268,1.411866545677185,2.11531400680542,0.9999601244926452
WA013,2010,11,0.0,0.0032675846014171,0.0009013902163133024,0.0196791887283325,0.0062687946483492,0.0057661300525069,0.0
WA013,2010,12,0.0,0.00012138892634538934,0.0008855537744238973,0.0,4.095053100172663e-06,0.0489583946764469,0.0
WA013,2011,1,0.0,0.0006338246166706085,0.0010940762003883,0.0,6.859992396357485e-08,0.0,0.0
WA013,2011,2,0.0,0.0099017648026347,0.0041731819510459,0.0236133709549903,0.0012215543538331,0.009429981932044,0.0
WA013,2011,3,0.0,0.0161362588405609,0.0008194940746761858,0.0039341812953352,5.757969120168127e-06,0.0003993183490820229,0.0
WA013,2011,4,0.0,0.3389505743980407,0.0026767393574118,0.454342633485794,0.0586123540997505,0.3181685209274292,0.0
WA013,2011,5,1.3874,1.481505274772644,0.5820364356040955,2.2739949226379395,0.7585870623588562,1.882392168045044,1.2983181476593018
WA013,2011,6,3.2213,3.258859872817993,1.8346680402755735,4.626469612121582,1.791926026344299,3.22297477722168,5.826915740966797
WA013,2011,7,5.7197,4.884237766265869,4.263844013214111,7.249853134155273,2.741922378540039,4.783890724182129,4.693450450897217
WA013,2011,8,9.0084,8.037958145141602,12.215070724487305,9.22158432006836,6.403066635131836,6.042474269866943,9.31240177154541
WA013,2011,9,5.5117,5.063263416290283,4.95448112487793,5.484094619750977,3.663015365600586,5.212900638580322,4.674846649169922
WA013,2011,10,0.4135,0.3559124767780304,0.4196697473526001,0.9716261029243468,1.0550931692123413,0.8990163803100586,0.7680991888046265
WA013,2011,11,0.0,0.0010604717535898,0.0009006637264974415,0.0039341812953352,1.1359838225644125e-07,0.0188302900642156,0.0
WA013,2011,12,0.0,2.8507446359071764e-07,0.0008039539097808301,0.0,1.1340442540586085e-07,0.0044149551540613,0.0
WA013,2012,1,0.0,9.20517195481807e-05,0.0008587705669924617,0.0,2.805458620969148e-07,0.0003136718587484211,0.0
WA013,2012,2,0.0,0.0027887977194041,0.0010933500016108,0.0240000002086162,1.991236331377877e-07,0.0054513225331902,0.0
WA013,2012,3,0.0,0.0339498929679393,0.0012186585227027,0.0304575897753238,2.19786488742102e-06,0.004238246474415,0.0
WA013,2012,4,0.0,0.4443730413913727,0.0167155116796493,0.1926334649324417,0.1353377550840377,0.3629023730754852,0.0249921102076768
WA013,2012,5,2.3671,3.240119218826294,1.000579833984375,2.3682894706726074,2.951441526412964,4.027138710021973,4.019975662231445
WA013,2012,6,7.539,3.771411657333374,2.0806612968444824,6.98433780670166,4.847482681274414,4.421181201934815,6.90809440612793
WA013,2012,7,6.6868,7.038723945617676,5.812109470367432,7.654447078704834,6.46220588684082,7.853596210479736,7.427307605743408
WA013,2012,8,8.1081,8.898024559020996,8.327104568481445,10.230131149291992,9.054181098937988,8.9273042678833,11.233709335327148
WA013,2012,9,2.6743,4.802781105041504,6.41504430770874,3.495257377624512,4.38618278503418,5.498270988464356,3.964455127716065
WA013,2012,10,0.0216,0.3501128852367401,0.1107324510812759,0.6151137351989746,0.9970478415489196,0.8217502236366272,0.3306191563606262
WA013,2012,11,0.0,0.0060633230023086,0.0008152146474458277,0.0596822276711463,2.0801112441404257e-06,0.0218919366598129,0.0
WA013,2012,12,0.0,0.00037668185541406274,0.0008735882584005594,0.0,1.911283789013396e-07,0.1035588830709457,0.0
WA013,2013,1,0.0,0.0042627369984984,0.0009402696159668268,0.0098354537039995,0.0004399890603963,0.0129062179476022,0.0
WA013,2013,2,0.0,0.0011675815330818,0.0013039050390943,0.0840688496828079,3.595249609134044e-07,0.0362159237265586,0.0
WA013,2013,3,0.0,0.1173545345664024,0.0014151900541037,0.078518159687519,0.0106412721797823,0.1934902071952819,0.0
WA013,2013,4,0.71,0.2759291529655456,0.204454556107521,0.5540174245834351,0.3192878663539886,0.8220212459564209,0.8103501796722412
WA013,2013,5,0.401,0.8140419125556946,0.4570320248603821,0.8074989914894104,0.3259799182415008,1.248538374900818,0.1774009764194488
WA013,2013,6,3.6217,3.9583098888397217,1.8566137552261357,4.493042469024658,1.6403679847717283,3.663852691650391,5.07692813873291
WA013,2013,7,4.1748,5.452456951141357,3.2644405364990234,5.083145618438721,3.471524953842163,5.560052871704102,4.903142929077148
WA013,2013,8,7.85,9.37283420562744,8.772298812866211,8.59412956237793,6.151327610015869,7.794003486633301,10.70750331878662
WA013,2013,9,3.255,3.996678113937378,3.047633647918701,3.675824642181397,1.8985538482666016,4.144155502319336,4.09779167175293
WA013,2013,10,0.2148,0.3191910088062286,0.8059949278831482,0.4162684977054596,0.6575400233268738,0.3890215456485748,0.7580399513244629
WA013,2013,11,0.0,0.0006133138667792082,0.0008020466193556786,0.0334405452013015,1.863875695562456e-05,0.0046893502585589,0.0
WA013,2013,12,0.0,0.0008411087328568101,0.0008719617617316544,0.0832955986261367,4.159571471973322e-05,0.0154917677864432,0.0
WA013,2014,1,0.0,0.0068178339861333,0.0014923133421689,0.0059012719430029,0.0012119178427383,0.038558792322874,0.0
WA013,2014,2,0.0,0.0008915125508792698,0.0008438267977908254,0.0118025448173284,0.0050317519344389,0.0157861560583114,0.0
WA013,2014,3,0.0,0.1251894533634185,0.0008984549203887582,0.149522602558136,0.0033834381029009,0.140616625547409,0.0
WA013,2014,4,0.2293,0.7656946778297424,0.0614430382847785,0.7934688329696655,0.7080624103546143,1.4243725538253784,0.6603691577911377
WA013,2014,5,0.9987,1.4040117263793943,1.6298561096191406,1.4376074075698853,0.969733476638794,2.0325748920440674,1.7075738906860352
WA013,2014,6,1.1693,2.5972888469696045,0.9993772506713868,2.5080690383911133,1.349973201751709,3.1407175064086914,1.699920892715454
WA013,2014,7,3.9855,5.22782039642334,4.837553024291992,5.740020275115967,3.817371368408203,5.28184700012207,6.4756855964660645
WA013,2014,8,5.6168,7.804572582244873,12.62568473815918,9.527016639709473,6.151382923126221,6.592403411865234,7.546243667602539
WA013,2014,9,3.554,4.720546245574951,3.14437198638916,5.047941207885742,3.713346481323242,6.81959342956543,4.308183193206787
WA013,2014,10,0.269,0.3236637413501739,0.514931857585907,0.6567633152008057,0.4735003709793091,0.5671532154083252,0.7197304368019104
WA013,2014,11,0.0,0.0069485250860452,0.001086933305487,0.0577151365578174,3.045073242446961e-07,0.0514119453728199,0.0
WA013,2014,12,0.0,4.733173773274757e-05,0.0010237169917672,0.0229521542787551,2.025287493268025e-08,0.0085607664659619,0.0
WA013,2015,1,0.0,0.0004599648527801037,0.0012192289577797,0.0216379985213279,2.53957038775024e-13,0.0063082505948841,0.0
WA013,2015,2,0.0,0.0130678405985236,0.0009642407530918716,0.0255721807479858,2.567052615631837e-05,0.0254875496029853,0.0
WA013,2015,3,0.0,0.1149545460939407,0.00487872492522,0.3384511470794678,1.775899545464199e-05,0.1703449636697769,0.0
WA013,2015,4,0.0157,0.0887308120727539,0.0024629845283925,0.3634289801120758,2.298144750056963e-07,0.0579710863530635,0.0395864769816398
WA013,2015,5,0.0,0.5999675393104553,0.0671321675181388,0.5725274682044983,0.0970757156610488,0.5568624138832092,0.145142912864685
WA013,2015,6,1.8897,2.100752115249634,1.1317744255065918,2.4859585762023926,0.907383680343628,2.6339046955108643,2.468634366989136
WA013,2015,7,6.9926,5.666449069976807,5.384520530700684,6.275274753570557,3.954522132873535,5.213588714599609,5.669267177581787
WA013,2015,8,7.3568,9.167457580566406,9.299437522888184,7.566040992736816,6.05755615234375,6.90309476852417,9.181278228759766
WA013,2015,9,3.562,5.122954368591309,3.922872304916382,3.119537353515625,3.842826843261719,4.195833206176758,2.7894883155822754
WA013,2015,10,0.5548,0.467631071805954,0.4607253074645996,0.5862174034118652,0.4200412333011627,0.8188977837562561,0.9092373847961426
WA013,2015,11,0.0,0.00029673046083189547,0.0009890212677419186,0.1244994178414344,1.764158241712721e-06,0.0084245186299085,0.0
WA013,2015,12,0.0,0.0015781248221173,0.000813326274510473,0.0078683625906705,5.5838656615181386e-11,0.0132946148514747,0.0
WA013,2016,1,0.0,0.0013823603512719,0.0006895826081745327,0.0255721807479858,1.160140370272747e-13,0.1406281590461731,0.0
WA013,2016,2,0.0,0.001275754533708,0.0011527877068147,0.0190179720520973,5.37701393826806e-12,0.1409019082784652,0.0
WA013,2016,3,0.0123,0.0633905977010726,0.0274347178637981,0.5177185535430908,0.0098889218643307,0.143417939543724,0.0302373394370079
WA013,2016,4,0.0013,0.7342921495437622,0.0768213644623756,0.3347938656806946,0.1759208440780639,0.7259982228279114,0.9582778811454772
WA013,2016,5,0.7823,1.973472595214844,0.5050556063652039,1.788066864013672,1.1363475322723389,3.267676830291748,1.489842653274536
WA013,2016,6,3.723,3.6566781997680655,2.874229907989502,6.712782382965088,3.1679487228393555,4.966617584228516,6.641503810882568
WA013,2016,7,4.4813,5.75316858291626,6.159549236297607,4.747280120849609,4.905143737792969,5.735067367553711,5.887001991271973
WA013,2016,8,4.8916,6.821969985961914,5.431675910949707,7.49509334564209,3.789217472076416,6.078851699829102,9.669255256652832
WA013,2016,9,3.326,4.125677585601807,2.9949288368225098,3.8232436180114746,2.1995444297790527,4.167330265045166,3.572723627090454
WA013,2016,10,0.1935,0.1658066213130951,0.0368738397955894,0.6887335181236267,0.2340381145477295,0.4411498308181762,0.2096590399742126
WA013,2016,11,0.0,0.0088053653016686,0.0009299085359089077,0.1291916221380233,4.479310788951808e-08,0.0234770029783248,0.0
WA013,2016,12,0.0,0.0006937581929378211,0.0008435866329818964,0.0386888831853866,1.1836055335834317e-07,0.0080027347430586,0.0
WA013,2017,1,0.0,0.0008081166888587177,0.0008870360907167196,0.0445901565253734,1.6838459515611248e-08,0.0042712977156043,0.0
WA013,2017,2,0.0,0.0010304378811269,0.0011041860561817,0.0216379985213279,5.915234968512095e-09,0.0164079554378986,0.0
WA013,2017,3,0.0,0.0275454446673393,0.0010104430839419,0.1547948271036148,2.585186393844197e-07,0.0805955827236175,0.0
WA013,2017,4,0.242,0.1374559998512268,0.014662449248135,0.5584025382995605,0.1376952230930328,0.2170822620391845,0.4937025010585785
WA013,2017,5,0.1113,1.1032761335372925,0.5457599759101868,1.4711241722106934,0.9888842701911926,3.087143421173096,1.0221222639083862
WA013,2017,6,5.152,3.4376425743103027,4.606679916381836,6.796985149383545,4.045928955078125,0.0759068131446838,8.049772262573242
WA013,2017,7,5.0606,5.321857929229736,4.960101127624512,6.354935169219971,6.456305027008057,0.1030497476458549,7.429337501525879
WA013,2017,8,7.3519,8.037013053894043,5.813380718231201,8.463533401489258,10.184054374694824,7.852494239807129,9.443411827087402
WA013,2017,9,2.0303,3.4065656661987305,3.862127780914306,2.9359498023986816,1.3754607439041138,3.77744460105896,3.1582398414611816
WA013,2017,10,0.0342,0.1617388576269149,0.0312233045697212,0.2391896992921829,0.0044103660620749,0.2783525288105011,0.0322580635547637
WA013,2017,11,0.0,0.0003059515729546547,0.0008306848467327654,0.4077678024768829,4.815526153834071e-06,0.0211553182452917,0.0
WA013,2017,12,0.0,0.00311327772215,0.0040005161426961,0.0190179720520973,1.27606938349345e-06,0.014217060059309,0.0
WA013,2018,1,0.0,0.0025101357605308,0.0008174238610081375,0.0118025438860058,8.348857716278244e-10,0.01551747135818,0.0
WA013,2018,2,0.0254,0.0135576631873846,0.0175395533442497,0.2971464991569519,0.0022975502070039,0.1688373386859893,0.0
WA013,2018,3,0.0,0.0638420358300209,0.0009189092088490723,0.2580864429473877,9.848192483730145e-09,0.1502001136541366,0.0
WA013,2018,4,0.0193,0.3958991169929504,0.0026615518145263,0.2808902561664581,0.0003288407751824,0.2476328164339065,0.1249889135360717
WA013,2018,5,2.5155,1.5412344932556152,0.4290412962436676,3.910298109054565,0.7821189761161804,2.742262601852417,1.6027275323867798
WA013,2018,6,4.4453,3.689628124237061,2.6873912811279297,6.169600486755371,2.2324378490448,4.847364902496338,6.999946117401123
WA013,2018,7,3.0032,6.195337772369385,4.65326738357544,3.5652546882629395,4.672220230102539,5.773231983184815,7.927292346954346
WA013,2018,8,6.11,7.357960224151611,6.822555541992188,7.553329944610596,5.227474689483643,7.922176361083984,8.5079345703125
WA013,2018,9,2.5503,5.256803512573242,3.7757728099823,5.704974174499512,4.063572883605957,5.663069248199463,7.714360237121582
WA013,2018,10,0.1784,1.5416855812072754,0.152063101530075,0.6668199896812439,0.4133515954017639,0.8531488180160522,2.7397921085357666
WA013,2018,11,0.0,0.0059516681358218,0.0008153073722496629,0.0740965157747268,2.6981689105198825e-10,0.0103480275720357,0.0
WA013,2018,12,0.0,0.0019835603889077,0.0008852262399159372,0.0216379985213279,2.1354555883590365e-06,0.0091851148754358,0.0
WA013,2019,1,0.0,0.0004429197870194912,0.0009677759953774512,0.0609798096120357,2.945851917957043e-07,0.0084301736205816,0.0
WA013,2019,2,0.0,0.0111118210479617,0.0143909184262156,0.0314734503626823,0.0022952121216803,0.0312289372086524,0.0
WA013,2019,3,0.0,0.0556556731462478,0.0049308105371892,0.1773923337459564,0.0038127130828797,0.0814911350607872,0.0
WA013,2019,4,0.0,0.2488342076539993,0.0016351201338693,0.1452626883983612,0.0238253381103277,0.3720448315143585,0.0
WA013,2019,5,2.3523,2.66443419456482,2.0522267818450928,3.3478102684021,1.3857759237289429,3.758176565170288,3.53177261352539
WA013,2019,6,3.0373,3.5901968479156494,2.7527778148651123,3.913233518600464,2.1974265575408936,4.481311798095703,4.383378028869629
WA013,2019,7,6.7987,6.625452995300293,7.594513416290283,8.267099380493164,4.533059120178223,6.697724342346191,10.031925201416016
WA013,2019,8,7.8494,10.364720344543455,7.223847389221191,9.030271530151367,7.675071716308594,9.109725952148438,9.167373657226562
WA013,2019,9,0.628,3.3435769081115723,3.2227790355682373,1.329372763633728,1.953913211822509,4.302399635314941,4.3394694328308105
WA013,2019,10,0.45,1.083255171775818,2.727367162704468,1.215513825416565,1.0111961364746094,2.694338321685791,2.8062710762023926
WA013,2019,11,0.0,0.0109658297151327,0.0007303946185857058,0.7610992193222046,0.2142273634672165,0.1034463495016098,0.0
WA013,2019,12,0.0,0.0014941702829673,0.0007464633672498167,0.0137696359306573,1.4018760596812283e-09,0.0221727918833494,0.0
WA013,2020,1,0.0,9.527452493784948e-05,0.0010514543391764,0.0255721807479858,1.1619147244346095e-06,0.002126361709088,0.0
WA013,2020,2,0.0,0.000930455164052546,0.0077794813551008,0.0131166987121105,2.5717244511724857e-07,0.0189743805676698,0.0
WA013,2020,3,0.0,0.0940626114606857,0.0152234882116317,1.3023018836975098,1.9144889116287231,0.4674365222454071,0.0322549641132354
WA013,2020,4,0.5483,0.3000902831554413,0.0014576709363609,1.047340750694275,0.6862570643424988,0.6216914653778076,0.0
WA013,2020,5,1.03,1.5368187427520752,0.6186879277229309,1.2333418130874634,3.191277265548706,1.636976718902588,0.9736981391906738
WA013,2020,6,2.2503,2.440366744995117,1.2175089120864868,3.151172161102295,1.2106877565383911,4.507476806640625,2.097804307937622
WA013,2020,7,8.131,9.813907623291016,5.42051887512207,9.718567848205566,9.15745449066162,8.8727388381958,6.775981426239014
WA013,2020,8,12.8313,9.59561252593994,8.912121772766113,12.388545989990234,11.95233917236328,9.435428619384766,11.868907928466797
WA013,2020,9,3.086,6.353415489196777,4.169943809509277,5.509390830993652,3.24476957321167,6.833712100982666,5.12053918838501
WA013,2020,10,0.4335,0.5204982757568359,0.3521830141544342,0.7765498757362366,0.4422028660774231,0.9224268198013306,0.3205262720584869
WA013,2020,11,0.291,0.0061840270645916,0.0008882915135473013,0.7016026973724365,5.268167972564697,0.1104172244668006,0.0
WA013,2020,12,0.0,4.77119792776648e-05,0.0007747805211693048,0.0137696359306573,2.3368314228111583e-11,0.0025702079292386,0.0
WA014,2001,1,0.0,0.2689192295074463,0.6558433175086975,0.0508160777390003,0.0627032741904258,0.0033168259542435,0.8225923776626587
WA014,2001,2,1.2921,0.8574107885360718,0.6151360273361206,0.6089871525764465,0.8033665418624878,0.6866088509559631,0.9129305481910706
WA014,2001,3,4.671,4.163877487182617,2.817002058029175,6.176824569702148,2.243916273117065,4.746899604797363,2.0886993408203125
WA014,2001,4,6.0713,5.9394402503967285,3.944181919097901,7.653892517089844,3.052126169204712,6.976261138916016,8.572874069213867
WA014,2001,5,5.1703,6.5553717613220215,3.4278640747070312,3.8925979137420654,3.975586891174317,4.522414207458496,5.745909690856934
WA014,2001,6,6.8983,6.436731815338135,4.2335638999938965,7.108301639556885,7.326462745666504,6.804815292358398,6.02714729309082
WA014,2001,7,3.2719,2.5994133949279785,2.2193737030029297,3.185353279113769,4.793940544128418,3.607255935668945,2.173395156860352
WA014,2001,8,1.4503,1.0318282842636108,1.7171425819396973,1.7087973356246948,4.0186381340026855,1.5098826885223389,1.3710379600524902
WA014,2001,9,6.343,5.461050033569336,3.3169474601745605,5.805430889129639,4.993748664855957,5.457180023193359,7.656261444091797
WA014,2001,10,3.7739,4.082072734832764,1.3804500102996826,4.432778358459473,2.8317313194274902,3.9634430408477774,3.22382926940918
WA014,2001,11,1.0477,2.2937722206115723,1.1589449644088743,1.6955842971801758,1.5906749963760376,2.8980960845947266,2.531258583068848
WA014,2001,12,0.4065,0.6896182298660278,0.4064863324165344,1.0024698972702026,0.1799487322568893,0.6490011215209961,0.0564501732587814
WA014,2002,1,0.1355,0.6853940486907959,0.748778760433197,0.6587167978286743,0.5021913647651672,0.687883734703064,0.1350846737623214
WA014,2002,2,0.3504,1.066120982170105,0.9127838611602784,0.97259783744812,0.8279643058776855,0.8583759665489197,0.9642646312713624
WA014,2002,3,4.4713,2.7421131134033203,2.617438554763794,3.3366904258728027,2.643760204315185,3.4606876373291016,4.499954700469971
WA014,2002,4,9.0647,7.318195343017578,3.841077089309693,6.486651420593262,4.540602684020996,5.327181339263916,7.995780944824219
WA014,2002,5,7.7435,6.535758018493652,3.425464153289795,7.648696422576904,5.424185752868652,5.608922481536865,6.026195526123047
WA014,2002,6,8.294,7.29737663269043,6.265881538391113,8.290257453918457,3.1524949073791504,7.536465644836426,7.991683483123779
WA014,2002,7,9.2626,6.196466445922852,4.822531223297119,8.856689453125,3.7847161293029785,8.26834487915039,7.399206161499023
WA014,2002,8,2.3816,2.909396171569824,4.957984447479248,3.0537238121032715,6.655026435852051,3.6412513256073,2.965704917907715
WA014,2002,9,5.5693,2.76990818977356,3.496776580810547,4.169809341430664,3.0370588302612305,3.704475164413452,3.28545355796814
WA014,2002,10,10.94,7.774629592895508,4.695382118225098,7.781876564025879,4.214236259460449,7.384300231933594,9.052550315856934
WA014,2002,11,2.6257,3.545661687850952,2.857530117034912,2.1976678371429443,2.32578706741333,2.7643988132476807,2.000004529953003
WA014,2002,12,0.2994,0.6840221285820007,0.5458226799964905,1.148080825805664,0.3002353310585022,0.6071680784225464,0.1935483813285827
WA014,2003,1,0.5329,0.5798400044441223,1.1114073991775513,1.0441877841949463,0.2901346087455749,0.6282004714012146,0.8044570684432983
WA014,2003,2,1.6871,2.430115222930908,2.074339866638184,2.6320157051086426,1.3654022216796875,2.0900590419769287,2.7455477714538574
WA014,2003,3,2.5939,2.9331486225128174,2.0767898559570312,2.9152345657348637,2.5263795852661133,2.889313220977783,2.8709588050842285
WA014,2003,4,4.258,5.282573699951172,3.167666435241699,5.1888203620910645,2.5790584087371826,5.652973651885986,5.893691062927246
WA014,2003,5,5.2248,4.449945449829102,2.596282720565796,5.7679314613342285,4.0530924797058105,5.238182067871094,5.63104248046875
WA014,2003,6,4.9793,7.496049880981445,4.340506076812744,7.368419170379639,6.589080333709717,7.163360118865967,7.84382438659668
WA014,2003,7,2.1419,2.667417526245117,1.791961669921875,2.371057271957397,2.931493043899536,2.2318310737609863,2.3992104530334477
WA014,2003,8,1.6423,1.7958110570907593,2.3787384033203125,1.3959516286849976,2.557705879211426,1.856217861175537,1.256036400794983
WA014,2003,9,3.2633,5.330685138702393,5.207058906555176,4.316074371337891,4.545047283172607,5.93780517578125,3.779197931289673
WA014,2003,10,6.6419,8.572042465209961,5.289020538330078,7.002630710601807,7.47385835647583,8.25789737701416,7.788309097290039
WA014,2003,11,5.433,5.092912197113037,2.6505491733551025,4.989202976226807,4.8315043449401855,4.194304466247559,4.412553787231445
WA014,2003,12,0.3371,1.227893590927124,1.143069863319397,2.0454046726226807,0.3521024286746979,0.9725541472434998,0.9415363073349
WA014,2004,1,2.2168,0.6662381291389465,1.4270908832550049,1.5411638021469116,0.4405686259269714,0.944454312324524,0.9415597319602966
WA014,2004,2,1.219,2.7391343116760254,1.229769945144653,3.5696589946746826,1.0340837240219116,2.467099666595459,2.3663439750671387
WA014,2004,3,4.89,3.245687961578369,1.818701267242432,4.320435047149658,3.3207294940948486,2.9761087894439697,4.094757556915283
WA014,2004,4,2.953,3.345241069793701,2.2225687503814697,3.637402057647705,2.5215818881988525,3.82954478263855,3.71670913696289
WA014,2004,5,2.621,4.376367092132568,3.375930070877075,3.722702264785767,3.4836814403533936,5.381569862365723,3.1652956008911133
WA014,2004,6,2.3,3.4864273071289062,2.721708297729492,2.5120513439178467,5.532115936279297,2.943317651748657,2.6458418369293213
WA014,2004,7,3.729,4.840561389923096,3.0661489963531494,5.834376811981201,5.678675174713135,4.949701309204102,4.645168781280518
WA014,2004,8,3.9606,3.1579833030700684,2.3996522426605225,4.428318500518799,4.071933746337891,3.9251203536987305,2.6613006591796875
WA014,2004,9,8.2757,9.141294479370115,5.814701557159424,8.941072463989258,5.337626457214356,8.889293670654297,8.804147720336914
WA014,2004,10,8.511,6.604219436645508,2.7642927169799805,6.964201927185059,6.240246295928955,7.219804763793945,8.949613571166992
WA014,2004,11,1.6927,2.363458633422852,2.0407731533050537,2.574391841888428,2.75693154335022,3.635817050933838,2.085439920425415
WA014,2004,12,2.009,1.5392168760299685,1.032387614250183,1.7646406888961792,1.0065932273864746,1.1009725332260132,1.5060597658157349
WA014,2005,1,0.1016,0.3317092657089233,0.6656848192214966,0.7845757007598877,0.3430037796497345,0.3745128512382507,0.3064589202404022
WA014,2005,2,2.7493,2.024167776107788,1.4611672163009644,2.172636747360229,1.3374934196472168,1.9025970697402956,2.120523452758789
WA014,2005,3,2.6442,4.530355453491211,2.730911493301392,4.869470119476318,3.5145416259765625,4.274049758911133,4.69549036026001
WA014,2005,4,2.8863,4.5457258224487305,2.562075138092041,4.619168758392334,3.980168104171753,5.3265886306762695,4.5541672706604
WA014,2005,5,6.6142,5.530043601989746,3.489722728729248,7.658525943756103,5.688328266143799,6.168416976928711,7.417332649230957
WA014,2005,6,6.8523,6.326404094696045,6.377901554107666,5.444748878479004,5.728960514068604,5.692084789276123,4.462520599365234
WA014,2005,7,1.2852,1.802439570426941,2.736604690551758,1.3344041109085083,2.2770326137542725,2.067590713500977,1.4173545837402344
WA014,2005,8,1.7213,1.7222436666488647,3.4015164375305176,1.8354620933532717,2.081094980239868,1.3879797458648682,1.135074496269226
WA014,2005,9,4.5877,4.349991798400879,2.9926915168762207,5.318109512329102,5.898462295532227,5.64543342590332,4.937541484832764
WA014,2005,10,6.5884,8.263055801391602,3.9363958835601807,6.876046657562256,7.757920742034912,8.345454216003418,8.598849296569824
WA014,2005,11,2.1867,3.1974141597747803,1.7288323640823364,3.208382606506348,2.626803636550904,3.124406337738037,2.714563369750977
WA014,2005,12,0.3823,0.9270353317260742,0.528231143951416,1.0279191732406616,0.5038307309150696,0.5970627069473267,1.0403138399124146
WA014,2006,1,3.7816,1.1273220777511597,1.3873924016952517,2.666055917739868,1.8317174911499023,1.0199843645095823,0.1935528069734573
WA014,2006,2,6.0936,2.1645994186401367,1.6416934728622437,3.462150812149048,3.284942626953125,1.845314860343933,2.9330639839172363
WA014,2006,3,4.0723,4.122794628143311,2.966251373291016,4.454826831817627,3.2957561016082764,3.688076972961426,3.989959955215454
WA014,2006,4,3.34,3.663414478302002,2.0850605964660645,3.773919343948364,3.065772294998169,3.505197763442993,2.58125114440918
WA014,2006,5,8.2484,7.108778953552246,3.706303834915161,7.9789137840271,5.889708042144775,7.121037483215332,7.199556827545166
WA014,2006,6,5.029,5.622859954833984,3.807243585586548,5.396318912506104,5.211014747619629,5.353507995605469,5.087540149688721
WA014,2006,7,3.1881,3.406553268432617,3.1066341400146484,2.962815999984741,4.720986366271973,3.443769216537476,2.5947444438934326
WA014,2006,8,1.9306,1.7371026277542114,1.979169845581055,1.9410042762756348,1.950637936592102,1.6236944198608398,1.6330593824386597
WA014,2006,9,5.185,5.941238880157471,4.475829601287842,5.301310062408447,5.60374116897583,6.000357627868652,5.229167461395264
WA014,2006,10,5.0874,6.95341157913208,3.089515924453736,6.587123870849609,6.620867729187012,7.083067417144775,7.71173620223999
WA014,2006,11,2.1033,1.3234524726867676,0.9317496418952942,1.5303304195404053,1.2606509923934937,1.6839797496795654,1.745835781097412
WA014,2006,12,0.1961,0.8594633936882019,0.0783134847879409,0.8660934567451477,0.3359359800815582,0.7143586874008179,0.0141139542683959
WA014,2007,1,0.0061,0.2543456256389618,0.2973579168319702,0.2444348335266113,0.1261766850948333,0.0375921875238418,0.0
WA014,2007,2,0.6796,1.8856675624847408,1.8543652296066284,1.1092356443405151,0.5221042633056641,0.5403692722320557,1.6272097826004028
WA014,2007,3,3.1919,3.11091423034668,1.3675693273544312,2.631598711013794,1.805583357810974,3.265993595123291,2.8427062034606934
WA014,2007,4,5.7573,7.729645729064941,2.6998157501220703,6.141818523406982,5.283955097198486,4.403829574584961,8.937503814697266
WA014,2007,5,5.0339,5.059520721435547,3.667100191116333,4.818063259124756,4.957871437072754,3.9700522422790527,4.768125057220459
WA014,2007,6,7.1387,6.357325077056885,4.299931049346924,6.402956008911133,4.397625923156738,6.262431621551514,5.7292022705078125
WA014,2007,7,4.8374,7.471272945404053,4.602942943572998,6.2010016441345215,6.121175765991211,6.455734252929688,5.991884231567383
WA014,2007,8,5.0239,4.30368185043335,3.593412160873413,3.427267551422119,4.394576549530029,3.6796154975891113,3.574566602706909
WA014,2007,9,15.1493,14.264443397521973,5.973031044006348,12.335558891296388,6.411812782287598,11.891279220581056,8.722891807556152
WA014,2007,10,6.9842,7.01662540435791,4.581976413726807,6.4177565574646,3.598641872406006,6.912278175354004,8.814549446105957
WA014,2007,11,2.0697,2.319719076156616,2.3642938137054443,2.138446807861328,1.977692723274231,2.244337797164917,3.8437793254852295
WA014,2007,12,0.3187,1.060349464416504,0.9119866490364076,1.1391091346740725,0.669340193271637,0.8274339437484741,0.9032155871391296
WA014,2008,1,0.0,0.037093985825777,0.0275509860366582,0.3514093160629272,1.4008736610412598,0.0393370054662227,0.0564501732587814
WA014,2008,2,0.3776,1.1381217241287231,0.9896025657653807,2.5023438930511475,0.2975533902645111,1.9401353597640991,0.9611891508102416
WA014,2008,3,5.301,4.622732639312744,3.03981614112854,4.863601207733154,2.554048538208008,4.438519477844238,7.53643798828125
WA014,2008,4,3.8137,4.664164066314697,3.102491855621338,4.442714691162109,2.4385910034179688,4.081311702728272,5.512449264526367
WA014,2008,5,7.6719,7.095264434814453,4.888966083526611,7.732792377471924,3.884907484054565,6.931071758270264,6.427391529083252
WA014,2008,6,6.4317,8.602566719055176,4.196649074554443,8.164270401000977,6.584378719329834,6.914357662200928,8.675065040588379
WA014,2008,7,3.2642,7.157107353210449,5.7015061378479,4.463927268981934,4.48551082611084,4.338170528411865,4.768123626708984
WA014,2008,8,10.9732,3.694999217987061,4.866038799285889,4.967859268188477,4.720743179321289,3.563793659210205,4.385081768035889
WA014,2008,9,6.2673,6.613003730773926,5.898921012878418,6.25219202041626,5.73431921005249,5.650712490081787,5.735445976257324
WA014,2008,10,4.9548,7.093569278717041,3.098522663116455,5.898765563964844,3.637558937072754,7.7129364013671875,5.334704875946045
WA014,2008,11,0.5827,1.916364669799805,1.3035255670547483,1.404545783996582,2.194232702255249,1.8149269819259644,2.66869592666626
WA014,2008,12,0.5281,2.7483041286468506,1.6819987297058103,2.696274757385254,0.8382747173309326,1.6748038530349731,1.8467756509780884
WA014,2009,1,0.0126,0.370551198720932,0.351516991853714,0.4022354483604431,0.2174234092235565,0.0706617981195449,0.0887082368135452
WA014,2009,2,3.8625,3.3238959312438965,2.400818347930908,4.163305759429932,1.5434483289718628,2.626319169998169,3.5201075077056885
WA014,2009,3,1.3794,5.7775702476501465,3.3824987411499023,4.784364223480225,3.5279700756073,3.5739848613739014,5.494241237640381
WA014,2009,4,7.513,4.373695373535156,2.704040050506592,5.060704231262207,5.032172203063965,4.488397598266602,5.456226825714111
WA014,2009,5,3.3603,4.77641487121582,3.894378423690796,5.55141544342041,4.862975597381592,5.056476593017578,5.098781585693359
WA014,2009,6,10.3513,9.583091735839844,6.504269599914551,11.778596878051758,7.833167552947998,6.8179192543029785,7.602103233337402
WA014,2009,7,4.6619,6.647929668426514,9.467198371887209,8.028046607971191,6.833581447601318,6.493727684020996,7.187501907348633
WA014,2009,8,0.7216,1.2052544355392456,3.452828884124756,1.1155638694763184,1.8878145217895508,1.4812721014022827,1.2399146556854248
WA014,2009,9,4.9693,2.5338735580444336,2.593225240707397,2.9185585975646973,2.9325883388519287,2.8219246864318848,2.8396267890930176
WA014,2009,10,3.5355,4.050222396850586,2.971473932266236,4.968185424804688,5.060279846191406,4.318994998931885,4.788399696350098
WA014,2009,11,3.735,2.673206090927124,1.9342913627624512,3.21671462059021,2.89579176902771,2.900099515914917,1.4687715768814087
WA014,2009,12,1.1477,1.6863781213760376,0.4269246160984039,1.254853367805481,0.4814144670963287,1.1339534521102903,1.254028558731079
WA014,2010,1,0.3187,0.7536473274230957,0.328486829996109,1.244571089744568,0.8985422253608704,0.4742880165576935,0.5161334276199341
WA014,2010,2,2.5036,3.5035879611968994,1.4512455463409424,2.1711409091949463,1.0972950458526611,3.216171264648437,2.9151406288146973
WA014,2010,3,2.8052,4.083756923675537,3.0590617656707764,4.09696626663208,2.2583975791931152,2.833335399627685,2.310478687286377
WA014,2010,4,2.0903,3.869847297668457,4.064829349517822,5.092797756195068,3.529989719390869,3.939960479736328,3.854138374328613
WA014,2010,5,4.7526,4.352879047393799,3.671006679534912,5.540365695953369,4.0752034187316895,5.489062309265137,4.419312000274658
WA014,2010,6,9.8323,7.57797908782959,5.931002616882324,6.98360538482666,7.7452392578125,7.636665821075439,7.620862483978271
WA014,2010,7,1.6652,3.832153558731079,2.99756407737732,3.2238078117370605,3.279334306716919,3.946163892745972,3.052408456802368
WA014,2010,8,3.0848,3.6096441745758057,4.172599792480469,3.5241315364837646,3.658653736114502,3.840896368026733,3.1955459117889404
WA014,2010,9,3.7033,6.318149089813232,3.9924802780151367,5.138240814208984,5.220358848571777,5.265496730804443,7.527079105377197
WA014,2010,10,5.4406,7.100552082061768,5.099365711212158,7.3985772132873535,7.179736614227295,7.344590663909912,8.5424222946167
WA014,2010,11,2.7227,4.238090515136719,2.004102230072021,2.8990492820739746,3.265686750411988,3.015961170196533,3.7145724296569824
WA014,2010,12,1.2413,1.9491491317749023,1.014156937599182,2.3309903144836426,1.0443861484527588,1.6664581298828125,1.254028558731079
WA014,2011,1,1.2571,0.8101029992103577,0.5153404474258423,1.713119387626648,0.3808407485485077,0.5419251918792725,0.9758313894271852
WA014,2011,2,5.3507,4.214834213256836,2.927962303161621,4.554911136627197,2.8804492950439453,3.566376209259033,3.2276973724365234
WA014,2011,3,4.1239,5.89795446395874,1.7423224449157717,9.746918678283691,3.882218837738037,3.622518539428711,2.2541379928588867
WA014,2011,4,5.68,4.51958703994751,2.881058931350708,7.1798481941223145,5.264883041381836,3.183018207550049,3.0354323387146
WA014,2011,5,2.7626,4.835185527801514,3.1573214530944824,4.1227545738220215,3.630397081375122,4.468499183654785,3.9314231872558594
WA014,2011,6,6.5343,8.057530403137207,4.063755512237549,5.1298136711120605,5.663320064544678,5.610982894897461,5.747964859008789
WA014,2011,7,4.0558,6.083894729614258,3.966061353683472,4.951852321624756,8.59417724609375,4.957207202911377,5.403225898742676
WA014,2011,8,2.2239,3.201695203781128,2.7826082706451416,2.084112405776977,2.625983238220215,2.319058418273926,1.8911194801330569
WA014,2011,9,5.4433,6.337011337280273,3.8862850666046143,4.521285057067871,6.154414176940918,5.989683628082275,5.268774509429932
WA014,2011,10,5.8552,10.376288414001465,6.109348773956299,6.203433036804199,5.760221004486084,6.949533462524414,9.75206184387207
WA014,2011,11,2.084,1.7545915842056274,0.7112202048301697,1.8164621591567995,1.5062295198440552,1.7441766262054443,1.4854110479354858
WA014,2011,12,0.0884,0.2859565019607544,0.0748870596289634,1.3855611085891724,0.2815278768539428,0.3562668263912201,0.1370982080698013
WA014,2012,1,0.0003,0.448853075504303,0.7430183291435242,1.2999922037124634,0.3590072691440582,0.4420970380306244,1.467777132987976
WA014,2012,2,2.3666,2.551636219024658,3.425935983657837,2.5309505462646484,2.6150567531585693,1.711368203163147,2.8620409965515137
WA014,2012,3,1.2468,2.1347622871398926,2.5447657108306885,2.4601142406463623,2.1564598083496094,1.8104984760284424,2.24597716331482
WA014,2012,4,2.7543,3.716348648071289,3.5944344997406006,3.0767757892608643,2.873922109603882,3.2290151119232178,5.441657543182373
WA014,2012,5,5.6081,4.640992164611816,5.56229305267334,4.169387340545654,6.467249393463135,4.227532386779785,5.310480117797852
WA014,2012,6,7.7357,6.652734279632568,5.539883136749268,7.880609512329102,8.842577934265137,5.745875835418701,7.018782138824463
WA014,2012,7,3.4574,2.4532196521759038,2.5697460174560547,2.395861864089966,4.0667595863342285,1.6142616271972656,2.423417329788208
WA014,2012,8,0.3165,1.5495697259902954,2.396193265914917,0.8187939524650574,1.7769758701324463,0.8805729746818542,3.6733510494232178
WA014,2012,9,4.2913,4.611585140228272,5.297519683837891,4.266927242279053,5.354138374328613,4.510281562805176,4.402064323425293
WA014,2012,10,8.1761,8.515551567077637,3.8766098022460938,5.76564884185791,8.93596363067627,7.038352012634277,5.322589874267578
WA014,2012,11,3.6657,2.82126784324646,1.9624801874160769,5.799429416656494,2.384756565093994,3.5009775161743164,4.837568759918213
WA014,2012,12,1.6661,0.9437670111656188,0.6119197010993958,4.2378644943237305,0.6857206225395203,1.3538802862167358,4.050406455993652
WA014,2013,1,0.0184,0.1967659294605255,0.4628877639770508,1.7826685905456543,0.5567027926445007,0.2065009176731109,0.3366640508174896
WA014,2013,2,1.7525,2.588899850845337,0.8422822952270508,2.040485382080078,2.5196495056152344,1.916035294532776,0.0357142873108387
WA014,2013,3,3.681,4.261580467224121,3.419662952423096,4.42442798614502,3.0820441246032715,3.71763277053833,3.8024098873138423
WA014,2013,4,4.1907,2.742471218109131,3.1497933864593506,3.812451124191284,2.613002300262451,3.15020751953125,5.287426471710205
WA014,2013,5,7.0645,3.882878541946411,3.64118218421936,5.706625938415527,3.9636735916137695,4.9903435707092285,6.397160530090332
WA014,2013,6,2.8433,3.4799373149871826,3.3312058448791504,4.200429439544678,2.299122095108032,4.111522197723389,4.460421562194824
WA014,2013,7,2.2981,2.442954540252685,3.4602081775665283,3.3641765117645264,3.691042184829712,3.158378839492798,2.3689615726470947
WA014,2013,8,1.6045,0.9677425622940063,1.836130976676941,2.2160565853118896,0.7338448762893677,1.4500199556350708,1.193552851676941
WA014,2013,9,6.6767,4.812159538269043,4.001431941986084,6.1989827156066895,4.598367691040039,6.100889682769775,6.795838832855225
WA014,2013,10,6.6884,4.39030647277832,4.731695652008057,6.228192329406738,4.681751251220703,5.764068126678467,6.10294246673584
WA014,2013,11,3.2457,3.862096071243286,1.9526220560073853,4.186399936676025,2.6255125999450684,4.146232604980469,6.616721153259277
WA014,2013,12,1.1403,0.8096591234207153,0.5615001916885376,5.166602611541748,0.3119194805622101,1.388901710510254,0.9032257795333862
WA014,2014,1,2.441,0.9140998125076294,1.0307732820510864,3.619988679885864,0.5254613161087036,1.490431547164917,1.5705993175506592
WA014,2014,2,1.6046,1.9175937175750728,1.283653974533081,5.443440914154053,0.6654115915298462,2.1162824630737305,3.1629323959350586
WA014,2014,3,2.411,3.9651038646698,3.890239715576172,3.258709669113159,3.326239109039306,3.9844894409179688,4.135074138641357
WA014,2014,4,4.819,4.499129295349121,3.858170509338379,5.363764762878418,4.970423698425293,6.300949096679688,4.483307361602783
WA014,2014,5,5.0165,4.347009181976318,5.208310127258301,4.831297874450684,3.864773750305176,4.812090396881104,3.649200201034546
WA014,2014,6,10.248,7.906683444976807,6.283623695373535,9.521445274353027,7.436511516571045,8.16424560546875,6.902138233184815
WA014,2014,7,5.7929,4.42174243927002,3.505556344985962,4.069685459136963,3.1909596920013428,3.017263889312744,3.229839563369751
WA014,2014,8,2.4019,2.9903926849365234,4.301721572875977,3.012271881103516,3.100691556930542,2.521323680877685,1.66733980178833
WA014,2014,9,5.1673,4.176986217498779,4.941419124603272,6.166275024414063,6.482194423675537,5.937070369720459,5.9708099365234375
WA014,2014,10,5.5965,3.994363307952881,4.158551216125488,5.232743740081787,4.850275993347168,4.716656684875488,5.193596839904785
WA014,2014,11,3.337,2.6001479625701904,2.3981618881225586,2.866650342941284,2.2382683753967285,3.161677837371826,4.970914363861084
WA014,2014,12,0.7165,0.9742133617401124,0.7262696027755737,2.333334684371948,0.7090722918510437,1.063406229019165,0.346768319606781
WA014,2015,1,0.1381,0.4366565644741058,0.3055542707443237,1.33346426486969,0.2168889939785003,0.3981164693832397,0.1935483813285827
WA014,2015,2,1.9061,2.228651523590088,1.7907367944717407,2.7216544151306152,2.2033824920654297,2.240707397460937,4.975463390350342
WA014,2015,3,4.7584,4.57236909866333,3.481842041015625,3.5608556270599365,5.125484466552734,3.4373250007629395,4.082632541656494
WA014,2015,4,4.309,4.431527137756348,2.320696353912353,5.316226005554199,3.3760037422180176,4.319924831390381,3.481226921081543
WA014,2015,5,4.3703,4.130893230438232,2.826327085494995,4.544397354125977,3.076245307922364,3.3100473880767822,3.905247926712036
WA014,2015,6,5.5277,5.3394880294799805,5.4290876388549805,7.688711166381836,5.974982261657715,5.663051605224609,4.8562331199646
WA014,2015,7,2.379,2.762601613998413,2.613624095916748,2.980018615722656,3.025888442993164,2.316275358200073,1.8851007223129272
WA014,2015,8,0.3465,0.9347512125968932,1.823214054107666,0.7057139277458191,1.8713057041168213,1.0962425470352173,2.3407187461853027
WA014,2015,9,2.4217,2.365330934524536,2.466050386428833,1.7981840372085571,2.969055652618408,2.1318161487579346,2.4146177768707275
WA014,2015,10,7.0303,5.972257137298584,4.046970844268799,8.172589302062988,7.485201358795166,7.093186855316162,7.737993240356445
WA014,2015,11,2.614,2.286731481552124,2.0960772037506104,5.154867172241211,2.038216352462769,3.716920852661133,3.2249984741210938
WA014,2015,12,0.0177,0.235734075307846,0.0595920234918594,2.581727743148804,0.1368454396724701,0.4631195962429046,0.0645161271095275
WA014,2016,1,0.0342,0.2139830589294433,0.088194839656353,0.7346593141555786,0.0365702100098133,0.1931526064872741,0.227824404835701
WA014,2016,2,0.6321,0.7099509835243225,0.5901052355766296,1.2265299558639526,0.4286412000656128,0.2852932214736938,1.0236986875534058
WA014,2016,3,3.621,6.023309707641602,4.839007377624512,3.409959554672241,3.7497284412384033,4.064651012420654,5.473793029785156
WA014,2016,4,2.2017,3.1376099586486816,2.73686957359314,4.215597152709961,2.123171329498291,3.9182279109954834,4.072901248931885
WA014,2016,5,4.9568,5.148104667663574,5.0931501388549805,5.3630051612854,4.708587646484375,4.83876371383667,5.762083053588867
WA014,2016,6,7.017,4.401785373687744,5.702150821685791,5.921028137207031,4.602451324462891,4.967260837554932,5.310426235198975
WA014,2016,7,1.7216,2.41863751411438,2.6379120349884038,2.55784273147583,2.608598470687866,2.6952335834503174,2.6975786685943604
WA014,2016,8,1.6426,1.9060029983520508,3.111301183700561,2.027303695678711,2.7095181941986084,1.9392622709274288,2.487886428833008
WA014,2016,9,6.89,8.599299430847168,4.722544193267822,8.51325511932373,10.25205135345459,7.643166065216064,8.183353424072266
WA014,2016,10,5.2574,5.87070894241333,4.933308124542236,6.448328018188477,5.356132507324219,5.579979419708252,5.153269290924072
WA014,2016,11,4.7493,2.851284980773926,1.9630951881408687,3.5255651473999023,1.4599329233169556,2.8065223693847656,3.4854109287261963
WA014,2016,12,0.8694,1.2437587976455688,1.1200884580612185,4.30210018157959,0.417506456375122,0.8497416377067566,1.487905502319336
WA014,2017,1,0.4245,1.077925682067871,0.5551305413246155,3.88043475151062,0.3889787197113037,0.7910318970680237,1.1008144617080688
WA014,2017,2,1.1254,1.348886013031006,0.9123579859733582,1.3592536449432373,0.8699718713760376,1.133737087249756,2.0133919715881348
WA014,2017,3,3.9445,3.559412717819214,2.1899845600128174,3.767156839370728,2.254220962524414,2.986098289489746,2.266120195388794
WA014,2017,4,2.7233,4.622750282287598,3.122709989547729,3.5044970512390137,2.441271543502808,3.395335912704468,5.029153823852539
WA014,2017,5,6.9545,5.268888473510742,3.971316814422608,7.307459831237793,5.980306625366211,5.898769855499268,5.1814141273498535
WA014,2017,6,8.8423,10.05244255065918,4.98346471786499,7.574421882629394,7.813195705413818,0.137040227651596,8.818785667419434
WA014,2017,7,4.5119,4.155979156494141,5.123233318328857,4.254782199859619,6.841695308685303,0.0887236967682838,2.6713640689849854
WA014,2017,8,2.2584,2.134528160095215,3.552211046218872,2.2609663009643555,2.220538377761841,2.55940842628479,2.9273886680603027
WA014,2017,9,6.903,3.9683620929718018,5.52896785736084,5.398218154907227,5.806455135345459,4.006956577301025,4.179162979125977
WA014,2017,10,4.7397,7.052029132843018,3.6929752826690674,5.175349712371826,3.806858777999878,6.110047817230225,7.080687046051025
WA014,2017,11,2.8087,2.744359970092773,2.565680980682373,3.0756170749664307,1.8096657991409304,2.957915544509888,3.958365201950073
WA014,2017,12,0.7113,1.2050738334655762,0.7518779039382935,1.929738998413086,0.363004207611084,0.9624347686767578,0.8306437134742737
WA014,2018,1,0.0,0.261519581079483,0.1145777702331543,0.778746485710144,0.0199232995510101,0.0438298135995864,0.3064589202404022
WA014,2018,2,1.6689,1.8566865921020508,2.9085235595703125,2.428293466567993,1.5827386379241943,1.8212249279022217,2.0223937034606934
WA014,2018,3,5.3713,4.1521711349487305,3.3897664546966557,6.139379024505615,2.9936327934265137,4.0685715675354,4.272188663482666
WA014,2018,4,5.3823,3.482898712158203,2.407052755355835,5.4958109855651855,4.0251641273498535,4.151737689971924,4.547897815704346
WA014,2018,5,8.5187,6.391305446624756,7.322810173034668,6.503574848175049,5.07167387008667,5.739141464233398,5.044345378875732
WA014,2018,6,7.797,7.420961380004883,3.747865915298462,7.861295700073242,8.3638916015625,6.719111919403076,6.985450267791748
WA014,2018,7,4.67,4.110992431640625,5.300379753112793,5.8196516036987305,4.956581115722656,4.827342033386231,4.348789215087891
WA014,2018,8,2.1945,2.4357681274414062,4.6447296142578125,2.472017765045166,4.376089572906494,3.0991549491882324,3.4576315879821777
WA014,2018,9,8.85,7.06398344039917,8.169205665588379,8.676020622253418,11.30865478515625,7.651934146881103,6.47917366027832
WA014,2018,10,4.2423,4.805302143096924,4.354163646697998,5.116984844207764,4.518585681915283,5.062655448913574,7.121020317077637
WA014,2018,11,1.711,2.299370527267456,2.302676200866699,2.808116912841797,1.5121253728866575,2.317504405975342,2.1604275703430176
WA014,2018,12,0.0768,0.281831681728363,0.4497714340686798,1.6349221467971802,0.0414181947708129,0.2341966181993484,0.9092738032341005
WA014,2019,1,0.089,0.5276839137077332,0.6232762336730957,1.3064850568771362,0.1900299787521362,0.4106159210205078,0.2016187608242035
WA014,2019,2,2.3036,1.8894789218902588,1.9120222330093384,2.690702438354492,1.8245325088500977,1.563008189201355,1.4977383613586426
WA014,2019,3,3.7213,3.267627000808716,3.7093231678009033,4.598858833312988,2.160614490509033,3.557067394256592,3.868967056274414
WA014,2019,4,4.9093,5.381582260131836,4.255690097808838,5.377469539642334,3.7246460914611816,5.063248157501221,5.110389709472656
WA014,2019,5,4.9923,5.932201862335205,4.252879619598389,5.519298553466797,4.380987167358398,5.678445816040039,5.572532176971436
WA014,2019,6,6.8963,6.148586750030518,4.506069183349609,9.013277053833008,6.199727535247803,5.900831699371338,6.091785907745361
WA014,2019,7,2.4719,4.389952659606934,3.613401412963867,3.851850271224976,4.9417901039123535,4.189568519592285,3.161345958709717
WA014,2019,8,1.6558,1.7845898866653442,2.434626340866089,1.859444499015808,2.804731607437134,1.867293357849121,1.689496397972107
WA014,2019,9,8.6,6.791500568389893,7.997359752655029,7.637699127197266,7.839892387390137,6.832248687744141,8.331380844116211
WA014,2019,10,11.0787,8.773956298828125,9.068012237548828,10.585524559020996,12.641275405883787,9.960494041442873,11.070473670959473
WA014,2019,11,1.8087,3.201291561126709,3.5433952808380127,2.319886922836304,1.3994605541229248,2.873944997787476,2.2562146186828613
WA014,2019,12,1.0845,0.9258735179901124,0.8134046196937561,1.6008305549621582,0.4665091335773468,0.8767673969268799,0.4032286703586578
WA014,2020,1,0.0003,0.1957968920469284,0.1640678942203521,0.7250232696533203,0.0267399884760379,0.0564273297786712,0.0907217636704444
WA014,2020,2,0.0331,0.2829380631446838,0.2603940963745117,0.9730355739593506,1.287982702255249,0.0973590984940528,0.3017022609710693
WA014,2020,3,4.2252,4.233425140380859,4.280736446380615,4.920449733734131,4.6471266746521,4.532118797302246,5.042341709136963
WA014,2020,4,3.147,3.5989840030670166,2.876807928085327,3.1551997661590576,3.76340126991272,4.0583038330078125,4.058351516723633
WA014,2020,5,7.8558,7.18806266784668,3.202073335647583,7.102715969085693,6.427424430847168,6.622589111328125,4.536271095275879
WA014,2020,6,8.287,7.799950122833252,4.776065349578857,9.00619888305664,8.588777542114258,8.897149085998535,6.7292022705078125
WA014,2020,7,2.3777,2.144853115081787,2.7667407989501958,3.1477267742156982,5.102982044219971,2.0821776390075684,2.854866743087769
WA014,2020,8,0.4048,0.725969135761261,1.0300031900405884,0.7831010222434998,1.226593852043152,0.7343556880950928,0.7479879260063171
WA014,2020,9,3.3663,4.083801746368408,3.766883373260498,5.394352912902832,4.323103904724121,6.01753568649292,4.400059223175049
WA014,2020,10,4.3755,6.480515480041504,4.412832736968994,6.523744106292725,9.499773979187012,7.115537166595459,6.856936931610107
WA014,2020,11,2.7053,2.7230031490325928,2.0849642753601074,3.519718170166016,2.6593942642211914,3.383946895599365,2.239578485488892
WA014,2020,12,1.1642,1.2470204830169678,1.3108609914779663,1.8110406398773196,0.7520425319671631,1.2527917623519895,1.145190715789795
WA015,2001,1,0.0,0.0094606922939419,0.0009134822757914662,0.0,8.582945838497835e-07,0.0008366364054381847,0.0
WA015,2001,2,0.0,0.0034105721861124,0.0011192760430276,0.0014082533307373,1.2766203383307584e-07,0.0042159296572208,0.0
WA015,2001,3,0.0,4.541497764876112e-05,0.0007648502942174673,0.0,4.174216883257032e-08,4.0514045394957066e-05,0.0
WA015,2001,4,0.0,0.0003464168403297663,0.0023829988203942,0.0,0.00365845952183,0.0216292832046747,0.0
WA015,2001,5,0.0,0.0039157960563898,0.0014572560321539,0.0164009109139442,0.0,0.0261319298297166,0.0
WA015,2001,6,2.511,2.701166868209839,0.4587980210781097,2.710092782974243,1.5732815265655518,2.473986387252808,2.9310624599456787
WA015,2001,7,8.2361,7.609451770782471,6.634871959686279,8.955256462097168,4.850412845611572,7.670723915100098,7.485759735107422
WA015,2001,8,6.9548,8.279718399047852,8.120257377624512,8.645546913146973,5.302624225616455,7.951917171478271,7.618734836578369
WA015,2001,9,6.0267,6.881712436676025,7.257556438446045,6.765525817871094,3.167276620864868,7.551849842071533,7.67271089553833
WA015,2001,10,1.8377,1.6830369234085083,1.1028860807418823,1.8845094442367556,0.3834598362445831,1.416325330734253,1.5563511848449707
WA015,2001,11,0.2623,0.0946633517742157,0.6466218829154968,0.26120325922966,0.1344615966081619,0.365368127822876,1.5539546012878418
WA015,2001,12,0.0,0.0324483625590801,0.0069055999629199,0.0028165066614747,1.0963674412778346e-06,0.0048463265411555,0.0
WA015,2002,1,0.6165,0.01878472417593,1.0023823976516724,0.6962319612503052,0.3715558052062988,0.7543473243713379,0.0585068576037883
WA015,2002,2,0.0,0.0039357817731797,0.0012564886128529,0.0014082533307373,1.237128526554443e-05,0.0,0.0
WA015,2002,3,0.0,0.0017466895515099,0.0093420902267098,0.0,0.0079041887074708,0.0004005446389783174,0.0
WA015,2002,4,0.0,0.0031646636780351,0.0022520804777741,0.0037522814236581,1.8907145715729717e-07,0.0004990545567125082,0.0
WA015,2002,5,0.0013,0.0037161214277148,0.0089973853901028,0.0502586849033832,0.0167972408235073,0.0395244173705577,0.0322580635547637
WA015,2002,6,2.3423,2.056867837905884,0.1303440928459167,2.24158787727356,1.3300447463989258,2.3364713191986084,1.6853896379470823
WA015,2002,7,1.5674,4.51077127456665,0.5239900350570679,2.184974908828736,0.7169327139854431,3.9066901206970215,2.0220730304718018
WA015,2002,8,6.0832,8.489114761352539,6.97450065612793,7.853694438934326,4.679555416107178,7.208771228790283,8.334474563598633
WA015,2002,9,4.8187,6.417136669158936,5.061817169189453,6.1142754554748535,4.245637893676758,7.596409797668457,7.508183479309082
WA015,2002,10,1.6113,2.394394397735596,1.808895230293274,2.3898818492889404,1.528182864189148,2.304106473922729,2.459571123123169
WA015,2002,11,0.0,0.0346700698137283,0.0016676519298925,0.0134000200778245,0.0013492284342646,0.00595139618963,0.0
WA015,2002,12,0.0019,0.0354791358113288,0.0416529811918735,0.035266026854515,0.0034995274618268,0.0075414828024804,0.0141150662675499
WA015,2003,1,0.0,0.0117598809301853,0.0010091374861076,0.007041267119348,1.0554028762044252e-09,0.0042174784466624,0.0
WA015,2003,2,0.0,0.0015716693596914,0.0165029317140579,0.0234545301645994,0.0014220410957932,0.0006402362487278879,0.0267988257110118
WA015,2003,3,0.0,0.0005276960437186062,0.000858330400660634,0.0,1.4147223055260838e-06,0.000590540177654475,0.0
WA015,2003,4,0.0,0.0088928891345858,0.0013357331044971,0.0,0.0024081941228359,0.0211946330964565,0.0
WA015,2003,5,0.0003,0.037314485758543,0.0031371307559311,0.0,4.045487003168091e-06,0.017786756157875,0.0
WA015,2003,6,2.5777,2.327435255050659,0.8411463499069214,3.1863856315612797,1.6640546321868896,2.42356014251709,2.354076147079468
WA015,2003,7,5.1481,6.206859111785889,4.632466793060303,6.179934501647949,4.243922233581543,8.224127769470215,7.044231414794922
WA015,2003,8,8.6084,8.737574577331543,6.067812442779541,9.440929412841797,9.878972053527832,11.856881141662598,10.140710830688477
WA015,2003,9,5.8967,7.302184581756592,7.695633411407471,6.694476127624512,7.403692245483398,8.128388404846191,8.039344787597656
WA015,2003,10,2.169,2.11426043510437,3.6498219966888423,2.4284768104553223,2.6051583290100098,3.3934803009033203,2.514023542404175
WA015,2003,11,0.0,0.0107395816594362,0.0169403664767742,0.0028123899828642,0.0243910476565361,0.0862000212073326,0.0
WA015,2003,12,0.0,0.0315136201679706,0.0009455512627027928,0.0014082533307373,7.241684585324037e-08,0.0005053337663412094,0.0
WA015,2004,1,0.0,0.0145561145618557,0.0314753465354442,0.0869453176856041,0.0191388484090566,0.009058691561222,0.0262222327291965
WA015,2004,2,0.0,0.00113567605149,0.0056652943603694,0.004224759992212,0.0010850511025637,0.0028644625563174,0.0258747264742851
WA015,2004,3,0.0,8.493894711136818e-05,0.0011477055959403,0.0,1.0590934795828844e-09,0.001117969630286,0.0
WA015,2004,4,0.0,0.0103556383401155,0.0028814568649977,0.0014082533307373,0.0,0.0008204975165426731,0.0
WA015,2004,5,0.0,0.0393900126218795,0.0553175397217273,0.0180921927094459,0.3259535729885101,0.1612811982631683,0.1491831541061401
WA015,2004,6,2.4773,1.9399226903915403,0.1735091358423233,2.570985794067383,2.624111652374268,1.9078876972198489,2.145727634429932
WA015,2004,7,5.779,6.259037017822266,5.311612606048584,6.930673599243164,5.146929264068604,7.7341108322143555,6.017876625061035
WA015,2004,8,8.5306,7.495104312896728,5.4636759757995605,9.68195629119873,8.044853210449219,9.636846542358398,9.737650871276855
WA015,2004,9,5.2183,6.533388614654541,5.625633716583252,6.134886741638184,5.688502311706543,5.676387786865234,5.943616390228272
WA015,2004,10,0.3497,0.8606600761413574,0.5670261383056641,0.6022279262542725,1.1511517763137815,1.1885970830917358,0.3689272105693817
WA015,2004,11,0.0,0.0489447638392448,0.0269774701446294,0.0366660468280315,0.8743203282356262,0.2907749712467193,0.0249847918748855
WA015,2004,12,0.0,0.030940955504775,0.0098410146310925,0.004224759992212,1.5383191964701837e-07,0.004233356565237,0.0
WA015,2005,1,0.0,0.0115436678752303,0.0020241686142981,0.007041267119348,7.139712579373736e-06,0.0016181550454348,0.0
WA015,2005,2,0.1879,0.002507695229724,0.0448942072689533,0.1614527404308319,0.0642454549670219,0.0517671816051006,0.0535976514220237
WA015,2005,3,0.0,3.5679461234394694e-06,0.0123860845342278,0.0,0.0009261998347938,0.0208194479346275,0.0
WA015,2005,4,0.0,0.0128434877842664,0.0006736658979207277,0.0,0.0,0.0060778018087148,0.0
WA015,2005,5,0.001,0.0593736357986927,0.0151238208636641,0.0764100924134254,0.2693357467651367,0.141544908285141,0.1431207656860351
WA015,2005,6,1.707,2.164003372192383,0.8283692598342896,1.7635157108306885,3.196570634841919,2.3168115615844727,2.647845268249512
WA015,2005,7,5.4519,7.643365383148193,3.91436767578125,6.036675930023193,9.52014446258545,7.565264225006103,9.314509391784668
WA015,2005,8,8.7368,9.537477493286133,10.81641960144043,8.822466850280762,11.62290859222412,9.106972694396973,11.989790916442873
WA015,2005,9,8.3067,7.258065700531006,3.632488489151001,8.384455680847168,7.802316188812256,8.68025016784668,9.42063045501709
WA015,2005,10,4.109,3.515317916870117,1.5657761096954346,4.67575216293335,4.427123546600342,4.228404998779297,3.604625940322876
WA015,2005,11,0.0,0.0175919383764266,0.0068741086870431,0.016680771484971,0.000719555420801,0.0338454917073249,0.0333333350718021
WA015,2005,12,0.0,0.0271775238215923,0.0017630787333473,0.0014082533307373,2.0655761823196173e-11,0.0006776161026209593,0.0
WA015,2006,1,0.0,0.0042603476904332,0.0009323471458628774,0.0194041356444358,0.064381219446659,4.67166282760445e-05,0.0
WA015,2006,2,0.0929,0.0027274205349385,0.0154264234006404,0.0756600871682167,3.807856217008521e-07,0.0352864749729633,0.0
WA015,2006,3,0.0,0.00018212142458651212,0.0016672728816047,0.0023440280929207,0.0051542096771299,0.0229794979095459,0.0
WA015,2006,4,0.0,0.00034506796509958804,0.0058646686375141,0.0333761125802993,5.020077082917851e-07,0.0026549473404884,0.0
WA015,2006,5,0.0,0.0150188943371176,0.0015527288196608,0.0324321053922176,0.1003372743725776,0.0825916156172752,0.0
WA015,2006,6,3.271,2.02040958404541,0.4333246350288391,3.0370326042175293,3.5133538246154785,2.9272470474243164,2.437385082244873
WA015,2006,7,4.0426,4.347579956054688,3.4332680702209477,5.028433799743652,4.170878887176514,4.773049354553223,5.548368453979492
WA015,2006,8,11.5013,9.56277561187744,7.540318489074707,13.114392280578612,10.987234115600586,10.70744800567627,13.765706062316896
WA015,2006,9,8.807,8.531539916992188,6.603676795959473,9.45915412902832,6.358720302581787,9.453343391418455,10.518585205078123
WA015,2006,10,1.5094,1.7852014303207395,1.831515192985535,2.0155270099639893,2.92200231552124,2.216052293777466,2.745786190032959
WA015,2006,11,0.0,0.0057754814624786,0.0290812849998474,0.0126527464017272,0.0117137972265481,0.0268714148551225,0.0
WA015,2006,12,0.0,0.0309089198708534,0.0014958515530452,0.0028165066614747,4.08709553312292e-07,0.0129960104823112,0.0
WA015,2007,1,0.0,0.009748050943017,0.0009308059234172106,0.0014082533307373,1.6355502907572372e-07,0.0033634349238127,0.0
WA015,2007,2,0.0,0.0026342815253883,0.0011360355420038,0.0,7.136505786320414e-08,0.0,0.0
WA015,2007,3,0.0,0.0027576922439038,0.0011544181033968,0.0164091456681489,4.680480003571575e-07,0.0031489331740885,0.0
WA015,2007,4,0.0,0.0009906557388603687,0.0022690896876156,0.0023440280929207,1.6581167017193368e-07,0.0,0.0
WA015,2007,5,0.0029,0.0427218489348888,0.0033969630021601,0.0426527485251426,0.0276726484298706,0.0194636229425668,0.2781946063041687
WA015,2007,6,0.92,0.7958118915557861,0.0171639658510684,1.0247951745986938,1.196851134300232,0.8545652031898499,0.797866940498352
WA015,2007,7,4.8597,4.7142744064331055,3.3157758712768555,4.744306564331055,5.095834732055664,4.656468391418457,5.887048721313477
WA015,2007,8,9.0881,7.469981670379639,8.289509773254395,9.60437297821045,10.278091430664062,9.489420890808104,8.671069145202637
WA015,2007,9,7.3543,8.219095230102539,5.594470500946045,8.465740203857422,7.679683685302734,8.716744422912598,10.76227855682373
WA015,2007,10,0.3461,0.7404635548591614,0.534630298614502,0.7819709777832031,0.8494882583618164,0.7875438332557678,1.5745149850845337
WA015,2007,11,0.0,0.0357951074838638,0.0779330730438232,0.074427992105484,0.1148895472288131,0.356168270111084,0.3645277023315429
WA015,2007,12,0.0,0.0244930479675531,0.0044080754742026,0.0,5.372285727389681e-08,0.0010241613490507,0.0
WA015,2008,1,0.0,0.0126945786178112,0.0015004904707893,0.0084412861615419,4.339902943684138e-07,0.0036939699202775,0.0
WA015,2008,2,0.0634,0.0004041934153065085,0.0174383930861949,0.0766972377896308,0.0243749804794788,0.0366140082478523,0.0258747264742851
WA015,2008,3,0.0,0.000514508574269712,0.0015307285357266,0.0037522814236581,2.226260287230275e-09,0.0142739433795213,0.0
WA015,2008,4,0.0,0.0004551877500489354,0.0066563407890498,0.0107843652367591,1.9487165445752908e-06,0.0016390129458159,0.0
WA015,2008,5,0.0,0.0355107933282852,0.0063096773810684,0.0312133021652698,0.1202715337276458,0.0696669518947601,0.0080526741221547
WA015,2008,6,2.9857,3.6475114822387695,2.3080849647521973,3.021106481552124,4.243386268615723,3.852479934692383,3.083143472671509
WA015,2008,7,8.7713,10.78972053527832,7.320284366607666,9.830792427062988,12.411603927612305,10.995903968811035,11.23776149749756
WA015,2008,8,11.4184,12.495650291442873,12.07314395904541,12.516159057617188,12.249401092529297,11.628510475158691,13.041921615600586
WA015,2008,9,6.688,6.783532619476318,5.626850128173828,7.6860575675964355,8.079405784606934,8.135857582092285,8.995699882507324
WA015,2008,10,3.05,1.9693716764450075,2.275817632675171,3.857560396194458,2.111658811569214,2.9087073802948,2.5522701740264893
WA015,2008,11,0.0,0.007497139275074,0.0010021864436566,0.0334569029510021,0.0092907790094614,0.0228960569947958,0.0
WA015,2008,12,0.0,0.0102143343538045,0.0009149392135441304,0.0014082533307373,1.5119518081974093e-07,0.0007035965682007372,0.0
WA015,2009,1,0.0,0.0153168411925435,0.0048907496966421,0.0050601083785295,3.936797838832717e-06,0.0226693768054246,0.0
WA015,2009,2,0.0,0.0,0.0120286466553807,0.0112660266458988,7.79780384618789e-06,0.0,0.0
WA015,2009,3,0.0,5.9806028730236e-05,0.0200948491692543,0.0,0.0009243884705938,0.0020298876333981,0.0
WA015,2009,4,0.0,0.0004096978809684515,0.0010149780428037,0.0,5.31094501710072e-10,0.0455028340220451,0.0
WA015,2009,5,0.001,0.005517169367522,0.0018549229716882,0.0324321053922176,0.0607512146234512,0.1179600805044174,0.0403107367455959
WA015,2009,6,1.3423,2.0962343215942383,0.6047303080558777,1.4516363143920898,3.0167572498321533,1.1439526081085205,1.1686651706695557
WA015,2009,7,6.9471,8.149908065795898,4.407662868499756,6.823661804199219,8.339441299438477,6.168363094329834,12.794150352478027
WA015,2009,8,17.6777,18.202672958374023,10.45253849029541,18.119422912597656,15.278924942016602,12.93195343017578,14.068212509155272
WA015,2009,9,9.0257,7.780725002288818,8.105171203613281,9.387941360473633,9.106574058532717,9.306516647338867,7.933183670043945
WA015,2009,10,0.9316,0.8466615676879883,2.045750379562378,0.9744310975074768,1.168311595916748,1.2258121967315674,1.2076014280319214
WA015,2009,11,0.078,0.0640791952610015,0.2606365084648132,0.1554174721240997,0.2375341653823852,0.403661847114563,0.0
WA015,2009,12,0.0,0.0321090817451477,0.0051673096604645,0.0324495211243629,0.0014799087075516,0.0,0.0
WA015,2010,1,0.0,0.0160098485648632,0.0073808231391012,0.006460128352046,5.455612139826371e-08,0.00039927728357724845,0.0
WA015,2010,2,0.0,0.0017289971001446,0.001966998912394,0.0,8.196197143206518e-08,0.0,0.0
WA015,2010,3,0.0,1.3394467714533675e-05,0.0009316760115325452,0.0,1.112794838914466e-11,0.000828858173917979,0.0
WA015,2010,4,0.0,0.0025108773261308,0.0018780098762363,0.0,3.29184194924892e-06,0.0120636383071541,0.0
WA015,2010,5,0.0,0.0405867099761962,0.0255884025245904,0.0562371499836444,0.0576565377414226,0.140469416975975,0.0060358312912285
WA015,2010,6,3.7017,2.474702835083008,0.2907283306121826,3.434051513671875,4.301353454589844,2.7216265201568604,2.0082688331604004
WA015,2010,7,6.0019,6.78764533996582,3.439949512481689,6.712460041046143,6.053012371063232,6.487934589385986,6.925189018249512
WA015,2010,8,5.8661,7.385334014892578,10.092141151428224,7.683883190155029,6.674986362457275,8.964219093322754,10.07023811340332
WA015,2010,9,18.9413,14.286239624023438,12.500394821166992,18.69872665405273,10.081513404846191,14.499417304992676,18.076868057250977
WA015,2010,10,1.6287,1.649389624595642,3.347098588943481,2.2234833240509038,1.779940843582153,2.440519094467163,1.5846110582351685
WA015,2010,11,0.0003,0.019625911489129,0.0190368555486202,0.0874925777316093,0.0407102555036544,0.071052461862564,0.1812247931957245
WA015,2010,12,0.0,0.031399268656969,0.0008936412632465363,0.0,8.252901140259892e-10,0.0285582318902015,0.0
WA015,2011,1,0.0,0.0116171762347221,0.0011046127183362,0.0,2.372147811513514e-09,7.776641723467037e-05,0.0
WA015,2011,2,0.0,0.0004954052274115384,0.0010043333750218,0.0,6.054507650787856e-08,0.0011827017879113,0.0
WA015,2011,3,0.0,4.345158959040418e-05,0.0009438309352844954,0.0,1.3055045933185738e-10,0.0011124429292976,0.0
WA015,2011,4,0.0,0.0028616283088922,0.0017343795625492,0.0,1.3603884326585105e-05,0.0001321878808084875,0.0
WA015,2011,5,0.0029,0.0071979206986725,0.0386796481907367,0.031775239855051,0.0095427231863141,0.0697903633117675,0.0080526741221547
WA015,2011,6,0.7087,1.739676594734192,0.357839822769165,1.0748811960220337,1.4125776290893557,1.4097117185592651,1.66034996509552
WA015,2011,7,3.3413,3.7936954498291016,2.6925857067108154,4.564688682556152,3.543190717697144,4.284450531005859,4.183342456817627
WA015,2011,8,8.9858,11.487163543701172,9.433221817016602,11.861322402954102,9.237584114074709,10.340354919433594,12.91291046142578
WA015,2011,9,7.372,5.332381725311279,5.156181812286377,7.7405829429626465,4.547659873962402,5.764721393585205,7.3852763175964355
WA015,2011,10,1.3987,1.5338717699050903,1.2754913568496704,1.6424555778503418,1.3182064294815063,1.2321699857711792,2.4091227054595947
WA015,2011,11,0.0,0.0498072504997253,0.0072743082419037,0.0324454046785831,0.0080592213198542,0.0519296377897262,0.0
WA015,2011,12,0.0,0.0300348550081253,0.0011274534044787,0.0,1.1813466471721767e-06,4.78487454529386e-05,0.0
WA015,2012,1,0.0,0.0095318695530295,0.0187265332788229,0.0,8.87289297679672e-06,0.0026178765110671,0.0
WA015,2012,2,0.0,0.0035443932283669,0.0010933500016108,0.0,2.8418389774742536e-06,0.0026359944604337,0.0
WA015,2012,3,0.0332,0.000322532607242465,0.1706448346376419,0.0602109842002391,0.2394018024206161,0.0616972930729389,0.0
WA015,2012,4,0.001,0.0036995189730077,0.0202920287847518,0.0121853342279791,0.0050915060564875,0.0085593350231647,0.0
WA015,2012,5,0.7403,0.0184198357164859,0.1098441109061241,0.8383969664573669,0.2726178467273712,0.5193803906440735,0.223768800497055
WA015,2012,6,2.864,2.094144582748413,0.7112541198730469,3.2004942893981934,1.970913290977478,2.730123519897461,2.329015016555786
WA015,2012,7,10.6539,7.004488945007324,7.261724472045898,11.235048294067385,6.346877098083496,10.248103141784668,7.52017068862915
WA015,2012,8,12.2823,11.423330307006836,9.160391807556152,13.484379768371582,9.01815414428711,12.322635650634766,14.00582504272461
WA015,2012,9,16.5533,9.713970184326172,8.5158109664917,10.793169021606444,8.991111755371094,9.861213684082031,12.7914400100708
WA015,2012,10,0.8668,1.8527339696884155,3.2530627250671387,1.7591630220413208,1.275301218032837,2.033815860748291,2.5644187927246094
WA015,2012,11,0.0097,0.0330949388444423,0.2010538280010223,0.164027526974678,0.0708586871623992,0.1929863840341568,0.0
WA015,2012,12,0.0,0.0299681536853313,0.0008767902036197484,0.0014082533307373,6.917159680597251e-07,0.0016845188802108,0.0
WA015,2013,1,0.0603,0.0199962072074413,0.0512981452047824,0.1264237463474273,0.0224623288959264,0.1562183052301406,0.0
WA015,2013,2,0.0,0.0016846467042341,0.0020312380511313,0.0028165066614747,2.746431846389896e-07,0.0426757261157035,0.0
WA015,2013,3,0.0023,0.0010697380639612,0.0012963073095306,0.0225917473435401,9.865744488024577e-08,0.0070375222712755,0.0
WA015,2013,4,0.0,0.0014426665147766,0.0042664506472647,0.0,0.0,0.0068912263959646,0.0
WA015,2013,5,0.0971,0.0580325871706008,0.0031431389506906,0.4317440390586853,0.0683929547667503,0.2515603601932525,0.1269946098327636
WA015,2013,6,0.631,1.1937637329101562,0.2848630547523498,0.7446656823158264,1.4714535474777222,0.8347949981689453,2.912412166595459
WA015,2013,7,5.5726,3.5546491146087646,3.352426052093506,5.084156036376953,5.631025791168213,5.751170635223389,5.0583086013793945
WA015,2013,8,16.3219,13.632793426513672,18.138214111328125,16.762882232666016,11.170589447021484,11.892112731933594,15.850421905517578
WA015,2013,9,6.1093,4.786759376525879,5.7455925941467285,7.355542182922363,5.72185754776001,8.574556350708008,9.678980827331545
WA015,2013,10,1.7594,1.8725824356079104,2.6164815425872803,2.306926250457764,2.3263840675354004,3.365819215774536,2.907097339630127
WA015,2013,11,0.0,0.0520089864730834,0.0736886784434318,0.103984847664833,0.0125384321436285,0.2645207941532135,0.4124740660190582
WA015,2013,12,0.0019,0.0195505078881979,0.0453051663935184,0.0276600886136293,0.0040184566751122,0.0681454613804817,0.0
WA015,2014,1,0.0,0.0085891205817461,0.0013946191174909,0.004224759992212,4.2084938201014666e-08,0.0179841611534357,0.0
WA015,2014,2,0.0,0.0004406823718454689,0.0008438267977908254,0.0,3.6924304822605336e-06,0.0473979786038398,0.0
WA015,2014,3,0.0,0.0018652419093996,0.0008653972181491554,0.0,3.428811794492504e-07,0.0494723133742809,0.0
WA015,2014,4,0.0,0.0011258469894528,0.0008750171982683241,0.0211834926158189,1.5837399587326215e-06,0.0065623335540294,0.0
WA015,2014,5,0.0345,0.0398185662925243,0.0053730602376163,0.1035697236657142,0.2110801935195922,0.267962247133255,0.1572358310222625
WA015,2014,6,0.7637,0.9891991019248962,0.3742582499980926,1.097830295562744,5.970310211181641,0.8002638220787048,0.6457858681678772
WA015,2014,7,1.3119,2.050415515899658,3.1816599369049072,2.493457078933716,2.6391427516937256,3.1401174068450928,5.298274993896484
WA015,2014,8,12.661,9.835616111755373,8.108882904052734,12.63420867919922,9.50265884399414,10.424325942993164,12.461196899414062
WA015,2014,9,5.6547,9.365273475646973,5.3568925857543945,6.889816284179688,6.039669513702393,8.857949256896973,7.230974197387695
WA015,2014,10,1.4213,1.595664381980896,1.0631310939788818,1.7914090156555176,1.6673640012741089,1.9254136085510252,3.048257350921631
WA015,2014,11,0.0,0.0212973300367593,0.0475638210773468,0.0223128367215394,0.001181137165986,0.216133639216423,0.0
WA015,2014,12,0.0,0.0344897843897342,0.084029234945774,0.033857773989439,0.0034060722682625,0.1877849698066711,0.0
WA015,2015,1,0.0,0.0210494082421064,0.0012192289577797,0.004224759992212,2.293313094980931e-08,0.0292867515236139,0.0
WA015,2015,2,0.0,0.0009726232383400202,0.0035982516128569,0.0,5.0794226602590706e-09,0.0181756559759378,0.0
WA015,2015,3,0.0,0.0016892728162929,0.002213884377852,0.0423072949051857,0.0,0.0233611967414617,0.0
WA015,2015,4,0.0,0.0035670325160026,0.0016244600992649,0.0023440280929207,0.0,0.0114459581673145,0.0
WA015,2015,5,0.0,0.0158937908709049,0.0018498382996767,0.0164009109139442,0.0247927960008382,0.1075352355837822,0.0
WA015,2015,6,0.165,0.5992216467857361,0.0077727721072733,0.3542169332504272,0.3299167454242706,0.7545344829559326,1.1624341011047363
WA015,2015,7,7.3123,6.889400959014893,5.399166584014893,6.522921085357666,5.920087814331055,5.317886829376221,4.630900859832764
WA015,2015,8,11.4281,10.10177993774414,8.812872886657715,12.995628356933594,11.588043212890623,10.362903594970703,14.69934368133545
WA015,2015,9,21.4413,10.820629119873049,7.7904372215271,11.093178749084473,10.875479698181152,8.318056106567383,12.072259902954102
WA015,2015,10,4.7203,3.3221473693847656,2.974611520767212,3.433612823486328,6.03400993347168,3.962074279785156,5.062191963195801
WA015,2015,11,0.611,0.0704752206802368,0.3758973777294159,0.78568434715271,0.3347220718860626,0.7758497595787048,0.0416544340550899
WA015,2015,12,0.0,0.0392170958220958,0.0031911309342831,0.0242857597768306,1.723679199372441e-09,0.0612788461148738,0.0322580635547637
WA015,2016,1,0.0116,0.0196762308478355,0.0040993900038301,0.0526118986308574,0.0020807064138352,0.0566289201378822,0.0
WA015,2016,2,0.0,0.0034267860464751,0.0012671803124248,0.0014082533307373,0.0,0.1347248703241348,0.0344827584922313
WA015,2016,3,0.0,0.0021323421970009,0.001084865652956,0.0056330133229494,8.231137993419677e-10,0.0151272546499967,0.0
WA015,2016,4,0.0,0.0040939031168818,0.0009644373203627764,0.0164050292223691,0.0,0.0392345562577247,0.0
WA015,2016,5,0.0003,0.0531185530126094,0.0312738232314586,0.1447155773639679,0.3739670813083648,0.1857326477766037,0.0786046311259269
WA015,2016,6,0.4843,0.7186617255210876,0.0721478313207626,0.8563774228096008,1.0719836950302124,1.2620741128921509,0.4562125504016876
WA015,2016,7,10.1239,6.817630767822266,8.20821475982666,7.511463165283203,6.57172155380249,8.848344802856445,9.40712833404541
WA015,2016,8,7.3806,7.413471221923828,7.239980697631836,8.144968032836914,6.445562362670898,7.05510139465332,10.32225227355957
WA015,2016,9,12.04,10.985345840454102,6.552041530609131,9.708456039428713,9.331639289855955,8.91946029663086,12.499754905700684
WA015,2016,10,0.4919,0.4415232837200165,0.8441016674041748,0.6104375720024109,0.8897387981414795,0.4901759326457977,0.7035795450210571
WA015,2016,11,0.0,0.0447734706103801,0.2257105112075805,0.0665738582611084,0.2523547112941742,0.1372641772031784,0.0333333350718021
WA015,2016,12,0.0,0.0344139114022254,0.0008435866329818964,0.0,4.659706291931798e-07,0.0464348495006561,0.0
WA015,2017,1,0.0,0.0187236741185188,0.0008870360907167196,0.0,1.9788684468835527e-08,0.036198940128088,0.0
WA015,2017,2,0.0,0.0026722166221588,0.0017472371691837,0.0,3.4672703419769667e-16,0.0373861193656921,0.0
WA015,2017,3,0.0,6.020005457685329e-05,0.0025740962009876,0.0,0.0,0.0110372686758637,0.0
WA015,2017,4,0.0,0.0119615839794278,0.0012655197642743,0.0,0.0,0.016610125079751,0.0
WA015,2017,5,0.0,0.0341349393129348,0.0178230218589305,0.0577358156442642,0.3346486985683441,0.3134192228317261,0.07256880402565
WA015,2017,6,1.862,1.761544108390808,1.192375421524048,2.1242504119873047,5.460677623748779,0.1972138285636901,2.5436222553253174
WA015,2017,7,9.0461,8.577695846557617,6.005653381347656,10.119183540344238,10.89317798614502,0.7001520395278931,8.69332218170166
WA015,2017,8,10.7519,12.232583999633787,10.025733947753906,12.664192199707031,12.599663734436035,11.552118301391602,13.501602172851562
WA015,2017,9,2.0897,3.727571487426758,3.840681791305542,3.6678853034973145,5.250069618225098,4.117518901824951,5.676955223083496
WA015,2017,10,0.9297,0.7352206707000732,0.5126721858978271,0.908481240272522,1.2927191257476809,1.1424564123153689,1.1692808866500854
WA015,2017,11,0.0,0.0295075476169586,0.0049474560655653,0.0225917473435401,0.0070617482997477,0.1234443485736846,0.0083210971206426
WA015,2017,12,0.0,0.01947015337646,0.0009778140811249614,0.0042165266349911,9.531420097630416e-09,0.021766934543848,0.0
WA015,2018,1,0.0,0.0124173359945416,0.0008174238610081375,0.0,2.5053058586022026e-12,0.0109969191253185,0.0
WA015,2018,2,0.0,0.0023431782610714,0.0176045577973127,0.0483871363103389,0.0,0.0644128024578094,0.0
WA015,2018,3,0.0,0.0007601376855745912,0.001235508127138,0.0,0.0132320448756217,0.018421234562993,0.0
WA015,2018,4,0.0,0.0015804524300619,0.00101709284354,0.0,0.0,0.0059147714637219,0.0
WA015,2018,5,0.0,0.0025002553593367,0.000980875687673688,0.0,0.0,0.0182139798998832,0.0
WA015,2018,6,0.8347,1.0483580827713013,0.1789504140615463,1.2240557670593262,1.5636284351348877,0.9113324880599976,2.589527130126953
WA015,2018,7,4.7742,4.18468189239502,3.683583021163941,5.831993579864502,4.40493631362915,4.659141540527344,3.854752540588379
WA015,2018,8,11.6681,9.565139770507812,7.617693901062012,11.119738578796388,10.999460220336914,8.70561408996582,9.21345329284668
WA015,2018,9,7.5487,7.257537841796875,8.315281867980957,7.726375579833984,11.13942813873291,9.473296165466309,10.289288520812988
WA015,2018,10,0.5132,1.286621332168579,1.6274422407150269,1.8418610095977783,2.679302453994751,1.8159221410751345,3.149014711380005
WA015,2018,11,0.0027,0.0453030616044998,0.1012810990214347,0.1052972227334976,0.0187304504215717,0.2141735553741455,0.0645826011896133
WA015,2018,12,0.0,0.0245486125349998,0.0011686359066516,0.0,8.638253348181024e-07,0.0252500418573617,0.0
WA015,2019,1,0.0,0.0167746916413307,0.0009677759953774512,0.0,6.2619465168722854e-09,0.0118386503309011,0.0
WA015,2019,2,0.0,0.0023331874981522,0.0033974067773669,0.0,2.186124170577841e-08,0.0587887912988662,0.0
WA015,2019,3,0.0058,4.9899641453521326e-05,0.0097699426114559,0.0254041366279125,1.2499436707003042e-05,0.0363137051463127,0.0
WA015,2019,4,0.0,0.0103263314813375,0.0107908602803945,0.0,0.00353265251033,0.03321423381567,0.0
WA015,2019,5,0.0,0.0026897098869085,0.0099980654194951,0.0178132820874452,0.0,0.0227916277945041,0.0322580635547637
WA015,2019,6,1.603,1.1443403959274292,0.0075037875212728,1.4084035158157349,0.8103624582290649,0.73482346534729,0.0333333350718021
WA015,2019,7,2.8081,3.905848741531372,2.3117358684539795,4.167491912841797,4.552262306213379,4.5637640953063965,3.021886110305786
WA015,2019,8,11.4387,9.367483139038086,9.798088073730469,12.371975898742676,12.047137260437012,11.13207721710205,12.264724731445312
WA015,2019,9,6.19,6.903322696685791,5.879029750823975,7.646905899047852,9.458035469055176,7.864147663116455,6.097570896148682
WA015,2019,10,2.7784,2.0701112747192383,2.950080633163452,3.2769174575805664,3.497144222259521,3.236534118652344,3.1047139167785645
WA015,2019,11,0.0013,0.0377597287297248,0.0242568738758564,0.0429316572844982,0.0505158640444278,0.1782758980989456,0.0124740526080131
WA015,2019,12,0.0,0.0299421045929193,0.0007464633672498167,0.0078766150400042,0.0,0.036276675760746,0.0
WA015,2020,1,0.0,0.0122969923540949,0.0019952214788645,0.0112660266458988,6.69798772001684e-10,0.0154325831681489,0.0
WA015,2020,2,0.0,0.0013269243063405,0.0021459276322275,0.064274676144123,0.094004601240158,0.0399877429008483,0.0
WA015,2020,3,0.0,0.0003478597791399807,0.0006652130978181958,0.0,2.8501501083374023,0.0040875459089875,0.0
WA015,2020,4,0.0,0.0019407488871365,0.0016149574657902,0.0,1.4291690587997437,0.0130755798891186,0.0
WA015,2020,5,0.0,0.0429425574839115,0.0006528082303702831,0.0046880561858415,0.0007043551304377,0.0660703629255294,0.0
WA015,2020,6,1.5743,1.7629133462905884,0.1636225432157516,1.3707623481750488,2.6562399864196777,1.6984211206436155,0.6081438660621643
WA015,2020,7,10.3668,11.176397323608398,12.58208179473877,11.790287017822266,9.426262855529783,11.377861976623535,17.590530395507812
WA015,2020,8,9.8452,9.810382843017578,7.445898056030273,11.451714515686035,9.94918727874756,9.542874336242676,9.20554256439209
WA015,2020,9,15.5047,10.806035995483398,11.94644546508789,15.863037109375,13.036277770996094,13.931215286254885,14.940214157104492
WA015,2020,10,1.8255,2.1505770683288574,1.4226763248443604,3.328768730163574,3.663137674331665,2.817861795425415,1.6249483823776243
WA015,2020,11,0.0057,0.0241990350186824,0.1259480118751526,0.0516518540680408,0.0510321445763111,0.1417552232742309,0.2207677066326141
WA015,2020,12,0.0,0.0290685072541236,0.0007747805211693048,0.0,1.0211131211690372e-06,0.0262039192020893,0.0
