station_id,year,month,obs_mm_day,CHIRPS,ERA5_LAND,GPM_IMERG,MERRA2,PERSIANN_CDR,TERRACLIMATE,zone_name,zone_id
WA001,2000,1,2.88,0.023929102,0.047658976,,0.262001932,0.05074884,0.0,Soudanian,3
WA001,2000,2,3.2,0.004474782,0.011446738,,0.289426357,0.027264215,0.0,Soudanian,3
WA001,2000,3,3.44,2.09e-07,0.00087443,,0.002013924,0.005996239,0.0,Soudanian,3
WA001,2000,4,1.68,0.000425329,0.003271449,,0.096094608,0.046319749,0.0,Soudanian,3
WA001,2000,5,0.0,0.00299511,0.001144731,,0.031221567,0.023521891,0.0,Soudanian,3
WA001,2000,6,0.0,0.39826259,0.002918069,0.099766701,0.104320213,0.728440762,0.072901413,Soudanian,3
WA001,2000,7,2.66,2.482381344,1.31497252,4.4335289,1.870622277,4.700601578,4.73542738,Soudanian,3
WA001,2000,8,4.1,5.763256073,3.456562281,5.33797121,3.468026638,7.912898064,5.126700878,Soudanian,3
WA001,2000,9,2.48,3.56505537,2.012238741,1.918314099,3.024285555,4.880700111,3.499848604,Soudanian,3
WA001,2000,10,0.0,2.202451706,2.132926226,2.932256937,2.556036234,4.097891808,3.024106026,Soudanian,3
WA001,2000,11,1.6,0.030787786,0.002234397,0.062271461,0.261820078,0.139198974,0.0,Soudanian,3
WA001,2000,12,1.47,0.032585789,0.000969268,0.0,0.248404205,0.003819395,0.0,Soudanian,3
WA001,2001,1,2.58,0.017153015,0.000913482,0.0,,0.003612572,0.0,Soudanian,3
WA001,2001,2,5.91,0.009707624,0.001119276,0.016504768,,0.019278185,0.0,Soudanian,3
WA001,2001,3,3.08,4.13e-06,0.001736172,0.051028613,,0.003365439,0.0,Soudanian,3
WA001,2001,4,0.0,0.0,0.001789369,0.09753339,,0.01931143,0.0,Soudanian,3
WA001,2001,5,0.96,0.0,0.000821316,0.048019078,,0.048882075,0.0,Soudanian,3
WA001,2001,6,0.0,0.609078526,0.021078942,0.306814402,,0.477186739,0.304088473,Soudanian,3
WA001,2001,7,3.6,1.427307844,1.739211917,3.816318512,,3.803120613,2.467439175,Soudanian,3
WA001,2001,8,4.44,6.430353642,5.037064075,5.359762669,,6.651994228,3.83848381,Soudanian,3
WA001,2001,9,2.27,5.485469341,3.878793716,6.648019314,,7.241941452,4.279056549,Soudanian,3
WA001,2001,10,0.0,0.496683329,0.515495658,0.377300084,,0.408300579,0.520131707,Soudanian,3
WA001,2001,11,2.03,0.082272619,0.082668923,1.209372044,,0.333514661,0.491579652,Soudanian,3
WA001,2001,12,0.31,0.034813501,0.001990984,0.034523841,,0.018427683,0.0,Soudanian,3
WA001,2002,1,1.96,0.034616765,1.740242958,1.495495319,,0.798869491,0.08872506,Soudanian,3
WA001,2002,2,4.06,0.010579134,0.001462976,0.162019074,,0.014593735,0.0,Soudanian,3
WA001,2002,3,3.17,0.000136434,0.013202479,0.006,,0.007342282,0.0,Soudanian,3
WA001,2002,4,0.96,7.28e-05,0.020682491,0.042757157,,0.001586284,0.0,Soudanian,3
WA001,2002,5,1.02,0.0,0.003190667,0.043514304,,0.025821483,0.0,Soudanian,3
WA001,2002,6,1.04,0.39326641,0.028225521,1.738848209,,0.790235281,0.445739239,Soudanian,3
WA001,2002,7,5.18,2.250347376,0.077077523,0.689185619,,0.869947314,0.312454462,Soudanian,3
WA001,2002,8,3.99,7.197800636,3.351172209,5.039166927,,4.014968872,4.0380373,Soudanian,3
WA001,2002,9,1.86,4.342318058,2.180491447,3.811781406,,4.855903149,4.320741653,Soudanian,3
WA001,2002,10,0.0,1.642272711,1.305399895,1.325981021,,1.32955122,1.358826041,Soudanian,3
WA001,2002,11,1.27,0.029110504,0.001016917,0.096019082,,0.001282375,0.0,Soudanian,3
WA001,2002,12,1.91,0.042566169,0.030302195,0.579219401,,0.013479142,0.008049133,Soudanian,3
WA001,2003,1,2.36,0.016690571,0.002217574,0.033009537,,0.013556711,0.0,Soudanian,3
WA001,2003,2,3.45,0.006885546,0.021062864,0.22508584,,0.019778438,0.058068417,Soudanian,3
WA001,2003,3,1.47,0.000933452,0.00085833,0.022504769,,0.008223538,0.0,Soudanian,3
WA001,2003,4,1.31,0.000196852,0.001779356,0.05176669,,0.005785966,0.0,Soudanian,3
WA001,2003,5,1.43,0.028732559,0.001431048,0.060757156,,0.021908389,0.0,Soudanian,3
WA001,2003,6,1.18,0.311924726,0.126087531,1.320433021,,0.662024438,0.418640643,Soudanian,3
WA001,2003,7,1.67,3.973827124,0.886015177,2.082528353,,3.987729311,2.364631414,Soudanian,3
WA001,2003,8,4.79,4.7533741,2.180873871,3.292747021,,3.726638079,4.564231396,Soudanian,3
WA001,2003,9,2.65,5.697887421,4.187524319,3.635166645,,5.708518982,4.385291576,Soudanian,3
WA001,2003,10,0.77,0.925657213,2.003302574,1.49555254,,1.417329788,1.554389834,Soudanian,3
WA001,2003,11,1.59,0.006574864,0.00098791,0.036757153,,0.021151407,0.0,Soudanian,3
WA001,2003,12,0.78,0.034867253,0.007043033,0.027009537,,0.015803296,0.0,Soudanian,3
WA001,2004,1,3.35,0.022027774,0.036556095,0.283628792,,0.003479092,0.038320012,Soudanian,3
WA001,2004,2,4.58,0.001308704,0.002223343,0.23030962,,0.003819206,0.056066055,Soudanian,3
WA001,2004,3,2.86,1.7e-05,0.006075732,0.079495236,,0.000370878,0.0,Soudanian,3
WA001,2004,4,1.29,0.000890112,0.00128309,0.082523845,,0.024791367,0.0,Soudanian,3
WA001,2004,5,0.0,0.020559138,0.000817884,0.044271462,,0.036916036,0.0,Soudanian,3
WA001,2004,6,0.1,0.433130056,0.012436413,0.323166549,,0.310147613,0.270755142,Soudanian,3
WA001,2004,7,1.91,3.883444071,0.653364539,1.284661889,,2.638221741,1.064351797,Soudanian,3
WA001,2004,8,3.7,3.956041098,1.70335412,6.021486759,,6.389416695,4.906956673,Soudanian,3
WA001,2004,9,2.16,2.998328209,1.420749545,2.552685499,,2.762327433,3.474891424,Soudanian,3
WA001,2004,10,2.37,0.375219554,0.077614523,0.165028632,,0.256390512,0.129032254,Soudanian,3
WA001,2004,11,0.0,0.030874327,0.00898409,0.060000002,,0.570557535,0.0,Soudanian,3
WA001,2004,12,1.71,0.031489372,0.004608399,0.09902861,,0.000292297,0.0,Soudanian,3
WA001,2005,1,0.4,0.026623845,0.008401512,0.13205722,,0.062540248,0.0,Soudanian,3
WA001,2005,2,4.08,0.010244544,0.138532117,0.736771822,,0.094167009,0.201007992,Soudanian,3
WA001,2005,3,2.7,0.0,0.004890868,0.030757155,,0.041212723,0.0,Soudanian,3
WA001,2005,4,1.23,0.00122559,0.000599391,0.002252384,,0.004756738,0.0,Soudanian,3
WA001,2005,5,1.39,0.027398288,0.004649861,0.06001908,,0.043046992,0.0,Soudanian,3
WA001,2005,6,1.49,0.75502789,0.053519584,0.586485684,,0.920113444,0.520723343,Soudanian,3
WA001,2005,7,2.06,4.306536674,1.404659271,3.105703592,,4.711098671,4.312008381,Soudanian,3
WA001,2005,8,3.92,9.621611595,4.178594112,7.977932453,,7.865478516,8.2576828,Soudanian,3
WA001,2005,9,3.57,5.094591618,2.747956038,4.015171051,,4.9796381,5.168597698,Soudanian,3
WA001,2005,10,0.26,1.592195034,0.153522834,1.530719161,,1.968779922,1.282201409,Soudanian,3
WA001,2005,11,0.0,0.014996263,0.008547376,0.099047691,,0.069902092,0.033333335,Soudanian,3
WA001,2005,12,0.0,0.035620809,0.001220883,0.018757153,,0.0,0.0,Soudanian,3
WA001,2006,1,1.35,0.022227723,0.019256679,0.035999998,,0.010242012,0.0,Soudanian,3
WA001,2006,2,5.12,0.009873461,0.02062415,0.132776231,,0.034611244,0.029034209,Soudanian,3
WA001,2006,3,2.68,1.25e-07,0.003059818,0.003747616,,0.033811461,0.0,Soudanian,3
WA001,2006,4,1.36,0.0,0.001058476,0.05100954,,0.00567929,0.0,Soudanian,3
WA001,2006,5,0.0,3.99e-05,0.010114505,0.073495232,,0.033663273,0.0,Soudanian,3
WA001,2006,6,0.7,0.663207352,0.002378172,0.335885555,,0.728698015,0.47280854,Soudanian,3
WA001,2006,7,3.28,2.094485283,0.941007912,2.386352539,,2.774762392,2.366675138,Soudanian,3
WA001,2006,8,4.11,5.362751007,3.977550507,6.416214466,,6.11297369,5.493550301,Soudanian,3
WA001,2006,9,3.07,5.106888771,3.878619909,5.153962135,,5.808902264,6.35821104,Soudanian,3
WA001,2006,10,0.0,1.171194077,0.490730673,1.912600279,,1.217282414,1.225762725,Soudanian,3
WA001,2006,11,0.05,0.000945771,0.001367496,0.038252383,,0.029425681,0.0,Soudanian,3
WA001,2006,12,0.02,0.03489254,0.006527694,0.093766697,,0.013858811,0.0,Soudanian,3
WA001,2007,1,1.01,0.016490541,0.000965311,0.022504767,,0.102299064,0.0,Soudanian,3
WA001,2007,2,5.11,0.007539123,0.00113479,0.002252384,,0.001048226,0.0,Soudanian,3
WA001,2007,3,1.91,0.000948549,0.001142967,0.028504768,,0.010817474,0.0,Soudanian,3
WA001,2007,4,0.52,0.001128748,0.001874645,0.017999999,,0.000953242,0.0,Soudanian,3
WA001,2007,5,1.1,0.002697759,0.001081068,0.020252384,,0.001462192,0.0,Soudanian,3
WA001,2007,6,1.06,0.315009564,0.057336506,0.222719029,,0.132324785,0.081218846,Soudanian,3
WA001,2007,7,3.33,2.595146894,4.227782726,3.084433079,,1.575325131,2.898874283,Soudanian,3
WA001,2007,8,4.38,3.921542645,5.772003174,3.429932594,,4.829591274,4.195337772,Soudanian,3
WA001,2007,9,1.97,6.198002338,1.955634236,3.888885021,,5.535132408,5.943518639,Soudanian,3
WA001,2007,10,0.4,0.176554695,0.208249941,0.096757159,,0.484429628,0.395117551,Soudanian,3
WA001,2007,11,0.0,0.016663874,0.000889113,0.026990462,,0.332719356,0.074984111,Soudanian,3
WA001,2007,12,0.0,0.026701283,0.000636517,0.042019073,,0.00362608,0.0,Soudanian,3
WA001,2008,1,0.85,0.025038572,0.00224931,0.072776228,,0.031131182,0.0,Soudanian,3
WA001,2008,2,3.25,0.007031769,0.068252683,0.172542915,,0.118200347,0.109977596,Soudanian,3
WA001,2008,3,3.0,0.0,0.000846674,0.026990462,,0.041639321,0.0,Soudanian,3
WA001,2008,4,0.0,3.04e-05,0.003144442,0.007495231,,0.004488461,0.0,Soudanian,3
WA001,2008,5,0.03,5.91e-05,0.000719635,0.09378577,,0.00308319,0.0,Soudanian,3
WA001,2008,6,2.12,0.826809347,0.029352952,0.587923706,,0.521202326,0.364491105,Soudanian,3
WA001,2008,7,2.05,4.820469856,2.326005936,3.462299347,,5.686618805,3.805982113,Soudanian,3
WA001,2008,8,5.42,6.267884731,5.452236652,6.06296587,,9.615867615,5.600479126,Soudanian,3
WA001,2008,9,1.33,6.136017799,1.960056067,4.980923653,,4.254561424,6.393656731,Soudanian,3
WA001,2008,10,0.24,0.598256886,0.558530509,1.235357404,,1.206714272,0.673344612,Soudanian,3
WA001,2008,11,0.0,0.002265909,0.000989,0.034504771,,0.0016409,0.0,Soudanian,3
WA001,2008,12,0.08,0.026708808,0.002330003,0.045009535,,0.049414366,0.0,Soudanian,3
WA001,2009,1,3.55,0.032979734,0.001093635,0.003747616,,0.162349805,0.0,Soudanian,3
WA001,2009,2,2.34,0.001008789,0.001057778,0.040504768,,0.017668262,0.0,Soudanian,3
WA001,2009,3,3.04,2.87e-07,0.003320258,0.063009538,,0.005211333,0.0,Soudanian,3
WA001,2009,4,0.8,0.0,0.001013836,0.032252386,,0.015774511,0.0,Soudanian,3
WA001,2009,5,0.0,3.06e-05,0.006060097,0.043476157,,0.03151333,0.0,Soudanian,3
WA001,2009,6,0.0,0.331797987,0.013978183,0.326252371,,0.234148264,0.114552177,Soudanian,3
WA001,2009,7,2.59,3.144387007,1.168525815,3.300019503,,3.229982138,3.132660151,Soudanian,3
WA001,2009,8,3.84,8.589587212,4.161882401,7.18996048,,9.623826027,8.781860352,Soudanian,3
WA001,2009,9,2.79,5.895900726,3.252626896,5.767833233,,7.353000164,5.756123543,Soudanian,3
WA001,2009,10,0.53,0.478115767,0.933314264,0.721609712,,0.913674414,0.675388455,Soudanian,3
WA001,2009,11,2.5,0.045018241,0.192086056,0.098271467,,0.254440695,0.0,Soudanian,3
WA001,2009,12,0.2,0.036062844,0.002170766,0.26258108,,0.004771282,0.0,Soudanian,3
WA001,2010,1,1.22,0.017970582,0.004043201,0.017999999,,0.000576399,0.0,Soudanian,3
WA001,2010,2,4.72,0.00738477,0.00176492,0.021766691,,0.018662712,0.0,Soudanian,3
WA001,2010,3,2.77,1.75e-07,0.000692943,0.047980923,,0.002203139,0.0,Soudanian,3
WA001,2010,4,2.2,0.000721687,0.006717008,0.015747616,,0.008334944,0.0,Soudanian,3
WA001,2010,5,1.54,0.022024831,0.002410742,0.050271463,,0.113898933,0.0,Soudanian,3
WA001,2010,6,0.95,1.278919935,0.129128188,1.020452023,,0.961778462,0.676955581,Soudanian,3
WA001,2010,7,4.33,1.976856112,0.589883506,2.136661768,,2.36746788,2.22755003,Soudanian,3
WA001,2010,8,3.01,5.316079617,3.258349895,6.451533794,,6.672609806,5.138871193,Soudanian,3
WA001,2010,9,1.7,10.31956387,5.323704243,8.992079735,,11.55242157,10.70808697,Soudanian,3
WA001,2010,10,0.0,0.76822263,1.279108882,1.332114577,,1.611753821,1.358854294,Soudanian,3
WA001,2010,11,0.01,0.00121468,0.002555419,0.030000001,,0.020009935,0.008317438,Soudanian,3
WA001,2010,12,0.0,0.035144709,0.00092545,0.0,,0.061751585,0.0,Soudanian,3
WA001,2011,1,3.29,0.03871689,0.001852593,0.039766692,,0.007379784,0.0,Soudanian,3
WA001,2011,2,4.22,0.007650015,0.00101292,0.016504768,,0.054645475,0.0,Soudanian,3
WA001,2011,3,0.66,0.0,0.000819494,0.0,,0.010058204,0.0,Soudanian,3
WA001,2011,4,0.0,2.83e-07,0.002760958,0.002252384,,0.0,0.0,Soudanian,3
WA001,2011,5,0.89,0.000596957,0.001026714,0.012757153,,0.011895951,0.0,Soudanian,3
WA001,2011,6,1.55,0.519864619,0.018696174,0.325495243,,0.382896096,0.297853738,Soudanian,3
WA001,2011,7,5.0,3.086588144,0.72723037,1.421223879,,2.263205767,1.274026871,Soudanian,3
WA001,2011,8,8.14,6.50530386,5.710165024,7.461671352,,7.981044292,6.302073956,Soudanian,3
WA001,2011,9,3.02,3.626285553,1.634475112,3.150433064,,3.249716997,4.099877834,Soudanian,3
WA001,2011,10,0.0,0.406683862,0.538674474,0.263223767,,0.588997602,0.641086519,Soudanian,3
WA001,2011,11,0.0,0.028941888,0.001246867,0.008252384,,0.0,0.0,Soudanian,3
WA001,2011,12,0.83,0.034310184,0.001045257,0.016504768,,0.0,0.0,Soudanian,3
WA001,2012,1,1.48,0.026540838,0.001984049,0.018757153,,0.017421307,0.0,Soudanian,3
WA001,2012,2,3.98,0.008889406,0.005290853,0.052485693,,0.0,0.0,Soudanian,3
WA001,2012,3,1.73,0.000386345,0.063257962,0.289533406,,0.075043313,0.0,Soudanian,3
WA001,2012,4,0.32,0.000750573,0.025832511,0.154523849,,0.056338597,0.0,Soudanian,3
WA001,2012,5,1.83,0.000353063,0.004620105,0.240076318,,0.068445154,0.0,Soudanian,3
WA001,2012,6,0.7,0.474544257,0.025082316,0.139495224,,0.534331918,0.145802826,Soudanian,3
WA001,2012,7,2.3,4.154407024,1.530943036,3.10097599,,4.83477354,2.814167261,Soudanian,3
WA001,2012,8,3.21,9.674260139,5.32871294,9.232136726,,8.064157486,8.975385666,Soudanian,3
WA001,2012,9,0.41,7.178691387,4.660418987,7.160914421,,6.447694302,7.278997898,Soudanian,3
WA001,2012,10,0.0,0.524834573,0.699947536,0.242252395,,0.611162245,0.882991254,Soudanian,3
WA001,2012,11,0.43,0.00673423,0.001793228,0.039747618,,0.046731051,0.0,Soudanian,3
WA001,2012,12,2.71,0.0358111,0.080191508,0.0,,0.065265089,0.0,Soudanian,3
WA001,2013,1,2.66,0.043289106,0.001916536,0.039766692,,0.263851523,0.0,Soudanian,3
WA001,2013,2,5.73,0.004286692,0.004731704,0.054776229,,0.06863457,0.0,Soudanian,3
WA001,2013,3,1.88,0.000220099,0.002590872,0.021009538,,0.012305816,0.0,Soudanian,3
WA001,2013,4,0.0,0.000551844,0.004578859,0.008252384,,0.028670199,0.0,Soudanian,3
WA001,2013,5,0.0,0.021734646,0.009549651,0.013495231,,0.056095418,0.0,Soudanian,3
WA001,2013,6,0.0,0.440592617,0.085783318,0.247438028,,0.180192113,0.479072571,Soudanian,3
WA001,2013,7,5.16,1.815360546,1.085509181,2.082019091,,2.259638309,1.624801278,Soudanian,3
WA001,2013,8,3.47,8.759835243,10.81153297,8.789619446,,9.49598217,8.396771431,Soudanian,3
WA001,2013,9,3.55,4.64286375,4.173846245,7.222765923,,6.30497551,5.731141567,Soudanian,3
WA001,2013,10,0.0,0.938917458,0.346225888,1.178933263,,1.095117688,1.272103548,Soudanian,3
WA001,2013,11,1.66,0.026088975,0.057407089,0.471123993,,0.400549114,0.368710041,Soudanian,3
WA001,2013,12,0.98,0.047668632,0.036216073,0.426928848,,0.104868561,0.002015514,Soudanian,3
WA001,2014,1,2.3,0.022044487,0.007220472,0.147823915,,0.054677501,0.024208931,Soudanian,3
WA001,2014,2,4.45,0.001404599,0.000843827,0.0,,0.121869221,0.0,Soudanian,3
WA001,2014,3,1.68,0.000299298,0.000910785,0.022504769,,0.07294663,0.0,Soudanian,3
WA001,2014,4,1.06,3.46e-08,0.001088508,0.05176669,,0.021930305,0.0,Soudanian,3
WA001,2014,5,0.0,0.013891757,0.01509683,0.035261925,,0.107739605,0.0,Soudanian,3
WA001,2014,6,0.0,0.103047937,0.001993468,0.034504771,,0.115699448,0.039568074,Soudanian,3
WA001,2014,7,0.9,0.756367505,0.125510573,0.647923708,,0.99688834,1.183257937,Soudanian,3
WA001,2014,8,4.72,4.575568676,2.049803019,3.820556402,,6.580770969,4.566233635,Soudanian,3
WA001,2014,9,4.47,4.327158451,1.853818655,2.729071379,,5.673785686,3.197795153,Soudanian,3
WA001,2014,10,0.7,0.491642118,0.130357102,0.188895077,,0.499812186,1.094653487,Soudanian,3
WA001,2014,11,0.35,0.007128736,0.004109385,0.063785769,,0.150421083,0.0,Soudanian,3
WA001,2014,12,0.86,0.036953013,0.010232154,0.024757152,,0.215655267,0.0,Soudanian,3
WA001,2015,1,4.13,0.049892321,0.002671852,0.057028614,,0.075972021,0.0,Soudanian,3
WA001,2015,2,4.77,0.008898853,0.003436769,0.117047682,,0.084311217,0.055836957,Soudanian,3
WA001,2015,3,1.99,0.000302945,0.001202976,0.008252384,,0.02336723,0.0,Soudanian,3
WA001,2015,4,1.88,0.000208556,0.001765511,0.006,,0.014028998,0.0,Soudanian,3
WA001,2015,5,1.04,0.001505939,0.011229123,0.043514304,,0.033573493,0.0,Soudanian,3
WA001,2015,6,2.42,0.094398998,0.001066489,0.004504769,,0.123351574,0.072901413,Soudanian,3
WA001,2015,7,2.73,1.765698075,1.427910447,2.809304476,,2.768473387,1.675206304,Soudanian,3
WA001,2015,8,2.97,9.291231155,8.137681007,7.240264416,,8.539107323,9.247561455,Soudanian,3
WA001,2015,9,0.79,7.934936047,4.215678692,4.490813255,,5.049594879,2.972856283,Soudanian,3
WA001,2015,10,2.56,1.296490192,1.071202159,1.640252471,,2.236863375,2.106812954,Soudanian,3
WA001,2015,11,2.65,0.030179562,0.008640271,0.049514305,,0.685999095,0.0,Soudanian,3
WA001,2015,12,0.28,0.038009569,0.00175258,0.044271462,,0.077448122,0.002015514,Soudanian,3
WA001,2016,1,2.02,0.03253378,0.00075784,0.0,,0.06605538,0.0,Soudanian,3
WA001,2016,2,6.33,0.010209122,0.001152788,0.006757153,,0.121135406,0.028033027,Soudanian,3
WA001,2016,3,1.12,0.00097179,0.001094756,0.042019073,,0.038494222,0.0,Soudanian,3
WA001,2016,4,0.0,0.000612206,0.000957592,0.110309616,,0.044210374,0.0,Soudanian,3
WA001,2016,5,1.3,0.013198286,0.001831178,0.037514307,,0.075226456,0.002015514,Soudanian,3
WA001,2016,6,0.01,0.257875532,0.022285096,0.040504768,,0.414537996,0.106234744,Soudanian,3
WA001,2016,7,2.49,3.146532297,1.607253194,2.503928185,,5.573735237,3.549994469,Soudanian,3
WA001,2016,8,4.3,4.563779831,4.96407938,4.677671432,,3.842660189,4.34442997,Soudanian,3
WA001,2016,9,2.92,6.832025528,4.309267521,7.858244419,,7.061950684,7.574816704,Soudanian,3
WA001,2016,10,2.26,0.215667576,0.013675396,0.14623332,,0.234553337,0.181452811,Soudanian,3
WA001,2016,11,0.61,0.030998275,0.061771847,0.077261925,,0.267588645,0.033333335,Soudanian,3
WA001,2016,12,1.3,0.035963874,0.000843587,0.004504769,,0.08588893,0.0,Soudanian,3
WA001,2017,1,0.0,0.042693872,0.000887036,0.018019075,,0.134096667,0.0,Soudanian,3
WA001,2017,2,4.44,0.002587219,0.007210469,0.01726192,,0.049967043,0.0,Soudanian,3
WA001,2017,3,1.45,2.28e-05,0.003289359,0.012757153,,0.008912811,0.0,Soudanian,3
WA001,2017,4,0.0,0.002404311,0.00094427,0.016504768,,0.009597911,0.0,Soudanian,3
WA001,2017,5,0.0,0.025257289,0.011389578,0.027747616,,0.123991616,0.002015514,Soudanian,3
WA001,2017,6,0.08,0.833812714,0.110322751,1.028156996,,0.306016117,0.445739239,Soudanian,3
WA001,2017,7,3.64,4.427755833,0.618816257,5.036437988,,1.378582478,2.564185143,Soudanian,3
WA001,2017,8,2.84,5.9607234,4.205578327,3.828675032,,6.013168335,6.106482029,Soudanian,3
WA001,2017,9,2.54,2.680901051,2.165467978,2.74775219,,2.311035633,3.270773411,Soudanian,3
WA001,2017,10,0.0,0.313160509,0.003534875,0.460619241,,0.431804687,0.44756645,Soudanian,3
WA001,2017,11,0.09,0.04169761,0.000858004,0.039728541,,0.183898509,0.0,Soudanian,3
WA001,2017,12,1.75,0.026365479,0.000844415,0.009009537,,0.0561275,0.0,Soudanian,3
WA001,2018,1,3.17,0.003990362,0.000817424,0.0,,0.018375114,0.0,Soudanian,3
WA001,2018,2,6.17,0.008073846,0.027860127,0.12980485,,0.166485459,0.0,Soudanian,3
WA001,2018,3,2.31,3.26e-05,0.008672197,0.006,,0.035167068,0.0,Soudanian,3
WA001,2018,4,0.0,3.64e-05,0.001012897,0.0,,0.004271089,0.0,Soudanian,3
WA001,2018,5,0.22,0.0,0.000980876,0.012,,0.006252691,0.0,Soudanian,3
WA001,2018,6,0.8,0.510977328,0.131051615,0.686195195,,0.321829855,0.593624771,Soudanian,3
WA001,2018,7,2.72,0.665748954,0.239749208,1.215747595,,1.33374238,1.274026871,Soudanian,3
WA001,2018,8,3.14,4.737689495,1.761770368,3.226390123,,5.263454437,4.348584175,Soudanian,3
WA001,2018,9,2.61,4.194463253,4.035614967,4.57909441,,6.120252132,5.770709991,Soudanian,3
WA001,2018,10,0.79,0.596455812,0.152798191,0.357709497,,0.910225391,1.207615733,Soudanian,3
WA001,2018,11,3.65,0.029421343,0.078652017,0.187552452,,0.14960745,0.100000001,Soudanian,3
WA001,2018,12,2.85,0.034022376,0.00234502,0.008252384,,0.060877524,0.0,Soudanian,3
WA001,2019,1,1.43,0.034634866,0.000967776,0.002252384,,0.033799578,0.0,Soudanian,3
WA001,2019,2,4.14,0.009489113,0.001271473,0.006757153,,0.175789505,0.0,Soudanian,3
WA001,2019,3,0.67,7.08e-06,0.031240083,0.010504768,,0.032933038,0.0,Soudanian,3
WA001,2019,4,0.0,0.002574312,0.001455581,0.019514307,,0.041379754,0.0,Soudanian,3
WA001,2019,5,0.89,6.74e-06,0.010478167,0.058504771,,0.012148655,0.0,Soudanian,3
WA001,2019,6,2.01,0.309126824,0.001072104,0.071242847,,0.105574146,0.0,Soudanian,3
WA001,2019,7,1.59,0.757929564,0.055637989,0.82712841,,1.145826221,0.072565258,Soudanian,3
WA001,2019,8,3.68,5.912788391,4.631108284,5.934274673,,6.826309204,7.098571301,Soudanian,3
WA001,2019,9,0.0,5.236685276,2.668057442,7.023200989,,6.608663082,3.33735323,Soudanian,3
WA001,2019,10,0.3,1.102902293,2.478464127,2.241200447,,2.500520468,2.439617634,Soudanian,3
WA001,2019,11,0.0,0.011485739,0.000727607,0.019514307,,0.083295502,0.0,Soudanian,3
WA001,2019,12,0.0,0.027229348,0.001073328,0.010504768,,0.082062274,0.0,Soudanian,3
WA001,2020,1,1.4,0.030774502,0.003797113,0.027009537,,0.060209826,0.0,Soudanian,3
WA001,2020,2,4.38,0.006104479,0.001152644,0.033009537,,0.086836606,0.0,Soudanian,3
WA001,2020,3,0.3,0.0,0.000665213,0.014252384,,0.006188433,0.0,Soudanian,3
WA001,2020,4,0.0,4.35e-05,0.001185302,0.021009536,,0.009665545,0.0,Soudanian,3
WA001,2020,5,3.16,0.027200352,0.00068913,0.022504769,,0.030594207,0.0,Soudanian,3
WA001,2020,6,0.0,0.431903034,0.003089389,0.363785774,,0.262998611,0.033333335,Soudanian,3
WA001,2020,7,1.13,5.465216637,2.32962203,5.08992815,,8.109836578,4.538279533,Soudanian,3
WA001,2020,8,6.8,4.649912357,2.78039813,4.457637787,,5.045735836,4.038013935,Soudanian,3
WA001,2020,9,6.13,8.061901093,7.58853054,7.58507061,,9.021862984,13.88176537,Soudanian,3
WA001,2020,10,0.0,1.124284625,0.682427168,0.655438006,,1.446639419,0.909277201,Soudanian,3
WA001,2020,11,0.04,0.001788489,0.001041277,0.108757161,,0.102938466,0.0,Soudanian,3
WA001,2020,12,0.93,0.036199942,0.00078872,0.039766692,,0.056068748,0.0,Soudanian,3
WA002,2000,1,3.09,0.001124061,0.01413913,,0.006726263,0.057824433,0.0,Soudanian,3
WA002,2000,2,5.77,0.000105641,0.001331932,,0.000117509,0.0,0.0,Soudanian,3
WA002,2000,3,2.69,0.060806599,0.079115078,,0.060167197,0.132916644,0.169347867,Soudanian,3
WA002,2000,4,0.94,0.526956141,0.091977708,,0.199944943,0.550849259,0.760378778,Soudanian,3
WA002,2000,5,0.57,1.247023702,1.251903892,,1.037009954,2.133024931,1.70155704,Soudanian,3
WA002,2000,6,0.5,4.049719334,1.789534688,4.029923439,3.225356817,5.020811081,3.739520073,Soudanian,3
WA002,2000,7,1.6,6.549013138,6.824715137,8.034698486,7.301329613,8.424026489,6.909259319,Soudanian,3
WA002,2000,8,4.9,7.460817814,7.411767006,7.913526058,8.401560783,9.161172867,7.762112617,Soudanian,3
WA002,2000,9,2.38,3.419901133,5.753331661,3.081016541,4.678393364,4.441265583,2.933344841,Soudanian,3
WA002,2000,10,3.12,1.065018892,1.047766328,1.629402518,1.176262856,1.961228967,1.653183818,Soudanian,3
WA002,2000,11,2.47,0.057448667,0.009323532,0.223764628,0.113007672,0.119155049,0.33956635,Soudanian,3
WA002,2000,12,0.98,0.008281919,0.000969268,0.0,0.000282838,0.0,0.0,Soudanian,3
WA002,2001,1,1.55,0.001635717,0.000916324,0.0,,0.0,0.0,Soudanian,3
WA002,2001,2,3.11,0.007076983,0.001119276,0.0,,0.0,0.0,Soudanian,3
WA002,2001,3,3.99,0.009481543,0.004336554,0.027002813,,0.028095221,0.0,Soudanian,3
WA002,2001,4,0.83,0.410898685,0.041676383,0.877585113,,0.92541194,0.510383129,Soudanian,3
WA002,2001,5,1.1,1.340791464,0.611509979,0.74837178,,1.410513282,1.866762996,Soudanian,3
WA002,2001,6,0.0,3.513549089,3.516973257,4.572721481,,5.585143566,5.147864819,Soudanian,3
WA002,2001,7,3.66,5.683224678,6.400701046,7.56260252,,8.859775543,7.570606709,Soudanian,3
WA002,2001,8,5.07,7.074719429,7.519333363,8.160367012,,9.710431099,7.391130924,Soudanian,3
WA002,2001,9,1.11,3.170710564,4.062258244,3.132982016,,4.833739281,4.308383942,Soudanian,3
WA002,2001,10,0.0,1.071565986,0.224379718,0.939771235,,0.842799783,1.096765757,Soudanian,3
WA002,2001,11,0.83,0.026728339,0.002782967,0.169208974,,0.156853378,0.024988452,Soudanian,3
WA002,2001,12,0.57,0.008049771,0.001006439,0.0,,0.0,0.0,Soudanian,3
WA002,2002,1,2.13,0.000950041,0.107174054,0.090087347,,0.047516398,0.0,Soudanian,3
WA002,2002,2,4.37,0.005336991,0.001256489,0.011245454,,0.000384152,0.026793435,Soudanian,3
WA002,2002,3,2.19,0.022555886,0.043846969,0.051102288,,0.031702407,0.096774191,Soudanian,3
WA002,2002,4,0.69,0.328569114,0.084409125,0.572955191,,0.286680579,0.627045453,Soudanian,3
WA002,2002,5,2.34,0.986210763,0.941296756,1.040015817,,1.242326617,0.838683128,Soudanian,3
WA002,2002,6,0.0,3.606548548,3.168595314,2.586777687,,4.509009838,2.59374094,Soudanian,3
WA002,2002,7,2.2,6.564751625,5.293515682,5.664634705,,5.57585907,4.834739685,Soudanian,3
WA002,2002,8,4.72,7.722694874,8.909412384,7.689386845,,9.253487587,7.592799664,Soudanian,3
WA002,2002,9,2.87,3.062452555,5.548288345,3.206216812,,4.45890379,4.172966003,Soudanian,3
WA002,2002,10,0.04,1.233248472,2.25745225,2.747099161,,2.45764637,2.965724707,Soudanian,3
WA002,2002,11,0.0,0.085032746,0.001416144,0.008246758,,0.025642898,0.0,Soudanian,3
WA002,2002,12,0.91,0.005965167,0.034112055,0.017537335,,0.003968684,0.0,Soudanian,3
WA002,2003,1,4.66,0.001389961,0.013489773,0.024193289,,0.0,0.0,Soudanian,3
WA002,2003,2,2.58,0.002126353,0.001411009,0.030460933,,0.06682156,0.0,Soudanian,3
WA002,2003,3,3.58,0.009319835,0.004945578,0.020820778,,0.007753374,0.0,Soudanian,3
WA002,2003,4,0.09,0.431297034,0.342222184,0.651729643,,0.812162876,0.541631997,Soudanian,3
WA002,2003,5,0.42,1.382298112,0.482011884,1.72964561,,1.492667675,1.175361753,Soudanian,3
WA002,2003,6,0.0,4.103713989,4.000964642,5.345678329,,6.611521721,5.06658411,Soudanian,3
WA002,2003,7,2.08,9.293551445,5.282028198,9.466332436,,9.256141663,8.540367126,Soudanian,3
WA002,2003,8,6.13,7.470118046,9.857185364,8.551805496,,9.837028503,7.643189907,Soudanian,3
WA002,2003,9,3.23,6.283415794,6.652503014,6.903604031,,7.963157177,7.750008583,Soudanian,3
WA002,2003,10,2.67,1.542598128,1.860186696,1.630575299,,1.819541454,1.741936803,Soudanian,3
WA002,2003,11,1.97,0.148727775,0.201004878,0.292060286,,0.403735459,0.256237388,Soudanian,3
WA002,2003,12,1.05,0.007365154,0.000941248,0.0,,0.0,0.0,Soudanian,3
WA002,2004,1,4.68,0.00118805,0.041791532,0.017816454,,0.0,0.0,Soudanian,3
WA002,2004,2,5.05,0.003027771,0.031263307,0.040595129,,0.042115461,0.025869522,Soudanian,3
WA002,2004,3,3.53,0.031305246,0.009084392,0.066940695,,0.032376464,0.006040366,Soudanian,3
WA002,2004,4,0.13,0.705299318,0.451351821,1.007431626,,0.909305513,1.093693376,Soudanian,3
WA002,2004,5,0.58,0.704369307,0.426232785,1.036232233,,1.461061597,1.038271904,Soudanian,3
WA002,2004,6,0.0,4.438830376,2.463800669,7.108974934,,6.581618786,2.316597223,Soudanian,3
WA002,2004,7,3.74,6.682317734,8.46599102,11.41065979,,10.16488934,9.764128685,Soudanian,3
WA002,2004,8,3.03,8.78986454,5.676810741,8.969053268,,9.50760746,8.536287308,Soudanian,3
WA002,2004,9,3.48,3.766278267,3.466484547,2.472969532,,4.232159138,3.496028662,Soudanian,3
WA002,2004,10,0.26,0.795895934,0.198124602,0.829593956,,1.034293056,0.032258064,Soudanian,3
WA002,2004,11,1.96,0.023828825,0.009672458,0.034685709,,0.027793312,0.254171729,Soudanian,3
WA002,2004,12,1.44,0.001342559,0.001024429,0.005251081,,0.0,0.0,Soudanian,3
WA002,2005,1,4.78,0.000965301,0.017473837,0.024280628,,0.005037941,0.0,Soudanian,3
WA002,2005,2,5.41,0.002929595,0.005581574,0.023724997,,0.0042857,0.006707643,Soudanian,3
WA002,2005,3,0.53,0.07267493,0.097838655,0.205117524,,0.179765821,0.064516127,Soudanian,3
WA002,2005,4,0.42,0.479023606,0.117109284,0.355401874,,0.180287912,0.437474728,Soudanian,3
WA002,2005,5,0.0,0.991627693,1.050182343,1.315502763,,1.939131141,1.387106538,Soudanian,3
WA002,2005,6,0.0,5.193018436,3.438267708,4.581372261,,5.832618713,8.352505684,Soudanian,3
WA002,2005,7,4.39,6.200518131,5.083496571,7.066096306,,6.378631592,4.360915661,Soudanian,3
WA002,2005,8,5.3,10.73526001,7.268085003,9.064053535,,8.211008072,10.68952084,Soudanian,3
WA002,2005,9,1.63,4.765071392,4.369362831,3.992559433,,5.597306252,5.160455227,Soudanian,3
WA002,2005,10,0.0,1.493327975,0.378278881,1.006845474,,1.657274127,1.312533855,Soudanian,3
WA002,2005,11,0.54,0.011803848,0.012554006,0.012276512,,0.012242199,0.0,Soudanian,3
WA002,2005,12,0.0,0.003193707,0.001150704,0.0,,0.005365068,0.0,Soudanian,3
WA002,2006,1,1.66,0.001044033,0.007295941,0.045391776,,0.0,0.0,Soudanian,3
WA002,2006,2,4.89,0.003682647,0.020864939,0.021940904,,0.022537159,0.0,Soudanian,3
WA002,2006,3,3.94,0.026415136,0.011761928,0.082009636,,0.054211628,0.104831733,Soudanian,3
WA002,2006,4,1.26,0.889046669,0.361845464,2.267112732,,1.573990941,0.227035359,Soudanian,3
WA002,2006,5,0.0,2.79150486,1.133219361,3.005271435,,2.078867912,3.935377598,Soudanian,3
WA002,2006,6,0.88,3.148903131,1.612011433,2.801402092,,3.220995426,3.724784851,Soudanian,3
WA002,2006,7,2.59,4.015973568,4.937341213,4.433289051,,6.103272438,5.56889534,Soudanian,3
WA002,2006,8,5.02,7.744781017,5.756855965,8.458248138,,10.86811352,7.56257534,Soudanian,3
WA002,2006,9,4.52,7.897745132,6.880074978,8.518386841,,7.400613308,7.725018501,Soudanian,3
WA002,2006,10,0.0,1.032178998,1.411285281,1.397295117,,2.152416229,1.272153974,Soudanian,3
WA002,2006,11,0.0,0.007675094,0.000931389,0.040314503,,0.014357234,0.0,Soudanian,3
WA002,2006,12,1.24,0.006948312,0.001258452,0.024,,0.000420352,0.0,Soudanian,3
WA002,2007,1,0.52,0.00106149,0.000885998,0.0,,0.0,0.0,Soudanian,3
WA002,2007,2,6.34,0.002076749,0.00113479,0.0,,0.002363855,0.026793435,Soudanian,3
WA002,2007,3,2.96,0.023500802,0.00136265,0.0,,0.01575312,0.038316578,Soudanian,3
WA002,2007,4,1.56,0.263574421,0.128636166,0.354061186,,0.210527897,0.874815285,Soudanian,3
WA002,2007,5,0.0,1.663815141,0.285799772,2.18259573,,1.469994664,0.64120084,Soudanian,3
WA002,2007,6,1.52,2.812944651,1.229089856,2.624222994,,3.211949587,3.024952173,Soudanian,3
WA002,2007,7,3.84,6.235883236,5.861041069,6.409643173,,7.926003933,6.489957333,Soudanian,3
WA002,2007,8,4.79,7.853406906,8.279709816,7.546886921,,11.40238857,8.371085167,Soudanian,3
WA002,2007,9,2.79,4.655408859,3.99734354,4.112364769,,5.149091721,4.95624876,Soudanian,3
WA002,2007,10,0.84,1.170434237,1.983540297,1.132189155,,1.212228537,1.191522837,Soudanian,3
WA002,2007,11,0.0,0.055216793,0.044886608,0.01443744,,0.074051403,0.306222975,Soudanian,3
WA002,2007,12,0.32,0.000242511,0.032520324,0.024193289,,0.000505047,0.0,Soudanian,3
WA002,2008,1,2.31,0.000187858,0.001246606,0.0,,0.0,0.0,Soudanian,3
WA002,2008,2,4.98,0.000149651,0.001110617,0.0,,0.009552815,0.0,Soudanian,3
WA002,2008,3,3.75,0.045318555,0.199401751,0.575580657,,0.088624708,0.233882144,Soudanian,3
WA002,2008,4,0.0,0.823782504,0.267824829,1.672348499,,1.048166394,1.337428451,Soudanian,3
WA002,2008,5,0.34,1.524982452,0.836665869,1.896810412,,1.96227479,2.346728086,Soudanian,3
WA002,2008,6,2.35,3.730727434,4.490807056,4.789507866,,6.149150848,4.074975491,Soudanian,3
WA002,2008,7,1.57,8.824352264,7.086754322,9.176634789,,8.269761086,8.552484512,Soudanian,3
WA002,2008,8,3.47,11.52403355,7.462532997,11.39362621,,12.95952988,10.71375751,Soudanian,3
WA002,2008,9,2.75,5.041238785,4.942550659,4.789532661,,5.195955753,4.883368015,Soudanian,3
WA002,2008,10,1.56,2.977776289,1.846248627,5.131428719,,2.743912935,4.126981735,Soudanian,3
WA002,2008,11,0.51,0.007052387,0.002755761,0.069472611,,0.01353965,0.0,Soudanian,3
WA002,2008,12,2.16,4.55e-05,0.009720465,0.006566884,,0.000994907,0.0,Soudanian,3
WA002,2009,1,3.57,0.001485626,0.001093635,0.0,,0.0,0.0,Soudanian,3
WA002,2009,2,5.55,0.000187036,0.460033,0.03178972,,0.026910994,0.0,Soudanian,3
WA002,2009,3,3.19,0.096540518,0.183327064,0.233354643,,0.425169528,0.131049439,Soudanian,3
WA002,2009,4,3.41,0.178846136,0.096963808,0.074153572,,0.22123763,0.318728,Soudanian,3
WA002,2009,5,0.24,0.99007833,0.343994588,1.787307501,,1.977908731,1.161245704,Soudanian,3
WA002,2009,6,0.0,3.181060553,3.295543194,2.908811331,,4.433919907,3.252043962,Soudanian,3
WA002,2009,7,4.51,5.997572899,6.04798317,5.764217854,,4.725822926,5.98190403,Soudanian,3
WA002,2009,8,3.93,6.945293427,8.655362129,6.283685207,,6.574454308,6.780298233,Soudanian,3
WA002,2009,9,2.63,8.508812904,5.343426228,12.18778038,,8.714976311,9.381322861,Soudanian,3
WA002,2009,10,2.14,1.353822231,1.440151453,2.368433714,,2.484641314,1.766127586,Soudanian,3
WA002,2009,11,0.0,0.163669288,0.822690487,0.386252403,,0.182213411,0.387486279,Soudanian,3
WA002,2009,12,0.0,0.007726995,0.001031364,0.0,,0.0,0.0,Soudanian,3
WA002,2010,1,0.5,0.001113177,0.000867519,0.055232357,,0.000104776,0.0,Soudanian,3
WA002,2010,2,3.51,0.00137126,0.005070837,0.053237222,,0.037337489,0.026793435,Soudanian,3
WA002,2010,3,3.05,0.007274786,0.005473373,0.14767544,,0.022210898,0.056440435,Soudanian,3
WA002,2010,4,1.16,0.461492836,0.429632217,0.950237393,,0.494975567,1.079106688,Soudanian,3
WA002,2010,5,0.85,2.876030207,1.488023639,3.959587812,,3.36850214,3.199491024,Soudanian,3
WA002,2010,6,0.0,3.378011227,2.677072287,4.952408791,,3.945336103,5.058238029,Soudanian,3
WA002,2010,7,0.0,6.04938221,7.06533289,8.637871742,,6.430407524,6.709614277,Soudanian,3
WA002,2010,8,4.57,9.311992645,8.5987854,10.23936462,,7.981085777,9.245981216,Soudanian,3
WA002,2010,9,1.91,7.817079544,7.931935787,9.312260628,,7.105694771,8.908376694,Soudanian,3
WA002,2010,10,1.07,1.704631686,2.354511261,2.188407421,,2.562769413,2.338679075,Soudanian,3
WA002,2010,11,1.38,0.020477464,0.076288588,0.088771537,,0.015042401,0.025007205,Soudanian,3
WA002,2010,12,0.67,0.00155643,0.000885554,0.000561257,,0.016524807,0.0,Soudanian,3
WA002,2011,1,3.45,0.001088199,0.001094076,0.0,,0.0,0.0,Soudanian,3
WA002,2011,2,4.79,0.0,0.001043035,0.009850325,,0.000987685,0.0,Soudanian,3
WA002,2011,3,3.16,0.008170705,0.048078582,0.053723268,,0.034542277,0.155249953,Soudanian,3
WA002,2011,4,0.0,0.411708355,0.254804522,0.814110637,,0.789449632,0.608298659,Soudanian,3
WA002,2011,5,0.28,1.594578743,1.331335545,1.950594544,,1.514858842,1.868905783,Soudanian,3
WA002,2011,6,0.75,3.765816927,2.412530422,4.874019146,,4.869130135,3.406205654,Soudanian,3
WA002,2011,7,3.53,6.773386955,4.791079521,8.720164299,,6.062160969,7.028306007,Soudanian,3
WA002,2011,8,4.01,9.637452126,9.087511063,10.43688107,,8.049666405,6.86352253,Soudanian,3
WA002,2011,9,3.15,3.348926306,3.797600985,2.763317347,,3.711173534,3.502039433,Soudanian,3
WA002,2011,10,0.17,0.727519393,0.449530751,1.004610062,,0.753130436,1.209628463,Soudanian,3
WA002,2011,11,0.35,0.002897542,0.000932486,0.003283442,,0.018282253,0.18957071,Soudanian,3
WA002,2011,12,1.54,0.001339825,0.000803954,0.024,,0.003356275,0.0,Soudanian,3
WA002,2012,1,0.01,2.94e-05,0.000858771,0.003283442,,0.00012525,0.0,Soudanian,3
WA002,2012,2,2.88,0.002445718,0.002781938,0.09328907,,0.047345165,0.0,Soudanian,3
WA002,2012,3,0.65,0.00207361,0.051912457,0.070595123,,0.028660737,0.0,Soudanian,3
WA002,2012,4,0.0,0.422166854,0.276893348,0.742788374,,0.745902956,0.84370774,Soudanian,3
WA002,2012,5,0.0,1.01892221,1.548219919,2.148271799,,2.244255066,1.497942328,Soudanian,3
WA002,2012,6,1.44,4.640358448,4.59676075,7.491127014,,5.325488567,4.883217812,Soudanian,3
WA002,2012,7,2.14,10.47053337,6.545091152,11.06673717,,9.553766251,12.19925213,Soudanian,3
WA002,2012,8,4.75,9.14125061,5.38479948,10.14830971,,10.4090662,9.350850105,Soudanian,3
WA002,2012,9,3.86,5.453010559,5.027886868,3.835099459,,6.731624603,3.525151253,Soudanian,3
WA002,2012,10,2.16,1.511234403,1.838391304,0.720881045,,1.427103519,2.350762367,Soudanian,3
WA002,2012,11,0.41,0.098501056,0.146861136,0.379181862,,0.416095227,0.072908379,Soudanian,3
WA002,2012,12,2.19,0.00452572,0.000873588,0.0,,0.003219042,0.0,Soudanian,3
WA002,2013,1,2.62,0.001168821,0.022652281,0.072007135,,0.016625894,0.0,Soudanian,3
WA002,2013,2,3.45,6.49e-05,0.001322064,0.047155097,,0.010655426,0.026793435,Soudanian,3
WA002,2013,3,1.76,0.014891422,0.004533908,0.023635928,,0.114602439,0.137089804,Soudanian,3
WA002,2013,4,0.0,0.088885099,0.074383251,0.169340417,,0.328182608,1.120784879,Soudanian,3
WA002,2013,5,0.0,0.71143055,0.939539135,1.424250007,,1.64284265,1.130958676,Soudanian,3
WA002,2013,6,0.05,3.422858953,3.41840601,6.051766396,,5.683013916,3.34788394,Soudanian,3
WA002,2013,7,3.5,16.10802269,5.933636189,5.455395222,,5.368184566,5.701573849,Soudanian,3
WA002,2013,8,6.65,9.942961693,8.656560898,9.369729996,,10.9487381,11.33269215,Soudanian,3
WA002,2013,9,0.77,4.542623997,3.184673309,5.335042953,,5.955075741,5.073014736,Soudanian,3
WA002,2013,10,0.99,2.199932337,0.694806993,2.614126921,,2.585552216,3.054442883,Soudanian,3
WA002,2013,11,0.0,0.053561568,0.003689189,0.014253894,,0.111158393,0.0,Soudanian,3
WA002,2013,12,1.09,0.00581613,0.030436037,0.018384848,,0.05311507,0.0,Soudanian,3
WA002,2014,1,2.34,0.000347724,0.008439175,0.0,,0.046806067,0.0,Soudanian,3
WA002,2014,2,2.21,0.000371499,0.000843827,0.006566884,,0.028171333,0.0,Soudanian,3
WA002,2014,3,3.66,0.01438654,0.003717423,0.032443065,,0.058906958,0.0,Soudanian,3
WA002,2014,4,0.0,0.222168118,0.059858374,0.586891055,,0.298729181,1.126931548,Soudanian,3
WA002,2014,5,0.0,3.27189374,2.176392794,8.201840401,,4.417037487,1.497970223,Soudanian,3
WA002,2014,6,0.0,3.123105526,2.952364206,9.609930992,,5.565937996,6.841255665,Soudanian,3
WA002,2014,7,1.68,4.100154877,4.159004688,4.879571915,,5.048578739,5.995790005,Soudanian,3
WA002,2014,8,5.03,5.48677063,5.713430882,5.402479649,,8.788919449,6.872983456,Soudanian,3
WA002,2014,9,2.26,4.874987602,6.85690546,5.790671825,,6.2152071,5.418776989,Soudanian,3
WA002,2014,10,0.91,1.19043088,1.296011567,0.669342518,,1.324819207,2.739883423,Soudanian,3
WA002,2014,11,0.95,0.023137923,0.083706155,0.281188637,,0.459913969,0.314577907,Soudanian,3
WA002,2014,12,2.15,0.001823045,0.00362168,0.034802057,,0.02439083,0.0,Soudanian,3
WA002,2015,1,2.07,0.000954487,0.001219229,0.057211254,,0.008190686,0.0,Soudanian,3
WA002,2015,2,2.65,0.000956295,0.003651011,0.155102581,,0.050481468,0.0,Soudanian,3
WA002,2015,3,3.83,0.025073608,0.00514995,0.011817964,,0.049849108,0.0,Soudanian,3
WA002,2015,4,0.09,0.320742697,0.042289685,0.228547424,,0.212603167,0.316662341,Soudanian,3
WA002,2015,5,1.89,1.061665535,0.286285758,0.836623132,,1.359864473,0.927399755,Soudanian,3
WA002,2015,6,0.98,4.524786472,1.166776776,3.718542337,,5.514352798,4.335344315,Soudanian,3
WA002,2015,7,2.34,7.069982052,6.300062656,7.326431751,,7.830343246,7.572651863,Soudanian,3
WA002,2015,8,4.94,7.179725647,9.132561684,8.182679176,,9.837089539,9.036336899,Soudanian,3
WA002,2015,9,4.94,6.7375741,5.765353203,5.699947834,,6.204326153,3.629389524,Soudanian,3
WA002,2015,10,3.1,2.015383005,2.340412617,3.058655262,,2.867476702,2.669318438,Soudanian,3
WA002,2015,11,0.59,0.066174947,0.031706732,0.051380526,,0.178313643,0.124988459,Soudanian,3
WA002,2015,12,0.7,0.007925436,0.000813326,0.00721872,,0.028351676,0.0,Soudanian,3
WA002,2016,1,3.85,0.001920962,0.412916005,0.242527395,,0.036624033,0.0,Soudanian,3
WA002,2016,2,3.44,0.004931342,0.001152788,0.024,,0.084414065,0.0,Soudanian,3
WA002,2016,3,2.92,0.028367709,0.001558844,0.027844699,,0.028984599,0.046374124,Soudanian,3
WA002,2016,4,0.47,0.512482047,0.043800488,0.834007025,,0.977974355,0.854118288,Soudanian,3
WA002,2016,5,0.89,1.968934774,0.354821593,3.045411587,,1.949718952,1.70155704,Soudanian,3
WA002,2016,6,0.0,3.684045076,3.079420328,5.51023674,,5.80456543,4.781179905,Soudanian,3
WA002,2016,7,0.51,7.96029377,5.816065788,7.399329185,,9.318926811,7.675403118,Soudanian,3
WA002,2016,8,1.91,8.478191376,7.449750423,8.902853966,,9.819093704,8.624985695,Soudanian,3
WA002,2016,9,1.1,4.240335464,5.345815659,3.807188988,,5.511894703,5.291704178,Soudanian,3
WA002,2016,10,0.0,0.874402404,1.095824718,1.121584415,,1.405634999,1.270191312,Soudanian,3
WA002,2016,11,0.13,0.074622408,0.060935434,0.16932404,,0.166931242,0.197915584,Soudanian,3
WA002,2016,12,2.92,0.005279354,0.004061178,0.058399454,,0.012543139,0.0,Soudanian,3
WA002,2017,1,3.88,0.001091109,0.000909047,0.018384848,,0.012469799,0.0,Soudanian,3
WA002,2017,2,3.3,0.004825694,0.001817443,0.018384848,,0.022184432,0.0,Soudanian,3
WA002,2017,3,2.93,0.063342325,0.060370982,0.47613734,,0.160222933,0.066533305,Soudanian,3
WA002,2017,4,0.0,0.257380307,0.411592454,0.495886385,,0.301414996,0.32290405,Soudanian,3
WA002,2017,5,0.14,2.690145731,1.411649108,2.328333378,,2.809465408,2.266087055,Soudanian,3
WA002,2017,6,0.73,2.707473516,3.870744705,3.7156353,,0.123809516,3.166649342,Soudanian,3
WA002,2017,7,3.27,8.687466621,3.672234058,10.50735188,,0.243170157,7.91131115,Soudanian,3
WA002,2017,8,4.08,7.604782581,7.04925251,7.26228714,,9.175873756,7.488003254,Soudanian,3
WA002,2017,9,3.83,3.530911207,4.789965153,4.63366127,,5.563920498,4.039557457,Soudanian,3
WA002,2017,10,0.0,0.437165111,0.592860341,0.355915874,,0.815071106,0.993951201,Soudanian,3
WA002,2017,11,0.51,0.040046573,0.013904796,0.018384848,,0.122827865,0.0,Soudanian,3
WA002,2017,12,3.75,0.002026647,0.000844415,0.018384848,,0.006846187,0.0,Soudanian,3
WA002,2018,1,2.78,0.001396152,0.004634716,0.024,,0.016581398,0.0,Soudanian,3
WA002,2018,2,6.29,0.000661147,0.072604783,0.039569698,,0.062519662,0.131692201,Soudanian,3
WA002,2018,3,2.61,0.048904438,0.16237855,0.177601635,,0.165690377,0.096774191,Soudanian,3
WA002,2018,4,1.23,0.136946216,0.073670492,0.173622072,,0.184649453,0.449976891,Soudanian,3
WA002,2018,5,0.43,1.418063521,0.706822455,2.206636429,,1.903152227,2.181411743,Soudanian,3
WA002,2018,6,0.29,4.497744083,2.36302948,4.462202072,,5.450926781,3.899926424,Soudanian,3
WA002,2018,7,1.53,7.980422974,6.242229939,8.136138916,,7.375643253,7.044358253,Soudanian,3
WA002,2018,8,5.04,7.599695206,9.325533867,8.755677223,,9.899812698,10.16137981,Soudanian,3
WA002,2018,9,1.44,6.673267365,5.720490456,6.167314053,,6.791042328,6.777080059,Soudanian,3
WA002,2018,10,1.33,1.123040676,1.571040273,1.548506141,,1.813632131,2.588659286,Soudanian,3
WA002,2018,11,1.86,0.024098322,0.033152353,0.021004323,,0.125730455,0.0,Soudanian,3
WA002,2018,12,0.96,0.004272029,0.000885187,0.047635928,,0.00871209,0.0,Soudanian,3
WA002,2019,1,2.14,0.001454959,0.000967776,0.022600753,,0.004211226,0.0,Soudanian,3
WA002,2019,2,5.07,0.004351166,0.001271473,0.120515473,,0.056167558,0.0,Soudanian,3
WA002,2019,3,2.11,0.044017408,0.083433934,0.264013171,,0.178458408,0.070574641,Soudanian,3
WA002,2019,4,1.67,0.207800627,0.162419036,0.087072179,,0.573619723,0.302038223,Soudanian,3
WA002,2019,5,0.0,0.990784764,0.80718559,2.972284317,,2.220028639,1.33668828,Soudanian,3
WA002,2019,6,0.08,3.450431824,2.949204683,4.807122231,,4.451196671,2.793673038,Soudanian,3
WA002,2019,7,0.01,7.336025715,7.722714901,7.360083103,,7.62695837,7.282286167,Soudanian,3
WA002,2019,8,2.63,10.57488823,11.24417591,11.31996727,,13.39612865,9.708075523,Soudanian,3
WA002,2019,9,4.2,5.17966795,4.865198135,5.938596725,,6.820454121,3.474997044,Soudanian,3
WA002,2019,10,1.62,2.126313925,2.32439065,3.491022348,,3.863393784,1.356917381,Soudanian,3
WA002,2019,11,0.0,0.035934277,0.030498164,0.030286254,,0.073167525,0.024988452,Soudanian,3
WA002,2019,12,0.0,0.000819228,0.000746463,0.018384848,,0.003612756,0.0,Soudanian,3
WA002,2020,1,0.0,0.000934116,0.001051454,0.008534523,,0.006849014,0.0,Soudanian,3
WA002,2020,2,3.82,0.000406421,0.013583414,0.005719372,,0.011904525,0.0,Soudanian,3
WA002,2020,3,5.53,0.06482143,0.067112483,0.162332699,,0.126333445,0.056440435,Soudanian,3
WA002,2020,4,1.04,0.329402149,0.711031437,0.599675834,,0.519105494,1.333259702,Soudanian,3
WA002,2020,5,0.0,1.659689069,0.453298301,4.371344566,,2.719804525,0.667281747,Soudanian,3
WA002,2020,6,1.08,4.436543465,1.688046098,4.481807232,,5.624677658,2.041733027,Soudanian,3
WA002,2020,7,0.55,8.542951584,11.72502232,10.16859818,,10.58530903,11.4296484,Soudanian,3
WA002,2020,8,4.13,9.667015076,9.940655708,9.033713341,,10.21679878,10.13126373,Soudanian,3
WA002,2020,9,2.62,6.782830715,6.909673691,7.116902828,,8.033445358,6.499992847,Soudanian,3
WA002,2020,10,0.39,2.872452021,2.097317934,1.857713461,,3.020189524,2.078523159,Soudanian,3
WA002,2020,11,1.49,0.002060268,0.000994613,0.046600759,,0.012846108,0.0,Soudanian,3
WA002,2020,12,0.93,0.000477744,0.000787581,0.015101406,,0.003022622,0.0,Soudanian,3
WA003,2000,1,2.82,0.002150743,0.002729846,,0.007313095,0.060695197,0.0,Soudanian,3
WA003,2000,2,6.46,7e-05,0.001331932,,9.73e-08,0.003456059,0.0,Soudanian,3
WA003,2000,3,2.05,0.02881797,0.002165979,,0.006509256,0.015592395,0.032258064,Soudanian,3
WA003,2000,4,0.0,0.394197255,0.114364959,,0.377405554,0.404206485,0.508309186,Soudanian,3
WA003,2000,5,0.0,1.623803973,1.000157952,,1.568805337,2.565909147,1.453626752,Soudanian,3
WA003,2000,6,1.07,3.556317806,3.951780081,3.992431402,3.347110271,5.543764591,3.339530706,Soudanian,3
WA003,2000,7,0.54,5.790445805,6.567791462,6.323875904,5.727836609,5.472017288,4.040324211,Soudanian,3
WA003,2000,8,5.3,5.331557751,5.862845421,5.234062195,6.960524559,5.880532265,6.524119854,Soudanian,3
WA003,2000,9,1.83,2.81148982,2.644550323,2.364225149,3.63295269,3.51389432,3.847863913,Soudanian,3
WA003,2000,10,1.93,0.913024724,1.2137357,1.227833867,1.113166332,1.243862748,1.586661577,Soudanian,3
WA003,2000,11,0.0,0.0113952,0.001244894,0.0,0.001442952,0.000245186,0.091665179,Soudanian,3
WA003,2000,12,0.0,0.025765231,0.000969268,0.0,1.59e-05,0.0,0.0,Soudanian,3
WA003,2001,1,0.39,0.000349002,0.000913482,0.0,,0.0,0.0,Soudanian,3
WA003,2001,2,3.47,0.015482617,0.001119276,0.0,,4.18e-05,0.0,Soudanian,3
WA003,2001,3,2.81,0.050535142,0.000814131,0.008433958,,0.007809994,0.0,Soudanian,3
WA003,2001,4,0.28,0.242040887,0.168196589,0.134426013,,0.416908324,0.510402918,Soudanian,3
WA003,2001,5,0.18,1.967357635,0.531295538,1.845875978,,1.752139449,0.953617096,Soudanian,3
WA003,2001,6,0.3,3.374856949,2.52374506,1.947190166,,4.057412148,2.62917304,Soudanian,3
WA003,2001,7,2.75,6.166501045,5.820471287,6.091021538,,6.665345669,6.262097836,Soudanian,3
WA003,2001,8,3.24,6.144731045,6.909130096,7.832586288,,8.120656013,7.306429863,Soudanian,3
WA003,2001,9,3.38,3.17006588,3.7655375,3.281852484,,3.631999016,3.583291054,Soudanian,3
WA003,2001,10,1.33,0.508383155,0.19667165,0.451967925,,0.609796226,0.673393309,Soudanian,3
WA003,2001,11,0.98,0.003447392,0.001020137,0.234002084,,0.042634372,0.0,Soudanian,3
WA003,2001,12,1.2,0.017645063,0.000996933,0.0,,0.0,0.022159325,Soudanian,3
WA003,2002,1,2.87,0.001901112,0.001176027,0.0,,0.0,0.0,Soudanian,3
WA003,2002,2,7.04,0.019579748,0.001256489,0.0,,8.17e-05,0.0,Soudanian,3
WA003,2002,3,2.39,0.02728978,0.000981862,0.001405474,,0.014709392,0.0,Soudanian,3
WA003,2002,4,0.12,0.618757248,0.379196107,0.499256611,,0.59328723,0.399987191,Soudanian,3
WA003,2002,5,0.0,1.281345487,0.395409107,0.801386058,,1.350983381,1.43549335,Soudanian,3
WA003,2002,6,0.0,2.85881114,1.192530394,2.3362782,,2.756438732,2.15413928,Soudanian,3
WA003,2002,7,0.94,5.310198307,4.757170677,6.504065037,,6.250235558,5.770148277,Soudanian,3
WA003,2002,8,3.39,5.496788502,5.897099495,5.547904491,,5.407856941,5.655191422,Soudanian,3
WA003,2002,9,2.41,4.095663548,2.665442705,5.768545628,,5.057188511,4.660360336,Soudanian,3
WA003,2002,10,0.92,1.415757775,1.860878348,1.779440165,,1.476268768,1.320587397,Soudanian,3
WA003,2002,11,0.56,0.035826411,0.015737796,0.039837509,,0.083672263,0.0,Soudanian,3
WA003,2002,12,0.0,0.010544726,0.001204552,0.0,,0.0,0.0,Soudanian,3
WA003,2003,1,3.63,0.001337961,0.001216912,0.0,,0.000134094,0.0,Soudanian,3
WA003,2003,2,5.42,0.029463386,0.006721511,0.066279292,,0.084955625,0.325852782,Soudanian,3
WA003,2003,3,2.3,0.19297187,0.221125647,0.600324631,,0.48556,0.340713888,Soudanian,3
WA003,2003,4,0.0,0.491303027,0.234920233,0.956017911,,0.894463956,0.843736231,Soudanian,3
WA003,2003,5,1.19,1.502313614,0.57912761,2.002344847,,1.999672651,1.94149363,Soudanian,3
WA003,2003,6,0.73,5.78870821,4.88370657,5.476259232,,5.429155827,5.625005722,Soudanian,3
WA003,2003,7,0.69,5.869591236,3.796517134,6.050093174,,6.558236122,5.995955944,Soudanian,3
WA003,2003,8,4.42,7.818676472,9.424048424,6.860252857,,11.19604588,7.185431957,Soudanian,3
WA003,2003,9,2.83,5.391009808,4.482036114,6.008976936,,5.757653713,5.249918938,Soudanian,3
WA003,2003,10,0.0,0.849171281,0.921047211,1.770417452,,1.452655315,1.191511273,Soudanian,3
WA003,2003,11,0.74,0.01248654,0.005245039,0.044904001,,0.063006148,0.06666667,Soudanian,3
WA003,2003,12,0.0,0.022513945,0.000941248,0.004503396,,0.000101861,0.0,Soudanian,3
WA003,2004,1,4.17,0.000730076,0.001038456,0.005153776,,0.022999503,0.0,Soudanian,3
WA003,2004,2,6.06,0.021753043,0.003079139,0.014998971,,0.029845029,0.247816846,Soudanian,3
WA003,2004,3,2.18,0.138011202,0.022958037,0.103465587,,0.137399122,0.098787941,Soudanian,3
WA003,2004,4,0.95,0.875080347,0.709347069,2.113764524,,1.485120177,1.283297896,Soudanian,3
WA003,2004,5,0.0,1.389963746,0.317714006,1.681433678,,1.498266578,1.673337102,Soudanian,3
WA003,2004,6,0.0,2.37823534,0.607430696,1.765730023,,3.59080267,2.535427094,Soudanian,3
WA003,2004,7,2.13,6.277567863,4.115882874,6.1512146,,7.296690941,6.997906685,Soudanian,3
WA003,2004,8,3.16,4.967409611,4.885682106,6.33372736,,6.681121349,6.608825207,Soudanian,3
WA003,2004,9,3.39,3.442179918,2.749685764,4.988576889,,3.69038868,4.12493372,Soudanian,3
WA003,2004,10,3.0,0.463957489,0.090302862,0.556605279,,0.439269751,0.326608121,Soudanian,3
WA003,2004,11,0.0,0.068644181,0.006602315,0.429703981,,0.123719715,0.302080899,Soudanian,3
WA003,2004,12,0.0,0.006334673,0.001024429,0.015653329,,0.010668571,0.0,Soudanian,3
WA003,2005,1,2.79,0.001242726,0.004947182,0.002532909,,0.000829587,0.0,Soudanian,3
WA003,2005,2,6.51,0.011174394,0.008063943,0.154088527,,0.158451751,0.02901363,Soudanian,3
WA003,2005,3,0.97,0.041776184,0.133746147,0.094311267,,0.111908905,0.389135301,Soudanian,3
WA003,2005,4,0.81,0.852871478,0.390131116,0.776253641,,0.861944079,0.74997735,Soudanian,3
WA003,2005,5,2.78,1.279739141,0.836390972,1.317845464,,2.476283312,1.782241344,Soudanian,3
WA003,2005,6,0.0,2.999115944,2.081633806,3.050681829,,4.787167072,4.372974396,Soudanian,3
WA003,2005,7,0.9,6.156358719,3.013450384,6.597117424,,5.803522587,6.213664532,Soudanian,3
WA003,2005,8,3.97,8.221899033,5.330339432,8.683624268,,7.249073029,6.866885662,Soudanian,3
WA003,2005,9,1.85,3.56484437,2.789078474,4.181503773,,4.351819515,4.752025604,Soudanian,3
WA003,2005,10,1.52,0.690615356,0.548648596,0.891143858,,0.756416023,1.008054972,Soudanian,3
WA003,2005,11,0.8,0.029045239,0.000985036,0.026249778,,0.007096557,0.0,Soudanian,3
WA003,2005,12,0.0,0.006234298,0.001150704,0.025688605,,0.01100045,0.0,Soudanian,3
WA003,2006,1,3.14,0.002759769,0.000834123,0.001405474,,0.000117314,0.0,Soudanian,3
WA003,2006,2,3.78,0.016888134,0.00137377,0.015655251,,0.057035282,0.035714287,Soudanian,3
WA003,2006,3,4.09,0.038975075,0.001055593,0.033843275,,0.036909893,0.034271814,Soudanian,3
WA003,2006,4,0.0,0.359741479,0.204313129,0.579402328,,0.434254706,0.516644001,Soudanian,3
WA003,2006,5,0.0,0.699077129,0.949247718,0.682667196,,0.924376607,1.004027486,Soudanian,3
WA003,2006,6,1.18,2.79698205,0.795220613,2.858307838,,4.089063168,3.929153442,Soudanian,3
WA003,2006,7,3.45,5.339207649,3.313033819,5.444822311,,5.991211414,5.566514492,Soudanian,3
WA003,2006,8,5.06,6.250457287,5.664105415,6.980489731,,7.043067932,6.14512682,Soudanian,3
WA003,2006,9,0.39,4.046438217,4.168378353,5.73062706,,5.800953388,5.02281332,Soudanian,3
WA003,2006,10,1.17,0.998842001,1.227747202,1.272079825,,1.686376095,1.304417372,Soudanian,3
WA003,2006,11,0.0,0.000822128,0.000931389,0.020061754,,2.31e-05,0.0,Soudanian,3
WA003,2006,12,0.79,0.00257784,0.001258452,0.0,,0.0,0.0,Soudanian,3
WA003,2007,1,0.72,0.001058251,0.000894215,0.0,,0.0,0.0,Soudanian,3
WA003,2007,2,5.06,0.003464609,0.00113479,0.0,,0.001547576,0.0,Soudanian,3
WA003,2007,3,1.49,0.059823669,0.001435657,0.018282019,,0.017571284,0.032258064,Soudanian,3
WA003,2007,4,0.0,1.650417089,0.445298553,2.414847374,,1.511407375,1.952012897,Soudanian,3
WA003,2007,5,1.39,1.330736876,0.510764599,1.191629529,,1.64434278,1.711697817,Soudanian,3
WA003,2007,6,0.8,1.666889548,1.006747842,2.17244029,,3.059518337,2.56042552,Soudanian,3
WA003,2007,7,1.73,4.376068115,3.300064325,4.408563614,,7.263054848,5.98792696,Soudanian,3
WA003,2007,8,6.31,8.636152267,6.351574898,9.392724991,,10.04802799,10.41727829,Soudanian,3
WA003,2007,9,1.95,4.065377235,2.274747133,5.049105167,,5.815543175,4.383349419,Soudanian,3
WA003,2007,10,0.54,0.202704787,0.201704249,0.073581837,,0.322445333,0.254038453,Soudanian,3
WA003,2007,11,0.84,0.006279016,0.004520539,0.0,,0.015322304,0.293758869,Soudanian,3
WA003,2007,12,0.0,0.001816582,0.001063454,0.011903106,,0.0,0.0,Soudanian,3
WA003,2008,1,3.09,0.00135999,0.001246606,0.0,,0.0,0.0,Soudanian,3
WA003,2008,2,3.83,0.000569943,0.001110617,0.003657172,,0.003106267,0.0,Soudanian,3
WA003,2008,3,1.99,0.062002908,0.092298195,0.165640861,,0.047106732,0.139099568,Soudanian,3
WA003,2008,4,2.2,0.192414448,0.035266615,0.306700766,,0.350103974,0.308322012,Soudanian,3
WA003,2008,5,0.0,1.614089131,0.450268775,1.850338459,,1.535175323,1.768128872,Soudanian,3
WA003,2008,6,0.0,2.926488161,1.591041446,3.295495033,,4.706123829,3.906287909,Soudanian,3
WA003,2008,7,4.51,6.516457558,5.135620117,8.486792564,,8.985302925,7.576562881,Soudanian,3
WA003,2008,8,7.69,7.305849552,6.498644352,6.846569061,,7.517254829,8.284188271,Soudanian,3
WA003,2008,9,1.99,3.629131556,3.058102846,4.631436825,,3.875469208,3.7582798,Soudanian,3
WA003,2008,10,0.0,0.846107185,1.498823643,1.386895061,,1.673039794,1.022179842,Soudanian,3
WA003,2008,11,0.11,0.000623452,0.000989,0.002249777,,5.88e-05,0.0,Soudanian,3
WA003,2008,12,0.14,0.00509922,0.000779203,0.004499554,,0.000119174,0.0,Soudanian,3
WA003,2009,1,2.26,0.002443314,0.001093635,0.002249777,,0.0,0.0,Soudanian,3
WA003,2009,2,3.11,0.020083198,0.322909445,0.095619306,,0.072762564,0.191946894,Soudanian,3
WA003,2009,3,3.22,0.053551391,0.017297657,0.145228848,,0.071732983,0.155250505,Soudanian,3
WA003,2009,4,1.16,0.424710393,0.105255023,0.415158331,,0.729559362,0.341655344,Soudanian,3
WA003,2009,5,0.0,1.507540107,0.387619853,1.14977622,,1.874473572,2.114919901,Soudanian,3
WA003,2009,6,1.37,3.87265563,1.574780226,4.204378605,,4.491704941,4.445771694,Soudanian,3
WA003,2009,7,5.07,5.23431778,2.779190302,5.422510147,,6.612950325,5.614916801,Soudanian,3
WA003,2009,8,4.71,6.807335854,4.849936485,8.344043732,,6.391151905,7.314445972,Soudanian,3
WA003,2009,9,2.08,7.915651798,5.4585042,8.129974365,,6.578943729,7.324932575,Soudanian,3
WA003,2009,10,0.32,0.94489044,1.185280561,1.073107481,,1.765409946,1.183457732,Soudanian,3
WA003,2009,11,1.27,0.030840494,0.001084031,0.013964724,,0.048711091,0.0,Soudanian,3
WA003,2009,12,0.0,0.005673977,0.000984442,0.0,,0.0,0.0,Soudanian,3
WA003,2010,1,2.71,0.001469444,0.000842816,0.006844303,,0.0,0.0,Soudanian,3
WA003,2010,2,4.01,0.011548787,0.001318949,0.04443204,,0.063890263,0.0,Soudanian,3
WA003,2010,3,4.81,0.045030333,0.000693416,0.002249777,,0.015337111,0.0,Soudanian,3
WA003,2010,4,0.28,1.102591634,0.20873417,1.341875434,,0.887012064,1.016644001,Soudanian,3
WA003,2010,5,2.58,1.746165633,0.525984883,2.882147551,,3.335613251,1.028213024,Soudanian,3
WA003,2010,6,0.0,3.674012661,1.694912553,4.55750227,,3.728616238,3.90416193,Soudanian,3
WA003,2010,7,3.23,6.550224304,3.290460825,6.168124676,,6.923799992,6.415304184,Soudanian,3
WA003,2010,8,4.9,8.286212921,7.515485764,8.651984215,,9.316743851,8.016057014,Soudanian,3
WA003,2010,9,1.41,3.808419704,5.788211346,4.274267197,,5.698361874,4.75206995,Soudanian,3
WA003,2010,10,0.72,1.555624723,2.330933809,1.899754286,,2.481041431,1.991960287,Soudanian,3
WA003,2010,11,2.02,0.005943919,0.068654217,0.049405474,,0.002414501,0.0,Soudanian,3
WA003,2010,12,0.1,0.004065241,0.000885554,0.005153776,,0.001768895,0.0,Soudanian,3
WA003,2011,1,0.39,0.000239573,0.001094076,0.001405474,,0.0,0.0,Soudanian,3
WA003,2011,2,4.48,0.003292079,0.001507146,0.164253324,,0.022187492,0.276764631,Soudanian,3
WA003,2011,3,1.37,0.041436289,0.004820198,0.098057784,,0.05634186,0.098787941,Soudanian,3
WA003,2011,4,0.07,0.65610081,0.483098328,0.794674695,,0.543673933,0.549977362,Soudanian,3
WA003,2011,5,0.4,1.288626194,0.849894762,1.002265811,,1.99060154,1.324550509,Soudanian,3
WA003,2011,6,0.0,4.18755579,1.720514774,3.715241671,,3.903048992,3.864567518,Soudanian,3
WA003,2011,7,0.48,6.28303957,3.979404449,6.606258869,,5.661227226,6.076616287,Soudanian,3
WA003,2011,8,5.1,6.619725704,4.05385685,5.747143269,,7.029877186,6.790251255,Soudanian,3
WA003,2011,9,1.85,3.305929184,2.137648821,3.247729778,,4.384353161,3.902061224,Soudanian,3
WA003,2011,10,0.0,0.565473616,0.48551625,0.638090551,,0.674146712,0.663282156,Soudanian,3
WA003,2011,11,1.48,0.0,0.000900664,0.002810948,,4.46e-05,0.0,Soudanian,3
WA003,2011,12,0.84,0.002163536,0.000803954,0.001405474,,0.0,0.0,Soudanian,3
WA003,2012,1,1.61,0.000769935,0.000999271,0.0,,0.000491506,0.0,Soudanian,3
WA003,2012,2,2.85,0.012296603,0.096039139,0.072188161,,0.151482135,0.002152628,Soudanian,3
WA003,2012,3,3.54,0.030858571,0.028429015,0.020057775,,0.012049507,0.032258064,Soudanian,3
WA003,2012,4,0.94,0.663196743,0.70069313,1.0276016,,1.149665236,0.708321989,Soudanian,3
WA003,2012,5,3.48,1.855521679,1.478501678,2.214024782,,1.807630658,2.272121191,Soudanian,3
WA003,2012,6,1.03,3.055859089,1.575822592,2.275740147,,3.381467581,3.345887899,Soudanian,3
WA003,2012,7,2.98,9.069444656,5.248296261,8.724502563,,7.935438156,6.723772049,Soudanian,3
WA003,2012,8,4.29,7.475601673,7.057915688,8.678181648,,8.079396248,8.881072044,Soudanian,3
WA003,2012,9,3.52,5.325843334,3.100782633,6.170586109,,6.254470348,5.766646862,Soudanian,3
WA003,2012,10,1.28,0.979514122,1.2442981,0.316185117,,0.645264387,0.933459163,Soudanian,3
WA003,2012,11,2.06,0.01452342,0.037057333,0.065788344,,0.101030238,0.033333335,Soudanian,3
WA003,2012,12,0.0,0.010644674,0.002199939,0.024,,0.009212568,0.046320003,Soudanian,3
WA003,2013,1,1.96,0.00090187,0.001478124,0.028216422,,0.005268881,0.0,Soudanian,3
WA003,2013,2,3.9,0.005722854,0.001318881,0.061110508,,0.133255824,0.0,Soudanian,3
WA003,2013,3,3.49,0.196525767,0.044827897,0.205761209,,0.273186266,0.300389886,Soudanian,3
WA003,2013,4,2.37,0.87030077,1.077428102,1.111816406,,1.9209764,1.352052331,Soudanian,3
WA003,2013,5,0.0,1.630160928,0.758853197,1.673091888,,1.938840508,1.794340491,Soudanian,3
WA003,2013,6,0.0,2.126876831,1.852012634,1.996585608,,2.598506451,2.795852423,Soudanian,3
WA003,2013,7,2.89,5.119593143,2.767787933,5.890333652,,5.602247238,6.550369263,Soudanian,3
WA003,2013,8,4.19,7.351165295,7.720326424,8.796961784,,8.088961601,7.826573849,Soudanian,3
WA003,2013,9,3.69,3.564848661,3.585956335,5.840918541,,3.969206572,4.014575005,Soudanian,3
WA003,2013,10,0.0,0.827843726,0.439013928,0.751712441,,1.087158084,0.866929293,Soudanian,3
WA003,2013,11,0.0,0.00287744,0.000992271,0.152364939,,0.065176085,0.0,Soudanian,3
WA003,2013,12,0.0,0.022648612,0.000871962,0.019491648,,0.02574412,0.0,Soudanian,3
WA003,2014,1,0.0,0.003270827,0.013828951,0.173136055,,0.223551214,0.0,Soudanian,3
WA003,2014,2,3.3,0.000181388,0.021106472,0.01349357,,0.020528991,0.0,Soudanian,3
WA003,2014,3,1.36,0.155274302,0.006272061,0.140869647,,0.376758099,0.13708581,Soudanian,3
WA003,2014,4,0.25,0.602405846,0.249916211,1.458245039,,1.164987445,1.166608572,Soudanian,3
WA003,2014,5,1.89,2.14144063,1.066867113,2.103920698,,2.091388702,2.098744154,Soudanian,3
WA003,2014,6,0.19,3.09522295,1.063246489,3.051725864,,3.470389843,3.589546442,Soudanian,3
WA003,2014,7,1.21,4.818244934,3.388431549,5.478917122,,6.228214741,5.683504105,Soudanian,3
WA003,2014,8,4.43,6.424758434,4.777766228,7.675311089,,6.848436832,6.953554153,Soudanian,3
WA003,2014,9,3.81,5.86329937,3.568996191,7.85867548,,6.865548611,5.783290863,Soudanian,3
WA003,2014,10,0.0,0.774418175,1.350029111,1.560899854,,1.111507416,1.191560864,Soudanian,3
WA003,2014,11,0.0,0.016173406,0.003257425,0.105516687,,0.118830696,0.033333335,Soudanian,3
WA003,2014,12,1.2,0.000464508,0.001023717,0.091178946,,0.002764091,0.0,Soudanian,3
WA003,2015,1,2.22,0.000552423,0.001219229,0.04769529,,0.001333979,0.0,Soudanian,3
WA003,2015,2,5.31,0.022555988,0.041140523,0.123923689,,0.132212088,0.401740372,Soudanian,3
WA003,2015,3,2.48,0.165200442,0.021514572,0.207643434,,0.167989299,0.195562124,Soudanian,3
WA003,2015,4,1.38,0.181387022,0.001189546,0.064380944,,0.121506512,0.027079388,Soudanian,3
WA003,2015,5,0.0,0.984572649,0.181214854,0.805707753,,0.81137228,1.034271836,Soudanian,3
WA003,2015,6,0.48,3.40993762,1.115211606,3.758970261,,3.186206818,3.554184437,Soudanian,3
WA003,2015,7,2.24,6.201319695,5.088190556,6.795304298,,5.884088993,6.57660675,Soudanian,3
WA003,2015,8,2.98,7.921432495,10.994524,9.894696236,,10.15315723,9.163272858,Soudanian,3
WA003,2015,9,0.55,6.021640301,3.402281046,7.681861401,,6.89098978,5.048173904,Soudanian,3
WA003,2015,10,1.36,1.025653601,1.667196155,1.20169282,,1.867025971,1.435507298,Soudanian,3
WA003,2015,11,0.06,0.009083189,0.039202914,0.044791289,,0.045509927,0.0,Soudanian,3
WA003,2015,12,0.0,0.018506983,0.000813326,0.031857785,,0.003149915,0.00805356,Soudanian,3
WA003,2016,1,2.38,0.003841544,0.002104091,0.0,,0.080644637,0.0,Soudanian,3
WA003,2016,2,5.91,0.016852386,0.006709451,0.169223219,,0.186288655,0.0,Soudanian,3
WA003,2016,3,0.0,0.196003482,0.0539493,0.461572647,,0.274330258,0.274184018,Soudanian,3
WA003,2016,4,0.0,0.781435132,0.625859499,1.034273028,,0.852503181,1.185391545,Soudanian,3
WA003,2016,5,0.0,1.960570097,1.302660227,1.767653465,,2.513531208,2.792307854,Soudanian,3
WA003,2016,6,2.33,2.809241056,1.97427392,3.912917614,,4.193404675,4.818739414,Soudanian,3
WA003,2016,7,2.85,7.5867033,10.14371777,8.818346977,,8.1147089,8.147152901,Soudanian,3
WA003,2016,8,5.46,9.653510094,6.812822342,9.864677429,,8.341585159,8.461648941,Soudanian,3
WA003,2016,9,1.07,3.886809826,2.885896921,4.827963352,,4.424390316,3.937462568,Soudanian,3
WA003,2016,10,0.0,0.302271366,0.758663833,0.376158208,,0.564228773,0.421368569,Soudanian,3
WA003,2016,11,1.06,0.013211914,0.003179386,0.041980345,,0.022607576,0.0,Soudanian,3
WA003,2016,12,0.57,0.020650623,0.000843587,0.027082108,,0.007667887,0.0,Soudanian,3
WA003,2017,1,3.19,0.001255783,0.000887036,0.1299752,,0.04698237,0.0,Soudanian,3
WA003,2017,2,4.27,0.005025865,0.001104186,0.069530576,,0.005696785,0.0,Soudanian,3
WA003,2017,3,2.85,0.035989828,0.002719127,0.093720026,,0.097506255,0.002013749,Soudanian,3
WA003,2017,4,0.7,0.514873028,0.1794274,1.018252492,,0.853485227,0.98331064,Soudanian,3
WA003,2017,5,1.47,3.353214264,1.860972524,5.53161478,,3.555446386,2.796329498,Soudanian,3
WA003,2017,6,1.51,3.930484533,3.275679588,5.215690613,,0.097894713,5.385406017,Soudanian,3
WA003,2017,7,0.48,3.910774708,3.237696409,4.143214703,,0.187548742,6.012106895,Soudanian,3
WA003,2017,8,1.69,6.392537594,6.960962296,8.424186707,,6.730661869,7.4273839,Soudanian,3
WA003,2017,9,3.75,3.123671532,4.48589325,3.288999081,,3.585352182,3.383303881,Soudanian,3
WA003,2017,10,1.98,0.914708555,0.064306907,0.522908807,,0.744793534,0.58467263,Soudanian,3
WA003,2017,11,0.0,0.009797237,0.002142685,0.409335941,,0.038756914,0.0,Soudanian,3
WA003,2017,12,0.0,0.022896137,0.000975257,0.070189886,,0.007802323,0.0,Soudanian,3
WA003,2018,1,2.62,0.000902651,0.000849375,0.002810948,,0.001389865,0.0,Soudanian,3
WA003,2018,2,5.66,0.04164556,0.215402499,0.491292417,,0.31143564,1.033501625,Soudanian,3
WA003,2018,3,4.75,0.240711838,0.012383599,0.485333025,,0.348960698,0.290303528,Soudanian,3
WA003,2018,4,1.15,0.276289463,0.047413699,0.135144949,,0.298748106,0.216644034,Soudanian,3
WA003,2018,5,0.04,2.056993961,0.574437559,1.798010588,,2.223097324,2.504005671,Soudanian,3
WA003,2018,6,0.0,2.795584202,2.166995764,4.245768547,,3.843798876,3.520831347,Soudanian,3
WA003,2018,7,2.51,6.50937748,3.449563503,7.822309494,,7.412717819,6.576581955,Soudanian,3
WA003,2018,8,4.13,7.591983318,6.933040142,7.588624001,,8.551689148,9.010028839,Soudanian,3
WA003,2018,9,1.23,5.135878563,5.140546322,5.438380718,,5.20016861,5.445823193,Soudanian,3
WA003,2018,10,3.06,1.083011746,0.997214735,1.217143893,,1.823644757,1.489912271,Soudanian,3
WA003,2018,11,2.73,0.015411742,0.006957617,0.040402215,,0.047978994,0.0,Soudanian,3
WA003,2018,12,1.92,0.019053765,0.000885187,0.098768599,,0.012880753,0.0,Soudanian,3
WA003,2019,1,1.35,0.002017978,0.000967776,0.176645041,,0.014757164,0.0,Soudanian,3
WA003,2019,2,5.57,0.007896943,0.001276152,0.356949002,,0.027458742,0.0,Soudanian,3
WA003,2019,3,3.3,0.141644046,0.199203983,0.539600551,,0.273546219,0.163304061,Soudanian,3
WA003,2019,4,1.05,0.629443645,0.170440122,0.806325376,,0.734482706,0.214595631,Soudanian,3
WA003,2019,5,2.06,2.267936707,1.164855838,2.95912075,,3.679903984,1.725751638,Soudanian,3
WA003,2019,6,1.29,2.724843979,2.183338881,2.49192524,,3.18143487,2.862661839,Soudanian,3
WA003,2019,7,3.43,7.286599159,4.996777534,8.556899071,,7.172314167,5.30446434,Soudanian,3
WA003,2019,8,5.3,7.21138382,6.108060837,6.38914299,,7.219100475,5.695608616,Soudanian,3
WA003,2019,9,2.93,3.374029875,2.993743658,3.905761719,,5.127623081,2.497905493,Soudanian,3
WA003,2019,10,0.0,2.613073826,3.073917866,4.247548103,,4.443417549,1.385040641,Soudanian,3
WA003,2019,11,0.6,0.010639993,0.001260873,0.1527569,,0.017929006,0.0,Soudanian,3
WA003,2019,12,0.0,0.015796479,0.000746463,0.051352464,,0.004249709,0.0,Soudanian,3
WA003,2020,1,0.9,0.001157643,0.001051454,0.152757883,,0.003292475,0.0,Soudanian,3
WA003,2020,2,6.6,0.001709156,0.000975919,0.017056882,,0.004833628,0.0,Soudanian,3
WA003,2020,3,4.66,0.110928454,0.103491105,0.127839237,,0.133499816,0.163304061,Soudanian,3
WA003,2020,4,2.2,0.401866972,0.374022663,0.40971905,,0.705541253,0.562461138,Soudanian,3
WA003,2020,5,0.82,0.910788536,0.273216844,0.615031362,,1.564059019,0.443540305,Soudanian,3
WA003,2020,6,2.19,3.083907127,0.7850371,3.349149704,,3.702435017,1.283226013,Soudanian,3
WA003,2020,7,2.52,7.307124615,4.632491112,8.554235458,,8.958908081,6.102883816,Soudanian,3
WA003,2020,8,4.75,7.989183903,10.48600483,9.292431831,,8.282634735,11.51391602,Soudanian,3
WA003,2020,9,1.13,5.605004311,5.698794842,7.010024071,,6.324960709,6.0849576,Soudanian,3
WA003,2020,10,1.0,1.26173234,1.769422054,1.511579633,,1.904462218,1.699474335,Soudanian,3
WA003,2020,11,0.58,0.000925207,0.000888292,0.160428613,,0.001076341,0.0,Soudanian,3
WA003,2020,12,0.0,0.000178697,0.000779984,0.107482657,,0.003326789,0.0,Soudanian,3
WA004,2000,1,3.14,4.93e-07,0.001067393,,4.74e-06,0.000262844,0.0,Soudanian,3
WA004,2000,2,4.99,1.48e-07,0.001331932,,1.07e-07,1.8e-05,0.0,Soudanian,3
WA004,2000,3,0.27,0.003343216,0.000845108,,0.00184733,0.0,0.0,Soudanian,3
WA004,2000,4,0.35,0.110055752,0.00129486,,0.168305501,0.119698413,0.149985597,Soudanian,3
WA004,2000,5,1.74,0.26174739,0.046294283,,0.140838072,0.312419683,0.104840592,Soudanian,3
WA004,2000,6,1.82,1.786013007,0.502833009,2.963126659,1.499286294,3.259702206,1.937428474,Soudanian,3
WA004,2000,7,3.78,5.770078659,2.242025137,6.041927814,4.18454361,5.885608196,5.77208519,Soudanian,3
WA004,2000,8,4.55,3.887599468,2.728709936,4.042348385,3.337710619,3.63326931,4.443498135,Soudanian,3
WA004,2000,9,1.44,1.692684889,0.87023294,1.353152275,1.81295383,2.195262194,2.110375166,Soudanian,3
WA004,2000,10,0.0,0.210786119,0.180214956,0.167822301,0.274637133,0.390500456,0.056439549,Soudanian,3
WA004,2000,11,0.93,0.001596473,0.000887332,0.0,9.25e-07,0.000272737,0.0,Soudanian,3
WA004,2000,12,0.97,0.000335605,0.000969268,0.0,4.04e-06,0.0,0.0,Soudanian,3
WA004,2001,1,4.11,1.99e-06,0.000913482,0.0,,0.0,0.0,Soudanian,3
WA004,2001,2,5.87,0.000832857,0.001119276,0.0,,0.0,0.0,Soudanian,3
WA004,2001,3,2.33,0.005926523,0.000720971,0.0,,0.0,0.0,Soudanian,3
WA004,2001,4,0.0,0.090090282,0.019022552,0.027282704,,0.037119694,0.0312464,Soudanian,3
WA004,2001,5,0.1,0.504696965,0.101562522,0.331842721,,0.61498183,0.379009992,Soudanian,3
WA004,2001,6,0.77,2.485626221,0.759071767,3.383010387,,3.593563795,2.854059935,Soudanian,3
WA004,2001,7,2.25,5.354114532,3.934722662,5.1346035,,4.840210915,4.824449062,Soudanian,3
WA004,2001,8,3.78,3.550745487,3.40598774,3.278474331,,5.117900848,4.471701145,Soudanian,3
WA004,2001,9,2.82,2.857545614,0.936683238,3.755094528,,3.209889889,3.472804785,Soudanian,3
WA004,2001,10,0.0,0.091428459,0.008862517,0.120887689,,0.093531631,0.056439549,Soudanian,3
WA004,2001,11,0.0,2.52e-06,0.000943507,0.010499417,,0.002704242,0.0,Soudanian,3
WA004,2001,12,0.89,0.000116661,0.000996933,0.0,,0.0,0.0,Soudanian,3
WA004,2002,1,2.0,1.95e-05,0.001176027,0.0,,0.0,0.0,Soudanian,3
WA004,2002,2,4.81,4.33e-05,0.001256489,0.0,,0.0,0.0,Soudanian,3
WA004,2002,3,2.84,0.008499217,0.000916231,0.000469166,,0.001941722,0.0,Soudanian,3
WA004,2002,4,0.0,0.069624312,0.017765881,0.184202299,,0.101979479,0.052072529,Soudanian,3
WA004,2002,5,0.0,0.406912714,0.085695229,0.299404711,,0.514211416,0.397144705,Soudanian,3
WA004,2002,6,2.3,2.301092625,0.462634832,4.344324112,,2.661208153,2.654059887,Soudanian,3
WA004,2002,7,1.05,3.343483448,2.968162298,4.207859516,,3.777368784,3.435332537,Soudanian,3
WA004,2002,8,1.85,4.414929867,2.471812963,3.726531029,,3.986207962,3.798319101,Soudanian,3
WA004,2002,9,0.17,3.185623407,1.189540625,3.121924639,,3.432850599,2.916581392,Soudanian,3
WA004,2002,10,0.54,0.483690709,1.672380686,1.074728489,,0.689310849,0.693476021,Soudanian,3
WA004,2002,11,0.54,0.006218768,0.022577684,0.068160944,,0.013175191,0.0,Soudanian,3
WA004,2002,12,0.35,0.000237029,0.001204552,0.0,,0.0,0.0,Soudanian,3
WA004,2003,1,4.02,3.69e-05,0.001043085,0.0,,0.0,0.0,Soudanian,3
WA004,2003,2,1.16,0.000156163,0.001348096,0.0,,0.004215689,0.0,Soudanian,3
WA004,2003,3,2.99,0.015727552,0.170618072,0.028310966,,0.066911802,0.032258064,Soudanian,3
WA004,2003,4,2.45,0.071892463,0.112504013,0.110149153,,0.233561128,0.052072529,Soudanian,3
WA004,2003,5,0.0,0.712662041,0.156387404,1.309109688,,1.018053532,0.937445045,Soudanian,3
WA004,2003,6,0.03,3.013949633,1.021759629,4.034053326,,3.713193655,3.647811413,Soudanian,3
WA004,2003,7,1.56,3.828736544,1.791834593,2.862508774,,3.823400497,4.931322098,Soudanian,3
WA004,2003,8,3.38,5.58232069,4.737789631,5.006879807,,6.990764618,6.707553864,Soudanian,3
WA004,2003,9,2.09,3.245739222,1.925684571,3.673113346,,3.823278427,3.626964331,Soudanian,3
WA004,2003,10,2.28,0.158324108,0.291023105,0.195288613,,0.395539731,0.292314291,Soudanian,3
WA004,2003,11,2.8,5.77e-05,0.000927808,0.0,,0.000379358,0.0,Soudanian,3
WA004,2003,12,0.08,0.000320952,0.000941248,0.0,,0.0,0.0,Soudanian,3
WA004,2004,1,4.88,4.19e-05,0.001038456,0.0,,0.018582394,0.0,Soudanian,3
WA004,2004,2,4.54,0.000290422,0.000959314,0.0,,0.0,0.0,Soudanian,3
WA004,2004,3,4.69,0.010236161,0.004519159,0.0,,0.003677388,0.0,Soudanian,3
WA004,2004,4,0.38,0.229884014,0.028627934,0.854462266,,0.433080107,0.474954844,Soudanian,3
WA004,2004,5,0.66,0.677082002,0.214099273,0.276856899,,0.840327799,0.435449541,Soudanian,3
WA004,2004,6,0.96,1.585150838,0.41010347,1.230934024,,2.32383728,1.383258462,Soudanian,3
WA004,2004,7,6.47,4.009990692,2.123614073,4.846037865,,4.311684132,3.493822336,Soudanian,3
WA004,2004,8,5.56,4.8442626,2.182281256,5.193313122,,4.155181408,4.709611416,Soudanian,3
WA004,2004,9,1.62,2.256773472,0.44976759,3.28856349,,2.409380913,2.460308075,Soudanian,3
WA004,2004,10,1.71,0.12422847,0.059124302,0.079994015,,0.06115479,0.0,Soudanian,3
WA004,2004,11,0.05,0.003670337,0.000843585,0.0,,0.016462371,0.0,Soudanian,3
WA004,2004,12,0.0,8.37e-05,0.001024429,0.0,,0.0,0.0,Soudanian,3
WA004,2005,1,3.64,6.77e-05,0.00084422,0.003282704,,0.000123819,0.0,Soudanian,3
WA004,2005,2,4.54,0.000178395,0.006097256,0.0,,0.000949525,0.0,Soudanian,3
WA004,2005,3,2.85,0.004655199,0.00096168,0.002529256,,0.009275666,0.030238448,Soudanian,3
WA004,2005,4,0.52,0.081186019,0.01227264,0.048568562,,0.045878958,0.064579733,Soudanian,3
WA004,2005,5,0.92,0.69664371,0.267020196,1.181584954,,1.430711389,0.848747432,Soudanian,3
WA004,2005,6,1.03,3.016227245,1.031592011,4.31313324,,4.385011673,4.04776144,Soudanian,3
WA004,2005,7,0.08,4.226215839,2.260538578,5.593976974,,4.706167221,6.149052143,Soudanian,3
WA004,2005,8,5.33,5.471937656,3.421993256,5.43481636,,5.426956654,5.695538998,Soudanian,3
WA004,2005,9,1.27,2.337644339,0.622372091,1.708060384,,2.740465164,2.40822506,Soudanian,3
WA004,2005,10,0.0,0.606512666,0.0592863,0.939382315,,0.76011622,0.816461504,Soudanian,3
WA004,2005,11,0.43,0.00271903,0.000985036,0.0,,0.029083168,0.0,Soudanian,3
WA004,2005,12,0.6,0.00011577,0.001150704,0.0,,0.0,0.0,Soudanian,3
WA004,2006,1,1.63,2.96e-06,0.005596382,0.0,,0.0,0.0,Soudanian,3
WA004,2006,2,5.54,5.47e-05,0.002442026,0.0,,0.02315685,0.0,Soudanian,3
WA004,2006,3,0.82,0.003207457,0.001023646,0.0,,0.000417297,0.0,Soudanian,3
WA004,2006,4,0.0,0.014861577,0.001204605,0.001967005,,0.001406861,0.0,Soudanian,3
WA004,2006,5,0.0,0.501359224,0.135063782,0.243289039,,0.346431911,0.469737411,Soudanian,3
WA004,2006,6,0.44,1.252244353,0.230658844,1.49593246,,1.126566648,1.512430549,Soudanian,3
WA004,2006,7,2.85,4.999073505,1.387886286,4.654780865,,4.836417675,4.257957935,Soudanian,3
WA004,2006,8,3.24,4.873953342,4.630939484,6.83017683,,5.733185768,5.622905254,Soudanian,3
WA004,2006,9,3.41,2.009879589,0.715608239,3.24080205,,3.211080313,2.541558266,Soudanian,3
WA004,2006,10,0.58,0.21434097,0.101857916,0.152897105,,0.332457632,0.268112451,Soudanian,3
WA004,2006,11,0.0,0.000205498,0.000933474,0.0,,0.001042528,0.0,Soudanian,3
WA004,2006,12,0.0,8.02e-05,0.001258452,0.0,,0.0,0.0,Soudanian,3
WA004,2007,1,2.48,8.49e-05,0.000885998,0.0,,0.0,0.0,Soudanian,3
WA004,2007,2,4.22,0.000435586,0.00113479,0.0,,0.0,0.0,Soudanian,3
WA004,2007,3,2.37,0.008489499,0.00128972,0.0,,0.000715684,0.0,Soudanian,3
WA004,2007,4,0.47,0.147258118,0.025181551,0.047528092,,0.257582247,0.064579733,Soudanian,3
WA004,2007,5,0.78,0.655839503,0.136638328,0.671594441,,1.130044818,0.74996382,Soudanian,3
WA004,2007,6,1.68,1.77242732,0.745270967,1.326174617,,2.576314449,1.810343504,Soudanian,3
WA004,2007,7,1.11,5.006816387,2.919984818,5.488109589,,6.107354641,5.679345131,Soudanian,3
WA004,2007,8,3.04,6.382668018,4.26922369,7.303915024,,7.865854263,6.798250675,Soudanian,3
WA004,2007,9,1.13,1.747887373,2.035358191,1.698491335,,2.536090851,1.991604328,Soudanian,3
WA004,2007,10,0.86,0.030095566,0.001564625,0.02353989,,0.022558212,0.0,Soudanian,3
WA004,2007,11,2.06,0.000240907,0.001814927,0.008532412,,0.001139617,0.0,Soudanian,3
WA004,2007,12,0.0,9.08e-05,0.016160766,0.024,,0.000404161,0.0,Soudanian,3
WA004,2008,1,0.0,3.09e-05,0.001246606,0.0,,0.0,0.0,Soudanian,3
WA004,2008,2,2.37,0.0,0.001110617,0.0,,0.000601551,0.0,Soudanian,3
WA004,2008,3,1.46,0.001592924,0.000803413,0.046310965,,0.015490016,0.0,Soudanian,3
WA004,2008,4,0.0,0.077336669,0.003846708,0.007685879,,0.027331727,0.0,Soudanian,3
WA004,2008,5,0.0,0.756634474,0.15319252,0.394620985,,1.287158132,0.62898773,Soudanian,3
WA004,2008,6,0.55,2.523322821,1.84339416,3.408379078,,3.698107958,3.389490604,Soudanian,3
WA004,2008,7,2.11,3.261586905,0.972673416,5.001871586,,4.354737282,4.106715202,Soudanian,3
WA004,2008,8,5.81,6.113236427,3.827312946,5.870422363,,6.060928822,5.82252121,Soudanian,3
WA004,2008,9,1.65,1.475505471,0.700793564,1.944167614,,2.248566628,1.541587234,Soudanian,3
WA004,2008,10,0.0,0.208869994,0.379802704,0.17795299,,0.616662562,0.209653288,Soudanian,3
WA004,2008,11,1.1,1.34e-05,0.000989,0.0,,0.000603833,0.0,Soudanian,3
WA004,2008,12,0.0,8.88e-06,0.000775476,0.0,,0.0,0.0,Soudanian,3
WA004,2009,1,2.99,4.46e-05,0.001131344,0.0,,0.0,0.0,Soudanian,3
WA004,2009,2,4.63,0.000244175,0.001057778,0.0,,0.002544622,0.0,Soudanian,3
WA004,2009,3,2.32,0.001325298,0.00217858,0.0,,0.000354604,0.0,Soudanian,3
WA004,2009,4,2.49,0.031303748,0.003953416,0.208975777,,0.181437194,0.16872479,Soudanian,3
WA004,2009,5,0.0,0.474097073,0.06176002,0.466475427,,0.684201598,0.548376918,Soudanian,3
WA004,2009,6,3.08,2.169779539,0.859188139,1.730388999,,2.450134277,2.022834301,Soudanian,3
WA004,2009,7,2.22,3.530411482,0.704116404,4.423060417,,3.660932064,3.886935472,Soudanian,3
WA004,2009,8,2.9,4.794923782,2.162765503,6.073132038,,6.476944923,5.058344841,Soudanian,3
WA004,2009,9,2.59,2.123839378,1.729819059,2.861703634,,2.768761873,2.283226967,Soudanian,3
WA004,2009,10,0.0,0.327935457,0.573360682,1.047381401,,0.949930966,0.693476021,Soudanian,3
WA004,2009,11,0.0,0.003178234,0.000727829,0.0,,0.009382226,0.0,Soudanian,3
WA004,2009,12,1.0,0.000207841,0.000984442,0.0,,0.0,0.0,Soudanian,3
WA004,2010,1,3.19,7.65e-06,0.000842816,0.0,,0.001138931,0.0,Soudanian,3
WA004,2010,2,3.72,3.9e-05,0.001318949,0.0,,0.0,0.0,Soudanian,3
WA004,2010,3,3.73,0.002187824,0.000692943,0.0,,0.000357039,0.0,Soudanian,3
WA004,2010,4,1.95,0.153604642,0.039040197,0.394677609,,0.151604652,0.116652265,Soudanian,3
WA004,2010,5,2.3,0.763044953,0.222431436,0.87407887,,1.554392576,0.532213569,Soudanian,3
WA004,2010,6,1.16,2.673139811,1.187435031,1.890420198,,2.941743612,3.239486694,Soudanian,3
WA004,2010,7,4.2,3.892396212,2.528294325,4.163666248,,4.523610115,4.703524113,Soudanian,3
WA004,2010,8,2.15,5.891915798,3.693504095,5.595597744,,6.26291132,4.711620808,Soudanian,3
WA004,2010,9,2.1,2.482437849,1.269055963,2.246079206,,2.8562994,2.110354185,Soudanian,3
WA004,2010,10,0.0,0.656643331,0.62729615,1.936757445,,1.580242157,0.510023832,Soudanian,3
WA004,2010,11,0.65,0.000813362,0.001207545,0.024,,0.001391278,0.0,Soudanian,3
WA004,2010,12,0.0,6.59e-05,0.000885554,0.0,,0.027541263,0.0,Soudanian,3
WA004,2011,1,2.29,1.09e-06,0.001094076,0.0,,0.0,0.0,Soudanian,3
WA004,2011,2,6.85,0.000135662,0.028586667,0.081180558,,0.0113514,0.0,Soudanian,3
WA004,2011,3,2.29,0.001437993,0.000829203,0.0,,0.001640561,0.030238448,Soudanian,3
WA004,2011,4,1.02,0.067171201,0.028061034,0.041521776,,0.024703497,0.033333335,Soudanian,3
WA004,2011,5,0.21,0.352888912,0.06894584,0.152987093,,0.489503235,0.249977753,Soudanian,3
WA004,2011,6,0.59,1.284780741,0.624738991,2.160194397,,1.729241014,1.077039003,Soudanian,3
WA004,2011,7,2.51,2.542823792,0.714650512,2.253172874,,3.079012632,2.840653181,Soudanian,3
WA004,2011,8,5.06,4.747159481,2.196387529,3.557441711,,5.276640415,4.929363728,Soudanian,3
WA004,2011,9,3.96,1.947949767,0.498354763,1.420056224,,2.426353693,2.474973202,Soudanian,3
WA004,2011,10,2.56,0.164844826,0.248051137,0.586918533,,0.53834492,0.445507675,Soudanian,3
WA004,2011,11,0.89,0.0,0.000900664,0.0,,0.004392651,0.0,Soudanian,3
WA004,2011,12,1.24,1.95e-05,0.000803954,0.0,,0.0,0.0,Soudanian,3
WA004,2012,1,1.06,6.75e-05,0.000858771,0.007963848,,0.005503812,0.0,Soudanian,3
WA004,2012,2,4.39,0.00013285,0.043820564,0.151386186,,0.227599621,0.0,Soudanian,3
WA004,2012,3,3.68,0.004310594,0.024065392,0.0,,0.0,0.0,Soudanian,3
WA004,2012,4,1.58,0.1273164,0.061887734,0.18265602,,0.162122667,0.149985597,Soudanian,3
WA004,2012,5,0.76,0.593176603,0.472623497,0.681317389,,1.181118011,0.590693116,Soudanian,3
WA004,2012,6,1.61,1.633128285,0.714500427,3.117453098,,2.128952503,1.627035141,Soudanian,3
WA004,2012,7,3.11,4.844038486,2.546174526,5.307760239,,5.375372887,4.971687317,Soudanian,3
WA004,2012,8,6.0,6.317521572,6.203701973,7.908578396,,5.763341427,7.187427998,Soudanian,3
WA004,2012,9,2.86,3.311040878,4.23119688,3.983201265,,3.766674995,3.616612911,Soudanian,3
WA004,2012,10,0.06,0.386847883,0.379477084,0.639999568,,0.711231351,0.479795545,Soudanian,3
WA004,2012,11,0.92,7.79e-05,0.000815215,0.011431849,,0.009022443,0.0,Soudanian,3
WA004,2012,12,0.0,4.49e-05,0.000873588,0.0,,0.0,0.0,Soudanian,3
WA004,2013,1,2.98,1.73e-05,0.001141943,0.0,,0.002058888,0.0,Soudanian,3
WA004,2013,2,0.0,7.15e-05,0.001303905,0.097685881,,0.13701041,0.0,Soudanian,3
WA004,2013,3,0.35,0.008413013,0.000940178,0.0,,0.027439121,0.0,Soudanian,3
WA004,2013,4,1.06,0.178324029,0.358646363,1.526852369,,1.217073321,0.787406325,Soudanian,3
WA004,2013,5,1.1,0.510048389,0.115683839,0.255417347,,0.615179777,0.629008114,Soudanian,3
WA004,2013,6,0.0,1.801737785,1.045722365,2.221259117,,2.27406168,2.129072189,Soudanian,3
WA004,2013,7,1.61,3.255656958,1.302533865,2.595357895,,3.329683542,3.147070408,Soudanian,3
WA004,2013,8,6.21,7.702352047,4.910802364,8.999288559,,7.979353905,8.258010864,Soudanian,3
WA004,2013,9,1.89,1.209542871,1.069709539,0.923316598,,1.425671458,1.274962544,Soudanian,3
WA004,2013,10,3.3,0.524265409,0.08384864,0.185825005,,0.475070745,0.362867028,Soudanian,3
WA004,2013,11,0.5,7.29e-05,0.000802047,0.0,,0.011422886,0.0,Soudanian,3
WA004,2013,12,1.01,0.000205045,0.000871962,0.0,,0.00497802,0.0,Soudanian,3
WA004,2014,1,4.52,0.00011255,0.007781819,0.0,,0.074045986,0.0,Soudanian,3
WA004,2014,2,4.66,0.0,0.031779684,0.024,,0.015665725,0.0,Soudanian,3
WA004,2014,3,1.25,0.017677907,0.000931711,0.024281126,,0.076024726,0.0,Soudanian,3
WA004,2014,4,0.36,0.105729766,0.049350202,0.052866027,,0.299884617,0.052072529,Soudanian,3
WA004,2014,5,0.46,1.162150264,0.274585932,1.608985066,,1.516522169,1.145116806,Soudanian,3
WA004,2014,6,0.0,1.521164417,0.32819891,2.689316273,,1.867935538,1.785356045,Soudanian,3
WA004,2014,7,2.18,3.832427263,1.748038292,7.471774578,,4.430544853,4.834606647,Soudanian,3
WA004,2014,8,3.57,4.860432625,6.568378448,6.859647751,,4.829724312,5.46968174,Soudanian,3
WA004,2014,9,3.66,2.453826666,1.143793344,2.366940975,,3.928608179,3.318639517,Soudanian,3
WA004,2014,10,0.54,0.06253536,0.018742243,0.117351316,,0.220378444,0.324572355,Soudanian,3
WA004,2014,11,0.15,0.003700522,0.001343759,0.021937165,,0.02945362,0.0,Soudanian,3
WA004,2014,12,0.37,6.54e-06,0.001023717,0.0,,9.15e-05,0.0,Soudanian,3
WA004,2015,1,2.78,1.54e-05,0.001219229,0.0,,0.00070996,0.0,Soudanian,3
WA004,2015,2,5.27,0.000823209,0.067069605,0.147939906,,0.0528097,0.0,Soudanian,3
WA004,2015,3,1.25,0.013868278,0.021785099,0.024935588,,0.082224011,0.145157516,Soudanian,3
WA004,2015,4,0.0,0.031445373,0.001171452,0.022499418,,0.009530439,0.033333335,Soudanian,3
WA004,2015,5,1.88,0.152186573,0.030467302,0.06533923,,0.135151863,0.120955676,Soudanian,3
WA004,2015,6,0.0,1.912624836,0.666287243,1.419005156,,2.024323225,2.045784712,Soudanian,3
WA004,2015,7,0.73,5.018587112,1.117126346,6.197629929,,4.873890877,4.338558674,Soudanian,3
WA004,2015,8,5.05,5.841609478,5.577636719,6.683939934,,6.774263382,5.44547224,Soudanian,3
WA004,2015,9,3.08,2.885245323,2.38696003,4.061886787,,4.057178497,4.033254623,Soudanian,3
WA004,2015,10,0.0,0.256991655,0.116804585,1.367120504,,0.855102301,0.580596924,Soudanian,3
WA004,2015,11,0.79,2.56e-05,0.000989021,0.017997256,,0.005690871,0.0,Soudanian,3
WA004,2015,12,1.42,0.000111923,0.000813326,0.0,,0.000757175,0.0,Soudanian,3
WA004,2016,1,2.97,0.000113662,0.001349613,0.0,,0.103710927,0.0,Soudanian,3
WA004,2016,2,5.29,5.93e-05,0.001243482,0.0,,0.174690753,0.0,Soudanian,3
WA004,2016,3,0.74,0.020241076,0.287389219,0.074612826,,0.214794755,0.050392766,Soudanian,3
WA004,2016,4,0.91,0.174757257,0.239772633,0.744006753,,0.351438731,0.149985597,Soudanian,3
WA004,2016,5,0.12,1.48468554,0.35431084,1.470142126,,1.840197563,0.701580465,Soudanian,3
WA004,2016,6,0.0,2.241267443,0.981230378,2.580151081,,2.404261827,3.089490652,Soudanian,3
WA004,2016,7,3.59,3.542348146,3.338614225,2.301463604,,4.214578629,3.784183025,Soudanian,3
WA004,2016,8,6.35,4.500655174,4.45377779,4.762541294,,5.222778797,4.991849899,Soudanian,3
WA004,2016,9,4.74,3.214566231,1.077220798,4.111924648,,3.795371532,4.391543865,Soudanian,3
WA004,2016,10,2.14,0.068473227,0.017885797,0.156453401,,0.190983161,0.19151859,Soudanian,3
WA004,2016,11,0.36,0.003257998,0.000929909,0.005901014,,0.00914771,0.0,Soudanian,3
WA004,2016,12,0.94,0.000233086,0.000843587,0.0,,0.002385976,0.0,Soudanian,3
WA004,2017,1,3.46,3.6e-05,0.000887036,0.0,,0.001704896,0.0,Soudanian,3
WA004,2017,2,4.65,0.000611751,0.001104186,0.0,,0.003336065,0.0,Soudanian,3
WA004,2017,3,2.66,0.0008146,0.001010443,0.0,,0.003170891,0.0,Soudanian,3
WA004,2017,4,1.53,0.081645437,0.013822393,0.084454209,,0.099016666,0.312462032,Soudanian,3
WA004,2017,5,0.43,1.433252096,0.432407051,2.058150768,,1.844619036,1.669274211,Soudanian,3
WA004,2017,6,0.0,2.6310184,1.421836972,3.882131338,,0.128813937,3.656107426,Soudanian,3
WA004,2017,7,1.98,4.268232346,2.024416208,4.042878628,,0.185236052,4.487765312,Soudanian,3
WA004,2017,8,5.29,5.082054138,4.390674591,6.647084236,,5.380468845,5.71762228,Soudanian,3
WA004,2017,9,2.5,1.311420321,2.669425964,2.0260005,,1.883719683,1.816581368,Soudanian,3
WA004,2017,10,0.93,0.237707198,0.163853973,0.214135155,,0.444592983,0.177395225,Soudanian,3
WA004,2017,11,1.34,0.001109116,0.000830685,0.068717293,,0.016302818,0.0,Soudanian,3
WA004,2017,12,0.03,0.000219624,0.000887774,0.0,,0.00300926,0.0,Soudanian,3
WA004,2018,1,3.45,1.2e-05,0.000817424,0.0,,0.000501615,0.0,Soudanian,3
WA004,2018,2,4.97,0.000424385,0.011278338,0.034397278,,0.056742776,0.0,Soudanian,3
WA004,2018,3,0.96,0.01755145,0.000904537,0.028215135,,0.060481794,0.030238448,Soudanian,3
WA004,2018,4,2.3,0.056368187,0.002662192,0.0,,0.036391381,0.0,Soudanian,3
WA004,2018,5,0.0,1.108679175,0.223969385,1.491558075,,1.799494028,1.001961231,Soudanian,3
WA004,2018,6,0.0,2.121872902,0.634851873,1.866476774,,2.240062714,1.743676901,Soudanian,3
WA004,2018,7,1.19,4.303769588,1.535915732,5.285478592,,4.660830021,5.163145065,Soudanian,3
WA004,2018,8,3.22,5.341113567,3.926250696,5.290084362,,5.178678513,4.854758739,Soudanian,3
WA004,2018,9,2.57,2.299085379,1.839430213,3.144503117,,3.040427923,3.958242178,Soudanian,3
WA004,2018,10,0.16,0.859012485,0.256231219,0.818099618,,0.730606377,0.332628578,Soudanian,3
WA004,2018,11,0.08,0.001544483,0.000815307,0.0,,0.016076406,0.0,Soudanian,3
WA004,2018,12,1.27,0.000227713,0.000885187,0.0,,0.001519098,0.0,Soudanian,3
WA004,2019,1,2.92,9.16e-05,0.000967776,0.024,,0.018683759,0.0,Soudanian,3
WA004,2019,2,4.9,3.66e-05,0.001271473,0.0,,0.003853736,0.0,Soudanian,3
WA004,2019,3,3.01,0.010195043,0.001273258,0.001967005,,0.049957961,0.0,Soudanian,3
WA004,2019,4,1.27,0.082009375,0.008572742,0.13778159,,0.107824579,0.0,Soudanian,3
WA004,2019,5,0.0,0.732538044,0.373590827,0.941725254,,1.378722191,0.590720952,Soudanian,3
WA004,2019,6,0.04,2.065475702,0.905688703,2.050021887,,2.544299841,1.887414098,Soudanian,3
WA004,2019,7,0.0,3.853098392,1.62721777,4.069798946,,4.820109844,2.219695568,Soudanian,3
WA004,2019,8,4.55,5.606769562,5.722825527,3.329033375,,6.359091759,7.143253803,Soudanian,3
WA004,2019,9,2.49,1.7504493,0.815681994,2.137534142,,2.825882196,1.247796178,Soudanian,3
WA004,2019,10,1.81,0.436765194,1.120999098,0.664875031,,1.055318832,0.451554447,Soudanian,3
WA004,2019,11,1.98,0.002163266,0.000727607,0.0,,0.006911273,0.0,Soudanian,3
WA004,2019,12,0.75,0.000154366,0.000746463,0.0,,0.000778997,0.0,Soudanian,3
WA004,2020,1,1.87,3.19e-05,0.001051454,0.0,,0.000948497,0.0,Soudanian,3
WA004,2020,2,5.11,8.02e-06,0.000974857,0.0,,0.004201254,0.0,Soudanian,3
WA004,2020,3,1.84,0.01174906,0.020702366,0.019696221,,0.013632269,0.048373152,Soudanian,3
WA004,2020,4,0.5,0.108147457,0.003455316,0.111079708,,0.218285874,0.0,Soudanian,3
WA004,2020,5,1.73,0.54544574,0.065525346,0.567159474,,0.557540476,0.139090374,Soudanian,3
WA004,2020,6,0.0,2.0103333,0.36460638,2.375301361,,2.477779627,1.087513804,Soudanian,3
WA004,2020,7,3.51,4.57111454,1.635994673,4.984030247,,5.696558475,3.108834267,Soudanian,3
WA004,2020,8,5.35,8.445599556,6.02725935,7.862853527,,7.382236958,9.023926735,Soudanian,3
WA004,2020,9,1.31,4.060209751,1.066547394,4.261441231,,4.952654839,1.926946282,Soudanian,3
WA004,2020,10,1.72,0.421592534,0.196971521,0.614772022,,0.821612477,0.167337105,Soudanian,3
WA004,2020,11,1.37,0.000239923,0.000888292,0.0,,0.003926455,0.0,Soudanian,3
WA004,2020,12,0.63,4.32e-06,0.000774781,0.0,,0.00034524,0.0,Soudanian,3
WA005,2000,1,4.19,0.01469239,0.019672893,,1.34e-06,0.004606482,0.032258064,Guinean,4
WA005,2000,2,1.01,0.0,0.001332487,,4.58e-08,0.004090441,0.0,Guinean,4
WA005,2000,3,0.65,0.309481025,0.541915178,,0.185508206,0.398388982,0.183473885,Guinean,4
WA005,2000,4,1.06,2.08246398,1.217304826,,2.391727448,2.975983381,0.874986827,Guinean,4
WA005,2000,5,3.81,5.095355988,4.595057964,,6.855395317,3.768103838,5.568541527,Guinean,4
WA005,2000,6,9.32,5.704188824,10.75632095,6.000070572,16.00764084,7.79529953,7.893820763,Guinean,4
WA005,2000,7,3.43,6.455947399,9.09119606,7.420069695,17.29340744,7.545805454,7.002074718,Guinean,4
WA005,2000,8,1.92,11.23869896,11.5539856,8.620323181,6.027673721,9.688418388,10.15739632,Guinean,4
WA005,2000,9,0.0,8.983976364,10.54669952,8.616064072,7.224728584,8.495680809,10.24796772,Guinean,4
WA005,2000,10,0.42,4.871733665,4.251452923,3.517776012,8.409658432,3.959649324,4.822584152,Guinean,4
WA005,2000,11,2.66,0.021996131,0.044567686,0.0,0.292275816,0.014719259,0.0,Guinean,4
WA005,2000,12,8.07,0.04031783,0.016931947,0.0,0.004307327,0.021142768,0.0,Guinean,4
WA005,2001,1,5.81,0.025493234,0.000913561,0.0,,0.047350321,0.0,Guinean,4
WA005,2001,2,0.4,0.049728408,0.003438859,0.022497496,,0.143373191,0.176342294,Guinean,4
WA005,2001,3,0.25,0.283666641,0.364480525,0.148392424,,0.296443224,0.673335969,Guinean,4
WA005,2001,4,0.0,3.061179638,2.439935207,3.395397186,,4.210216522,3.844051838,Guinean,4
WA005,2001,5,3.71,5.144418716,2.572993755,4.131476402,,7.628379822,5.375204563,Guinean,4
WA005,2001,6,5.51,5.472012997,6.190262794,6.720752239,,8.130099297,5.741638184,Guinean,4
WA005,2001,7,2.86,6.988081932,7.85759306,9.767449379,,7.752749443,8.238193512,Guinean,4
WA005,2001,8,0.78,8.611767769,12.35671997,8.794072151,,6.226839066,9.407603264,Guinean,4
WA005,2001,9,2.15,7.877236366,10.83939838,9.974620819,,10.87875652,9.952400208,Guinean,4
WA005,2001,10,4.01,2.180038452,2.686904907,2.351051331,,3.09114337,3.056193352,Guinean,4
WA005,2001,11,3.27,0.000451442,0.04485083,0.022774812,,0.044265136,0.200003207,Guinean,4
WA005,2001,12,9.29,0.009560332,0.014260966,0.0,,0.124572597,0.0,Guinean,4
WA005,2002,1,4.3,0.000559817,0.001176027,0.0,,0.017943319,0.0,Guinean,4
WA005,2002,2,0.31,0.101929277,0.377809852,0.101530597,,0.148587301,0.216518283,Guinean,4
WA005,2002,3,1.04,1.043058515,1.288429141,1.494809866,,1.450185299,0.673335969,Guinean,4
WA005,2002,4,0.58,3.49536562,2.433916569,3.898439884,,3.851271629,2.283140182,Guinean,4
WA005,2002,5,4.14,4.239658833,2.267417669,3.462774277,,4.791212559,4.205457211,Guinean,4
WA005,2002,6,6.99,6.268788815,8.456240654,7.309720993,,6.141460419,5.489458561,Guinean,4
WA005,2002,7,2.25,9.250915527,9.26649189,12.22935677,,10.1552515,8.151446342,Guinean,4
WA005,2002,8,0.0,9.030260086,10.17872524,12.80837727,,8.383536339,8.292287827,Guinean,4
WA005,2002,9,1.32,7.256505489,10.38167572,9.749224663,,9.914591789,10.30460644,Guinean,4
WA005,2002,10,0.15,5.657962322,5.687243938,7.264456749,,5.915252209,3.913370371,Guinean,4
WA005,2002,11,3.25,0.065198593,0.526336193,0.166964173,,0.035597421,0.252085328,Guinean,4
WA005,2002,12,7.51,0.029039865,0.08150249,0.001969166,,0.009925358,0.0,Guinean,4
WA005,2003,1,4.99,0.018739771,0.156809688,0.009187079,,0.227505937,0.032258064,Guinean,4
WA005,2003,2,0.73,0.156887561,0.194979861,0.633403778,,0.31447053,0.25,Guinean,4
WA005,2003,3,0.0,0.522236109,0.369223714,0.464703858,,0.382680506,0.673335969,Guinean,4
WA005,2003,4,2.03,2.682337284,2.583428144,2.494107485,,2.636891127,2.835577726,Guinean,4
WA005,2003,5,5.97,4.052463055,2.18971467,5.098165035,,4.176931858,6.659887314,Guinean,4
WA005,2003,6,8.12,6.160894871,7.608085155,8.823919296,,7.629684925,7.767324448,Guinean,4
WA005,2003,7,5.22,7.253164768,7.258829594,12.25618935,,5.834880352,8.205903053,Guinean,4
WA005,2003,8,2.05,9.130404472,9.22852993,7.82258749,,9.311832428,9.48627758,Guinean,4
WA005,2003,9,1.91,8.293405533,8.540335655,8.762479782,,8.634724617,9.618960381,Guinean,4
WA005,2003,10,1.27,3.908535004,4.426266193,3.21955657,,4.490983009,3.370807171,Guinean,4
WA005,2003,11,4.75,0.45002228,1.487174749,1.500559211,,0.401965857,0.320832551,Guinean,4
WA005,2003,12,8.15,0.000543124,0.001834837,0.0,,0.00148622,0.0,Guinean,4
WA005,2004,1,2.63,0.02133441,0.158058941,0.001969166,,0.265369385,0.006041472,Guinean,4
WA005,2004,2,1.38,0.005841237,0.016877336,0.21478115,,0.022229245,0.170261517,Guinean,4
WA005,2004,3,0.0,0.295236796,0.160625264,0.071437903,,0.226661861,0.673335969,Guinean,4
WA005,2004,4,0.0,2.57673502,1.430232406,2.321510792,,3.57362628,2.274798632,Guinean,4
WA005,2004,5,5.63,5.547122478,5.89109993,6.424215317,,8.475719452,6.256563663,Guinean,4
WA005,2004,6,8.55,5.518630981,7.067646027,8.199594498,,5.712124825,6.100102425,Guinean,4
WA005,2004,7,5.86,8.052721024,8.463616371,7.206188202,,6.607774258,7.205559731,Guinean,4
WA005,2004,8,0.16,8.165364265,13.59177113,8.260748863,,9.854223251,8.608933449,Guinean,4
WA005,2004,9,0.0,8.445651054,8.870862007,5.901823521,,7.848707676,8.895770073,Guinean,4
WA005,2004,10,0.2,4.578557014,5.062923908,5.98621273,,4.477341652,3.544264793,Guinean,4
WA005,2004,11,4.13,0.120894447,0.755016565,0.201194808,,0.182801455,0.06666667,Guinean,4
WA005,2004,12,7.6,0.016402991,0.014439099,0.001969166,,0.134821653,0.0,Guinean,4
WA005,2005,1,5.42,0.025080243,0.001965691,0.003279582,,0.010957252,0.008057986,Guinean,4
WA005,2005,2,0.05,0.182209775,0.202542827,0.115492485,,0.325550944,0.196430296,Guinean,4
WA005,2005,3,0.94,0.758513987,0.638995349,0.396966606,,1.242559075,0.673335969,Guinean,4
WA005,2005,4,0.0,2.42268157,1.77015233,2.421376705,,2.644963264,3.083382607,Guinean,4
WA005,2005,5,4.56,4.552227974,4.324714184,3.658513784,,6.8120327,5.0585742,Guinean,4
WA005,2005,6,7.5,5.680316925,6.513091087,8.710567474,,8.805764198,7.946566582,Guinean,4
WA005,2005,7,3.06,7.502642155,8.497364998,9.131658554,,5.681886673,7.820705414,Guinean,4
WA005,2005,8,0.21,9.987595558,9.0704422,5.919238567,,7.197399139,8.179343224,Guinean,4
WA005,2005,9,0.27,8.211613655,11.32348824,6.350056171,,14.29385948,9.9941082,Guinean,4
WA005,2005,10,0.16,4.360854149,3.369719744,5.060193062,,4.766181946,3.439409733,Guinean,4
WA005,2005,11,6.21,0.131444141,0.492025465,0.041710883,,0.308115512,0.252085328,Guinean,4
WA005,2005,12,7.38,0.019295605,0.181254268,0.034212906,,0.01328671,0.0,Guinean,4
WA005,2006,1,3.7,0.0573433,0.203271732,0.53658843,,0.159590587,0.064516127,Guinean,4
WA005,2006,2,0.0,0.115247473,0.117585897,0.516472995,,0.167723179,0.35937199,Guinean,4
WA005,2006,3,0.0,0.880549669,0.26927343,1.003016829,,1.182569504,0.673335969,Guinean,4
WA005,2006,4,0.17,1.444867492,1.06935358,1.690194368,,2.09182477,2.274798632,Guinean,4
WA005,2006,5,3.14,5.283560753,6.215263367,6.63040781,,6.861613274,4.798402309,Guinean,4
WA005,2006,6,9.23,5.533346653,5.949810982,3.351486683,,3.85959959,5.489458561,Guinean,4
WA005,2006,7,3.79,7.15327549,9.244157791,7.751056194,,9.164455414,6.820362091,Guinean,4
WA005,2006,8,2.11,12.5839777,10.74413013,12.53679276,,13.37650681,9.417674065,Guinean,4
WA005,2006,9,0.58,8.971231461,9.017083168,8.180715561,,14.55329704,10.87149811,Guinean,4
WA005,2006,10,0.55,6.198984623,6.708133221,6.219775677,,6.850716591,5.706250191,Guinean,4
WA005,2006,11,3.89,0.045343362,0.202984899,0.02165827,,0.088704832,0.218751997,Guinean,4
WA005,2006,12,7.5,0.023470743,0.001258452,0.0,,0.107667871,0.0,Guinean,4
WA005,2007,1,6.15,0.000147113,0.000885998,0.0,,0.025017634,0.0,Guinean,4
WA005,2007,2,0.0,0.138321429,0.043171514,0.059437905,,0.131407708,0.252232581,Guinean,4
WA005,2007,3,0.0,0.863063455,0.140535474,0.901554585,,0.293505043,0.673335969,Guinean,4
WA005,2007,4,0.0,2.804320574,1.481120348,3.790777683,,2.536882162,2.693753958,Guinean,4
WA005,2007,5,4.02,5.37451458,3.075951576,5.422588825,,6.99290514,5.45386076,Guinean,4
WA005,2007,6,8.36,4.936813831,4.067519188,5.921602726,,9.856183052,6.043830872,Guinean,4
WA005,2007,7,4.59,5.727309227,8.668330193,9.604872704,,7.942125797,7.278177738,Guinean,4
WA005,2007,8,0.02,10.53439808,13.13759708,8.918624878,,10.53081417,9.06273365,Guinean,4
WA005,2007,9,1.77,9.332528114,8.742443085,8.988448143,,8.897200584,8.716582298,Guinean,4
WA005,2007,10,1.79,5.012013435,4.568843842,5.537033558,,8.280820847,3.056193352,Guinean,4
WA005,2007,11,4.23,0.067675523,0.341397554,0.038534589,,0.382389456,0.270834148,Guinean,4
WA005,2007,12,8.7,0.016035074,0.037247363,0.0,,0.030521119,0.0,Guinean,4
WA005,2008,1,4.34,0.017120069,0.038246237,0.007876663,,0.016443903,0.006041472,Guinean,4
WA005,2008,2,0.0,0.003607953,0.001110617,0.022403209,,0.169190392,0.170261517,Guinean,4
WA005,2008,3,1.37,0.583419263,0.191758215,0.749349236,,0.566024542,0.673335969,Guinean,4
WA005,2008,4,0.64,2.340963364,1.911198735,2.122945786,,3.057677031,1.927072167,Guinean,4
WA005,2008,5,4.0,5.531554222,5.17880249,3.062760353,,4.952466488,5.471755505,Guinean,4
WA005,2008,6,9.34,5.780170441,6.67513895,6.355425835,,7.297842026,4.985460758,Guinean,4
WA005,2008,7,0.94,7.945513725,7.544890881,7.714522839,,8.845397949,16.98988914,Guinean,4
WA005,2008,8,0.0,9.988221169,11.38455105,9.109017372,,9.570999146,8.193709373,Guinean,4
WA005,2008,9,0.0,7.772246838,8.372592926,8.229552269,,10.76127815,10.0209198,Guinean,4
WA005,2008,10,0.05,2.798823118,4.645218372,2.930085421,,4.826964855,5.153204918,Guinean,4
WA005,2008,11,3.68,0.019546153,0.024282781,0.100117661,,0.057330094,0.0,Guinean,4
WA005,2008,12,5.62,0.068546295,0.66641885,0.19874379,,0.137731284,0.0,Guinean,4
WA005,2009,1,2.77,0.056409881,0.063962772,0.323246002,,0.055215493,0.0,Guinean,4
WA005,2009,2,0.0,0.039332218,0.037838757,0.133497015,,0.073159054,0.229911998,Guinean,4
WA005,2009,3,3.57,0.278485268,0.160411268,0.090375893,,0.486080557,0.673335969,Guinean,4
WA005,2009,4,2.75,2.780559778,3.482879639,4.511571407,,6.420917034,2.281056643,Guinean,4
WA005,2009,5,3.49,2.728932619,4.658829212,5.345808983,,4.982479572,6.038735867,Guinean,4
WA005,2009,6,7.05,5.916246891,7.602615356,6.055679321,,6.854575634,5.764545918,Guinean,4
WA005,2009,7,2.56,6.587873459,8.66987133,5.683236122,,5.567940712,8.671477318,Guinean,4
WA005,2009,8,0.0,11.74310207,13.80241394,13.66643333,,11.36847687,16.46596909,Guinean,4
WA005,2009,9,0.35,8.123753548,9.276977539,7.712154865,,7.749442101,10.61885166,Guinean,4
WA005,2009,10,0.0,6.040237427,5.771938801,6.870806694,,6.893547058,2.969784498,Guinean,4
WA005,2009,11,3.89,0.233750582,0.617590785,1.867904902,,0.45593816,0.0,Guinean,4
WA005,2009,12,5.5,0.004679277,0.004031601,0.025872134,,0.008471945,0.0,Guinean,4
WA005,2010,1,3.05,0.014741403,0.00160954,0.015563982,,0.030509885,0.0,Guinean,4
WA005,2010,2,0.69,0.053094979,0.009986109,0.097861357,,0.286574125,0.225439623,Guinean,4
WA005,2010,3,0.96,0.352834821,0.173931345,0.323153555,,0.929375708,0.0,Guinean,4
WA005,2010,4,1.02,3.125132799,1.155673027,2.25159049,,2.674992561,2.487575054,Guinean,4
WA005,2010,5,2.35,5.073574543,4.551490784,7.953503609,,5.622927189,4.947583199,Guinean,4
WA005,2010,6,8.57,5.27019453,4.947889328,6.03816843,,6.494715691,3.914656878,Guinean,4
WA005,2010,7,3.0,10.43443489,10.16758633,10.29031944,,10.89923763,9.068634033,Guinean,4
WA005,2010,8,1.29,9.198773384,9.400013924,9.061284065,,9.211479187,9.141375542,Guinean,4
WA005,2010,9,0.49,7.75722456,11.30341339,8.872945786,,7.605452538,7.848032475,Guinean,4
WA005,2010,10,0.0,8.921347618,6.808879852,6.952815056,,7.864936829,5.66737318,Guinean,4
WA005,2010,11,3.6,0.146831393,0.886413515,0.348365933,,0.442086309,1.260425806,Guinean,4
WA005,2010,12,7.96,0.013930286,0.003367485,0.01050024,,0.231342927,0.0,Guinean,4
WA005,2011,1,4.77,0.012630665,0.001096646,0.0,,0.005350901,0.0,Guinean,4
WA005,2011,2,0.32,0.205064878,0.193480119,0.726413667,,0.700385392,0.234373719,Guinean,4
WA005,2011,3,2.41,0.261181116,0.016494369,0.194033206,,0.161168367,0.0,Guinean,4
WA005,2011,4,1.76,2.068758249,0.709865153,2.429889917,,1.796086311,1.074990034,Guinean,4
WA005,2011,5,3.68,5.203607082,4.980295658,5.872282505,,5.320500374,5.250003338,Guinean,4
WA005,2011,6,8.44,6.384169102,6.940041065,4.712993622,,5.226411343,2.608383894,Guinean,4
WA005,2011,7,6.42,5.414857864,6.422520161,8.901266098,,7.466552258,6.810554504,Guinean,4
WA005,2011,8,2.95,9.494462013,9.729570389,8.775604248,,6.846159458,5.576743603,Guinean,4
WA005,2011,9,0.0,7.592908859,8.756701469,8.593842506,,8.824383736,10.20457935,Guinean,4
WA005,2011,10,0.0,4.92606163,5.638014317,4.559939384,,6.354005814,3.092523098,Guinean,4
WA005,2011,11,5.86,0.015645571,0.028597215,0.370864034,,0.079764612,0.200003207,Guinean,4
WA005,2011,12,6.18,5.28e-05,0.000809428,0.040316831,,0.002518535,0.0,Guinean,4
WA005,2012,1,2.35,0.01138815,0.00155421,0.029810466,,0.019012835,0.0,Guinean,4
WA005,2012,2,0.0,0.105024353,0.278541356,0.389299035,,0.333455235,0.0,Guinean,4
WA005,2012,3,1.03,0.361223906,0.127697006,0.415560126,,0.28838256,0.0,Guinean,4
WA005,2012,4,0.37,3.241280317,2.473902225,4.551333904,,3.366511345,2.274798632,Guinean,4
WA005,2012,5,3.19,5.426961422,6.235433102,10.4549551,,8.152155876,6.486479759,Guinean,4
WA005,2012,6,6.66,5.990361691,7.755724907,5.326548576,,6.677163601,5.652309418,Guinean,4
WA005,2012,7,3.11,8.489415169,11.61567211,12.40322304,,9.994787216,8.072805405,Guinean,4
WA005,2012,8,0.0,8.373179436,12.70885849,8.344634056,,8.385449409,9.38944149,Guinean,4
WA005,2012,9,3.35,7.517302036,17.32352638,8.942079544,,9.899772644,11.81052494,Guinean,4
WA005,2012,10,0.87,7.459555149,5.775701046,7.268800259,,7.225059986,5.405228138,Guinean,4
WA005,2012,11,5.11,0.233522803,0.223751739,0.578299642,,0.599799395,0.0,Guinean,4
WA005,2012,12,6.89,0.011246664,0.018572481,0.42123273,,0.082042195,0.0,Guinean,4
WA005,2013,1,3.77,0.066107087,0.160934389,0.137993187,,0.193212315,0.032258064,Guinean,4
WA005,2013,2,0.0,0.132410303,0.053816535,1.014044523,,0.537999988,0.0,Guinean,4
WA005,2013,3,0.0,1.213276148,0.445952803,1.723015428,,1.097227097,0.0,Guinean,4
WA005,2013,4,0.0,2.009237528,5.150188923,4.427988052,,4.798200607,2.445836067,Guinean,4
WA005,2013,5,1.74,2.56979394,6.26948452,2.317196369,,5.211153984,1.622989297,Guinean,4
WA005,2013,6,4.69,4.180458069,5.199392796,7.919832706,,5.98070097,8.129246712,Guinean,4
WA005,2013,7,2.51,5.622515202,7.252537727,10.03174973,,6.333086967,4.963772297,Guinean,4
WA005,2013,8,2.16,7.212082386,8.308573723,3.610224009,,4.293902397,7.44570303,Guinean,4
WA005,2013,9,0.44,7.507042408,16.5708065,4.404364109,,8.826208115,8.091775894,Guinean,4
WA005,2013,10,2.11,3.694203377,4.592683792,3.473705292,,4.606204033,2.389110088,Guinean,4
WA005,2013,11,4.51,0.055862192,0.070022941,0.629787087,,0.212191701,0.0,Guinean,4
WA005,2013,12,8.48,0.027138213,0.025578696,0.088221394,,0.111622997,0.0,Guinean,4
WA005,2014,1,2.87,0.069463454,0.153660387,0.334256947,,0.261773109,0.0,Guinean,4
WA005,2014,2,1.15,0.119908176,0.241964266,0.241094306,,0.172292367,0.0,Guinean,4
WA005,2014,3,1.41,1.343026519,1.082095146,0.944847763,,1.818686008,0.0,Guinean,4
WA005,2014,4,0.0,3.856032372,2.38926816,4.819186687,,5.38269186,4.729179859,Guinean,4
WA005,2014,5,4.7,5.4130373,8.319599152,7.860885143,,6.94040823,5.372979641,Guinean,4
WA005,2014,6,8.21,5.72019577,6.384291649,3.877030373,,4.775165081,4.793772221,Guinean,4
WA005,2014,7,3.31,5.311919689,7.537994385,8.148900986,,5.9944067,5.552490234,Guinean,4
WA005,2014,8,0.0,9.482244492,10.97276497,10.09583569,,6.902585983,8.260212898,Guinean,4
WA005,2014,9,0.0,6.967625141,12.38588047,10.08648014,,10.9034853,13.4876442,Guinean,4
WA005,2014,10,0.61,4.965280533,5.176492691,5.751822948,,4.948071957,3.608886719,Guinean,4
WA005,2014,11,4.41,0.330941945,0.917123854,0.624312401,,0.633165479,0.0,Guinean,4
WA005,2014,12,6.51,0.002405229,0.014961139,1.069812179,,0.049029849,0.0,Guinean,4
WA005,2015,1,4.03,0.008687505,0.018022466,0.174912915,,0.035725717,0.0,Guinean,4
WA005,2015,2,1.21,0.198223412,0.671608567,0.309637755,,0.383959323,0.0,Guinean,4
WA005,2015,3,1.27,1.342115879,1.09394598,4.224238396,,1.624467134,1.493953824,Guinean,4
WA005,2015,4,2.44,0.809812963,0.167882696,1.239070415,,0.807928145,0.0,Guinean,4
WA005,2015,5,5.6,4.784244537,2.227061749,6.074575424,,4.076054573,4.092716694,Guinean,4
WA005,2015,6,6.25,4.174251556,3.287896633,5.772858143,,5.725380898,8.739626884,Guinean,4
WA005,2015,7,6.1,7.56655407,9.251573563,5.555443764,,6.635075569,4.233934402,Guinean,4
WA005,2015,8,0.0,10.47251892,14.22949982,5.415293217,,6.380815506,10.18968391,Guinean,4
WA005,2015,9,1.81,7.607448101,8.93827343,6.408750057,,7.555579185,6.927162647,Guinean,4
WA005,2015,10,0.58,6.289656639,6.227445602,7.067351341,,6.966351509,3.004055977,Guinean,4
WA005,2015,11,3.48,0.138105452,0.094547011,1.128029704,,0.224578395,0.285415471,Guinean,4
WA005,2015,12,5.24,0.02982075,0.000813326,0.362549901,,0.050193258,0.0,Guinean,4
WA005,2016,1,3.79,0.005840446,0.000689583,1.634147167,,0.115865447,0.0,Guinean,4
WA005,2016,2,0.0,0.005402784,0.001628941,0.726540387,,0.38989231,0.0,Guinean,4
WA005,2016,3,1.71,1.68854785,2.391755104,2.952761889,,1.910338163,2.473795176,Guinean,4
WA005,2016,4,2.4,3.028893948,2.780236721,5.678015232,,3.159885645,2.860402346,Guinean,4
WA005,2016,5,3.0,4.872976303,4.600166321,10.67986202,,8.789228439,4.671374798,Guinean,4
WA005,2016,6,7.88,5.680769444,8.369621277,6.417096615,,6.760839939,7.460484028,Guinean,4
WA005,2016,7,3.09,7.513721466,9.069927216,11.51961517,,6.502640247,6.002086639,Guinean,4
WA005,2016,8,0.0,10.33804321,11.7064352,8.749944687,,8.752736092,10.21185589,Guinean,4
WA005,2016,9,1.47,7.294537067,11.90382099,7.693799019,,8.77401638,16.23972893,Guinean,4
WA005,2016,10,0.45,4.421940804,4.615324974,5.150288582,,6.66988945,6.645159721,Guinean,4
WA005,2016,11,6.17,0.076392651,0.064444475,0.619824946,,0.097142801,0.0,Guinean,4
WA005,2016,12,6.9,0.048604719,0.000863883,0.129270777,,0.083560124,0.0,Guinean,4
WA005,2017,1,5.25,0.006532931,0.004692653,0.132446453,,0.020544194,0.0,Guinean,4
WA005,2017,2,0.62,0.030108312,0.001274321,0.885767043,,0.121253125,0.0,Guinean,4
WA005,2017,3,1.49,0.308984458,0.14796333,0.669685066,,0.459045798,0.030241549,Guinean,4
WA005,2017,4,0.0,1.656833768,1.469897866,2.542526007,,2.609692097,0.450013489,Guinean,4
WA005,2017,5,3.94,4.56475687,4.591566563,6.323184967,,7.122028351,7.959656715,Guinean,4
WA005,2017,6,7.36,5.788899899,8.427378654,8.7751894,,0.108813122,10.06884098,Guinean,4
WA005,2017,7,2.95,5.810494423,5.555637836,6.768098354,,0.097480088,6.675480843,Guinean,4
WA005,2017,8,1.33,12.07838821,8.941555977,11.25596046,,10.60135174,7.058591366,Guinean,4
WA005,2017,9,1.31,9.798853874,8.718003273,8.113284111,,10.01679134,8.810509682,Guinean,4
WA005,2017,10,1.24,2.099040031,2.408230543,2.513318062,,2.848239422,1.284278035,Guinean,4
WA005,2017,11,5.92,0.015006671,0.335905373,1.698810101,,0.235923409,0.295825809,Guinean,4
WA005,2017,12,9.31,0.031697735,0.017475523,0.847155869,,0.03930207,0.024200076,Guinean,4
WA005,2018,1,3.53,0.014535334,0.000817424,0.131877437,,0.053340837,0.0,Guinean,4
WA005,2018,2,0.97,0.278060019,1.418476224,2.131471872,,1.344493747,0.553569734,Guinean,4
WA005,2018,3,0.0,0.663237214,0.717457771,1.208973885,,0.959058821,0.40322426,Guinean,4
WA005,2018,4,0.53,2.644608021,0.937228799,1.64482975,,1.82898891,2.737494469,Guinean,4
WA005,2018,5,3.25,5.153279305,4.072412014,6.68248558,,5.902206898,6.358865738,Guinean,4
WA005,2018,6,9.53,5.664608955,7.116769791,7.488137245,,8.355150223,6.787559509,Guinean,4
WA005,2018,7,4.45,6.425266266,6.956981182,7.118979454,,6.087868214,5.324666977,Guinean,4
WA005,2018,8,0.23,11.07769489,8.756706238,7.748795033,,8.547088623,7.83278513,Guinean,4
WA005,2018,9,1.99,9.228054047,8.836585045,9.619603157,,11.45345783,9.268853188,Guinean,4
WA005,2018,10,0.0,10.59814739,4.63424015,3.558080912,,4.910683632,4.288328648,Guinean,4
WA005,2018,11,1.48,0.283608168,0.214892894,0.784216821,,0.385433048,0.0,Guinean,4
WA005,2018,12,8.49,0.013709575,0.017501099,0.200490832,,0.004995962,0.0,Guinean,4
WA005,2019,1,4.08,0.010988778,0.056013241,2.080881357,,0.091263145,0.026216593,Guinean,4
WA005,2019,2,0.81,0.242493048,0.547107756,0.808111131,,0.496983588,0.359404325,Guinean,4
WA005,2019,3,0.0,0.520498931,0.615630269,1.339194655,,0.891934991,0.346792221,Guinean,4
WA005,2019,4,0.47,1.554554105,1.411696553,1.828993678,,1.684557796,1.227068901,Guinean,4
WA005,2019,5,6.5,5.382354736,5.712029934,7.219700813,,5.760859966,5.175341129,Guinean,4
WA005,2019,6,8.53,5.129291534,6.439561367,5.742763042,,5.795781136,5.191791058,Guinean,4
WA005,2019,7,4.21,7.69402504,10.61708164,8.028471947,,6.536991596,8.461528778,Guinean,4
WA005,2019,8,0.0,8.499922752,10.40689659,9.295840263,,7.027961254,8.881196976,Guinean,4
WA005,2019,9,0.01,8.75217247,10.99042416,12.21286869,,11.17732239,9.727176666,Guinean,4
WA005,2019,10,0.0,7.782371998,10.2546854,7.391278267,,7.509925365,8.09075737,Guinean,4
WA005,2019,11,4.32,0.347744465,0.9991467,2.784624577,,0.722273529,0.395840883,Guinean,4
WA005,2019,12,8.56,0.022998739,0.000793291,0.617194712,,0.024780951,0.0,Guinean,4
WA005,2020,1,2.03,0.014828406,0.001403913,0.085205927,,0.012551405,0.0,Guinean,4
WA005,2020,2,0.0,0.00612529,0.001180312,0.340697587,,0.023223922,0.0,Guinean,4
WA005,2020,3,0.0,0.977683723,1.246893644,0.796939313,,1.331841707,1.042303324,Guinean,4
WA005,2020,4,0.0,2.031874657,1.106620431,3.252198219,,3.507623911,1.283346772,Guinean,4
WA005,2020,5,4.07,4.936078072,3.354180813,4.142877579,,5.097480297,3.248014927,Guinean,4
WA005,2020,6,4.89,6.052715778,5.060702801,6.626089573,,7.370556831,3.977097511,Guinean,4
WA005,2020,7,4.77,8.140287399,8.741405487,11.76723099,,9.370324135,7.395329952,Guinean,4
WA005,2020,8,1.44,13.03668118,7.125051498,7.07542944,,7.037277222,5.909534931,Guinean,4
WA005,2020,9,0.19,8.191917419,10.81002998,10.56312656,,10.10748291,9.200111389,Guinean,4
WA005,2020,10,0.0,3.629347563,2.331059456,4.404126167,,5.246685505,1.879056454,Guinean,4
WA005,2020,11,2.75,0.081687056,0.013027734,0.796328187,,0.184293166,0.0,Guinean,4
WA005,2020,12,9.04,0.003690619,0.001046906,0.048556231,,0.007623709,0.0,Guinean,4
WA006,2000,1,3.05,0.566702008,1.215669394,,0.999681115,0.920316458,0.578643262,Guineo-Congolean,5
WA006,2000,2,0.0,0.606957853,0.417023182,,0.331744105,0.467001587,0.196124896,Guineo-Congolean,5
WA006,2000,3,0.47,2.444406271,0.795871079,,2.027327299,2.292911291,2.923464775,Guineo-Congolean,5
WA006,2000,4,0.0,3.516141891,1.65460062,,2.17574954,3.414305925,3.231295824,Guineo-Congolean,5
WA006,2000,5,4.29,4.814990044,4.683234215,,3.78737092,4.774735928,4.447583675,Guineo-Congolean,5
WA006,2000,6,8.71,4.601777554,5.611978531,4.977797985,5.793021679,6.032036781,5.997937679,Guineo-Congolean,5
WA006,2000,7,4.37,1.633601069,1.319030166,2.772955894,3.294710159,2.010016441,1.84077239,Guineo-Congolean,5
WA006,2000,8,0.0,2.081166267,1.132882833,1.803357124,2.725758076,2.32058835,1.14722383,Guineo-Congolean,5
WA006,2000,9,0.35,2.703749895,1.905611992,2.017237663,3.800800562,3.417326212,1.993818045,Guineo-Congolean,5
WA006,2000,10,1.43,3.655185938,1.189847469,2.481757641,2.521023512,3.102730989,1.770218611,Guineo-Congolean,5
WA006,2000,11,1.65,1.991250396,1.386072159,1.763023734,1.343274593,1.99633348,0.989597917,Guineo-Congolean,5
WA006,2000,12,6.16,0.908191442,0.696999967,0.830628395,0.1950735,1.167216063,0.306456685,Guineo-Congolean,5
WA006,2001,1,5.1,0.351802975,0.45267871,0.088122323,,0.099431686,0.695585907,Guineo-Congolean,5
WA006,2001,2,0.84,0.716705263,0.782615423,0.561585844,,1.123132706,0.232143104,Guineo-Congolean,5
WA006,2001,3,1.01,3.035439014,2.244837046,2.678412199,,3.573842287,1.35285151,Guineo-Congolean,5
WA006,2001,4,2.82,5.109521389,3.31227541,4.58433485,,5.92881918,5.7188344,Guineo-Congolean,5
WA006,2001,5,4.59,5.909971714,4.530286312,5.995110035,,5.75515604,6.167347431,Guineo-Congolean,5
WA006,2001,6,8.32,6.390014172,6.607979774,7.034790516,,6.54832077,5.491698265,Guineo-Congolean,5
WA006,2001,7,7.39,1.223848939,2.11093092,1.189436436,,1.697326303,1.080670238,Guineo-Congolean,5
WA006,2001,8,0.23,0.683748186,0.968428135,0.64474076,,0.774243057,0.322595686,Guineo-Congolean,5
WA006,2001,9,0.0,2.738050699,2.399594545,3.134814739,,2.596068621,2.950103283,Guineo-Congolean,5
WA006,2001,10,1.03,2.874380589,1.024832487,2.251590967,,3.301162958,1.471816778,Guineo-Congolean,5
WA006,2001,11,4.55,1.933205605,2.023639441,1.948463202,,1.747165084,1.168767333,Guineo-Congolean,5
WA006,2001,12,6.84,0.560635269,0.942436635,0.539547622,,0.790212393,0.207665101,Guineo-Congolean,5
WA006,2002,1,2.71,0.753661454,0.923912764,1.395010948,,1.006441355,0.709702194,Guineo-Congolean,5
WA006,2002,2,3.39,1.091274858,0.999686599,1.088565946,,1.462132096,0.973242342,Guineo-Congolean,5
WA006,2002,3,0.91,2.144501448,0.945814848,2.039137602,,2.548907757,1.919405103,Guineo-Congolean,5
WA006,2002,4,0.0,5.357103348,1.852189779,6.378878117,,5.734330177,5.218829632,Guineo-Congolean,5
WA006,2002,5,5.14,5.266371727,3.935708284,4.271793365,,5.073013783,4.877025604,Guineo-Congolean,5
WA006,2002,6,7.36,8.580171585,6.087167263,9.60848999,,9.378949165,10.07713127,Guineo-Congolean,5
WA006,2002,7,3.68,2.46737957,2.660969973,3.745334387,,3.775540113,2.923455238,Guineo-Congolean,5
WA006,2002,8,1.2,1.441139698,1.554973364,1.439422369,,1.579021096,1.074638128,Guineo-Congolean,5
WA006,2002,9,0.0,1.684324503,1.248060465,1.817636847,,2.185713291,0.972956717,Guineo-Congolean,5
WA006,2002,10,0.94,4.825095654,2.934657097,4.124502659,,4.892191887,3.687620878,Guineo-Congolean,5
WA006,2002,11,6.39,1.873276591,2.243208647,2.318541288,,2.733078241,1.781279564,Guineo-Congolean,5
WA006,2002,12,8.08,0.692567587,0.956330121,0.419644326,,0.902227461,0.243957967,Guineo-Congolean,5
WA006,2003,1,3.53,0.383817345,1.061558366,0.488173515,,1.115561843,0.715749443,Guineo-Congolean,5
WA006,2003,2,0.0,1.647739053,0.827129185,1.157566547,,1.826955438,0.886189938,Guineo-Congolean,5
WA006,2003,3,0.0,2.60720253,1.438991308,1.626224279,,2.388289928,1.560516596,Guineo-Congolean,5
WA006,2003,4,0.18,5.640241146,3.438252926,5.697311401,,6.586933136,5.062570095,Guineo-Congolean,5
WA006,2003,5,3.53,3.157731771,3.440956354,3.755232811,,4.316740036,3.95968318,Guineo-Congolean,5
WA006,2003,6,8.65,7.625053406,4.769774914,7.61585331,,7.470188141,8.156316757,Guineo-Congolean,5
WA006,2003,7,1.83,1.590338588,1.022995234,1.706134558,,1.3376441,1.360925913,Guineo-Congolean,5
WA006,2003,8,1.58,1.052241445,1.658556461,0.922536314,,1.206254482,0.903265774,Guineo-Congolean,5
WA006,2003,9,0.03,2.506267786,2.582119942,1.79293108,,2.950044632,2.000077009,Guineo-Congolean,5
WA006,2003,10,0.97,5.190088749,2.974542141,4.586006165,,5.316507816,4.899316311,Guineo-Congolean,5
WA006,2003,11,2.59,2.918458462,2.364681244,2.038173437,,2.807397366,2.920892715,Guineo-Congolean,5
WA006,2003,12,9.16,1.095363379,1.231042624,0.875082552,,1.178763032,0.856876254,Guineo-Congolean,5
WA006,2004,1,5.56,0.781348348,1.341269732,0.856611252,,1.565371156,1.040357709,Guineo-Congolean,5
WA006,2004,2,1.7,1.824436784,0.971237957,1.303272843,,2.17625618,1.129342794,Guineo-Congolean,5
WA006,2004,3,0.0,2.365321159,0.575329483,1.99440372,,3.173912764,1.100824475,Guineo-Congolean,5
WA006,2004,4,1.54,2.637648821,1.837917566,1.923827529,,3.37084794,1.654205203,Guineo-Congolean,5
WA006,2004,5,4.51,4.938324928,2.291905165,4.595018387,,5.172726154,4.828632832,Guineo-Congolean,5
WA006,2004,6,5.49,3.501205444,2.114492893,3.815899134,,4.036589146,3.856269121,Guineo-Congolean,5
WA006,2004,7,3.97,1.801471829,1.816773176,1.854234457,,2.625858784,1.834720254,Guineo-Congolean,5
WA006,2004,8,0.96,1.017750978,2.239413023,1.525657177,,1.287791133,0.832697511,Guineo-Congolean,5
WA006,2004,9,1.2,6.19426775,2.919344664,5.36628437,,6.988451004,4.060546875,Guineo-Congolean,5
WA006,2004,10,0.72,4.869903088,2.758704901,4.450373173,,5.419484138,5.276350975,Guineo-Congolean,5
WA006,2004,11,4.36,1.761271238,1.887116432,2.415237188,,2.308170795,1.683364272,Guineo-Congolean,5
WA006,2004,12,9.34,1.070165277,0.950510085,1.020415306,,1.039275527,0.469769746,Guineo-Congolean,5
WA006,2005,1,5.53,0.268259436,0.287693024,0.1937906,,0.283780217,0.118955538,Guineo-Congolean,5
WA006,2005,2,0.0,1.452872157,1.13593781,1.033452988,,1.644154429,0.921904206,Guineo-Congolean,5
WA006,2005,3,0.1,5.319894314,1.794107437,4.501523972,,4.606702328,4.750105858,Guineo-Congolean,5
WA006,2005,4,0.29,3.018031836,2.09871316,2.547524691,,3.749569416,1.931284904,Guineo-Congolean,5
WA006,2005,5,1.81,5.277549744,3.267832041,4.798979282,,5.234438419,5.118960857,Guineo-Congolean,5
WA006,2005,6,7.62,4.646068096,9.499361038,5.437911034,,5.274880886,5.366703033,Guineo-Congolean,5
WA006,2005,7,5.56,1.328019619,1.50813365,1.604748845,,0.969895422,1.542379856,Guineo-Congolean,5
WA006,2005,8,0.0,1.815424681,1.678026438,1.194678545,,1.110073805,0.895196259,Guineo-Congolean,5
WA006,2005,9,0.92,2.13038516,2.137653828,1.969113827,,3.026469469,1.452136278,Guineo-Congolean,5
WA006,2005,10,0.0,5.04081583,2.803548813,3.886897802,,4.609139919,4.280351639,Guineo-Congolean,5
WA006,2005,11,3.16,2.916083336,2.280277252,2.253236055,,2.550710917,4.304241657,Guineo-Congolean,5
WA006,2005,12,9.35,1.266514301,1.364750504,0.823247194,,0.925936341,1.586723089,Guineo-Congolean,5
WA006,2006,1,3.32,0.756021082,1.085547447,0.855513453,,0.84069252,0.445580721,Guineo-Congolean,5
WA006,2006,2,1.08,1.206825852,0.851719737,1.160951495,,1.575171471,0.491093844,Guineo-Congolean,5
WA006,2006,3,0.0,2.774889708,0.94402653,2.53168869,,2.709811211,1.538355231,Guineo-Congolean,5
WA006,2006,4,2.83,2.947282791,1.646054506,2.373798132,,2.5627985,1.55211556,Guineo-Congolean,5
WA006,2006,5,4.75,6.805537701,5.262681484,8.305621147,,7.091757774,7.945571423,Guineo-Congolean,5
WA006,2006,6,7.27,5.908940792,4.716267109,5.353358269,,5.725457191,4.720856667,Guineo-Congolean,5
WA006,2006,7,4.72,2.491274834,1.664464235,2.051935911,,2.178537846,1.655273557,Guineo-Congolean,5
WA006,2006,8,0.0,0.994580269,1.261186838,0.786779106,,1.196108222,0.693578362,Guineo-Congolean,5
WA006,2006,9,1.98,4.094977379,3.195516348,3.52785635,,3.356827736,2.779257059,Guineo-Congolean,5
WA006,2006,10,0.1,5.066869259,2.364221573,4.43956852,,4.325471401,4.06461668,Guineo-Congolean,5
WA006,2006,11,3.74,0.927546382,1.619452,1.240817785,,1.466694832,1.408364058,Guineo-Congolean,5
WA006,2006,12,6.89,0.683400095,0.663098991,0.323348969,,0.879015028,0.0,Guineo-Congolean,5
WA006,2007,1,3.27,0.160193294,0.093076825,0.200632513,,0.189099565,0.0,Guineo-Congolean,5
WA006,2007,2,1.37,1.70983696,0.707810163,0.718986809,,0.990224302,0.74555558,Guineo-Congolean,5
WA006,2007,3,0.82,2.285058737,0.601930022,2.154799223,,1.844315529,2.475856781,Guineo-Congolean,5
WA006,2007,4,1.31,3.656083107,1.854087114,3.917567968,,3.101948261,3.770903826,Guineo-Congolean,5
WA006,2007,5,3.99,4.781833649,1.745504379,3.903912306,,4.099355221,5.070583344,Guineo-Congolean,5
WA006,2007,6,8.14,6.009153366,7.889095306,5.749242306,,6.170444489,5.906285286,Guineo-Congolean,5
WA006,2007,7,3.48,5.305229664,4.102825165,4.448217392,,5.723818302,4.316624165,Guineo-Congolean,5
WA006,2007,8,3.29,2.65482688,1.788297057,1.774934053,,2.021411657,2.131134987,Guineo-Congolean,5
WA006,2007,9,0.0,7.191802502,3.492072582,4.110911369,,6.484358311,3.745944738,Guineo-Congolean,5
WA006,2007,10,2.08,5.29834795,3.34722662,4.947474003,,6.9063797,3.994058371,Guineo-Congolean,5
WA006,2007,11,5.71,1.806694508,1.913463235,1.994390488,,1.895618677,3.158390522,Guineo-Congolean,5
WA006,2007,12,6.43,0.814620793,0.928683043,1.121414781,,1.138891459,1.467767358,Guineo-Congolean,5
WA006,2008,1,6.79,0.291875184,0.404509664,0.234474957,,0.53591758,0.235893339,Guineo-Congolean,5
WA006,2008,2,1.74,0.693989694,0.39666602,0.539271355,,1.236627936,0.866414189,Guineo-Congolean,5
WA006,2008,3,1.71,2.804999113,1.762758136,2.406450272,,3.081398726,2.923455,Guineo-Congolean,5
WA006,2008,4,0.54,5.367461681,2.091021061,4.937253952,,4.006720066,5.737591267,Guineo-Congolean,5
WA006,2008,5,3.73,7.321840286,4.054719448,7.872197151,,7.200133324,5.731854439,Guineo-Congolean,5
WA006,2008,6,7.24,7.040503502,4.78807497,5.180620193,,6.847022533,6.141697884,Guineo-Congolean,5
WA006,2008,7,4.49,5.268306732,3.847980976,3.465162516,,3.749093056,4.274288654,Guineo-Congolean,5
WA006,2008,8,2.25,2.332483768,2.601634026,2.39298296,,1.60179472,1.270218968,Guineo-Congolean,5
WA006,2008,9,0.73,3.088864326,3.196684599,2.398197651,,3.154461384,2.337574482,Guineo-Congolean,5
WA006,2008,10,0.0,3.427466869,2.356875181,3.17692709,,3.780695438,3.112993479,Guineo-Congolean,5
WA006,2008,11,5.03,3.867109299,1.26244688,2.586392164,,2.642848253,5.993839741,Guineo-Congolean,5
WA006,2008,12,8.65,2.703069448,1.453756809,2.214547396,,1.796110511,1.413333297,Guineo-Congolean,5
WA006,2009,1,4.82,0.567306161,0.601570129,0.411916792,,0.530391276,0.201617882,Guineo-Congolean,5
WA006,2009,2,1.43,1.501064777,0.822654665,2.269228697,,1.455135584,1.165225744,Guineo-Congolean,5
WA006,2009,3,0.16,3.635262012,1.194564581,2.339237213,,2.209962606,1.439553857,Guineo-Congolean,5
WA006,2009,4,0.0,3.74383378,1.052489161,4.25843811,,3.840139151,4.350067139,Guineo-Congolean,5
WA006,2009,5,2.91,4.509402752,3.772194147,4.356677055,,5.291704178,3.957670212,Guineo-Congolean,5
WA006,2009,6,5.46,9.870539665,8.866682053,10.62462616,,8.334926605,8.506279945,Guineo-Congolean,5
WA006,2009,7,4.3,4.032271385,3.747592926,3.765512705,,3.393627882,3.862988949,Guineo-Congolean,5
WA006,2009,8,0.4,1.042340636,1.881088972,1.142016768,,1.236564517,0.750029862,Guineo-Congolean,5
WA006,2009,9,0.0,1.051627159,1.114085436,1.21741271,,1.310468078,0.602110267,Guineo-Congolean,5
WA006,2009,10,0.0,1.614679933,1.83068347,2.085575819,,2.204870939,1.383106828,Guineo-Congolean,5
WA006,2009,11,2.44,0.972384155,0.950664043,1.155333996,,1.574032068,0.872935593,Guineo-Congolean,5
WA006,2009,12,8.9,1.278483033,1.049447179,0.951641321,,1.347245574,1.592770219,Guineo-Congolean,5
WA006,2010,1,3.17,0.75477916,0.614830136,1.128605604,,0.591917872,1.177454591,Guineo-Congolean,5
WA006,2010,2,0.95,2.297152042,1.173363924,2.388448715,,2.722066164,2.683127642,Guineo-Congolean,5
WA006,2010,3,0.0,3.540496349,1.269260645,2.776170969,,2.499629498,1.774238348,Guineo-Congolean,5
WA006,2010,4,2.3,2.494203329,2.649518251,2.852452993,,3.774140358,1.839603186,Guineo-Congolean,5
WA006,2010,5,3.82,5.015910149,2.959389925,4.946763992,,5.369510651,4.389104843,Guineo-Congolean,5
WA006,2010,6,7.86,8.369052887,6.156468868,7.023149967,,6.701264381,8.641698837,Guineo-Congolean,5
WA006,2010,7,6.91,2.946064234,1.756079555,1.642031193,,2.534757614,2.82869792,Guineo-Congolean,5
WA006,2010,8,2.4,2.095559597,2.027678967,1.792090178,,1.735697031,1.252067447,Guineo-Congolean,5
WA006,2010,9,0.12,4.709597588,4.490783691,3.698709011,,4.214308262,3.541769505,Guineo-Congolean,5
WA006,2010,10,0.0,5.098509789,2.843240738,4.023555279,,4.965512753,4.540452957,Guineo-Congolean,5
WA006,2010,11,3.59,3.869947672,1.679069519,3.061914682,,3.821108818,4.543828487,Guineo-Congolean,5
WA006,2010,12,8.14,1.276131868,1.318823218,1.069546223,,1.003219724,1.697613955,Guineo-Congolean,5
WA006,2011,1,3.87,0.431073844,0.341394573,0.072750837,,0.320680439,0.266139328,Guineo-Congolean,5
WA006,2011,2,0.01,4.368475437,2.256182671,4.040214062,,4.019199848,1.638456345,Guineo-Congolean,5
WA006,2011,3,2.33,2.237410307,0.750385821,0.686960518,,1.970045567,0.542350054,Guineo-Congolean,5
WA006,2011,4,0.36,3.628268957,1.564208269,2.759427071,,3.401765585,2.670882225,Guineo-Congolean,5
WA006,2011,5,6.87,5.373341084,3.585855007,5.391551971,,3.881830215,6.336707592,Guineo-Congolean,5
WA006,2011,6,7.61,5.325439453,3.770392895,3.994977474,,4.415837288,5.993782997,Guineo-Congolean,5
WA006,2011,7,6.23,4.963328362,2.13787055,3.165006161,,3.097387075,3.487981081,Guineo-Congolean,5
WA006,2011,8,0.95,1.304709673,1.33755219,1.242890716,,0.888235927,0.766159117,Guineo-Congolean,5
WA006,2011,9,1.7,2.391873121,2.506282806,1.424969912,,2.504502296,2.220908165,Guineo-Congolean,5
WA006,2011,10,0.0,7.123283386,4.247242928,4.92512989,,5.63342762,6.943748474,Guineo-Congolean,5
WA006,2011,11,2.93,1.419046998,1.57249558,1.03897655,,1.561723709,1.356269598,Guineo-Congolean,5
WA006,2011,12,8.07,0.456196308,0.694305241,0.359723121,,0.698370218,0.072580755,Guineo-Congolean,5
WA006,2012,1,5.24,0.527905464,0.918289781,0.593530297,,0.605485559,0.923419952,Guineo-Congolean,5
WA006,2012,2,0.55,2.314281702,1.262903571,0.955673039,,2.087281704,2.133692741,Guineo-Congolean,5
WA006,2012,3,0.0,1.700348973,1.441430211,1.113878489,,1.743771791,0.852846444,Guineo-Congolean,5
WA006,2012,4,0.0,3.006392717,2.078350782,2.734183311,,3.331221104,4.087574482,Guineo-Congolean,5
WA006,2012,5,2.22,4.979812622,5.251245975,3.56965065,,4.316390514,4.655248165,Guineo-Congolean,5
WA006,2012,6,5.29,5.433197975,4.776595592,4.633579254,,5.251786709,7.866698265,Guineo-Congolean,5
WA006,2012,7,4.14,1.720371842,1.843908191,0.796609163,,1.017395735,1.477858782,Guineo-Congolean,5
WA006,2012,8,1.91,1.227519631,1.412612557,0.449922979,,0.568567157,0.498007715,Guineo-Congolean,5
WA006,2012,9,0.48,2.818622351,3.236016989,2.269858837,,3.779785633,2.452156782,Guineo-Congolean,5
WA006,2012,10,0.0,4.626178741,3.238897562,3.772464514,,3.690360785,3.612998009,Guineo-Congolean,5
WA006,2012,11,3.76,2.26834631,1.667186022,1.138456702,,2.635229826,2.039618731,Guineo-Congolean,5
WA006,2012,12,7.3,0.892624795,1.24820137,0.832815707,,1.395734787,3.336758852,Guineo-Congolean,5
WA006,2013,1,6.62,0.804567516,0.471865475,0.915272355,,0.936916351,1.280275941,Guineo-Congolean,5
WA006,2013,2,0.0,1.097930431,0.670362771,0.362048477,,1.361487746,0.294663936,Guineo-Congolean,5
WA006,2013,3,0.01,2.710669994,1.020767331,1.780864954,,3.50282383,2.661360741,Guineo-Congolean,5
WA006,2013,4,2.63,1.961047292,2.296457052,1.757087588,,3.199395895,3.777131557,Guineo-Congolean,5
WA006,2013,5,4.56,3.06962657,3.750654936,3.984529734,,5.021187782,6.326620579,Guineo-Congolean,5
WA006,2013,6,8.2,3.178188324,2.696778059,3.096759558,,4.977191448,4.643767357,Guineo-Congolean,5
WA006,2013,7,4.14,1.379522443,2.418909073,1.482117057,,1.187061071,1.248012781,Guineo-Congolean,5
WA006,2013,8,0.91,0.464453459,1.060448289,0.417952627,,0.458997965,0.203635275,Guineo-Congolean,5
WA006,2013,9,1.47,2.002975464,2.426306486,1.705475092,,2.542106628,2.689669847,Guineo-Congolean,5
WA006,2013,10,0.0,2.084874868,2.015393019,1.934918284,,3.370587349,1.409322977,Guineo-Congolean,5
WA006,2013,11,5.1,1.735236764,2.156943321,1.532765627,,2.404666901,4.681337357,Guineo-Congolean,5
WA006,2013,12,5.78,1.278883219,1.022261024,2.03414464,,1.487594962,1.02623117,Guineo-Congolean,5
WA006,2014,1,4.41,0.871042907,1.167491674,1.04912436,,1.424104691,1.252052665,Guineo-Congolean,5
WA006,2014,2,0.72,2.167335749,1.665671229,1.902112603,,1.885047555,2.290259361,Guineo-Congolean,5
WA006,2014,3,0.0,3.009686232,1.644737005,5.525529385,,3.126999378,3.439599037,Guineo-Congolean,5
WA006,2014,4,0.47,2.932359219,2.91880703,2.40249896,,4.143228054,2.629200697,Guineo-Congolean,5
WA006,2014,5,3.22,3.780354261,4.087109566,3.584000349,,5.339647293,4.006056786,Guineo-Congolean,5
WA006,2014,6,6.16,5.419947147,7.77063942,6.722506523,,6.061035156,6.243782997,Guineo-Congolean,5
WA006,2014,7,3.56,3.962285995,4.324163914,3.899012089,,4.260658264,2.496025085,Guineo-Congolean,5
WA006,2014,8,0.0,2.886386395,2.276189089,2.990958691,,1.746600866,0.788340032,Guineo-Congolean,5
WA006,2014,9,0.9,3.677245855,3.234897852,3.924694061,,5.5882864,3.568859816,Guineo-Congolean,5
WA006,2014,10,0.0,3.019822359,2.978381634,2.871648788,,2.238611937,3.28235817,Guineo-Congolean,5
WA006,2014,11,4.89,1.769407988,2.229005575,1.635845542,,2.242549181,4.010495186,Guineo-Congolean,5
WA006,2014,12,6.02,0.819759905,1.0229882,0.543961465,,1.391363859,0.413312912,Guineo-Congolean,5
WA006,2015,1,3.29,0.517240405,0.625448763,0.240758672,,0.99542731,0.250010073,Guineo-Congolean,5
WA006,2015,2,0.0,2.177090645,1.438478589,2.163930655,,2.016909122,2.283558846,Guineo-Congolean,5
WA006,2015,3,2.16,5.250994682,2.128323555,3.43591094,,3.47130537,4.594876766,Guineo-Congolean,5
WA006,2015,4,0.91,3.004180908,1.761082888,2.227787495,,2.564113379,2.045862198,Guineo-Congolean,5
WA006,2015,5,3.74,3.590475321,4.400281429,3.79799962,,4.170390129,2.881055117,Guineo-Congolean,5
WA006,2015,6,8.12,5.793656826,5.919373512,7.94453907,,5.955193996,5.800011158,Guineo-Congolean,5
WA006,2015,7,1.37,2.024790525,5.100741863,1.338142395,,1.601971865,0.655258358,Guineo-Congolean,5
WA006,2015,8,0.45,0.560768068,1.24817276,0.40286842,,0.670149446,1.042380095,Guineo-Congolean,5
WA006,2015,9,3.0,1.151299477,1.448613763,0.503936708,,0.754702985,0.912533402,Guineo-Congolean,5
WA006,2015,10,0.67,4.027792454,3.124258995,2.80308795,,4.139910698,3.905358553,Guineo-Congolean,5
WA006,2015,11,4.08,2.044901371,1.799273968,1.731838942,,2.556612015,2.622962236,Guineo-Congolean,5
WA006,2015,12,8.19,0.229785055,0.256923765,0.152718142,,0.486177146,0.032258064,Guineo-Congolean,5
WA006,2016,1,5.12,0.230371147,0.490973353,0.161911264,,0.438269854,0.247987792,Guineo-Congolean,5
WA006,2016,2,0.0,0.515648603,0.418922663,0.1396005,,0.470817566,0.49785459,Guineo-Congolean,5
WA006,2016,3,0.0,7.315869331,2.386707544,4.511063576,,4.744922161,3.022256374,Guineo-Congolean,5
WA006,2016,4,0.76,1.723014235,1.397213459,1.881632447,,3.0557127,3.239639044,Guineo-Congolean,5
WA006,2016,5,3.11,5.290173054,4.389038086,5.569206238,,5.364193916,5.473804474,Guineo-Congolean,5
WA006,2016,6,9.14,4.394487858,6.733458996,5.795678139,,5.778156281,6.483359814,Guineo-Congolean,5
WA006,2016,7,3.61,1.395588994,2.279928923,1.33487165,,1.493855596,1.705677748,Guineo-Congolean,5
WA006,2016,8,0.0,1.147826314,1.5419842,1.929415107,,2.362248898,1.034315348,Guineo-Congolean,5
WA006,2016,9,0.0,4.078726768,3.706152201,3.429665089,,4.458283424,3.370944738,Guineo-Congolean,5
WA006,2016,10,0.0,5.873504639,4.556015968,3.983376026,,4.40415287,3.395261049,Guineo-Congolean,5
WA006,2016,11,3.71,4.081444263,1.758541465,1.724128366,,2.227719545,3.145872593,Guineo-Congolean,5
WA006,2016,12,7.26,1.347536445,1.126376033,0.48434037,,1.171666622,1.385114908,Guineo-Congolean,5
WA006,2017,1,3.47,1.339539409,0.711728215,1.564686537,,1.672857761,0.602841556,Guineo-Congolean,5
WA006,2017,2,1.85,1.129763365,1.101857066,0.840477884,,1.239346266,0.636184573,Guineo-Congolean,5
WA006,2017,3,2.0,2.175693512,1.338559985,2.400636196,,2.216745615,2.13714695,Guineo-Congolean,5
WA006,2017,4,0.29,5.503201008,2.237637281,3.688002348,,3.971236229,2.895877838,Guineo-Congolean,5
WA006,2017,5,1.33,5.687180996,3.809319973,5.108481884,,5.823240757,5.203620911,Guineo-Congolean,5
WA006,2017,6,8.27,8.194459915,5.888501644,7.295047283,,0.117406756,10.43964958,Guineo-Congolean,5
WA006,2017,7,4.69,2.764753819,7.240354538,2.469062567,,0.081033655,2.342794418,Guineo-Congolean,5
WA006,2017,8,0.89,1.280890107,2.371095896,0.883347392,,1.393865466,1.316583514,Guineo-Congolean,5
WA006,2017,9,1.73,2.024478674,4.700953484,1.720829725,,1.930993438,2.704256773,Guineo-Congolean,5
WA006,2017,10,0.0,4.616147041,3.217237711,2.54180479,,3.249940634,2.014153242,Guineo-Congolean,5
WA006,2017,11,6.51,2.939954996,2.371255636,1.564607501,,2.5596807,3.82507205,Guineo-Congolean,5
WA006,2017,12,6.3,1.253511667,0.607669532,0.976798534,,1.508643866,0.897194028,Guineo-Congolean,5
WA006,2018,1,4.94,0.297014117,0.263875574,0.147193998,,0.154664904,0.112903446,Guineo-Congolean,5
WA006,2018,2,0.0,1.624503255,1.067749739,1.817254186,,2.163397312,0.383939713,Guineo-Congolean,5
WA006,2018,3,0.0,1.632835984,1.280644774,1.529974818,,1.990822077,2.338764906,Guineo-Congolean,5
WA006,2018,4,2.4,1.630399227,2.241092443,2.002732038,,2.411761284,2.756295443,Guineo-Congolean,5
WA006,2018,5,3.67,5.738352299,6.500860214,5.630710125,,5.160899162,4.256052494,Guineo-Congolean,5
WA006,2018,6,8.55,4.346179485,5.382253647,4.286552429,,4.993788242,5.893783092,Guineo-Congolean,5
WA006,2018,7,4.3,1.507619262,3.031089306,1.34192729,,2.080330849,2.199645758,Guineo-Congolean,5
WA006,2018,8,0.37,1.36650157,2.202321529,1.959982872,,1.372171164,1.46780169,Guineo-Congolean,5
WA006,2018,9,2.2,4.687756062,3.812138557,3.238466263,,5.000698566,3.762626171,Guineo-Congolean,5
WA006,2018,10,0.2,5.477367878,3.878465414,4.554455757,,4.172832966,4.43964386,Guineo-Congolean,5
WA006,2018,11,1.77,2.246265411,1.654343367,1.637680411,,2.410176039,1.589612961,Guineo-Congolean,5
WA006,2018,12,6.5,0.574227333,1.177365899,0.394330084,,0.541881502,0.798397601,Guineo-Congolean,5
WA006,2019,1,4.69,0.583024383,0.829096675,0.445142537,,0.678370059,0.235893339,Guineo-Congolean,5
WA006,2019,2,0.99,2.177069426,2.197992802,1.828945994,,2.339184999,1.346030235,Guineo-Congolean,5
WA006,2019,3,0.0,2.873908043,1.449099898,3.073121786,,3.250406265,1.623015285,Guineo-Congolean,5
WA006,2019,4,0.0,3.45720458,2.109909534,2.940033913,,4.250581741,2.743900776,Guineo-Congolean,5
WA006,2019,5,3.27,7.355037212,4.914164066,7.005903721,,6.521460533,6.165343761,Guineo-Congolean,5
WA006,2019,6,7.04,5.86161232,4.795762539,4.682561874,,4.306623459,5.073018074,Guineo-Congolean,5
WA006,2019,7,2.28,3.129219294,2.527325869,2.292519331,,3.294212818,1.760187268,Guineo-Congolean,5
WA006,2019,8,0.0,0.952072561,1.122485399,0.969985604,,1.219238043,0.62906754,Guineo-Congolean,5
WA006,2019,9,0.0,3.556757927,3.711774111,3.561271191,,3.734277248,2.887646914,Guineo-Congolean,5
WA006,2019,10,1.46,6.394928932,6.990032673,6.6334095,,7.055220127,8.240059853,Guineo-Congolean,5
WA006,2019,11,5.01,2.960919857,2.193737984,2.335120916,,2.082398653,1.458389997,Guineo-Congolean,5
WA006,2019,12,7.32,0.901471734,1.029064059,0.351391703,,1.156219244,0.364930898,Guineo-Congolean,5
WA006,2020,1,3.51,0.267936885,0.222968131,0.090568498,,0.261889368,0.165320143,Guineo-Congolean,5
WA006,2020,2,0.67,0.395599693,0.355040729,0.153666705,,0.472823679,0.355610132,Guineo-Congolean,5
WA006,2020,3,0.0,2.193533421,1.497012854,2.345326424,,2.549389362,1.81663394,Guineo-Congolean,5
WA006,2020,4,0.0,3.702485323,1.334619522,3.193862438,,4.029978275,2.233390331,Guineo-Congolean,5
WA006,2020,5,2.82,6.864206791,3.699375629,6.70552206,,6.723566532,4.941587448,Guineo-Congolean,5
WA006,2020,6,6.71,6.030055046,5.654338837,5.509820938,,5.701255798,6.137444496,Guineo-Congolean,5
WA006,2020,7,2.55,1.321793199,1.27867353,1.845408678,,1.175598502,1.242000461,Guineo-Congolean,5
WA006,2020,8,0.7,0.457708597,0.571231723,0.500366986,,0.388680279,0.338729799,Guineo-Congolean,5
WA006,2020,9,1.41,2.749242067,1.649863839,2.810083628,,3.607643127,1.489654541,Guineo-Congolean,5
WA006,2020,10,0.0,5.417836666,2.52180028,4.567144871,,5.680802822,3.433631659,Guineo-Congolean,5
WA006,2020,11,4.03,2.15833497,1.691111565,2.440270901,,3.044467688,1.914619088,Guineo-Congolean,5
WA006,2020,12,7.23,0.992402792,0.838733494,1.11268115,,1.495267749,0.618970454,Guineo-Congolean,5
WA007,2000,1,3.85,1.313527942,3.907525063,,1.28285253,2.044164181,2.510088682,Guineo-Congolean,5
WA007,2000,2,0.0,1.288642168,1.378439546,,1.075414777,1.204145908,1.467686057,Guineo-Congolean,5
WA007,2000,3,0.0,2.703633308,2.166384697,,3.5362463,2.475245476,2.252053022,Guineo-Congolean,5
WA007,2000,4,1.68,4.93784523,3.140655041,,4.113197803,5.206319809,7.816679955,Guineo-Congolean,5
WA007,2000,5,2.77,8.81129837,7.440905094,,3.771951914,8.376051903,8.669275284,Guineo-Congolean,5
WA007,2000,6,6.93,14.8090992,8.385590553,14.26265049,7.611596107,11.47474384,17.52672577,Guineo-Congolean,5
WA007,2000,7,2.27,4.390840054,3.27549839,4.296800137,4.175136566,3.575870514,4.673380852,Guineo-Congolean,5
WA007,2000,8,0.0,1.122385025,1.936665416,1.36892879,2.392590284,0.923629761,0.858895421,Guineo-Congolean,5
WA007,2000,9,0.28,2.627974033,1.966701984,1.477220058,4.244821072,2.412235022,1.400053501,Guineo-Congolean,5
WA007,2000,10,0.0,2.199156284,2.951077938,3.415175438,3.378661394,3.54190135,2.258123398,Guineo-Congolean,5
WA007,2000,11,4.47,3.575000048,4.490329266,3.600657463,2.858798027,3.618674517,4.6583848,Guineo-Congolean,5
WA007,2000,12,8.07,1.438886285,2.57614851,1.116275787,0.341471702,1.441691756,0.840719759,Guineo-Congolean,5
WA007,2001,1,4.4,0.419891685,1.82525456,0.087369002,,0.150305942,0.233867526,Guineo-Congolean,5
WA007,2001,2,0.8,1.157956481,2.580115795,2.382446051,,1.555526137,2.125034571,Guineo-Congolean,5
WA007,2001,3,2.47,3.753842592,4.873364449,3.090069771,,3.487693071,3.405301332,Guineo-Congolean,5
WA007,2001,4,0.0,8.290449142,6.310988426,8.086954117,,8.081580162,9.960457802,Guineo-Congolean,5
WA007,2001,5,3.93,8.561611176,8.54619503,4.226795197,,6.11262846,8.596705437,Guineo-Congolean,5
WA007,2001,6,8.92,12.38248539,7.566126823,12.9387188,,8.920986176,17.24555588,Guineo-Congolean,5
WA007,2001,7,5.58,5.900292397,4.579482555,7.387336254,,4.532866955,5.649162292,Guineo-Congolean,5
WA007,2001,8,0.0,0.642034948,2.067104101,1.84132576,,0.618140101,0.933484018,Guineo-Congolean,5
WA007,2001,9,0.11,3.620743036,3.7392838,1.689735174,,2.177593708,1.216676474,Guineo-Congolean,5
WA007,2001,10,2.2,6.197398663,4.012476921,5.669541359,,5.471609116,5.078641415,Guineo-Congolean,5
WA007,2001,11,4.64,5.113789082,4.09930706,4.013979435,,4.497852325,6.406260014,Guineo-Congolean,5
WA007,2001,12,7.74,1.70110178,4.091953754,2.455577135,,1.883298874,0.741932809,Guineo-Congolean,5
WA007,2002,1,3.73,0.798988998,3.135746241,0.506897986,,1.100303173,0.340731949,Guineo-Congolean,5
WA007,2002,2,0.02,0.911386669,2.863586187,1.265752792,,1.211114764,1.886189222,Guineo-Congolean,5
WA007,2002,3,0.86,2.586661339,2.959234476,1.411622643,,3.205633879,4.217802525,Guineo-Congolean,5
WA007,2002,4,0.18,6.255039215,3.005481482,5.784675121,,4.950148582,4.943724632,Guineo-Congolean,5
WA007,2002,5,3.95,7.354554176,5.548855305,4.455872536,,6.353510857,7.959601879,Guineo-Congolean,5
WA007,2002,6,7.6,13.50640965,11.10255909,8.571474075,,9.42401886,16.01434326,Guineo-Congolean,5
WA007,2002,7,3.15,7.79440546,7.18053627,9.263885498,,6.363367081,8.149144173,Guineo-Congolean,5
WA007,2002,8,1.17,3.102612495,2.532971621,8.098197937,,3.876177788,1.391163111,Guineo-Congolean,5
WA007,2002,9,4.14,1.243073225,3.664215803,0.807019234,,1.502651453,1.118777394,Guineo-Congolean,5
WA007,2002,10,0.0,9.246905327,5.684444427,4.195697308,,6.658171177,5.687550068,Guineo-Congolean,5
WA007,2002,11,4.41,4.321677685,5.42412138,1.585772514,,2.947057486,3.954170227,Guineo-Congolean,5
WA007,2002,12,6.55,1.624930382,4.068408489,2.032448769,,1.745032787,0.524187446,Guineo-Congolean,5
WA007,2003,1,4.72,0.537099898,2.833606243,0.333942682,,0.684297681,1.163323522,Guineo-Congolean,5
WA007,2003,2,0.56,2.05011344,2.370313168,1.811663151,,1.512783289,3.227756023,Guineo-Congolean,5
WA007,2003,3,1.45,3.688889742,4.117465496,3.317246437,,3.895612001,3.338752031,Guineo-Congolean,5
WA007,2003,4,1.97,5.704312325,5.33341074,6.523697376,,7.39299345,6.841670513,Guineo-Congolean,5
WA007,2003,5,4.24,6.638827801,8.422430038,6.419355392,,5.744625568,10.06242943,Guineo-Congolean,5
WA007,2003,6,8.92,12.55632877,6.940887451,8.853201866,,10.49646378,13.37484455,Guineo-Congolean,5
WA007,2003,7,1.07,2.905507803,1.929000378,0.649463952,,1.272259474,3.155255795,Guineo-Congolean,5
WA007,2003,8,2.49,0.545077384,1.62148118,0.991968989,,0.809028327,0.776226699,Guineo-Congolean,5
WA007,2003,9,0.97,4.018816948,4.870960712,2.843194485,,4.733921528,1.166687727,Guineo-Congolean,5
WA007,2003,10,1.85,8.344661713,5.731807232,7.07213068,,8.28096199,6.872986794,Guineo-Congolean,5
WA007,2003,11,2.48,5.261279106,5.048579216,2.302302361,,4.74677372,8.297997475,Guineo-Congolean,5
WA007,2003,12,6.46,2.497423172,3.34674263,3.089433908,,2.119684696,1.346773624,Guineo-Congolean,5
WA007,2004,1,4.18,0.935084343,3.672141314,1.192373514,,1.288892508,0.631040812,Guineo-Congolean,5
WA007,2004,2,0.48,1.914160609,2.009206533,1.553522944,,2.346431255,2.812538147,Guineo-Congolean,5
WA007,2004,3,0.85,3.118878841,1.738142729,1.847075939,,3.286996603,2.84680748,Guineo-Congolean,5
WA007,2004,4,1.86,4.631782532,4.804994583,4.967887878,,4.823949337,3.408393383,Guineo-Congolean,5
WA007,2004,5,1.79,5.974238396,4.847685337,4.762303352,,5.925745487,6.505986214,Guineo-Congolean,5
WA007,2004,6,8.72,10.16717052,4.694511414,5.806121826,,4.737446785,9.476938248,Guineo-Congolean,5
WA007,2004,7,4.01,2.307792425,2.535526037,0.824428499,,2.12144351,5.260057926,Guineo-Congolean,5
WA007,2004,8,0.25,1.287342191,3.578005791,1.501865387,,1.439797282,1.506088495,Guineo-Congolean,5
WA007,2004,9,0.0,9.032229424,6.846841335,7.104355812,,8.499195099,5.808423519,Guineo-Congolean,5
WA007,2004,10,1.13,7.586558819,5.396173954,8.129992485,,7.700975418,7.280247688,Guineo-Congolean,5
WA007,2004,11,0.98,5.060506821,5.318460941,3.347562075,,4.951863766,4.925047398,Guineo-Congolean,5
WA007,2004,12,8.31,1.32395196,3.09855485,0.540641665,,0.661440074,2.350811481,Guineo-Congolean,5
WA007,2005,1,2.13,0.624997795,1.260723352,0.272729665,,0.659579635,0.768165588,Guineo-Congolean,5
WA007,2005,2,0.57,1.916850567,4.414917946,1.577935696,,1.884635806,1.973237514,Guineo-Congolean,5
WA007,2005,3,0.35,4.279250622,3.405022621,3.823629379,,4.981851578,3.856866121,Guineo-Congolean,5
WA007,2005,4,1.96,6.088695049,4.166535854,6.919291019,,7.686100006,6.258358479,Guineo-Congolean,5
WA007,2005,5,3.78,7.637955189,5.414065361,6.110144138,,5.687852383,9.683364868,Guineo-Congolean,5
WA007,2005,6,6.63,10.79753017,7.259204865,9.756336212,,8.188786507,12.12273026,Guineo-Congolean,5
WA007,2005,7,3.37,1.744313717,3.052136421,2.150711775,,0.822045088,0.685465395,Guineo-Congolean,5
WA007,2005,8,2.09,0.803889692,2.881301403,0.768175364,,0.603162229,0.622996092,Guineo-Congolean,5
WA007,2005,9,1.17,2.715217113,3.648775816,2.976418257,,3.541156769,2.427142382,Guineo-Congolean,5
WA007,2005,10,0.02,8.457266808,6.343900681,7.560070992,,9.667517662,7.576644421,Guineo-Congolean,5
WA007,2005,11,3.7,5.504032135,4.581519127,4.989007473,,4.641500473,5.868746758,Guineo-Congolean,5
WA007,2005,12,5.54,2.076018572,3.040202856,1.22425282,,1.888753891,2.673388243,Guineo-Congolean,5
WA007,2006,1,4.49,1.1041857,3.674681664,1.195504665,,0.713107646,0.169351399,Guineo-Congolean,5
WA007,2006,2,0.0,1.028543472,3.280611277,1.347665071,,1.150287271,1.41075027,Guineo-Congolean,5
WA007,2006,3,1.44,4.538372993,3.857290268,3.992097378,,4.274632931,3.838764191,Guineo-Congolean,5
WA007,2006,4,0.66,3.996723413,4.207668781,3.831298828,,4.583981991,3.514605284,Guineo-Congolean,5
WA007,2006,5,6.98,9.589571953,8.852796555,9.923705101,,8.663944244,8.862810135,Guineo-Congolean,5
WA007,2006,6,6.12,10.78769398,7.114219189,7.342245579,,7.757373333,11.63314342,Guineo-Congolean,5
WA007,2006,7,3.87,3.471050262,6.394627094,3.646291018,,2.334039927,4.50399828,Guineo-Congolean,5
WA007,2006,8,2.75,0.685556531,3.728863716,1.206828833,,0.632855475,1.481887579,Guineo-Congolean,5
WA007,2006,9,1.99,3.703263998,4.400178909,3.275609732,,3.00281477,3.643818855,Guineo-Congolean,5
WA007,2006,10,0.0,5.064693928,3.946229935,5.28344202,,4.653386593,5.875053883,Guineo-Congolean,5
WA007,2006,11,4.28,3.536980391,3.458255053,3.995154619,,3.379224062,3.108342648,Guineo-Congolean,5
WA007,2006,12,7.5,1.183758259,1.978375912,0.887194216,,1.204735041,0.491929382,Guineo-Congolean,5
WA007,2007,1,4.35,0.237651423,0.602582574,0.064032741,,0.188396379,0.0,Guineo-Congolean,5
WA007,2007,2,0.0,2.164635181,2.737932205,2.04347086,,1.502943754,3.401832819,Guineo-Congolean,5
WA007,2007,3,0.39,3.026110888,2.925893784,4.103046417,,3.452111483,2.774212599,Guineo-Congolean,5
WA007,2007,4,0.0,5.467547894,4.502346039,3.185352325,,4.54933691,7.268824577,Guineo-Congolean,5
WA007,2007,5,4.17,5.166810513,5.551689148,2.6657269,,4.168195724,6.235837936,Guineo-Congolean,5
WA007,2007,6,8.06,8.659022331,7.627844334,7.313197136,,7.740467548,10.74775791,Guineo-Congolean,5
WA007,2007,7,3.72,5.71058321,4.607216835,6.16486311,,5.357390881,7.651136875,Guineo-Congolean,5
WA007,2007,8,0.0,1.326175094,2.933406115,1.104266286,,1.217924595,1.941566825,Guineo-Congolean,5
WA007,2007,9,1.74,4.504826069,5.278871536,2.60435605,,5.384487152,3.260447264,Guineo-Congolean,5
WA007,2007,10,0.96,7.047708035,6.560305119,6.084300041,,6.620455742,9.387171745,Guineo-Congolean,5
WA007,2007,11,3.09,5.107746601,5.735567093,3.329707861,,3.920675993,2.733351707,Guineo-Congolean,5
WA007,2007,12,7.15,2.728796721,3.540611744,2.097976446,,2.18658638,2.91934514,Guineo-Congolean,5
WA007,2008,1,2.12,0.160830915,0.828804433,0.073969595,,0.101294555,0.064516127,Guineo-Congolean,5
WA007,2008,2,0.0,1.404783845,2.056215763,1.481272936,,1.827577114,1.232785463,Guineo-Congolean,5
WA007,2008,3,0.0,4.613035679,4.20627594,4.010596275,,4.619822502,3.550454378,Guineo-Congolean,5
WA007,2008,4,2.04,5.256223679,5.688418865,5.042451859,,5.911804199,5.375009537,Guineo-Congolean,5
WA007,2008,5,3.2,10.23410225,8.762835503,10.24349117,,9.397850037,10.98577118,Guineo-Congolean,5
WA007,2008,6,8.3,11.91098404,8.135784149,10.08966541,,8.693026543,18.12267685,Guineo-Congolean,5
WA007,2008,7,3.33,6.846570492,12.61765385,3.309287071,,3.464592218,6.026145458,Guineo-Congolean,5
WA007,2008,8,0.81,1.810134888,3.966875553,1.53403461,,1.820499778,1.917384863,Guineo-Congolean,5
WA007,2008,9,0.32,3.519093513,6.051064968,2.631654024,,3.900813818,2.812549829,Guineo-Congolean,5
WA007,2008,10,1.59,4.872597218,4.092786312,3.271493912,,5.180301666,2.068557978,Guineo-Congolean,5
WA007,2008,11,3.33,4.348115921,3.883658648,3.975977659,,4.214609146,6.156190872,Guineo-Congolean,5
WA007,2008,12,5.53,2.969308615,4.821652889,2.687444925,,2.300543785,4.211694241,Guineo-Congolean,5
WA007,2009,1,2.27,0.95752269,2.869624853,0.438260466,,0.5302369,0.225806445,Guineo-Congolean,5
WA007,2009,2,0.0,3.656325102,4.007845402,3.439338923,,3.51923418,2.314801455,Guineo-Congolean,5
WA007,2009,3,0.0,3.582404613,4.577436447,3.441208601,,4.560421467,2.056491852,Guineo-Congolean,5
WA007,2009,4,1.01,3.821674347,3.289958477,3.883417368,,4.740055084,4.616687775,Guineo-Congolean,5
WA007,2009,5,3.42,7.881010056,8.042230606,7.727707863,,6.443777084,7.354773998,Guineo-Congolean,5
WA007,2009,6,10.47,15.96331406,9.669342995,14.73551369,,9.731446266,15.01839447,Guineo-Congolean,5
WA007,2009,7,1.83,6.254122734,6.80012846,5.851206779,,4.791275024,8.772138596,Guineo-Congolean,5
WA007,2009,8,0.75,1.222831011,2.216941357,1.48693943,,0.760150373,0.590738058,Guineo-Congolean,5
WA007,2009,9,0.0,1.106581807,2.165757418,0.970027924,,0.600283086,1.00001967,Guineo-Congolean,5
WA007,2009,10,0.0,1.461600661,3.068570137,1.978050113,,1.707388639,3.574625731,Guineo-Congolean,5
WA007,2009,11,4.18,4.250387192,3.597907066,2.9160676,,3.854041815,4.141738415,Guineo-Congolean,5
WA007,2009,12,4.59,2.219698429,3.476559877,1.038164735,,1.246756077,3.217730045,Guineo-Congolean,5
WA007,2010,1,4.3,1.029476404,1.810244322,1.558413863,,0.9755193,0.961697578,Guineo-Congolean,5
WA007,2010,2,2.88,2.669920444,3.002524137,2.960165739,,3.397405863,3.870616198,Guineo-Congolean,5
WA007,2010,3,0.0,4.280398846,4.064743042,3.791661263,,3.544636726,3.217780828,Guineo-Congolean,5
WA007,2010,4,0.82,4.992340088,5.795568466,4.986518383,,5.211046696,5.916699409,Guineo-Congolean,5
WA007,2010,5,5.28,6.656475067,7.170122147,8.512910843,,7.740457058,11.0724535,Guineo-Congolean,5
WA007,2010,6,7.3,11.58820438,8.146024704,8.1476717,,8.273675919,12.23313236,Guineo-Congolean,5
WA007,2010,7,3.27,5.521753311,3.692299366,5.320616245,,3.415671825,4.802398205,Guineo-Congolean,5
WA007,2010,8,0.0,2.767623186,4.606049061,3.162761211,,2.22957015,2.899262905,Guineo-Congolean,5
WA007,2010,9,1.3,6.919296741,6.662751198,5.444611073,,4.160305023,8.204294205,Guineo-Congolean,5
WA007,2010,10,0.36,7.210391521,7.532352448,6.73959589,,7.120727062,8.540338516,Guineo-Congolean,5
WA007,2010,11,2.73,4.712291718,5.723474503,3.576519728,,4.755156517,5.69166851,Guineo-Congolean,5
WA007,2010,12,7.66,2.361633062,3.144947529,2.525152683,,1.842026234,2.592726469,Guineo-Congolean,5
WA007,2011,1,3.27,0.828013301,1.61510098,0.616669118,,0.786074817,1.040320516,Guineo-Congolean,5
WA007,2011,2,0.0,2.859948158,4.032117844,4.700257301,,3.424875736,2.270144224,Guineo-Congolean,5
WA007,2011,3,1.26,7.234220982,3.270778179,3.196378708,,3.620498657,2.491986513,Guineo-Congolean,5
WA007,2011,4,0.0,4.963501453,4.651781559,3.910733461,,4.191871166,1.975010633,Guineo-Congolean,5
WA007,2011,5,5.31,5.456071854,4.640127659,6.131758213,,5.895192623,4.935399532,Guineo-Congolean,5
WA007,2011,6,5.75,11.61671638,10.65529919,8.421278954,,6.414255619,10.86226749,Guineo-Congolean,5
WA007,2011,7,3.17,4.456775665,4.767417431,2.260472298,,2.469422579,6.40519619,Guineo-Congolean,5
WA007,2011,8,2.9,1.164860249,2.235661268,1.04886508,,0.830281615,1.399222851,Guineo-Congolean,5
WA007,2011,9,1.91,3.614362717,5.039684296,3.370336056,,3.839273214,3.089643002,Guineo-Congolean,5
WA007,2011,10,0.62,7.994235992,6.623725414,7.969141483,,7.210802555,7.592766762,Guineo-Congolean,5
WA007,2011,11,2.82,4.094625473,3.604732037,3.560757875,,4.24421072,4.291698456,Guineo-Congolean,5
WA007,2011,12,6.84,1.513502717,2.220309019,1.486401439,,1.555311084,2.383068323,Guineo-Congolean,5
WA007,2012,1,4.09,0.440697014,2.141023397,0.405384719,,0.409653246,0.766136408,Guineo-Congolean,5
WA007,2012,2,0.55,1.820482731,4.004349232,1.869408131,,2.100970984,2.265122414,Guineo-Congolean,5
WA007,2012,3,0.39,2.340535641,3.22031951,1.680759072,,2.375034809,1.824636936,Guineo-Congolean,5
WA007,2012,4,0.46,3.38241744,3.986693621,3.316235065,,3.398664474,3.360450506,Guineo-Congolean,5
WA007,2012,5,3.73,7.751913071,7.845398426,5.881257534,,5.965817451,4.693499565,Guineo-Congolean,5
WA007,2012,6,5.7,11.71176815,8.61024189,7.308505058,,7.489465237,11.4227438,Guineo-Congolean,5
WA007,2012,7,3.35,2.375885725,3.346674204,1.703773975,,1.004463077,2.546354055,Guineo-Congolean,5
WA007,2012,8,1.64,0.931626379,2.526186705,0.594648242,,0.418567181,2.008114815,Guineo-Congolean,5
WA007,2012,9,0.0,3.041337252,4.261602402,1.959929228,,3.25707221,3.545883179,Guineo-Congolean,5
WA007,2012,10,0.26,8.965994835,6.498743534,6.409043312,,6.160259724,1.941541195,Guineo-Congolean,5
WA007,2012,11,2.98,4.392907619,4.398618221,5.786020756,,5.35946846,6.489591599,Guineo-Congolean,5
WA007,2012,12,7.64,3.672029972,3.096415043,3.230505466,,2.507516861,9.689507484,Guineo-Congolean,5
WA007,2013,1,3.51,0.268520117,1.36878109,0.110055,,0.344255149,0.252018839,Guineo-Congolean,5
WA007,2013,2,2.35,1.147575021,2.951501846,1.001180291,,1.322182417,0.062505275,Guineo-Congolean,5
WA007,2013,3,1.13,3.385686874,3.328663111,2.607283354,,3.314937592,2.04841423,Guineo-Congolean,5
WA007,2013,4,0.0,3.376815081,4.696386337,2.27485013,,3.33400774,2.845809937,Guineo-Congolean,5
WA007,2013,5,4.84,7.378577232,9.735819817,7.92739439,,7.349881172,6.532190323,Guineo-Congolean,5
WA007,2013,6,6.53,7.508351803,6.046384811,5.255867481,,6.553205013,8.883181572,Guineo-Congolean,5
WA007,2013,7,3.28,2.779331207,4.212001801,2.876214027,,1.949540377,2.695551634,Guineo-Congolean,5
WA007,2013,8,0.89,0.643751383,2.06144762,1.1455158,,0.486807793,0.526221931,Guineo-Congolean,5
WA007,2013,9,0.0,2.681237698,6.207761765,2.076557636,,3.321042776,2.937554836,Guineo-Congolean,5
WA007,2013,10,1.62,3.365018606,3.738395691,2.289035559,,3.881409645,1.987923622,Guineo-Congolean,5
WA007,2013,11,3.03,6.669448853,5.053793907,6.391881943,,6.778080463,8.439591408,Guineo-Congolean,5
WA007,2013,12,6.73,2.069361925,2.626943827,1.957559347,,2.186913967,2.844770193,Guineo-Congolean,5
WA007,2014,1,3.18,0.702636659,2.118264437,0.497533292,,1.176202059,1.250025153,Guineo-Congolean,5
WA007,2014,2,0.0,1.967778444,3.84878087,2.323660135,,2.324552536,1.812532187,Guineo-Congolean,5
WA007,2014,3,1.87,3.284767866,3.098932505,3.795841455,,3.352228403,3.139160633,Guineo-Congolean,5
WA007,2014,4,1.29,6.386021614,4.843318462,5.404391766,,7.044115067,6.858392239,Guineo-Congolean,5
WA007,2014,5,6.14,6.38232851,12.50598431,5.582056522,,6.518351555,4.701605797,Guineo-Congolean,5
WA007,2014,6,10.33,13.53734684,12.40475941,13.77284622,,10.15315723,14.58314133,Guineo-Congolean,5
WA007,2014,7,2.71,8.591631889,6.806222439,13.78510761,,4.419583797,4.010084629,Guineo-Congolean,5
WA007,2014,8,0.59,1.687706232,3.045458555,1.012307167,,1.303701878,0.996003866,Guineo-Congolean,5
WA007,2014,9,0.0,3.427296638,3.872301579,3.611634016,,4.567959309,3.4208951,Guineo-Congolean,5
WA007,2014,10,0.0,2.489905834,4.70951128,2.760469198,,3.155559063,3.754082203,Guineo-Congolean,5
WA007,2014,11,3.21,4.08441782,4.733978271,5.037765026,,4.971134663,6.322983265,Guineo-Congolean,5
WA007,2014,12,6.18,2.021576881,2.943825245,1.420050979,,1.860178828,1.31652832,Guineo-Congolean,5
WA007,2015,1,2.69,0.52716589,1.563948989,0.573099375,,0.780575454,0.70967871,Guineo-Congolean,5
WA007,2015,2,0.32,2.225859404,3.896006823,2.466565847,,2.783440351,3.375062943,Guineo-Congolean,5
WA007,2015,3,0.0,4.692754745,4.11886692,4.012159348,,4.455864906,3.750031948,Guineo-Congolean,5
WA007,2015,4,1.55,4.057329178,4.570240498,3.629424334,,4.24353838,4.391714096,Guineo-Congolean,5
WA007,2015,5,2.85,5.688191891,6.790734291,4.496718884,,5.054186344,5.562448025,Guineo-Congolean,5
WA007,2015,6,11.01,10.97128868,12.74426651,12.98533535,,7.342339516,15.58926296,Guineo-Congolean,5
WA007,2015,7,3.44,3.126689911,2.580867767,1.552822113,,2.001178026,2.153213024,Guineo-Congolean,5
WA007,2015,8,0.59,0.96250385,2.862975836,0.79022181,,0.663222909,1.163324833,Guineo-Congolean,5
WA007,2015,9,0.0,0.852438509,1.877041459,0.588647544,,0.883453727,0.87503165,Guineo-Congolean,5
WA007,2015,10,2.63,5.273423195,4.931411743,8.119633675,,6.828159809,5.951657295,Guineo-Congolean,5
WA007,2015,11,5.4,5.969782352,5.434695244,5.619216919,,6.26055479,7.141654968,Guineo-Congolean,5
WA007,2015,12,7.87,0.570334554,0.943503797,0.303556472,,0.728919148,0.427429646,Guineo-Congolean,5
WA007,2016,1,2.32,0.428642273,0.833961546,0.669947267,,0.291903853,0.89718008,Guineo-Congolean,5
WA007,2016,2,0.76,0.897268116,1.743932128,0.906390429,,0.268013626,1.36210084,Guineo-Congolean,5
WA007,2016,3,0.0,4.640199661,4.206707478,4.312862396,,4.065999508,5.818626881,Guineo-Congolean,5
WA007,2016,4,2.33,2.823470116,4.565754414,2.217626572,,3.547134399,3.650022745,Guineo-Congolean,5
WA007,2016,5,5.01,6.533562183,9.941049576,7.435276985,,5.597849846,7.790234089,Guineo-Congolean,5
WA007,2016,6,7.62,9.264269829,10.81532383,6.761777401,,8.043279648,9.329022408,Guineo-Congolean,5
WA007,2016,7,0.95,1.611575127,2.322117805,0.499335706,,0.738627434,1.370975971,Guineo-Congolean,5
WA007,2016,8,0.0,1.728689909,2.241332293,1.800340056,,2.541715622,1.82866919,Guineo-Congolean,5
WA007,2016,9,1.36,3.492335796,4.303618431,3.273411751,,5.673746109,3.629212141,Guineo-Congolean,5
WA007,2016,10,2.02,5.359675407,5.638697147,4.438399792,,6.140655518,4.766156673,Guineo-Congolean,5
WA007,2016,11,5.39,4.014147758,3.814830065,3.878411293,,4.230042934,3.914589882,Guineo-Congolean,5
WA007,2016,12,5.51,2.02988553,3.202267647,1.974943638,,1.800947666,2.399193048,Guineo-Congolean,5
WA007,2017,1,4.38,1.311146975,1.920276761,2.550780296,,1.386795044,1.217749357,Guineo-Congolean,5
WA007,2017,2,1.77,2.230086803,2.835493803,1.710673809,,2.706959963,3.046936512,Guineo-Congolean,5
WA007,2017,3,0.0,2.020559311,3.033079147,1.248377204,,2.36997056,2.580695629,Guineo-Congolean,5
WA007,2017,4,0.49,4.246377945,4.670060635,4.442261696,,4.846586227,4.541691303,Guineo-Congolean,5
WA007,2017,5,4.34,5.904387951,7.263679981,5.8458848,,5.569023132,7.397047997,Guineo-Congolean,5
WA007,2017,6,7.12,14.10874176,13.98915005,12.15099239,,0.212106317,11.13108921,Guineo-Congolean,5
WA007,2017,7,1.68,3.08961606,4.347648144,2.0705266,,0.098878063,3.201605558,Guineo-Congolean,5
WA007,2017,8,0.09,3.255968571,3.808452129,3.477213144,,2.067770481,2.024232864,Guineo-Congolean,5
WA007,2017,9,0.09,2.342964649,3.815331697,1.827859521,,3.268923044,2.260457277,Guineo-Congolean,5
WA007,2017,10,0.31,10.39523697,5.999469757,10.71889591,,9.873029709,9.004041672,Guineo-Congolean,5
WA007,2017,11,3.3,6.352184772,6.646304607,6.509651661,,6.069517136,6.383335114,Guineo-Congolean,5
WA007,2017,12,6.95,1.980615258,3.247931242,1.893638492,,2.140666008,1.314514279,Guineo-Congolean,5
WA007,2018,1,3.95,0.338148236,1.948696733,0.255385041,,0.237390533,0.260078579,Guineo-Congolean,5
WA007,2018,2,1.05,2.013203621,2.769931793,3.13314867,,2.655963659,1.062527776,Guineo-Congolean,5
WA007,2018,3,0.12,3.126849174,3.575074673,4.094375134,,3.249018192,4.875063896,Guineo-Congolean,5
WA007,2018,4,0.0,2.486672401,4.591290951,2.201512575,,3.165705204,2.981273413,Guineo-Congolean,5
WA007,2018,5,4.12,6.07439661,8.332519531,7.214848995,,5.935270309,5.687403202,Guineo-Congolean,5
WA007,2018,6,5.1,9.663804054,10.09096909,7.701823235,,7.32024622,9.939422607,Guineo-Congolean,5
WA007,2018,7,4.6,5.385378838,7.020608902,3.467143297,,3.365027905,4.118920803,Guineo-Congolean,5
WA007,2018,8,0.5,1.990983009,2.555924177,2.207829237,,2.104562759,2.802475214,Guineo-Congolean,5
WA007,2018,9,0.55,3.115350962,8.072559357,2.328484297,,4.58727932,3.622993231,Guineo-Congolean,5
WA007,2018,10,1.7,6.779671669,6.205596924,4.985456467,,6.273019314,6.653258801,Guineo-Congolean,5
WA007,2018,11,1.56,5.278094769,4.790602684,4.470007896,,4.427045822,2.756238699,Guineo-Congolean,5
WA007,2018,12,5.03,1.09999454,2.596509218,0.756486893,,0.783237755,0.790311694,Guineo-Congolean,5
WA007,2019,1,4.34,0.696724176,2.928328753,0.669377744,,0.653292537,0.590718985,Guineo-Congolean,5
WA007,2019,2,0.49,1.565217614,3.784576178,1.70915997,,2.458416939,2.020103455,Guineo-Congolean,5
WA007,2019,3,0.71,2.731449604,3.235605717,3.060382605,,3.129672766,2.237965107,Guineo-Congolean,5
WA007,2019,4,0.0,5.031652451,6.310468197,4.677364349,,5.023572922,5.879095078,Guineo-Congolean,5
WA007,2019,5,4.83,8.381786346,9.335911751,8.987318993,,7.285727024,11.1528101,Guineo-Congolean,5
WA007,2019,6,8.67,6.712370872,7.148564816,4.76788044,,4.168046474,13.76451588,Guineo-Congolean,5
WA007,2019,7,4.6,3.126446724,3.276514292,1.773732305,,2.040694714,2.858882904,Guineo-Congolean,5
WA007,2019,8,0.17,1.51005435,1.92402184,1.027783751,,1.344505072,1.211730361,Guineo-Congolean,5
WA007,2019,9,0.0,6.430006027,8.878700256,5.829313755,,6.15008831,7.326957226,Guineo-Congolean,5
WA007,2019,10,1.46,10.12588882,8.80052948,10.27723026,,10.78347778,9.124599457,Guineo-Congolean,5
WA007,2019,11,5.53,4.479157448,4.97503376,3.775095463,,3.579686403,3.272892952,Guineo-Congolean,5
WA007,2019,12,8.31,2.123901844,3.450135946,2.004919052,,2.35030508,1.227793574,Guineo-Congolean,5
WA007,2020,1,2.9,0.457812577,1.028946161,0.144465983,,0.185130864,0.278229892,Guineo-Congolean,5
WA007,2020,2,1.34,1.035590649,2.279173136,0.730310559,,1.198022366,1.452592611,Guineo-Congolean,5
WA007,2020,3,1.58,4.168346405,4.807934284,4.211619854,,4.644465923,3.939528942,Guineo-Congolean,5
WA007,2020,4,2.45,3.365272999,3.669870853,3.21514082,,4.581297874,4.031306744,Guineo-Congolean,5
WA007,2020,5,2.9,8.184088707,8.450344086,6.253407001,,7.747794628,10.18526077,Guineo-Congolean,5
WA007,2020,6,7.22,14.27323818,7.122480869,13.99044132,,10.60096073,12.01044083,Guineo-Congolean,5
WA007,2020,7,4.93,3.012418985,2.400093794,1.294909596,,1.320190668,2.135074615,Guineo-Congolean,5
WA007,2020,8,0.57,0.607053399,1.214451671,0.93514955,,0.321227521,0.598799109,Guineo-Congolean,5
WA007,2020,9,0.0,2.917846203,3.516765594,2.16285181,,4.55315876,2.345869064,Guineo-Congolean,5
WA007,2020,10,1.02,10.61387253,5.757363319,10.50768852,,12.1411972,5.975814819,Guineo-Congolean,5
WA007,2020,11,4.72,5.154289246,6.843502998,7.118773937,,7.500273228,7.106290817,Guineo-Congolean,5
WA007,2020,12,7.61,2.01218009,3.306242228,1.925442934,,1.955944419,1.796344638,Guineo-Congolean,5
WA008,2000,1,3.52,0.023587583,0.412054986,,0.131829828,0.351605803,0.0,Guinean,4
WA008,2000,2,1.33,0.029372254,0.063415535,,0.00318893,0.084375598,0.0,Guinean,4
WA008,2000,3,0.0,0.198030725,0.071315005,,0.054999564,0.133373901,0.0,Guinean,4
WA008,2000,4,0.79,2.735648632,0.274381399,,0.824214816,1.817409396,0.222898886,Guinean,4
WA008,2000,5,3.63,4.1007514,3.69139123,,2.333179235,5.739250183,2.257970095,Guinean,4
WA008,2000,6,8.34,10.57761478,10.87532711,10.4480381,8.076692581,11.59170914,16.12071037,Guinean,4
WA008,2000,7,4.59,21.52261162,23.94544029,17.77170944,12.28416061,12.9397831,39.33475494,Guinean,4
WA008,2000,8,0.0,20.0333004,18.86161804,17.28854179,20.19582939,14.41522026,35.54636765,Guinean,4
WA008,2000,9,0.29,13.12179184,20.02129173,13.81004047,8.930635452,12.84926319,18.79999542,Guinean,4
WA008,2000,10,1.8,8.171068192,11.25212955,7.406079292,4.387542248,10.35499668,14.78809261,Guinean,4
WA008,2000,11,4.49,2.235641003,2.549617767,1.038174391,1.869147182,1.859138727,6.139336109,Guinean,4
WA008,2000,12,5.75,0.093007259,0.022873459,0.029896231,5.12e-05,0.189888418,0.0,Guinean,4
WA008,2001,1,4.82,0.026462384,0.002663763,0.005897878,,0.018005392,0.0,Guinean,4
WA008,2001,2,0.0,0.079573892,0.001642325,0.017803675,,0.170019209,0.0,Guinean,4
WA008,2001,3,2.27,0.148793593,0.041843556,0.044902064,,0.069282167,0.024185026,Guinean,4
WA008,2001,4,1.78,0.598775268,0.092013672,0.18523331,,0.276798517,0.124952316,Guinean,4
WA008,2001,5,4.36,3.244892359,2.756422997,5.450767994,,4.619175434,1.920811772,Guinean,4
WA008,2001,6,7.7,10.11156082,13.8291893,13.25977516,,13.79215145,17.28576851,Guinean,4
WA008,2001,7,3.74,21.11710167,16.18637466,22.61659622,,16.91638565,33.29642105,Guinean,4
WA008,2001,8,1.35,19.09722328,26.50492096,24.92288399,,17.56212616,26.24791908,Guinean,4
WA008,2001,9,0.04,16.51718712,14.7724371,18.1657486,,16.70981979,15.21869946,Guinean,4
WA008,2001,10,0.79,10.55156994,4.906612396,8.042613983,,10.29299545,6.755637169,Guinean,4
WA008,2001,11,5.09,3.555593729,3.575833559,2.464877129,,3.739721775,4.735931873,Guinean,4
WA008,2001,12,6.8,0.34286353,0.114788704,0.119902946,,0.087018736,0.048370052,Guinean,4
WA008,2002,1,3.23,0.02401451,0.404037744,0.365056068,,0.273327529,0.0,Guinean,4
WA008,2002,2,0.0,0.010353392,0.0106424,0.005338815,,0.075313941,0.0,Guinean,4
WA008,2002,3,0.0,0.231578603,0.052490965,0.077429272,,0.297406822,0.024185026,Guinean,4
WA008,2002,4,0.0,0.63105762,0.024179207,0.237830043,,0.371146083,0.595772803,Guinean,4
WA008,2002,5,4.91,1.910733342,0.975537658,2.619919777,,1.652885199,3.550144196,Guinean,4
WA008,2002,6,9.76,7.051437855,18.39740181,12.69570446,,10.74695778,10.21883011,Guinean,4
WA008,2002,7,5.78,20.74965477,14.568923,15.08333683,,14.01916409,28.73270226,Guinean,4
WA008,2002,8,0.0,26.12057686,28.08621979,23.65194511,,19.83753014,27.4812851,Guinean,4
WA008,2002,9,1.41,6.662307739,10.97745037,15.32765579,,14.7348156,18.92019081,Guinean,4
WA008,2002,10,2.28,4.020053864,7.265207767,10.45653629,,11.81380749,9.096650124,Guinean,4
WA008,2002,11,3.43,1.203345656,1.81324625,2.275456667,,1.516467333,0.481082529,Guinean,4
WA008,2002,12,7.63,0.136101678,0.054940794,0.044527113,,0.076072164,0.120962761,Guinean,4
WA008,2003,1,1.49,0.031167341,0.181020766,0.032436751,,0.048456304,0.0,Guinean,4
WA008,2003,2,0.83,0.000245551,0.003128872,0.016495712,,0.041793276,0.086988956,Guinean,4
WA008,2003,3,0.0,0.064861506,0.026479635,0.019781625,,0.074926779,0.024185026,Guinean,4
WA008,2003,4,0.75,1.362472177,0.147374749,1.31775713,,1.203214765,1.78313303,Guinean,4
WA008,2003,5,2.05,3.097982168,2.905249119,2.655828953,,2.528184891,1.064261913,Guinean,4
WA008,2003,6,8.18,7.927651405,15.58456802,17.06934166,,13.55238533,15.96274185,Guinean,4
WA008,2003,7,5.28,25.23873329,19.40967178,25.83742332,,17.70405579,13.7864666,Guinean,4
WA008,2003,8,0.0,17.29987526,31.74947739,26.3806324,,19.71111298,45.86585236,Guinean,4
WA008,2003,9,0.0,16.33009529,13.27587414,18.20829582,,18.19565201,25.97513962,Guinean,4
WA008,2003,10,0.0,3.69392848,9.003380775,8.989151955,,9.955575943,9.717446327,Guinean,4
WA008,2003,11,3.67,2.250548124,3.471852064,6.350904942,,5.629738808,7.838922024,Guinean,4
WA008,2003,12,6.77,0.1105377,0.266594648,0.06834574,,0.048873182,0.048370052,Guinean,4
WA008,2004,1,2.06,0.032564107,0.106575824,0.018932462,,0.024405951,0.0,Guinean,4
WA008,2004,2,1.07,0.058555134,0.017743692,0.008810604,,0.061882067,0.0,Guinean,4
WA008,2004,3,0.0,0.160876155,0.069581695,0.051469598,,0.078757167,0.024185026,Guinean,4
WA008,2004,4,0.0,1.671954751,0.62531352,0.64536345,,0.776512682,0.304125965,Guinean,4
WA008,2004,5,3.31,1.700873256,4.911033154,1.781441689,,2.957819939,6.510202408,Guinean,4
WA008,2004,6,8.84,7.629141808,9.425073624,11.58151436,,10.40653515,16.59590912,Guinean,4
WA008,2004,7,4.75,20.40449524,21.13703537,22.57857132,,16.30599785,43.63156891,Guinean,4
WA008,2004,8,0.34,23.25294685,17.70108795,15.35466957,,11.49008083,32.38105392,Guinean,4
WA008,2004,9,1.27,14.78930378,13.12996864,10.96686745,,13.44554806,17.22055817,Guinean,4
WA008,2004,10,0.0,5.055152416,5.42284584,3.917984724,,8.402345657,3.320119143,Guinean,4
WA008,2004,11,4.04,2.502005816,3.483026743,2.534146309,,2.231533051,5.457839012,Guinean,4
WA008,2004,12,7.68,0.11980816,1.004340649,0.228655517,,0.101955675,0.024185026,Guinean,4
WA008,2005,1,3.41,0.02603288,0.080646552,0.028213965,,0.038797993,0.0,Guinean,4
WA008,2005,2,1.04,0.059046496,0.486178219,0.093746364,,0.189488024,0.0,Guinean,4
WA008,2005,3,0.0,0.366444379,0.361324519,0.308336854,,0.419221431,0.626967669,Guinean,4
WA008,2005,4,1.14,1.850917935,0.669268191,0.321692705,,0.817112267,0.124952316,Guinean,4
WA008,2005,5,4.69,3.860714436,5.432285309,3.505507708,,3.703287363,4.522139549,Guinean,4
WA008,2005,6,3.85,5.865626812,17.08369255,12.57795048,,7.651296139,2.404212475,Guinean,4
WA008,2005,7,5.49,15.63149643,21.47150993,12.26511097,,5.703589439,27.64492416,Guinean,4
WA008,2005,8,0.0,19.94808769,26.69028091,19.68767357,,12.29020596,32.24015808,Guinean,4
WA008,2005,9,0.0,10.54232979,18.29333496,11.72108936,,10.3391571,25.45609665,Guinean,4
WA008,2005,10,1.78,19.13883781,5.541321278,7.915744781,,10.04577637,7.068885326,Guinean,4
WA008,2005,11,3.6,1.288865924,3.544964552,2.252263546,,2.672796965,0.481082529,Guinean,4
WA008,2005,12,5.67,0.163027972,0.891721785,0.160216734,,0.142723829,0.048370052,Guinean,4
WA008,2006,1,2.63,0.022684965,0.299945623,0.04501199,,0.139712617,0.0,Guinean,4
WA008,2006,2,1.78,0.044707488,0.050067779,0.1387413,,0.098377965,0.0,Guinean,4
WA008,2006,3,0.0,0.147902742,0.093308248,0.025120439,,0.093211316,0.0,Guinean,4
WA008,2006,4,1.91,1.478097677,1.076919794,2.22910738,,2.404534817,0.0,Guinean,4
WA008,2006,5,3.93,3.034881592,2.23562026,1.728539228,,2.841032982,3.495679855,Guinean,4
WA008,2006,6,6.01,9.16721344,13.07444572,7.311057091,,10.12249756,16.39393234,Guinean,4
WA008,2006,7,3.27,20.58621979,14.95423985,14.95609856,,10.1501503,18.97078705,Guinean,4
WA008,2006,8,0.0,39.44573593,20.56338692,32.80962753,,28.14688492,40.24684143,Guinean,4
WA008,2006,9,1.58,14.00966454,15.90307045,12.12273693,,13.42387581,22.42465591,Guinean,4
WA008,2006,10,1.42,13.85698891,6.892175674,10.59927845,,12.91554737,11.75582981,Guinean,4
WA008,2006,11,1.85,1.612119555,0.939908564,1.018583179,,1.576177597,0.0,Guinean,4
WA008,2006,12,7.0,0.040282611,0.037205122,0.095363796,,0.085391194,0.024185026,Guinean,4
WA008,2007,1,2.92,0.007747745,0.003077067,0.010788554,,0.001827159,0.0,Guinean,4
WA008,2007,2,2.12,0.061335988,0.129496157,0.593827903,,0.17770198,0.0,Guinean,4
WA008,2007,3,0.0,0.173419073,0.032030903,0.028494615,,0.243340999,0.048366509,Guinean,4
WA008,2007,4,2.51,0.963279903,0.091040865,0.259360045,,0.362566262,0.0,Guinean,4
WA008,2007,5,3.96,2.384637594,2.27339673,1.419563651,,1.408659577,2.346515656,Guinean,4
WA008,2007,6,6.05,8.025391579,12.65114021,7.548966885,,7.870499611,2.36044836,Guinean,4
WA008,2007,7,3.15,23.45965195,26.48481941,18.34560776,,11.03841305,27.19997215,Guinean,4
WA008,2007,8,0.0,29.29144669,34.65062332,20.31340408,,18.07826233,77.39324951,Guinean,4
WA008,2007,9,0.0,15.86785126,14.0251627,14.09817886,,14.22642994,17.35830116,Guinean,4
WA008,2007,10,0.62,8.749838829,5.839924335,5.626333237,,6.793485641,5.983808994,Guinean,4
WA008,2007,11,2.47,2.637917995,2.453572035,2.115392923,,1.688211799,3.133304119,Guinean,4
WA008,2007,12,4.77,0.439400703,1.322682977,0.692490876,,0.436800867,0.024185026,Guinean,4
WA008,2008,1,3.53,0.00754607,0.002826519,0.0,,0.042297918,0.0,Guinean,4
WA008,2008,2,0.0,0.061713744,0.3346726,0.051449012,,0.162955523,0.025849175,Guinean,4
WA008,2008,3,0.0,0.204223782,0.078491807,0.052025251,,0.280078322,0.0,Guinean,4
WA008,2008,4,0.0,0.92694366,0.215447441,0.137424245,,0.685019851,0.0,Guinean,4
WA008,2008,5,2.91,5.709102631,3.12189579,2.191254139,,4.124673367,3.165219307,Guinean,4
WA008,2008,6,10.0,10.53027344,12.39525032,11.53803349,,10.72983074,17.23387337,Guinean,4
WA008,2008,7,4.07,24.92791939,20.78772354,19.52284241,,16.83238029,35.37565613,Guinean,4
WA008,2008,8,0.81,25.07226181,28.02690887,24.66904068,,17.17868042,38.64979172,Guinean,4
WA008,2008,9,0.0,13.36186123,12.79016685,12.52552509,,11.30036545,19.06260109,Guinean,4
WA008,2008,10,0.0,8.476033211,7.555538177,7.712281227,,10.21121025,10.93735027,Guinean,4
WA008,2008,11,4.27,1.214826345,1.499222875,0.473400742,,0.655186117,0.0,Guinean,4
WA008,2008,12,6.22,0.057045318,0.748387277,0.044061255,,0.064065509,0.024185026,Guinean,4
WA008,2009,1,5.14,0.032892734,0.160314217,0.025685107,,0.020271769,0.0,Guinean,4
WA008,2009,2,0.0,0.01662527,0.006093756,0.068723343,,0.04023977,0.0,Guinean,4
WA008,2009,3,0.14,0.284024954,0.028881377,0.033267092,,0.150248125,0.0,Guinean,4
WA008,2009,4,0.0,0.389255166,0.005762768,0.125804141,,0.375623137,0.0,Guinean,4
WA008,2009,5,4.21,1.637959242,0.589998901,1.389230251,,2.173324347,3.729732513,Guinean,4
WA008,2009,6,6.7,12.05278015,8.82512188,10.98667908,,4.942634106,8.59168911,Guinean,4
WA008,2009,7,3.66,17.29885101,10.8897562,17.17868996,,5.076236725,23.41953659,Guinean,4
WA008,2009,8,0.2,18.64134216,29.16640663,15.61412907,,10.28281021,45.11737442,Guinean,4
WA008,2009,9,0.0,13.13117027,21.00184822,19.87535858,,14.13653564,25.81650734,Guinean,4
WA008,2009,10,1.11,9.380330086,7.468668938,3.570395231,,4.625459671,8.46352005,Guinean,4
WA008,2009,11,4.3,2.709049702,2.662512779,2.441105127,,1.759689569,0.0,Guinean,4
WA008,2009,12,7.39,0.104946762,0.036604505,0.0492098,,0.038896043,0.0,Guinean,4
WA008,2010,1,3.46,0.019529415,0.019449299,0.030472565,,0.062468305,0.0,Guinean,4
WA008,2010,2,1.5,0.043119881,0.019112427,0.041909546,,0.099623851,0.0,Guinean,4
WA008,2010,3,0.21,0.193059683,0.075096495,0.055962443,,0.171171919,0.0,Guinean,4
WA008,2010,4,0.12,2.141023636,0.937255442,2.292747021,,1.224978924,2.793458939,Guinean,4
WA008,2010,5,4.13,7.039596558,4.319702625,5.884737492,,3.724453449,5.338339806,Guinean,4
WA008,2010,6,9.62,11.87443447,10.32699013,13.38841724,,7.828218937,16.21660995,Guinean,4
WA008,2010,7,2.32,23.75620651,15.79694462,13.96457481,,7.867822647,39.20584869,Guinean,4
WA008,2010,8,1.46,27.10822868,21.70557404,14.44458199,,9.687029839,37.70180893,Guinean,4
WA008,2010,9,0.0,13.86531067,22.6940937,10.45127678,,8.044492722,25.96484947,Guinean,4
WA008,2010,10,0.77,7.732300758,8.917644501,5.309569359,,5.935687542,7.872751713,Guinean,4
WA008,2010,11,5.97,2.48613286,1.951324463,2.137288094,,1.451569319,1.876950026,Guinean,4
WA008,2010,12,8.11,0.123629488,0.969443738,1.375663042,,0.723365128,0.024185026,Guinean,4
WA008,2011,1,4.21,0.010072711,0.005865616,0.040308833,,0.002463651,0.0,Guinean,4
WA008,2011,2,0.0,0.015212917,0.033102874,0.064119019,,0.077668689,0.0,Guinean,4
WA008,2011,3,0.54,0.156789273,0.082868181,0.060938522,,0.062949538,0.0,Guinean,4
WA008,2011,4,0.18,2.253786325,0.298287719,1.376887321,,0.947629988,0.0,Guinean,4
WA008,2011,5,3.02,3.71689105,2.687112808,1.786044121,,2.133089542,3.088529348,Guinean,4
WA008,2011,6,7.14,11.61308479,12.55213737,13.05473423,,8.279277802,11.18536758,Guinean,4
WA008,2011,7,4.25,22.48448944,18.48873711,19.53198624,,5.084823132,34.72740555,Guinean,4
WA008,2011,8,0.0,27.05818558,24.16482162,22.37346077,,9.740819931,49.80849075,Guinean,4
WA008,2011,9,0.0,15.78609848,12.00454521,8.924245834,,7.283833504,16.8039341,Guinean,4
WA008,2011,10,0.0,9.236226082,5.871516705,6.310446739,,4.563572407,4.645316124,Guinean,4
WA008,2011,11,4.49,1.936689615,3.323585272,1.377785206,,1.253684402,0.0,Guinean,4
WA008,2011,12,8.18,0.068975143,0.148794457,0.090434738,,0.190172091,0.288297743,Guinean,4
WA008,2012,1,4.29,0.009034673,0.086047813,0.0,,0.008663327,0.0,Guinean,4
WA008,2012,2,1.71,0.075376041,0.003365968,0.090459898,,0.113656759,0.0,Guinean,4
WA008,2012,3,0.61,0.072919838,0.039469413,0.000842554,,0.050143175,0.0,Guinean,4
WA008,2012,4,0.99,1.71506083,0.247358084,0.577546418,,0.944127381,0.520806611,Guinean,4
WA008,2012,5,4.38,3.80794239,3.811130285,2.488436222,,3.597491026,5.913407803,Guinean,4
WA008,2012,6,7.39,9.653626442,10.25688362,7.949676037,,7.049589634,14.23106575,Guinean,4
WA008,2012,7,3.34,24.31717682,23.01309967,24.52028084,,15.09165382,28.85407066,Guinean,4
WA008,2012,8,3.27,19.78001785,32.65472031,21.92027664,,17.30586243,36.55699158,Guinean,4
WA008,2012,9,0.0,13.7779932,17.47813034,9.876749992,,11.39410877,26.54574585,Guinean,4
WA008,2012,10,0.0,11.34594822,5.753799438,7.835236073,,9.75810051,5.667014122,Guinean,4
WA008,2012,11,4.54,3.916921616,4.356980324,2.9954772,,5.016339302,0.149980888,Guinean,4
WA008,2012,12,7.81,0.266277462,0.740154445,0.616187751,,0.471912861,0.024185026,Guinean,4
WA008,2013,1,2.24,0.026429661,0.017362563,0.011156897,,0.08099477,0.0,Guinean,4
WA008,2013,2,1.9,0.003152431,0.004551907,0.028210575,,0.050623931,0.020072198,Guinean,4
WA008,2013,3,0.38,0.20980601,0.080647208,0.005059832,,0.149332613,0.0,Guinean,4
WA008,2013,4,0.0,0.352093846,0.039119687,0.081361867,,0.226903722,0.887434363,Guinean,4
WA008,2013,5,5.49,5.915090561,4.09589529,4.973249912,,6.075662613,4.123196125,Guinean,4
WA008,2013,6,8.28,12.97367668,9.015236855,17.13949966,,14.29126167,8.593606949,Guinean,4
WA008,2013,7,2.42,17.6700325,16.19550514,14.63893986,,10.71974182,27.34137154,Guinean,4
WA008,2013,8,2.72,39.35024261,27.22981262,25.76538277,,19.49526978,43.42834091,Guinean,4
WA008,2013,9,1.32,15.91599083,12.21157932,18.49847221,,16.915802,24.98942184,Guinean,4
WA008,2013,10,0.49,9.081212044,6.584518909,9.371060371,,10.18723965,8.768055916,Guinean,4
WA008,2013,11,5.99,1.87913239,2.290053606,2.614624262,,2.518670559,2.797760248,Guinean,4
WA008,2013,12,7.7,0.117563881,0.368240863,0.038427301,,0.607346952,0.024185026,Guinean,4
WA008,2014,1,3.96,0.019524889,0.159493566,0.008908767,,0.045385141,0.0,Guinean,4
WA008,2014,2,0.0,0.0280356,0.011179999,0.008247581,,0.119443566,0.0,Guinean,4
WA008,2014,3,1.23,0.093689926,0.016525872,0.20323047,,0.077431224,0.0,Guinean,4
WA008,2014,4,1.1,0.48180306,0.06039615,0.514283895,,0.423003912,0.0,Guinean,4
WA008,2014,5,4.02,5.180443287,2.874850035,1.580969334,,3.85701561,19.56372261,Guinean,4
WA008,2014,6,6.51,9.823206902,7.576145649,15.07990932,,8.691584587,7.210351467,Guinean,4
WA008,2014,7,4.16,22.57426453,12.34759903,21.62829018,,14.60308075,17.81854439,Guinean,4
WA008,2014,8,0.41,23.9351635,30.43532181,21.35250092,,15.46592045,31.04512405,Guinean,4
WA008,2014,9,0.0,14.05392361,15.1829319,14.7230196,,16.30282974,23.58953476,Guinean,4
WA008,2014,10,0.0,10.31960964,6.337611675,10.50407124,,10.35368061,6.385168552,Guinean,4
WA008,2014,11,4.71,2.601521492,4.638081074,1.945333838,,3.881664515,0.481082529,Guinean,4
WA008,2014,12,4.25,0.156649813,0.60359627,0.154030383,,0.286788374,0.0,Guinean,4
WA008,2015,1,4.26,0.01051665,0.009487437,0.010779751,,0.042060439,0.0,Guinean,4
WA008,2015,2,0.0,0.068380967,0.134233639,0.025967501,,0.221805051,0.0,Guinean,4
WA008,2015,3,2.14,0.21670635,0.042492691,0.011533494,,0.160329401,0.0,Guinean,4
WA008,2015,4,0.0,0.276341379,0.21220237,0.729657471,,0.296698928,0.545832992,Guinean,4
WA008,2015,5,4.82,4.338770866,2.396227837,2.834250689,,2.492115736,1.556335211,Guinean,4
WA008,2015,6,7.0,8.716338158,7.302868366,13.70469856,,11.11602402,8.033258438,Guinean,4
WA008,2015,7,4.14,22.33102798,18.75716209,24.80813408,,11.63349724,25.02652931,Guinean,4
WA008,2015,8,1.42,24.54863739,26.7728405,22.17996788,,15.94321156,61.46750259,Guinean,4
WA008,2015,9,0.0,16.61616135,24.23529816,15.47014141,,10.03408909,13.76665974,Guinean,4
WA008,2015,10,1.75,8.262056351,7.978042603,8.930913925,,9.351762772,17.70570564,Guinean,4
WA008,2015,11,2.76,1.612210751,2.59916544,2.632013559,,1.869293928,0.0,Guinean,4
WA008,2015,12,7.87,0.213193431,0.03812395,0.067851186,,0.335760742,0.0,Guinean,4
WA008,2016,1,5.15,0.03691487,0.159138724,0.509944081,,0.137668878,0.0,Guinean,4
WA008,2016,2,1.33,0.077110477,0.006219561,0.070964985,,0.128976658,0.025849175,Guinean,4
WA008,2016,3,2.9,0.255202174,0.007093399,0.000842554,,0.146230996,0.094752915,Guinean,4
WA008,2016,4,0.0,1.328087211,0.23343952,1.103007078,,1.196565509,0.772873938,Guinean,4
WA008,2016,5,2.28,3.293649197,1.144313931,3.973116159,,2.172957897,5.822551727,Guinean,4
WA008,2016,6,6.26,14.6430378,7.622612476,13.76510811,,16.59172058,10.39761734,Guinean,4
WA008,2016,7,4.83,27.46640778,31.44961166,27.21338844,,17.92741013,34.01417542,Guinean,4
WA008,2016,8,1.12,25.90592575,29.51600075,24.05699921,,18.52433205,35.4498558,Guinean,4
WA008,2016,9,0.63,23.4614048,24.66755867,21.22812653,,16.09420967,21.25206375,Guinean,4
WA008,2016,10,0.0,8.826490402,6.391178131,5.496809959,,5.45605135,8.939311981,Guinean,4
WA008,2016,11,4.96,1.597354531,2.762397289,1.394912243,,1.271165967,2.029056311,Guinean,4
WA008,2016,12,5.97,0.094754979,0.398239672,0.030181369,,0.128406629,0.235863134,Guinean,4
WA008,2017,1,5.45,0.023341585,0.023614144,0.002811702,,0.036120601,0.0,Guinean,4
WA008,2017,2,4.07,0.024462963,0.028225809,0.006465408,,0.056266934,0.026772359,Guinean,4
WA008,2017,3,0.96,0.819125295,0.073773213,0.309547126,,0.111138932,0.094752915,Guinean,4
WA008,2017,4,1.23,1.437265396,0.196498007,1.422889829,,0.786357999,0.741629243,Guinean,4
WA008,2017,5,3.38,5.465539455,5.747284889,5.159906387,,3.81461072,4.943462372,Guinean,4
WA008,2017,6,5.24,11.08605385,13.31032753,20.41379547,,0.098309889,13.27082157,Guinean,4
WA008,2017,7,3.25,27.53072929,26.87936211,24.87471199,,0.194855139,35.07883072,Guinean,4
WA008,2017,8,0.0,33.51384354,20.01258659,22.50545311,,20.35897636,36.93379211,Guinean,4
WA008,2017,9,0.0,16.925457,22.01574707,15.19294071,,15.88891697,18.21847916,Guinean,4
WA008,2017,10,2.65,8.017550468,4.226597786,4.279134274,,7.484138489,9.066319466,Guinean,4
WA008,2017,11,4.34,2.47556448,2.814045906,3.460885048,,2.492017746,2.472816706,Guinean,4
WA008,2017,12,7.97,0.0364663,0.104710326,0.015556641,,0.054380864,0.306434572,Guinean,4
WA008,2018,1,3.61,0.011064125,0.009557498,0.022303347,,0.04464063,0.0,Guinean,4
WA008,2018,2,0.28,0.096849017,0.028645355,0.174217284,,0.300650299,0.026772359,Guinean,4
WA008,2018,3,1.71,0.148186088,0.061166376,0.041338269,,0.102960192,0.127010971,Guinean,4
WA008,2018,4,0.46,0.548127234,0.061106738,0.111736819,,0.452188373,0.741629243,Guinean,4
WA008,2018,5,4.66,1.111399651,0.938726664,0.296132296,,0.882727802,3.229626179,Guinean,4
WA008,2018,6,7.25,8.518586159,11.06996441,11.3254385,,9.431271553,13.49575043,Guinean,4
WA008,2018,7,3.57,18.98771667,35.90171051,12.82762527,,6.091395378,32.04424667,Guinean,4
WA008,2018,8,0.0,23.03733826,30.81328964,14.79128456,,12.90405083,35.0605545,Guinean,4
WA008,2018,9,0.0,14.93426323,15.61037159,16.40681648,,15.32820034,22.06874657,Guinean,4
WA008,2018,10,0.17,7.945783615,7.135840893,6.038349628,,7.794636726,10.27615261,Guinean,4
WA008,2018,11,4.07,3.343962669,3.679498672,1.706301808,,2.166397333,2.093634367,Guinean,4
WA008,2018,12,5.89,0.040949132,0.096783027,0.029524142,,0.168148905,0.235863134,Guinean,4
WA008,2019,1,3.96,0.038197704,0.00325713,0.083698474,,0.026006835,0.0,Guinean,4
WA008,2019,2,0.57,0.011591383,0.002452835,0.033643257,,0.101013407,0.0,Guinean,4
WA008,2019,3,0.0,0.107475124,0.014119631,0.044623081,,0.15919669,0.012107059,Guinean,4
WA008,2019,4,0.0,0.501245141,0.412022799,0.40952006,,0.643351614,1.987475395,Guinean,4
WA008,2019,5,4.51,2.558629751,1.557457447,4.261713505,,3.70731473,2.189404249,Guinean,4
WA008,2019,6,7.98,9.607159615,6.58244133,7.019659996,,7.22719717,7.097810745,Guinean,4
WA008,2019,7,2.56,28.00160789,36.69893646,29.55391312,,18.90111732,59.62757874,Guinean,4
WA008,2019,8,0.7,26.29371643,32.35055542,39.11822891,,20.84758186,49.44576263,Guinean,4
WA008,2019,9,1.78,15.03310966,15.83022404,11.63041592,,10.9428215,18.6396637,Guinean,4
WA008,2019,10,1.47,8.161639214,6.389770985,8.464149475,,10.77898312,8.907036781,Guinean,4
WA008,2019,11,3.88,3.856347561,3.08554244,4.961004257,,4.27781868,2.058280468,Guinean,4
WA008,2019,12,6.92,0.004273375,0.096199371,0.102907293,,0.102608845,0.032258064,Guinean,4
WA008,2020,1,3.21,0.023519889,0.005567252,0.05662163,,0.095692284,0.0,Guinean,4
WA008,2020,2,1.08,0.001405369,0.010551119,0.022498574,,0.056547038,0.0,Guinean,4
WA008,2020,3,0.74,0.287418246,0.115957737,0.008151613,,0.245366514,0.14917472,Guinean,4
WA008,2020,4,1.29,4.434753418,1.365607381,1.691611171,,1.821660995,3.185190916,Guinean,4
WA008,2020,5,4.16,5.126696587,2.540963411,5.516891479,,4.634482384,2.967554569,Guinean,4
WA008,2020,6,8.52,8.173072815,10.53325939,4.620893955,,5.542237282,10.16866684,Guinean,4
WA008,2020,7,4.12,21.64472961,42.61502457,25.00989914,,15.60987473,70.46602631,Guinean,4
WA008,2020,8,1.48,24.5237999,25.93040276,13.01156712,,9.969130516,40.64527893,Guinean,4
WA008,2020,9,1.59,17.0084362,17.00877571,13.1282444,,15.88313103,21.2932148,Guinean,4
WA008,2020,10,0.0,7.103610516,8.681176186,8.874033928,,13.0686779,10.55366802,Guinean,4
WA008,2020,11,1.74,1.775135756,1.969379067,2.189832926,,2.49492383,1.672840238,Guinean,4
WA008,2020,12,9.43,0.044609983,0.62049228,0.026437301,,0.07866317,0.153217286,Guinean,4
WA009,2000,1,5.14,0.187321857,3.288676023,,0.727179289,1.433271766,0.0,Guinean,4
WA009,2000,2,0.75,0.16411975,0.559011221,,0.004060788,0.259660035,0.0,Guinean,4
WA009,2000,3,1.11,0.404696345,0.31800282,,0.338481903,0.371643037,0.118900873,Guinean,4
WA009,2000,4,0.18,3.714868069,2.895561218,,1.797134161,2.959278584,0.185463727,Guinean,4
WA009,2000,5,4.08,6.24434185,9.01133728,,3.646012068,7.374290943,4.840353489,Guinean,4
WA009,2000,6,7.63,12.45943165,14.52715874,12.43235016,9.94739151,14.30177402,15.51075459,Guinean,4
WA009,2000,7,4.27,17.71031761,20.02133179,12.86549473,13.79085827,12.67719269,30.29618835,Guinean,4
WA009,2000,8,1.47,17.46685791,19.15535164,14.88275909,20.34975052,13.13844204,20.13624001,Guinean,4
WA009,2000,9,1.19,13.59863472,25.43348503,14.1865406,9.596423149,14.18994427,18.12490273,Guinean,4
WA009,2000,10,0.56,9.647651672,9.031986237,6.348912716,4.63455534,11.48763752,14.03269005,Guinean,4
WA009,2000,11,2.99,2.638183832,4.529882908,2.647813797,3.256087303,3.375184774,8.912816048,Guinean,4
WA009,2000,12,7.58,0.33861959,0.539144278,0.265812308,2.88e-05,0.27504766,0.0,Guinean,4
WA009,2001,1,3.96,0.079356238,0.125536427,0.056518812,,0.082879834,0.217730314,Guinean,4
WA009,2001,2,0.74,0.167654544,0.006982756,0.110685676,,0.198445201,0.098222494,Guinean,4
WA009,2001,3,3.26,0.468550593,0.740547717,0.161026984,,0.268922448,1.7860744,Guinean,4
WA009,2001,4,0.0,1.578035474,1.229630709,0.663918614,,1.244493961,2.847772598,Guinean,4
WA009,2001,5,4.53,3.750449181,6.634484768,6.696633816,,6.743523598,7.695484161,Guinean,4
WA009,2001,6,8.84,11.59116364,21.8547802,14.50909805,,13.87156868,13.21249676,Guinean,4
WA009,2001,7,4.12,18.81986237,22.49691582,17.96057892,,15.97745705,24.51286316,Guinean,4
WA009,2001,8,3.42,19.78376961,19.57827759,19.64694595,,18.28509903,25.11150742,Guinean,4
WA009,2001,9,0.03,15.4389925,17.99848747,16.13970757,,17.008461,14.92547703,Guinean,4
WA009,2001,10,0.91,12.14569378,7.390665531,9.936152458,,11.14363098,7.943604469,Guinean,4
WA009,2001,11,3.0,6.484705925,5.068194866,8.821387291,,5.952380657,4.218632221,Guinean,4
WA009,2001,12,7.06,0.572481632,1.244587183,0.319268942,,0.192415684,0.600795925,Guinean,4
WA009,2002,1,4.31,0.131786898,1.070411444,0.549432755,,0.656419992,0.760020375,Guinean,4
WA009,2002,2,1.56,0.088172711,0.514179528,0.112960897,,0.141097888,0.553521097,Guinean,4
WA009,2002,3,0.9,0.571885824,0.884568155,0.928925157,,0.533468366,0.870869339,Guinean,4
WA009,2002,4,2.07,0.846302509,0.070965976,0.500353336,,0.575321972,1.047933221,Guinean,4
WA009,2002,5,3.88,3.082882166,4.618786335,3.479993343,,2.884224653,4.290424347,Guinean,4
WA009,2002,6,7.08,8.527029037,20.44482231,11.52799988,,13.47669888,10.89973736,Guinean,4
WA009,2002,7,7.38,21.50105476,21.61963654,14.68484592,,15.09384441,24.35165405,Guinean,4
WA009,2002,8,0.99,27.35235214,19.53049469,17.88070297,,20.78034782,20.54259109,Guinean,4
WA009,2002,9,0.0,9.188282013,13.93279362,16.19969559,,17.5821743,13.05680656,Guinean,4
WA009,2002,10,0.0,5.457615852,7.571053505,12.90584755,,12.92747402,10.4332962,Guinean,4
WA009,2002,11,2.82,2.8849051,4.030779362,4.108211517,,3.242675781,2.910457134,Guinean,4
WA009,2002,12,8.67,0.398269027,0.359330922,0.345694542,,0.261773169,0.725819051,Guinean,4
WA009,2003,1,3.54,0.084138386,0.09117166,0.15204744,,0.155621439,0.070556052,Guinean,4
WA009,2003,2,0.66,0.033060428,0.026830899,0.106096514,,0.155278713,1.343601227,Guinean,4
WA009,2003,3,0.42,0.20621489,0.282336324,0.198916733,,0.14298737,0.727740049,Guinean,4
WA009,2003,4,1.41,1.508551955,0.788095832,1.54983604,,1.684189439,3.429473162,Guinean,4
WA009,2003,5,2.94,5.155190468,9.211915016,4.584466457,,5.200577259,7.921147346,Guinean,4
WA009,2003,6,6.16,9.489831924,16.75617599,17.01652145,,16.50069618,12.96042824,Guinean,4
WA009,2003,7,4.28,22.88999367,29.6967144,18.42332458,,16.99847031,8.367114067,Guinean,4
WA009,2003,8,1.25,16.74765205,26.40502739,17.84607124,,17.488554,27.01861763,Guinean,4
WA009,2003,9,0.92,15.99718094,14.29423237,15.81341362,,17.42884254,17.69796753,Guinean,4
WA009,2003,10,0.0,5.165067196,8.435100555,8.151601791,,10.02599907,8.897157669,Guinean,4
WA009,2003,11,4.85,4.217398167,5.759945393,6.055474281,,7.579320908,8.744704247,Guinean,4
WA009,2003,12,6.57,0.394799709,1.453136921,0.315396577,,0.286883891,0.407285601,Guinean,4
WA009,2004,1,3.35,0.077418238,0.118605755,0.105230391,,0.132191777,0.147174254,Guinean,4
WA009,2004,2,0.0,0.141732737,0.251325011,0.101322301,,0.182660684,0.329693884,Guinean,4
WA009,2004,3,2.13,0.397009373,1.222932339,0.175579354,,0.305899858,3.37693882,Guinean,4
WA009,2004,4,1.29,2.028493404,2.356107473,1.759423256,,1.660835266,4.543382645,Guinean,4
WA009,2004,5,4.76,2.453419209,8.48233223,4.569155693,,5.414456844,8.765884399,Guinean,4
WA009,2004,6,9.06,9.158343315,10.97047806,10.47197533,,12.05110264,12.05008316,Guinean,4
WA009,2004,7,7.52,19.85229683,21.59821701,17.26921463,,15.89914799,21.91190338,Guinean,4
WA009,2004,8,0.0,22.55682755,23.71598244,12.80929184,,12.11396313,25.45817566,Guinean,4
WA009,2004,9,0.0,14.38513279,11.45847034,8.167277336,,12.91942406,8.574960709,Guinean,4
WA009,2004,10,0.0,5.956432343,6.141339779,6.783149242,,8.722158432,6.052359104,Guinean,4
WA009,2004,11,2.94,3.700297356,4.104178905,2.427286148,,3.105384827,6.129457951,Guinean,4
WA009,2004,12,6.15,0.511916578,3.654384136,0.810713351,,0.473926395,1.713491797,Guinean,4
WA009,2005,1,3.63,0.097771563,0.157676935,0.097072542,,0.150943711,0.249969333,Guinean,4
WA009,2005,2,0.0,0.250878364,1.461674213,0.247488752,,0.478249073,1.241000056,Guinean,4
WA009,2005,3,0.92,1.038985729,0.994357347,0.929028988,,0.918569446,2.66116786,Guinean,4
WA009,2005,4,0.56,3.032958746,2.2616961,1.321208835,,2.430329561,7.48540926,Guinean,4
WA009,2005,5,4.6,4.526918411,8.241850853,5.136449337,,5.382963181,5.737824917,Guinean,4
WA009,2005,6,8.13,6.767566681,18.78871536,12.41317272,,8.196871758,0.743804753,Guinean,4
WA009,2005,7,4.75,16.43192863,20.81321144,8.101243019,,6.380940914,20.67467308,Guinean,4
WA009,2005,8,0.03,17.08753586,20.57192993,13.55330086,,10.41894436,25.21648979,Guinean,4
WA009,2005,9,3.15,13.1845932,12.45997906,14.5542345,,12.21575642,18.28590393,Guinean,4
WA009,2005,10,0.79,17.72406769,5.970365524,8.785381317,,10.34670734,8.29375267,Guinean,4
WA009,2005,11,1.67,2.134880304,4.529232979,3.78632164,,3.64518857,3.266571522,Guinean,4
WA009,2005,12,6.25,0.859070063,2.652946711,0.705908239,,0.661737442,1.342644691,Guinean,4
WA009,2006,1,1.82,0.114582792,0.959079385,0.637240529,,0.388886154,0.661229014,Guinean,4
WA009,2006,2,0.52,0.102605648,0.574215293,0.095320188,,0.242014155,0.457510829,Guinean,4
WA009,2006,3,0.35,0.389398396,0.751649797,0.30898267,,0.394568175,0.39711073,Guinean,4
WA009,2006,4,0.0,1.76317358,3.511007786,3.909590244,,3.805356264,1.403931618,Guinean,4
WA009,2006,5,6.51,4.190033436,5.545445919,4.459863663,,4.383097172,6.637064934,Guinean,4
WA009,2006,6,8.19,10.75844955,13.07392406,9.969985008,,10.90204048,12.11260605,Guinean,4
WA009,2006,7,4.91,21.41113281,18.05574799,11.90294743,,11.89907932,20.03512764,Guinean,4
WA009,2006,8,0.0,37.0257988,27.83096695,24.1740799,,23.08475113,26.85928917,Guinean,4
WA009,2006,9,0.0,13.0913868,9.645784378,13.61092663,,14.24511337,14.12962246,Guinean,4
WA009,2006,10,0.55,13.82559395,7.423094749,9.793475151,,13.64050484,8.618947983,Guinean,4
WA009,2006,11,4.22,2.796321392,1.953461528,3.163045168,,3.026336908,3.139147043,Guinean,4
WA009,2006,12,5.18,0.17290999,0.373575509,0.237891883,,0.206278503,0.36697045,Guinean,4
WA009,2007,1,3.77,0.011125544,0.012144945,0.030277815,,0.02025703,0.217730314,Guinean,4
WA009,2007,2,0.52,0.261124343,0.826041698,1.05641067,,0.508036017,0.935113192,Guinean,4
WA009,2007,3,0.23,0.570671439,0.971187413,0.064484596,,0.454012185,1.59873426,Guinean,4
WA009,2007,4,0.0,2.114875793,0.903697014,0.6521281,,1.365822792,1.385207772,Guinean,4
WA009,2007,5,3.33,2.725851536,5.280344963,2.623547077,,2.711249113,5.471716404,Guinean,4
WA009,2007,6,7.28,10.71603298,16.86263847,12.27832222,,13.63238811,1.231288195,Guinean,4
WA009,2007,7,4.11,19.98666954,27.79990959,12.60606861,,11.16611004,21.40913773,Guinean,4
WA009,2007,8,1.26,26.50457191,28.44937897,17.96644402,,15.30447674,56.44470215,Guinean,4
WA009,2007,9,1.85,15.20278358,13.92162037,11.13702679,,12.77669144,14.65012646,Guinean,4
WA009,2007,10,0.13,9.980566978,6.551323414,5.39693594,,7.012942791,6.181353092,Guinean,4
WA009,2007,11,3.43,5.214993,3.299260139,2.478567123,,3.08262372,4.553981781,Guinean,4
WA009,2007,12,8.05,0.934997022,1.720278859,1.293037176,,0.648822963,0.745942354,Guinean,4
WA009,2008,1,4.76,0.087730035,0.144591168,0.067867815,,0.077046186,0.120975152,Guinean,4
WA009,2008,2,0.0,0.244611219,1.545227289,0.514957309,,0.534103274,1.773388982,Guinean,4
WA009,2008,3,1.49,0.564206481,1.208356857,0.267109603,,0.940398872,0.403150678,Guinean,4
WA009,2008,4,1.72,1.405567884,1.694354773,1.08011353,,1.061228275,1.385207772,Guinean,4
WA009,2008,5,5.61,7.211009502,7.800832748,5.890151978,,6.063887596,5.870704174,Guinean,4
WA009,2008,6,9.72,11.44771004,12.21358299,10.45565605,,11.2215147,11.11646938,Guinean,4
WA009,2008,7,2.92,24.23815346,26.80122185,20.8636055,,19.05028915,23.48441696,Guinean,4
WA009,2008,8,0.52,24.60764503,17.65480232,18.26343346,,17.6685276,23.7604599,Guinean,4
WA009,2008,9,0.51,16.64130402,12.39250469,14.71516418,,14.44102383,15.83102894,Guinean,4
WA009,2008,10,0.38,9.422889709,8.444750786,8.294139862,,10.69479275,10.19969177,Guinean,4
WA009,2008,11,3.19,2.538466692,2.098947287,1.74548769,,1.751182914,3.139147043,Guinean,4
WA009,2008,12,5.64,0.404099345,2.4136765,0.602046907,,0.279597729,1.100713372,Guinean,4
WA009,2009,1,4.12,0.141212836,0.504358113,0.076517202,,0.141910896,0.225787416,Guinean,4
WA009,2009,2,0.0,0.076829232,0.030738208,0.127379894,,0.106188007,0.296834022,Guinean,4
WA009,2009,3,0.61,0.428462565,0.157261118,0.217596397,,0.198156402,0.391070813,Guinean,4
WA009,2009,4,0.0,0.703037202,0.082771137,0.377732456,,0.657376587,1.372725248,Guinean,4
WA009,2009,5,2.63,1.704519391,1.531143546,1.846036792,,2.235234737,6.667327881,Guinean,4
WA009,2009,6,7.79,13.90178871,13.12293243,12.20241261,,5.597189903,10.24745655,Guinean,4
WA009,2009,7,4.19,15.28390598,11.98889351,16.72531509,,5.848334789,20.47142029,Guinean,4
WA009,2009,8,1.22,19.89557266,25.8423996,15.81728935,,10.01169109,25.98881721,Guinean,4
WA009,2009,9,3.23,13.32752037,12.50614357,12.23065758,,12.56416893,18.68807793,Guinean,4
WA009,2009,10,0.85,11.28115559,12.56774139,4.394948483,,5.483602047,9.437520981,Guinean,4
WA009,2009,11,4.61,4.251166344,4.616888046,2.952166557,,2.602604866,3.151629448,Guinean,4
WA009,2009,12,6.15,0.248224527,0.639767289,0.269755185,,0.111544482,0.814368069,Guinean,4
WA009,2010,1,2.39,0.071295299,0.30742979,0.169638366,,0.091600038,0.195527494,Guinean,4
WA009,2010,2,2.48,0.170937166,0.126013935,0.183743194,,0.304385215,0.229850993,Guinean,4
WA009,2010,3,0.0,0.706082284,1.532033801,0.574025869,,0.755689323,0.118900873,Guinean,4
WA009,2010,4,0.0,2.373925447,2.984667301,2.255322218,,2.052253485,4.194248199,Guinean,4
WA009,2010,5,3.95,7.546709061,8.419688225,9.034068108,,4.65528965,8.167716026,Guinean,4
WA009,2010,6,7.39,13.16638279,15.88744164,14.85686493,,8.818860054,11.69790745,Guinean,4
WA009,2010,7,2.87,20.06402779,15.8285656,9.0841465,,7.330828667,23.7424984,Guinean,4
WA009,2010,8,0.12,24.35195351,20.55860329,11.17284012,,9.499898911,22.08089828,Guinean,4
WA009,2010,9,2.04,13.53630257,18.82276726,9.03580761,,7.604392052,18.84233475,Guinean,4
WA009,2010,10,0.0,9.338424683,10.25807095,5.1064291,,6.383143902,9.485632896,Guinean,4
WA009,2010,11,2.26,3.408366919,4.069912434,1.718718767,,1.940178156,4.281074047,Guinean,4
WA009,2010,12,8.68,0.32785511,1.901214719,1.010388732,,1.434432507,1.205525637,Guinean,4
WA009,2011,1,4.62,0.035348497,0.052379139,0.055406589,,0.019922873,0.249969333,Guinean,4
WA009,2011,2,0.0,0.085870042,0.252133906,0.180709243,,0.109088346,0.223163933,Guinean,4
WA009,2011,3,0.0,0.636348188,0.703189969,0.235508636,,0.496597916,0.439434677,Guinean,4
WA009,2011,4,0.0,2.258225441,1.011693001,0.776992798,,1.07172668,1.385207772,Guinean,4
WA009,2011,5,3.93,5.161582947,7.271890163,4.87268877,,3.979668856,5.235479355,Guinean,4
WA009,2011,6,8.96,14.32388687,10.54642963,14.59908772,,10.74888325,11.3665781,Guinean,4
WA009,2011,7,2.7,19.86491966,11.88227558,14.74946499,,5.192178249,25.77151489,Guinean,4
WA009,2011,8,0.39,22.93817139,25.41706276,17.46679497,,8.938439369,28.48373985,Guinean,4
WA009,2011,9,1.34,17.02079964,13.2025013,6.952355385,,8.742162704,17.01673317,Guinean,4
WA009,2011,10,0.0,12.36132431,9.216300011,6.642290592,,6.797175407,8.082161903,Guinean,4
WA009,2011,11,5.29,4.140518665,5.124434948,2.333975077,,2.700864315,3.145388126,Guinean,4
WA009,2011,12,6.02,0.403131604,0.670886338,1.19266057,,0.582293212,0.431467533,Guinean,4
WA009,2012,1,4.41,0.030091023,0.823539555,0.048271917,,0.0493544,0.336658627,Guinean,4
WA009,2012,2,0.81,0.202613473,0.019107571,0.28813073,,0.224582672,0.198263451,Guinean,4
WA009,2012,3,1.86,0.242764443,0.201985255,0.118566245,,0.096535414,0.391070813,Guinean,4
WA009,2012,4,1.19,1.930142641,0.594361901,0.823880374,,1.680589437,1.360354424,Guinean,4
WA009,2012,5,1.03,4.690660954,5.670508385,4.997069359,,6.002687931,6.253863811,Guinean,4
WA009,2012,6,6.52,11.44400406,13.50618553,12.33085155,,9.65661335,11.27484131,Guinean,4
WA009,2012,7,4.17,21.25640297,28.49832153,19.90544319,,13.85904026,23.68813896,Guinean,4
WA009,2012,8,0.26,16.07885551,35.10118866,17.38334274,,14.32942104,24.68823242,Guinean,4
WA009,2012,9,1.1,14.56427956,12.67459679,14.97661304,,11.52398205,18.03168106,Guinean,4
WA009,2012,10,1.49,12.58555889,8.124655724,7.932504654,,11.1017704,8.447583199,Guinean,4
WA009,2012,11,4.76,5.809553623,4.949576378,4.112508774,,6.178085804,6.055865288,Guinean,4
WA009,2012,12,7.23,0.705987096,1.054594874,3.327479362,,1.128150225,0.798340619,Guinean,4
WA009,2013,1,1.69,0.100556657,0.021880182,0.062806584,,0.192694038,0.064516127,Guinean,4
WA009,2013,2,0.0,0.077797212,0.137387514,0.132343903,,0.104182944,0.156231269,Guinean,4
WA009,2013,3,1.02,0.48258996,0.67229116,0.263620257,,0.357618749,0.39711073,Guinean,4
WA009,2013,4,0.0,0.748624682,0.315083265,1.095397353,,0.700475276,2.143744707,Guinean,4
WA009,2013,5,4.79,7.736162663,6.601949692,9.215486526,,8.252472878,5.247559547,Guinean,4
WA009,2013,6,8.64,15.0094347,10.3651228,20.48475456,,16.18271065,11.27696896,Guinean,4
WA009,2013,7,4.16,16.5396595,16.84177208,14.51148987,,11.04838467,21.55847931,Guinean,4
WA009,2013,8,0.0,31.22797012,32.12776566,20.54329109,,15.89297962,21.91011429,Guinean,4
WA009,2013,9,0.0,15.87954235,19.52325058,17.30636024,,17.08365631,19.24456978,Guinean,4
WA009,2013,10,2.86,10.66872978,8.862910271,10.37043858,,10.03680611,8.780132294,Guinean,4
WA009,2013,11,3.32,2.759007931,4.144991398,4.171170712,,3.762858152,5.270773888,Guinean,4
WA009,2013,12,5.02,0.425236106,0.930490494,1.105092764,,1.423812151,1.179326534,Guinean,4
WA009,2014,1,5.54,0.034309022,1.10234189,0.062627628,,0.107751578,0.40115571,Guinean,4
WA009,2014,2,0.52,0.045739852,0.135453716,0.080232486,,0.153201133,0.254432678,Guinean,4
WA009,2014,3,1.88,0.236392364,0.234872177,0.448730916,,0.182576314,0.385030895,Guinean,4
WA009,2014,4,0.85,1.012544155,0.468146712,0.717305183,,1.267343163,1.37896657,Guinean,4
WA009,2014,5,4.57,6.199295521,8.26708889,5.013549805,,5.869083405,10.27572727,Guinean,4
WA009,2014,6,7.95,11.61450672,10.6386385,16.13191795,,10.00086021,10.61837006,Guinean,4
WA009,2014,7,4.87,25.80769539,21.19428062,29.10570335,,17.6375351,20.53796005,Guinean,4
WA009,2014,8,3.35,24.34570122,31.05970001,17.44582939,,16.53299522,22.71787071,Guinean,4
WA009,2014,9,1.71,13.44276619,13.87005615,16.34785652,,15.75460529,17.71493912,Guinean,4
WA009,2014,10,0.0,11.19224739,8.720417023,9.87877655,,10.81466198,7.842179775,Guinean,4
WA009,2014,11,4.56,5.351070881,4.980214596,5.991153717,,7.108947277,4.995619297,Guinean,4
WA009,2014,12,8.93,0.377355635,1.047037959,0.395707995,,0.59463191,0.814368069,Guinean,4
WA009,2015,1,5.5,0.06602817,0.451740891,0.092046969,,0.085002966,0.195527494,Guinean,4
WA009,2015,2,0.0,0.188400239,0.852564752,0.915127456,,0.545592964,0.499912143,Guinean,4
WA009,2015,3,1.96,0.346445024,0.141422793,0.116409503,,0.356723994,0.385030895,Guinean,4
WA009,2015,4,1.66,0.760295331,1.10119164,1.703162193,,1.101048589,1.37896657,Guinean,4
WA009,2015,5,7.22,5.289249897,5.852834225,5.59460783,,3.86997962,5.755758286,Guinean,4
WA009,2015,6,6.56,9.645197868,11.51784992,12.12591457,,12.32410812,10.70387554,Guinean,4
WA009,2015,7,3.37,21.39167023,15.97216129,15.13504601,,11.92541409,21.1588459,Guinean,4
WA009,2015,8,0.12,22.98728943,26.52959061,21.28251648,,15.30308914,29.94786072,Guinean,4
WA009,2015,9,0.0,16.62929153,21.7185688,11.37112617,,10.67072201,12.05852032,Guinean,4
WA009,2015,10,0.0,9.418765068,9.594388962,8.041462898,,8.866754532,10.84524536,Guinean,4
WA009,2015,11,0.55,3.824299812,3.995839596,4.066618919,,3.432402134,3.145388126,Guinean,4
WA009,2015,12,6.96,0.41603291,0.255966365,0.32533735,,0.336966187,0.814368069,Guinean,4
WA009,2016,1,4.46,0.147782639,0.41626665,0.3738904,,0.156063423,0.147174254,Guinean,4
WA009,2016,2,0.0,0.181504861,0.034562703,0.145830959,,0.107947342,0.25429225,Guinean,4
WA009,2016,3,2.92,0.404562563,0.360171825,0.116127431,,0.243093923,0.493914574,Guinean,4
WA009,2016,4,0.52,1.355145931,0.74279207,0.662762642,,1.009005547,1.868651748,Guinean,4
WA009,2016,5,5.61,3.531482458,4.132497311,2.273913383,,2.840121984,6.382967472,Guinean,4
WA009,2016,6,7.83,16.2559433,15.95192337,14.5028286,,19.64896584,11.95625973,Guinean,4
WA009,2016,7,5.03,28.78092384,33.854702,28.58067513,,20.15419388,26.47360802,Guinean,4
WA009,2016,8,0.85,22.28092575,36.87542343,20.43752861,,15.07629776,24.4481144,Guinean,4
WA009,2016,9,2.21,22.67082024,33.21766663,15.55791473,,16.19724655,17.37294197,Guinean,4
WA009,2016,10,0.57,10.35385609,7.600085735,6.913479805,,5.942709446,9.884957314,Guinean,4
WA009,2016,11,4.62,4.011336327,4.566855907,2.401026964,,2.539816618,4.531097889,Guinean,4
WA009,2016,12,7.96,0.272568166,1.060991168,0.335313201,,0.269829333,0.953549743,Guinean,4
WA009,2017,1,3.64,0.072305754,0.497280866,0.029437508,,0.06717205,0.243929416,Guinean,4
WA009,2017,2,1.01,0.098116934,0.553899348,0.049213026,,0.168553129,0.270061165,Guinean,4
WA009,2017,3,3.29,1.091970563,0.481514663,0.299457908,,0.323446065,0.493914574,Guinean,4
WA009,2017,4,0.16,1.71026659,1.158286452,2.12445426,,1.294669867,1.87489295,Guinean,4
WA009,2017,5,4.52,6.598698616,7.752632141,8.501282692,,4.982235909,6.370865345,Guinean,4
WA009,2017,6,9.07,13.25396442,20.07129097,21.334589,,0.108645879,11.99999142,Guinean,4
WA009,2017,7,5.43,23.69302177,24.53048897,19.14511681,,0.176692218,23.23236656,Guinean,4
WA009,2017,8,0.51,29.70975876,16.56746101,21.51032639,,20.27412987,24.59517288,Guinean,4
WA009,2017,9,0.0,16.29520607,22.37486076,16.33787918,,16.45234489,17.25218773,Guinean,4
WA009,2017,10,1.15,8.055639267,6.922631741,5.89457798,,6.36462307,8.776176453,Guinean,4
WA009,2017,11,1.23,4.157443523,3.999752045,4.789299011,,3.655042648,4.543600082,Guinean,4
WA009,2017,12,9.34,0.239520475,0.522832155,0.162873074,,0.155581757,0.56046176,Guinean,4
WA009,2018,1,4.21,0.04892759,0.03999076,0.117989808,,0.054893311,0.243929416,Guinean,4
WA009,2018,2,1.75,0.16350466,0.021312278,0.233185843,,0.27987498,0.437446088,Guinean,4
WA009,2018,3,0.0,0.564521968,0.532060564,0.260373473,,0.460072726,1.453507304,Guinean,4
WA009,2018,4,0.0,0.852270544,0.852449059,0.322526783,,0.998893082,1.395774484,Guinean,4
WA009,2018,5,4.33,1.666097999,2.608925104,1.042569757,,1.924696088,6.320487499,Guinean,4
WA009,2018,6,7.46,10.59833813,19.38912964,9.756786346,,11.79106712,12.03540897,Guinean,4
WA009,2018,7,3.39,17.53233337,23.99641609,8.723499298,,6.686662197,23.23634911,Guinean,4
WA009,2018,8,0.61,19.97451973,14.31743622,8.794714928,,9.850582123,24.47835541,Guinean,4
WA009,2018,9,3.96,14.96337223,24.51777649,14.27823257,,15.02560711,17.38128662,Guinean,4
WA009,2018,10,1.54,9.564027786,7.267140865,6.04731369,,7.330010891,9.87491703,Guinean,4
WA009,2018,11,5.31,6.435227871,4.440911293,4.822302818,,3.984734535,4.545664787,Guinean,4
WA009,2018,12,8.55,0.256304145,0.67443347,0.57844758,,0.499846846,0.947509766,Guinean,4
WA009,2019,1,5.85,0.136453182,0.062217869,0.07124985,,0.080679879,0.032258064,Guinean,4
WA009,2019,2,0.26,0.075543292,0.006400229,0.092498504,,0.309532046,0.0,Guinean,4
WA009,2019,3,0.0,0.417030185,0.212004721,0.14015843,,0.530997813,0.239884436,Guinean,4
WA009,2019,4,0.26,0.981398582,1.990572929,1.093181014,,1.89137733,3.368754625,Guinean,4
WA009,2019,5,5.01,3.552688122,6.565966129,4.431286812,,4.942318916,6.288114071,Guinean,4
WA009,2019,6,6.29,11.82579422,16.19002533,8.91522789,,10.8959074,12.91196823,Guinean,4
WA009,2019,7,3.78,24.5902729,28.03170776,21.65917206,,17.86524582,28.49437332,Guinean,4
WA009,2019,8,0.0,24.87604523,34.45032883,33.21424866,,19.15187836,38.45194626,Guinean,4
WA009,2019,9,2.38,16.29774857,19.05435371,12.04665089,,11.68396664,19.2182045,Guinean,4
WA009,2019,10,1.44,10.93829918,9.064771652,11.5688715,,11.67790222,9.445438385,Guinean,4
WA009,2019,11,4.81,5.65504837,4.793151379,4.989591122,,3.983483791,3.495486021,Guinean,4
WA009,2019,12,8.28,0.113012068,0.707489789,0.264513612,,0.209175795,0.251986504,Guinean,4
WA009,2020,1,3.95,0.095419824,0.138029173,0.091300853,,0.177654207,0.05845717,Guinean,4
WA009,2020,2,0.75,0.084620923,0.151985809,0.048078351,,0.165464446,0.165913209,Guinean,4
WA009,2020,3,0.0,0.816070557,1.056016207,0.195055559,,0.920974314,1.26608777,Guinean,4
WA009,2020,4,0.0,5.89838028,3.441457033,1.737441182,,3.486428499,4.39360714,Guinean,4
WA009,2020,5,4.19,7.443367958,7.755434513,8.349719048,,7.319074154,6.864726067,Guinean,4
WA009,2020,6,7.9,9.860239029,10.61934185,7.826183319,,8.281334877,8.035321236,Guinean,4
WA009,2020,7,5.51,21.20138741,29.116539,20.26702499,,16.33095741,31.0432663,Guinean,4
WA009,2020,8,2.46,21.30893517,27.69526672,10.05846405,,9.128582954,31.69394112,Guinean,4
WA009,2020,9,2.46,16.31865692,17.92863083,14.60609436,,15.01534557,18.16551208,Guinean,4
WA009,2020,10,0.0,8.912484169,8.360689163,13.21536541,,13.25539017,8.661018372,Guinean,4
WA009,2020,11,3.56,2.275428057,3.234516144,3.988945484,,3.248590231,2.752097368,Guinean,4
WA009,2020,12,8.1,0.366248608,2.571513653,0.469214916,,0.566826522,1.161184549,Guinean,4
WA010,2000,1,4.63,2.392487288,6.019587994,,3.498021841,4.705053806,2.257824183,Guineo-Congolean,5
WA010,2000,2,0.0,0.914555371,1.819957972,,0.223433882,0.75957334,0.872665644,Guineo-Congolean,5
WA010,2000,3,0.55,2.914211988,4.197639942,,2.768256903,2.382624865,1.764238,Guineo-Congolean,5
WA010,2000,4,0.39,6.553769588,7.447134972,,7.066086769,5.58765316,3.666717768,Guineo-Congolean,5
WA010,2000,5,3.66,9.359090805,11.55446815,,7.361685753,8.226966858,21.91044235,Guineo-Congolean,5
WA010,2000,6,8.49,20.06721306,14.39114571,15.93080521,7.033146858,12.66999435,23.77259636,Guineo-Congolean,5
WA010,2000,7,2.08,13.92620945,7.45122385,12.27139664,5.235686779,6.304154396,21.95331573,Guineo-Congolean,5
WA010,2000,8,0.0,12.49190521,12.66385365,10.41281128,13.37924862,6.898638248,14.6205101,Guineo-Congolean,5
WA010,2000,9,1.36,16.10505104,15.54746437,16.9259758,5.487418652,11.33742714,19.64588165,Guineo-Congolean,5
WA010,2000,10,0.0,9.623986244,9.017985344,13.41249275,9.880848885,9.982286453,26.4083252,Guineo-Congolean,5
WA010,2000,11,1.99,3.890043497,6.640751362,7.591096878,1.993374944,6.397026062,7.538349152,Guineo-Congolean,5
WA010,2000,12,8.34,0.960189998,3.14419198,0.95411247,0.407219082,1.315640688,2.84112978,Guineo-Congolean,5
WA010,2001,1,5.4,0.677233338,3.821019173,0.691223085,,0.513485253,0.473957926,Guineo-Congolean,5
WA010,2001,2,0.44,0.774066746,1.84078455,0.204655156,,0.600895464,1.628780127,Guineo-Congolean,5
WA010,2001,3,0.0,3.602303982,6.840548038,1.691487432,,2.166697264,4.272986889,Guineo-Congolean,5
WA010,2001,4,1.38,5.866223335,9.162405968,4.043298244,,5.18979311,3.666666746,Guineo-Congolean,5
WA010,2001,5,1.93,10.15992069,10.57965565,10.14061737,,7.519071579,10.53846073,Guineo-Congolean,5
WA010,2001,6,7.89,19.16890526,14.03831863,12.9633522,,11.8454771,28.89181328,Guineo-Congolean,5
WA010,2001,7,2.89,17.81924438,8.192271233,12.59954548,,7.852348328,19.07692909,Guineo-Congolean,5
WA010,2001,8,0.0,12.19543934,24.7264843,12.02567768,,9.458086014,15.2184763,Guineo-Congolean,5
WA010,2001,9,0.0,14.972682,24.56400108,11.77268219,,12.61672497,15.87421989,Guineo-Congolean,5
WA010,2001,10,0.27,13.08642387,10.54997444,8.307027817,,10.36102962,15.5656805,Guineo-Congolean,5
WA010,2001,11,3.19,6.239418507,5.667713642,8.067203522,,7.158233643,7.722672939,Guineo-Congolean,5
WA010,2001,12,8.24,2.184158564,3.364969254,1.234234333,,0.909010828,1.674935818,Guineo-Congolean,5
WA010,2002,1,3.44,2.429163933,4.827886105,3.12083745,,2.528590918,3.004903555,Guineo-Congolean,5
WA010,2002,2,1.73,0.995073438,2.86132431,0.39259091,,1.067358136,2.131834984,Guineo-Congolean,5
WA010,2002,3,0.85,2.100401402,7.026526928,1.37830615,,1.959310889,2.412066698,Guineo-Congolean,5
WA010,2002,4,0.0,3.310460806,3.746104717,3.059996128,,2.370144606,4.077150822,Guineo-Congolean,5
WA010,2002,5,2.92,8.600309372,9.559675217,6.093839169,,5.866508007,6.076948166,Guineo-Congolean,5
WA010,2002,6,5.44,20.04107475,21.22418404,14.67957973,,12.98445415,38.95837021,Guineo-Congolean,5
WA010,2002,7,4.36,23.97098923,21.23168564,11.73960018,,9.271634102,40.45298767,Guineo-Congolean,5
WA010,2002,8,0.06,19.08408928,15.10714436,13.29202938,,10.75951862,14.89583969,Guineo-Congolean,5
WA010,2002,9,0.0,12.60844803,20.59806633,9.859178543,,7.378186226,15.35383511,Guineo-Congolean,5
WA010,2002,10,0.0,13.23579884,9.192811012,13.51086712,,10.80940723,13.17617798,Guineo-Congolean,5
WA010,2002,11,2.87,4.855602264,10.2912941,3.532381773,,4.475965977,2.841010571,Guineo-Congolean,5
WA010,2002,12,9.47,1.801347733,2.085133791,1.084904075,,0.857535481,0.454089403,Guineo-Congolean,5
WA010,2003,1,1.87,0.737943172,2.102594137,0.730407774,,0.494959384,0.583121657,Guineo-Congolean,5
WA010,2003,2,0.0,1.115467429,3.13325119,0.525928259,,1.642008781,7.981174469,Guineo-Congolean,5
WA010,2003,3,1.89,1.876043081,5.300393581,0.724666536,,1.811953068,3.16629982,Guineo-Congolean,5
WA010,2003,4,2.2,4.506250381,8.668084145,6.884720802,,7.462553501,9.558229446,Guineo-Congolean,5
WA010,2003,5,3.07,9.105014801,15.43475246,9.629567146,,8.431467056,14.67183018,Guineo-Congolean,5
WA010,2003,6,6.71,24.02822876,19.10582161,21.0186615,,15.51180172,27.20756149,Guineo-Congolean,5
WA010,2003,7,4.77,18.39565849,16.17232323,15.13388062,,6.9772439,20.54413033,Guineo-Congolean,5
WA010,2003,8,0.0,11.16494083,18.95102692,7.154931545,,6.346485138,13.67000484,Guineo-Congolean,5
WA010,2003,9,0.0,21.38819122,14.95769405,16.61351585,,15.97635651,24.11275291,Guineo-Congolean,5
WA010,2003,10,0.15,13.03426933,15.74254799,12.04290009,,11.2674284,22.36316109,Guineo-Congolean,5
WA010,2003,11,5.94,4.894635677,8.402028084,5.894275665,,9.41423893,10.28646755,Guineo-Congolean,5
WA010,2003,12,6.96,1.680333138,3.774805784,0.689210057,,0.742815077,2.273248911,Guineo-Congolean,5
WA010,2004,1,4.13,0.351802945,1.629252672,0.138925642,,0.375880122,0.888402224,Guineo-Congolean,5
WA010,2004,2,1.92,1.105934739,3.184899807,0.27858451,,1.145883203,1.546482325,Guineo-Congolean,5
WA010,2004,3,3.13,2.77336669,6.227730274,1.173945546,,1.943221927,1.953109264,Guineo-Congolean,5
WA010,2004,4,0.0,6.114338875,8.219461441,5.056330204,,5.316217422,5.766674042,Guineo-Congolean,5
WA010,2004,5,3.98,6.673491001,8.700510979,10.95630741,,6.806616306,16.63915634,Guineo-Congolean,5
WA010,2004,6,9.78,16.00008202,12.17372417,10.01342583,,8.709845543,17.4609127,Guineo-Congolean,5
WA010,2004,7,2.1,22.38135529,14.99061298,10.85851574,,7.055084229,55.22371292,Guineo-Congolean,5
WA010,2004,8,1.78,16.56594276,22.07090187,12.67697906,,8.298031807,16.48892975,Guineo-Congolean,5
WA010,2004,9,0.0,17.63841438,23.65029526,16.00081253,,14.97358227,13.05120277,Guineo-Congolean,5
WA010,2004,10,0.63,12.01987839,7.902582169,13.59188557,,11.31873322,23.43239784,Guineo-Congolean,5
WA010,2004,11,3.7,4.466893673,6.849027157,5.036821365,,5.852452755,7.256371975,Guineo-Congolean,5
WA010,2004,12,6.3,3.129189968,5.08363533,2.823314428,,1.418131351,3.079474211,Guineo-Congolean,5
WA010,2005,1,2.77,0.627802908,0.809214652,0.348283291,,0.408723176,0.608042121,Guineo-Congolean,5
WA010,2005,2,0.85,2.585313797,5.754376411,4.998315811,,2.632738829,1.887373447,Guineo-Congolean,5
WA010,2005,3,1.74,3.112175226,7.055785656,1.008719802,,2.60201025,2.675041676,Guineo-Congolean,5
WA010,2005,4,0.34,5.970836639,10.54980659,8.200989723,,8.362275124,5.879476547,Guineo-Congolean,5
WA010,2005,5,4.09,9.556026459,10.59460354,8.690646172,,8.971585274,10.2159214,Guineo-Congolean,5
WA010,2005,6,8.21,14.18853092,12.64893055,9.628790855,,4.273305893,7.242086411,Guineo-Congolean,5
WA010,2005,7,2.79,26.53969955,12.80250359,13.14159775,,4.870918751,23.26833916,Guineo-Congolean,5
WA010,2005,8,1.42,12.9644928,17.8132782,8.430512428,,6.005047798,16.3151226,Guineo-Congolean,5
WA010,2005,9,1.52,18.24411964,16.96884537,17.01410675,,10.31297302,23.07428551,Guineo-Congolean,5
WA010,2005,10,3.75,11.52975845,13.05025101,10.22886944,,11.12146854,24.57358551,Guineo-Congolean,5
WA010,2005,11,3.53,3.469180584,6.48571682,2.453707695,,4.878126621,7.37429285,Guineo-Congolean,5
WA010,2005,12,6.93,2.786749125,5.808703423,2.768244505,,2.700598478,3.461561441,Guineo-Congolean,5
WA010,2006,1,4.96,1.04427588,5.451788902,1.356038332,,1.105561852,1.478911042,Guineo-Congolean,5
WA010,2006,2,1.52,2.858524323,8.370017052,4.501459122,,2.001168966,2.362532616,Guineo-Congolean,5
WA010,2006,3,0.0,1.89047277,7.945234776,1.954133749,,2.417351961,2.697344303,Guineo-Congolean,5
WA010,2006,4,0.0,4.243027687,7.298220158,6.471525669,,5.970098495,4.743817806,Guineo-Congolean,5
WA010,2006,5,4.68,11.29446602,9.661584854,10.74618626,,7.947426796,12.59534836,Guineo-Congolean,5
WA010,2006,6,6.47,24.42101479,12.99541473,15.73540306,,11.65582371,18.23334122,Guineo-Congolean,5
WA010,2006,7,3.49,26.60938835,12.8995924,13.3866291,,6.421856403,15.30045605,Guineo-Congolean,5
WA010,2006,8,0.61,17.78957939,19.76377869,12.93177986,,12.89442348,20.47797012,Guineo-Congolean,5
WA010,2006,9,1.74,15.00839138,11.89978027,15.3684473,,15.18324757,40.99613571,Guineo-Congolean,5
WA010,2006,10,0.0,10.19452572,9.528728485,10.08167744,,9.349543571,15.44412708,Guineo-Congolean,5
WA010,2006,11,1.7,2.786370516,3.500801086,4.650040627,,3.363450766,2.356372118,Guineo-Congolean,5
WA010,2006,12,5.1,0.612395704,2.143264055,0.441898257,,0.407230914,0.585598171,Guineo-Congolean,5
WA010,2007,1,2.43,0.349307746,1.165509224,0.111376546,,0.131460845,0.607950211,Guineo-Congolean,5
WA010,2007,2,0.0,2.243178844,3.896508455,1.523360848,,1.430840254,1.799485922,Guineo-Congolean,5
WA010,2007,3,0.31,4.016532898,4.542746067,4.289218903,,4.187873363,4.275187492,Guineo-Congolean,5
WA010,2007,4,0.0,6.468685627,9.554365158,5.219234467,,4.443194389,5.323148251,Guineo-Congolean,5
WA010,2007,5,3.12,9.106105804,8.904122353,7.743190765,,4.085458755,8.613539696,Guineo-Congolean,5
WA010,2007,6,6.53,21.20042038,22.68181229,16.9798584,,11.90915775,21.08073044,Guineo-Congolean,5
WA010,2007,7,3.45,24.74885178,21.24239922,16.58760834,,6.504403114,35.85777283,Guineo-Congolean,5
WA010,2007,8,2.15,20.61557388,18.62233925,15.82579899,,11.91326332,25.15624428,Guineo-Congolean,5
WA010,2007,9,1.33,20.15063858,13.26157188,13.06313705,,12.29790783,22.0353508,Guineo-Congolean,5
WA010,2007,10,0.52,11.56436443,9.642739296,10.76514626,,8.539966583,13.97181129,Guineo-Congolean,5
WA010,2007,11,3.42,4.548186779,6.130105019,5.343563557,,4.392138481,7.884536266,Guineo-Congolean,5
WA010,2007,12,6.96,1.785281181,3.315202236,2.771983385,,1.798602581,3.215978384,Guineo-Congolean,5
WA010,2008,1,4.41,0.41909045,1.401819944,0.181379765,,0.270532846,0.282886088,Guineo-Congolean,5
WA010,2008,2,1.23,2.051430941,3.981753826,1.672154069,,1.83075273,3.867370844,Guineo-Congolean,5
WA010,2008,3,0.0,2.76053071,6.388450146,1.414029479,,2.913594007,5.258121014,Guineo-Congolean,5
WA010,2008,4,0.55,5.503388882,7.579502106,3.951777935,,3.852066994,5.379527569,Guineo-Congolean,5
WA010,2008,5,1.46,11.19333363,11.16285229,8.777239799,,7.315425396,10.3104105,Guineo-Congolean,5
WA010,2008,6,7.76,23.42582512,18.0773468,17.0808239,,9.635212898,22.96408653,Guineo-Congolean,5
WA010,2008,7,4.95,31.27146721,17.43445015,19.99974632,,14.29566765,30.65034294,Guineo-Congolean,5
WA010,2008,8,0.15,18.75017166,13.23630714,15.4478941,,10.10583591,15.19852257,Guineo-Congolean,5
WA010,2008,9,2.77,19.06603432,16.42559624,16.6022377,,13.11638832,24.99209023,Guineo-Congolean,5
WA010,2008,10,0.0,10.54159451,14.480896,11.35106754,,12.23962593,10.25301933,Guineo-Congolean,5
WA010,2008,11,4.27,2.708150387,4.609881878,3.015415192,,2.854046106,3.307626009,Guineo-Congolean,5
WA010,2008,12,7.46,2.042620659,5.486110687,1.484794855,,1.30835402,2.836219311,Guineo-Congolean,5
WA010,2009,1,3.87,1.454119086,2.807917118,1.511540771,,0.377948254,0.650114298,Guineo-Congolean,5
WA010,2009,2,0.36,1.832831621,4.048604965,0.470169574,,1.41260612,3.348870277,Guineo-Congolean,5
WA010,2009,3,0.63,1.339190006,3.02418685,0.640298069,,1.228497505,3.501276731,Guineo-Congolean,5
WA010,2009,4,1.56,1.951320171,2.722054243,1.588947415,,1.722434998,2.877531052,Guineo-Congolean,5
WA010,2009,5,5.72,6.631679535,6.617663383,4.493220329,,3.775702238,8.779238701,Guineo-Congolean,5
WA010,2009,6,7.5,27.89716339,12.6312685,20.19445801,,9.914216995,27.10517883,Guineo-Congolean,5
WA010,2009,7,5.02,11.54451084,8.423460007,10.97181129,,2.473650694,16.86619377,Guineo-Congolean,5
WA010,2009,8,0.0,10.48936749,17.69366455,6.780643463,,2.900213718,21.16882706,Guineo-Congolean,5
WA010,2009,9,1.46,10.81620693,10.8398962,5.79744482,,6.887640476,18.37944794,Guineo-Congolean,5
WA010,2009,10,0.0,11.24933147,8.3719244,7.671727657,,5.315627575,12.72201061,Guineo-Congolean,5
WA010,2009,11,5.36,5.540715694,5.841668129,6.431550503,,5.18005085,5.107582092,Guineo-Congolean,5
WA010,2009,12,10.26,1.415188432,2.345702171,0.654296279,,0.663215458,0.995039999,Guineo-Congolean,5
WA010,2010,1,3.85,0.812668264,2.818517208,0.87947464,,0.638032854,0.821409583,Guineo-Congolean,5
WA010,2010,2,0.0,2.035503864,3.623755455,1.664081573,,2.939540625,4.359328747,Guineo-Congolean,5
WA010,2010,3,0.0,4.025963306,6.308019161,5.016539574,,3.768927813,3.87106657,Guineo-Congolean,5
WA010,2010,4,2.04,6.04387188,9.039230347,6.941534996,,5.437949181,4.892512798,Guineo-Congolean,5
WA010,2010,5,4.69,9.177404404,8.801064491,9.023118973,,6.683077335,8.014950752,Guineo-Congolean,5
WA010,2010,6,7.81,21.71725082,13.74822617,18.58871651,,8.5025177,17.35903358,Guineo-Congolean,5
WA010,2010,7,5.26,26.9339695,15.28797626,9.586603165,,4.999856472,19.70241165,Guineo-Congolean,5
WA010,2010,8,1.11,24.83695793,26.78197098,16.40934181,,8.291298866,22.4453392,Guineo-Congolean,5
WA010,2010,9,2.02,21.15271378,14.34124851,12.35699368,,10.33451462,19.05882263,Guineo-Congolean,5
WA010,2010,10,1.65,11.87294579,12.56326771,9.674584389,,9.615018845,30.50285149,Guineo-Congolean,5
WA010,2010,11,5.9,4.590144634,6.937081814,3.692996502,,3.978530169,4.415361881,Guineo-Congolean,5
WA010,2010,12,7.95,3.917644978,3.849483967,3.203674793,,4.04312706,3.201013565,Guineo-Congolean,5
WA010,2011,1,5.13,0.931389689,2.632990599,1.299215436,,0.494619608,1.009955525,Guineo-Congolean,5
WA010,2011,2,0.12,1.476237655,4.473569393,1.455435872,,1.168215156,1.988977909,Guineo-Congolean,5
WA010,2011,3,0.0,4.311036587,5.831985474,1.64041388,,2.725723982,4.821423531,Guineo-Congolean,5
WA010,2011,4,2.63,3.881179333,6.550497532,4.10473156,,2.512666464,4.628273487,Guineo-Congolean,5
WA010,2011,5,4.27,10.1709671,8.220204353,8.295885086,,6.86093998,7.23828125,Guineo-Congolean,5
WA010,2011,6,8.51,26.61806679,10.72761154,21.84449196,,9.707989693,15.79748535,Guineo-Congolean,5
WA010,2011,7,4.15,16.75470161,8.161373138,8.054496765,,2.029803276,15.93814564,Guineo-Congolean,5
WA010,2011,8,0.0,16.1625309,14.59930515,11.30571842,,3.826638937,13.84859467,Guineo-Congolean,5
WA010,2011,9,0.51,19.33195877,28.18670082,22.18839645,,10.58589745,46.50778198,Guineo-Congolean,5
WA010,2011,10,2.29,11.75014687,16.38941002,9.704889297,,6.758935452,17.36427879,Guineo-Congolean,5
WA010,2011,11,4.69,4.665028572,6.928088665,4.983959675,,5.15540123,3.515317678,Guineo-Congolean,5
WA010,2011,12,5.36,0.922048092,2.179656267,0.242022455,,0.771534681,3.062167168,Guineo-Congolean,5
WA010,2012,1,3.73,0.485113055,2.306287766,0.724572241,,0.336923212,0.779146552,Guineo-Congolean,5
WA010,2012,2,2.73,1.457375765,2.993665695,0.681761861,,1.167932272,2.103402853,Guineo-Congolean,5
WA010,2012,3,0.23,1.576604605,3.261725187,0.958101332,,1.412307143,2.072185993,Guineo-Congolean,5
WA010,2012,4,0.0,4.036455631,6.695317268,4.512272358,,4.378984451,2.367053986,Guineo-Congolean,5
WA010,2012,5,6.37,9.731064796,9.42966938,11.87895966,,9.32144928,11.35738564,Guineo-Congolean,5
WA010,2012,6,8.35,20.99992371,15.27106571,18.49672318,,8.400714874,22.06505775,Guineo-Congolean,5
WA010,2012,7,3.91,16.05667686,12.47472095,13.77859688,,4.959764957,19.18360519,Guineo-Congolean,5
WA010,2012,8,0.04,14.2814703,13.8876009,13.4396019,,7.630320549,13.76716709,Guineo-Congolean,5
WA010,2012,9,1.85,19.52547073,18.6835041,25.3213768,,11.10563374,19.33082581,Guineo-Congolean,5
WA010,2012,10,0.0,16.10245323,10.45912361,17.7840271,,12.90328312,10.33744621,Guineo-Congolean,5
WA010,2012,11,5.44,4.471942902,5.417097092,9.0713377,,5.722274303,7.256371975,Guineo-Congolean,5
WA010,2012,12,8.18,2.164213896,3.470356703,2.820737362,,2.210788012,1.736975551,Guineo-Congolean,5
WA010,2013,1,4.31,0.444904953,1.293725848,0.197701365,,0.32299903,0.908178806,Guineo-Congolean,5
WA010,2013,2,0.68,1.300075293,3.505550385,0.246350735,,1.156963468,1.686804771,Guineo-Congolean,5
WA010,2013,3,0.28,2.166373968,6.917695999,2.452146769,,2.444099426,5.042276859,Guineo-Congolean,5
WA010,2013,4,1.81,2.166603327,6.619305134,4.985541344,,2.071256399,3.069802761,Guineo-Congolean,5
WA010,2013,5,2.92,9.701252937,13.50574207,15.30649376,,10.30761433,10.29282761,Guineo-Congolean,5
WA010,2013,6,5.47,17.81350899,11.28140831,13.12007713,,11.57406998,15.99744892,Guineo-Congolean,5
WA010,2013,7,4.77,18.75398254,8.152932167,9.717364311,,5.16813755,19.35002899,Guineo-Congolean,5
WA010,2013,8,1.29,12.41442299,12.0905056,8.66910553,,5.977448463,12.85374546,Guineo-Congolean,5
WA010,2013,9,1.1,17.11803818,20.90617561,20.50820923,,13.73276806,20.14665413,Guineo-Congolean,5
WA010,2013,10,1.01,11.5241394,13.64011669,13.40987492,,8.489642143,15.93505955,Guineo-Congolean,5
WA010,2013,11,3.6,4.978018761,6.717609882,10.76577854,,8.581568718,10.07874584,Guineo-Congolean,5
WA010,2013,12,8.48,3.314546108,1.932503581,3.79008007,,3.685455084,5.252765656,Guineo-Congolean,5
WA010,2014,1,3.94,0.862499475,5.636109352,0.786288142,,1.060869455,1.166243315,Guineo-Congolean,5
WA010,2014,2,0.0,1.935439229,5.048474312,2.119084835,,2.178095102,2.34886241,Guineo-Congolean,5
WA010,2014,3,0.11,1.711541057,2.883397818,0.571122706,,1.424304128,3.843535185,Guineo-Congolean,5
WA010,2014,4,3.03,2.376976013,5.338447094,4.404361248,,3.842207432,4.789953709,Guineo-Congolean,5
WA010,2014,5,1.83,12.44631004,10.01629353,12.69042778,,10.07101536,13.2949295,Guineo-Congolean,5
WA010,2014,6,8.12,15.79612541,13.07402039,16.62866783,,9.534833908,26.16806412,Guineo-Congolean,5
WA010,2014,7,1.9,23.69511414,19.75753975,18.86571884,,9.578216553,63.49046707,Guineo-Congolean,5
WA010,2014,8,0.36,14.70361328,14.9805851,15.09629536,,7.852035522,9.934160233,Guineo-Congolean,5
WA010,2014,9,0.0,14.69360828,21.26045036,17.88012314,,12.51242638,24.79955482,Guineo-Congolean,5
WA010,2014,10,0.0,9.702601433,10.43120098,10.21929264,,9.508310318,21.10289574,Guineo-Congolean,5
WA010,2014,11,4.49,4.402918339,6.269535065,6.189418316,,8.133905411,10.84786987,Guineo-Congolean,5
WA010,2014,12,7.02,1.528798819,3.199967861,1.328512549,,1.431805372,2.059881449,Guineo-Congolean,5
WA010,2015,1,1.38,0.634100318,3.009688854,0.555436969,,0.504998744,0.890878737,Guineo-Congolean,5
WA010,2015,2,1.55,1.3409338,3.969919205,1.229009986,,1.313543439,1.994469285,Guineo-Congolean,5
WA010,2015,3,2.29,1.761952519,3.165341616,0.67642653,,1.770932555,3.054610014,Guineo-Congolean,5
WA010,2015,4,2.36,3.313700914,5.195000172,3.593996286,,3.388341427,3.590194941,Guineo-Congolean,5
WA010,2015,5,4.45,7.773771286,9.681014061,10.51989365,,5.501086712,11.66505146,Guineo-Congolean,5
WA010,2015,6,7.56,16.89478111,17.48376274,20.01736069,,11.36702919,22.09848022,Guineo-Congolean,5
WA010,2015,7,5.66,14.51661396,11.31373405,7.525381565,,3.836737871,13.21563244,Guineo-Congolean,5
WA010,2015,8,2.6,12.44525242,16.18219185,9.761131287,,6.407871246,20.57380867,Guineo-Congolean,5
WA010,2015,9,1.92,15.30945873,21.74612808,17.12247658,,8.390612602,21.51229858,Guineo-Congolean,5
WA010,2015,10,0.0,8.802261353,10.19827175,11.01466179,,7.654119968,23.21056557,Guineo-Congolean,5
WA010,2015,11,4.25,3.851768017,7.672484875,5.658968449,,5.617584705,6.525502682,Guineo-Congolean,5
WA010,2015,12,8.05,1.305634141,1.0548563,0.932730615,,0.669950008,4.034862041,Guineo-Congolean,5
WA010,2016,1,1.74,0.802343845,1.587119222,1.825532556,,0.256237596,1.10420382,Guineo-Congolean,5
WA010,2016,2,1.09,0.914366841,1.283106208,0.186301202,,0.161130697,1.785108685,Guineo-Congolean,5
WA010,2016,3,3.34,2.25236392,5.332240582,2.945288897,,2.286062479,2.95035696,Guineo-Congolean,5
WA010,2016,4,1.3,1.676582694,6.324938774,1.872819901,,1.989002347,5.17952013,Guineo-Congolean,5
WA010,2016,5,5.84,9.16492939,10.78680229,12.35036469,,5.538130283,11.94041634,Guineo-Congolean,5
WA010,2016,6,7.73,18.13049507,19.68315697,15.9001112,,17.9395256,30.75102043,Guineo-Congolean,5
WA010,2016,7,3.91,22.47967148,12.41810894,11.71884346,,8.635964394,30.38232803,Guineo-Congolean,5
WA010,2016,8,0.98,15.40461349,19.88389206,14.06615829,,9.693027496,16.48138809,Guineo-Congolean,5
WA010,2016,9,0.0,18.24337196,19.78275871,15.72335434,,15.63016415,24.26646996,Guineo-Congolean,5
WA010,2016,10,0.0,11.07866096,12.3663063,8.791549683,,5.002694607,18.05919456,Guineo-Congolean,5
WA010,2016,11,5.58,5.369272232,5.174503326,4.517072201,,3.862309456,7.322988033,Guineo-Congolean,5
WA010,2016,12,9.22,1.284090877,3.946648359,0.585817516,,0.974303067,3.138973951,Guineo-Congolean,5
WA010,2017,1,2.76,0.941494107,3.988114595,0.859312832,,0.342690796,1.339923263,Guineo-Congolean,5
WA010,2017,2,1.71,2.293486118,5.70684576,1.306000113,,1.388376713,2.269161224,Guineo-Congolean,5
WA010,2017,3,0.39,2.911765814,4.674477577,0.550204694,,1.325849295,2.813888073,Guineo-Congolean,5
WA010,2017,4,0.92,4.436030865,6.24307251,4.240837574,,2.6245749,5.312853813,Guineo-Congolean,5
WA010,2017,5,4.58,9.754881859,10.91014862,12.20694447,,4.601439476,12.78904629,Guineo-Congolean,5
WA010,2017,6,8.74,23.99343872,41.76363373,28.45773506,,0.087089911,43.93051529,Guineo-Congolean,5
WA010,2017,7,4.1,18.12076378,16.87376595,15.96403599,,0.100680023,28.37740517,Guineo-Congolean,5
WA010,2017,8,2.26,15.3301754,20.40413475,14.35717201,,12.69470215,16.54095078,Guineo-Congolean,5
WA010,2017,9,0.89,18.53933334,25.91107941,20.79331207,,16.81590271,24.09728813,Guineo-Congolean,5
WA010,2017,10,1.28,10.4970417,11.93818665,9.485757828,,7.686915874,15.81363392,Guineo-Congolean,5
WA010,2017,11,2.96,5.242312908,6.91873312,7.383666515,,6.26550293,7.364005566,Guineo-Congolean,5
WA010,2017,12,10.2,1.631660104,2.750622511,1.008301735,,0.715916991,3.513638735,Guineo-Congolean,5
WA010,2018,1,4.59,0.370545596,2.339542866,0.206776947,,0.478534162,0.980131447,Guineo-Congolean,5
WA010,2018,2,1.39,0.859250844,3.265669584,0.248329237,,1.224058151,2.876194715,Guineo-Congolean,5
WA010,2018,3,0.0,3.1239779,5.08466959,1.81086278,,2.078445435,3.215857983,Guineo-Congolean,5
WA010,2018,4,0.0,4.940342426,9.662189484,6.106629848,,4.170323849,3.830737591,Guineo-Congolean,5
WA010,2018,5,5.55,7.393793583,11.53047848,5.95660162,,4.332897663,9.530797005,Guineo-Congolean,5
WA010,2018,6,7.86,22.40474701,27.47658348,20.73931503,,13.48729897,24.7793541,Guineo-Congolean,5
WA010,2018,7,1.61,24.08242798,18.24672127,11.46743202,,4.219696045,28.25307083,Guineo-Congolean,5
WA010,2018,8,1.8,15.65760422,19.4276123,14.61179829,,9.70818615,28.22534752,Guineo-Congolean,5
WA010,2018,9,0.0,17.75237465,22.02471542,18.95676994,,14.80213356,41.39448929,Guineo-Congolean,5
WA010,2018,10,2.26,10.71183205,8.813015938,6.743703842,,7.726381779,14.13858509,Guineo-Congolean,5
WA010,2018,11,3.89,4.53404665,6.484144688,4.048417568,,5.262038231,6.212700367,Guineo-Congolean,5
WA010,2018,12,7.76,1.685462832,3.104213953,2.411114931,,1.166171312,2.652583838,Guineo-Congolean,5
WA010,2019,1,5.47,0.487562686,2.419013739,0.182521701,,0.227880508,0.841186166,Guineo-Congolean,5
WA010,2019,2,0.0,0.817994475,3.027484655,0.174736321,,0.976147115,1.541103959,Guineo-Congolean,5
WA010,2019,3,0.0,2.226221323,4.357209682,3.348944664,,2.314433098,2.600428581,Guineo-Congolean,5
WA010,2019,4,0.25,4.194946766,7.427918434,5.886712551,,5.170598507,4.66667366,Guineo-Congolean,5
WA010,2019,5,5.03,9.878457069,13.47885704,8.163573265,,9.001415253,13.23547935,Guineo-Congolean,5
WA010,2019,6,5.84,14.92769146,13.11894894,14.96117687,,8.952395439,21.9941082,Guineo-Congolean,5
WA010,2019,7,1.91,24.66840363,17.73137093,19.57020569,,9.628673553,28.18333244,Guineo-Congolean,5
WA010,2019,8,1.53,20.5181427,23.66783905,19.99382401,,14.32403755,24.42708969,Guineo-Congolean,5
WA010,2019,9,0.0,18.6371479,24.94187737,10.45935726,,8.359923363,32.28761292,Guineo-Congolean,5
WA010,2019,10,0.01,10.51531887,14.89386177,14.9295454,,13.43652916,20.14136696,Guineo-Congolean,5
WA010,2019,11,1.68,4.493711472,7.135105133,4.839922905,,6.446580887,5.428120136,Guineo-Congolean,5
WA010,2019,12,6.65,1.425158262,3.403005838,1.374223232,,1.469961762,1.861047745,Guineo-Congolean,5
WA010,2020,1,3.99,0.615780652,2.02235198,1.73508811,,0.55620116,0.863531232,Guineo-Congolean,5
WA010,2020,2,1.66,1.408532977,3.132674217,1.822135568,,1.444405675,1.973504663,Guineo-Congolean,5
WA010,2020,3,0.0,4.005605698,6.709646702,4.723632813,,3.971822739,3.734583855,Guineo-Congolean,5
WA010,2020,4,2.57,7.001589298,6.578969955,6.659761429,,6.509917259,4.459070206,Guineo-Congolean,5
WA010,2020,5,3.14,10.64901066,13.11557293,13.94992447,,9.756716728,13.39193058,Guineo-Congolean,5
WA010,2020,6,6.65,18.71379089,11.89576054,18.08382416,,10.19994259,20.82238197,Guineo-Congolean,5
WA010,2020,7,5.92,22.22512436,13.77632236,11.45184994,,7.875582695,24.8189621,Guineo-Congolean,5
WA010,2020,8,0.76,12.47966957,9.741793633,3.276847363,,2.381340981,9.72684288,Guineo-Congolean,5
WA010,2020,9,0.0,14.7827282,16.72686195,15.10812759,,15.58775425,22.38450623,Guineo-Congolean,5
WA010,2020,10,0.31,9.758115768,10.58382607,10.15597248,,13.36699009,15.39866638,Guineo-Congolean,5
WA010,2020,11,5.69,4.297602654,5.34056282,5.128302097,,6.874423027,4.740806103,Guineo-Congolean,5
WA010,2020,12,9.33,2.544085979,4.280221939,3.667668581,,1.772812605,2.692370415,Guineo-Congolean,5
WA011,2000,1,4.74,0.350183427,1.375446081,,0.891123831,0.449840486,0.183469564,Guineo-Congolean,5
WA011,2000,2,0.39,0.326276153,0.532761276,,0.10373418,0.228779674,0.131466165,Guineo-Congolean,5
WA011,2000,3,0.0,2.380140305,0.812301397,,1.305884719,1.814385295,3.639173508,Guineo-Congolean,5
WA011,2000,4,0.0,3.323718071,1.94467175,,2.073550701,2.783967733,3.052096605,Guineo-Congolean,5
WA011,2000,5,5.81,4.25270319,5.799031734,,3.710772753,4.000558376,3.858855009,Guineo-Congolean,5
WA011,2000,6,7.3,4.342752934,7.85148859,4.969673157,5.430056572,5.75308466,5.070804596,Guineo-Congolean,5
WA011,2000,7,6.05,1.985367179,1.836470366,2.279194593,4.427777767,3.678981066,2.383078098,Guineo-Congolean,5
WA011,2000,8,0.0,2.054074287,1.971982241,2.685417175,3.401117325,3.902695179,1.350850582,Guineo-Congolean,5
WA011,2000,9,0.86,3.125867844,3.078791857,3.050796032,5.584261894,5.001861572,2.54797864,Guineo-Congolean,5
WA011,2000,10,3.49,3.961745977,1.757828712,2.845072269,3.245775461,3.760832787,2.606860399,Guineo-Congolean,5
WA011,2000,11,2.68,1.257094145,1.778163433,1.080011725,0.858847022,0.991627336,0.643748581,Guineo-Congolean,5
WA011,2000,12,5.13,0.434805542,0.721180618,0.32831347,0.170521513,0.44391939,0.249999002,Guineo-Congolean,5
WA011,2001,1,5.61,0.206604853,0.628326416,0.024,,0.040531669,0.643152833,Guineo-Congolean,5
WA011,2001,2,0.0,0.416205317,0.732550502,0.501566648,,0.641522408,0.071428575,Guineo-Congolean,5
WA011,2001,3,0.47,2.368559837,2.367252111,2.097596884,,2.767062902,1.498001933,Guineo-Congolean,5
WA011,2001,4,0.0,5.120960236,3.195228815,5.596468925,,5.100830078,6.043784618,Guineo-Congolean,5
WA011,2001,5,4.34,5.988603592,5.519220352,5.68150425,,5.220113754,6.903205395,Guineo-Congolean,5
WA011,2001,6,6.31,5.633682728,6.781529903,6.750780106,,6.128584385,5.235377789,Guineo-Congolean,5
WA011,2001,7,3.78,0.966920495,3.63116765,1.247924685,,1.591906667,1.241937518,Guineo-Congolean,5
WA011,2001,8,1.06,0.564275265,1.280381083,0.680440128,,1.017026663,0.379044086,Guineo-Congolean,5
WA011,2001,9,0.0,3.31419301,3.33565402,4.132723808,,4.855835915,3.331341028,Guineo-Congolean,5
WA011,2001,10,0.0,2.307300329,1.954234719,1.967110276,,2.614468336,1.719761133,Guineo-Congolean,5
WA011,2001,11,3.57,1.851043105,1.930745125,0.827722371,,1.181747556,0.614584208,Guineo-Congolean,5
WA011,2001,12,5.71,0.300352544,0.833965063,0.287437081,,0.451088011,0.153224811,Guineo-Congolean,5
WA011,2002,1,3.47,0.754159391,0.747764945,0.963168979,,0.751518488,1.657262564,Guineo-Congolean,5
WA011,2002,2,0.65,0.619206727,1.058099389,0.742232382,,0.975025535,0.482145548,Guineo-Congolean,5
WA011,2002,3,0.0,2.162808418,1.310761929,1.683228374,,2.683278561,2.05245018,Guineo-Congolean,5
WA011,2002,4,0.16,4.77011013,2.522621155,5.287796974,,5.068027496,4.895849705,Guineo-Congolean,5
WA011,2002,5,3.98,5.171598434,4.858584404,3.428245068,,4.181900501,4.205632687,Guineo-Congolean,5
WA011,2002,6,6.68,8.796860695,7.37113905,9.030405045,,8.122688293,10.72075367,Guineo-Congolean,5
WA011,2002,7,4.86,2.508653879,2.655032396,3.602503538,,5.136733532,2.899207115,Guineo-Congolean,5
WA011,2002,8,2.29,1.432760715,1.974978685,1.427650452,,2.257096767,1.205682874,Guineo-Congolean,5
WA011,2002,9,0.0,1.799375415,1.421780109,2.083851576,,3.115343094,1.120864749,Guineo-Congolean,5
WA011,2002,10,1.11,5.28331089,4.081716061,4.324876785,,5.612884998,5.336713791,Guineo-Congolean,5
WA011,2002,11,3.7,1.787169337,2.81509757,1.735702276,,1.875764489,2.391675234,Guineo-Congolean,5
WA011,2002,12,7.96,0.439004719,1.296728373,0.126002759,,0.388839036,0.080638736,Guineo-Congolean,5
WA011,2003,1,5.96,0.488804668,1.369673133,1.13962841,,0.957878709,1.729844213,Guineo-Congolean,5
WA011,2003,2,1.14,1.216446042,0.857188821,1.082453847,,1.474616528,0.915202796,Guineo-Congolean,5
WA011,2003,3,0.0,1.881383419,1.433241367,1.585228205,,1.846625566,1.907286406,Guineo-Congolean,5
WA011,2003,4,1.07,6.85091877,4.359311104,5.962702751,,6.093429565,5.281265736,Guineo-Congolean,5
WA011,2003,5,5.54,2.537765265,4.808861256,3.201529503,,3.139163494,3.27619648,Guineo-Congolean,5
WA011,2003,6,7.22,6.512548447,5.078100204,7.013381481,,7.228628159,7.272854328,Guineo-Congolean,5
WA011,2003,7,5.24,1.447387099,0.975780487,2.040138721,,2.829778194,1.764127135,Guineo-Congolean,5
WA011,2003,8,0.0,0.941786587,1.491806269,0.558478713,,1.545843005,1.149232268,Guineo-Congolean,5
WA011,2003,9,0.0,3.799337387,4.160755634,3.176394701,,4.600440502,3.61261797,Guineo-Congolean,5
WA011,2003,10,0.68,5.297211647,4.215900421,4.574119568,,5.137648582,5.195555687,Guineo-Congolean,5
WA011,2003,11,1.8,2.24998188,2.829739809,1.862082243,,2.326388836,2.910416126,Guineo-Congolean,5
WA011,2003,12,7.2,0.673347473,1.199991107,0.696931958,,0.629259169,0.78831172,Guineo-Congolean,5
WA011,2004,1,5.61,0.525107741,0.978144109,0.784232259,,1.22226131,1.592750907,Guineo-Congolean,5
WA011,2004,2,0.0,1.419053674,0.981513798,1.390959501,,1.558175564,0.937518299,Guineo-Congolean,5
WA011,2004,3,0.0,1.645791054,1.333721995,1.929608107,,2.228072882,0.883076549,Guineo-Congolean,5
WA011,2004,4,0.0,3.365188599,2.081818819,2.578534842,,3.111039162,2.708361387,Guineo-Congolean,5
WA011,2004,5,3.92,5.722321987,4.130382061,6.407281399,,6.320666313,6.387084484,Guineo-Congolean,5
WA011,2004,6,7.04,4.291723251,3.412763357,4.181062222,,4.186015129,4.591646671,Guineo-Congolean,5
WA011,2004,7,5.75,1.936868548,4.982230186,2.165867567,,3.587740183,2.175412178,Guineo-Congolean,5
WA011,2004,8,1.69,1.227841973,4.091742516,1.97120595,,2.622740269,1.03834033,Guineo-Congolean,5
WA011,2004,9,1.12,5.885968208,3.467241287,7.668320179,,8.106097221,5.202216625,Guineo-Congolean,5
WA011,2004,10,0.68,4.432327747,4.95070982,4.850309372,,4.633270264,6.752034664,Guineo-Congolean,5
WA011,2004,11,4.49,1.418183446,2.766100645,1.58372736,,1.484659314,1.843749046,Guineo-Congolean,5
WA011,2004,12,6.42,0.588352084,0.798179865,0.418501377,,0.568033457,0.145159289,Guineo-Congolean,5
WA011,2005,1,5.07,0.221634835,0.23765783,0.144567892,,0.154108346,0.056450617,Guineo-Congolean,5
WA011,2005,2,0.0,1.508803844,1.105220556,0.813955903,,1.50944221,1.066994548,Guineo-Congolean,5
WA011,2005,3,1.54,4.912312508,1.44373703,4.140279293,,3.975320101,5.002073765,Guineo-Congolean,5
WA011,2005,4,1.98,4.297542572,2.648775578,2.938694239,,3.377804995,2.283353806,Guineo-Congolean,5
WA011,2005,5,4.26,4.989830494,5.569852352,4.419006348,,4.617401123,5.653205872,Guineo-Congolean,5
WA011,2005,6,7.28,3.983912468,4.397809029,4.818664551,,4.504311562,6.029132366,Guineo-Congolean,5
WA011,2005,7,4.5,1.558107257,1.779954791,2.503112793,,1.967833042,2.288317204,Guineo-Congolean,5
WA011,2005,8,0.0,1.879822969,1.594619393,1.701079845,,1.68238318,0.971806526,Guineo-Congolean,5
WA011,2005,9,0.88,2.844837904,3.32629323,2.837624311,,4.815048695,1.977143049,Guineo-Congolean,5
WA011,2005,10,0.36,4.102630615,4.290893078,3.658331633,,4.884935379,3.691526413,Guineo-Congolean,5
WA011,2005,11,3.94,1.736568928,2.756476879,1.733358979,,1.863270998,2.939563036,Guineo-Congolean,5
WA011,2005,12,8.38,0.586050689,1.454669237,0.41503796,,0.551865995,0.429425687,Guineo-Congolean,5
WA011,2006,1,3.91,0.647070885,1.11288166,0.741372108,,0.571429491,0.675410926,Guineo-Congolean,5
WA011,2006,2,0.0,0.829560459,1.055313349,0.882866323,,0.934590578,0.32813412,Guineo-Congolean,5
WA011,2006,3,0.32,3.528928995,1.223115683,3.500646114,,3.175262451,2.246006966,Guineo-Congolean,5
WA011,2006,4,0.58,2.737164497,2.457973957,2.309159517,,2.425398827,2.016682386,Guineo-Congolean,5
WA011,2006,5,4.14,7.473842621,6.057728291,9.10162735,,7.486032009,7.566507339,Guineo-Congolean,5
WA011,2006,6,7.7,6.126437664,5.067727566,5.246620178,,5.231442928,5.579134464,Guineo-Congolean,5
WA011,2006,7,5.3,2.28268218,2.791068554,1.680934668,,2.38646102,1.812503338,Guineo-Congolean,5
WA011,2006,8,0.0,1.211444736,1.859830976,1.321325421,,2.149856567,0.762122631,Guineo-Congolean,5
WA011,2006,9,0.72,4.220060349,5.84570694,4.219368458,,5.164244175,3.848023176,Guineo-Congolean,5
WA011,2006,10,2.11,4.097031593,3.465591908,5.003931522,,4.28454113,4.135082245,Guineo-Congolean,5
WA011,2006,11,1.83,0.641026616,1.605832577,0.503162861,,0.840055227,2.166680813,Guineo-Congolean,5
WA011,2006,12,7.72,0.23770307,0.446034402,0.19546631,,0.30528006,0.0,Guineo-Congolean,5
WA011,2007,1,3.27,0.095402323,0.081350058,0.055314623,,0.104148656,0.0,Guineo-Congolean,5
WA011,2007,2,0.04,1.270283699,0.959400833,0.795954823,,0.744291008,0.622783005,Guineo-Congolean,5
WA011,2007,3,0.0,2.174722195,0.80543381,1.911965251,,1.773235679,2.43147707,Guineo-Congolean,5
WA011,2007,4,0.29,3.344607592,1.946937561,4.076454639,,3.008226871,3.233342886,Guineo-Congolean,5
WA011,2007,5,6.3,5.080685139,2.071950674,4.779675961,,4.99441433,5.949589729,Guineo-Congolean,5
WA011,2007,6,5.92,6.308275223,7.592207432,7.731987953,,6.475967407,6.858283043,Guineo-Congolean,5
WA011,2007,7,2.54,5.10543108,5.976329327,4.663673878,,6.125289917,4.729846478,Guineo-Congolean,5
WA011,2007,8,0.0,2.548374176,3.220449448,2.708091021,,3.528258801,1.834725976,Guineo-Congolean,5
WA011,2007,9,2.66,6.930869102,4.169028759,4.015671253,,7.677992344,4.125109673,Guineo-Congolean,5
WA011,2007,10,0.0,4.746994019,3.982640982,4.754689217,,7.213191509,5.022181034,Guineo-Congolean,5
WA011,2007,11,3.97,1.023773551,2.541508198,1.364100814,,1.223906398,2.735414982,Guineo-Congolean,5
WA011,2007,12,7.0,0.692766547,0.840223193,0.654364407,,1.027230501,1.387088895,Guineo-Congolean,5
WA011,2008,1,2.82,0.22961995,0.315083981,0.678827703,,0.526299298,0.280243754,Guineo-Congolean,5
WA011,2008,2,0.21,0.433046043,0.358820677,0.405855477,,0.932803333,0.780195832,Guineo-Congolean,5
WA011,2008,3,3.57,2.806488037,2.108016253,2.252081871,,2.668731928,3.060519934,Guineo-Congolean,5
WA011,2008,4,2.24,3.223306417,2.194026709,3.39507699,,3.53975606,4.168744087,Guineo-Congolean,5
WA011,2008,5,2.93,6.543417931,4.24130249,5.566675186,,6.054697514,5.997961521,Guineo-Congolean,5
WA011,2008,6,8.31,6.544445515,5.437571049,8.527151108,,6.671679974,7.710381985,Guineo-Congolean,5
WA011,2008,7,2.96,5.410061836,4.204621792,4.72377634,,7.267007351,4.860900879,Guineo-Congolean,5
WA011,2008,8,0.0,1.94315505,3.415306568,2.259699821,,2.56303525,1.165359378,Guineo-Congolean,5
WA011,2008,9,1.77,4.075912952,3.809242249,4.049552441,,4.631615162,3.995957851,Guineo-Congolean,5
WA011,2008,10,1.95,3.688596249,2.756459713,3.613642216,,4.882670403,3.576616049,Guineo-Congolean,5
WA011,2008,11,5.31,1.955844879,1.466567874,0.94442004,,1.222514033,3.74788928,Guineo-Congolean,5
WA011,2008,12,6.91,1.343818545,1.597246528,1.627094507,,1.497004867,0.983869433,Guineo-Congolean,5
WA011,2009,1,3.79,0.450534642,0.943906307,0.136501059,,0.399685711,0.602833271,Guineo-Congolean,5
WA011,2009,2,1.44,1.655645013,0.823252738,1.950849771,,1.281048059,1.466557264,Guineo-Congolean,5
WA011,2009,3,0.99,3.148273706,1.17953968,2.231283426,,2.068749666,1.524212241,Guineo-Congolean,5
WA011,2009,4,0.01,4.637131691,1.654254079,4.78254652,,4.608168602,5.412527084,Guineo-Congolean,5
WA011,2009,5,1.98,4.289294243,4.460278511,5.198136806,,4.523410797,5.100818157,Guineo-Congolean,5
WA011,2009,6,7.64,8.629292488,10.5138483,10.05486488,,7.942861557,8.745752335,Guineo-Congolean,5
WA011,2009,7,5.35,4.28889513,4.568576813,4.100338459,,4.59835577,3.828634501,Guineo-Congolean,5
WA011,2009,8,0.0,1.623104334,1.671724677,2.105198622,,2.196200371,1.15730226,Guineo-Congolean,5
WA011,2009,9,1.3,1.601098895,2.13719964,1.722709775,,2.181168079,1.187540054,Guineo-Congolean,5
WA011,2009,10,0.91,2.378405809,2.810468674,2.377743244,,3.109797955,2.931467056,Guineo-Congolean,5
WA011,2009,11,4.94,1.152038097,1.213968635,1.034917355,,1.045406222,2.283349514,Guineo-Congolean,5
WA011,2009,12,8.59,0.650421619,1.105700731,0.329158187,,1.049736857,0.629026294,Guineo-Congolean,5
WA011,2010,1,3.13,0.475405633,0.694807768,0.525853574,,0.488468081,1.054433823,Guineo-Congolean,5
WA011,2010,2,0.0,1.747944951,1.088189721,2.44762516,,2.493006945,1.973253489,Guineo-Congolean,5
WA011,2010,3,0.0,4.376523495,1.493700504,2.819902182,,2.7347157,2.931496143,Guineo-Congolean,5
WA011,2010,4,1.61,2.936289787,2.365356445,3.305111408,,3.085208893,2.18960309,Guineo-Congolean,5
WA011,2010,5,3.32,5.045696735,3.682676554,4.924542904,,4.50834322,4.659262657,Guineo-Congolean,5
WA011,2010,6,6.63,7.144305229,5.813559055,7.928909302,,6.416127682,8.149921417,Guineo-Congolean,5
WA011,2010,7,1.72,3.147590876,2.817014694,2.388914585,,3.599052429,3.592748642,Guineo-Congolean,5
WA011,2010,8,2.69,2.525884628,4.687141895,2.768894196,,3.15861249,1.447624803,Guineo-Congolean,5
WA011,2010,9,1.53,6.697000504,8.150431633,5.559613228,,7.196264744,6.14185667,Guineo-Congolean,5
WA011,2010,10,1.46,5.34885931,4.514732361,4.820869446,,6.256656647,5.586708546,Guineo-Congolean,5
WA011,2010,11,5.21,3.818692684,2.419954062,2.833863497,,2.882310629,5.1458354,Guineo-Congolean,5
WA011,2010,12,8.22,0.451342463,1.146123648,0.491716266,,0.477974713,0.588698268,Guineo-Congolean,5
WA011,2011,1,3.69,0.174947873,0.307967991,0.024,,0.062968045,0.08064317,Guineo-Congolean,5
WA011,2011,2,0.3,4.936413765,2.617255211,2.378343344,,3.871562958,2.609443426,Guineo-Congolean,5
WA011,2011,3,0.0,1.736751914,0.913132906,0.679391623,,1.607319713,0.52420336,Guineo-Congolean,5
WA011,2011,4,3.79,3.596505642,1.939308047,3.859455824,,2.846381664,3.166685104,Guineo-Congolean,5
WA011,2011,5,4.69,5.103201866,6.93898344,5.384505749,,4.218823433,5.977787495,Guineo-Congolean,5
WA011,2011,6,6.92,5.313051701,4.894611835,4.687152863,,4.427635193,5.737458229,Guineo-Congolean,5
WA011,2011,7,4.58,4.574870586,4.166710854,4.290246487,,4.593187332,3.576622009,Guineo-Congolean,5
WA011,2011,8,0.0,1.172953129,1.732993007,1.078427315,,1.571691632,0.828656495,Guineo-Congolean,5
WA011,2011,9,2.38,2.889658213,4.707767487,1.932355285,,3.738273144,2.491735935,Guineo-Congolean,5
WA011,2011,10,0.0,7.466270447,5.458898067,5.242726803,,6.303111076,8.633077621,Guineo-Congolean,5
WA011,2011,11,4.63,1.080183029,1.72028029,0.844426751,,1.185583591,0.891661525,Guineo-Congolean,5
WA011,2011,12,8.83,0.252138048,0.536820114,0.0,,0.149764866,0.024192551,Guineo-Congolean,5
WA011,2012,1,4.48,0.406151921,0.809845209,0.404234022,,0.426019192,0.588707149,Guineo-Congolean,5
WA011,2012,2,0.62,1.91031146,1.370886683,1.795107484,,1.837943673,3.03025651,Guineo-Congolean,5
WA011,2012,3,0.51,1.68517828,1.653665304,0.959286392,,1.528235793,1.070577264,Guineo-Congolean,5
WA011,2012,4,0.43,3.525353193,2.82822299,3.428982258,,3.68974328,4.793768883,Guineo-Congolean,5
WA011,2012,5,3.28,4.551332951,5.516092777,4.0382061,,4.105521202,5.070551872,Guineo-Congolean,5
WA011,2012,6,6.94,5.99203825,7.049485683,7.11607933,,6.46256876,7.958269596,Guineo-Congolean,5
WA011,2012,7,5.85,2.571690798,2.652654171,2.090455055,,2.529279709,2.272186279,Guineo-Congolean,5
WA011,2012,8,0.36,1.385743141,1.53298533,1.167124391,,1.22844851,0.560504317,Guineo-Congolean,5
WA011,2012,9,0.0,3.312068939,5.417140007,2.61174345,,4.39345789,3.573017359,Guineo-Congolean,5
WA011,2012,10,0.0,5.586607456,3.761178017,3.372164488,,4.413513184,4.499987125,Guineo-Congolean,5
WA011,2012,11,5.38,1.965165019,1.871747732,1.003461123,,1.982583761,1.502072215,Guineo-Congolean,5
WA011,2012,12,8.34,0.642561734,1.149919391,0.48376739,,1.047234297,1.167330623,Guineo-Congolean,5
WA011,2013,1,4.7,0.578932226,0.449538082,0.431252629,,0.664046884,1.514112592,Guineo-Congolean,5
WA011,2013,2,0.18,0.780956864,0.760303378,0.351661712,,1.010843277,0.924132526,Guineo-Congolean,5
WA011,2013,3,1.22,2.871029139,0.977296054,2.269643307,,3.302633524,3.12907505,Guineo-Congolean,5
WA011,2013,4,0.0,2.998701572,2.576376915,3.706351757,,3.848786592,5.143788815,Guineo-Congolean,5
WA011,2013,5,3.68,4.501655102,4.059373379,6.465285778,,5.019796371,7.187470913,Guineo-Congolean,5
WA011,2013,6,8.71,3.263051748,3.288112879,3.841367245,,4.019955635,4.6603899,Guineo-Congolean,5
WA011,2013,7,5.09,1.588082433,2.341674328,1.614034057,,2.134817839,1.528233051,Guineo-Congolean,5
WA011,2013,8,0.0,0.607715368,0.803887367,0.259505838,,1.039228082,0.314527959,Guineo-Congolean,5
WA011,2013,9,0.0,3.069489479,4.131637573,1.775178194,,3.204118013,3.091753721,Guineo-Congolean,5
WA011,2013,10,0.64,2.266500473,2.464434862,1.698172331,,3.436065674,2.381066799,Guineo-Congolean,5
WA011,2013,11,6.16,1.25970459,2.556981564,1.179136157,,1.674771667,3.524996281,Guineo-Congolean,5
WA011,2013,12,5.11,0.784873068,1.128406405,0.626157999,,1.077744842,0.909278452,Guineo-Congolean,5
WA011,2014,1,4.35,0.670242608,1.333314657,0.924090207,,1.253650546,1.399198055,Guineo-Congolean,5
WA011,2014,2,0.0,1.689824343,1.649741292,1.909748554,,1.725976467,1.895119429,Guineo-Congolean,5
WA011,2014,3,0.0,2.963427067,1.728599191,3.260434389,,3.083369493,3.092774153,Guineo-Congolean,5
WA011,2014,4,0.04,2.582921267,2.762640238,1.835740566,,2.814475536,2.343753099,Guineo-Congolean,5
WA011,2014,5,3.47,4.603691101,5.493951797,5.44776535,,5.382897854,5.24797821,Guineo-Congolean,5
WA011,2014,6,6.83,4.543397427,8.66839695,4.484909534,,4.885604858,6.095790386,Guineo-Congolean,5
WA011,2014,7,4.01,3.622179031,4.092405319,2.839694023,,3.814763069,3.959688187,Guineo-Congolean,5
WA011,2014,8,0.0,2.337254763,2.58417201,2.880176067,,2.914859533,1.489966035,Guineo-Congolean,5
WA011,2014,9,0.0,4.951229095,5.198550701,4.627983093,,7.09702158,3.973013401,Guineo-Congolean,5
WA011,2014,10,1.47,2.5851686,4.012081146,2.950439692,,2.301481485,3.659276962,Guineo-Congolean,5
WA011,2014,11,4.94,1.592206478,2.701888084,1.135243416,,1.753821492,4.579164028,Guineo-Congolean,5
WA011,2014,12,8.55,0.428738236,1.0090065,0.232138321,,0.633547127,0.312501818,Guineo-Congolean,5
WA011,2015,1,2.07,0.433107018,0.597401857,0.116438352,,0.608917236,0.159277007,Guineo-Congolean,5
WA011,2015,2,0.87,1.596603155,1.698876858,1.429813862,,1.772919297,1.946468949,Guineo-Congolean,5
WA011,2015,3,1.34,6.600039959,2.660942078,3.075139999,,3.605764866,6.637186527,Guineo-Congolean,5
WA011,2015,4,0.0,2.587663651,1.274427891,1.628628373,,2.08646369,1.700009227,Guineo-Congolean,5
WA011,2015,5,4.01,3.551051855,7.236635685,3.478336573,,3.490477324,2.826614141,Guineo-Congolean,5
WA011,2015,6,7.35,4.677010536,4.951836109,6.757668972,,5.578670025,5.360377312,Guineo-Congolean,5
WA011,2015,7,6.3,1.813935399,5.017477036,1.955456853,,1.770703197,0.655244529,Guineo-Congolean,5
WA011,2015,8,2.91,0.859058261,1.608857989,0.79633683,,1.573342681,1.022204876,Guineo-Congolean,5
WA011,2015,9,0.0,1.971298933,1.974771619,0.944837511,,1.790923595,2.675076485,Guineo-Congolean,5
WA011,2015,10,3.62,4.600130081,3.347589493,4.094443798,,5.069028854,4.665328979,Guineo-Congolean,5
WA011,2015,11,2.86,2.112873077,2.303048611,1.410402536,,1.866577625,2.160418272,Guineo-Congolean,5
WA011,2015,12,8.73,0.204201147,0.17606014,0.364590704,,0.361416936,0.0,Guineo-Congolean,5
WA011,2016,1,5.21,0.186186492,0.520960093,0.069281004,,0.310137749,0.088708676,Guineo-Congolean,5
WA011,2016,2,0.0,0.310771734,0.279219598,0.198474571,,0.302327007,0.094826527,Guineo-Congolean,5
WA011,2016,3,1.12,6.385903835,2.634212255,3.868686199,,4.136944294,3.582710028,Guineo-Congolean,5
WA011,2016,4,0.37,2.582942247,1.962381601,2.483124018,,3.120156288,3.310424328,Guineo-Congolean,5
WA011,2016,5,4.69,4.978236198,5.400690079,4.025038719,,4.56840992,5.264087677,Guineo-Congolean,5
WA011,2016,6,7.79,4.611217976,8.073922157,5.41712904,,5.371052742,6.04786396,Guineo-Congolean,5
WA011,2016,7,5.5,1.853387356,2.330603123,2.076523304,,2.581247091,1.949605584,Guineo-Congolean,5
WA011,2016,8,0.59,1.116729617,2.672668695,1.713070869,,1.786545396,1.20770061,Guineo-Congolean,5
WA011,2016,9,0.29,5.461308956,4.892564297,4.815848351,,5.736074924,3.423006773,Guineo-Congolean,5
WA011,2016,10,1.87,4.997363567,4.846145153,4.300605297,,4.625109196,4.258058071,Guineo-Congolean,5
WA011,2016,11,4.73,2.379415035,2.060940027,0.811690271,,1.359215975,2.520822287,Guineo-Congolean,5
WA011,2016,12,8.41,0.926478863,1.057802796,0.271131694,,0.677771032,0.824592412,Guineo-Congolean,5
WA011,2017,1,3.17,0.681737661,0.561058998,0.381463379,,0.992590189,0.598790348,Guineo-Congolean,5
WA011,2017,2,0.0,0.580190241,1.265112042,0.433883756,,0.750635803,0.444211543,Guineo-Congolean,5
WA011,2017,3,0.0,1.588251352,1.616715908,1.956973195,,2.441358328,2.302444696,Guineo-Congolean,5
WA011,2017,4,0.0,4.810934544,2.915243864,3.39698863,,4.316194534,2.385425568,Guineo-Congolean,5
WA011,2017,5,4.98,5.338836193,4.534230232,3.916490316,,5.233920097,4.715704918,Guineo-Congolean,5
WA011,2017,6,8.72,7.729850292,6.294828415,7.520009995,,0.126264036,10.74158287,Guineo-Congolean,5
WA011,2017,7,3.81,4.301080704,4.107236385,4.68943882,,0.087924927,3.205656528,Guineo-Congolean,5
WA011,2017,8,2.29,1.593892932,2.901997328,1.428881884,,2.280681133,1.558516741,Guineo-Congolean,5
WA011,2017,9,2.21,2.499905825,2.816118002,2.344545603,,3.048434258,3.283414841,Guineo-Congolean,5
WA011,2017,10,0.8,2.727138042,3.763753891,1.143575191,,2.430578947,0.760084689,Guineo-Congolean,5
WA011,2017,11,2.97,2.780606747,2.694325447,1.71004796,,2.270520449,3.479155064,Guineo-Congolean,5
WA011,2017,12,9.47,0.660435855,1.24031508,0.498944968,,0.808884144,0.51814276,Guineo-Congolean,5
WA011,2018,1,3.92,0.181174025,0.236827314,0.055314623,,0.148697391,0.0,Guineo-Congolean,5
WA011,2018,2,0.66,1.513847828,1.350551844,2.783663273,,2.447983503,0.685291171,Guineo-Congolean,5
WA011,2018,3,0.08,2.589466572,1.5627352,1.456813812,,2.433369875,2.608907223,Guineo-Congolean,5
WA011,2018,4,0.0,1.890463829,1.901632786,2.134893417,,2.036015511,3.102103233,Guineo-Congolean,5
WA011,2018,5,2.16,4.540651798,4.895734787,4.829546928,,4.943163395,4.548370838,Guineo-Congolean,5
WA011,2018,6,8.29,4.812582493,6.303781033,4.737372875,,5.773456097,5.837462902,Guineo-Congolean,5
WA011,2018,7,3.02,2.233766317,3.021295309,2.11597538,,3.559190989,2.427424431,Guineo-Congolean,5
WA011,2018,8,4.32,1.89370203,2.97612524,1.495594144,,2.709200859,2.090798378,Guineo-Congolean,5
WA011,2018,9,0.0,5.178716183,5.425858498,3.761651278,,5.875179768,4.539693356,Guineo-Congolean,5
WA011,2018,10,0.0,5.327668667,5.279720783,4.604362011,,4.74544239,5.137104511,Guineo-Congolean,5
WA011,2018,11,4.64,1.641459465,2.250899792,0.98054266,,1.318260074,1.643744469,Guineo-Congolean,5
WA011,2018,12,9.41,0.370919257,1.116329074,0.447654456,,0.227111533,0.532260478,Guineo-Congolean,5
WA011,2019,1,4.08,0.598267078,0.698548436,0.734534919,,0.737437069,0.209675416,Guineo-Congolean,5
WA011,2019,2,1.22,1.702580333,2.073129416,1.491147041,,2.025079966,1.343764424,Guineo-Congolean,5
WA011,2019,3,0.0,3.616042137,1.49683249,3.809904814,,3.343325615,1.709712386,Guineo-Congolean,5
WA011,2019,4,0.0,3.483145237,2.948743105,3.381064892,,3.624209881,4.21667099,Guineo-Congolean,5
WA011,2019,5,2.66,7.338402271,4.468613148,8.01659584,,5.809135914,5.461639881,Guineo-Congolean,5
WA011,2019,6,5.13,4.982069969,5.777085304,5.609545231,,5.069974899,7.112464905,Guineo-Congolean,5
WA011,2019,7,4.15,4.191287994,4.763427734,3.578792572,,4.979632378,3.086712122,Guineo-Congolean,5
WA011,2019,8,0.0,0.817588151,1.563402534,0.69048959,,1.656508327,0.729881883,Guineo-Congolean,5
WA011,2019,9,0.0,5.297255516,5.14387846,5.691048145,,5.799075127,4.214707851,Guineo-Congolean,5
WA011,2019,10,0.0,6.603056431,13.08515358,7.147415161,,7.319242001,13.37849236,Guineo-Congolean,5
WA011,2019,11,2.96,2.521711826,2.424781322,2.037653446,,2.00309968,1.164591312,Guineo-Congolean,5
WA011,2019,12,8.0,0.627989888,1.202794313,0.357015043,,0.591727555,0.306449622,Guineo-Congolean,5
WA011,2020,1,4.38,0.214988381,0.200429156,0.12656723,,0.17506142,0.139107093,Guineo-Congolean,5
WA011,2020,2,1.62,0.205224574,0.451203972,0.171658963,,0.176576748,0.316819161,Guineo-Congolean,5
WA011,2020,3,1.44,2.267848253,1.791086912,1.930330992,,2.425530434,1.921439052,Guineo-Congolean,5
WA011,2020,4,1.93,4.873591423,2.046933651,4.049031734,,4.339357853,2.820821285,Guineo-Congolean,5
WA011,2020,5,4.0,6.872534752,3.859260559,5.509991646,,5.762904644,3.907322645,Guineo-Congolean,5
WA011,2020,6,7.88,5.264180183,8.159813881,5.073526382,,6.259820938,8.77466011,Guineo-Congolean,5
WA011,2020,7,4.64,1.60820508,2.096944094,1.602747202,,2.341034412,1.590770364,Guineo-Congolean,5
WA011,2020,8,0.68,0.433532208,0.558524787,0.255096704,,0.619714737,0.268156618,Guineo-Congolean,5
WA011,2020,9,0.0,4.160356998,2.421334505,4.107604504,,5.099264145,1.858425021,Guineo-Congolean,5
WA011,2020,10,0.08,4.319952488,6.847630978,4.559692383,,4.631773949,7.46947813,Guineo-Congolean,5
WA011,2020,11,2.98,1.237009406,1.83083415,1.167589903,,1.560963988,1.497907877,Guineo-Congolean,5
WA011,2020,12,8.03,0.612380445,0.889342487,1.056111574,,1.109402061,0.344759881,Guineo-Congolean,5
WA012,2000,1,3.49,0.271866173,1.620039105,,0.545616269,0.179403469,0.064516127,Guineo-Congolean,5
WA012,2000,2,0.55,0.322815806,0.466569424,,0.055647098,0.221690133,0.137931034,Guineo-Congolean,5
WA012,2000,3,1.93,2.154369116,1.44166398,,1.460857868,1.420430779,1.983858347,Guineo-Congolean,5
WA012,2000,4,0.53,3.675524473,2.825797558,,2.32009244,3.129487991,3.158326864,Guineo-Congolean,5
WA012,2000,5,2.5,4.343213081,6.453313828,,3.576513052,4.169161797,3.967750311,Guineo-Congolean,5
WA012,2000,6,8.18,7.284584999,10.55170918,5.708019733,5.194952011,6.986044407,7.275006771,Guineo-Congolean,5
WA012,2000,7,3.39,3.297243118,2.841538191,2.885142565,6.343296528,4.030464649,3.483862638,Guineo-Congolean,5
WA012,2000,8,2.86,2.585879326,3.005055189,3.42161417,2.891866446,4.041782379,2.07257843,Guineo-Congolean,5
WA012,2000,9,0.5,5.745038033,5.544065475,5.510002613,5.293903828,7.303500175,5.033368111,Guineo-Congolean,5
WA012,2000,10,0.0,4.698123932,2.414867163,3.456378222,3.635824919,3.874645472,3.217760801,Guineo-Congolean,5
WA012,2000,11,4.45,1.060023308,1.610445619,1.228710294,1.080857992,0.697608769,0.600000024,Guineo-Congolean,5
WA012,2000,12,9.93,0.435747802,0.932300091,0.079777904,0.215422347,0.212055951,0.15322791,Guineo-Congolean,5
WA012,2001,1,5.97,0.251323998,0.966246665,0.187473983,,0.166924059,0.250002086,Guineo-Congolean,5
WA012,2001,2,2.79,0.36495474,0.664735556,0.311821669,,0.373889327,0.107142858,Guineo-Congolean,5
WA012,2001,3,0.0,1.599129796,3.324389935,1.408520222,,1.823869944,1.290322542,Guineo-Congolean,5
WA012,2001,4,1.64,4.193216324,4.413434029,5.931093216,,4.426153183,4.683311462,Guineo-Congolean,5
WA012,2001,5,3.1,6.801012039,6.934869766,6.855640888,,6.494204521,6.85484314,Guineo-Congolean,5
WA012,2001,6,7.78,8.48993206,11.20913887,7.143264294,,7.060384274,8.400016785,Guineo-Congolean,5
WA012,2001,7,2.41,2.287232637,4.911249161,2.412527323,,2.988454103,1.879030108,Guineo-Congolean,5
WA012,2001,8,0.0,0.676191926,2.073199749,0.585677326,,0.667596042,0.540324688,Guineo-Congolean,5
WA012,2001,9,0.0,3.672120094,3.937689781,4.126947403,,4.58836031,4.316679955,Guineo-Congolean,5
WA012,2001,10,1.62,3.201638222,2.424734116,2.287086487,,3.043368578,1.887100935,Guineo-Congolean,5
WA012,2001,11,5.0,1.083664298,2.514455795,0.954567134,,0.979061902,0.400000006,Guineo-Congolean,5
WA012,2001,12,7.85,0.362246811,1.163066745,0.180838823,,0.740329683,0.161290318,Guineo-Congolean,5
WA012,2002,1,2.31,0.439720035,0.855491698,0.596445262,,0.289769232,1.411309242,Guineo-Congolean,5
WA012,2002,2,0.11,0.409774572,1.209376216,0.353350908,,0.841035545,0.080354817,Guineo-Congolean,5
WA012,2002,3,0.0,2.344523907,2.260325909,1.760873079,,2.558285475,2.016133308,Guineo-Congolean,5
WA012,2002,4,1.59,3.946896553,2.740973949,6.333417416,,5.326177597,4.366649628,Guineo-Congolean,5
WA012,2002,5,5.47,3.911941528,6.241607189,2.974642515,,3.536489725,3.790326834,Guineo-Congolean,5
WA012,2002,6,8.82,13.91983891,10.99446774,11.26702023,,9.233477592,14.89999962,Guineo-Congolean,5
WA012,2002,7,3.06,5.669104576,4.086630821,5.422377586,,7.750973225,4.354838848,Guineo-Congolean,5
WA012,2002,8,0.0,1.357076287,3.147722483,1.151682377,,1.466662407,1.733873129,Guineo-Congolean,5
WA012,2002,9,0.0,2.410471201,2.47388339,2.192534924,,2.851149321,1.975006461,Guineo-Congolean,5
WA012,2002,10,2.28,7.182095051,4.688668728,5.69049263,,6.076187134,7.508091927,Guineo-Congolean,5
WA012,2002,11,3.5,1.224216104,2.514880657,1.621181965,,1.528077722,1.424993515,Guineo-Congolean,5
WA012,2002,12,6.56,0.274510205,1.642397523,0.071347594,,0.138862729,0.032258064,Guineo-Congolean,5
WA012,2003,1,6.05,0.916632831,2.072204351,1.29902494,,1.12863183,1.774218798,Guineo-Congolean,5
WA012,2003,2,2.08,1.235161901,1.172836065,1.277205229,,1.248913527,1.098216534,Guineo-Congolean,5
WA012,2003,3,0.53,1.233707309,2.063428879,1.308923602,,1.380105972,1.145157099,Guineo-Congolean,5
WA012,2003,4,0.13,8.657522202,5.718817711,7.014817238,,5.431307793,6.28331995,Guineo-Congolean,5
WA012,2003,5,3.83,3.837946177,5.786929131,3.453101158,,3.706650496,3.306464195,Guineo-Congolean,5
WA012,2003,6,7.78,8.430160522,7.082326412,7.960120201,,9.2458992,9.550013542,Guineo-Congolean,5
WA012,2003,7,6.0,1.642555118,0.735806227,1.968919992,,2.774502516,2.629036427,Guineo-Congolean,5
WA012,2003,8,1.03,0.927568018,1.995233417,0.722109497,,1.436611056,2.798389196,Guineo-Congolean,5
WA012,2003,9,1.41,6.293686867,4.725247383,5.262112141,,5.971549034,5.716688633,Guineo-Congolean,5
WA012,2003,10,1.96,6.320092678,5.651729584,6.273400784,,5.508141518,6.403254986,Guineo-Congolean,5
WA012,2003,11,2.54,2.317832947,3.34620285,2.111214399,,1.939929485,2.641664505,Guineo-Congolean,5
WA012,2003,12,8.44,0.360805124,1.510685325,0.21150583,,0.350565642,0.266126931,Guineo-Congolean,5
WA012,2004,1,3.63,0.818895876,1.340665698,1.698817492,,1.716694117,1.104853392,Guineo-Congolean,5
WA012,2004,2,0.0,1.153085589,1.265570283,1.329616904,,1.020006776,0.724137902,Guineo-Congolean,5
WA012,2004,3,0.0,1.259238601,1.839168787,1.873111725,,1.729813576,0.806451619,Guineo-Congolean,5
WA012,2004,4,0.0,3.644904852,2.980122566,3.179493666,,2.855370283,3.374997854,Guineo-Congolean,5
WA012,2004,5,4.66,7.238812923,6.577488899,8.546050072,,7.257965088,8.532279015,Guineo-Congolean,5
WA012,2004,6,7.64,6.340317726,5.014780998,6.384449005,,4.801538467,7.491677761,Guineo-Congolean,5
WA012,2004,7,4.23,3.49159193,3.408123732,3.071580887,,3.596874952,4.419363499,Guineo-Congolean,5
WA012,2004,8,2.94,1.402556062,3.222622395,1.708001733,,1.948898077,1.677419305,Guineo-Congolean,5
WA012,2004,9,0.0,7.988828659,6.335760117,9.133336067,,9.511470795,8.375023842,Guineo-Congolean,5
WA012,2004,10,0.47,6.578231335,4.927911758,6.240556717,,5.626383781,6.717765331,Guineo-Congolean,5
WA012,2004,11,4.38,1.968485832,3.355689526,1.331658483,,1.482219815,1.899999976,Guineo-Congolean,5
WA012,2004,12,6.58,0.2634027,1.080977321,0.067970246,,0.095157325,0.056453712,Guineo-Congolean,5
WA012,2005,1,4.04,0.069554761,0.26500845,0.032905474,,0.098139971,0.0,Guineo-Congolean,5
WA012,2005,2,0.0,1.217890143,1.184378743,1.215456963,,1.076573968,1.205359459,Guineo-Congolean,5
WA012,2005,3,2.26,4.554443359,1.871025801,4.314632893,,4.333799839,5.016133308,Guineo-Congolean,5
WA012,2005,4,0.0,3.349491596,3.324764967,3.389199257,,3.408396244,2.449995756,Guineo-Congolean,5
WA012,2005,5,6.54,6.498036385,7.140336514,6.99390316,,5.360975266,7.403238297,Guineo-Congolean,5
WA012,2005,6,7.46,9.256520271,6.635340214,7.116396427,,6.055982113,9.141673088,Guineo-Congolean,5
WA012,2005,7,5.29,3.997583628,3.033213139,3.168637753,,2.971334934,4.282260418,Guineo-Congolean,5
WA012,2005,8,0.43,1.489901423,1.225321651,2.030738592,,1.556282759,1.645161271,Guineo-Congolean,5
WA012,2005,9,0.46,3.147826195,4.621608257,3.889425278,,5.718173981,2.958344221,Guineo-Congolean,5
WA012,2005,10,0.0,3.855126143,3.36370492,3.667579412,,4.811236858,3.411300898,Guineo-Congolean,5
WA012,2005,11,4.15,1.399625063,2.372941971,1.561623216,,1.637879014,1.724993467,Guineo-Congolean,5
WA012,2005,12,7.9,0.286978811,1.947336197,0.303667724,,0.209325954,0.161290318,Guineo-Congolean,5
WA012,2006,1,3.02,0.463281006,1.751155615,0.298034132,,0.357042223,0.459683716,Guineo-Congolean,5
WA012,2006,2,0.34,0.665245593,1.863064289,0.869093776,,0.692186773,0.25,Guineo-Congolean,5
WA012,2006,3,0.0,3.561330795,2.042145491,2.911672354,,2.640249014,2.677419424,Guineo-Congolean,5
WA012,2006,4,3.37,2.452325583,3.614419937,2.429895639,,2.378826857,2.274997711,Guineo-Congolean,5
WA012,2006,5,3.89,7.966635227,6.873235703,7.318093777,,7.813695431,7.653240204,Guineo-Congolean,5
WA012,2006,6,9.43,7.912353516,8.931426048,7.390397072,,5.661588192,9.041672707,Guineo-Congolean,5
WA012,2006,7,3.76,3.165587664,4.246044636,2.083811998,,2.194702148,3.120970011,Guineo-Congolean,5
WA012,2006,8,0.82,1.923143625,2.733940601,0.66497761,,2.055516481,1.032258034,Guineo-Congolean,5
WA012,2006,9,0.0,6.928857803,5.807010651,5.076615334,,6.802008629,6.091686249,Guineo-Congolean,5
WA012,2006,10,0.0,4.363602638,3.960704327,6.641954899,,4.706346989,4.459692001,Guineo-Congolean,5
WA012,2006,11,4.26,1.567310691,1.64996922,0.92907697,,1.307282686,1.974997878,Guineo-Congolean,5
WA012,2006,12,9.48,0.216841429,0.561591268,0.099834338,,0.14896448,0.0,Guineo-Congolean,5
WA012,2007,1,4.28,0.006529943,0.090447448,0.01884475,,0.081904769,0.0,Guineo-Congolean,5
WA012,2007,2,2.23,1.248560071,1.633280754,1.083233714,,0.629087627,0.526788056,Guineo-Congolean,5
WA012,2007,3,1.3,2.097174883,1.032472491,1.539967418,,1.341774464,2.548387051,Guineo-Congolean,5
WA012,2007,4,2.53,2.44803524,2.867612123,3.136933804,,2.396021128,2.624993324,Guineo-Congolean,5
WA012,2007,5,3.93,6.133677483,2.573583126,5.821238995,,6.724278927,6.983891964,Guineo-Congolean,5
WA012,2007,6,10.49,11.39989948,9.314169884,10.38601303,,10.05213547,11.56668377,Guineo-Congolean,5
WA012,2007,7,3.39,7.760890007,6.441604614,6.037714005,,6.694791317,7.427417278,Guineo-Congolean,5
WA012,2007,8,0.0,2.946862459,4.467826843,3.551080465,,4.263246059,2.16935277,Guineo-Congolean,5
WA012,2007,9,0.0,7.710160732,5.188392162,5.132690907,,7.823039055,5.383346558,Guineo-Congolean,5
WA012,2007,10,3.41,6.225439072,4.577628136,5.706190109,,8.460045815,6.8790555,Guineo-Congolean,5
WA012,2007,11,5.02,1.400592566,2.521916389,2.026700258,,1.207826853,1.974997878,Guineo-Congolean,5
WA012,2007,12,7.08,1.180918217,1.181784511,1.257736921,,1.397014022,1.322580695,Guineo-Congolean,5
WA012,2008,1,5.56,0.265356958,0.715658188,0.204637483,,0.593949139,0.217744038,Guineo-Congolean,5
WA012,2008,2,1.36,0.226928294,0.392676175,0.225010529,,0.31174919,0.612071216,Guineo-Congolean,5
WA012,2008,3,2.96,2.906315804,2.773393393,1.935242653,,2.423970699,3.290322542,Guineo-Congolean,5
WA012,2008,4,0.0,2.763061047,2.730274439,2.843058109,,3.212376833,2.641655684,Guineo-Congolean,5
WA012,2008,5,3.67,6.706263065,5.381033421,5.658241749,,6.045002937,7.556474686,Guineo-Congolean,5
WA012,2008,6,6.92,10.42811108,7.360229969,9.008502007,,8.087123871,12.61668015,Guineo-Congolean,5
WA012,2008,7,1.53,7.54522562,7.619852066,8.054966927,,10.02461338,7.500004292,Guineo-Congolean,5
WA012,2008,8,1.83,1.983009219,5.12169075,1.705844998,,2.655844927,1.572582722,Guineo-Congolean,5
WA012,2008,9,0.16,5.846812725,4.626603603,5.520071507,,6.368598938,5.508348465,Guineo-Congolean,5
WA012,2008,10,1.42,5.124054909,3.684993744,5.148485661,,5.680704117,4.354855537,Guineo-Congolean,5
WA012,2008,11,6.95,1.720091581,1.850451946,0.843443215,,1.407373071,1.78332901,Guineo-Congolean,5
WA012,2008,12,7.06,1.108951211,2.203592062,0.82002753,,1.06048286,0.822584808,Guineo-Congolean,5
WA012,2009,1,3.47,0.441075385,1.292402625,0.103402324,,0.341740608,0.637107313,Guineo-Congolean,5
WA012,2009,2,0.65,1.260553598,1.299053669,1.377656579,,0.865517259,1.035714269,Guineo-Congolean,5
WA012,2009,3,1.73,1.963016152,1.470089316,1.505560517,,1.718694806,1.564520359,Guineo-Congolean,5
WA012,2009,4,0.0,6.280766964,1.89376843,5.240344524,,4.302355289,5.966649532,Guineo-Congolean,5
WA012,2009,5,3.21,4.473451138,4.334002972,6.130380154,,5.105493069,5.5161376,Guineo-Congolean,5
WA012,2009,6,8.82,13.46266365,11.60586452,14.56014633,,10.26775074,14.47501564,Guineo-Congolean,5
WA012,2009,7,4.47,6.431981564,4.448508739,5.658873558,,4.722375393,5.233860493,Guineo-Congolean,5
WA012,2009,8,0.0,1.515431166,1.585213065,0.958729863,,1.111763358,1.314509749,Guineo-Congolean,5
WA012,2009,9,0.0,4.135814667,1.93591702,1.7425282,,2.465709209,1.916670918,Guineo-Congolean,5
WA012,2009,10,2.38,5.835098267,3.922542572,4.135402203,,4.227138996,5.153270245,Guineo-Congolean,5
WA012,2009,11,4.5,2.089451551,1.67031908,0.963105261,,1.100303769,2.391659975,Guineo-Congolean,5
WA012,2009,12,6.55,0.192135066,1.265015602,0.122253075,,0.28576225,0.129032254,Guineo-Congolean,5
WA012,2010,1,3.79,0.342444509,0.936072946,0.416025251,,0.672137737,0.435488075,Guineo-Congolean,5
WA012,2010,2,0.52,0.71736306,1.079579473,0.9033463,,1.556928039,1.044640541,Guineo-Congolean,5
WA012,2010,3,1.42,3.750268221,1.55820024,3.255717278,,2.621790171,3.701615095,Guineo-Congolean,5
WA012,2010,4,0.0,2.254582882,2.966859579,2.668214798,,2.383244514,2.183329105,Guineo-Congolean,5
WA012,2010,5,2.95,5.14069891,5.154013634,6.541936874,,5.31111002,5.6935606,Guineo-Congolean,5
WA012,2010,6,7.84,12.06124973,9.041073799,12.63017082,,9.031326294,11.60000896,Guineo-Congolean,5
WA012,2010,7,3.88,5.709201813,4.287474632,6.141201019,,4.744400978,6.104827881,Guineo-Congolean,5
WA012,2010,8,1.21,3.415127754,3.402125359,3.301783085,,4.978934288,2.217744112,Guineo-Congolean,5
WA012,2010,9,0.0,8.936627388,6.933202744,7.623699665,,8.104962349,8.25834465,Guineo-Congolean,5
WA012,2010,10,0.95,6.152848721,4.777422428,6.239263535,,7.307703972,5.983883381,Guineo-Congolean,5
WA012,2010,11,5.36,3.536302567,2.64420867,3.076266289,,2.92667985,4.274989128,Guineo-Congolean,5
WA012,2010,12,8.11,0.941364229,1.41601193,0.458468407,,0.753390133,0.612903237,Guineo-Congolean,5
WA012,2011,1,4.17,0.093745664,0.420824796,0.037022553,,0.021864232,0.032258064,Guineo-Congolean,5
WA012,2011,2,0.38,5.478797436,2.887012482,4.431993008,,3.460534096,2.919645309,Guineo-Congolean,5
WA012,2011,3,0.0,0.974719822,1.405865192,0.402862072,,1.016577005,0.508066595,Guineo-Congolean,5
WA012,2011,4,0.41,3.371171236,2.369065285,3.005962849,,2.63505125,3.116653681,Guineo-Congolean,5
WA012,2011,5,5.57,5.660176277,5.554765224,7.628531933,,5.025136948,6.379043102,Guineo-Congolean,5
WA012,2011,6,7.35,7.53997612,5.143788338,7.169887543,,5.977137566,8.108340263,Guineo-Congolean,5
WA012,2011,7,2.89,6.388611794,6.063973904,6.189498425,,6.215090275,4.88709259,Guineo-Congolean,5
WA012,2011,8,0.0,1.611540556,2.380306482,1.071242571,,2.202980518,1.161290288,Guineo-Congolean,5
WA012,2011,9,0.75,3.252698421,4.48772049,3.564472675,,3.822225332,3.291677475,Guineo-Congolean,5
WA012,2011,10,0.03,8.254692078,5.073011875,7.364250183,,7.861759663,9.298410416,Guineo-Congolean,5
WA012,2011,11,4.61,1.07774806,1.962707996,1.357244968,,1.630571842,0.308331162,Guineo-Congolean,5
WA012,2011,12,8.15,0.119317859,0.648601234,0.005438075,,0.038357008,0.0,Guineo-Congolean,5
WA012,2012,1,5.11,0.239139378,0.685778558,0.137039438,,0.232505277,0.241939679,Guineo-Congolean,5
WA012,2012,2,2.28,2.494693756,1.75107801,2.489674091,,2.594635487,2.284480572,Guineo-Congolean,5
WA012,2012,3,1.74,1.938213229,1.861123681,1.161668658,,1.580679297,1.0,Guineo-Congolean,5
WA012,2012,4,0.0,5.824624538,3.601551294,6.180883884,,4.265973568,4.966649532,Guineo-Congolean,5
WA012,2012,5,2.87,6.140422344,6.212218761,4.65774107,,4.802598,6.048399448,Guineo-Congolean,5
WA012,2012,6,7.41,11.45215893,10.9898901,10.65423679,,9.247528076,11.60000896,Guineo-Congolean,5
WA012,2012,7,3.44,3.975277901,4.777260303,2.491316795,,3.098398685,3.500004292,Guineo-Congolean,5
WA012,2012,8,0.0,0.980376482,2.698983431,1.406778932,,1.128717542,0.838709652,Guineo-Congolean,5
WA012,2012,9,0.0,5.294618607,6.722550392,5.151808739,,5.134015083,5.916688442,Guineo-Congolean,5
WA012,2012,10,0.0,6.601861954,4.22964859,5.194072723,,5.230265617,4.419363499,Guineo-Congolean,5
WA012,2012,11,3.16,1.974535584,2.478528261,1.856163859,,2.124530792,1.449995637,Guineo-Congolean,5
WA012,2012,12,7.11,0.574357986,1.347394347,0.941049099,,0.891483843,0.185477555,Guineo-Congolean,5
WA012,2013,1,5.47,0.797392488,0.820123374,1.451125383,,0.835761368,1.016141653,Guineo-Congolean,5
WA012,2013,2,0.75,1.02548182,0.729734182,1.073014975,,1.05098033,0.785714269,Guineo-Congolean,5
WA012,2013,3,3.59,2.966961384,1.52772975,2.427692413,,2.468495369,3.588715792,Guineo-Congolean,5
WA012,2013,4,0.71,3.981899738,3.57749939,4.395178318,,4.277639389,5.224984646,Guineo-Congolean,5
WA012,2013,5,3.64,7.355556965,3.819309235,7.540434361,,6.032798767,9.524216652,Guineo-Congolean,5
WA012,2013,6,7.51,5.538247585,4.878006935,4.432534218,,4.257546425,6.21667099,Guineo-Congolean,5
WA012,2013,7,4.32,3.350798845,4.112528324,2.737758398,,2.953626394,2.572582722,Guineo-Congolean,5
WA012,2013,8,1.04,0.563857019,1.380836129,0.3277722,,0.924016416,0.475808531,Guineo-Congolean,5
WA012,2013,9,3.1,3.776182652,4.032847404,2.562075377,,3.308958292,4.358344078,Guineo-Congolean,5
WA012,2013,10,0.0,3.442804098,3.798826933,3.29141593,,3.839441061,3.112915993,Guineo-Congolean,5
WA012,2013,11,5.07,1.898038149,2.993189573,1.192883611,,1.949196935,1.866657972,Guineo-Congolean,5
WA012,2013,12,7.76,0.670384169,1.000642896,0.303956866,,0.827968955,0.766131103,Guineo-Congolean,5
WA012,2014,1,2.04,1.024143457,1.445574164,1.761315584,,1.328998446,0.830655694,Guineo-Congolean,5
WA012,2014,2,1.46,1.710174561,1.342036724,1.524839282,,1.493199229,1.58035481,Guineo-Congolean,5
WA012,2014,3,2.08,3.170729637,2.164879084,2.910842657,,3.152012587,2.637099028,Guineo-Congolean,5
WA012,2014,4,0.0,2.313138485,2.521870613,1.885018587,,2.485039711,2.02499342,Guineo-Congolean,5
WA012,2014,5,3.99,6.332262516,6.749056816,7.587852955,,6.860844612,6.169369221,Guineo-Congolean,5
WA012,2014,6,5.34,7.176105022,11.37719822,8.219182968,,5.474202633,8.441673279,Guineo-Congolean,5
WA012,2014,7,2.43,6.808605194,4.980898857,7.650391102,,5.699977875,6.693552494,Guineo-Congolean,5
WA012,2014,8,1.81,3.3612988,8.688678741,3.440016747,,3.277472496,2.387096882,Guineo-Congolean,5
WA012,2014,9,0.0,6.923101902,4.635091305,6.424589157,,7.494826794,5.325028419,Guineo-Congolean,5
WA012,2014,10,0.0,4.318155289,3.712768078,3.909048557,,4.037748337,4.032274723,Guineo-Congolean,5
WA012,2014,11,4.29,2.830579996,3.196253777,2.284343958,,3.063925028,3.499991417,Guineo-Congolean,5
WA012,2014,12,6.85,0.414530575,1.318664789,0.189669326,,0.414390683,0.266126931,Guineo-Congolean,5
WA012,2015,1,3.41,0.109301195,0.539794326,0.01884475,,0.260815591,0.032258064,Guineo-Congolean,5
WA012,2015,2,1.42,1.350346088,2.330711365,1.501693606,,1.358186126,1.437497735,Guineo-Congolean,5
WA012,2015,3,0.0,6.03404665,3.063602924,3.943863869,,3.341005325,7.000008583,Guineo-Congolean,5
WA012,2015,4,0.0,2.2373209,1.576540589,1.897522211,,1.821719646,1.883329034,Guineo-Congolean,5
WA012,2015,5,4.19,3.722411156,5.613420486,4.052241325,,3.772123337,3.096782684,Guineo-Congolean,5
WA012,2015,6,8.71,8.283173561,6.207992077,11.3871727,,7.276803493,7.841673374,Guineo-Congolean,5
WA012,2015,7,5.55,2.12065196,4.449034691,2.708559036,,2.144355059,1.056453705,Guineo-Congolean,5
WA012,2015,8,0.0,1.655840755,2.596065998,1.082027078,,1.035519361,1.612903237,Guineo-Congolean,5
WA012,2015,9,1.67,3.282333374,3.511198997,2.229163647,,2.191032887,7.441681862,Guineo-Congolean,5
WA012,2015,10,0.0,6.049491405,4.171135426,6.077624798,,5.472113609,5.69356966,Guineo-Congolean,5
WA012,2015,11,6.28,1.682309747,2.969831228,1.290460706,,1.593627453,1.408331156,Guineo-Congolean,5
WA012,2015,12,6.08,0.124331295,0.208390027,0.066275418,,0.208682209,0.0,Guineo-Congolean,5
WA012,2016,1,5.66,0.238453418,0.443825454,0.155725166,,0.336706311,0.032258064,Guineo-Congolean,5
WA012,2016,2,0.0,0.223256662,0.409562051,0.076688744,,0.161996946,0.034482758,Guineo-Congolean,5
WA012,2016,3,3.02,4.351304054,3.434088707,4.749181271,,3.826773405,3.540324688,Guineo-Congolean,5
WA012,2016,4,1.24,3.265594006,2.606300116,3.451605082,,2.879364252,3.241655827,Guineo-Congolean,5
WA012,2016,5,2.73,7.107001781,6.881178856,5.135274887,,5.670040607,5.854851246,Guineo-Congolean,5
WA012,2016,6,6.85,6.799296856,7.124090672,6.719718456,,5.796088219,8.141664505,Guineo-Congolean,5
WA012,2016,7,4.98,2.361696005,3.016280413,1.698699951,,2.455127716,3.096774101,Guineo-Congolean,5
WA012,2016,8,1.82,2.174791336,2.364957809,2.063771963,,2.169892073,1.935483813,Guineo-Congolean,5
WA012,2016,9,0.41,6.079668045,6.417609215,5.664103985,,7.309624195,4.000008583,Guineo-Congolean,5
WA012,2016,10,0.56,8.038562775,4.439313889,8.55774498,,6.268985748,5.298410416,Guineo-Congolean,5
WA012,2016,11,4.95,1.40522027,1.901293397,1.582840681,,1.350652695,1.341655731,Guineo-Congolean,5
WA012,2016,12,7.66,0.340794414,1.090717912,0.141196951,,0.250676423,0.532253861,Guineo-Congolean,5
WA012,2017,1,2.38,0.251294434,0.646142483,0.263893932,,0.708893776,0.346776277,Guineo-Congolean,5
WA012,2017,2,0.0,0.438862979,1.347026467,0.13902694,,0.612961531,0.33035481,Guineo-Congolean,5
WA012,2017,3,0.79,1.626889348,1.803597808,1.525268316,,2.840094805,2.250002146,Guineo-Congolean,5
WA012,2017,4,2.02,2.212003946,2.734716654,2.902395964,,4.462183475,2.174989223,Guineo-Congolean,5
WA012,2017,5,6.02,6.040086269,5.198277473,6.066549301,,5.930754662,5.330659866,Guineo-Congolean,5
WA012,2017,6,8.47,11.64220619,8.051612854,12.00475407,,0.144067183,15.29167747,Guineo-Congolean,5
WA012,2017,7,4.36,6.491771221,3.886041641,5.230223656,,0.102878638,5.346776485,Guineo-Congolean,5
WA012,2017,8,1.44,1.95486033,5.09433794,2.112752438,,2.658115864,2.387096882,Guineo-Congolean,5
WA012,2017,9,0.0,3.495793581,2.938519716,3.910308838,,3.587179899,4.325010777,Guineo-Congolean,5
WA012,2017,10,0.31,2.067145586,3.974338293,2.387832165,,3.446697712,0.887100935,Guineo-Congolean,5
WA012,2017,11,2.97,1.792636514,2.936316252,1.416757345,,2.060623646,2.391659975,Guineo-Congolean,5
WA012,2017,12,5.94,0.706228852,1.394921064,0.526410282,,0.505291879,0.395159185,Guineo-Congolean,5
WA012,2018,1,4.42,0.052586224,0.285924792,0.007499348,,0.139246166,0.0,Guineo-Congolean,5
WA012,2018,2,0.73,3.305651903,1.850680351,1.990671039,,2.763320208,0.821428597,Guineo-Congolean,5
WA012,2018,3,1.36,3.587156534,2.010474443,3.172909737,,2.30282402,2.604840755,Guineo-Congolean,5
WA012,2018,4,1.18,2.44238162,2.703986645,3.03297472,,1.914431691,3.166658163,Guineo-Congolean,5
WA012,2018,5,4.3,6.606684208,5.70678091,6.879681587,,5.412930489,5.419363499,Guineo-Congolean,5
WA012,2018,6,8.2,6.328296661,7.998860359,5.105193138,,6.773071289,8.541682243,Guineo-Congolean,5
WA012,2018,7,3.95,4.386044502,4.634727955,3.244162321,,4.478804111,3.814513922,Guineo-Congolean,5
WA012,2018,8,1.02,2.478123903,4.326286793,2.064203501,,2.390221119,3.451612949,Guineo-Congolean,5
WA012,2018,9,0.0,8.469283104,6.990025043,6.316759109,,7.681432247,6.566683769,Guineo-Congolean,5
WA012,2018,10,0.96,5.950934887,4.496297359,5.65453434,,4.853574276,6.072603703,Guineo-Congolean,5
WA012,2018,11,4.84,2.669354677,2.096964836,2.003840446,,1.495277762,1.541664481,Guineo-Congolean,5
WA012,2018,12,6.66,0.392601043,0.971473336,0.112689845,,0.181116283,0.330643058,Guineo-Congolean,5
WA012,2019,1,4.06,1.64198184,1.29988277,2.084609509,,1.81329298,0.274197757,Guineo-Congolean,5
WA012,2019,2,0.0,2.66336751,2.653284073,2.114544153,,2.324840069,1.267852426,Guineo-Congolean,5
WA012,2019,3,0.0,3.124785185,1.739212394,2.317415476,,2.533179998,1.612894893,Guineo-Congolean,5
WA012,2019,4,0.0,3.661906242,2.838774204,3.978351355,,3.308494091,3.708331108,Guineo-Congolean,5
WA012,2019,5,5.58,6.721839905,5.439862728,7.196376324,,6.066707611,6.532262325,Guineo-Congolean,5
WA012,2019,6,8.83,6.772782803,9.069591522,6.393421173,,6.194694042,14.68339825,Guineo-Congolean,5
WA012,2019,7,4.67,5.72551775,3.806107998,3.896617174,,4.825712204,3.629019499,Guineo-Congolean,5
WA012,2019,8,2.97,0.941826403,2.488033533,0.780509412,,1.628128409,1.943571448,Guineo-Congolean,5
WA012,2019,9,0.26,7.252309322,5.88039875,6.656331062,,6.655791283,7.77504158,Guineo-Congolean,5
WA012,2019,10,4.29,11.32872295,14.47380829,12.81384373,,9.534393311,14.7662487,Guineo-Congolean,5
WA012,2019,11,3.72,3.040533066,2.272333384,3.250807285,,2.24930048,0.908331156,Guineo-Congolean,5
WA012,2019,12,7.82,1.346700191,1.211807013,0.181306928,,0.404212087,0.225806445,Guineo-Congolean,5
WA012,2020,1,3.5,0.029895658,0.153945222,0.012655697,,0.040130038,0.056453712,Guineo-Congolean,5
WA012,2020,2,0.97,0.164148733,0.369397908,0.062808,,0.142051592,0.24999775,Guineo-Congolean,5
WA012,2020,3,1.54,2.206766605,1.868198633,2.290700436,,1.994181752,1.669356942,Guineo-Congolean,5
WA012,2020,4,0.36,4.044421196,2.254396677,4.524224281,,4.363186836,2.441655874,Guineo-Congolean,5
WA012,2020,5,6.22,3.886137962,4.041008949,5.758509159,,4.577097416,4.282268524,Guineo-Congolean,5
WA012,2020,6,7.8,10.41834831,8.611346245,9.961543083,,8.728243828,10.03331566,Guineo-Congolean,5
WA012,2020,7,4.34,4.108546734,4.747095585,2.509291649,,3.23090148,4.443575859,Guineo-Congolean,5
WA012,2020,8,0.0,0.416562825,0.814150631,0.09037178,,0.541311562,0.483870953,Guineo-Congolean,5
WA012,2020,9,1.02,5.480906963,3.543532133,5.530396461,,5.612585068,3.825019598,Guineo-Congolean,5
WA012,2020,10,0.33,4.916532993,5.152383327,4.964959621,,5.877421379,5.879004955,Guineo-Congolean,5
WA012,2020,11,3.24,1.664991617,2.532409906,1.177072763,,1.47792685,1.375006437,Guineo-Congolean,5
WA012,2020,12,6.53,1.073340297,1.375246525,0.535114825,,0.775733411,0.403230011,Guineo-Congolean,5
WA013,2000,1,1.35,0.000268927,0.00105343,,3.68e-07,0.000102469,0.0,Soudanian,3
WA013,2000,2,3.01,0.001079595,0.001331932,,8.07e-09,0.007862764,0.0,Soudanian,3
WA013,2000,3,3.83,0.007091592,0.000845108,,8.43e-05,0.006848706,0.0,Soudanian,3
WA013,2000,4,1.36,0.157030821,0.001000884,,0.035674654,0.115546353,0.0,Soudanian,3
WA013,2000,5,1.72,0.765037298,0.264714897,,0.611290097,0.648838103,1.403127789,Soudanian,3
WA013,2000,6,0.55,2.516120911,1.5499084,3.825505733,2.811486244,3.948386908,3.751910925,Soudanian,3
WA013,2000,7,3.47,6.794354439,6.485828876,7.248370647,5.477149963,6.778354645,10.12686634,Soudanian,3
WA013,2000,8,2.3,6.971684933,4.484820843,6.849699974,4.255268574,6.245794296,8.622803688,Soudanian,3
WA013,2000,9,3.58,4.809696674,2.673665762,4.077887535,3.747274637,3.801647186,4.316555977,Soudanian,3
WA013,2000,10,0.72,0.688231885,0.850411117,1.185548544,0.58703357,0.829104125,1.120917082,Soudanian,3
WA013,2000,11,1.28,0.002230487,0.000887332,0.009835454,3.58e-07,0.000173089,0.0,Soudanian,3
WA013,2000,12,0.98,0.002425695,0.000969268,0.0,4e-07,4.22e-05,0.0,Soudanian,3
WA013,2001,1,1.27,0.001330138,0.000913482,0.0,,0.002869959,0.0,Soudanian,3
WA013,2001,2,2.63,0.005522631,0.001119276,0.0,,0.029608045,0.0,Soudanian,3
WA013,2001,3,1.61,0.029380413,0.000720971,0.001967091,,0.01715477,0.0,Soudanian,3
WA013,2001,4,1.21,0.762814164,0.071727879,0.950460494,,0.993204117,0.849933445,Soudanian,3
WA013,2001,5,1.36,2.237099171,1.002719164,1.716606021,,2.50879097,2.239813566,Soudanian,3
WA013,2001,6,0.0,3.365031958,2.058407784,6.10764122,,4.41906929,3.399876595,Soudanian,3
WA013,2001,7,1.27,6.883808136,8.611159325,11.64959717,,8.462695122,8.413146973,Soudanian,3
WA013,2001,8,3.6,8.046256065,8.078690529,13.76861954,,8.70791626,10.53813171,Soudanian,3
WA013,2001,9,2.05,4.582753658,3.051236629,5.56878376,,4.419402122,4.331121922,Soudanian,3
WA013,2001,10,0.0,0.076649241,0.025766777,0.003934181,,0.105854459,0.0,Soudanian,3
WA013,2001,11,0.0,0.000204085,0.000943507,0.0,,0.067224555,0.0,Soudanian,3
WA013,2001,12,0.0,0.001680201,0.000996933,0.0,,0.110232741,0.0,Soudanian,3
WA013,2002,1,2.61,0.000221813,0.001176027,0.0,,0.000282191,0.0,Soudanian,3
WA013,2002,2,3.02,0.011801504,0.001256489,0.005901272,,0.001957542,0.0,Soudanian,3
WA013,2002,3,2.36,0.090727493,0.0013602,0.101418987,,0.111967884,0.0,Soudanian,3
WA013,2002,4,1.82,0.58688271,0.012594199,0.274006486,,0.538948238,0.033333335,Soudanian,3
WA013,2002,5,0.0,0.658506155,0.06119813,0.159442648,,0.693860352,0.370949358,Soudanian,3
WA013,2002,6,0.24,3.548603535,0.96042794,2.834860563,,3.322381735,1.874931931,Soudanian,3
WA013,2002,7,3.78,7.399642467,4.637019634,6.242830753,,7.336868286,6.588600636,Soudanian,3
WA013,2002,8,3.98,6.964335918,4.4890728,7.902538776,,5.800125599,6.308337688,Soudanian,3
WA013,2002,9,1.78,6.50824213,3.761226177,4.902523994,,6.045611858,5.364413738,Soudanian,3
WA013,2002,10,1.95,0.96217984,1.409999371,2.023671627,,1.538201571,1.368885636,Soudanian,3
WA013,2002,11,0.12,0.013309112,0.024773123,0.005901272,,0.0,0.0,Soudanian,3
WA013,2002,12,1.88,0.001557849,0.001204552,0.003281245,,0.000639659,0.0,Soudanian,3
WA013,2003,1,3.04,0.002023349,0.001009137,0.0,,0.03502728,0.0,Soudanian,3
WA013,2003,2,4.07,0.009501968,0.001348096,0.007868363,,0.023798697,0.0,Soudanian,3
WA013,2003,3,3.1,0.005607288,0.00085833,0.017712099,,0.009595036,0.0,Soudanian,3
WA013,2003,4,0.9,0.483048081,0.325169683,0.512772143,,0.976067781,0.80826211,Soudanian,3
WA013,2003,5,1.78,1.900422692,0.767014861,2.456758499,,1.626174331,3.632915735,Soudanian,3
WA013,2003,6,0.0,3.100835323,3.623452663,5.700715065,,4.974074841,8.018516541,Soudanian,3
WA013,2003,7,2.55,7.617094994,3.542732954,9.007316589,,6.499471664,8.20956707,Soudanian,3
WA013,2003,8,4.42,9.422163963,9.662034035,11.71314144,,10.81130123,11.28202343,Soudanian,3
WA013,2003,9,3.38,5.377027988,3.820787907,5.624679565,,4.821599007,4.247772694,Soudanian,3
WA013,2003,10,0.0,0.328073919,1.032623172,0.527461231,,0.864091039,0.185473129,Soudanian,3
WA013,2003,11,1.77,0.011228003,0.001036059,0.017059162,,0.003737543,0.0,Soudanian,3
WA013,2003,12,1.08,0.000656742,0.000941248,0.0,,0.000879803,0.0,Soudanian,3
WA013,2004,1,0.85,0.000200786,0.001042975,0.0,,0.111827523,0.0,Soudanian,3
WA013,2004,2,6.01,0.005057884,0.000959314,0.005901272,,0.003572008,0.0,Soudanian,3
WA013,2004,3,5.29,0.010831731,0.000944096,0.017703818,,0.035127789,0.0,Soudanian,3
WA013,2004,4,1.75,0.238959625,0.000884173,0.154379427,,0.316438228,0.0,Soudanian,3
WA013,2004,5,2.28,3.003297806,1.055948257,4.014256954,,3.619135857,3.479666948,Soudanian,3
WA013,2004,6,0.61,3.717847824,2.235177279,6.103233814,,4.095066547,3.599879742,Soudanian,3
WA013,2004,7,0.42,6.631810188,4.483849049,7.374712944,,5.339312553,4.832575321,Soudanian,3
WA013,2004,8,2.19,9.355698586,5.983962536,8.132387161,,9.331908226,8.661115646,Soudanian,3
WA013,2004,9,2.82,3.191850424,1.564287901,4.776333809,,3.109920979,2.216603279,Soudanian,3
WA013,2004,10,0.0,0.244759142,0.084850289,0.095507517,,0.194882616,0.159269586,Soudanian,3
WA013,2004,11,0.0,0.001463835,0.000843585,0.039350096,,0.00072467,0.0,Soudanian,3
WA013,2004,12,0.42,1.28e-05,0.001024429,0.0,,0.047283061,0.0,Soudanian,3
WA013,2005,1,3.27,0.000276801,0.000853609,0.001967091,,1.44e-05,0.0,Soudanian,3
WA013,2005,2,2.68,0.006223277,0.000919096,0.001967091,,0.001738192,0.0,Soudanian,3
WA013,2005,3,1.94,0.01882812,0.000954077,0.007215427,,0.019623153,0.0,Soudanian,3
WA013,2005,4,2.39,0.355073512,0.028045101,0.369543523,,0.440639824,0.191655576,Soudanian,3
WA013,2005,5,0.0,1.896573067,0.785164475,2.278045893,,1.975360513,2.407155275,Soudanian,3
WA013,2005,6,1.59,4.04791069,2.237869263,6.251298904,,4.722588539,9.941345215,Soudanian,3
WA013,2005,7,1.89,6.29620409,4.388201237,8.438960075,,6.00973177,6.443424225,Soudanian,3
WA013,2005,8,5.18,7.666606903,8.477128983,10.62902451,,7.230387688,7.161164761,Soudanian,3
WA013,2005,9,3.87,4.001788616,2.399298668,4.573191166,,5.340789318,5.266470432,Soudanian,3
WA013,2005,10,1.43,0.324938297,0.736478925,1.114347816,,0.583010137,0.401186705,Soudanian,3
WA013,2005,11,1.64,1.97e-05,0.000985036,0.049587596,,0.018822731,0.0,Soudanian,3
WA013,2005,12,0.0,0.00060548,0.001150704,0.0,,0.000830631,0.0,Soudanian,3
WA013,2006,1,3.89,0.01069995,0.000732613,0.001967091,,0.035642724,0.0,Soudanian,3
WA013,2006,2,3.43,0.006239734,0.001319162,0.026430853,,0.006743399,0.0,Soudanian,3
WA013,2006,3,2.82,0.035783034,0.001023646,0.0,,0.010136523,0.0,Soudanian,3
WA013,2006,4,0.82,0.151971459,0.036729578,0.020993344,,0.208215326,0.0,Soudanian,3
WA013,2006,5,1.11,1.620568156,0.943050325,3.411623001,,2.278985262,0.965681374,Soudanian,3
WA013,2006,6,0.92,2.342131376,1.329220533,3.46671629,,2.3957932,2.824903488,Soudanian,3
WA013,2006,7,1.45,4.875878811,4.722676754,7.939762115,,5.754635334,3.919262886,Soudanian,3
WA013,2006,8,2.81,9.731200218,6.313347816,8.889021873,,9.788714409,10.9836874,Soudanian,3
WA013,2006,9,3.59,6.064056873,3.90182662,7.69922924,,7.309746742,6.539352417,Soudanian,3
WA013,2006,10,0.73,0.421564817,0.215826735,0.37020877,,0.997803569,0.782225847,Soudanian,3
WA013,2006,11,1.94,0.00519252,0.000931389,0.046565525,,0.017766181,0.0,Soudanian,3
WA013,2006,12,0.44,0.00211598,0.001258452,0.0,,0.09484528,0.0,Soudanian,3
WA013,2007,1,0.74,9.23e-05,0.000885998,0.0,,0.028243737,0.0,Soudanian,3
WA013,2007,2,5.71,0.013798019,0.00113479,0.005901272,,0.001780786,0.0,Soudanian,3
WA013,2007,3,2.04,0.117727533,0.001172023,0.118952155,,0.025734203,0.0,Soudanian,3
WA013,2007,4,0.93,0.633150756,0.041163072,0.895332515,,0.872685313,0.099996798,Soudanian,3
WA013,2007,5,0.0,1.941198707,0.218435243,2.892060518,,3.05068922,1.65113306,Soudanian,3
WA013,2007,6,2.56,2.784200907,2.124797821,6.169229031,,6.312218666,3.366549492,Soudanian,3
WA013,2007,7,1.4,5.191195011,4.321354389,5.829539776,,6.140861988,5.782149315,Soudanian,3
WA013,2007,8,4.08,7.492049217,5.722167015,11.43374062,,8.727708817,9.578437805,Soudanian,3
WA013,2007,9,2.63,3.040196419,2.534700632,1.130096793,,2.957536459,3.849860668,Soudanian,3
WA013,2007,10,0.0,0.148774326,0.002936726,0.02745807,,0.39297393,0.0,Soudanian,3
WA013,2007,11,0.91,0.001661226,0.000940376,0.015745008,,0.004728056,0.0,Soudanian,3
WA013,2007,12,2.51,0.001038249,0.000636517,0.019670907,,0.020109901,0.0,Soudanian,3
WA013,2008,1,1.89,0.001670083,0.001246606,0.047210179,,0.001088222,0.0,Soudanian,3
WA013,2008,2,4.99,8.76e-05,0.001110617,0.0,,0.066608571,0.0,Soudanian,3
WA013,2008,3,0.0,0.017470153,0.000803413,0.007868363,,0.008085906,0.0,Soudanian,3
WA013,2008,4,0.45,0.218001708,0.062162306,0.147634894,,0.157590941,0.024988908,Soudanian,3
WA013,2008,5,0.11,1.528480291,0.316802531,0.654789984,,1.553695679,1.314431906,Soudanian,3
WA013,2008,6,0.0,2.523042679,2.388403177,4.065847397,,4.277328014,3.091538429,Soudanian,3
WA013,2008,7,3.85,6.601255417,4.950315952,8.552933693,,8.174142838,10.4413147,Soudanian,3
WA013,2008,8,4.09,9.605743408,7.69940567,7.623425007,,8.590104103,9.370826721,Soudanian,3
WA013,2008,9,2.28,3.622357607,3.22384882,3.711613178,,4.744935513,3.039469481,Soudanian,3
WA013,2008,10,0.03,0.190153405,0.22645627,0.248777375,,0.474936426,0.088698938,Soudanian,3
WA013,2008,11,0.0,0.00114031,0.000989,0.038430855,,0.002822245,0.0,Soudanian,3
WA013,2008,12,0.0,0.002667944,0.001856092,0.048623059,,0.088712156,0.0,Soudanian,3
WA013,2009,1,3.7,0.003032614,0.001093635,0.0,,0.000792384,0.0,Soudanian,3
WA013,2009,2,1.86,0.001393224,0.001057778,0.007868363,,0.000485929,0.0,Soudanian,3
WA013,2009,3,1.54,0.006790029,0.000967557,0.012745488,,0.009626403,0.0,Soudanian,3
WA013,2009,4,0.0,0.487815708,0.039072391,0.145586833,,1.047812939,0.124988914,Soudanian,3
WA013,2009,5,2.68,1.575664282,0.462724864,1.544526815,,1.820593715,3.020018816,Soudanian,3
WA013,2009,6,1.46,3.396005392,1.47671175,3.055618525,,4.28240633,3.860290051,Soudanian,3
WA013,2009,7,1.8,6.015485287,3.933349371,9.76138401,,6.505340576,6.395049572,Soudanian,3
WA013,2009,8,6.13,6.812941074,7.06584692,10.04077148,,7.460401535,7.886882305,Soudanian,3
WA013,2009,9,1.57,3.635124683,2.362815142,3.922320843,,3.621832371,3.4748559,Soudanian,3
WA013,2009,10,1.76,0.389764249,0.389521241,0.626741588,,1.397632122,0.766081572,Soudanian,3
WA013,2009,11,0.0,0.004013601,0.000727829,0.045814823,,0.01390916,0.0,Soudanian,3
WA013,2009,12,1.84,0.00102291,0.000984442,0.0,,0.001660461,0.0,Soudanian,3
WA013,2010,1,1.99,0.000177027,0.000842816,0.0,,0.001887421,0.0,Soudanian,3
WA013,2010,2,3.21,0.003786173,0.001353682,0.003934181,,0.00307269,0.0,Soudanian,3
WA013,2010,3,2.23,0.058498837,0.000692943,0.010117179,,0.079068005,0.0,Soudanian,3
WA013,2010,4,0.85,0.374436766,0.075764567,1.633430719,,0.548170328,0.824944556,Soudanian,3
WA013,2010,5,0.0,1.370547891,0.599666893,1.606757283,,2.038007498,1.169285893,Soudanian,3
WA013,2010,6,1.19,3.894676208,2.413296461,4.094288826,,4.648125172,6.166499138,Soudanian,3
WA013,2010,7,1.77,5.856671333,8.35341835,7.842625141,,8.701823235,5.945420265,Soudanian,3
WA013,2010,8,5.28,9.397210121,6.566309452,8.80272007,,9.090126038,9.564341545,Soudanian,3
WA013,2010,9,3.05,6.164537907,3.044897556,6.947175026,,4.637046814,6.197750568,Soudanian,3
WA013,2010,10,0.42,0.750469267,1.319756508,1.6242764,,2.115314007,0.999960124,Soudanian,3
WA013,2010,11,0.0,0.003267585,0.00090139,0.019679189,,0.00576613,0.0,Soudanian,3
WA013,2010,12,0.69,0.000121389,0.000885554,0.0,,0.048958395,0.0,Soudanian,3
WA013,2011,1,3.19,0.000633825,0.001094076,0.0,,0.0,0.0,Soudanian,3
WA013,2011,2,7.08,0.009901765,0.004173182,0.023613371,,0.009429982,0.0,Soudanian,3
WA013,2011,3,3.67,0.016136259,0.000819494,0.003934181,,0.000399318,0.0,Soudanian,3
WA013,2011,4,1.72,0.338950574,0.002676739,0.454342633,,0.318168521,0.0,Soudanian,3
WA013,2011,5,4.36,1.481505275,0.582036436,2.273994923,,1.882392168,1.298318148,Soudanian,3
WA013,2011,6,1.14,3.258859873,1.83466804,4.626469612,,3.222974777,5.826915741,Soudanian,3
WA013,2011,7,3.11,4.884237766,4.263844013,7.249853134,,4.783890724,4.693450451,Soudanian,3
WA013,2011,8,5.38,8.037958145,12.21507072,9.22158432,,6.04247427,9.312401772,Soudanian,3
WA013,2011,9,1.24,5.063263416,4.954481125,5.48409462,,5.212900639,4.674846649,Soudanian,3
WA013,2011,10,0.0,0.355912477,0.419669747,0.971626103,,0.89901638,0.768099189,Soudanian,3
WA013,2011,11,0.0,0.001060472,0.000900664,0.003934181,,0.01883029,0.0,Soudanian,3
WA013,2011,12,1.31,2.85e-07,0.000803954,0.0,,0.004414955,0.0,Soudanian,3
WA013,2012,1,2.28,9.21e-05,0.000858771,0.0,,0.000313672,0.0,Soudanian,3
WA013,2012,2,4.67,0.002788798,0.00109335,0.024,,0.005451323,0.0,Soudanian,3
WA013,2012,3,3.86,0.033949893,0.001218659,0.03045759,,0.004238246,0.0,Soudanian,3
WA013,2012,4,1.58,0.444373041,0.016715512,0.192633465,,0.362902373,0.02499211,Soudanian,3
WA013,2012,5,0.3,3.240119219,1.000579834,2.368289471,,4.02713871,4.019975662,Soudanian,3
WA013,2012,6,0.0,3.771411657,2.080661297,6.984337807,,4.421181202,6.908094406,Soudanian,3
WA013,2012,7,3.92,7.038723946,5.81210947,7.654447079,,7.85359621,7.427307606,Soudanian,3
WA013,2012,8,5.47,8.898024559,8.327104568,10.23013115,,8.927304268,11.23370934,Soudanian,3
WA013,2012,9,0.49,4.802781105,6.415044308,3.495257378,,5.498270988,3.964455128,Soudanian,3
WA013,2012,10,0.11,0.350112885,0.110732451,0.615113735,,0.821750224,0.330619156,Soudanian,3
WA013,2012,11,0.71,0.006063323,0.000815215,0.059682228,,0.021891937,0.0,Soudanian,3
WA013,2012,12,1.47,0.000376682,0.000873588,0.0,,0.103558883,0.0,Soudanian,3
WA013,2013,1,3.64,0.004262737,0.00094027,0.009835454,,0.012906218,0.0,Soudanian,3
WA013,2013,2,4.85,0.001167582,0.001303905,0.08406885,,0.036215924,0.0,Soudanian,3
WA013,2013,3,3.23,0.117354535,0.00141519,0.07851816,,0.193490207,0.0,Soudanian,3
WA013,2013,4,0.58,0.275929153,0.204454556,0.554017425,,0.822021246,0.81035018,Soudanian,3
WA013,2013,5,0.0,0.814041913,0.457032025,0.807498991,,1.248538375,0.177400976,Soudanian,3
WA013,2013,6,0.17,3.958309889,1.856613755,4.493042469,,3.663852692,5.076928139,Soudanian,3
WA013,2013,7,2.52,5.452456951,3.264440536,5.083145618,,5.560052872,4.903142929,Soudanian,3
WA013,2013,8,4.46,9.372834206,8.772298813,8.594129562,,7.794003487,10.70750332,Soudanian,3
WA013,2013,9,0.14,3.996678114,3.047633648,3.675824642,,4.144155502,4.097791672,Soudanian,3
WA013,2013,10,0.0,0.319191009,0.805994928,0.416268498,,0.389021546,0.758039951,Soudanian,3
WA013,2013,11,0.57,0.000613314,0.000802047,0.033440545,,0.00468935,0.0,Soudanian,3
WA013,2013,12,0.15,0.000841109,0.000871962,0.083295599,,0.015491768,0.0,Soudanian,3
WA013,2014,1,2.19,0.006817834,0.001492313,0.005901272,,0.038558792,0.0,Soudanian,3
WA013,2014,2,5.11,0.000891513,0.000843827,0.011802545,,0.015786156,0.0,Soudanian,3
WA013,2014,3,1.15,0.125189453,0.000898455,0.149522603,,0.140616626,0.0,Soudanian,3
WA013,2014,4,0.0,0.765694678,0.061443038,0.793468833,,1.424372554,0.660369158,Soudanian,3
WA013,2014,5,0.06,1.404011726,1.62985611,1.437607408,,2.032574892,1.707573891,Soudanian,3
WA013,2014,6,1.46,2.597288847,0.999377251,2.508069038,,3.140717506,1.699920893,Soudanian,3
WA013,2014,7,4.61,5.227820396,4.837553024,5.740020275,,5.281847,6.475685596,Soudanian,3
WA013,2014,8,5.48,7.804572582,12.62568474,9.52701664,,6.592403412,7.546243668,Soudanian,3
WA013,2014,9,0.66,4.720546246,3.144371986,5.047941208,,6.81959343,4.308183193,Soudanian,3
WA013,2014,10,0.21,0.323663741,0.514931858,0.656763315,,0.567153215,0.719730437,Soudanian,3
WA013,2014,11,0.82,0.006948525,0.001086933,0.057715137,,0.051411945,0.0,Soudanian,3
WA013,2014,12,0.72,4.73e-05,0.001023717,0.022952154,,0.008560766,0.0,Soudanian,3
WA013,2015,1,3.17,0.000459965,0.001219229,0.021637999,,0.006308251,0.0,Soudanian,3
WA013,2015,2,3.35,0.013067841,0.000964241,0.025572181,,0.02548755,0.0,Soudanian,3
WA013,2015,3,2.58,0.114954546,0.004878725,0.338451147,,0.170344964,0.0,Soudanian,3
WA013,2015,4,1.03,0.088730812,0.002462985,0.36342898,,0.057971086,0.039586477,Soudanian,3
WA013,2015,5,1.53,0.599967539,0.067132168,0.572527468,,0.556862414,0.145142913,Soudanian,3
WA013,2015,6,0.0,2.100752115,1.131774426,2.485958576,,2.633904696,2.468634367,Soudanian,3
WA013,2015,7,2.07,5.66644907,5.384520531,6.275274754,,5.213588715,5.669267178,Soudanian,3
WA013,2015,8,1.12,9.167457581,9.299437523,7.566040993,,6.903094769,9.181278229,Soudanian,3
WA013,2015,9,1.72,5.122954369,3.922872305,3.119537354,,4.195833206,2.789488316,Soudanian,3
WA013,2015,10,0.0,0.467631072,0.460725307,0.586217403,,0.818897784,0.909237385,Soudanian,3
WA013,2015,11,0.0,0.00029673,0.000989021,0.124499418,,0.008424519,0.0,Soudanian,3
WA013,2015,12,0.71,0.001578125,0.000813326,0.007868363,,0.013294615,0.0,Soudanian,3
WA013,2016,1,2.43,0.00138236,0.000689583,0.025572181,,0.140628159,0.0,Soudanian,3
WA013,2016,2,1.68,0.001275755,0.001152788,0.019017972,,0.140901908,0.0,Soudanian,3
WA013,2016,3,2.77,0.063390598,0.027434718,0.517718554,,0.14341794,0.030237339,Soudanian,3
WA013,2016,4,0.0,0.73429215,0.076821364,0.334793866,,0.725998223,0.958277881,Soudanian,3
WA013,2016,5,1.11,1.973472595,0.505055606,1.788066864,,3.26767683,1.489842653,Soudanian,3
WA013,2016,6,0.0,3.6566782,2.874229908,6.712782383,,4.966617584,6.641503811,Soudanian,3
WA013,2016,7,2.54,5.753168583,6.159549236,4.747280121,,5.735067368,5.887001991,Soudanian,3
WA013,2016,8,4.15,6.821969986,5.431675911,7.495093346,,6.0788517,9.669255257,Soudanian,3
WA013,2016,9,2.88,4.125677586,2.994928837,3.823243618,,4.167330265,3.572723627,Soudanian,3
WA013,2016,10,0.66,0.165806621,0.03687384,0.688733518,,0.441149831,0.20965904,Soudanian,3
WA013,2016,11,0.18,0.008805365,0.000929909,0.129191622,,0.023477003,0.0,Soudanian,3
WA013,2016,12,0.0,0.000693758,0.000843587,0.038688883,,0.008002735,0.0,Soudanian,3
WA013,2017,1,0.65,0.000808117,0.000887036,0.044590157,,0.004271298,0.0,Soudanian,3
WA013,2017,2,3.77,0.001030438,0.001104186,0.021637999,,0.016407955,0.0,Soudanian,3
WA013,2017,3,2.49,0.027545445,0.001010443,0.154794827,,0.080595583,0.0,Soudanian,3
WA013,2017,4,0.0,0.137456,0.014662449,0.558402538,,0.217082262,0.493702501,Soudanian,3
WA013,2017,5,1.28,1.103276134,0.545759976,1.471124172,,3.087143421,1.022122264,Soudanian,3
WA013,2017,6,0.15,3.437642574,4.606679916,6.796985149,,0.075906813,8.049772263,Soudanian,3
WA013,2017,7,1.29,5.321857929,4.960101128,6.354935169,,0.103049748,7.429337502,Soudanian,3
WA013,2017,8,4.15,8.037013054,5.813380718,8.463533401,,7.85249424,9.443411827,Soudanian,3
WA013,2017,9,2.78,3.406565666,3.862127781,2.935949802,,3.777444601,3.158239841,Soudanian,3
WA013,2017,10,0.91,0.161738858,0.031223305,0.239189699,,0.278352529,0.032258064,Soudanian,3
WA013,2017,11,2.85,0.000305952,0.000830685,0.407767802,,0.021155318,0.0,Soudanian,3
WA013,2017,12,0.0,0.003113278,0.004000516,0.019017972,,0.01421706,0.0,Soudanian,3
WA013,2018,1,2.41,0.002510136,0.000817424,0.011802544,,0.015517471,0.0,Soudanian,3
WA013,2018,2,5.03,0.013557663,0.017539553,0.297146499,,0.168837339,0.0,Soudanian,3
WA013,2018,3,2.47,0.063842036,0.000918909,0.258086443,,0.150200114,0.0,Soudanian,3
WA013,2018,4,0.0,0.395899117,0.002661552,0.280890256,,0.247632816,0.124988914,Soudanian,3
WA013,2018,5,0.0,1.541234493,0.429041296,3.910298109,,2.742262602,1.602727532,Soudanian,3
WA013,2018,6,0.0,3.689628124,2.687391281,6.169600487,,4.847364902,6.999946117,Soudanian,3
WA013,2018,7,1.16,6.195337772,4.653267384,3.565254688,,5.773231983,7.927292347,Soudanian,3
WA013,2018,8,2.34,7.357960224,6.822555542,7.553329945,,7.922176361,8.50793457,Soudanian,3
WA013,2018,9,1.51,5.256803513,3.77577281,5.704974174,,5.663069248,7.714360237,Soudanian,3
WA013,2018,10,0.0,1.541685581,0.152063102,0.66681999,,0.853148818,2.739792109,Soudanian,3
WA013,2018,11,1.23,0.005951668,0.000815307,0.074096516,,0.010348028,0.0,Soudanian,3
WA013,2018,12,1.25,0.00198356,0.000885226,0.021637999,,0.009185115,0.0,Soudanian,3
WA013,2019,1,1.37,0.00044292,0.000967776,0.06097981,,0.008430174,0.0,Soudanian,3
WA013,2019,2,4.17,0.011111821,0.014390918,0.03147345,,0.031228937,0.0,Soudanian,3
WA013,2019,3,0.18,0.055655673,0.004930811,0.177392334,,0.081491135,0.0,Soudanian,3
WA013,2019,4,0.0,0.248834208,0.00163512,0.145262688,,0.372044832,0.0,Soudanian,3
WA013,2019,5,1.0,2.664434195,2.052226782,3.347810268,,3.758176565,3.531772614,Soudanian,3
WA013,2019,6,1.53,3.590196848,2.752777815,3.913233519,,4.481311798,4.383378029,Soudanian,3
WA013,2019,7,1.61,6.625452995,7.594513416,8.26709938,,6.697724342,10.0319252,Soudanian,3
WA013,2019,8,5.81,10.36472034,7.223847389,9.03027153,,9.109725952,9.167373657,Soudanian,3
WA013,2019,9,0.61,3.343576908,3.222779036,1.329372764,,4.302399635,4.339469433,Soudanian,3
WA013,2019,10,0.0,1.083255172,2.727367163,1.215513825,,2.694338322,2.806271076,Soudanian,3
WA013,2019,11,1.39,0.01096583,0.000730395,0.761099219,,0.10344635,0.0,Soudanian,3
WA013,2019,12,2.59,0.00149417,0.000746463,0.013769636,,0.022172792,0.0,Soudanian,3
WA013,2020,1,3.12,9.53e-05,0.001051454,0.025572181,,0.002126362,0.0,Soudanian,3
WA013,2020,2,4.45,0.000930455,0.007779481,0.013116699,,0.018974381,0.0,Soudanian,3
WA013,2020,3,0.0,0.094062611,0.015223488,1.302301884,,0.467436522,0.032254964,Soudanian,3
WA013,2020,4,0.0,0.300090283,0.001457671,1.047340751,,0.621691465,0.0,Soudanian,3
WA013,2020,5,0.66,1.536818743,0.618687928,1.233341813,,1.636976719,0.973698139,Soudanian,3
WA013,2020,6,0.05,2.440366745,1.217508912,3.151172161,,4.507476807,2.097804308,Soudanian,3
WA013,2020,7,1.12,9.813907623,5.420518875,9.718567848,,8.872738838,6.775981426,Soudanian,3
WA013,2020,8,4.58,9.595612526,8.912121773,12.38854599,,9.435428619,11.86890793,Soudanian,3
WA013,2020,9,2.64,6.353415489,4.16994381,5.509390831,,6.833712101,5.120539188,Soudanian,3
WA013,2020,10,1.68,0.520498276,0.352183014,0.776549876,,0.92242682,0.320526272,Soudanian,3
WA013,2020,11,0.67,0.006184027,0.000888292,0.701602697,,0.110417224,0.0,Soudanian,3
WA013,2020,12,2.04,4.77e-05,0.000774781,0.013769636,,0.002570208,0.0,Soudanian,3
WA014,2000,1,3.57,0.755522311,2.552815199,,0.906110466,1.215119123,1.118977547,Guineo-Congolean,5
WA014,2000,2,0.63,0.776773691,0.110149369,,0.674351513,0.395248204,0.674558401,Guineo-Congolean,5
WA014,2000,3,0.0,3.674739838,1.229440928,,2.381060362,3.41680932,3.874996424,Guineo-Congolean,5
WA014,2000,4,1.16,5.017006874,1.697793722,,1.678249598,5.483109474,5.870802402,Guineo-Congolean,5
WA014,2000,5,3.19,5.735771656,4.153692722,,2.927213907,5.449886799,5.423376083,Guineo-Congolean,5
WA014,2000,6,7.63,7.86037302,6.003062725,11.31468201,4.203771591,10.1915226,6.637514114,Guineo-Congolean,5
WA014,2000,7,3.64,3.112221241,2.455760717,5.141321182,4.522857189,4.902942181,3.776218891,Guineo-Congolean,5
WA014,2000,8,2.91,3.198616028,2.742925167,3.061881781,3.947468281,3.038466692,2.004024267,Guineo-Congolean,5
WA014,2000,9,2.98,3.939042807,3.247625351,4.44305706,3.754657507,4.486042976,3.770853996,Guineo-Congolean,5
WA014,2000,10,0.56,4.658518314,2.279671669,3.398249388,2.361932993,4.024419308,2.911343098,Guineo-Congolean,5
WA014,2000,11,4.08,1.73676157,1.644510627,2.971359491,1.730057716,2.364933252,1.747917771,Guineo-Congolean,5
WA014,2000,12,7.03,0.649637163,0.335630298,0.442150533,0.078876689,0.389580846,0.217736065,Guineo-Congolean,5
WA014,2001,1,5.38,0.26891923,0.655843318,0.050816078,,0.003316826,0.822592378,Guineo-Congolean,5
WA014,2001,2,0.09,0.857410789,0.615136027,0.608987153,,0.686608851,0.912930548,Guineo-Congolean,5
WA014,2001,3,0.0,4.163877487,2.817002058,6.17682457,,4.746899605,2.088699341,Guineo-Congolean,5
WA014,2001,4,1.72,5.93944025,3.944181919,7.653892517,,6.976261139,8.572874069,Guineo-Congolean,5
WA014,2001,5,3.33,6.555371761,3.427864075,3.892597914,,4.522414207,5.745909691,Guineo-Congolean,5
WA014,2001,6,7.45,6.436731815,4.2335639,7.10830164,,6.804815292,6.027147293,Guineo-Congolean,5
WA014,2001,7,2.02,2.599413395,2.219373703,3.185353279,,3.607255936,2.173395157,Guineo-Congolean,5
WA014,2001,8,1.38,1.031828284,1.717142582,1.708797336,,1.509882689,1.37103796,Guineo-Congolean,5
WA014,2001,9,2.93,5.461050034,3.31694746,5.805430889,,5.457180023,7.656261444,Guineo-Congolean,5
WA014,2001,10,1.4,4.082072735,1.38045001,4.432778358,,3.963443041,3.223829269,Guineo-Congolean,5
WA014,2001,11,5.83,2.293772221,1.158944964,1.695584297,,2.898096085,2.531258583,Guineo-Congolean,5
WA014,2001,12,6.44,0.68961823,0.406486332,1.002469897,,0.649001122,0.056450173,Guineo-Congolean,5
WA014,2002,1,4.3,0.685394049,0.74877876,0.658716798,,0.687883735,0.135084674,Guineo-Congolean,5
WA014,2002,2,0.0,1.066120982,0.912783861,0.972597837,,0.858375967,0.964264631,Guineo-Congolean,5
WA014,2002,3,0.22,2.742113113,2.617438555,3.336690426,,3.460687637,4.4999547,Guineo-Congolean,5
WA014,2002,4,1.47,7.318195343,3.841077089,6.486651421,,5.327181339,7.995780945,Guineo-Congolean,5
WA014,2002,5,4.13,6.535758018,3.425464153,7.648696423,,5.608922482,6.026195526,Guineo-Congolean,5
WA014,2002,6,5.73,7.297376633,6.265881538,8.290257454,,7.536465645,7.991683483,Guineo-Congolean,5
WA014,2002,7,2.36,6.196466446,4.822531223,8.856689453,,8.268344879,7.399206161,Guineo-Congolean,5
WA014,2002,8,0.0,2.909396172,4.957984447,3.053723812,,3.641251326,2.965704918,Guineo-Congolean,5
WA014,2002,9,1.11,2.76990819,3.496776581,4.169809341,,3.704475164,3.285453558,Guineo-Congolean,5
WA014,2002,10,3.08,7.774629593,4.695382118,7.781876564,,7.384300232,9.052550316,Guineo-Congolean,5
WA014,2002,11,5.7,3.545661688,2.857530117,2.197667837,,2.764398813,2.00000453,Guineo-Congolean,5
WA014,2002,12,5.13,0.684022129,0.54582268,1.148080826,,0.607168078,0.193548381,Guineo-Congolean,5
WA014,2003,1,5.78,0.579840004,1.111407399,1.044187784,,0.628200471,0.804457068,Guineo-Congolean,5
WA014,2003,2,1.67,2.430115223,2.074339867,2.632015705,,2.090059042,2.745547771,Guineo-Congolean,5
WA014,2003,3,0.0,2.933148623,2.076789856,2.915234566,,2.889313221,2.870958805,Guineo-Congolean,5
WA014,2003,4,0.12,5.2825737,3.167666435,5.188820362,,5.652973652,5.893691063,Guineo-Congolean,5
WA014,2003,5,5.37,4.44994545,2.596282721,5.767931461,,5.238182068,5.63104248,Guineo-Congolean,5
WA014,2003,6,8.19,7.496049881,4.340506077,7.36841917,,7.163360119,7.843824387,Guineo-Congolean,5
WA014,2003,7,2.36,2.667417526,1.79196167,2.371057272,,2.231831074,2.399210453,Guineo-Congolean,5
WA014,2003,8,1.26,1.795811057,2.378738403,1.395951629,,1.856217861,1.256036401,Guineo-Congolean,5
WA014,2003,9,0.0,5.330685139,5.207058907,4.316074371,,5.937805176,3.779197931,Guineo-Congolean,5
WA014,2003,10,0.22,8.572042465,5.289020538,7.002630711,,8.257897377,7.788309097,Guineo-Congolean,5
WA014,2003,11,5.42,5.092912197,2.650549173,4.989202976,,4.194304466,4.412553787,Guineo-Congolean,5
WA014,2003,12,7.52,1.227893591,1.143069863,2.045404673,,0.972554147,0.941536307,Guineo-Congolean,5
WA014,2004,1,3.38,0.666238129,1.427090883,1.541163802,,0.944454312,0.941559732,Guineo-Congolean,5
WA014,2004,2,1.61,2.739134312,1.229769945,3.569658995,,2.467099667,2.366343975,Guineo-Congolean,5
WA014,2004,3,1.72,3.245687962,1.818701267,4.320435047,,2.976108789,4.094757557,Guineo-Congolean,5
WA014,2004,4,2.14,3.34524107,2.22256875,3.637402058,,3.829544783,3.716709137,Guineo-Congolean,5
WA014,2004,5,5.09,4.376367092,3.375930071,3.722702265,,5.381569862,3.165295601,Guineo-Congolean,5
WA014,2004,6,8.85,3.486427307,2.721708298,2.512051344,,2.943317652,2.645841837,Guineo-Congolean,5
WA014,2004,7,4.92,4.84056139,3.066148996,5.834376812,,4.949701309,4.645168781,Guineo-Congolean,5
WA014,2004,8,0.83,3.157983303,2.399652243,4.428318501,,3.925120354,2.661300659,Guineo-Congolean,5
WA014,2004,9,0.61,9.141294479,5.814701557,8.941072464,,8.889293671,8.80414772,Guineo-Congolean,5
WA014,2004,10,0.2,6.604219437,2.764292717,6.964201927,,7.219804764,8.949613571,Guineo-Congolean,5
WA014,2004,11,2.48,2.363458633,2.040773153,2.574391842,,3.635817051,2.08543992,Guineo-Congolean,5
WA014,2004,12,6.31,1.539216876,1.032387614,1.764640689,,1.100972533,1.506059766,Guineo-Congolean,5
WA014,2005,1,3.65,0.331709266,0.665684819,0.784575701,,0.374512851,0.30645892,Guineo-Congolean,5
WA014,2005,2,0.8,2.024167776,1.461167216,2.172636747,,1.90259707,2.120523453,Guineo-Congolean,5
WA014,2005,3,2.3,4.530355453,2.730911493,4.869470119,,4.274049759,4.69549036,Guineo-Congolean,5
WA014,2005,4,0.45,4.545725822,2.562075138,4.619168758,,5.326588631,4.554167271,Guineo-Congolean,5
WA014,2005,5,5.25,5.530043602,3.489722729,7.658525944,,6.168416977,7.417332649,Guineo-Congolean,5
WA014,2005,6,8.85,6.326404095,6.377901554,5.444748878,,5.692084789,4.462520599,Guineo-Congolean,5
WA014,2005,7,3.71,1.80243957,2.736604691,1.334404111,,2.067590714,1.417354584,Guineo-Congolean,5
WA014,2005,8,1.24,1.722243667,3.401516438,1.835462093,,1.387979746,1.135074496,Guineo-Congolean,5
WA014,2005,9,0.2,4.349991798,2.992691517,5.318109512,,5.645433426,4.937541485,Guineo-Congolean,5
WA014,2005,10,2.15,8.263055801,3.936395884,6.876046658,,8.345454216,8.598849297,Guineo-Congolean,5
WA014,2005,11,4.79,3.19741416,1.728832364,3.208382607,,3.124406338,2.71456337,Guineo-Congolean,5
WA014,2005,12,6.01,0.927035332,0.528231144,1.027919173,,0.597062707,1.04031384,Guineo-Congolean,5
WA014,2006,1,4.2,1.127322078,1.387392402,2.666055918,,1.019984365,0.193552807,Guineo-Congolean,5
WA014,2006,2,2.56,2.164599419,1.641693473,3.462150812,,1.84531486,2.933063984,Guineo-Congolean,5
WA014,2006,3,0.27,4.122794628,2.966251373,4.454826832,,3.688076973,3.989959955,Guineo-Congolean,5
WA014,2006,4,1.06,3.663414478,2.085060596,3.773919344,,3.505197763,2.581251144,Guineo-Congolean,5
WA014,2006,5,4.68,7.108778954,3.706303835,7.978913784,,7.121037483,7.199556828,Guineo-Congolean,5
WA014,2006,6,6.2,5.622859955,3.807243586,5.396318913,,5.353507996,5.08754015,Guineo-Congolean,5
WA014,2006,7,4.64,3.406553268,3.10663414,2.962816,,3.443769217,2.594744444,Guineo-Congolean,5
WA014,2006,8,0.0,1.737102628,1.979169846,1.941004276,,1.62369442,1.633059382,Guineo-Congolean,5
WA014,2006,9,0.0,5.94123888,4.475829601,5.301310062,,6.000357628,5.229167461,Guineo-Congolean,5
WA014,2006,10,1.84,6.953411579,3.089515924,6.587123871,,7.083067417,7.711736202,Guineo-Congolean,5
WA014,2006,11,4.45,1.323452473,0.931749642,1.53033042,,1.68397975,1.745835781,Guineo-Congolean,5
WA014,2006,12,7.12,0.859463394,0.078313485,0.866093457,,0.714358687,0.014113954,Guineo-Congolean,5
WA014,2007,1,4.56,0.254345626,0.297357917,0.244434834,,0.037592188,0.0,Guineo-Congolean,5
WA014,2007,2,0.42,1.885667562,1.85436523,1.109235644,,0.540369272,1.627209783,Guineo-Congolean,5
WA014,2007,3,0.52,3.11091423,1.367569327,2.631598711,,3.265993595,2.842706203,Guineo-Congolean,5
WA014,2007,4,1.32,7.729645729,2.69981575,6.141818523,,4.403829575,8.937503815,Guineo-Congolean,5
WA014,2007,5,3.09,5.059520721,3.667100191,4.818063259,,3.970052242,4.768125057,Guineo-Congolean,5
WA014,2007,6,7.55,6.357325077,4.299931049,6.402956009,,6.262431622,5.729202271,Guineo-Congolean,5
WA014,2007,7,3.61,7.471272945,4.602942944,6.201001644,,6.455734253,5.991884232,Guineo-Congolean,5
WA014,2007,8,0.0,4.30368185,3.593412161,3.427267551,,3.679615498,3.574566603,Guineo-Congolean,5
WA014,2007,9,0.0,14.2644434,5.973031044,12.33555889,,11.89127922,8.722891808,Guineo-Congolean,5
WA014,2007,10,2.46,7.016625404,4.581976414,6.417756557,,6.912278175,8.814549446,Guineo-Congolean,5
WA014,2007,11,4.48,2.319719076,2.364293814,2.138446808,,2.244337797,3.843779325,Guineo-Congolean,5
WA014,2007,12,5.85,1.060349464,0.911986649,1.139109135,,0.827433944,0.903215587,Guineo-Congolean,5
WA014,2008,1,2.07,0.037093986,0.027550986,0.351409316,,0.039337005,0.056450173,Guineo-Congolean,5
WA014,2008,2,0.36,1.138121724,0.989602566,2.502343893,,1.94013536,0.961189151,Guineo-Congolean,5
WA014,2008,3,2.45,4.622732639,3.039816141,4.863601208,,4.438519478,7.536437988,Guineo-Congolean,5
WA014,2008,4,0.27,4.664164066,3.102491856,4.442714691,,4.081311703,5.512449265,Guineo-Congolean,5
WA014,2008,5,5.63,7.095264435,4.888966084,7.732792377,,6.931071758,6.427391529,Guineo-Congolean,5
WA014,2008,6,7.94,8.602566719,4.196649075,8.164270401,,6.914357662,8.675065041,Guineo-Congolean,5
WA014,2008,7,4.59,7.157107353,5.701506138,4.463927269,,4.338170528,4.768123627,Guineo-Congolean,5
WA014,2008,8,0.0,3.694999218,4.866038799,4.967859268,,3.563793659,4.385081768,Guineo-Congolean,5
WA014,2008,9,1.67,6.613003731,5.898921013,6.25219202,,5.65071249,5.735445976,Guineo-Congolean,5
WA014,2008,10,0.08,7.093569279,3.098522663,5.898765564,,7.712936401,5.334704876,Guineo-Congolean,5
WA014,2008,11,5.08,1.91636467,1.303525567,1.404545784,,1.814926982,2.668695927,Guineo-Congolean,5
WA014,2008,12,6.48,2.748304129,1.68199873,2.696274757,,1.674803853,1.846775651,Guineo-Congolean,5
WA014,2009,1,4.22,0.370551199,0.351516992,0.402235448,,0.070661798,0.088708237,Guineo-Congolean,5
WA014,2009,2,0.94,3.323895931,2.400818348,4.163305759,,2.62631917,3.520107508,Guineo-Congolean,5
WA014,2009,3,0.31,5.777570248,3.382498741,4.784364223,,3.573984861,5.494241238,Guineo-Congolean,5
WA014,2009,4,1.01,4.373695374,2.704040051,5.060704231,,4.488397598,5.456226826,Guineo-Congolean,5
WA014,2009,5,3.67,4.776414871,3.894378424,5.551415443,,5.056476593,5.098781586,Guineo-Congolean,5
WA014,2009,6,6.69,9.583091736,6.5042696,11.77859688,,6.817919254,7.602103233,Guineo-Congolean,5
WA014,2009,7,6.01,6.647929668,9.467198372,8.028046608,,6.493727684,7.187501907,Guineo-Congolean,5
WA014,2009,8,1.81,1.205254436,3.452828884,1.115563869,,1.481272101,1.239914656,Guineo-Congolean,5
WA014,2009,9,0.0,2.533873558,2.593225241,2.918558598,,2.821924686,2.839626789,Guineo-Congolean,5
WA014,2009,10,1.21,4.050222397,2.971473932,4.968185425,,4.318994999,4.788399696,Guineo-Congolean,5
WA014,2009,11,3.07,2.673206091,1.934291363,3.216714621,,2.900099516,1.468771577,Guineo-Congolean,5
WA014,2009,12,6.02,1.686378121,0.426924616,1.254853368,,1.133953452,1.254028559,Guineo-Congolean,5
WA014,2010,1,5.29,0.753647327,0.32848683,1.24457109,,0.474288017,0.516133428,Guineo-Congolean,5
WA014,2010,2,0.0,3.503587961,1.451245546,2.171140909,,3.216171265,2.915140629,Guineo-Congolean,5
WA014,2010,3,1.66,4.083756924,3.059061766,4.096966267,,2.8333354,2.310478687,Guineo-Congolean,5
WA014,2010,4,0.18,3.869847298,4.06482935,5.092797756,,3.93996048,3.854138374,Guineo-Congolean,5
WA014,2010,5,3.74,4.352879047,3.67100668,5.540365696,,5.489062309,4.419312,Guineo-Congolean,5
WA014,2010,6,8.01,7.577979088,5.931002617,6.983605385,,7.636665821,7.620862484,Guineo-Congolean,5
WA014,2010,7,4.73,3.832153559,2.997564077,3.223807812,,3.946163893,3.052408457,Guineo-Congolean,5
WA014,2010,8,0.0,3.609644175,4.172599792,3.524131536,,3.840896368,3.195545912,Guineo-Congolean,5
WA014,2010,9,1.4,6.31814909,3.992480278,5.138240814,,5.265496731,7.527079105,Guineo-Congolean,5
WA014,2010,10,0.64,7.100552082,5.099365711,7.398577213,,7.344590664,8.542422295,Guineo-Congolean,5
WA014,2010,11,2.43,4.238090515,2.00410223,2.899049282,,3.01596117,3.71457243,Guineo-Congolean,5
WA014,2010,12,7.29,1.949149132,1.014156938,2.330990314,,1.66645813,1.254028559,Guineo-Congolean,5
WA014,2011,1,5.73,0.810102999,0.515340447,1.713119388,,0.541925192,0.975831389,Guineo-Congolean,5
WA014,2011,2,2.6,4.214834213,2.927962303,4.554911137,,3.566376209,3.227697372,Guineo-Congolean,5
WA014,2011,3,1.4,5.897954464,1.742322445,9.746918678,,3.622518539,2.254137993,Guineo-Congolean,5
WA014,2011,4,0.0,4.51958704,2.881058931,7.179848194,,3.183018208,3.035432339,Guineo-Congolean,5
WA014,2011,5,4.61,4.835185528,3.157321453,4.122754574,,4.468499184,3.931423187,Guineo-Congolean,5
WA014,2011,6,8.56,8.057530403,4.063755512,5.129813671,,5.610982895,5.747964859,Guineo-Congolean,5
WA014,2011,7,4.91,6.08389473,3.966061354,4.951852322,,4.957207203,5.403225899,Guineo-Congolean,5
WA014,2011,8,1.48,3.201695204,2.782608271,2.084112406,,2.319058418,1.89111948,Guineo-Congolean,5
WA014,2011,9,0.95,6.337011337,3.886285067,4.521285057,,5.989683628,5.268774509,Guineo-Congolean,5
WA014,2011,10,0.41,10.37628841,6.109348774,6.203433037,,6.949533463,9.752061844,Guineo-Congolean,5
WA014,2011,11,3.24,1.754591584,0.711220205,1.816462159,,1.744176626,1.485411048,Guineo-Congolean,5
WA014,2011,12,5.13,0.285956502,0.07488706,1.385561109,,0.356266826,0.137098208,Guineo-Congolean,5
WA014,2012,1,4.42,0.448853076,0.743018329,1.299992204,,0.442097038,1.467777133,Guineo-Congolean,5
WA014,2012,2,0.73,2.551636219,3.425935984,2.530950546,,1.711368203,2.862040997,Guineo-Congolean,5
WA014,2012,3,1.2,2.134762287,2.544765711,2.460114241,,1.810498476,2.245977163,Guineo-Congolean,5
WA014,2012,4,0.0,3.716348648,3.5944345,3.076775789,,3.229015112,5.441657543,Guineo-Congolean,5
WA014,2012,5,4.81,4.640992165,5.562293053,4.169387341,,4.227532387,5.310480118,Guineo-Congolean,5
WA014,2012,6,10.07,6.65273428,5.539883137,7.880609512,,5.745875835,7.018782139,Guineo-Congolean,5
WA014,2012,7,4.1,2.453219652,2.569746017,2.395861864,,1.614261627,2.42341733,Guineo-Congolean,5
WA014,2012,8,0.42,1.549569726,2.396193266,0.818793952,,0.880572975,3.673351049,Guineo-Congolean,5
WA014,2012,9,0.89,4.61158514,5.297519684,4.266927242,,4.510281563,4.402064323,Guineo-Congolean,5
WA014,2012,10,3.04,8.515551567,3.876609802,5.765648842,,7.038352013,5.322589874,Guineo-Congolean,5
WA014,2012,11,2.72,2.821267843,1.962480187,5.799429417,,3.500977516,4.83756876,Guineo-Congolean,5
WA014,2012,12,7.75,0.943767011,0.611919701,4.237864494,,1.353880286,4.050406456,Guineo-Congolean,5
WA014,2013,1,3.0,0.196765929,0.462887764,1.782668591,,0.206500918,0.336664051,Guineo-Congolean,5
WA014,2013,2,0.0,2.588899851,0.842282295,2.040485382,,1.916035295,0.035714287,Guineo-Congolean,5
WA014,2013,3,0.44,4.261580467,3.419662952,4.424427986,,3.717632771,3.802409887,Guineo-Congolean,5
WA014,2013,4,2.18,2.742471218,3.149793386,3.812451124,,3.15020752,5.287426472,Guineo-Congolean,5
WA014,2013,5,6.25,3.882878542,3.641182184,5.706625938,,4.990343571,6.39716053,Guineo-Congolean,5
WA014,2013,6,8.06,3.479937315,3.331205845,4.20042944,,4.111522198,4.460421562,Guineo-Congolean,5
WA014,2013,7,3.53,2.44295454,3.460208178,3.364176512,,3.158378839,2.368961573,Guineo-Congolean,5
WA014,2013,8,3.62,0.967742562,1.836130977,2.216056585,,1.450019956,1.193552852,Guineo-Congolean,5
WA014,2013,9,0.0,4.812159538,4.001431942,6.198982716,,6.100889683,6.795838833,Guineo-Congolean,5
WA014,2013,10,0.0,4.390306473,4.731695652,6.228192329,,5.764068127,6.102942467,Guineo-Congolean,5
WA014,2013,11,1.78,3.862096071,1.952622056,4.186399937,,4.146232605,6.616721153,Guineo-Congolean,5
WA014,2013,12,9.25,0.809659123,0.561500192,5.166602612,,1.388901711,0.90322578,Guineo-Congolean,5
WA014,2014,1,5.21,0.914099813,1.030773282,3.61998868,,1.490431547,1.570599318,Guineo-Congolean,5
WA014,2014,2,3.52,1.917593718,1.283653975,5.443440914,,2.116282463,3.162932396,Guineo-Congolean,5
WA014,2014,3,0.0,3.965103865,3.890239716,3.258709669,,3.984489441,4.135074139,Guineo-Congolean,5
WA014,2014,4,2.32,4.499129295,3.858170509,5.363764763,,6.300949097,4.483307362,Guineo-Congolean,5
WA014,2014,5,4.09,4.347009182,5.208310127,4.831297874,,4.812090397,3.649200201,Guineo-Congolean,5
WA014,2014,6,8.51,7.906683445,6.283623695,9.521445274,,8.164245605,6.902138233,Guineo-Congolean,5
WA014,2014,7,1.94,4.421742439,3.505556345,4.069685459,,3.017263889,3.229839563,Guineo-Congolean,5
WA014,2014,8,2.34,2.990392685,4.301721573,3.012271881,,2.521323681,1.667339802,Guineo-Congolean,5
WA014,2014,9,1.48,4.176986217,4.941419125,6.166275024,,5.93707037,5.970809937,Guineo-Congolean,5
WA014,2014,10,0.45,3.994363308,4.158551216,5.23274374,,4.716656685,5.19359684,Guineo-Congolean,5
WA014,2014,11,4.81,2.600147963,2.398161888,2.866650343,,3.161677837,4.970914364,Guineo-Congolean,5
WA014,2014,12,6.54,0.974213362,0.726269603,2.333334684,,1.063406229,0.34676832,Guineo-Congolean,5
WA014,2015,1,3.28,0.436656564,0.305554271,1.333464265,,0.398116469,0.193548381,Guineo-Congolean,5
WA014,2015,2,0.0,2.228651524,1.790736794,2.721654415,,2.240707397,4.97546339,Guineo-Congolean,5
WA014,2015,3,0.0,4.572369099,3.481842041,3.560855627,,3.437325001,4.082632542,Guineo-Congolean,5
WA014,2015,4,1.58,4.431527138,2.320696354,5.316226006,,4.319924831,3.481226921,Guineo-Congolean,5
WA014,2015,5,5.49,4.13089323,2.826327085,4.544397354,,3.310047388,3.905247927,Guineo-Congolean,5
WA014,2015,6,6.62,5.339488029,5.429087639,7.688711166,,5.663051605,4.85623312,Guineo-Congolean,5
WA014,2015,7,4.44,2.762601614,2.613624096,2.980018616,,2.316275358,1.885100722,Guineo-Congolean,5
WA014,2015,8,0.17,0.934751213,1.823214054,0.705713928,,1.096242547,2.340718746,Guineo-Congolean,5
WA014,2015,9,0.91,2.365330935,2.466050386,1.798184037,,2.131816149,2.414617777,Guineo-Congolean,5
WA014,2015,10,0.0,5.972257137,4.046970844,8.172589302,,7.093186855,7.73799324,Guineo-Congolean,5
WA014,2015,11,2.9,2.286731482,2.096077204,5.154867172,,3.716920853,3.224998474,Guineo-Congolean,5
WA014,2015,12,8.82,0.235734075,0.059592023,2.581727743,,0.463119596,0.064516127,Guineo-Congolean,5
WA014,2016,1,3.92,0.213983059,0.08819484,0.734659314,,0.193152606,0.227824405,Guineo-Congolean,5
WA014,2016,2,3.03,0.709950984,0.590105236,1.226529956,,0.285293221,1.023698688,Guineo-Congolean,5
WA014,2016,3,0.56,6.023309708,4.839007378,3.409959555,,4.064651012,5.47379303,Guineo-Congolean,5
WA014,2016,4,0.0,3.137609959,2.736869574,4.215597153,,3.918227911,4.072901249,Guineo-Congolean,5
WA014,2016,5,5.53,5.148104668,5.093150139,5.363005161,,4.838763714,5.762083054,Guineo-Congolean,5
WA014,2016,6,8.29,4.401785374,5.702150822,5.921028137,,4.967260838,5.310426235,Guineo-Congolean,5
WA014,2016,7,4.91,2.418637514,2.637912035,2.557842731,,2.695233583,2.697578669,Guineo-Congolean,5
WA014,2016,8,1.99,1.906002998,3.111301184,2.027303696,,1.939262271,2.487886429,Guineo-Congolean,5
WA014,2016,9,0.0,8.599299431,4.722544193,8.513255119,,7.643166065,8.183353424,Guineo-Congolean,5
WA014,2016,10,0.34,5.870708942,4.933308125,6.448328018,,5.57997942,5.153269291,Guineo-Congolean,5
WA014,2016,11,3.79,2.851284981,1.963095188,3.525565147,,2.806522369,3.485410929,Guineo-Congolean,5
WA014,2016,12,5.89,1.243758798,1.120088458,4.302100182,,0.849741638,1.487905502,Guineo-Congolean,5
WA014,2017,1,3.67,1.077925682,0.555130541,3.880434752,,0.791031897,1.100814462,Guineo-Congolean,5
WA014,2017,2,2.17,1.348886013,0.912357986,1.359253645,,1.133737087,2.013391972,Guineo-Congolean,5
WA014,2017,3,0.8,3.559412718,2.18998456,3.767156839,,2.986098289,2.266120195,Guineo-Congolean,5
WA014,2017,4,0.0,4.622750282,3.12270999,3.504497051,,3.395335913,5.029153824,Guineo-Congolean,5
WA014,2017,5,2.06,5.268888474,3.971316814,7.307459831,,5.898769855,5.181414127,Guineo-Congolean,5
WA014,2017,6,9.58,10.05244255,4.983464718,7.574421883,,0.137040228,8.818785667,Guineo-Congolean,5
WA014,2017,7,3.89,4.155979156,5.123233318,4.2547822,,0.088723697,2.671364069,Guineo-Congolean,5
WA014,2017,8,0.0,2.13452816,3.552211046,2.260966301,,2.559408426,2.927388668,Guineo-Congolean,5
WA014,2017,9,0.16,3.968362093,5.528967857,5.398218155,,4.006956577,4.179162979,Guineo-Congolean,5
WA014,2017,10,0.0,7.052029133,3.692975283,5.175349712,,6.110047817,7.080687046,Guineo-Congolean,5
WA014,2017,11,5.78,2.74435997,2.565680981,3.075617075,,2.957915545,3.958365202,Guineo-Congolean,5
WA014,2017,12,7.01,1.205073833,0.751877904,1.929738998,,0.962434769,0.830643713,Guineo-Congolean,5
WA014,2018,1,5.71,0.261519581,0.11457777,0.778746486,,0.043829814,0.30645892,Guineo-Congolean,5
WA014,2018,2,0.56,1.856686592,2.90852356,2.428293467,,1.821224928,2.022393703,Guineo-Congolean,5
WA014,2018,3,2.29,4.152171135,3.389766455,6.139379025,,4.068571568,4.272188663,Guineo-Congolean,5
WA014,2018,4,0.82,3.482898712,2.407052755,5.495810986,,4.15173769,4.547897816,Guineo-Congolean,5
WA014,2018,5,5.07,6.391305447,7.322810173,6.503574848,,5.739141464,5.044345379,Guineo-Congolean,5
WA014,2018,6,8.4,7.42096138,3.747865915,7.8612957,,6.719111919,6.985450268,Guineo-Congolean,5
WA014,2018,7,4.78,4.110992432,5.300379753,5.819651604,,4.827342033,4.348789215,Guineo-Congolean,5
WA014,2018,8,0.93,2.435768127,4.644729614,2.472017765,,3.099154949,3.457631588,Guineo-Congolean,5
WA014,2018,9,0.21,7.06398344,8.169205666,8.676020622,,7.651934147,6.47917366,Guineo-Congolean,5
WA014,2018,10,2.89,4.805302143,4.354163647,5.116984844,,5.062655449,7.121020317,Guineo-Congolean,5
WA014,2018,11,2.87,2.299370527,2.302676201,2.808116913,,2.317504406,2.16042757,Guineo-Congolean,5
WA014,2018,12,7.51,0.281831682,0.449771434,1.634922147,,0.234196618,0.909273803,Guineo-Congolean,5
WA014,2019,1,4.02,0.527683914,0.623276234,1.306485057,,0.410615921,0.201618761,Guineo-Congolean,5
WA014,2019,2,1.0,1.889478922,1.912022233,2.690702438,,1.563008189,1.497738361,Guineo-Congolean,5
WA014,2019,3,0.0,3.267627001,3.709323168,4.598858833,,3.557067394,3.868967056,Guineo-Congolean,5
WA014,2019,4,0.89,5.38158226,4.255690098,5.37746954,,5.063248158,5.110389709,Guineo-Congolean,5
WA014,2019,5,3.79,5.932201862,4.25287962,5.519298553,,5.678445816,5.572532177,Guineo-Congolean,5
WA014,2019,6,5.52,6.14858675,4.506069183,9.013277054,,5.900831699,6.091785908,Guineo-Congolean,5
WA014,2019,7,4.01,4.38995266,3.613401413,3.851850271,,4.18956852,3.161345959,Guineo-Congolean,5
WA014,2019,8,0.0,1.784589887,2.434626341,1.859444499,,1.867293358,1.689496398,Guineo-Congolean,5
WA014,2019,9,0.0,6.791500568,7.997359753,7.637699127,,6.832248688,8.331380844,Guineo-Congolean,5
WA014,2019,10,0.67,8.773956299,9.068012238,10.58552456,,9.960494041,11.07047367,Guineo-Congolean,5
WA014,2019,11,4.61,3.201291561,3.543395281,2.319886923,,2.873944998,2.256214619,Guineo-Congolean,5
WA014,2019,12,8.16,0.925873518,0.81340462,1.600830555,,0.876767397,0.40322867,Guineo-Congolean,5
WA014,2020,1,4.71,0.195796892,0.164067894,0.72502327,,0.05642733,0.090721764,Guineo-Congolean,5
WA014,2020,2,0.0,0.282938063,0.260394096,0.973035574,,0.097359098,0.301702261,Guineo-Congolean,5
WA014,2020,3,0.0,4.23342514,4.280736446,4.920449734,,4.532118797,5.042341709,Guineo-Congolean,5
WA014,2020,4,2.97,3.598984003,2.876807928,3.155199766,,4.058303833,4.058351517,Guineo-Congolean,5
WA014,2020,5,2.69,7.188062668,3.202073336,7.102715969,,6.622589111,4.536271095,Guineo-Congolean,5
WA014,2020,6,8.26,7.799950123,4.77606535,9.006198883,,8.897149086,6.729202271,Guineo-Congolean,5
WA014,2020,7,3.14,2.144853115,2.766740799,3.147726774,,2.082177639,2.854866743,Guineo-Congolean,5
WA014,2020,8,0.6,0.725969136,1.03000319,0.783101022,,0.734355688,0.747987926,Guineo-Congolean,5
WA014,2020,9,0.0,4.083801746,3.766883373,5.394352913,,6.017535686,4.400059223,Guineo-Congolean,5
WA014,2020,10,1.2,6.48051548,4.412832737,6.523744106,,7.115537167,6.856936932,Guineo-Congolean,5
WA014,2020,11,4.17,2.723003149,2.084964275,3.51971817,,3.383946896,2.239578485,Guineo-Congolean,5
WA014,2020,12,6.94,1.247020483,1.310860991,1.81104064,,1.252791762,1.145190716,Guineo-Congolean,5
WA015,2000,1,1.63,0.004148896,0.002566749,,0.001280356,3.87e-05,0.0,Soudanian,3
WA015,2000,2,4.29,0.000527371,0.004208645,,5.51e-07,0.0,0.0,Soudanian,3
WA015,2000,3,1.17,0.0,0.000933035,,1.34e-05,0.008059061,0.0,Soudanian,3
WA015,2000,4,0.0,0.005767321,0.020819055,,0.0,0.023618044,0.0,Soudanian,3
WA015,2000,5,0.44,0.011800117,0.001756955,,0.001158312,0.021482533,0.0,Soudanian,3
WA015,2000,6,0.0,2.198298216,0.80580163,2.853420734,0.81433326,2.48626852,1.358210921,Soudanian,3
WA015,2000,7,1.57,7.879748344,6.937489986,9.08803463,3.677830219,9.726561546,8.439599037,Soudanian,3
WA015,2000,8,3.52,8.286940575,7.396800995,9.818570137,5.391484737,9.319950104,10.35861206,Soudanian,3
WA015,2000,9,3.15,7.49973774,6.494141579,8.811668396,4.658653259,8.475658417,8.426805496,Soudanian,3
WA015,2000,10,0.21,3.544620275,5.098385811,5.074459076,3.443743944,6.304321766,5.05424881,Soudanian,3
WA015,2000,11,0.28,0.066064604,0.010173223,0.019217419,0.002148899,0.196521461,0.008321097,Soudanian,3
WA015,2000,12,1.25,0.031388123,0.001061015,0.001408253,2.53e-07,0.001222831,0.0,Soudanian,3
WA015,2001,1,2.32,0.009460692,0.000913482,0.0,,0.000836636,0.0,Soudanian,3
WA015,2001,2,4.15,0.003410572,0.001119276,0.001408253,,0.00421593,0.0,Soudanian,3
WA015,2001,3,3.09,4.54e-05,0.00076485,0.0,,4.05e-05,0.0,Soudanian,3
WA015,2001,4,1.34,0.000346417,0.002382999,0.0,,0.021629283,0.0,Soudanian,3
WA015,2001,5,0.32,0.003915796,0.001457256,0.016400911,,0.02613193,0.0,Soudanian,3
WA015,2001,6,0.6,2.701166868,0.458798021,2.710092783,,2.473986387,2.93106246,Soudanian,3
WA015,2001,7,1.52,7.609451771,6.63487196,8.955256462,,7.670723915,7.485759735,Soudanian,3
WA015,2001,8,3.42,8.279718399,8.120257378,8.645546913,,7.951917171,7.618734837,Soudanian,3
WA015,2001,9,3.46,6.881712437,7.257556438,6.765525818,,7.551849842,7.672710896,Soudanian,3
WA015,2001,10,1.06,1.683036923,1.102886081,1.884509444,,1.416325331,1.556351185,Soudanian,3
WA015,2001,11,1.07,0.094663352,0.646621883,0.261203259,,0.365368128,1.553954601,Soudanian,3
WA015,2001,12,0.85,0.032448363,0.0069056,0.002816507,,0.004846327,0.0,Soudanian,3
WA015,2002,1,2.56,0.018784724,1.002382398,0.696231961,,0.754347324,0.058506858,Soudanian,3
WA015,2002,2,5.37,0.003935782,0.001256489,0.001408253,,0.0,0.0,Soudanian,3
WA015,2002,3,3.67,0.00174669,0.00934209,0.0,,0.000400545,0.0,Soudanian,3
WA015,2002,4,1.64,0.003164664,0.00225208,0.003752281,,0.000499055,0.0,Soudanian,3
WA015,2002,5,0.37,0.003716121,0.008997385,0.050258685,,0.039524417,0.032258064,Soudanian,3
WA015,2002,6,2.23,2.056867838,0.130344093,2.241587877,,2.336471319,1.685389638,Soudanian,3
WA015,2002,7,2.79,4.510771275,0.523990035,2.184974909,,3.906690121,2.02207303,Soudanian,3
WA015,2002,8,5.29,8.489114761,6.974500656,7.853694439,,7.208771229,8.334474564,Soudanian,3
WA015,2002,9,2.85,6.417136669,5.061817169,6.114275455,,7.596409798,7.508183479,Soudanian,3
WA015,2002,10,0.81,2.394394398,1.80889523,2.389881849,,2.304106474,2.459571123,Soudanian,3
WA015,2002,11,0.0,0.03467007,0.001667652,0.01340002,,0.005951396,0.0,Soudanian,3
WA015,2002,12,1.38,0.035479136,0.041652981,0.035266027,,0.007541483,0.014115066,Soudanian,3
WA015,2003,1,6.06,0.011759881,0.001009137,0.007041267,,0.004217478,0.0,Soudanian,3
WA015,2003,2,4.03,0.001571669,0.016502932,0.02345453,,0.000640236,0.026798826,Soudanian,3
WA015,2003,3,2.59,0.000527696,0.00085833,0.0,,0.00059054,0.0,Soudanian,3
WA015,2003,4,0.0,0.008892889,0.001335733,0.0,,0.021194633,0.0,Soudanian,3
WA015,2003,5,0.0,0.037314486,0.003137131,0.0,,0.017786756,0.0,Soudanian,3
WA015,2003,6,2.43,2.327435255,0.84114635,3.186385632,,2.423560143,2.354076147,Soudanian,3
WA015,2003,7,1.66,6.206859112,4.632466793,6.179934502,,8.224127769,7.044231415,Soudanian,3
WA015,2003,8,3.91,8.737574577,6.067812443,9.440929413,,11.85688114,10.14071083,Soudanian,3
WA015,2003,9,0.52,7.302184582,7.695633411,6.694476128,,8.128388405,8.039344788,Soudanian,3
WA015,2003,10,0.0,2.114260435,3.649821997,2.42847681,,3.393480301,2.514023542,Soudanian,3
WA015,2003,11,0.0,0.010739582,0.016940366,0.00281239,,0.086200021,0.0,Soudanian,3
WA015,2003,12,1.29,0.03151362,0.000945551,0.001408253,,0.000505334,0.0,Soudanian,3
WA015,2004,1,6.0,0.014556115,0.031475347,0.086945318,,0.009058692,0.026222233,Soudanian,3
WA015,2004,2,4.04,0.001135676,0.005665294,0.00422476,,0.002864463,0.025874726,Soudanian,3
WA015,2004,3,0.42,8.49e-05,0.001147706,0.0,,0.00111797,0.0,Soudanian,3
WA015,2004,4,1.62,0.010355638,0.002881457,0.001408253,,0.000820498,0.0,Soudanian,3
WA015,2004,5,0.0,0.039390013,0.05531754,0.018092193,,0.161281198,0.149183154,Soudanian,3
WA015,2004,6,2.12,1.93992269,0.173509136,2.570985794,,1.907887697,2.145727634,Soudanian,3
WA015,2004,7,2.15,6.259037018,5.311612606,6.930673599,,7.734110832,6.017876625,Soudanian,3
WA015,2004,8,3.71,7.495104313,5.463675976,9.681956291,,9.636846542,9.737650871,Soudanian,3
WA015,2004,9,2.28,6.533388615,5.625633717,6.134886742,,5.676387787,5.94361639,Soudanian,3
WA015,2004,10,1.45,0.860660076,0.567026138,0.602227926,,1.188597083,0.368927211,Soudanian,3
WA015,2004,11,0.22,0.048944764,0.02697747,0.036666047,,0.290774971,0.024984792,Soudanian,3
WA015,2004,12,0.0,0.030940956,0.009841015,0.00422476,,0.004233357,0.0,Soudanian,3
WA015,2005,1,2.25,0.011543668,0.002024169,0.007041267,,0.001618155,0.0,Soudanian,3
WA015,2005,2,2.91,0.002507695,0.044894207,0.16145274,,0.051767182,0.053597651,Soudanian,3
WA015,2005,3,3.0,3.57e-06,0.012386085,0.0,,0.020819448,0.0,Soudanian,3
WA015,2005,4,0.0,0.012843488,0.000673666,0.0,,0.006077802,0.0,Soudanian,3
WA015,2005,5,0.0,0.059373636,0.015123821,0.076410092,,0.141544908,0.143120766,Soudanian,3
WA015,2005,6,1.45,2.164003372,0.82836926,1.763515711,,2.316811562,2.647845268,Soudanian,3
WA015,2005,7,2.88,7.643365383,3.914367676,6.03667593,,7.565264225,9.314509392,Soudanian,3
WA015,2005,8,5.24,9.537477493,10.8164196,8.82246685,,9.106972694,11.98979092,Soudanian,3
WA015,2005,9,2.42,7.258065701,3.632488489,8.384455681,,8.680250168,9.420630455,Soudanian,3
WA015,2005,10,1.96,3.515317917,1.56577611,4.675752163,,4.228404999,3.60462594,Soudanian,3
WA015,2005,11,1.66,0.017591938,0.006874109,0.016680771,,0.033845492,0.033333335,Soudanian,3
WA015,2005,12,1.06,0.027177524,0.001763079,0.001408253,,0.000677616,0.0,Soudanian,3
WA015,2006,1,3.66,0.004260348,0.000932347,0.019404136,,4.67e-05,0.0,Soudanian,3
WA015,2006,2,5.44,0.002727421,0.015426423,0.075660087,,0.035286475,0.0,Soudanian,3
WA015,2006,3,1.95,0.000182121,0.001667273,0.002344028,,0.022979498,0.0,Soudanian,3
WA015,2006,4,0.0,0.000345068,0.005864669,0.033376113,,0.002654947,0.0,Soudanian,3
WA015,2006,5,1.03,0.015018894,0.001552729,0.032432105,,0.082591616,0.0,Soudanian,3
WA015,2006,6,1.18,2.020409584,0.433324635,3.037032604,,2.927247047,2.437385082,Soudanian,3
WA015,2006,7,3.86,4.347579956,3.43326807,5.0284338,,4.773049355,5.548368454,Soudanian,3
WA015,2006,8,3.33,9.562775612,7.540318489,13.11439228,,10.70744801,13.76570606,Soudanian,3
WA015,2006,9,1.37,8.531539917,6.603676796,9.459154129,,9.453343391,10.51858521,Soudanian,3
WA015,2006,10,1.07,1.78520143,1.831515193,2.01552701,,2.216052294,2.74578619,Soudanian,3
WA015,2006,11,0.41,0.005775481,0.029081285,0.012652746,,0.026871415,0.0,Soudanian,3
WA015,2006,12,0.0,0.03090892,0.001495852,0.002816507,,0.01299601,0.0,Soudanian,3
WA015,2007,1,2.97,0.009748051,0.000930806,0.001408253,,0.003363435,0.0,Soudanian,3
WA015,2007,2,2.18,0.002634282,0.001136036,0.0,,0.0,0.0,Soudanian,3
WA015,2007,3,1.32,0.002757692,0.001154418,0.016409146,,0.003148933,0.0,Soudanian,3
WA015,2007,4,2.19,0.000990656,0.00226909,0.002344028,,0.0,0.0,Soudanian,3
WA015,2007,5,2.78,0.042721849,0.003396963,0.042652749,,0.019463623,0.278194606,Soudanian,3
WA015,2007,6,0.0,0.795811892,0.017163966,1.024795175,,0.854565203,0.79786694,Soudanian,3
WA015,2007,7,2.09,4.714274406,3.315775871,4.744306564,,4.656468391,5.887048721,Soudanian,3
WA015,2007,8,4.55,7.46998167,8.289509773,9.604372978,,9.489420891,8.671069145,Soudanian,3
WA015,2007,9,4.73,8.21909523,5.594470501,8.465740204,,8.716744423,10.76227856,Soudanian,3
WA015,2007,10,0.0,0.740463555,0.534630299,0.781970978,,0.787543833,1.574514985,Soudanian,3
WA015,2007,11,0.0,0.035795107,0.077933073,0.074427992,,0.35616827,0.364527702,Soudanian,3
WA015,2007,12,2.44,0.024493048,0.004408075,0.0,,0.001024161,0.0,Soudanian,3
WA015,2008,1,2.03,0.012694579,0.00150049,0.008441286,,0.00369397,0.0,Soudanian,3
WA015,2008,2,5.4,0.000404193,0.017438393,0.076697238,,0.036614008,0.025874726,Soudanian,3
WA015,2008,3,0.65,0.000514509,0.001530729,0.003752281,,0.014273943,0.0,Soudanian,3
WA015,2008,4,0.29,0.000455188,0.006656341,0.010784365,,0.001639013,0.0,Soudanian,3
WA015,2008,5,0.0,0.035510793,0.006309677,0.031213302,,0.069666952,0.008052674,Soudanian,3
WA015,2008,6,0.0,3.647511482,2.308084965,3.021106482,,3.852479935,3.083143473,Soudanian,3
WA015,2008,7,3.55,10.78972054,7.320284367,9.830792427,,10.99590397,11.2377615,Soudanian,3
WA015,2008,8,4.44,12.49565029,12.07314396,12.51615906,,11.62851048,13.04192162,Soudanian,3
WA015,2008,9,2.1,6.783532619,5.626850128,7.686057568,,8.135857582,8.995699883,Soudanian,3
WA015,2008,10,0.0,1.969371676,2.275817633,3.857560396,,2.90870738,2.552270174,Soudanian,3
WA015,2008,11,0.22,0.007497139,0.001002186,0.033456903,,0.022896057,0.0,Soudanian,3
WA015,2008,12,0.88,0.010214334,0.000914939,0.001408253,,0.000703597,0.0,Soudanian,3
WA015,2009,1,3.73,0.015316841,0.00489075,0.005060108,,0.022669377,0.0,Soudanian,3
WA015,2009,2,1.22,0.0,0.012028647,0.011266027,,0.0,0.0,Soudanian,3
WA015,2009,3,1.46,5.98e-05,0.020094849,0.0,,0.002029888,0.0,Soudanian,3
WA015,2009,4,0.7,0.000409698,0.001014978,0.0,,0.045502834,0.0,Soudanian,3
WA015,2009,5,0.38,0.005517169,0.001854923,0.032432105,,0.117960081,0.040310737,Soudanian,3
WA015,2009,6,1.0,2.096234322,0.604730308,1.451636314,,1.143952608,1.168665171,Soudanian,3
WA015,2009,7,2.83,8.149908066,4.407662868,6.823661804,,6.168363094,12.79415035,Soudanian,3
WA015,2009,8,4.12,18.20267296,10.45253849,18.11942291,,12.93195343,14.06821251,Soudanian,3
WA015,2009,9,1.84,7.780725002,8.105171204,9.38794136,,9.306516647,7.93318367,Soudanian,3
WA015,2009,10,0.19,0.846661568,2.04575038,0.974431098,,1.225812197,1.207601428,Soudanian,3
WA015,2009,11,1.94,0.064079195,0.260636508,0.155417472,,0.403661847,0.0,Soudanian,3
WA015,2009,12,0.0,0.032109082,0.00516731,0.032449521,,0.0,0.0,Soudanian,3
WA015,2010,1,2.42,0.016009849,0.007380823,0.006460128,,0.000399277,0.0,Soudanian,3
WA015,2010,2,4.73,0.001728997,0.001966999,0.0,,0.0,0.0,Soudanian,3
WA015,2010,3,4.45,1.34e-05,0.000931676,0.0,,0.000828858,0.0,Soudanian,3
WA015,2010,4,0.12,0.002510877,0.00187801,0.0,,0.012063638,0.0,Soudanian,3
WA015,2010,5,1.7,0.04058671,0.025588403,0.05623715,,0.140469417,0.006035831,Soudanian,3
WA015,2010,6,2.04,2.474702835,0.290728331,3.434051514,,2.72162652,2.008268833,Soudanian,3
WA015,2010,7,2.42,6.78764534,3.439949512,6.712460041,,6.487934589,6.925189018,Soudanian,3
WA015,2010,8,4.24,7.385334015,10.09214115,7.68388319,,8.964219093,10.07023811,Soudanian,3
WA015,2010,9,2.09,14.28623962,12.50039482,18.69872665,,14.4994173,18.07686806,Soudanian,3
WA015,2010,10,0.18,1.649389625,3.347098589,2.223483324,,2.440519094,1.584611058,Soudanian,3
WA015,2010,11,1.57,0.019625911,0.019036856,0.087492578,,0.071052462,0.181224793,Soudanian,3
WA015,2010,12,0.79,0.031399269,0.000893641,0.0,,0.028558232,0.0,Soudanian,3
WA015,2011,1,2.79,0.011617176,0.001104613,0.0,,7.78e-05,0.0,Soudanian,3
WA015,2011,2,3.09,0.000495405,0.001004333,0.0,,0.001182702,0.0,Soudanian,3
WA015,2011,3,1.29,4.35e-05,0.000943831,0.0,,0.001112443,0.0,Soudanian,3
WA015,2011,4,3.18,0.002861628,0.00173438,0.0,,0.000132188,0.0,Soudanian,3
WA015,2011,5,0.28,0.007197921,0.038679648,0.03177524,,0.069790363,0.008052674,Soudanian,3
WA015,2011,6,0.0,1.739676595,0.357839823,1.074881196,,1.409711719,1.660349965,Soudanian,3
WA015,2011,7,4.29,3.79369545,2.692585707,4.564688683,,4.284450531,4.183342457,Soudanian,3
WA015,2011,8,4.85,11.48716354,9.433221817,11.8613224,,10.34035492,12.91291046,Soudanian,3
WA015,2011,9,3.22,5.332381725,5.156181812,7.740582943,,5.764721394,7.385276318,Soudanian,3
WA015,2011,10,0.33,1.53387177,1.275491357,1.642455578,,1.232169986,2.409122705,Soudanian,3
WA015,2011,11,0.1,0.04980725,0.007274308,0.032445405,,0.051929638,0.0,Soudanian,3
WA015,2011,12,0.29,0.030034855,0.001127453,0.0,,4.78e-05,0.0,Soudanian,3
WA015,2012,1,0.77,0.00953187,0.018726533,0.0,,0.002617877,0.0,Soudanian,3
WA015,2012,2,4.39,0.003544393,0.00109335,0.0,,0.002635994,0.0,Soudanian,3
WA015,2012,3,2.87,0.000322533,0.170644835,0.060210984,,0.061697293,0.0,Soudanian,3
WA015,2012,4,2.81,0.003699519,0.020292029,0.012185334,,0.008559335,0.0,Soudanian,3
WA015,2012,5,0.61,0.018419836,0.109844111,0.838396966,,0.519380391,0.2237688,Soudanian,3
WA015,2012,6,0.0,2.094144583,0.71125412,3.200494289,,2.73012352,2.329015017,Soudanian,3
WA015,2012,7,2.38,7.004488945,7.261724472,11.23504829,,10.24810314,7.520170689,Soudanian,3
WA015,2012,8,7.92,11.42333031,9.160391808,13.48437977,,12.32263565,14.00582504,Soudanian,3
WA015,2012,9,3.58,9.713970184,8.515810966,10.79316902,,9.861213684,12.79144001,Soudanian,3
WA015,2012,10,0.0,1.85273397,3.253062725,1.759163022,,2.033815861,2.564418793,Soudanian,3
WA015,2012,11,1.24,0.033094939,0.201053828,0.164027527,,0.192986384,0.0,Soudanian,3
WA015,2012,12,0.0,0.029968154,0.00087679,0.001408253,,0.001684519,0.0,Soudanian,3
WA015,2013,1,0.81,0.019996207,0.051298145,0.126423746,,0.156218305,0.0,Soudanian,3
WA015,2013,2,4.06,0.001684647,0.002031238,0.002816507,,0.042675726,0.0,Soudanian,3
WA015,2013,3,2.61,0.001069738,0.001296307,0.022591747,,0.007037522,0.0,Soudanian,3
WA015,2013,4,0.0,0.001442667,0.004266451,0.0,,0.006891226,0.0,Soudanian,3
WA015,2013,5,0.0,0.058032587,0.003143139,0.431744039,,0.25156036,0.12699461,Soudanian,3
WA015,2013,6,0.51,1.193763733,0.284863055,0.744665682,,0.834794998,2.912412167,Soudanian,3
WA015,2013,7,1.99,3.554649115,3.352426052,5.084156036,,5.751170635,5.058308601,Soudanian,3
WA015,2013,8,4.99,13.63279343,18.13821411,16.76288223,,11.89211273,15.85042191,Soudanian,3
WA015,2013,9,0.98,4.786759377,5.745592594,7.355542183,,8.574556351,9.678980827,Soudanian,3
WA015,2013,10,1.39,1.872582436,2.616481543,2.30692625,,3.365819216,2.90709734,Soudanian,3
WA015,2013,11,0.0,0.052008986,0.073688678,0.103984848,,0.264520794,0.412474066,Soudanian,3
WA015,2013,12,2.55,0.019550508,0.045305166,0.027660089,,0.068145461,0.0,Soudanian,3
WA015,2014,1,0.36,0.008589121,0.001394619,0.00422476,,0.017984161,0.0,Soudanian,3
WA015,2014,2,3.13,0.000440682,0.000843827,0.0,,0.047397979,0.0,Soudanian,3
WA015,2014,3,3.02,0.001865242,0.000865397,0.0,,0.049472313,0.0,Soudanian,3
WA015,2014,4,2.58,0.001125847,0.000875017,0.021183493,,0.006562334,0.0,Soudanian,3
WA015,2014,5,0.89,0.039818566,0.00537306,0.103569724,,0.267962247,0.157235831,Soudanian,3
WA015,2014,6,1.2,0.989199102,0.37425825,1.097830296,,0.800263822,0.645785868,Soudanian,3
WA015,2014,7,2.52,2.050415516,3.181659937,2.493457079,,3.140117407,5.298274994,Soudanian,3
WA015,2014,8,3.22,9.835616112,8.108882904,12.63420868,,10.42432594,12.4611969,Soudanian,3
WA015,2014,9,1.89,9.365273476,5.356892586,6.889816284,,8.857949257,7.230974197,Soudanian,3
WA015,2014,10,0.0,1.595664382,1.063131094,1.791409016,,1.925413609,3.048257351,Soudanian,3
WA015,2014,11,0.0,0.02129733,0.047563821,0.022312837,,0.216133639,0.0,Soudanian,3
WA015,2014,12,1.0,0.034489784,0.084029235,0.033857774,,0.18778497,0.0,Soudanian,3
WA015,2015,1,1.1,0.021049408,0.001219229,0.00422476,,0.029286752,0.0,Soudanian,3
WA015,2015,2,4.9,0.000972623,0.003598252,0.0,,0.018175656,0.0,Soudanian,3
WA015,2015,3,0.87,0.001689273,0.002213884,0.042307295,,0.023361197,0.0,Soudanian,3
WA015,2015,4,0.87,0.003567033,0.00162446,0.002344028,,0.011445958,0.0,Soudanian,3
WA015,2015,5,0.0,0.015893791,0.001849838,0.016400911,,0.107535236,0.0,Soudanian,3
WA015,2015,6,2.26,0.599221647,0.007772772,0.354216933,,0.754534483,1.162434101,Soudanian,3
WA015,2015,7,2.9,6.889400959,5.399166584,6.522921085,,5.317886829,4.63090086,Soudanian,3
WA015,2015,8,6.04,10.10177994,8.812872887,12.99562836,,10.36290359,14.69934368,Soudanian,3
WA015,2015,9,1.56,10.82062912,7.790437222,11.09317875,,8.318056107,12.0722599,Soudanian,3
WA015,2015,10,0.57,3.322147369,2.974611521,3.433612823,,3.96207428,5.062191963,Soudanian,3
WA015,2015,11,0.0,0.070475221,0.375897378,0.785684347,,0.77584976,0.041654434,Soudanian,3
WA015,2015,12,0.0,0.039217096,0.003191131,0.02428576,,0.061278846,0.032258064,Soudanian,3
WA015,2016,1,2.17,0.019676231,0.00409939,0.052611899,,0.05662892,0.0,Soudanian,3
WA015,2016,2,3.59,0.003426786,0.00126718,0.001408253,,0.13472487,0.034482758,Soudanian,3
WA015,2016,3,0.98,0.002132342,0.001084866,0.005633013,,0.015127255,0.0,Soudanian,3
WA015,2016,4,0.0,0.004093903,0.000964437,0.016405029,,0.039234556,0.0,Soudanian,3
WA015,2016,5,0.0,0.053118553,0.031273823,0.144715577,,0.185732648,0.078604631,Soudanian,3
WA015,2016,6,0.0,0.718661726,0.072147831,0.856377423,,1.262074113,0.45621255,Soudanian,3
WA015,2016,7,3.28,6.817630768,8.20821476,7.511463165,,8.848344803,9.407128334,Soudanian,3
WA015,2016,8,2.5,7.413471222,7.239980698,8.144968033,,7.055101395,10.32225227,Soudanian,3
WA015,2016,9,0.79,10.98534584,6.552041531,9.708456039,,8.919460297,12.49975491,Soudanian,3
WA015,2016,10,2.74,0.441523284,0.844101667,0.610437572,,0.490175933,0.703579545,Soudanian,3
WA015,2016,11,0.0,0.044773471,0.225710511,0.066573858,,0.137264177,0.033333335,Soudanian,3
WA015,2016,12,0.9,0.034413911,0.000843587,0.0,,0.04643485,0.0,Soudanian,3
WA015,2017,1,3.3,0.018723674,0.000887036,0.0,,0.03619894,0.0,Soudanian,3
WA015,2017,2,5.33,0.002672217,0.001747237,0.0,,0.037386119,0.0,Soudanian,3
WA015,2017,3,0.6,6.02e-05,0.002574096,0.0,,0.011037269,0.0,Soudanian,3
WA015,2017,4,0.21,0.011961584,0.00126552,0.0,,0.016610125,0.0,Soudanian,3
WA015,2017,5,0.0,0.034134939,0.017823022,0.057735816,,0.313419223,0.072568804,Soudanian,3
WA015,2017,6,3.56,1.761544108,1.192375422,2.124250412,,0.197213829,2.543622255,Soudanian,3
WA015,2017,7,0.51,8.577695847,6.005653381,10.11918354,,0.70015204,8.693322182,Soudanian,3
WA015,2017,8,3.19,12.232584,10.02573395,12.6641922,,11.5521183,13.50160217,Soudanian,3
WA015,2017,9,1.2,3.727571487,3.840681791,3.667885303,,4.117518902,5.676955223,Soudanian,3
WA015,2017,10,0.0,0.735220671,0.512672186,0.90848124,,1.142456412,1.169280887,Soudanian,3
WA015,2017,11,2.19,0.029507548,0.004947456,0.022591747,,0.123444349,0.008321097,Soudanian,3
WA015,2017,12,3.53,0.019470153,0.000977814,0.004216527,,0.021766935,0.0,Soudanian,3
WA015,2018,1,1.91,0.012417336,0.000817424,0.0,,0.010996919,0.0,Soudanian,3
WA015,2018,2,2.85,0.002343178,0.017604558,0.048387136,,0.064412802,0.0,Soudanian,3
WA015,2018,3,0.0,0.000760138,0.001235508,0.0,,0.018421235,0.0,Soudanian,3
WA015,2018,4,0.19,0.001580452,0.001017093,0.0,,0.005914771,0.0,Soudanian,3
WA015,2018,5,0.1,0.002500255,0.000980876,0.0,,0.01821398,0.0,Soudanian,3
WA015,2018,6,0.0,1.048358083,0.178950414,1.224055767,,0.911332488,2.58952713,Soudanian,3
WA015,2018,7,2.78,4.184681892,3.683583021,5.83199358,,4.659141541,3.854752541,Soudanian,3
WA015,2018,8,4.99,9.565139771,7.617693901,11.11973858,,8.70561409,9.213453293,Soudanian,3
WA015,2018,9,2.9,7.257537842,8.315281868,7.72637558,,9.473296165,10.28928852,Soudanian,3
WA015,2018,10,0.1,1.286621332,1.627442241,1.84186101,,1.815922141,3.149014711,Soudanian,3
WA015,2018,11,0.0,0.045303062,0.101281099,0.105297223,,0.214173555,0.064582601,Soudanian,3
WA015,2018,12,1.33,0.024548613,0.001168636,0.0,,0.025250042,0.0,Soudanian,3
WA015,2019,1,2.52,0.016774692,0.000967776,0.0,,0.01183865,0.0,Soudanian,3
WA015,2019,2,5.61,0.002333187,0.003397407,0.0,,0.058788791,0.0,Soudanian,3
WA015,2019,3,3.49,4.99e-05,0.009769943,0.025404137,,0.036313705,0.0,Soudanian,3
WA015,2019,4,0.0,0.010326331,0.01079086,0.0,,0.033214234,0.0,Soudanian,3
WA015,2019,5,0.0,0.00268971,0.009998065,0.017813282,,0.022791628,0.032258064,Soudanian,3
WA015,2019,6,0.0,1.144340396,0.007503788,1.408403516,,0.734823465,0.033333335,Soudanian,3
WA015,2019,7,1.18,3.905848742,2.311735868,4.167491913,,4.563764095,3.02188611,Soudanian,3
WA015,2019,8,5.44,9.367483139,9.798088074,12.3719759,,11.13207722,12.26472473,Soudanian,3
WA015,2019,9,2.94,6.903322697,5.879029751,7.646905899,,7.864147663,6.097570896,Soudanian,3
WA015,2019,10,1.87,2.070111275,2.950080633,3.276917458,,3.236534119,3.104713917,Soudanian,3
WA015,2019,11,1.0,0.037759729,0.024256874,0.042931657,,0.178275898,0.012474053,Soudanian,3
WA015,2019,12,0.76,0.029942105,0.000746463,0.007876615,,0.036276676,0.0,Soudanian,3
WA015,2020,1,4.0,0.012296992,0.001995221,0.011266027,,0.015432583,0.0,Soudanian,3
WA015,2020,2,5.09,0.001326924,0.002145928,0.064274676,,0.039987743,0.0,Soudanian,3
WA015,2020,3,2.59,0.00034786,0.000665213,0.0,,0.004087546,0.0,Soudanian,3
WA015,2020,4,2.35,0.001940749,0.001614957,0.0,,0.01307558,0.0,Soudanian,3
WA015,2020,5,0.64,0.042942557,0.000652808,0.004688056,,0.066070363,0.0,Soudanian,3
WA015,2020,6,0.12,1.762913346,0.163622543,1.370762348,,1.698421121,0.608143866,Soudanian,3
WA015,2020,7,1.45,11.17639732,12.58208179,11.79028702,,11.37786198,17.5905304,Soudanian,3
WA015,2020,8,5.38,9.810382843,7.445898056,11.45171452,,9.542874336,9.205542564,Soudanian,3
WA015,2020,9,4.05,10.806036,11.94644547,15.86303711,,13.93121529,14.94021416,Soudanian,3
WA015,2020,10,0.44,2.150577068,1.422676325,3.32876873,,2.817861795,1.624948382,Soudanian,3
WA015,2020,11,2.13,0.024199035,0.125948012,0.051651854,,0.141755223,0.220767707,Soudanian,3
WA015,2020,12,0.0,0.029068507,0.000774781,0.0,,0.026203919,0.0,Soudanian,3
