system:index,month,precip_mm_day,product,station_id,year,.geo
0_0,1,0.05074883997440338,PERSIANN_CDR,WA001,2000,"{""type"":""Point"",""coordinates"":[-17.470000000000002,14.73]}"
0_1,1,0.05782443284988403,PERSIANN_CDR,WA002,2000,"{""type"":""Point"",""coordinates"":[-7.949999999999998,12.65]}"
0_2,1,0.06069519743323326,PERSIANN_CDR,WA003,2000,"{""type"":""Point"",""coordinates"":[-1.5200000000000002,12.360000000000001]}"
0_3,1,2.628443471621722E-4,PERSIANN_CDR,WA004,2000,"{""type"":""Point"",""coordinates"":[2.17,13.51]}"
0_4,1,0.004606481641530991,PERSIANN_CDR,WA005,2000,"{""type"":""Point"",""coordinates"":[7.33,9.07]}"
0_5,1,0.9203164577484131,PERSIANN_CDR,WA006,2000,"{""type"":""Point"",""coordinates"":[-0.17,5.56]}"
0_6,1,2.0441641807556152,PERSIANN_CDR,WA007,2000,"{""type"":""Point"",""coordinates"":[-3.9299999999999997,5.349999999999999]}"
0_7,1,0.3516058027744293,PERSIANN_CDR,WA008,2000,"{""type"":""Point"",""coordinates"":[-13.67,9.53]}"
0_8,1,1.4332717657089233,PERSIANN_CDR,WA009,2000,"{""type"":""Point"",""coordinates"":[-13.230000000000002,8.489999999999998]}"
0_9,1,4.705053806304932,PERSIANN_CDR,WA010,2000,"{""type"":""Point"",""coordinates"":[-10.799999999999999,6.3]}"
0_10,1,0.4498404860496521,PERSIANN_CDR,WA011,2000,"{""type"":""Point"",""coordinates"":[1.22,6.130000000000001]}"
0_11,1,0.17940346896648407,PERSIANN_CDR,WA012,2000,"{""type"":""Point"",""coordinates"":[2.42,6.37]}"
0_12,1,1.0246923193335533E-4,PERSIANN_CDR,WA013,2000,"{""type"":""Point"",""coordinates"":[8.52,12.05]}"
0_13,1,1.2151191234588623,PERSIANN_CDR,WA014,2000,"{""type"":""Point"",""coordinates"":[-1.62,6.69]}"
0_14,1,3.874257890856825E-5,PERSIANN_CDR,WA015,2000,"{""type"":""Point"",""coordinates"":[-16.680000000000003,13.45]}"
1_0,2,0.027264215052127838,PERSIANN_CDR,WA001,2000,"{""type"":""Point"",""coordinates"":[-17.470000000000002,14.73]}"
1_1,2,0.0,PERSIANN_CDR,WA002,2000,"{""type"":""Point"",""coordinates"":[-7.949999999999998,12.65]}"
1_2,2,0.0034560589119791985,PERSIANN_CDR,WA003,2000,"{""type"":""Point"",""coordinates"":[-1.5200000000000002,12.360000000000001]}"
1_3,2,1.798076118575409E-5,PERSIANN_CDR,WA004,2000,"{""type"":""Point"",""coordinates"":[2.17,13.51]}"
1_4,2,0.004090441390872002,PERSIANN_CDR,WA005,2000,"{""type"":""Point"",""coordinates"":[7.33,9.07]}"
1_5,2,0.4670015871524811,PERSIANN_CDR,WA006,2000,"{""type"":""Point"",""coordinates"":[-0.17,5.56]}"
1_6,2,1.204145908355713,PERSIANN_CDR,WA007,2000,"{""type"":""Point"",""coordinates"":[-3.9299999999999997,5.349999999999999]}"
1_7,2,0.08437559753656387,PERSIANN_CDR,WA008,2000,"{""type"":""Point"",""coordinates"":[-13.67,9.53]}"
1_8,2,0.2596600353717804,PERSIANN_CDR,WA009,2000,"{""type"":""Point"",""coordinates"":[-13.230000000000002,8.489999999999998]}"
1_9,2,0.7595733404159546,PERSIANN_CDR,WA010,2000,"{""type"":""Point"",""coordinates"":[-10.799999999999999,6.3]}"
1_10,2,0.22877967357635498,PERSIANN_CDR,WA011,2000,"{""type"":""Point"",""coordinates"":[1.22,6.130000000000001]}"
1_11,2,0.2216901332139969,PERSIANN_CDR,WA012,2000,"{""type"":""Point"",""coordinates"":[2.42,6.37]}"
1_12,2,0.007862764410674572,PERSIANN_CDR,WA013,2000,"{""type"":""Point"",""coordinates"":[8.52,12.05]}"
1_13,2,0.3952482044696808,PERSIANN_CDR,WA014,2000,"{""type"":""Point"",""coordinates"":[-1.62,6.69]}"
1_14,2,0.0,PERSIANN_CDR,WA015,2000,"{""type"":""Point"",""coordinates"":[-16.680000000000003,13.45]}"
2_0,3,0.00599623890593648,PERSIANN_CDR,WA001,2000,"{""type"":""Point"",""coordinates"":[-17.470000000000002,14.73]}"
2_1,3,0.1329166442155838,PERSIANN_CDR,WA002,2000,"{""type"":""Point"",""coordinates"":[-7.949999999999998,12.65]}"
2_2,3,0.015592395327985287,PERSIANN_CDR,WA003,2000,"{""type"":""Point"",""coordinates"":[-1.5200000000000002,12.360000000000001]}"
2_3,3,0.0,PERSIANN_CDR,WA004,2000,"{""type"":""Point"",""coordinates"":[2.17,13.51]}"
2_4,3,0.39838898181915283,PERSIANN_CDR,WA005,2000,"{""type"":""Point"",""coordinates"":[7.33,9.07]}"
2_5,3,2.2929112911224365,PERSIANN_CDR,WA006,2000,"{""type"":""Point"",""coordinates"":[-0.17,5.56]}"
2_6,3,2.475245475769043,PERSIANN_CDR,WA007,2000,"{""type"":""Point"",""coordinates"":[-3.9299999999999997,5.349999999999999]}"
2_7,3,0.1333739012479782,PERSIANN_CDR,WA008,2000,"{""type"":""Point"",""coordinates"":[-13.67,9.53]}"
2_8,3,0.3716430366039276,PERSIANN_CDR,WA009,2000,"{""type"":""Point"",""coordinates"":[-13.230000000000002,8.489999999999998]}"
2_9,3,2.382624864578247,PERSIANN_CDR,WA010,2000,"{""type"":""Point"",""coordinates"":[-10.799999999999999,6.3]}"
2_10,3,1.8143852949142456,PERSIANN_CDR,WA011,2000,"{""type"":""Point"",""coordinates"":[1.22,6.130000000000001]}"
2_11,3,1.4204307794570923,PERSIANN_CDR,WA012,2000,"{""type"":""Point"",""coordinates"":[2.42,6.37]}"
2_12,3,0.006848705932497978,PERSIANN_CDR,WA013,2000,"{""type"":""Point"",""coordinates"":[8.52,12.05]}"
2_13,3,3.416809320449829,PERSIANN_CDR,WA014,2000,"{""type"":""Point"",""coordinates"":[-1.62,6.69]}"
2_14,3,0.008059061132371426,PERSIANN_CDR,WA015,2000,"{""type"":""Point"",""coordinates"":[-16.680000000000003,13.45]}"
3_0,4,0.04631974920630455,PERSIANN_CDR,WA001,2000,"{""type"":""Point"",""coordinates"":[-17.470000000000002,14.73]}"
3_1,4,0.5508492588996887,PERSIANN_CDR,WA002,2000,"{""type"":""Point"",""coordinates"":[-7.949999999999998,12.65]}"
3_2,4,0.4042064845561981,PERSIANN_CDR,WA003,2000,"{""type"":""Point"",""coordinates"":[-1.5200000000000002,12.360000000000001]}"
3_3,4,0.1196984127163887,PERSIANN_CDR,WA004,2000,"{""type"":""Point"",""coordinates"":[2.17,13.51]}"
3_4,4,2.9759833812713623,PERSIANN_CDR,WA005,2000,"{""type"":""Point"",""coordinates"":[7.33,9.07]}"
3_5,4,3.4143059253692627,PERSIANN_CDR,WA006,2000,"{""type"":""Point"",""coordinates"":[-0.17,5.56]}"
3_6,4,5.206319808959961,PERSIANN_CDR,WA007,2000,"{""type"":""Point"",""coordinates"":[-3.9299999999999997,5.349999999999999]}"
3_7,4,1.8174093961715698,PERSIANN_CDR,WA008,2000,"{""type"":""Point"",""coordinates"":[-13.67,9.53]}"
3_8,4,2.9592785835266113,PERSIANN_CDR,WA009,2000,"{""type"":""Point"",""coordinates"":[-13.230000000000002,8.489999999999998]}"
3_9,4,5.587653160095215,PERSIANN_CDR,WA010,2000,"{""type"":""Point"",""coordinates"":[-10.799999999999999,6.3]}"
3_10,4,2.7839677333831787,PERSIANN_CDR,WA011,2000,"{""type"":""Point"",""coordinates"":[1.22,6.130000000000001]}"
3_11,4,3.129487991333008,PERSIANN_CDR,WA012,2000,"{""type"":""Point"",""coordinates"":[2.42,6.37]}"
3_12,4,0.11554635316133499,PERSIANN_CDR,WA013,2000,"{""type"":""Point"",""coordinates"":[8.52,12.05]}"
3_13,4,5.483109474182129,PERSIANN_CDR,WA014,2000,"{""type"":""Point"",""coordinates"":[-1.62,6.69]}"
3_14,4,0.023618044331669807,PERSIANN_CDR,WA015,2000,"{""type"":""Point"",""coordinates"":[-16.680000000000003,13.45]}"
4_0,5,0.023521890863776207,PERSIANN_CDR,WA001,2000,"{""type"":""Point"",""coordinates"":[-17.470000000000002,14.73]}"
4_1,5,2.1330249309539795,PERSIANN_CDR,WA002,2000,"{""type"":""Point"",""coordinates"":[-7.949999999999998,12.65]}"
4_2,5,2.5659091472625732,PERSIANN_CDR,WA003,2000,"{""type"":""Point"",""coordinates"":[-1.5200000000000002,12.360000000000001]}"
4_3,5,0.31241968274116516,PERSIANN_CDR,WA004,2000,"{""type"":""Point"",""coordinates"":[2.17,13.51]}"
4_4,5,3.768103837966919,PERSIANN_CDR,WA005,2000,"{""type"":""Point"",""coordinates"":[7.33,9.07]}"
4_5,5,4.774735927581787,PERSIANN_CDR,WA006,2000,"{""type"":""Point"",""coordinates"":[-0.17,5.56]}"
4_6,5,8.376051902770996,PERSIANN_CDR,WA007,2000,"{""type"":""Point"",""coordinates"":[-3.9299999999999997,5.349999999999999]}"
4_7,5,5.739250183105469,PERSIANN_CDR,WA008,2000,"{""type"":""Point"",""coordinates"":[-13.67,9.53]}"
4_8,5,7.374290943145752,PERSIANN_CDR,WA009,2000,"{""type"":""Point"",""coordinates"":[-13.230000000000002,8.489999999999998]}"
4_9,5,8.226966857910156,PERSIANN_CDR,WA010,2000,"{""type"":""Point"",""coordinates"":[-10.799999999999999,6.3]}"
4_10,5,4.000558376312256,PERSIANN_CDR,WA011,2000,"{""type"":""Point"",""coordinates"":[1.22,6.130000000000001]}"
4_11,5,4.169161796569824,PERSIANN_CDR,WA012,2000,"{""type"":""Point"",""coordinates"":[2.42,6.37]}"
4_12,5,0.6488381028175354,PERSIANN_CDR,WA013,2000,"{""type"":""Point"",""coordinates"":[8.52,12.05]}"
4_13,5,5.449886798858643,PERSIANN_CDR,WA014,2000,"{""type"":""Point"",""coordinates"":[-1.62,6.69]}"
4_14,5,0.02148253284394741,PERSIANN_CDR,WA015,2000,"{""type"":""Point"",""coordinates"":[-16.680000000000003,13.45]}"
5_0,6,0.7284407615661621,PERSIANN_CDR,WA001,2000,"{""type"":""Point"",""coordinates"":[-17.470000000000002,14.73]}"
5_1,6,5.020811080932617,PERSIANN_CDR,WA002,2000,"{""type"":""Point"",""coordinates"":[-7.949999999999998,12.65]}"
5_2,6,5.543764591217041,PERSIANN_CDR,WA003,2000,"{""type"":""Point"",""coordinates"":[-1.5200000000000002,12.360000000000001]}"
5_3,6,3.259702205657959,PERSIANN_CDR,WA004,2000,"{""type"":""Point"",""coordinates"":[2.17,13.51]}"
5_4,6,7.795299530029297,PERSIANN_CDR,WA005,2000,"{""type"":""Point"",""coordinates"":[7.33,9.07]}"
5_5,6,6.032036781311035,PERSIANN_CDR,WA006,2000,"{""type"":""Point"",""coordinates"":[-0.17,5.56]}"
5_6,6,11.474743843078613,PERSIANN_CDR,WA007,2000,"{""type"":""Point"",""coordinates"":[-3.9299999999999997,5.349999999999999]}"
5_7,6,11.59170913696289,PERSIANN_CDR,WA008,2000,"{""type"":""Point"",""coordinates"":[-13.67,9.53]}"
5_8,6,14.301774024963379,PERSIANN_CDR,WA009,2000,"{""type"":""Point"",""coordinates"":[-13.230000000000002,8.489999999999998]}"
5_9,6,12.669994354248047,PERSIANN_CDR,WA010,2000,"{""type"":""Point"",""coordinates"":[-10.799999999999999,6.3]}"
5_10,6,5.753084659576416,PERSIANN_CDR,WA011,2000,"{""type"":""Point"",""coordinates"":[1.22,6.130000000000001]}"
5_11,6,6.986044406890869,PERSIANN_CDR,WA012,2000,"{""type"":""Point"",""coordinates"":[2.42,6.37]}"
5_12,6,3.9483869075775146,PERSIANN_CDR,WA013,2000,"{""type"":""Point"",""coordinates"":[8.52,12.05]}"
5_13,6,10.191522598266602,PERSIANN_CDR,WA014,2000,"{""type"":""Point"",""coordinates"":[-1.62,6.69]}"
5_14,6,2.4862685203552246,PERSIANN_CDR,WA015,2000,"{""type"":""Point"",""coordinates"":[-16.680000000000003,13.45]}"
6_0,7,4.700601577758789,PERSIANN_CDR,WA001,2000,"{""type"":""Point"",""coordinates"":[-17.470000000000002,14.73]}"
6_1,7,8.424026489257812,PERSIANN_CDR,WA002,2000,"{""type"":""Point"",""coordinates"":[-7.949999999999998,12.65]}"
6_2,7,5.472017288208008,PERSIANN_CDR,WA003,2000,"{""type"":""Point"",""coordinates"":[-1.5200000000000002,12.360000000000001]}"
6_3,7,5.885608196258545,PERSIANN_CDR,WA004,2000,"{""type"":""Point"",""coordinates"":[2.17,13.51]}"
6_4,7,7.54580545425415,PERSIANN_CDR,WA005,2000,"{""type"":""Point"",""coordinates"":[7.33,9.07]}"
6_5,7,2.010016441345215,PERSIANN_CDR,WA006,2000,"{""type"":""Point"",""coordinates"":[-0.17,5.56]}"
6_6,7,3.5758705139160156,PERSIANN_CDR,WA007,2000,"{""type"":""Point"",""coordinates"":[-3.9299999999999997,5.349999999999999]}"
6_7,7,12.939783096313477,PERSIANN_CDR,WA008,2000,"{""type"":""Point"",""coordinates"":[-13.67,9.53]}"
6_8,7,12.677192687988281,PERSIANN_CDR,WA009,2000,"{""type"":""Point"",""coordinates"":[-13.230000000000002,8.489999999999998]}"
6_9,7,6.304154396057129,PERSIANN_CDR,WA010,2000,"{""type"":""Point"",""coordinates"":[-10.799999999999999,6.3]}"
6_10,7,3.678981065750122,PERSIANN_CDR,WA011,2000,"{""type"":""Point"",""coordinates"":[1.22,6.130000000000001]}"
6_11,7,4.0304646492004395,PERSIANN_CDR,WA012,2000,"{""type"":""Point"",""coordinates"":[2.42,6.37]}"
6_12,7,6.778354644775391,PERSIANN_CDR,WA013,2000,"{""type"":""Point"",""coordinates"":[8.52,12.05]}"
6_13,7,4.902942180633545,PERSIANN_CDR,WA014,2000,"{""type"":""Point"",""coordinates"":[-1.62,6.69]}"
6_14,7,9.726561546325684,PERSIANN_CDR,WA015,2000,"{""type"":""Point"",""coordinates"":[-16.680000000000003,13.45]}"
7_0,8,7.912898063659668,PERSIANN_CDR,WA001,2000,"{""type"":""Point"",""coordinates"":[-17.470000000000002,14.73]}"
7_1,8,9.161172866821289,PERSIANN_CDR,WA002,2000,"{""type"":""Point"",""coordinates"":[-7.949999999999998,12.65]}"
7_2,8,5.880532264709473,PERSIANN_CDR,WA003,2000,"{""type"":""Point"",""coordinates"":[-1.5200000000000002,12.360000000000001]}"
7_3,8,3.6332693099975586,PERSIANN_CDR,WA004,2000,"{""type"":""Point"",""coordinates"":[2.17,13.51]}"
7_4,8,9.6884183883667,PERSIANN_CDR,WA005,2000,"{""type"":""Point"",""coordinates"":[7.33,9.07]}"
7_5,8,2.3205883502960205,PERSIANN_CDR,WA006,2000,"{""type"":""Point"",""coordinates"":[-0.17,5.56]}"
7_6,8,0.9236297607421875,PERSIANN_CDR,WA007,2000,"{""type"":""Point"",""coordinates"":[-3.9299999999999997,5.349999999999999]}"
7_7,8,14.415220260620117,PERSIANN_CDR,WA008,2000,"{""type"":""Point"",""coordinates"":[-13.67,9.53]}"
7_8,8,13.138442039489746,PERSIANN_CDR,WA009,2000,"{""type"":""Point"",""coordinates"":[-13.230000000000002,8.489999999999998]}"
7_9,8,6.8986382484436035,PERSIANN_CDR,WA010,2000,"{""type"":""Point"",""coordinates"":[-10.799999999999999,6.3]}"
7_10,8,3.9026951789855957,PERSIANN_CDR,WA011,2000,"{""type"":""Point"",""coordinates"":[1.22,6.130000000000001]}"
7_11,8,4.041782379150391,PERSIANN_CDR,WA012,2000,"{""type"":""Point"",""coordinates"":[2.42,6.37]}"
7_12,8,6.245794296264648,PERSIANN_CDR,WA013,2000,"{""type"":""Point"",""coordinates"":[8.52,12.05]}"
7_13,8,3.038466691970825,PERSIANN_CDR,WA014,2000,"{""type"":""Point"",""coordinates"":[-1.62,6.69]}"
7_14,8,9.319950103759766,PERSIANN_CDR,WA015,2000,"{""type"":""Point"",""coordinates"":[-16.680000000000003,13.45]}"
8_0,9,4.88070011138916,PERSIANN_CDR,WA001,2000,"{""type"":""Point"",""coordinates"":[-17.470000000000002,14.73]}"
8_1,9,4.44126558303833,PERSIANN_CDR,WA002,2000,"{""type"":""Point"",""coordinates"":[-7.949999999999998,12.65]}"
8_2,9,3.5138943195343018,PERSIANN_CDR,WA003,2000,"{""type"":""Point"",""coordinates"":[-1.5200000000000002,12.360000000000001]}"
8_3,9,2.1952621936798096,PERSIANN_CDR,WA004,2000,"{""type"":""Point"",""coordinates"":[2.17,13.51]}"
8_4,9,8.495680809020996,PERSIANN_CDR,WA005,2000,"{""type"":""Point"",""coordinates"":[7.33,9.07]}"
8_5,9,3.4173262119293213,PERSIANN_CDR,WA006,2000,"{""type"":""Point"",""coordinates"":[-0.17,5.56]}"
8_6,9,2.4122350215911865,PERSIANN_CDR,WA007,2000,"{""type"":""Point"",""coordinates"":[-3.9299999999999997,5.349999999999999]}"
8_7,9,12.849263191223145,PERSIANN_CDR,WA008,2000,"{""type"":""Point"",""coordinates"":[-13.67,9.53]}"
8_8,9,14.18994426727295,PERSIANN_CDR,WA009,2000,"{""type"":""Point"",""coordinates"":[-13.230000000000002,8.489999999999998]}"
8_9,9,11.337427139282227,PERSIANN_CDR,WA010,2000,"{""type"":""Point"",""coordinates"":[-10.799999999999999,6.3]}"
8_10,9,5.001861572265625,PERSIANN_CDR,WA011,2000,"{""type"":""Point"",""coordinates"":[1.22,6.130000000000001]}"
8_11,9,7.303500175476074,PERSIANN_CDR,WA012,2000,"{""type"":""Point"",""coordinates"":[2.42,6.37]}"
8_12,9,3.801647186279297,PERSIANN_CDR,WA013,2000,"{""type"":""Point"",""coordinates"":[8.52,12.05]}"
8_13,9,4.4860429763793945,PERSIANN_CDR,WA014,2000,"{""type"":""Point"",""coordinates"":[-1.62,6.69]}"
8_14,9,8.475658416748047,PERSIANN_CDR,WA015,2000,"{""type"":""Point"",""coordinates"":[-16.680000000000003,13.45]}"
9_0,10,4.097891807556152,PERSIANN_CDR,WA001,2000,"{""type"":""Point"",""coordinates"":[-17.470000000000002,14.73]}"
9_1,10,1.9612289667129517,PERSIANN_CDR,WA002,2000,"{""type"":""Point"",""coordinates"":[-7.949999999999998,12.65]}"
9_2,10,1.2438627481460571,PERSIANN_CDR,WA003,2000,"{""type"":""Point"",""coordinates"":[-1.5200000000000002,12.360000000000001]}"
9_3,10,0.3905004560947418,PERSIANN_CDR,WA004,2000,"{""type"":""Point"",""coordinates"":[2.17,13.51]}"
9_4,10,3.9596493244171143,PERSIANN_CDR,WA005,2000,"{""type"":""Point"",""coordinates"":[7.33,9.07]}"
9_5,10,3.1027309894561768,PERSIANN_CDR,WA006,2000,"{""type"":""Point"",""coordinates"":[-0.17,5.56]}"
9_6,10,3.5419013500213623,PERSIANN_CDR,WA007,2000,"{""type"":""Point"",""coordinates"":[-3.9299999999999997,5.349999999999999]}"
9_7,10,10.354996681213379,PERSIANN_CDR,WA008,2000,"{""type"":""Point"",""coordinates"":[-13.67,9.53]}"
9_8,10,11.487637519836426,PERSIANN_CDR,WA009,2000,"{""type"":""Point"",""coordinates"":[-13.230000000000002,8.489999999999998]}"
9_9,10,9.98228645324707,PERSIANN_CDR,WA010,2000,"{""type"":""Point"",""coordinates"":[-10.799999999999999,6.3]}"
9_10,10,3.7608327865600586,PERSIANN_CDR,WA011,2000,"{""type"":""Point"",""coordinates"":[1.22,6.130000000000001]}"
9_11,10,3.874645471572876,PERSIANN_CDR,WA012,2000,"{""type"":""Point"",""coordinates"":[2.42,6.37]}"
9_12,10,0.8291041254997253,PERSIANN_CDR,WA013,2000,"{""type"":""Point"",""coordinates"":[8.52,12.05]}"
9_13,10,4.02441930770874,PERSIANN_CDR,WA014,2000,"{""type"":""Point"",""coordinates"":[-1.62,6.69]}"
9_14,10,6.304321765899658,PERSIANN_CDR,WA015,2000,"{""type"":""Point"",""coordinates"":[-16.680000000000003,13.45]}"
10_0,11,0.13919897377490997,PERSIANN_CDR,WA001,2000,"{""type"":""Point"",""coordinates"":[-17.470000000000002,14.73]}"
10_1,11,0.11915504932403564,PERSIANN_CDR,WA002,2000,"{""type"":""Point"",""coordinates"":[-7.949999999999998,12.65]}"
10_2,11,2.451855398248881E-4,PERSIANN_CDR,WA003,2000,"{""type"":""Point"",""coordinates"":[-1.5200000000000002,12.360000000000001]}"
10_3,11,2.7273703017272055E-4,PERSIANN_CDR,WA004,2000,"{""type"":""Point"",""coordinates"":[2.17,13.51]}"
10_4,11,0.01471925899386406,PERSIANN_CDR,WA005,2000,"{""type"":""Point"",""coordinates"":[7.33,9.07]}"
10_5,11,1.9963334798812866,PERSIANN_CDR,WA006,2000,"{""type"":""Point"",""coordinates"":[-0.17,5.56]}"
10_6,11,3.6186745166778564,PERSIANN_CDR,WA007,2000,"{""type"":""Point"",""coordinates"":[-3.9299999999999997,5.349999999999999]}"
10_7,11,1.8591387271881104,PERSIANN_CDR,WA008,2000,"{""type"":""Point"",""coordinates"":[-13.67,9.53]}"
10_8,11,3.3751847743988037,PERSIANN_CDR,WA009,2000,"{""type"":""Point"",""coordinates"":[-13.230000000000002,8.489999999999998]}"
10_9,11,6.397026062011719,PERSIANN_CDR,WA010,2000,"{""type"":""Point"",""coordinates"":[-10.799999999999999,6.3]}"
10_10,11,0.9916273355484009,PERSIANN_CDR,WA011,2000,"{""type"":""Point"",""coordinates"":[1.22,6.130000000000001]}"
10_11,11,0.6976087689399719,PERSIANN_CDR,WA012,2000,"{""type"":""Point"",""coordinates"":[2.42,6.37]}"
10_12,11,1.73088614246808E-4,PERSIANN_CDR,WA013,2000,"{""type"":""Point"",""coordinates"":[8.52,12.05]}"
10_13,11,2.3649332523345947,PERSIANN_CDR,WA014,2000,"{""type"":""Point"",""coordinates"":[-1.62,6.69]}"
10_14,11,0.19652146100997925,PERSIANN_CDR,WA015,2000,"{""type"":""Point"",""coordinates"":[-16.680000000000003,13.45]}"
11_0,12,0.0038193948566913605,PERSIANN_CDR,WA001,2000,"{""type"":""Point"",""coordinates"":[-17.470000000000002,14.73]}"
11_1,12,0.0,PERSIANN_CDR,WA002,2000,"{""type"":""Point"",""coordinates"":[-7.949999999999998,12.65]}"
11_2,12,0.0,PERSIANN_CDR,WA003,2000,"{""type"":""Point"",""coordinates"":[-1.5200000000000002,12.360000000000001]}"
11_3,12,0.0,PERSIANN_CDR,WA004,2000,"{""type"":""Point"",""coordinates"":[2.17,13.51]}"
11_4,12,0.02114276774227619,PERSIANN_CDR,WA005,2000,"{""type"":""Point"",""coordinates"":[7.33,9.07]}"
11_5,12,1.1672160625457764,PERSIANN_CDR,WA006,2000,"{""type"":""Point"",""coordinates"":[-0.17,5.56]}"
11_6,12,1.4416917562484741,PERSIANN_CDR,WA007,2000,"{""type"":""Point"",""coordinates"":[-3.9299999999999997,5.349999999999999]}"
11_7,12,0.18988841772079468,PERSIANN_CDR,WA008,2000,"{""type"":""Point"",""coordinates"":[-13.67,9.53]}"
11_8,12,0.2750476598739624,PERSIANN_CDR,WA009,2000,"{""type"":""Point"",""coordinates"":[-13.230000000000002,8.489999999999998]}"
11_9,12,1.3156406879425049,PERSIANN_CDR,WA010,2000,"{""type"":""Point"",""coordinates"":[-10.799999999999999,6.3]}"
11_10,12,0.4439193904399872,PERSIANN_CDR,WA011,2000,"{""type"":""Point"",""coordinates"":[1.22,6.130000000000001]}"
11_11,12,0.21205595135688782,PERSIANN_CDR,WA012,2000,"{""type"":""Point"",""coordinates"":[2.42,6.37]}"
11_12,12,4.215825174469501E-5,PERSIANN_CDR,WA013,2000,"{""type"":""Point"",""coordinates"":[8.52,12.05]}"
11_13,12,0.3895808458328247,PERSIANN_CDR,WA014,2000,"{""type"":""Point"",""coordinates"":[-1.62,6.69]}"
11_14,12,0.0012228306150063872,PERSIANN_CDR,WA015,2000,"{""type"":""Point"",""coordinates"":[-16.680000000000003,13.45]}"
12_0,1,0.0036125716287642717,PERSIANN_CDR,WA001,2001,"{""type"":""Point"",""coordinates"":[-17.470000000000002,14.73]}"
12_1,1,0.0,PERSIANN_CDR,WA002,2001,"{""type"":""Point"",""coordinates"":[-7.949999999999998,12.65]}"
12_2,1,0.0,PERSIANN_CDR,WA003,2001,"{""type"":""Point"",""coordinates"":[-1.5200000000000002,12.360000000000001]}"
12_3,1,0.0,PERSIANN_CDR,WA004,2001,"{""type"":""Point"",""coordinates"":[2.17,13.51]}"
12_4,1,0.04735032096505165,PERSIANN_CDR,WA005,2001,"{""type"":""Point"",""coordinates"":[7.33,9.07]}"
12_5,1,0.09943168610334396,PERSIANN_CDR,WA006,2001,"{""type"":""Point"",""coordinates"":[-0.17,5.56]}"
12_6,1,0.15030594170093536,PERSIANN_CDR,WA007,2001,"{""type"":""Point"",""coordinates"":[-3.9299999999999997,5.349999999999999]}"
12_7,1,0.01800539158284664,PERSIANN_CDR,WA008,2001,"{""type"":""Point"",""coordinates"":[-13.67,9.53]}"
12_8,1,0.08287983387708664,PERSIANN_CDR,WA009,2001,"{""type"":""Point"",""coordinates"":[-13.230000000000002,8.489999999999998]}"
12_9,1,0.5134852528572083,PERSIANN_CDR,WA010,2001,"{""type"":""Point"",""coordinates"":[-10.799999999999999,6.3]}"
12_10,1,0.040531668812036514,PERSIANN_CDR,WA011,2001,"{""type"":""Point"",""coordinates"":[1.22,6.130000000000001]}"
12_11,1,0.16692405939102173,PERSIANN_CDR,WA012,2001,"{""type"":""Point"",""coordinates"":[2.42,6.37]}"
12_12,1,0.0028699589893221855,PERSIANN_CDR,WA013,2001,"{""type"":""Point"",""coordinates"":[8.52,12.05]}"
12_13,1,0.0033168259542435408,PERSIANN_CDR,WA014,2001,"{""type"":""Point"",""coordinates"":[-1.62,6.69]}"
12_14,1,8.366364054381847E-4,PERSIANN_CDR,WA015,2001,"{""type"":""Point"",""coordinates"":[-16.680000000000003,13.45]}"
13_0,2,0.019278185442090034,PERSIANN_CDR,WA001,2001,"{""type"":""Point"",""coordinates"":[-17.470000000000002,14.73]}"
13_1,2,0.0,PERSIANN_CDR,WA002,2001,"{""type"":""Point"",""coordinates"":[-7.949999999999998,12.65]}"
13_2,2,4.181370968581177E-5,PERSIANN_CDR,WA003,2001,"{""type"":""Point"",""coordinates"":[-1.5200000000000002,12.360000000000001]}"
13_3,2,0.0,PERSIANN_CDR,WA004,2001,"{""type"":""Point"",""coordinates"":[2.17,13.51]}"
13_4,2,0.14337319135665894,PERSIANN_CDR,WA005,2001,"{""type"":""Point"",""coordinates"":[7.33,9.07]}"
13_5,2,1.1231327056884766,PERSIANN_CDR,WA006,2001,"{""type"":""Point"",""coordinates"":[-0.17,5.56]}"
13_6,2,1.5555261373519897,PERSIANN_CDR,WA007,2001,"{""type"":""Point"",""coordinates"":[-3.9299999999999997,5.349999999999999]}"
13_7,2,0.1700192093849182,PERSIANN_CDR,WA008,2001,"{""type"":""Point"",""coordinates"":[-13.67,9.53]}"
13_8,2,0.19844520092010498,PERSIANN_CDR,WA009,2001,"{""type"":""Point"",""coordinates"":[-13.230000000000002,8.489999999999998]}"
13_9,2,0.6008954644203186,PERSIANN_CDR,WA010,2001,"{""type"":""Point"",""coordinates"":[-10.799999999999999,6.3]}"
13_10,2,0.6415224075317383,PERSIANN_CDR,WA011,2001,"{""type"":""Point"",""coordinates"":[1.22,6.130000000000001]}"
13_11,2,0.37388932704925537,PERSIANN_CDR,WA012,2001,"{""type"":""Point"",""coordinates"":[2.42,6.37]}"
13_12,2,0.029608044773340225,PERSIANN_CDR,WA013,2001,"{""type"":""Point"",""coordinates"":[8.52,12.05]}"
13_13,2,0.6866088509559631,PERSIANN_CDR,WA014,2001,"{""type"":""Point"",""coordinates"":[-1.62,6.69]}"
13_14,2,0.0042159296572208405,PERSIANN_CDR,WA015,2001,"{""type"":""Point"",""coordinates"":[-16.680000000000003,13.45]}"
14_0,3,0.003365438664332032,PERSIANN_CDR,WA001,2001,"{""type"":""Point"",""coordinates"":[-17.470000000000002,14.73]}"
14_1,3,0.028095221146941185,PERSIANN_CDR,WA002,2001,"{""type"":""Point"",""coordinates"":[-7.949999999999998,12.65]}"
14_2,3,0.00780999381095171,PERSIANN_CDR,WA003,2001,"{""type"":""Point"",""coordinates"":[-1.5200000000000002,12.360000000000001]}"
14_3,3,0.0,PERSIANN_CDR,WA004,2001,"{""type"":""Point"",""coordinates"":[2.17,13.51]}"
14_4,3,0.29644322395324707,PERSIANN_CDR,WA005,2001,"{""type"":""Point"",""coordinates"":[7.33,9.07]}"
14_5,3,3.5738422870635986,PERSIANN_CDR,WA006,2001,"{""type"":""Point"",""coordinates"":[-0.17,5.56]}"
14_6,3,3.4876930713653564,PERSIANN_CDR,WA007,2001,"{""type"":""Point"",""coordinates"":[-3.9299999999999997,5.349999999999999]}"
14_7,3,0.069282166659832,PERSIANN_CDR,WA008,2001,"{""type"":""Point"",""coordinates"":[-13.67,9.53]}"
14_8,3,0.26892244815826416,PERSIANN_CDR,WA009,2001,"{""type"":""Point"",""coordinates"":[-13.230000000000002,8.489999999999998]}"
14_9,3,2.1666972637176514,PERSIANN_CDR,WA010,2001,"{""type"":""Point"",""coordinates"":[-10.799999999999999,6.3]}"
14_10,3,2.7670629024505615,PERSIANN_CDR,WA011,2001,"{""type"":""Point"",""coordinates"":[1.22,6.130000000000001]}"
14_11,3,1.8238699436187744,PERSIANN_CDR,WA012,2001,"{""type"":""Point"",""coordinates"":[2.42,6.37]}"
14_12,3,0.017154769971966743,PERSIANN_CDR,WA013,2001,"{""type"":""Point"",""coordinates"":[8.52,12.05]}"
14_13,3,4.746899604797363,PERSIANN_CDR,WA014,2001,"{""type"":""Point"",""coordinates"":[-1.62,6.69]}"
14_14,3,4.0514045394957066E-5,PERSIANN_CDR,WA015,2001,"{""type"":""Point"",""coordinates"":[-16.680000000000003,13.45]}"
15_0,4,0.01931142993271351,PERSIANN_CDR,WA001,2001,"{""type"":""Point"",""coordinates"":[-17.470000000000002,14.73]}"
15_1,4,0.9254119396209717,PERSIANN_CDR,WA002,2001,"{""type"":""Point"",""coordinates"":[-7.949999999999998,12.65]}"
15_2,4,0.416908323764801,PERSIANN_CDR,WA003,2001,"{""type"":""Point"",""coordinates"":[-1.5200000000000002,12.360000000000001]}"
15_3,4,0.03711969405412674,PERSIANN_CDR,WA004,2001,"{""type"":""Point"",""coordinates"":[2.17,13.51]}"
15_4,4,4.210216522216797,PERSIANN_CDR,WA005,2001,"{""type"":""Point"",""coordinates"":[7.33,9.07]}"
15_5,4,5.928819179534912,PERSIANN_CDR,WA006,2001,"{""type"":""Point"",""coordinates"":[-0.17,5.56]}"
15_6,4,8.08158016204834,PERSIANN_CDR,WA007,2001,"{""type"":""Point"",""coordinates"":[-3.9299999999999997,5.349999999999999]}"
15_7,4,0.2767985165119171,PERSIANN_CDR,WA008,2001,"{""type"":""Point"",""coordinates"":[-13.67,9.53]}"
15_8,4,1.2444939613342285,PERSIANN_CDR,WA009,2001,"{""type"":""Point"",""coordinates"":[-13.230000000000002,8.489999999999998]}"
15_9,4,5.189793109893799,PERSIANN_CDR,WA010,2001,"{""type"":""Point"",""coordinates"":[-10.799999999999999,6.3]}"
15_10,4,5.100830078125,PERSIANN_CDR,WA011,2001,"{""type"":""Point"",""coordinates"":[1.22,6.130000000000001]}"
15_11,4,4.426153182983398,PERSIANN_CDR,WA012,2001,"{""type"":""Point"",""coordinates"":[2.42,6.37]}"
15_12,4,0.9932041168212891,PERSIANN_CDR,WA013,2001,"{""type"":""Point"",""coordinates"":[8.52,12.05]}"
15_13,4,6.976261138916016,PERSIANN_CDR,WA014,2001,"{""type"":""Point"",""coordinates"":[-1.62,6.69]}"
15_14,4,0.02162928320467472,PERSIANN_CDR,WA015,2001,"{""type"":""Point"",""coordinates"":[-16.680000000000003,13.45]}"
16_0,5,0.048882074654102325,PERSIANN_CDR,WA001,2001,"{""type"":""Point"",""coordinates"":[-17.470000000000002,14.73]}"
16_1,5,1.4105132818222046,PERSIANN_CDR,WA002,2001,"{""type"":""Point"",""coordinates"":[-7.949999999999998,12.65]}"
16_2,5,1.7521394491195679,PERSIANN_CDR,WA003,2001,"{""type"":""Point"",""coordinates"":[-1.5200000000000002,12.360000000000001]}"
16_3,5,0.6149818301200867,PERSIANN_CDR,WA004,2001,"{""type"":""Point"",""coordinates"":[2.17,13.51]}"
16_4,5,7.628379821777344,PERSIANN_CDR,WA005,2001,"{""type"":""Point"",""coordinates"":[7.33,9.07]}"
16_5,5,5.75515604019165,PERSIANN_CDR,WA006,2001,"{""type"":""Point"",""coordinates"":[-0.17,5.56]}"
16_6,5,6.11262845993042,PERSIANN_CDR,WA007,2001,"{""type"":""Point"",""coordinates"":[-3.9299999999999997,5.349999999999999]}"
16_7,5,4.619175434112549,PERSIANN_CDR,WA008,2001,"{""type"":""Point"",""coordinates"":[-13.67,9.53]}"
16_8,5,6.743523597717285,PERSIANN_CDR,WA009,2001,"{""type"":""Point"",""coordinates"":[-13.230000000000002,8.489999999999998]}"
16_9,5,7.519071578979492,PERSIANN_CDR,WA010,2001,"{""type"":""Point"",""coordinates"":[-10.799999999999999,6.3]}"
16_10,5,5.220113754272461,PERSIANN_CDR,WA011,2001,"{""type"":""Point"",""coordinates"":[1.22,6.130000000000001]}"
16_11,5,6.494204521179199,PERSIANN_CDR,WA012,2001,"{""type"":""Point"",""coordinates"":[2.42,6.37]}"
16_12,5,2.508790969848633,PERSIANN_CDR,WA013,2001,"{""type"":""Point"",""coordinates"":[8.52,12.05]}"
16_13,5,4.522414207458496,PERSIANN_CDR,WA014,2001,"{""type"":""Point"",""coordinates"":[-1.62,6.69]}"
16_14,5,0.026131929829716682,PERSIANN_CDR,WA015,2001,"{""type"":""Point"",""coordinates"":[-16.680000000000003,13.45]}"
17_0,6,0.47718673944473267,PERSIANN_CDR,WA001,2001,"{""type"":""Point"",""coordinates"":[-17.470000000000002,14.73]}"
17_1,6,5.585143566131592,PERSIANN_CDR,WA002,2001,"{""type"":""Point"",""coordinates"":[-7.949999999999998,12.65]}"
17_2,6,4.057412147521973,PERSIANN_CDR,WA003,2001,"{""type"":""Point"",""coordinates"":[-1.5200000000000002,12.360000000000001]}"
17_3,6,3.5935637950897217,PERSIANN_CDR,WA004,2001,"{""type"":""Point"",""coordinates"":[2.17,13.51]}"
17_4,6,8.130099296569824,PERSIANN_CDR,WA005,2001,"{""type"":""Point"",""coordinates"":[7.33,9.07]}"
17_5,6,6.548320770263672,PERSIANN_CDR,WA006,2001,"{""type"":""Point"",""coordinates"":[-0.17,5.56]}"
17_6,6,8.92098617553711,PERSIANN_CDR,WA007,2001,"{""type"":""Point"",""coordinates"":[-3.9299999999999997,5.349999999999999]}"
17_7,6,13.79215145111084,PERSIANN_CDR,WA008,2001,"{""type"":""Point"",""coordinates"":[-13.67,9.53]}"
17_8,6,13.87156867980957,PERSIANN_CDR,WA009,2001,"{""type"":""Point"",""coordinates"":[-13.230000000000002,8.489999999999998]}"
17_9,6,11.845477104187012,PERSIANN_CDR,WA010,2001,"{""type"":""Point"",""coordinates"":[-10.799999999999999,6.3]}"
17_10,6,6.128584384918213,PERSIANN_CDR,WA011,2001,"{""type"":""Point"",""coordinates"":[1.22,6.130000000000001]}"
17_11,6,7.060384273529053,PERSIANN_CDR,WA012,2001,"{""type"":""Point"",""coordinates"":[2.42,6.37]}"
17_12,6,4.419069290161133,PERSIANN_CDR,WA013,2001,"{""type"":""Point"",""coordinates"":[8.52,12.05]}"
17_13,6,6.804815292358398,PERSIANN_CDR,WA014,2001,"{""type"":""Point"",""coordinates"":[-1.62,6.69]}"
17_14,6,2.4739863872528076,PERSIANN_CDR,WA015,2001,"{""type"":""Point"",""coordinates"":[-16.680000000000003,13.45]}"
18_0,7,3.8031206130981445,PERSIANN_CDR,WA001,2001,"{""type"":""Point"",""coordinates"":[-17.470000000000002,14.73]}"
18_1,7,8.85977554321289,PERSIANN_CDR,WA002,2001,"{""type"":""Point"",""coordinates"":[-7.949999999999998,12.65]}"
18_2,7,6.665345668792725,PERSIANN_CDR,WA003,2001,"{""type"":""Point"",""coordinates"":[-1.5200000000000002,12.360000000000001]}"
18_3,7,4.840210914611816,PERSIANN_CDR,WA004,2001,"{""type"":""Point"",""coordinates"":[2.17,13.51]}"
18_4,7,7.752749443054199,PERSIANN_CDR,WA005,2001,"{""type"":""Point"",""coordinates"":[7.33,9.07]}"
18_5,7,1.6973263025283813,PERSIANN_CDR,WA006,2001,"{""type"":""Point"",""coordinates"":[-0.17,5.56]}"
18_6,7,4.532866954803467,PERSIANN_CDR,WA007,2001,"{""type"":""Point"",""coordinates"":[-3.9299999999999997,5.349999999999999]}"
18_7,7,16.916385650634766,PERSIANN_CDR,WA008,2001,"{""type"":""Point"",""coordinates"":[-13.67,9.53]}"
18_8,7,15.977457046508789,PERSIANN_CDR,WA009,2001,"{""type"":""Point"",""coordinates"":[-13.230000000000002,8.489999999999998]}"
18_9,7,7.852348327636719,PERSIANN_CDR,WA010,2001,"{""type"":""Point"",""coordinates"":[-10.799999999999999,6.3]}"
18_10,7,1.5919066667556763,PERSIANN_CDR,WA011,2001,"{""type"":""Point"",""coordinates"":[1.22,6.130000000000001]}"
18_11,7,2.9884541034698486,PERSIANN_CDR,WA012,2001,"{""type"":""Point"",""coordinates"":[2.42,6.37]}"
18_12,7,8.462695121765137,PERSIANN_CDR,WA013,2001,"{""type"":""Point"",""coordinates"":[8.52,12.05]}"
18_13,7,3.6072559356689453,PERSIANN_CDR,WA014,2001,"{""type"":""Point"",""coordinates"":[-1.62,6.69]}"
18_14,7,7.670723915100098,PERSIANN_CDR,WA015,2001,"{""type"":""Point"",""coordinates"":[-16.680000000000003,13.45]}"
19_0,8,6.651994228363037,PERSIANN_CDR,WA001,2001,"{""type"":""Point"",""coordinates"":[-17.470000000000002,14.73]}"
19_1,8,9.710431098937988,PERSIANN_CDR,WA002,2001,"{""type"":""Point"",""coordinates"":[-7.949999999999998,12.65]}"
19_2,8,8.12065601348877,PERSIANN_CDR,WA003,2001,"{""type"":""Point"",""coordinates"":[-1.5200000000000002,12.360000000000001]}"
19_3,8,5.117900848388672,PERSIANN_CDR,WA004,2001,"{""type"":""Point"",""coordinates"":[2.17,13.51]}"
19_4,8,6.226839065551758,PERSIANN_CDR,WA005,2001,"{""type"":""Point"",""coordinates"":[7.33,9.07]}"
19_5,8,0.7742430567741394,PERSIANN_CDR,WA006,2001,"{""type"":""Point"",""coordinates"":[-0.17,5.56]}"
19_6,8,0.6181401014328003,PERSIANN_CDR,WA007,2001,"{""type"":""Point"",""coordinates"":[-3.9299999999999997,5.349999999999999]}"
19_7,8,17.56212615966797,PERSIANN_CDR,WA008,2001,"{""type"":""Point"",""coordinates"":[-13.67,9.53]}"
19_8,8,18.285099029541016,PERSIANN_CDR,WA009,2001,"{""type"":""Point"",""coordinates"":[-13.230000000000002,8.489999999999998]}"
19_9,8,9.458086013793945,PERSIANN_CDR,WA010,2001,"{""type"":""Point"",""coordinates"":[-10.799999999999999,6.3]}"
19_10,8,1.017026662826538,PERSIANN_CDR,WA011,2001,"{""type"":""Point"",""coordinates"":[1.22,6.130000000000001]}"
19_11,8,0.6675960421562195,PERSIANN_CDR,WA012,2001,"{""type"":""Point"",""coordinates"":[2.42,6.37]}"
19_12,8,8.707916259765625,PERSIANN_CDR,WA013,2001,"{""type"":""Point"",""coordinates"":[8.52,12.05]}"
19_13,8,1.5098826885223389,PERSIANN_CDR,WA014,2001,"{""type"":""Point"",""coordinates"":[-1.62,6.69]}"
19_14,8,7.9519171714782715,PERSIANN_CDR,WA015,2001,"{""type"":""Point"",""coordinates"":[-16.680000000000003,13.45]}"
20_0,9,7.241941452026367,PERSIANN_CDR,WA001,2001,"{""type"":""Point"",""coordinates"":[-17.470000000000002,14.73]}"
20_1,9,4.833739280700684,PERSIANN_CDR,WA002,2001,"{""type"":""Point"",""coordinates"":[-7.949999999999998,12.65]}"
20_2,9,3.6319990158081055,PERSIANN_CDR,WA003,2001,"{""type"":""Point"",""coordinates"":[-1.5200000000000002,12.360000000000001]}"
20_3,9,3.2098898887634277,PERSIANN_CDR,WA004,2001,"{""type"":""Point"",""coordinates"":[2.17,13.51]}"
20_4,9,10.878756523132324,PERSIANN_CDR,WA005,2001,"{""type"":""Point"",""coordinates"":[7.33,9.07]}"
20_5,9,2.5960686206817627,PERSIANN_CDR,WA006,2001,"{""type"":""Point"",""coordinates"":[-0.17,5.56]}"
20_6,9,2.17759370803833,PERSIANN_CDR,WA007,2001,"{""type"":""Point"",""coordinates"":[-3.9299999999999997,5.349999999999999]}"
20_7,9,16.709819793701172,PERSIANN_CDR,WA008,2001,"{""type"":""Point"",""coordinates"":[-13.67,9.53]}"
20_8,9,17.008460998535156,PERSIANN_CDR,WA009,2001,"{""type"":""Point"",""coordinates"":[-13.230000000000002,8.489999999999998]}"
20_9,9,12.616724967956543,PERSIANN_CDR,WA010,2001,"{""type"":""Point"",""coordinates"":[-10.799999999999999,6.3]}"
20_10,9,4.855835914611816,PERSIANN_CDR,WA011,2001,"{""type"":""Point"",""coordinates"":[1.22,6.130000000000001]}"
20_11,9,4.58836030960083,PERSIANN_CDR,WA012,2001,"{""type"":""Point"",""coordinates"":[2.42,6.37]}"
20_12,9,4.419402122497559,PERSIANN_CDR,WA013,2001,"{""type"":""Point"",""coordinates"":[8.52,12.05]}"
20_13,9,5.457180023193359,PERSIANN_CDR,WA014,2001,"{""type"":""Point"",""coordinates"":[-1.62,6.69]}"
20_14,9,7.551849842071533,PERSIANN_CDR,WA015,2001,"{""type"":""Point"",""coordinates"":[-16.680000000000003,13.45]}"
21_0,10,0.40830057859420776,PERSIANN_CDR,WA001,2001,"{""type"":""Point"",""coordinates"":[-17.470000000000002,14.73]}"
21_1,10,0.8427997827529907,PERSIANN_CDR,WA002,2001,"{""type"":""Point"",""coordinates"":[-7.949999999999998,12.65]}"
21_2,10,0.6097962260246277,PERSIANN_CDR,WA003,2001,"{""type"":""Point"",""coordinates"":[-1.5200000000000002,12.360000000000001]}"
21_3,10,0.09353163093328476,PERSIANN_CDR,WA004,2001,"{""type"":""Point"",""coordinates"":[2.17,13.51]}"
21_4,10,3.0911433696746826,PERSIANN_CDR,WA005,2001,"{""type"":""Point"",""coordinates"":[7.33,9.07]}"
21_5,10,3.3011629581451416,PERSIANN_CDR,WA006,2001,"{""type"":""Point"",""coordinates"":[-0.17,5.56]}"
21_6,10,5.471609115600586,PERSIANN_CDR,WA007,2001,"{""type"":""Point"",""coordinates"":[-3.9299999999999997,5.349999999999999]}"
21_7,10,10.29299545288086,PERSIANN_CDR,WA008,2001,"{""type"":""Point"",""coordinates"":[-13.67,9.53]}"
21_8,10,11.143630981445312,PERSIANN_CDR,WA009,2001,"{""type"":""Point"",""coordinates"":[-13.230000000000002,8.489999999999998]}"
21_9,10,10.361029624938965,PERSIANN_CDR,WA010,2001,"{""type"":""Point"",""coordinates"":[-10.799999999999999,6.3]}"
21_10,10,2.6144683361053467,PERSIANN_CDR,WA011,2001,"{""type"":""Point"",""coordinates"":[1.22,6.130000000000001]}"
21_11,10,3.0433685779571533,PERSIANN_CDR,WA012,2001,"{""type"":""Point"",""coordinates"":[2.42,6.37]}"
21_12,10,0.10585445910692215,PERSIANN_CDR,WA013,2001,"{""type"":""Point"",""coordinates"":[8.52,12.05]}"
21_13,10,3.9634430408477783,PERSIANN_CDR,WA014,2001,"{""type"":""Point"",""coordinates"":[-1.62,6.69]}"
21_14,10,1.416325330734253,PERSIANN_CDR,WA015,2001,"{""type"":""Point"",""coordinates"":[-16.680000000000003,13.45]}"
22_0,11,0.33351466059684753,PERSIANN_CDR,WA001,2001,"{""type"":""Point"",""coordinates"":[-17.470000000000002,14.73]}"
22_1,11,0.15685337781906128,PERSIANN_CDR,WA002,2001,"{""type"":""Point"",""coordinates"":[-7.949999999999998,12.65]}"
22_2,11,0.04263437166810036,PERSIANN_CDR,WA003,2001,"{""type"":""Point"",""coordinates"":[-1.5200000000000002,12.360000000000001]}"
22_3,11,0.002704241778701544,PERSIANN_CDR,WA004,2001,"{""type"":""Point"",""coordinates"":[2.17,13.51]}"
22_4,11,0.04426513612270355,PERSIANN_CDR,WA005,2001,"{""type"":""Point"",""coordinates"":[7.33,9.07]}"
22_5,11,1.7471650838851929,PERSIANN_CDR,WA006,2001,"{""type"":""Point"",""coordinates"":[-0.17,5.56]}"
22_6,11,4.497852325439453,PERSIANN_CDR,WA007,2001,"{""type"":""Point"",""coordinates"":[-3.9299999999999997,5.349999999999999]}"
22_7,11,3.7397217750549316,PERSIANN_CDR,WA008,2001,"{""type"":""Point"",""coordinates"":[-13.67,9.53]}"
22_8,11,5.952380657196045,PERSIANN_CDR,WA009,2001,"{""type"":""Point"",""coordinates"":[-13.230000000000002,8.489999999999998]}"
22_9,11,7.158233642578125,PERSIANN_CDR,WA010,2001,"{""type"":""Point"",""coordinates"":[-10.799999999999999,6.3]}"
22_10,11,1.181747555732727,PERSIANN_CDR,WA011,2001,"{""type"":""Point"",""coordinates"":[1.22,6.130000000000001]}"
22_11,11,0.9790619015693665,PERSIANN_CDR,WA012,2001,"{""type"":""Point"",""coordinates"":[2.42,6.37]}"
22_12,11,0.06722455471754074,PERSIANN_CDR,WA013,2001,"{""type"":""Point"",""coordinates"":[8.52,12.05]}"
22_13,11,2.8980960845947266,PERSIANN_CDR,WA014,2001,"{""type"":""Point"",""coordinates"":[-1.62,6.69]}"
22_14,11,0.365368127822876,PERSIANN_CDR,WA015,2001,"{""type"":""Point"",""coordinates"":[-16.680000000000003,13.45]}"
23_0,12,0.018427683040499687,PERSIANN_CDR,WA001,2001,"{""type"":""Point"",""coordinates"":[-17.470000000000002,14.73]}"
23_1,12,0.0,PERSIANN_CDR,WA002,2001,"{""type"":""Point"",""coordinates"":[-7.949999999999998,12.65]}"
23_2,12,0.0,PERSIANN_CDR,WA003,2001,"{""type"":""Point"",""coordinates"":[-1.5200000000000002,12.360000000000001]}"
23_3,12,0.0,PERSIANN_CDR,WA004,2001,"{""type"":""Point"",""coordinates"":[2.17,13.51]}"
23_4,12,0.12457259744405746,PERSIANN_CDR,WA005,2001,"{""type"":""Point"",""coordinates"":[7.33,9.07]}"
23_5,12,0.7902123928070068,PERSIANN_CDR,WA006,2001,"{""type"":""Point"",""coordinates"":[-0.17,5.56]}"
23_6,12,1.8832988739013672,PERSIANN_CDR,WA007,2001,"{""type"":""Point"",""coordinates"":[-3.9299999999999997,5.349999999999999]}"
23_7,12,0.08701873570680618,PERSIANN_CDR,WA008,2001,"{""type"":""Point"",""coordinates"":[-13.67,9.53]}"
23_8,12,0.19241568446159363,PERSIANN_CDR,WA009,2001,"{""type"":""Point"",""coordinates"":[-13.230000000000002,8.489999999999998]}"
23_9,12,0.9090108275413513,PERSIANN_CDR,WA010,2001,"{""type"":""Point"",""coordinates"":[-10.799999999999999,6.3]}"
23_10,12,0.451088011264801,PERSIANN_CDR,WA011,2001,"{""type"":""Point"",""coordinates"":[1.22,6.130000000000001]}"
23_11,12,0.7403296828269958,PERSIANN_CDR,WA012,2001,"{""type"":""Point"",""coordinates"":[2.42,6.37]}"
23_12,12,0.11023274064064026,PERSIANN_CDR,WA013,2001,"{""type"":""Point"",""coordinates"":[8.52,12.05]}"
23_13,12,0.6490011215209961,PERSIANN_CDR,WA014,2001,"{""type"":""Point"",""coordinates"":[-1.62,6.69]}"
23_14,12,0.004846326541155577,PERSIANN_CDR,WA015,2001,"{""type"":""Point"",""coordinates"":[-16.680000000000003,13.45]}"
24_0,1,0.7988694906234741,PERSIANN_CDR,WA001,2002,"{""type"":""Point"",""coordinates"":[-17.470000000000002,14.73]}"
24_1,1,0.04751639813184738,PERSIANN_CDR,WA002,2002,"{""type"":""Point"",""coordinates"":[-7.949999999999998,12.65]}"
24_2,1,0.0,PERSIANN_CDR,WA003,2002,"{""type"":""Point"",""coordinates"":[-1.5200000000000002,12.360000000000001]}"
24_3,1,0.0,PERSIANN_CDR,WA004,2002,"{""type"":""Point"",""coordinates"":[2.17,13.51]}"
24_4,1,0.01794331893324852,PERSIANN_CDR,WA005,2002,"{""type"":""Point"",""coordinates"":[7.33,9.07]}"
24_5,1,1.006441354751587,PERSIANN_CDR,WA006,2002,"{""type"":""Point"",""coordinates"":[-0.17,5.56]}"
24_6,1,1.1003031730651855,PERSIANN_CDR,WA007,2002,"{""type"":""Point"",""coordinates"":[-3.9299999999999997,5.349999999999999]}"
24_7,1,0.2733275294303894,PERSIANN_CDR,WA008,2002,"{""type"":""Point"",""coordinates"":[-13.67,9.53]}"
24_8,1,0.6564199924468994,PERSIANN_CDR,WA009,2002,"{""type"":""Point"",""coordinates"":[-13.230000000000002,8.489999999999998]}"
24_9,1,2.5285909175872803,PERSIANN_CDR,WA010,2002,"{""type"":""Point"",""coordinates"":[-10.799999999999999,6.3]}"
24_10,1,0.7515184879302979,PERSIANN_CDR,WA011,2002,"{""type"":""Point"",""coordinates"":[1.22,6.130000000000001]}"
24_11,1,0.2897692322731018,PERSIANN_CDR,WA012,2002,"{""type"":""Point"",""coordinates"":[2.42,6.37]}"
24_12,1,2.8219091473147273E-4,PERSIANN_CDR,WA013,2002,"{""type"":""Point"",""coordinates"":[8.52,12.05]}"
24_13,1,0.687883734703064,PERSIANN_CDR,WA014,2002,"{""type"":""Point"",""coordinates"":[-1.62,6.69]}"
24_14,1,0.7543473243713379,PERSIANN_CDR,WA015,2002,"{""type"":""Point"",""coordinates"":[-16.680000000000003,13.45]}"
25_0,2,0.014593735337257385,PERSIANN_CDR,WA001,2002,"{""type"":""Point"",""coordinates"":[-17.470000000000002,14.73]}"
25_1,2,3.8415216840803623E-4,PERSIANN_CDR,WA002,2002,"{""type"":""Point"",""coordinates"":[-7.949999999999998,12.65]}"
25_2,2,8.167535270331427E-5,PERSIANN_CDR,WA003,2002,"{""type"":""Point"",""coordinates"":[-1.5200000000000002,12.360000000000001]}"
25_3,2,0.0,PERSIANN_CDR,WA004,2002,"{""type"":""Point"",""coordinates"":[2.17,13.51]}"
25_4,2,0.14858730137348175,PERSIANN_CDR,WA005,2002,"{""type"":""Point"",""coordinates"":[7.33,9.07]}"
25_5,2,1.4621320962905884,PERSIANN_CDR,WA006,2002,"{""type"":""Point"",""coordinates"":[-0.17,5.56]}"
25_6,2,1.211114764213562,PERSIANN_CDR,WA007,2002,"{""type"":""Point"",""coordinates"":[-3.9299999999999997,5.349999999999999]}"
25_7,2,0.07531394064426422,PERSIANN_CDR,WA008,2002,"{""type"":""Point"",""coordinates"":[-13.67,9.53]}"
25_8,2,0.14109788835048676,PERSIANN_CDR,WA009,2002,"{""type"":""Point"",""coordinates"":[-13.230000000000002,8.489999999999998]}"
25_9,2,1.067358136177063,PERSIANN_CDR,WA010,2002,"{""type"":""Point"",""coordinates"":[-10.799999999999999,6.3]}"
25_10,2,0.9750255346298218,PERSIANN_CDR,WA011,2002,"{""type"":""Point"",""coordinates"":[1.22,6.130000000000001]}"
25_11,2,0.8410355448722839,PERSIANN_CDR,WA012,2002,"{""type"":""Point"",""coordinates"":[2.42,6.37]}"
25_12,2,0.001957541797310114,PERSIANN_CDR,WA013,2002,"{""type"":""Point"",""coordinates"":[8.52,12.05]}"
25_13,2,0.8583759665489197,PERSIANN_CDR,WA014,2002,"{""type"":""Point"",""coordinates"":[-1.62,6.69]}"
25_14,2,0.0,PERSIANN_CDR,WA015,2002,"{""type"":""Point"",""coordinates"":[-16.680000000000003,13.45]}"
26_0,3,0.0073422822169959545,PERSIANN_CDR,WA001,2002,"{""type"":""Point"",""coordinates"":[-17.470000000000002,14.73]}"
26_1,3,0.03170240670442581,PERSIANN_CDR,WA002,2002,"{""type"":""Point"",""coordinates"":[-7.949999999999998,12.65]}"
26_2,3,0.014709391631186008,PERSIANN_CDR,WA003,2002,"{""type"":""Point"",""coordinates"":[-1.5200000000000002,12.360000000000001]}"
26_3,3,0.0019417222356423736,PERSIANN_CDR,WA004,2002,"{""type"":""Point"",""coordinates"":[2.17,13.51]}"
26_4,3,1.4501852989196777,PERSIANN_CDR,WA005,2002,"{""type"":""Point"",""coordinates"":[7.33,9.07]}"
26_5,3,2.54890775680542,PERSIANN_CDR,WA006,2002,"{""type"":""Point"",""coordinates"":[-0.17,5.56]}"
26_6,3,3.2056338787078857,PERSIANN_CDR,WA007,2002,"{""type"":""Point"",""coordinates"":[-3.9299999999999997,5.349999999999999]}"
26_7,3,0.2974068224430084,PERSIANN_CDR,WA008,2002,"{""type"":""Point"",""coordinates"":[-13.67,9.53]}"
26_8,3,0.5334683656692505,PERSIANN_CDR,WA009,2002,"{""type"":""Point"",""coordinates"":[-13.230000000000002,8.489999999999998]}"
26_9,3,1.9593108892440796,PERSIANN_CDR,WA010,2002,"{""type"":""Point"",""coordinates"":[-10.799999999999999,6.3]}"
26_10,3,2.6832785606384277,PERSIANN_CDR,WA011,2002,"{""type"":""Point"",""coordinates"":[1.22,6.130000000000001]}"
26_11,3,2.5582854747772217,PERSIANN_CDR,WA012,2002,"{""type"":""Point"",""coordinates"":[2.42,6.37]}"
26_12,3,0.11196788400411606,PERSIANN_CDR,WA013,2002,"{""type"":""Point"",""coordinates"":[8.52,12.05]}"
26_13,3,3.4606876373291016,PERSIANN_CDR,WA014,2002,"{""type"":""Point"",""coordinates"":[-1.62,6.69]}"
26_14,3,4.005446389783174E-4,PERSIANN_CDR,WA015,2002,"{""type"":""Point"",""coordinates"":[-16.680000000000003,13.45]}"
27_0,4,0.0015862836735323071,PERSIANN_CDR,WA001,2002,"{""type"":""Point"",""coordinates"":[-17.470000000000002,14.73]}"
27_1,4,0.28668057918548584,PERSIANN_CDR,WA002,2002,"{""type"":""Point"",""coordinates"":[-7.949999999999998,12.65]}"
27_2,4,0.5932872295379639,PERSIANN_CDR,WA003,2002,"{""type"":""Point"",""coordinates"":[-1.5200000000000002,12.360000000000001]}"
27_3,4,0.10197947919368744,PERSIANN_CDR,WA004,2002,"{""type"":""Point"",""coordinates"":[2.17,13.51]}"
27_4,4,3.851271629333496,PERSIANN_CDR,WA005,2002,"{""type"":""Point"",""coordinates"":[7.33,9.07]}"
27_5,4,5.734330177307129,PERSIANN_CDR,WA006,2002,"{""type"":""Point"",""coordinates"":[-0.17,5.56]}"
27_6,4,4.950148582458496,PERSIANN_CDR,WA007,2002,"{""type"":""Point"",""coordinates"":[-3.9299999999999997,5.349999999999999]}"
27_7,4,0.3711460828781128,PERSIANN_CDR,WA008,2002,"{""type"":""Point"",""coordinates"":[-13.67,9.53]}"
27_8,4,0.5753219723701477,PERSIANN_CDR,WA009,2002,"{""type"":""Point"",""coordinates"":[-13.230000000000002,8.489999999999998]}"
27_9,4,2.3701446056365967,PERSIANN_CDR,WA010,2002,"{""type"":""Point"",""coordinates"":[-10.799999999999999,6.3]}"
27_10,4,5.068027496337891,PERSIANN_CDR,WA011,2002,"{""type"":""Point"",""coordinates"":[1.22,6.130000000000001]}"
27_11,4,5.326177597045898,PERSIANN_CDR,WA012,2002,"{""type"":""Point"",""coordinates"":[2.42,6.37]}"
27_12,4,0.5389482378959656,PERSIANN_CDR,WA013,2002,"{""type"":""Point"",""coordinates"":[8.52,12.05]}"
27_13,4,5.327181339263916,PERSIANN_CDR,WA014,2002,"{""type"":""Point"",""coordinates"":[-1.62,6.69]}"
27_14,4,4.990545567125082E-4,PERSIANN_CDR,WA015,2002,"{""type"":""Point"",""coordinates"":[-16.680000000000003,13.45]}"
28_0,5,0.02582148276269436,PERSIANN_CDR,WA001,2002,"{""type"":""Point"",""coordinates"":[-17.470000000000002,14.73]}"
28_1,5,1.2423266172409058,PERSIANN_CDR,WA002,2002,"{""type"":""Point"",""coordinates"":[-7.949999999999998,12.65]}"
28_2,5,1.3509833812713623,PERSIANN_CDR,WA003,2002,"{""type"":""Point"",""coordinates"":[-1.5200000000000002,12.360000000000001]}"
28_3,5,0.5142114162445068,PERSIANN_CDR,WA004,2002,"{""type"":""Point"",""coordinates"":[2.17,13.51]}"
28_4,5,4.791212558746338,PERSIANN_CDR,WA005,2002,"{""type"":""Point"",""coordinates"":[7.33,9.07]}"
28_5,5,5.073013782501221,PERSIANN_CDR,WA006,2002,"{""type"":""Point"",""coordinates"":[-0.17,5.56]}"
28_6,5,6.353510856628418,PERSIANN_CDR,WA007,2002,"{""type"":""Point"",""coordinates"":[-3.9299999999999997,5.349999999999999]}"
28_7,5,1.6528851985931396,PERSIANN_CDR,WA008,2002,"{""type"":""Point"",""coordinates"":[-13.67,9.53]}"
28_8,5,2.8842246532440186,PERSIANN_CDR,WA009,2002,"{""type"":""Point"",""coordinates"":[-13.230000000000002,8.489999999999998]}"
28_9,5,5.8665080070495605,PERSIANN_CDR,WA010,2002,"{""type"":""Point"",""coordinates"":[-10.799999999999999,6.3]}"
28_10,5,4.181900501251221,PERSIANN_CDR,WA011,2002,"{""type"":""Point"",""coordinates"":[1.22,6.130000000000001]}"
28_11,5,3.536489725112915,PERSIANN_CDR,WA012,2002,"{""type"":""Point"",""coordinates"":[2.42,6.37]}"
28_12,5,0.6938603520393372,PERSIANN_CDR,WA013,2002,"{""type"":""Point"",""coordinates"":[8.52,12.05]}"
28_13,5,5.608922481536865,PERSIANN_CDR,WA014,2002,"{""type"":""Point"",""coordinates"":[-1.62,6.69]}"
28_14,5,0.039524417370557785,PERSIANN_CDR,WA015,2002,"{""type"":""Point"",""coordinates"":[-16.680000000000003,13.45]}"
29_0,6,0.7902352809906006,PERSIANN_CDR,WA001,2002,"{""type"":""Point"",""coordinates"":[-17.470000000000002,14.73]}"
29_1,6,4.509009838104248,PERSIANN_CDR,WA002,2002,"{""type"":""Point"",""coordinates"":[-7.949999999999998,12.65]}"
29_2,6,2.756438732147217,PERSIANN_CDR,WA003,2002,"{""type"":""Point"",""coordinates"":[-1.5200000000000002,12.360000000000001]}"
29_3,6,2.661208152770996,PERSIANN_CDR,WA004,2002,"{""type"":""Point"",""coordinates"":[2.17,13.51]}"
29_4,6,6.141460418701172,PERSIANN_CDR,WA005,2002,"{""type"":""Point"",""coordinates"":[7.33,9.07]}"
29_5,6,9.378949165344238,PERSIANN_CDR,WA006,2002,"{""type"":""Point"",""coordinates"":[-0.17,5.56]}"
29_6,6,9.424018859863281,PERSIANN_CDR,WA007,2002,"{""type"":""Point"",""coordinates"":[-3.9299999999999997,5.349999999999999]}"
29_7,6,10.746957778930664,PERSIANN_CDR,WA008,2002,"{""type"":""Point"",""coordinates"":[-13.67,9.53]}"
29_8,6,13.476698875427246,PERSIANN_CDR,WA009,2002,"{""type"":""Point"",""coordinates"":[-13.230000000000002,8.489999999999998]}"
29_9,6,12.984454154968262,PERSIANN_CDR,WA010,2002,"{""type"":""Point"",""coordinates"":[-10.799999999999999,6.3]}"
29_10,6,8.122688293457031,PERSIANN_CDR,WA011,2002,"{""type"":""Point"",""coordinates"":[1.22,6.130000000000001]}"
29_11,6,9.233477592468262,PERSIANN_CDR,WA012,2002,"{""type"":""Point"",""coordinates"":[2.42,6.37]}"
29_12,6,3.3223817348480225,PERSIANN_CDR,WA013,2002,"{""type"":""Point"",""coordinates"":[8.52,12.05]}"
29_13,6,7.536465644836426,PERSIANN_CDR,WA014,2002,"{""type"":""Point"",""coordinates"":[-1.62,6.69]}"
29_14,6,2.3364713191986084,PERSIANN_CDR,WA015,2002,"{""type"":""Point"",""coordinates"":[-16.680000000000003,13.45]}"
30_0,7,0.8699473142623901,PERSIANN_CDR,WA001,2002,"{""type"":""Point"",""coordinates"":[-17.470000000000002,14.73]}"
30_1,7,5.575859069824219,PERSIANN_CDR,WA002,2002,"{""type"":""Point"",""coordinates"":[-7.949999999999998,12.65]}"
30_2,7,6.250235557556152,PERSIANN_CDR,WA003,2002,"{""type"":""Point"",""coordinates"":[-1.5200000000000002,12.360000000000001]}"
30_3,7,3.7773687839508057,PERSIANN_CDR,WA004,2002,"{""type"":""Point"",""coordinates"":[2.17,13.51]}"
30_4,7,10.155251502990723,PERSIANN_CDR,WA005,2002,"{""type"":""Point"",""coordinates"":[7.33,9.07]}"
30_5,7,3.7755401134490967,PERSIANN_CDR,WA006,2002,"{""type"":""Point"",""coordinates"":[-0.17,5.56]}"
30_6,7,6.363367080688477,PERSIANN_CDR,WA007,2002,"{""type"":""Point"",""coordinates"":[-3.9299999999999997,5.349999999999999]}"
30_7,7,14.019164085388184,PERSIANN_CDR,WA008,2002,"{""type"":""Point"",""coordinates"":[-13.67,9.53]}"
30_8,7,15.093844413757324,PERSIANN_CDR,WA009,2002,"{""type"":""Point"",""coordinates"":[-13.230000000000002,8.489999999999998]}"
30_9,7,9.271634101867676,PERSIANN_CDR,WA010,2002,"{""type"":""Point"",""coordinates"":[-10.799999999999999,6.3]}"
30_10,7,5.136733531951904,PERSIANN_CDR,WA011,2002,"{""type"":""Point"",""coordinates"":[1.22,6.130000000000001]}"
30_11,7,7.750973224639893,PERSIANN_CDR,WA012,2002,"{""type"":""Point"",""coordinates"":[2.42,6.37]}"
30_12,7,7.3368682861328125,PERSIANN_CDR,WA013,2002,"{""type"":""Point"",""coordinates"":[8.52,12.05]}"
30_13,7,8.26834487915039,PERSIANN_CDR,WA014,2002,"{""type"":""Point"",""coordinates"":[-1.62,6.69]}"
30_14,7,3.9066901206970215,PERSIANN_CDR,WA015,2002,"{""type"":""Point"",""coordinates"":[-16.680000000000003,13.45]}"
31_0,8,4.0149688720703125,PERSIANN_CDR,WA001,2002,"{""type"":""Point"",""coordinates"":[-17.470000000000002,14.73]}"
31_1,8,9.253487586975098,PERSIANN_CDR,WA002,2002,"{""type"":""Point"",""coordinates"":[-7.949999999999998,12.65]}"
31_2,8,5.4078569412231445,PERSIANN_CDR,WA003,2002,"{""type"":""Point"",""coordinates"":[-1.5200000000000002,12.360000000000001]}"
31_3,8,3.986207962036133,PERSIANN_CDR,WA004,2002,"{""type"":""Point"",""coordinates"":[2.17,13.51]}"
31_4,8,8.383536338806152,PERSIANN_CDR,WA005,2002,"{""type"":""Point"",""coordinates"":[7.33,9.07]}"
31_5,8,1.5790210962295532,PERSIANN_CDR,WA006,2002,"{""type"":""Point"",""coordinates"":[-0.17,5.56]}"
31_6,8,3.8761777877807617,PERSIANN_CDR,WA007,2002,"{""type"":""Point"",""coordinates"":[-3.9299999999999997,5.349999999999999]}"
31_7,8,19.8375301361084,PERSIANN_CDR,WA008,2002,"{""type"":""Point"",""coordinates"":[-13.67,9.53]}"
31_8,8,20.78034782409668,PERSIANN_CDR,WA009,2002,"{""type"":""Point"",""coordinates"":[-13.230000000000002,8.489999999999998]}"
31_9,8,10.75951862335205,PERSIANN_CDR,WA010,2002,"{""type"":""Point"",""coordinates"":[-10.799999999999999,6.3]}"
31_10,8,2.257096767425537,PERSIANN_CDR,WA011,2002,"{""type"":""Point"",""coordinates"":[1.22,6.130000000000001]}"
31_11,8,1.4666624069213867,PERSIANN_CDR,WA012,2002,"{""type"":""Point"",""coordinates"":[2.42,6.37]}"
31_12,8,5.800125598907471,PERSIANN_CDR,WA013,2002,"{""type"":""Point"",""coordinates"":[8.52,12.05]}"
31_13,8,3.6412513256073,PERSIANN_CDR,WA014,2002,"{""type"":""Point"",""coordinates"":[-1.62,6.69]}"
31_14,8,7.208771228790283,PERSIANN_CDR,WA015,2002,"{""type"":""Point"",""coordinates"":[-16.680000000000003,13.45]}"
32_0,9,4.855903148651123,PERSIANN_CDR,WA001,2002,"{""type"":""Point"",""coordinates"":[-17.470000000000002,14.73]}"
32_1,9,4.458903789520264,PERSIANN_CDR,WA002,2002,"{""type"":""Point"",""coordinates"":[-7.949999999999998,12.65]}"
32_2,9,5.057188510894775,PERSIANN_CDR,WA003,2002,"{""type"":""Point"",""coordinates"":[-1.5200000000000002,12.360000000000001]}"
32_3,9,3.4328505992889404,PERSIANN_CDR,WA004,2002,"{""type"":""Point"",""coordinates"":[2.17,13.51]}"
32_4,9,9.914591789245605,PERSIANN_CDR,WA005,2002,"{""type"":""Point"",""coordinates"":[7.33,9.07]}"
32_5,9,2.185713291168213,PERSIANN_CDR,WA006,2002,"{""type"":""Point"",""coordinates"":[-0.17,5.56]}"
32_6,9,1.5026514530181885,PERSIANN_CDR,WA007,2002,"{""type"":""Point"",""coordinates"":[-3.9299999999999997,5.349999999999999]}"
32_7,9,14.73481559753418,PERSIANN_CDR,WA008,2002,"{""type"":""Point"",""coordinates"":[-13.67,9.53]}"
32_8,9,17.58217430114746,PERSIANN_CDR,WA009,2002,"{""type"":""Point"",""coordinates"":[-13.230000000000002,8.489999999999998]}"
32_9,9,7.378186225891113,PERSIANN_CDR,WA010,2002,"{""type"":""Point"",""coordinates"":[-10.799999999999999,6.3]}"
32_10,9,3.1153430938720703,PERSIANN_CDR,WA011,2002,"{""type"":""Point"",""coordinates"":[1.22,6.130000000000001]}"
32_11,9,2.851149320602417,PERSIANN_CDR,WA012,2002,"{""type"":""Point"",""coordinates"":[2.42,6.37]}"
32_12,9,6.04561185836792,PERSIANN_CDR,WA013,2002,"{""type"":""Point"",""coordinates"":[8.52,12.05]}"
32_13,9,3.704475164413452,PERSIANN_CDR,WA014,2002,"{""type"":""Point"",""coordinates"":[-1.62,6.69]}"
32_14,9,7.596409797668457,PERSIANN_CDR,WA015,2002,"{""type"":""Point"",""coordinates"":[-16.680000000000003,13.45]}"
33_0,10,1.3295512199401855,PERSIANN_CDR,WA001,2002,"{""type"":""Point"",""coordinates"":[-17.470000000000002,14.73]}"
33_1,10,2.457646369934082,PERSIANN_CDR,WA002,2002,"{""type"":""Point"",""coordinates"":[-7.949999999999998,12.65]}"
33_2,10,1.4762687683105469,PERSIANN_CDR,WA003,2002,"{""type"":""Point"",""coordinates"":[-1.5200000000000002,12.360000000000001]}"
33_3,10,0.6893108487129211,PERSIANN_CDR,WA004,2002,"{""type"":""Point"",""coordinates"":[2.17,13.51]}"
33_4,10,5.915252208709717,PERSIANN_CDR,WA005,2002,"{""type"":""Point"",""coordinates"":[7.33,9.07]}"
33_5,10,4.8921918869018555,PERSIANN_CDR,WA006,2002,"{""type"":""Point"",""coordinates"":[-0.17,5.56]}"
33_6,10,6.6581711769104,PERSIANN_CDR,WA007,2002,"{""type"":""Point"",""coordinates"":[-3.9299999999999997,5.349999999999999]}"
33_7,10,11.813807487487793,PERSIANN_CDR,WA008,2002,"{""type"":""Point"",""coordinates"":[-13.67,9.53]}"
33_8,10,12.927474021911621,PERSIANN_CDR,WA009,2002,"{""type"":""Point"",""coordinates"":[-13.230000000000002,8.489999999999998]}"
33_9,10,10.809407234191895,PERSIANN_CDR,WA010,2002,"{""type"":""Point"",""coordinates"":[-10.799999999999999,6.3]}"
33_10,10,5.612884998321533,PERSIANN_CDR,WA011,2002,"{""type"":""Point"",""coordinates"":[1.22,6.130000000000001]}"
33_11,10,6.0761871337890625,PERSIANN_CDR,WA012,2002,"{""type"":""Point"",""coordinates"":[2.42,6.37]}"
33_12,10,1.5382015705108643,PERSIANN_CDR,WA013,2002,"{""type"":""Point"",""coordinates"":[8.52,12.05]}"
33_13,10,7.384300231933594,PERSIANN_CDR,WA014,2002,"{""type"":""Point"",""coordinates"":[-1.62,6.69]}"
33_14,10,2.3041064739227295,PERSIANN_CDR,WA015,2002,"{""type"":""Point"",""coordinates"":[-16.680000000000003,13.45]}"
34_0,11,0.0012823747238144279,PERSIANN_CDR,WA001,2002,"{""type"":""Point"",""coordinates"":[-17.470000000000002,14.73]}"
34_1,11,0.025642897933721542,PERSIANN_CDR,WA002,2002,"{""type"":""Point"",""coordinates"":[-7.949999999999998,12.65]}"
34_2,11,0.08367226272821426,PERSIANN_CDR,WA003,2002,"{""type"":""Point"",""coordinates"":[-1.5200000000000002,12.360000000000001]}"
34_3,11,0.01317519135773182,PERSIANN_CDR,WA004,2002,"{""type"":""Point"",""coordinates"":[2.17,13.51]}"
34_4,11,0.03559742122888565,PERSIANN_CDR,WA005,2002,"{""type"":""Point"",""coordinates"":[7.33,9.07]}"
34_5,11,2.7330782413482666,PERSIANN_CDR,WA006,2002,"{""type"":""Point"",""coordinates"":[-0.17,5.56]}"
34_6,11,2.9470574855804443,PERSIANN_CDR,WA007,2002,"{""type"":""Point"",""coordinates"":[-3.9299999999999997,5.349999999999999]}"
34_7,11,1.5164673328399658,PERSIANN_CDR,WA008,2002,"{""type"":""Point"",""coordinates"":[-13.67,9.53]}"
34_8,11,3.24267578125,PERSIANN_CDR,WA009,2002,"{""type"":""Point"",""coordinates"":[-13.230000000000002,8.489999999999998]}"
34_9,11,4.475965976715088,PERSIANN_CDR,WA010,2002,"{""type"":""Point"",""coordinates"":[-10.799999999999999,6.3]}"
34_10,11,1.8757644891738892,PERSIANN_CDR,WA011,2002,"{""type"":""Point"",""coordinates"":[1.22,6.130000000000001]}"
34_11,11,1.5280777215957642,PERSIANN_CDR,WA012,2002,"{""type"":""Point"",""coordinates"":[2.42,6.37]}"
34_12,11,0.0,PERSIANN_CDR,WA013,2002,"{""type"":""Point"",""coordinates"":[8.52,12.05]}"
34_13,11,2.7643988132476807,PERSIANN_CDR,WA014,2002,"{""type"":""Point"",""coordinates"":[-1.62,6.69]}"
34_14,11,0.005951396189630032,PERSIANN_CDR,WA015,2002,"{""type"":""Point"",""coordinates"":[-16.680000000000003,13.45]}"
35_0,12,0.013479141518473625,PERSIANN_CDR,WA001,2002,"{""type"":""Point"",""coordinates"":[-17.470000000000002,14.73]}"
35_1,12,0.003968683537095785,PERSIANN_CDR,WA002,2002,"{""type"":""Point"",""coordinates"":[-7.949999999999998,12.65]}"
35_2,12,0.0,PERSIANN_CDR,WA003,2002,"{""type"":""Point"",""coordinates"":[-1.5200000000000002,12.360000000000001]}"
35_3,12,0.0,PERSIANN_CDR,WA004,2002,"{""type"":""Point"",""coordinates"":[2.17,13.51]}"
35_4,12,0.00992535799741745,PERSIANN_CDR,WA005,2002,"{""type"":""Point"",""coordinates"":[7.33,9.07]}"
35_5,12,0.9022274613380432,PERSIANN_CDR,WA006,2002,"{""type"":""Point"",""coordinates"":[-0.17,5.56]}"
35_6,12,1.745032787322998,PERSIANN_CDR,WA007,2002,"{""type"":""Point"",""coordinates"":[-3.9299999999999997,5.349999999999999]}"
35_7,12,0.07607216387987137,PERSIANN_CDR,WA008,2002,"{""type"":""Point"",""coordinates"":[-13.67,9.53]}"
35_8,12,0.26177316904067993,PERSIANN_CDR,WA009,2002,"{""type"":""Point"",""coordinates"":[-13.230000000000002,8.489999999999998]}"
35_9,12,0.8575354814529419,PERSIANN_CDR,WA010,2002,"{""type"":""Point"",""coordinates"":[-10.799999999999999,6.3]}"
35_10,12,0.3888390362262726,PERSIANN_CDR,WA011,2002,"{""type"":""Point"",""coordinates"":[1.22,6.130000000000001]}"
35_11,12,0.1388627290725708,PERSIANN_CDR,WA012,2002,"{""type"":""Point"",""coordinates"":[2.42,6.37]}"
35_12,12,6.396585376933217E-4,PERSIANN_CDR,WA013,2002,"{""type"":""Point"",""coordinates"":[8.52,12.05]}"
35_13,12,0.6071680784225464,PERSIANN_CDR,WA014,2002,"{""type"":""Point"",""coordinates"":[-1.62,6.69]}"
35_14,12,0.007541482802480459,PERSIANN_CDR,WA015,2002,"{""type"":""Point"",""coordinates"":[-16.680000000000003,13.45]}"
36_0,1,0.013556711375713348,PERSIANN_CDR,WA001,2003,"{""type"":""Point"",""coordinates"":[-17.470000000000002,14.73]}"
36_1,1,0.0,PERSIANN_CDR,WA002,2003,"{""type"":""Point"",""coordinates"":[-7.949999999999998,12.65]}"
36_2,1,1.3409390521701425E-4,PERSIANN_CDR,WA003,2003,"{""type"":""Point"",""coordinates"":[-1.5200000000000002,12.360000000000001]}"
36_3,1,0.0,PERSIANN_CDR,WA004,2003,"{""type"":""Point"",""coordinates"":[2.17,13.51]}"
36_4,1,0.22750593721866608,PERSIANN_CDR,WA005,2003,"{""type"":""Point"",""coordinates"":[7.33,9.07]}"
36_5,1,1.115561842918396,PERSIANN_CDR,WA006,2003,"{""type"":""Point"",""coordinates"":[-0.17,5.56]}"
36_6,1,0.6842976808547974,PERSIANN_CDR,WA007,2003,"{""type"":""Point"",""coordinates"":[-3.9299999999999997,5.349999999999999]}"
36_7,1,0.048456303775310516,PERSIANN_CDR,WA008,2003,"{""type"":""Point"",""coordinates"":[-13.67,9.53]}"
36_8,1,0.15562143921852112,PERSIANN_CDR,WA009,2003,"{""type"":""Point"",""coordinates"":[-13.230000000000002,8.489999999999998]}"
36_9,1,0.49495938420295715,PERSIANN_CDR,WA010,2003,"{""type"":""Point"",""coordinates"":[-10.799999999999999,6.3]}"
36_10,1,0.9578787088394165,PERSIANN_CDR,WA011,2003,"{""type"":""Point"",""coordinates"":[1.22,6.130000000000001]}"
36_11,1,1.128631830215454,PERSIANN_CDR,WA012,2003,"{""type"":""Point"",""coordinates"":[2.42,6.37]}"
36_12,1,0.03502728044986725,PERSIANN_CDR,WA013,2003,"{""type"":""Point"",""coordinates"":[8.52,12.05]}"
36_13,1,0.6282004714012146,PERSIANN_CDR,WA014,2003,"{""type"":""Point"",""coordinates"":[-1.62,6.69]}"
36_14,1,0.004217478446662426,PERSIANN_CDR,WA015,2003,"{""type"":""Point"",""coordinates"":[-16.680000000000003,13.45]}"
37_0,2,0.019778437912464142,PERSIANN_CDR,WA001,2003,"{""type"":""Point"",""coordinates"":[-17.470000000000002,14.73]}"
37_1,2,0.06682156026363373,PERSIANN_CDR,WA002,2003,"{""type"":""Point"",""coordinates"":[-7.949999999999998,12.65]}"
37_2,2,0.0849556252360344,PERSIANN_CDR,WA003,2003,"{""type"":""Point"",""coordinates"":[-1.5200000000000002,12.360000000000001]}"
37_3,2,0.00421568937599659,PERSIANN_CDR,WA004,2003,"{""type"":""Point"",""coordinates"":[2.17,13.51]}"
37_4,2,0.3144705295562744,PERSIANN_CDR,WA005,2003,"{""type"":""Point"",""coordinates"":[7.33,9.07]}"
37_5,2,1.8269554376602173,PERSIANN_CDR,WA006,2003,"{""type"":""Point"",""coordinates"":[-0.17,5.56]}"
37_6,2,1.5127832889556885,PERSIANN_CDR,WA007,2003,"{""type"":""Point"",""coordinates"":[-3.9299999999999997,5.349999999999999]}"
37_7,2,0.041793275624513626,PERSIANN_CDR,WA008,2003,"{""type"":""Point"",""coordinates"":[-13.67,9.53]}"
37_8,2,0.15527871251106262,PERSIANN_CDR,WA009,2003,"{""type"":""Point"",""coordinates"":[-13.230000000000002,8.489999999999998]}"
37_9,2,1.6420087814331055,PERSIANN_CDR,WA010,2003,"{""type"":""Point"",""coordinates"":[-10.799999999999999,6.3]}"
37_10,2,1.474616527557373,PERSIANN_CDR,WA011,2003,"{""type"":""Point"",""coordinates"":[1.22,6.130000000000001]}"
37_11,2,1.2489135265350342,PERSIANN_CDR,WA012,2003,"{""type"":""Point"",""coordinates"":[2.42,6.37]}"
37_12,2,0.02379869669675827,PERSIANN_CDR,WA013,2003,"{""type"":""Point"",""coordinates"":[8.52,12.05]}"
37_13,2,2.0900590419769287,PERSIANN_CDR,WA014,2003,"{""type"":""Point"",""coordinates"":[-1.62,6.69]}"
37_14,2,6.402362487278879E-4,PERSIANN_CDR,WA015,2003,"{""type"":""Point"",""coordinates"":[-16.680000000000003,13.45]}"
38_0,3,0.008223538286983967,PERSIANN_CDR,WA001,2003,"{""type"":""Point"",""coordinates"":[-17.470000000000002,14.73]}"
38_1,3,0.007753374055027962,PERSIANN_CDR,WA002,2003,"{""type"":""Point"",""coordinates"":[-7.949999999999998,12.65]}"
38_2,3,0.48555999994277954,PERSIANN_CDR,WA003,2003,"{""type"":""Point"",""coordinates"":[-1.5200000000000002,12.360000000000001]}"
38_3,3,0.06691180169582367,PERSIANN_CDR,WA004,2003,"{""type"":""Point"",""coordinates"":[2.17,13.51]}"
38_4,3,0.3826805055141449,PERSIANN_CDR,WA005,2003,"{""type"":""Point"",""coordinates"":[7.33,9.07]}"
38_5,3,2.3882899284362793,PERSIANN_CDR,WA006,2003,"{""type"":""Point"",""coordinates"":[-0.17,5.56]}"
38_6,3,3.8956120014190674,PERSIANN_CDR,WA007,2003,"{""type"":""Point"",""coordinates"":[-3.9299999999999997,5.349999999999999]}"
38_7,3,0.07492677867412567,PERSIANN_CDR,WA008,2003,"{""type"":""Point"",""coordinates"":[-13.67,9.53]}"
38_8,3,0.14298737049102783,PERSIANN_CDR,WA009,2003,"{""type"":""Point"",""coordinates"":[-13.230000000000002,8.489999999999998]}"
38_9,3,1.811953067779541,PERSIANN_CDR,WA010,2003,"{""type"":""Point"",""coordinates"":[-10.799999999999999,6.3]}"
38_10,3,1.846625566482544,PERSIANN_CDR,WA011,2003,"{""type"":""Point"",""coordinates"":[1.22,6.130000000000001]}"
38_11,3,1.380105972290039,PERSIANN_CDR,WA012,2003,"{""type"":""Point"",""coordinates"":[2.42,6.37]}"
38_12,3,0.009595035575330257,PERSIANN_CDR,WA013,2003,"{""type"":""Point"",""coordinates"":[8.52,12.05]}"
38_13,3,2.889313220977783,PERSIANN_CDR,WA014,2003,"{""type"":""Point"",""coordinates"":[-1.62,6.69]}"
38_14,3,5.90540177654475E-4,PERSIANN_CDR,WA015,2003,"{""type"":""Point"",""coordinates"":[-16.680000000000003,13.45]}"
39_0,4,0.0057859658263623714,PERSIANN_CDR,WA001,2003,"{""type"":""Point"",""coordinates"":[-17.470000000000002,14.73]}"
39_1,4,0.8121628761291504,PERSIANN_CDR,WA002,2003,"{""type"":""Point"",""coordinates"":[-7.949999999999998,12.65]}"
39_2,4,0.8944639563560486,PERSIANN_CDR,WA003,2003,"{""type"":""Point"",""coordinates"":[-1.5200000000000002,12.360000000000001]}"
39_3,4,0.23356112837791443,PERSIANN_CDR,WA004,2003,"{""type"":""Point"",""coordinates"":[2.17,13.51]}"
39_4,4,2.6368911266326904,PERSIANN_CDR,WA005,2003,"{""type"":""Point"",""coordinates"":[7.33,9.07]}"
39_5,4,6.586933135986328,PERSIANN_CDR,WA006,2003,"{""type"":""Point"",""coordinates"":[-0.17,5.56]}"
39_6,4,7.392993450164795,PERSIANN_CDR,WA007,2003,"{""type"":""Point"",""coordinates"":[-3.9299999999999997,5.349999999999999]}"
39_7,4,1.2032147645950317,PERSIANN_CDR,WA008,2003,"{""type"":""Point"",""coordinates"":[-13.67,9.53]}"
39_8,4,1.6841894388198853,PERSIANN_CDR,WA009,2003,"{""type"":""Point"",""coordinates"":[-13.230000000000002,8.489999999999998]}"
39_9,4,7.46255350112915,PERSIANN_CDR,WA010,2003,"{""type"":""Point"",""coordinates"":[-10.799999999999999,6.3]}"
39_10,4,6.0934295654296875,PERSIANN_CDR,WA011,2003,"{""type"":""Point"",""coordinates"":[1.22,6.130000000000001]}"
39_11,4,5.431307792663574,PERSIANN_CDR,WA012,2003,"{""type"":""Point"",""coordinates"":[2.42,6.37]}"
39_12,4,0.9760677814483643,PERSIANN_CDR,WA013,2003,"{""type"":""Point"",""coordinates"":[8.52,12.05]}"
39_13,4,5.652973651885986,PERSIANN_CDR,WA014,2003,"{""type"":""Point"",""coordinates"":[-1.62,6.69]}"
39_14,4,0.021194633096456528,PERSIANN_CDR,WA015,2003,"{""type"":""Point"",""coordinates"":[-16.680000000000003,13.45]}"
40_0,5,0.021908389404416084,PERSIANN_CDR,WA001,2003,"{""type"":""Point"",""coordinates"":[-17.470000000000002,14.73]}"
40_1,5,1.4926676750183105,PERSIANN_CDR,WA002,2003,"{""type"":""Point"",""coordinates"":[-7.949999999999998,12.65]}"
40_2,5,1.9996726512908936,PERSIANN_CDR,WA003,2003,"{""type"":""Point"",""coordinates"":[-1.5200000000000002,12.360000000000001]}"
40_3,5,1.0180535316467285,PERSIANN_CDR,WA004,2003,"{""type"":""Point"",""coordinates"":[2.17,13.51]}"
40_4,5,4.176931858062744,PERSIANN_CDR,WA005,2003,"{""type"":""Point"",""coordinates"":[7.33,9.07]}"
40_5,5,4.316740036010742,PERSIANN_CDR,WA006,2003,"{""type"":""Point"",""coordinates"":[-0.17,5.56]}"
40_6,5,5.744625568389893,PERSIANN_CDR,WA007,2003,"{""type"":""Point"",""coordinates"":[-3.9299999999999997,5.349999999999999]}"
40_7,5,2.5281848907470703,PERSIANN_CDR,WA008,2003,"{""type"":""Point"",""coordinates"":[-13.67,9.53]}"
40_8,5,5.200577259063721,PERSIANN_CDR,WA009,2003,"{""type"":""Point"",""coordinates"":[-13.230000000000002,8.489999999999998]}"
40_9,5,8.431467056274414,PERSIANN_CDR,WA010,2003,"{""type"":""Point"",""coordinates"":[-10.799999999999999,6.3]}"
40_10,5,3.1391634941101074,PERSIANN_CDR,WA011,2003,"{""type"":""Point"",""coordinates"":[1.22,6.130000000000001]}"
40_11,5,3.706650495529175,PERSIANN_CDR,WA012,2003,"{""type"":""Point"",""coordinates"":[2.42,6.37]}"
40_12,5,1.6261743307113647,PERSIANN_CDR,WA013,2003,"{""type"":""Point"",""coordinates"":[8.52,12.05]}"
40_13,5,5.238182067871094,PERSIANN_CDR,WA014,2003,"{""type"":""Point"",""coordinates"":[-1.62,6.69]}"
40_14,5,0.01778675615787506,PERSIANN_CDR,WA015,2003,"{""type"":""Point"",""coordinates"":[-16.680000000000003,13.45]}"
41_0,6,0.6620244383811951,PERSIANN_CDR,WA001,2003,"{""type"":""Point"",""coordinates"":[-17.470000000000002,14.73]}"
41_1,6,6.6115217208862305,PERSIANN_CDR,WA002,2003,"{""type"":""Point"",""coordinates"":[-7.949999999999998,12.65]}"
41_2,6,5.4291558265686035,PERSIANN_CDR,WA003,2003,"{""type"":""Point"",""coordinates"":[-1.5200000000000002,12.360000000000001]}"
41_3,6,3.713193655014038,PERSIANN_CDR,WA004,2003,"{""type"":""Point"",""coordinates"":[2.17,13.51]}"
41_4,6,7.629684925079346,PERSIANN_CDR,WA005,2003,"{""type"":""Point"",""coordinates"":[7.33,9.07]}"
41_5,6,7.470188140869141,PERSIANN_CDR,WA006,2003,"{""type"":""Point"",""coordinates"":[-0.17,5.56]}"
41_6,6,10.496463775634766,PERSIANN_CDR,WA007,2003,"{""type"":""Point"",""coordinates"":[-3.9299999999999997,5.349999999999999]}"
41_7,6,13.552385330200195,PERSIANN_CDR,WA008,2003,"{""type"":""Point"",""coordinates"":[-13.67,9.53]}"
41_8,6,16.500696182250977,PERSIANN_CDR,WA009,2003,"{""type"":""Point"",""coordinates"":[-13.230000000000002,8.489999999999998]}"
41_9,6,15.511801719665527,PERSIANN_CDR,WA010,2003,"{""type"":""Point"",""coordinates"":[-10.799999999999999,6.3]}"
41_10,6,7.228628158569336,PERSIANN_CDR,WA011,2003,"{""type"":""Point"",""coordinates"":[1.22,6.130000000000001]}"
41_11,6,9.245899200439453,PERSIANN_CDR,WA012,2003,"{""type"":""Point"",""coordinates"":[2.42,6.37]}"
41_12,6,4.974074840545654,PERSIANN_CDR,WA013,2003,"{""type"":""Point"",""coordinates"":[8.52,12.05]}"
41_13,6,7.163360118865967,PERSIANN_CDR,WA014,2003,"{""type"":""Point"",""coordinates"":[-1.62,6.69]}"
41_14,6,2.42356014251709,PERSIANN_CDR,WA015,2003,"{""type"":""Point"",""coordinates"":[-16.680000000000003,13.45]}"
42_0,7,3.98772931098938,PERSIANN_CDR,WA001,2003,"{""type"":""Point"",""coordinates"":[-17.470000000000002,14.73]}"
42_1,7,9.256141662597656,PERSIANN_CDR,WA002,2003,"{""type"":""Point"",""coordinates"":[-7.949999999999998,12.65]}"
42_2,7,6.558236122131348,PERSIANN_CDR,WA003,2003,"{""type"":""Point"",""coordinates"":[-1.5200000000000002,12.360000000000001]}"
42_3,7,3.8234004974365234,PERSIANN_CDR,WA004,2003,"{""type"":""Point"",""coordinates"":[2.17,13.51]}"
42_4,7,5.834880352020264,PERSIANN_CDR,WA005,2003,"{""type"":""Point"",""coordinates"":[7.33,9.07]}"
42_5,7,1.337644100189209,PERSIANN_CDR,WA006,2003,"{""type"":""Point"",""coordinates"":[-0.17,5.56]}"
42_6,7,1.2722594738006592,PERSIANN_CDR,WA007,2003,"{""type"":""Point"",""coordinates"":[-3.9299999999999997,5.349999999999999]}"
42_7,7,17.704055786132812,PERSIANN_CDR,WA008,2003,"{""type"":""Point"",""coordinates"":[-13.67,9.53]}"
42_8,7,16.998470306396484,PERSIANN_CDR,WA009,2003,"{""type"":""Point"",""coordinates"":[-13.230000000000002,8.489999999999998]}"
42_9,7,6.977243900299072,PERSIANN_CDR,WA010,2003,"{""type"":""Point"",""coordinates"":[-10.799999999999999,6.3]}"
42_10,7,2.8297781944274902,PERSIANN_CDR,WA011,2003,"{""type"":""Point"",""coordinates"":[1.22,6.130000000000001]}"
42_11,7,2.7745025157928467,PERSIANN_CDR,WA012,2003,"{""type"":""Point"",""coordinates"":[2.42,6.37]}"
42_12,7,6.499471664428711,PERSIANN_CDR,WA013,2003,"{""type"":""Point"",""coordinates"":[8.52,12.05]}"
42_13,7,2.2318310737609863,PERSIANN_CDR,WA014,2003,"{""type"":""Point"",""coordinates"":[-1.62,6.69]}"
42_14,7,8.224127769470215,PERSIANN_CDR,WA015,2003,"{""type"":""Point"",""coordinates"":[-16.680000000000003,13.45]}"
43_0,8,3.726638078689575,PERSIANN_CDR,WA001,2003,"{""type"":""Point"",""coordinates"":[-17.470000000000002,14.73]}"
43_1,8,9.837028503417969,PERSIANN_CDR,WA002,2003,"{""type"":""Point"",""coordinates"":[-7.949999999999998,12.65]}"
43_2,8,11.196045875549316,PERSIANN_CDR,WA003,2003,"{""type"":""Point"",""coordinates"":[-1.5200000000000002,12.360000000000001]}"
43_3,8,6.990764617919922,PERSIANN_CDR,WA004,2003,"{""type"":""Point"",""coordinates"":[2.17,13.51]}"
43_4,8,9.311832427978516,PERSIANN_CDR,WA005,2003,"{""type"":""Point"",""coordinates"":[7.33,9.07]}"
43_5,8,1.206254482269287,PERSIANN_CDR,WA006,2003,"{""type"":""Point"",""coordinates"":[-0.17,5.56]}"
43_6,8,0.8090283274650574,PERSIANN_CDR,WA007,2003,"{""type"":""Point"",""coordinates"":[-3.9299999999999997,5.349999999999999]}"
43_7,8,19.71111297607422,PERSIANN_CDR,WA008,2003,"{""type"":""Point"",""coordinates"":[-13.67,9.53]}"
43_8,8,17.488554000854492,PERSIANN_CDR,WA009,2003,"{""type"":""Point"",""coordinates"":[-13.230000000000002,8.489999999999998]}"
43_9,8,6.346485137939453,PERSIANN_CDR,WA010,2003,"{""type"":""Point"",""coordinates"":[-10.799999999999999,6.3]}"
43_10,8,1.5458430051803589,PERSIANN_CDR,WA011,2003,"{""type"":""Point"",""coordinates"":[1.22,6.130000000000001]}"
43_11,8,1.4366110563278198,PERSIANN_CDR,WA012,2003,"{""type"":""Point"",""coordinates"":[2.42,6.37]}"
43_12,8,10.811301231384277,PERSIANN_CDR,WA013,2003,"{""type"":""Point"",""coordinates"":[8.52,12.05]}"
43_13,8,1.856217861175537,PERSIANN_CDR,WA014,2003,"{""type"":""Point"",""coordinates"":[-1.62,6.69]}"
43_14,8,11.856881141662598,PERSIANN_CDR,WA015,2003,"{""type"":""Point"",""coordinates"":[-16.680000000000003,13.45]}"
44_0,9,5.708518981933594,PERSIANN_CDR,WA001,2003,"{""type"":""Point"",""coordinates"":[-17.470000000000002,14.73]}"
44_1,9,7.9631571769714355,PERSIANN_CDR,WA002,2003,"{""type"":""Point"",""coordinates"":[-7.949999999999998,12.65]}"
44_2,9,5.757653713226318,PERSIANN_CDR,WA003,2003,"{""type"":""Point"",""coordinates"":[-1.5200000000000002,12.360000000000001]}"
44_3,9,3.8232784271240234,PERSIANN_CDR,WA004,2003,"{""type"":""Point"",""coordinates"":[2.17,13.51]}"
44_4,9,8.634724617004395,PERSIANN_CDR,WA005,2003,"{""type"":""Point"",""coordinates"":[7.33,9.07]}"
44_5,9,2.950044631958008,PERSIANN_CDR,WA006,2003,"{""type"":""Point"",""coordinates"":[-0.17,5.56]}"
44_6,9,4.733921527862549,PERSIANN_CDR,WA007,2003,"{""type"":""Point"",""coordinates"":[-3.9299999999999997,5.349999999999999]}"
44_7,9,18.19565200805664,PERSIANN_CDR,WA008,2003,"{""type"":""Point"",""coordinates"":[-13.67,9.53]}"
44_8,9,17.428842544555664,PERSIANN_CDR,WA009,2003,"{""type"":""Point"",""coordinates"":[-13.230000000000002,8.489999999999998]}"
44_9,9,15.976356506347656,PERSIANN_CDR,WA010,2003,"{""type"":""Point"",""coordinates"":[-10.799999999999999,6.3]}"
44_10,9,4.600440502166748,PERSIANN_CDR,WA011,2003,"{""type"":""Point"",""coordinates"":[1.22,6.130000000000001]}"
44_11,9,5.971549034118652,PERSIANN_CDR,WA012,2003,"{""type"":""Point"",""coordinates"":[2.42,6.37]}"
44_12,9,4.821599006652832,PERSIANN_CDR,WA013,2003,"{""type"":""Point"",""coordinates"":[8.52,12.05]}"
44_13,9,5.93780517578125,PERSIANN_CDR,WA014,2003,"{""type"":""Point"",""coordinates"":[-1.62,6.69]}"
44_14,9,8.128388404846191,PERSIANN_CDR,WA015,2003,"{""type"":""Point"",""coordinates"":[-16.680000000000003,13.45]}"
45_0,10,1.4173297882080078,PERSIANN_CDR,WA001,2003,"{""type"":""Point"",""coordinates"":[-17.470000000000002,14.73]}"
45_1,10,1.8195414543151855,PERSIANN_CDR,WA002,2003,"{""type"":""Point"",""coordinates"":[-7.949999999999998,12.65]}"
45_2,10,1.45265531539917,PERSIANN_CDR,WA003,2003,"{""type"":""Point"",""coordinates"":[-1.5200000000000002,12.360000000000001]}"
45_3,10,0.3955397307872772,PERSIANN_CDR,WA004,2003,"{""type"":""Point"",""coordinates"":[2.17,13.51]}"
45_4,10,4.490983009338379,PERSIANN_CDR,WA005,2003,"{""type"":""Point"",""coordinates"":[7.33,9.07]}"
45_5,10,5.316507816314697,PERSIANN_CDR,WA006,2003,"{""type"":""Point"",""coordinates"":[-0.17,5.56]}"
45_6,10,8.280961990356445,PERSIANN_CDR,WA007,2003,"{""type"":""Point"",""coordinates"":[-3.9299999999999997,5.349999999999999]}"
45_7,10,9.955575942993164,PERSIANN_CDR,WA008,2003,"{""type"":""Point"",""coordinates"":[-13.67,9.53]}"
45_8,10,10.025999069213867,PERSIANN_CDR,WA009,2003,"{""type"":""Point"",""coordinates"":[-13.230000000000002,8.489999999999998]}"
45_9,10,11.267428398132324,PERSIANN_CDR,WA010,2003,"{""type"":""Point"",""coordinates"":[-10.799999999999999,6.3]}"
45_10,10,5.137648582458496,PERSIANN_CDR,WA011,2003,"{""type"":""Point"",""coordinates"":[1.22,6.130000000000001]}"
45_11,10,5.50814151763916,PERSIANN_CDR,WA012,2003,"{""type"":""Point"",""coordinates"":[2.42,6.37]}"
45_12,10,0.8640910387039185,PERSIANN_CDR,WA013,2003,"{""type"":""Point"",""coordinates"":[8.52,12.05]}"
45_13,10,8.25789737701416,PERSIANN_CDR,WA014,2003,"{""type"":""Point"",""coordinates"":[-1.62,6.69]}"
45_14,10,3.3934803009033203,PERSIANN_CDR,WA015,2003,"{""type"":""Point"",""coordinates"":[-16.680000000000003,13.45]}"
46_0,11,0.021151406690478325,PERSIANN_CDR,WA001,2003,"{""type"":""Point"",""coordinates"":[-17.470000000000002,14.73]}"
46_1,11,0.4037354588508606,PERSIANN_CDR,WA002,2003,"{""type"":""Point"",""coordinates"":[-7.949999999999998,12.65]}"
46_2,11,0.06300614774227142,PERSIANN_CDR,WA003,2003,"{""type"":""Point"",""coordinates"":[-1.5200000000000002,12.360000000000001]}"
46_3,11,3.7935812724754214E-4,PERSIANN_CDR,WA004,2003,"{""type"":""Point"",""coordinates"":[2.17,13.51]}"
46_4,11,0.401965856552124,PERSIANN_CDR,WA005,2003,"{""type"":""Point"",""coordinates"":[7.33,9.07]}"
46_5,11,2.8073973655700684,PERSIANN_CDR,WA006,2003,"{""type"":""Point"",""coordinates"":[-0.17,5.56]}"
46_6,11,4.746773719787598,PERSIANN_CDR,WA007,2003,"{""type"":""Point"",""coordinates"":[-3.9299999999999997,5.349999999999999]}"
46_7,11,5.629738807678223,PERSIANN_CDR,WA008,2003,"{""type"":""Point"",""coordinates"":[-13.67,9.53]}"
46_8,11,7.579320907592773,PERSIANN_CDR,WA009,2003,"{""type"":""Point"",""coordinates"":[-13.230000000000002,8.489999999999998]}"
46_9,11,9.414238929748535,PERSIANN_CDR,WA010,2003,"{""type"":""Point"",""coordinates"":[-10.799999999999999,6.3]}"
46_10,11,2.3263888359069824,PERSIANN_CDR,WA011,2003,"{""type"":""Point"",""coordinates"":[1.22,6.130000000000001]}"
46_11,11,1.939929485321045,PERSIANN_CDR,WA012,2003,"{""type"":""Point"",""coordinates"":[2.42,6.37]}"
46_12,11,0.0037375425454229116,PERSIANN_CDR,WA013,2003,"{""type"":""Point"",""coordinates"":[8.52,12.05]}"
46_13,11,4.194304466247559,PERSIANN_CDR,WA014,2003,"{""type"":""Point"",""coordinates"":[-1.62,6.69]}"
46_14,11,0.08620002120733261,PERSIANN_CDR,WA015,2003,"{""type"":""Point"",""coordinates"":[-16.680000000000003,13.45]}"
47_0,12,0.015803296118974686,PERSIANN_CDR,WA001,2003,"{""type"":""Point"",""coordinates"":[-17.470000000000002,14.73]}"
47_1,12,0.0,PERSIANN_CDR,WA002,2003,"{""type"":""Point"",""coordinates"":[-7.949999999999998,12.65]}"
47_2,12,1.0186120925936848E-4,PERSIANN_CDR,WA003,2003,"{""type"":""Point"",""coordinates"":[-1.5200000000000002,12.360000000000001]}"
47_3,12,0.0,PERSIANN_CDR,WA004,2003,"{""type"":""Point"",""coordinates"":[2.17,13.51]}"
47_4,12,0.0014862201642245054,PERSIANN_CDR,WA005,2003,"{""type"":""Point"",""coordinates"":[7.33,9.07]}"
47_5,12,1.1787630319595337,PERSIANN_CDR,WA006,2003,"{""type"":""Point"",""coordinates"":[-0.17,5.56]}"
47_6,12,2.1196846961975098,PERSIANN_CDR,WA007,2003,"{""type"":""Point"",""coordinates"":[-3.9299999999999997,5.349999999999999]}"
47_7,12,0.0488731823861599,PERSIANN_CDR,WA008,2003,"{""type"":""Point"",""coordinates"":[-13.67,9.53]}"
47_8,12,0.2868838906288147,PERSIANN_CDR,WA009,2003,"{""type"":""Point"",""coordinates"":[-13.230000000000002,8.489999999999998]}"
47_9,12,0.7428150773048401,PERSIANN_CDR,WA010,2003,"{""type"":""Point"",""coordinates"":[-10.799999999999999,6.3]}"
47_10,12,0.6292591691017151,PERSIANN_CDR,WA011,2003,"{""type"":""Point"",""coordinates"":[1.22,6.130000000000001]}"
47_11,12,0.350565642118454,PERSIANN_CDR,WA012,2003,"{""type"":""Point"",""coordinates"":[2.42,6.37]}"
47_12,12,8.798030903562903E-4,PERSIANN_CDR,WA013,2003,"{""type"":""Point"",""coordinates"":[8.52,12.05]}"
47_13,12,0.9725541472434998,PERSIANN_CDR,WA014,2003,"{""type"":""Point"",""coordinates"":[-1.62,6.69]}"
47_14,12,5.053337663412094E-4,PERSIANN_CDR,WA015,2003,"{""type"":""Point"",""coordinates"":[-16.680000000000003,13.45]}"
48_0,1,0.003479092149063945,PERSIANN_CDR,WA001,2004,"{""type"":""Point"",""coordinates"":[-17.470000000000002,14.73]}"
48_1,1,0.0,PERSIANN_CDR,WA002,2004,"{""type"":""Point"",""coordinates"":[-7.949999999999998,12.65]}"
48_2,1,0.02299950271844864,PERSIANN_CDR,WA003,2004,"{""type"":""Point"",""coordinates"":[-1.5200000000000002,12.360000000000001]}"
48_3,1,0.01858239434659481,PERSIANN_CDR,WA004,2004,"{""type"":""Point"",""coordinates"":[2.17,13.51]}"
48_4,1,0.26536938548088074,PERSIANN_CDR,WA005,2004,"{""type"":""Point"",""coordinates"":[7.33,9.07]}"
48_5,1,1.5653711557388306,PERSIANN_CDR,WA006,2004,"{""type"":""Point"",""coordinates"":[-0.17,5.56]}"
48_6,1,1.2888925075531006,PERSIANN_CDR,WA007,2004,"{""type"":""Point"",""coordinates"":[-3.9299999999999997,5.349999999999999]}"
48_7,1,0.0244059506803751,PERSIANN_CDR,WA008,2004,"{""type"":""Point"",""coordinates"":[-13.67,9.53]}"
48_8,1,0.13219177722930908,PERSIANN_CDR,WA009,2004,"{""type"":""Point"",""coordinates"":[-13.230000000000002,8.489999999999998]}"
48_9,1,0.3758801221847534,PERSIANN_CDR,WA010,2004,"{""type"":""Point"",""coordinates"":[-10.799999999999999,6.3]}"
48_10,1,1.2222613096237183,PERSIANN_CDR,WA011,2004,"{""type"":""Point"",""coordinates"":[1.22,6.130000000000001]}"
48_11,1,1.7166941165924072,PERSIANN_CDR,WA012,2004,"{""type"":""Point"",""coordinates"":[2.42,6.37]}"
48_12,1,0.11182752251625061,PERSIANN_CDR,WA013,2004,"{""type"":""Point"",""coordinates"":[8.52,12.05]}"
48_13,1,0.9444543123245239,PERSIANN_CDR,WA014,2004,"{""type"":""Point"",""coordinates"":[-1.62,6.69]}"
48_14,1,0.009058691561222076,PERSIANN_CDR,WA015,2004,"{""type"":""Point"",""coordinates"":[-16.680000000000003,13.45]}"
49_0,2,0.0038192057982087135,PERSIANN_CDR,WA001,2004,"{""type"":""Point"",""coordinates"":[-17.470000000000002,14.73]}"
49_1,2,0.0421154610812664,PERSIANN_CDR,WA002,2004,"{""type"":""Point"",""coordinates"":[-7.949999999999998,12.65]}"
49_2,2,0.02984502911567688,PERSIANN_CDR,WA003,2004,"{""type"":""Point"",""coordinates"":[-1.5200000000000002,12.360000000000001]}"
49_3,2,0.0,PERSIANN_CDR,WA004,2004,"{""type"":""Point"",""coordinates"":[2.17,13.51]}"
49_4,2,0.02222924493253231,PERSIANN_CDR,WA005,2004,"{""type"":""Point"",""coordinates"":[7.33,9.07]}"
49_5,2,2.1762561798095703,PERSIANN_CDR,WA006,2004,"{""type"":""Point"",""coordinates"":[-0.17,5.56]}"
49_6,2,2.346431255340576,PERSIANN_CDR,WA007,2004,"{""type"":""Point"",""coordinates"":[-3.9299999999999997,5.349999999999999]}"
49_7,2,0.06188206747174263,PERSIANN_CDR,WA008,2004,"{""type"":""Point"",""coordinates"":[-13.67,9.53]}"
49_8,2,0.18266068398952484,PERSIANN_CDR,WA009,2004,"{""type"":""Point"",""coordinates"":[-13.230000000000002,8.489999999999998]}"
49_9,2,1.1458832025527954,PERSIANN_CDR,WA010,2004,"{""type"":""Point"",""coordinates"":[-10.799999999999999,6.3]}"
49_10,2,1.5581755638122559,PERSIANN_CDR,WA011,2004,"{""type"":""Point"",""coordinates"":[1.22,6.130000000000001]}"
49_11,2,1.020006775856018,PERSIANN_CDR,WA012,2004,"{""type"":""Point"",""coordinates"":[2.42,6.37]}"
49_12,2,0.003572008339688182,PERSIANN_CDR,WA013,2004,"{""type"":""Point"",""coordinates"":[8.52,12.05]}"
49_13,2,2.467099666595459,PERSIANN_CDR,WA014,2004,"{""type"":""Point"",""coordinates"":[-1.62,6.69]}"
49_14,2,0.0028644625563174486,PERSIANN_CDR,WA015,2004,"{""type"":""Point"",""coordinates"":[-16.680000000000003,13.45]}"
50_0,3,3.708784352056682E-4,PERSIANN_CDR,WA001,2004,"{""type"":""Point"",""coordinates"":[-17.470000000000002,14.73]}"
50_1,3,0.03237646445631981,PERSIANN_CDR,WA002,2004,"{""type"":""Point"",""coordinates"":[-7.949999999999998,12.65]}"
50_2,3,0.1373991221189499,PERSIANN_CDR,WA003,2004,"{""type"":""Point"",""coordinates"":[-1.5200000000000002,12.360000000000001]}"
50_3,3,0.003677387721836567,PERSIANN_CDR,WA004,2004,"{""type"":""Point"",""coordinates"":[2.17,13.51]}"
50_4,3,0.22666186094284058,PERSIANN_CDR,WA005,2004,"{""type"":""Point"",""coordinates"":[7.33,9.07]}"
50_5,3,3.173912763595581,PERSIANN_CDR,WA006,2004,"{""type"":""Point"",""coordinates"":[-0.17,5.56]}"
50_6,3,3.286996603012085,PERSIANN_CDR,WA007,2004,"{""type"":""Point"",""coordinates"":[-3.9299999999999997,5.349999999999999]}"
50_7,3,0.07875716686248779,PERSIANN_CDR,WA008,2004,"{""type"":""Point"",""coordinates"":[-13.67,9.53]}"
50_8,3,0.30589985847473145,PERSIANN_CDR,WA009,2004,"{""type"":""Point"",""coordinates"":[-13.230000000000002,8.489999999999998]}"
50_9,3,1.943221926689148,PERSIANN_CDR,WA010,2004,"{""type"":""Point"",""coordinates"":[-10.799999999999999,6.3]}"
50_10,3,2.2280728816986084,PERSIANN_CDR,WA011,2004,"{""type"":""Point"",""coordinates"":[1.22,6.130000000000001]}"
50_11,3,1.729813575744629,PERSIANN_CDR,WA012,2004,"{""type"":""Point"",""coordinates"":[2.42,6.37]}"
50_12,3,0.03512778878211975,PERSIANN_CDR,WA013,2004,"{""type"":""Point"",""coordinates"":[8.52,12.05]}"
50_13,3,2.9761087894439697,PERSIANN_CDR,WA014,2004,"{""type"":""Point"",""coordinates"":[-1.62,6.69]}"
50_14,3,0.0011179696302860975,PERSIANN_CDR,WA015,2004,"{""type"":""Point"",""coordinates"":[-16.680000000000003,13.45]}"
51_0,4,0.02479136735200882,PERSIANN_CDR,WA001,2004,"{""type"":""Point"",""coordinates"":[-17.470000000000002,14.73]}"
51_1,4,0.9093055129051208,PERSIANN_CDR,WA002,2004,"{""type"":""Point"",""coordinates"":[-7.949999999999998,12.65]}"
51_2,4,1.485120177268982,PERSIANN_CDR,WA003,2004,"{""type"":""Point"",""coordinates"":[-1.5200000000000002,12.360000000000001]}"
51_3,4,0.43308010697364807,PERSIANN_CDR,WA004,2004,"{""type"":""Point"",""coordinates"":[2.17,13.51]}"
51_4,4,3.5736262798309326,PERSIANN_CDR,WA005,2004,"{""type"":""Point"",""coordinates"":[7.33,9.07]}"
51_5,4,3.3708479404449463,PERSIANN_CDR,WA006,2004,"{""type"":""Point"",""coordinates"":[-0.17,5.56]}"
51_6,4,4.823949337005615,PERSIANN_CDR,WA007,2004,"{""type"":""Point"",""coordinates"":[-3.9299999999999997,5.349999999999999]}"
51_7,4,0.7765126824378967,PERSIANN_CDR,WA008,2004,"{""type"":""Point"",""coordinates"":[-13.67,9.53]}"
51_8,4,1.6608352661132812,PERSIANN_CDR,WA009,2004,"{""type"":""Point"",""coordinates"":[-13.230000000000002,8.489999999999998]}"
51_9,4,5.316217422485352,PERSIANN_CDR,WA010,2004,"{""type"":""Point"",""coordinates"":[-10.799999999999999,6.3]}"
51_10,4,3.111039161682129,PERSIANN_CDR,WA011,2004,"{""type"":""Point"",""coordinates"":[1.22,6.130000000000001]}"
51_11,4,2.855370283126831,PERSIANN_CDR,WA012,2004,"{""type"":""Point"",""coordinates"":[2.42,6.37]}"
51_12,4,0.316438227891922,PERSIANN_CDR,WA013,2004,"{""type"":""Point"",""coordinates"":[8.52,12.05]}"
51_13,4,3.82954478263855,PERSIANN_CDR,WA014,2004,"{""type"":""Point"",""coordinates"":[-1.62,6.69]}"
51_14,4,8.204975165426731E-4,PERSIANN_CDR,WA015,2004,"{""type"":""Point"",""coordinates"":[-16.680000000000003,13.45]}"
52_0,5,0.036916036158800125,PERSIANN_CDR,WA001,2004,"{""type"":""Point"",""coordinates"":[-17.470000000000002,14.73]}"
52_1,5,1.4610615968704224,PERSIANN_CDR,WA002,2004,"{""type"":""Point"",""coordinates"":[-7.949999999999998,12.65]}"
52_2,5,1.498266577720642,PERSIANN_CDR,WA003,2004,"{""type"":""Point"",""coordinates"":[-1.5200000000000002,12.360000000000001]}"
52_3,5,0.840327799320221,PERSIANN_CDR,WA004,2004,"{""type"":""Point"",""coordinates"":[2.17,13.51]}"
52_4,5,8.475719451904297,PERSIANN_CDR,WA005,2004,"{""type"":""Point"",""coordinates"":[7.33,9.07]}"
52_5,5,5.172726154327393,PERSIANN_CDR,WA006,2004,"{""type"":""Point"",""coordinates"":[-0.17,5.56]}"
52_6,5,5.925745487213135,PERSIANN_CDR,WA007,2004,"{""type"":""Point"",""coordinates"":[-3.9299999999999997,5.349999999999999]}"
52_7,5,2.957819938659668,PERSIANN_CDR,WA008,2004,"{""type"":""Point"",""coordinates"":[-13.67,9.53]}"
52_8,5,5.414456844329834,PERSIANN_CDR,WA009,2004,"{""type"":""Point"",""coordinates"":[-13.230000000000002,8.489999999999998]}"
52_9,5,6.806616306304932,PERSIANN_CDR,WA010,2004,"{""type"":""Point"",""coordinates"":[-10.799999999999999,6.3]}"
52_10,5,6.320666313171387,PERSIANN_CDR,WA011,2004,"{""type"":""Point"",""coordinates"":[1.22,6.130000000000001]}"
52_11,5,7.257965087890625,PERSIANN_CDR,WA012,2004,"{""type"":""Point"",""coordinates"":[2.42,6.37]}"
52_12,5,3.619135856628418,PERSIANN_CDR,WA013,2004,"{""type"":""Point"",""coordinates"":[8.52,12.05]}"
52_13,5,5.381569862365723,PERSIANN_CDR,WA014,2004,"{""type"":""Point"",""coordinates"":[-1.62,6.69]}"
52_14,5,0.16128119826316833,PERSIANN_CDR,WA015,2004,"{""type"":""Point"",""coordinates"":[-16.680000000000003,13.45]}"
53_0,6,0.31014761328697205,PERSIANN_CDR,WA001,2004,"{""type"":""Point"",""coordinates"":[-17.470000000000002,14.73]}"
53_1,6,6.581618785858154,PERSIANN_CDR,WA002,2004,"{""type"":""Point"",""coordinates"":[-7.949999999999998,12.65]}"
53_2,6,3.5908026695251465,PERSIANN_CDR,WA003,2004,"{""type"":""Point"",""coordinates"":[-1.5200000000000002,12.360000000000001]}"
53_3,6,2.3238372802734375,PERSIANN_CDR,WA004,2004,"{""type"":""Point"",""coordinates"":[2.17,13.51]}"
53_4,6,5.712124824523926,PERSIANN_CDR,WA005,2004,"{""type"":""Point"",""coordinates"":[7.33,9.07]}"
53_5,6,4.0365891456604,PERSIANN_CDR,WA006,2004,"{""type"":""Point"",""coordinates"":[-0.17,5.56]}"
53_6,6,4.7374467849731445,PERSIANN_CDR,WA007,2004,"{""type"":""Point"",""coordinates"":[-3.9299999999999997,5.349999999999999]}"
53_7,6,10.406535148620605,PERSIANN_CDR,WA008,2004,"{""type"":""Point"",""coordinates"":[-13.67,9.53]}"
53_8,6,12.051102638244629,PERSIANN_CDR,WA009,2004,"{""type"":""Point"",""coordinates"":[-13.230000000000002,8.489999999999998]}"
53_9,6,8.709845542907715,PERSIANN_CDR,WA010,2004,"{""type"":""Point"",""coordinates"":[-10.799999999999999,6.3]}"
53_10,6,4.1860151290893555,PERSIANN_CDR,WA011,2004,"{""type"":""Point"",""coordinates"":[1.22,6.130000000000001]}"
53_11,6,4.801538467407227,PERSIANN_CDR,WA012,2004,"{""type"":""Point"",""coordinates"":[2.42,6.37]}"
53_12,6,4.095066547393799,PERSIANN_CDR,WA013,2004,"{""type"":""Point"",""coordinates"":[8.52,12.05]}"
53_13,6,2.9433176517486572,PERSIANN_CDR,WA014,2004,"{""type"":""Point"",""coordinates"":[-1.62,6.69]}"
53_14,6,1.9078876972198486,PERSIANN_CDR,WA015,2004,"{""type"":""Point"",""coordinates"":[-16.680000000000003,13.45]}"
54_0,7,2.6382217407226562,PERSIANN_CDR,WA001,2004,"{""type"":""Point"",""coordinates"":[-17.470000000000002,14.73]}"
54_1,7,10.164889335632324,PERSIANN_CDR,WA002,2004,"{""type"":""Point"",""coordinates"":[-7.949999999999998,12.65]}"
54_2,7,7.296690940856934,PERSIANN_CDR,WA003,2004,"{""type"":""Point"",""coordinates"":[-1.5200000000000002,12.360000000000001]}"
54_3,7,4.3116841316223145,PERSIANN_CDR,WA004,2004,"{""type"":""Point"",""coordinates"":[2.17,13.51]}"
54_4,7,6.607774257659912,PERSIANN_CDR,WA005,2004,"{""type"":""Point"",""coordinates"":[7.33,9.07]}"
54_5,7,2.625858783721924,PERSIANN_CDR,WA006,2004,"{""type"":""Point"",""coordinates"":[-0.17,5.56]}"
54_6,7,2.121443510055542,PERSIANN_CDR,WA007,2004,"{""type"":""Point"",""coordinates"":[-3.9299999999999997,5.349999999999999]}"
54_7,7,16.305997848510742,PERSIANN_CDR,WA008,2004,"{""type"":""Point"",""coordinates"":[-13.67,9.53]}"
54_8,7,15.899147987365723,PERSIANN_CDR,WA009,2004,"{""type"":""Point"",""coordinates"":[-13.230000000000002,8.489999999999998]}"
54_9,7,7.055084228515625,PERSIANN_CDR,WA010,2004,"{""type"":""Point"",""coordinates"":[-10.799999999999999,6.3]}"
54_10,7,3.587740182876587,PERSIANN_CDR,WA011,2004,"{""type"":""Point"",""coordinates"":[1.22,6.130000000000001]}"
54_11,7,3.596874952316284,PERSIANN_CDR,WA012,2004,"{""type"":""Point"",""coordinates"":[2.42,6.37]}"
54_12,7,5.339312553405762,PERSIANN_CDR,WA013,2004,"{""type"":""Point"",""coordinates"":[8.52,12.05]}"
54_13,7,4.949701309204102,PERSIANN_CDR,WA014,2004,"{""type"":""Point"",""coordinates"":[-1.62,6.69]}"
54_14,7,7.7341108322143555,PERSIANN_CDR,WA015,2004,"{""type"":""Point"",""coordinates"":[-16.680000000000003,13.45]}"
55_0,8,6.389416694641113,PERSIANN_CDR,WA001,2004,"{""type"":""Point"",""coordinates"":[-17.470000000000002,14.73]}"
55_1,8,9.507607460021973,PERSIANN_CDR,WA002,2004,"{""type"":""Point"",""coordinates"":[-7.949999999999998,12.65]}"
55_2,8,6.681121349334717,PERSIANN_CDR,WA003,2004,"{""type"":""Point"",""coordinates"":[-1.5200000000000002,12.360000000000001]}"
55_3,8,4.155181407928467,PERSIANN_CDR,WA004,2004,"{""type"":""Point"",""coordinates"":[2.17,13.51]}"
55_4,8,9.854223251342773,PERSIANN_CDR,WA005,2004,"{""type"":""Point"",""coordinates"":[7.33,9.07]}"
55_5,8,1.287791132926941,PERSIANN_CDR,WA006,2004,"{""type"":""Point"",""coordinates"":[-0.17,5.56]}"
55_6,8,1.439797282218933,PERSIANN_CDR,WA007,2004,"{""type"":""Point"",""coordinates"":[-3.9299999999999997,5.349999999999999]}"
55_7,8,11.490080833435059,PERSIANN_CDR,WA008,2004,"{""type"":""Point"",""coordinates"":[-13.67,9.53]}"
55_8,8,12.11396312713623,PERSIANN_CDR,WA009,2004,"{""type"":""Point"",""coordinates"":[-13.230000000000002,8.489999999999998]}"
55_9,8,8.2980318069458,PERSIANN_CDR,WA010,2004,"{""type"":""Point"",""coordinates"":[-10.799999999999999,6.3]}"
55_10,8,2.6227402687072754,PERSIANN_CDR,WA011,2004,"{""type"":""Point"",""coordinates"":[1.22,6.130000000000001]}"
55_11,8,1.9488980770111084,PERSIANN_CDR,WA012,2004,"{""type"":""Point"",""coordinates"":[2.42,6.37]}"
55_12,8,9.331908226013184,PERSIANN_CDR,WA013,2004,"{""type"":""Point"",""coordinates"":[8.52,12.05]}"
55_13,8,3.9251203536987305,PERSIANN_CDR,WA014,2004,"{""type"":""Point"",""coordinates"":[-1.62,6.69]}"
55_14,8,9.636846542358398,PERSIANN_CDR,WA015,2004,"{""type"":""Point"",""coordinates"":[-16.680000000000003,13.45]}"
56_0,9,2.7623274326324463,PERSIANN_CDR,WA001,2004,"{""type"":""Point"",""coordinates"":[-17.470000000000002,14.73]}"
56_1,9,4.23215913772583,PERSIANN_CDR,WA002,2004,"{""type"":""Point"",""coordinates"":[-7.949999999999998,12.65]}"
56_2,9,3.6903886795043945,PERSIANN_CDR,WA003,2004,"{""type"":""Point"",""coordinates"":[-1.5200000000000002,12.360000000000001]}"
56_3,9,2.4093809127807617,PERSIANN_CDR,WA004,2004,"{""type"":""Point"",""coordinates"":[2.17,13.51]}"
56_4,9,7.848707675933838,PERSIANN_CDR,WA005,2004,"{""type"":""Point"",""coordinates"":[7.33,9.07]}"
56_5,9,6.98845100402832,PERSIANN_CDR,WA006,2004,"{""type"":""Point"",""coordinates"":[-0.17,5.56]}"
56_6,9,8.499195098876953,PERSIANN_CDR,WA007,2004,"{""type"":""Point"",""coordinates"":[-3.9299999999999997,5.349999999999999]}"
56_7,9,13.445548057556152,PERSIANN_CDR,WA008,2004,"{""type"":""Point"",""coordinates"":[-13.67,9.53]}"
56_8,9,12.919424057006836,PERSIANN_CDR,WA009,2004,"{""type"":""Point"",""coordinates"":[-13.230000000000002,8.489999999999998]}"
56_9,9,14.97358226776123,PERSIANN_CDR,WA010,2004,"{""type"":""Point"",""coordinates"":[-10.799999999999999,6.3]}"
56_10,9,8.106097221374512,PERSIANN_CDR,WA011,2004,"{""type"":""Point"",""coordinates"":[1.22,6.130000000000001]}"
56_11,9,9.511470794677734,PERSIANN_CDR,WA012,2004,"{""type"":""Point"",""coordinates"":[2.42,6.37]}"
56_12,9,3.1099209785461426,PERSIANN_CDR,WA013,2004,"{""type"":""Point"",""coordinates"":[8.52,12.05]}"
56_13,9,8.889293670654297,PERSIANN_CDR,WA014,2004,"{""type"":""Point"",""coordinates"":[-1.62,6.69]}"
56_14,9,5.676387786865234,PERSIANN_CDR,WA015,2004,"{""type"":""Point"",""coordinates"":[-16.680000000000003,13.45]}"
57_0,10,0.2563905119895935,PERSIANN_CDR,WA001,2004,"{""type"":""Point"",""coordinates"":[-17.470000000000002,14.73]}"
57_1,10,1.0342930555343628,PERSIANN_CDR,WA002,2004,"{""type"":""Point"",""coordinates"":[-7.949999999999998,12.65]}"
57_2,10,0.4392697513103485,PERSIANN_CDR,WA003,2004,"{""type"":""Point"",""coordinates"":[-1.5200000000000002,12.360000000000001]}"
57_3,10,0.061154790222644806,PERSIANN_CDR,WA004,2004,"{""type"":""Point"",""coordinates"":[2.17,13.51]}"
57_4,10,4.477341651916504,PERSIANN_CDR,WA005,2004,"{""type"":""Point"",""coordinates"":[7.33,9.07]}"
57_5,10,5.4194841384887695,PERSIANN_CDR,WA006,2004,"{""type"":""Point"",""coordinates"":[-0.17,5.56]}"
57_6,10,7.70097541809082,PERSIANN_CDR,WA007,2004,"{""type"":""Point"",""coordinates"":[-3.9299999999999997,5.349999999999999]}"
57_7,10,8.402345657348633,PERSIANN_CDR,WA008,2004,"{""type"":""Point"",""coordinates"":[-13.67,9.53]}"
57_8,10,8.722158432006836,PERSIANN_CDR,WA009,2004,"{""type"":""Point"",""coordinates"":[-13.230000000000002,8.489999999999998]}"
57_9,10,11.318733215332031,PERSIANN_CDR,WA010,2004,"{""type"":""Point"",""coordinates"":[-10.799999999999999,6.3]}"
57_10,10,4.633270263671875,PERSIANN_CDR,WA011,2004,"{""type"":""Point"",""coordinates"":[1.22,6.130000000000001]}"
57_11,10,5.6263837814331055,PERSIANN_CDR,WA012,2004,"{""type"":""Point"",""coordinates"":[2.42,6.37]}"
57_12,10,0.1948826164007187,PERSIANN_CDR,WA013,2004,"{""type"":""Point"",""coordinates"":[8.52,12.05]}"
57_13,10,7.219804763793945,PERSIANN_CDR,WA014,2004,"{""type"":""Point"",""coordinates"":[-1.62,6.69]}"
57_14,10,1.1885970830917358,PERSIANN_CDR,WA015,2004,"{""type"":""Point"",""coordinates"":[-16.680000000000003,13.45]}"
58_0,11,0.5705575346946716,PERSIANN_CDR,WA001,2004,"{""type"":""Point"",""coordinates"":[-17.470000000000002,14.73]}"
58_1,11,0.027793312445282936,PERSIANN_CDR,WA002,2004,"{""type"":""Point"",""coordinates"":[-7.949999999999998,12.65]}"
58_2,11,0.1237197145819664,PERSIANN_CDR,WA003,2004,"{""type"":""Point"",""coordinates"":[-1.5200000000000002,12.360000000000001]}"
58_3,11,0.01646237075328827,PERSIANN_CDR,WA004,2004,"{""type"":""Point"",""coordinates"":[2.17,13.51]}"
58_4,11,0.18280145525932312,PERSIANN_CDR,WA005,2004,"{""type"":""Point"",""coordinates"":[7.33,9.07]}"
58_5,11,2.308170795440674,PERSIANN_CDR,WA006,2004,"{""type"":""Point"",""coordinates"":[-0.17,5.56]}"
58_6,11,4.951863765716553,PERSIANN_CDR,WA007,2004,"{""type"":""Point"",""coordinates"":[-3.9299999999999997,5.349999999999999]}"
58_7,11,2.2315330505371094,PERSIANN_CDR,WA008,2004,"{""type"":""Point"",""coordinates"":[-13.67,9.53]}"
58_8,11,3.1053848266601562,PERSIANN_CDR,WA009,2004,"{""type"":""Point"",""coordinates"":[-13.230000000000002,8.489999999999998]}"
58_9,11,5.852452754974365,PERSIANN_CDR,WA010,2004,"{""type"":""Point"",""coordinates"":[-10.799999999999999,6.3]}"
58_10,11,1.4846593141555786,PERSIANN_CDR,WA011,2004,"{""type"":""Point"",""coordinates"":[1.22,6.130000000000001]}"
58_11,11,1.4822198152542114,PERSIANN_CDR,WA012,2004,"{""type"":""Point"",""coordinates"":[2.42,6.37]}"
58_12,11,7.246697205118835E-4,PERSIANN_CDR,WA013,2004,"{""type"":""Point"",""coordinates"":[8.52,12.05]}"
58_13,11,3.635817050933838,PERSIANN_CDR,WA014,2004,"{""type"":""Point"",""coordinates"":[-1.62,6.69]}"
58_14,11,0.29077497124671936,PERSIANN_CDR,WA015,2004,"{""type"":""Point"",""coordinates"":[-16.680000000000003,13.45]}"
59_0,12,2.9229687061160803E-4,PERSIANN_CDR,WA001,2004,"{""type"":""Point"",""coordinates"":[-17.470000000000002,14.73]}"
59_1,12,0.0,PERSIANN_CDR,WA002,2004,"{""type"":""Point"",""coordinates"":[-7.949999999999998,12.65]}"
59_2,12,0.01066857110708952,PERSIANN_CDR,WA003,2004,"{""type"":""Point"",""coordinates"":[-1.5200000000000002,12.360000000000001]}"
59_3,12,0.0,PERSIANN_CDR,WA004,2004,"{""type"":""Point"",""coordinates"":[2.17,13.51]}"
59_4,12,0.13482165336608887,PERSIANN_CDR,WA005,2004,"{""type"":""Point"",""coordinates"":[7.33,9.07]}"
59_5,12,1.0392755270004272,PERSIANN_CDR,WA006,2004,"{""type"":""Point"",""coordinates"":[-0.17,5.56]}"
59_6,12,0.6614400744438171,PERSIANN_CDR,WA007,2004,"{""type"":""Point"",""coordinates"":[-3.9299999999999997,5.349999999999999]}"
59_7,12,0.10195567458868027,PERSIANN_CDR,WA008,2004,"{""type"":""Point"",""coordinates"":[-13.67,9.53]}"
59_8,12,0.4739263951778412,PERSIANN_CDR,WA009,2004,"{""type"":""Point"",""coordinates"":[-13.230000000000002,8.489999999999998]}"
59_9,12,1.4181313514709473,PERSIANN_CDR,WA010,2004,"{""type"":""Point"",""coordinates"":[-10.799999999999999,6.3]}"
59_10,12,0.5680334568023682,PERSIANN_CDR,WA011,2004,"{""type"":""Point"",""coordinates"":[1.22,6.130000000000001]}"
59_11,12,0.09515732526779175,PERSIANN_CDR,WA012,2004,"{""type"":""Point"",""coordinates"":[2.42,6.37]}"
59_12,12,0.04728306084871292,PERSIANN_CDR,WA013,2004,"{""type"":""Point"",""coordinates"":[8.52,12.05]}"
59_13,12,1.1009725332260132,PERSIANN_CDR,WA014,2004,"{""type"":""Point"",""coordinates"":[-1.62,6.69]}"
59_14,12,0.004233356565237045,PERSIANN_CDR,WA015,2004,"{""type"":""Point"",""coordinates"":[-16.680000000000003,13.45]}"
60_0,1,0.06254024803638458,PERSIANN_CDR,WA001,2005,"{""type"":""Point"",""coordinates"":[-17.470000000000002,14.73]}"
60_1,1,0.005037940572947264,PERSIANN_CDR,WA002,2005,"{""type"":""Point"",""coordinates"":[-7.949999999999998,12.65]}"
60_2,1,8.295870502479374E-4,PERSIANN_CDR,WA003,2005,"{""type"":""Point"",""coordinates"":[-1.5200000000000002,12.360000000000001]}"
60_3,1,1.238191471202299E-4,PERSIANN_CDR,WA004,2005,"{""type"":""Point"",""coordinates"":[2.17,13.51]}"
60_4,1,0.010957252234220505,PERSIANN_CDR,WA005,2005,"{""type"":""Point"",""coordinates"":[7.33,9.07]}"
60_5,1,0.28378021717071533,PERSIANN_CDR,WA006,2005,"{""type"":""Point"",""coordinates"":[-0.17,5.56]}"
60_6,1,0.6595796346664429,PERSIANN_CDR,WA007,2005,"{""type"":""Point"",""coordinates"":[-3.9299999999999997,5.349999999999999]}"
60_7,1,0.03879799321293831,PERSIANN_CDR,WA008,2005,"{""type"":""Point"",""coordinates"":[-13.67,9.53]}"
60_8,1,0.15094371140003204,PERSIANN_CDR,WA009,2005,"{""type"":""Point"",""coordinates"":[-13.230000000000002,8.489999999999998]}"
60_9,1,0.4087231755256653,PERSIANN_CDR,WA010,2005,"{""type"":""Point"",""coordinates"":[-10.799999999999999,6.3]}"
60_10,1,0.15410834550857544,PERSIANN_CDR,WA011,2005,"{""type"":""Point"",""coordinates"":[1.22,6.130000000000001]}"
60_11,1,0.09813997149467468,PERSIANN_CDR,WA012,2005,"{""type"":""Point"",""coordinates"":[2.42,6.37]}"
60_12,1,1.4441586245084181E-5,PERSIANN_CDR,WA013,2005,"{""type"":""Point"",""coordinates"":[8.52,12.05]}"
60_13,1,0.37451285123825073,PERSIANN_CDR,WA014,2005,"{""type"":""Point"",""coordinates"":[-1.62,6.69]}"
60_14,1,0.0016181550454348326,PERSIANN_CDR,WA015,2005,"{""type"":""Point"",""coordinates"":[-16.680000000000003,13.45]}"
61_0,2,0.09416700899600983,PERSIANN_CDR,WA001,2005,"{""type"":""Point"",""coordinates"":[-17.470000000000002,14.73]}"
61_1,2,0.004285700153559446,PERSIANN_CDR,WA002,2005,"{""type"":""Point"",""coordinates"":[-7.949999999999998,12.65]}"
61_2,2,0.15845175087451935,PERSIANN_CDR,WA003,2005,"{""type"":""Point"",""coordinates"":[-1.5200000000000002,12.360000000000001]}"
61_3,2,9.495249832980335E-4,PERSIANN_CDR,WA004,2005,"{""type"":""Point"",""coordinates"":[2.17,13.51]}"
61_4,2,0.32555094361305237,PERSIANN_CDR,WA005,2005,"{""type"":""Point"",""coordinates"":[7.33,9.07]}"
61_5,2,1.64415442943573,PERSIANN_CDR,WA006,2005,"{""type"":""Point"",""coordinates"":[-0.17,5.56]}"
61_6,2,1.8846358060836792,PERSIANN_CDR,WA007,2005,"{""type"":""Point"",""coordinates"":[-3.9299999999999997,5.349999999999999]}"
61_7,2,0.189488023519516,PERSIANN_CDR,WA008,2005,"{""type"":""Point"",""coordinates"":[-13.67,9.53]}"
61_8,2,0.47824907302856445,PERSIANN_CDR,WA009,2005,"{""type"":""Point"",""coordinates"":[-13.230000000000002,8.489999999999998]}"
61_9,2,2.6327388286590576,PERSIANN_CDR,WA010,2005,"{""type"":""Point"",""coordinates"":[-10.799999999999999,6.3]}"
61_10,2,1.5094422101974487,PERSIANN_CDR,WA011,2005,"{""type"":""Point"",""coordinates"":[1.22,6.130000000000001]}"
61_11,2,1.0765739679336548,PERSIANN_CDR,WA012,2005,"{""type"":""Point"",""coordinates"":[2.42,6.37]}"
61_12,2,0.0017381919315084815,PERSIANN_CDR,WA013,2005,"{""type"":""Point"",""coordinates"":[8.52,12.05]}"
61_13,2,1.9025970697402954,PERSIANN_CDR,WA014,2005,"{""type"":""Point"",""coordinates"":[-1.62,6.69]}"
61_14,2,0.05176718160510063,PERSIANN_CDR,WA015,2005,"{""type"":""Point"",""coordinates"":[-16.680000000000003,13.45]}"
62_0,3,0.04121272265911102,PERSIANN_CDR,WA001,2005,"{""type"":""Point"",""coordinates"":[-17.470000000000002,14.73]}"
62_1,3,0.17976582050323486,PERSIANN_CDR,WA002,2005,"{""type"":""Point"",""coordinates"":[-7.949999999999998,12.65]}"
62_2,3,0.11190890520811081,PERSIANN_CDR,WA003,2005,"{""type"":""Point"",""coordinates"":[-1.5200000000000002,12.360000000000001]}"
62_3,3,0.009275665506720543,PERSIANN_CDR,WA004,2005,"{""type"":""Point"",""coordinates"":[2.17,13.51]}"
62_4,3,1.2425590753555298,PERSIANN_CDR,WA005,2005,"{""type"":""Point"",""coordinates"":[7.33,9.07]}"
62_5,3,4.6067023277282715,PERSIANN_CDR,WA006,2005,"{""type"":""Point"",""coordinates"":[-0.17,5.56]}"
62_6,3,4.981851577758789,PERSIANN_CDR,WA007,2005,"{""type"":""Point"",""coordinates"":[-3.9299999999999997,5.349999999999999]}"
62_7,3,0.419221431016922,PERSIANN_CDR,WA008,2005,"{""type"":""Point"",""coordinates"":[-13.67,9.53]}"
62_8,3,0.9185694456100464,PERSIANN_CDR,WA009,2005,"{""type"":""Point"",""coordinates"":[-13.230000000000002,8.489999999999998]}"
62_9,3,2.6020102500915527,PERSIANN_CDR,WA010,2005,"{""type"":""Point"",""coordinates"":[-10.799999999999999,6.3]}"
62_10,3,3.9753201007843018,PERSIANN_CDR,WA011,2005,"{""type"":""Point"",""coordinates"":[1.22,6.130000000000001]}"
62_11,3,4.333799839019775,PERSIANN_CDR,WA012,2005,"{""type"":""Point"",""coordinates"":[2.42,6.37]}"
62_12,3,0.019623152911663055,PERSIANN_CDR,WA013,2005,"{""type"":""Point"",""coordinates"":[8.52,12.05]}"
62_13,3,4.274049758911133,PERSIANN_CDR,WA014,2005,"{""type"":""Point"",""coordinates"":[-1.62,6.69]}"
62_14,3,0.020819447934627533,PERSIANN_CDR,WA015,2005,"{""type"":""Point"",""coordinates"":[-16.680000000000003,13.45]}"
63_0,4,0.004756738431751728,PERSIANN_CDR,WA001,2005,"{""type"":""Point"",""coordinates"":[-17.470000000000002,14.73]}"
63_1,4,0.1802879124879837,PERSIANN_CDR,WA002,2005,"{""type"":""Point"",""coordinates"":[-7.949999999999998,12.65]}"
63_2,4,0.8619440793991089,PERSIANN_CDR,WA003,2005,"{""type"":""Point"",""coordinates"":[-1.5200000000000002,12.360000000000001]}"
63_3,4,0.04587895795702934,PERSIANN_CDR,WA004,2005,"{""type"":""Point"",""coordinates"":[2.17,13.51]}"
63_4,4,2.644963264465332,PERSIANN_CDR,WA005,2005,"{""type"":""Point"",""coordinates"":[7.33,9.07]}"
63_5,4,3.7495694160461426,PERSIANN_CDR,WA006,2005,"{""type"":""Point"",""coordinates"":[-0.17,5.56]}"
63_6,4,7.686100006103516,PERSIANN_CDR,WA007,2005,"{""type"":""Point"",""coordinates"":[-3.9299999999999997,5.349999999999999]}"
63_7,4,0.8171122670173645,PERSIANN_CDR,WA008,2005,"{""type"":""Point"",""coordinates"":[-13.67,9.53]}"
63_8,4,2.4303295612335205,PERSIANN_CDR,WA009,2005,"{""type"":""Point"",""coordinates"":[-13.230000000000002,8.489999999999998]}"
63_9,4,8.362275123596191,PERSIANN_CDR,WA010,2005,"{""type"":""Point"",""coordinates"":[-10.799999999999999,6.3]}"
63_10,4,3.37780499458313,PERSIANN_CDR,WA011,2005,"{""type"":""Point"",""coordinates"":[1.22,6.130000000000001]}"
63_11,4,3.4083962440490723,PERSIANN_CDR,WA012,2005,"{""type"":""Point"",""coordinates"":[2.42,6.37]}"
63_12,4,0.44063982367515564,PERSIANN_CDR,WA013,2005,"{""type"":""Point"",""coordinates"":[8.52,12.05]}"
63_13,4,5.3265886306762695,PERSIANN_CDR,WA014,2005,"{""type"":""Point"",""coordinates"":[-1.62,6.69]}"
63_14,4,0.006077801808714867,PERSIANN_CDR,WA015,2005,"{""type"":""Point"",""coordinates"":[-16.680000000000003,13.45]}"
64_0,5,0.043046992272138596,PERSIANN_CDR,WA001,2005,"{""type"":""Point"",""coordinates"":[-17.470000000000002,14.73]}"
64_1,5,1.9391311407089233,PERSIANN_CDR,WA002,2005,"{""type"":""Point"",""coordinates"":[-7.949999999999998,12.65]}"
64_2,5,2.476283311843872,PERSIANN_CDR,WA003,2005,"{""type"":""Point"",""coordinates"":[-1.5200000000000002,12.360000000000001]}"
64_3,5,1.4307113885879517,PERSIANN_CDR,WA004,2005,"{""type"":""Point"",""coordinates"":[2.17,13.51]}"
64_4,5,6.812032699584961,PERSIANN_CDR,WA005,2005,"{""type"":""Point"",""coordinates"":[7.33,9.07]}"
64_5,5,5.234438419342041,PERSIANN_CDR,WA006,2005,"{""type"":""Point"",""coordinates"":[-0.17,5.56]}"
64_6,5,5.687852382659912,PERSIANN_CDR,WA007,2005,"{""type"":""Point"",""coordinates"":[-3.9299999999999997,5.349999999999999]}"
64_7,5,3.703287363052368,PERSIANN_CDR,WA008,2005,"{""type"":""Point"",""coordinates"":[-13.67,9.53]}"
64_8,5,5.382963180541992,PERSIANN_CDR,WA009,2005,"{""type"":""Point"",""coordinates"":[-13.230000000000002,8.489999999999998]}"
64_9,5,8.971585273742676,PERSIANN_CDR,WA010,2005,"{""type"":""Point"",""coordinates"":[-10.799999999999999,6.3]}"
64_10,5,4.617401123046875,PERSIANN_CDR,WA011,2005,"{""type"":""Point"",""coordinates"":[1.22,6.130000000000001]}"
64_11,5,5.36097526550293,PERSIANN_CDR,WA012,2005,"{""type"":""Point"",""coordinates"":[2.42,6.37]}"
64_12,5,1.9753605127334595,PERSIANN_CDR,WA013,2005,"{""type"":""Point"",""coordinates"":[8.52,12.05]}"
64_13,5,6.168416976928711,PERSIANN_CDR,WA014,2005,"{""type"":""Point"",""coordinates"":[-1.62,6.69]}"
64_14,5,0.141544908285141,PERSIANN_CDR,WA015,2005,"{""type"":""Point"",""coordinates"":[-16.680000000000003,13.45]}"
65_0,6,0.9201134443283081,PERSIANN_CDR,WA001,2005,"{""type"":""Point"",""coordinates"":[-17.470000000000002,14.73]}"
65_1,6,5.832618713378906,PERSIANN_CDR,WA002,2005,"{""type"":""Point"",""coordinates"":[-7.949999999999998,12.65]}"
65_2,6,4.787167072296143,PERSIANN_CDR,WA003,2005,"{""type"":""Point"",""coordinates"":[-1.5200000000000002,12.360000000000001]}"
65_3,6,4.385011672973633,PERSIANN_CDR,WA004,2005,"{""type"":""Point"",""coordinates"":[2.17,13.51]}"
65_4,6,8.805764198303223,PERSIANN_CDR,WA005,2005,"{""type"":""Point"",""coordinates"":[7.33,9.07]}"
65_5,6,5.274880886077881,PERSIANN_CDR,WA006,2005,"{""type"":""Point"",""coordinates"":[-0.17,5.56]}"
65_6,6,8.188786506652832,PERSIANN_CDR,WA007,2005,"{""type"":""Point"",""coordinates"":[-3.9299999999999997,5.349999999999999]}"
65_7,6,7.651296138763428,PERSIANN_CDR,WA008,2005,"{""type"":""Point"",""coordinates"":[-13.67,9.53]}"
65_8,6,8.196871757507324,PERSIANN_CDR,WA009,2005,"{""type"":""Point"",""coordinates"":[-13.230000000000002,8.489999999999998]}"
65_9,6,4.273305892944336,PERSIANN_CDR,WA010,2005,"{""type"":""Point"",""coordinates"":[-10.799999999999999,6.3]}"
65_10,6,4.504311561584473,PERSIANN_CDR,WA011,2005,"{""type"":""Point"",""coordinates"":[1.22,6.130000000000001]}"
65_11,6,6.0559821128845215,PERSIANN_CDR,WA012,2005,"{""type"":""Point"",""coordinates"":[2.42,6.37]}"
65_12,6,4.722588539123535,PERSIANN_CDR,WA013,2005,"{""type"":""Point"",""coordinates"":[8.52,12.05]}"
65_13,6,5.692084789276123,PERSIANN_CDR,WA014,2005,"{""type"":""Point"",""coordinates"":[-1.62,6.69]}"
65_14,6,2.3168115615844727,PERSIANN_CDR,WA015,2005,"{""type"":""Point"",""coordinates"":[-16.680000000000003,13.45]}"
66_0,7,4.711098670959473,PERSIANN_CDR,WA001,2005,"{""type"":""Point"",""coordinates"":[-17.470000000000002,14.73]}"
66_1,7,6.378631591796875,PERSIANN_CDR,WA002,2005,"{""type"":""Point"",""coordinates"":[-7.949999999999998,12.65]}"
66_2,7,5.80352258682251,PERSIANN_CDR,WA003,2005,"{""type"":""Point"",""coordinates"":[-1.5200000000000002,12.360000000000001]}"
66_3,7,4.706167221069336,PERSIANN_CDR,WA004,2005,"{""type"":""Point"",""coordinates"":[2.17,13.51]}"
66_4,7,5.681886672973633,PERSIANN_CDR,WA005,2005,"{""type"":""Point"",""coordinates"":[7.33,9.07]}"
66_5,7,0.9698954224586487,PERSIANN_CDR,WA006,2005,"{""type"":""Point"",""coordinates"":[-0.17,5.56]}"
66_6,7,0.822045087814331,PERSIANN_CDR,WA007,2005,"{""type"":""Point"",""coordinates"":[-3.9299999999999997,5.349999999999999]}"
66_7,7,5.70358943939209,PERSIANN_CDR,WA008,2005,"{""type"":""Point"",""coordinates"":[-13.67,9.53]}"
66_8,7,6.380940914154053,PERSIANN_CDR,WA009,2005,"{""type"":""Point"",""coordinates"":[-13.230000000000002,8.489999999999998]}"
66_9,7,4.8709187507629395,PERSIANN_CDR,WA010,2005,"{""type"":""Point"",""coordinates"":[-10.799999999999999,6.3]}"
66_10,7,1.9678330421447754,PERSIANN_CDR,WA011,2005,"{""type"":""Point"",""coordinates"":[1.22,6.130000000000001]}"
66_11,7,2.971334934234619,PERSIANN_CDR,WA012,2005,"{""type"":""Point"",""coordinates"":[2.42,6.37]}"
66_12,7,6.009731769561768,PERSIANN_CDR,WA013,2005,"{""type"":""Point"",""coordinates"":[8.52,12.05]}"
66_13,7,2.0675907135009766,PERSIANN_CDR,WA014,2005,"{""type"":""Point"",""coordinates"":[-1.62,6.69]}"
66_14,7,7.5652642250061035,PERSIANN_CDR,WA015,2005,"{""type"":""Point"",""coordinates"":[-16.680000000000003,13.45]}"
67_0,8,7.865478515625,PERSIANN_CDR,WA001,2005,"{""type"":""Point"",""coordinates"":[-17.470000000000002,14.73]}"
67_1,8,8.211008071899414,PERSIANN_CDR,WA002,2005,"{""type"":""Point"",""coordinates"":[-7.949999999999998,12.65]}"
67_2,8,7.249073028564453,PERSIANN_CDR,WA003,2005,"{""type"":""Point"",""coordinates"":[-1.5200000000000002,12.360000000000001]}"
67_3,8,5.426956653594971,PERSIANN_CDR,WA004,2005,"{""type"":""Point"",""coordinates"":[2.17,13.51]}"
67_4,8,7.197399139404297,PERSIANN_CDR,WA005,2005,"{""type"":""Point"",""coordinates"":[7.33,9.07]}"
67_5,8,1.1100738048553467,PERSIANN_CDR,WA006,2005,"{""type"":""Point"",""coordinates"":[-0.17,5.56]}"
67_6,8,0.6031622290611267,PERSIANN_CDR,WA007,2005,"{""type"":""Point"",""coordinates"":[-3.9299999999999997,5.349999999999999]}"
67_7,8,12.290205955505371,PERSIANN_CDR,WA008,2005,"{""type"":""Point"",""coordinates"":[-13.67,9.53]}"
67_8,8,10.418944358825684,PERSIANN_CDR,WA009,2005,"{""type"":""Point"",""coordinates"":[-13.230000000000002,8.489999999999998]}"
67_9,8,6.005047798156738,PERSIANN_CDR,WA010,2005,"{""type"":""Point"",""coordinates"":[-10.799999999999999,6.3]}"
67_10,8,1.6823831796646118,PERSIANN_CDR,WA011,2005,"{""type"":""Point"",""coordinates"":[1.22,6.130000000000001]}"
67_11,8,1.5562827587127686,PERSIANN_CDR,WA012,2005,"{""type"":""Point"",""coordinates"":[2.42,6.37]}"
67_12,8,7.2303876876831055,PERSIANN_CDR,WA013,2005,"{""type"":""Point"",""coordinates"":[8.52,12.05]}"
67_13,8,1.3879797458648682,PERSIANN_CDR,WA014,2005,"{""type"":""Point"",""coordinates"":[-1.62,6.69]}"
67_14,8,9.106972694396973,PERSIANN_CDR,WA015,2005,"{""type"":""Point"",""coordinates"":[-16.680000000000003,13.45]}"
68_0,9,4.97963809967041,PERSIANN_CDR,WA001,2005,"{""type"":""Point"",""coordinates"":[-17.470000000000002,14.73]}"
68_1,9,5.597306251525879,PERSIANN_CDR,WA002,2005,"{""type"":""Point"",""coordinates"":[-7.949999999999998,12.65]}"
68_2,9,4.3518195152282715,PERSIANN_CDR,WA003,2005,"{""type"":""Point"",""coordinates"":[-1.5200000000000002,12.360000000000001]}"
68_3,9,2.7404651641845703,PERSIANN_CDR,WA004,2005,"{""type"":""Point"",""coordinates"":[2.17,13.51]}"
68_4,9,14.293859481811523,PERSIANN_CDR,WA005,2005,"{""type"":""Point"",""coordinates"":[7.33,9.07]}"
68_5,9,3.0264694690704346,PERSIANN_CDR,WA006,2005,"{""type"":""Point"",""coordinates"":[-0.17,5.56]}"
68_6,9,3.541156768798828,PERSIANN_CDR,WA007,2005,"{""type"":""Point"",""coordinates"":[-3.9299999999999997,5.349999999999999]}"
68_7,9,10.339157104492188,PERSIANN_CDR,WA008,2005,"{""type"":""Point"",""coordinates"":[-13.67,9.53]}"
68_8,9,12.2157564163208,PERSIANN_CDR,WA009,2005,"{""type"":""Point"",""coordinates"":[-13.230000000000002,8.489999999999998]}"
68_9,9,10.312973022460938,PERSIANN_CDR,WA010,2005,"{""type"":""Point"",""coordinates"":[-10.799999999999999,6.3]}"
68_10,9,4.815048694610596,PERSIANN_CDR,WA011,2005,"{""type"":""Point"",""coordinates"":[1.22,6.130000000000001]}"
68_11,9,5.718173980712891,PERSIANN_CDR,WA012,2005,"{""type"":""Point"",""coordinates"":[2.42,6.37]}"
68_12,9,5.340789318084717,PERSIANN_CDR,WA013,2005,"{""type"":""Point"",""coordinates"":[8.52,12.05]}"
68_13,9,5.64543342590332,PERSIANN_CDR,WA014,2005,"{""type"":""Point"",""coordinates"":[-1.62,6.69]}"
68_14,9,8.68025016784668,PERSIANN_CDR,WA015,2005,"{""type"":""Point"",""coordinates"":[-16.680000000000003,13.45]}"
69_0,10,1.9687799215316772,PERSIANN_CDR,WA001,2005,"{""type"":""Point"",""coordinates"":[-17.470000000000002,14.73]}"
69_1,10,1.6572741270065308,PERSIANN_CDR,WA002,2005,"{""type"":""Point"",""coordinates"":[-7.949999999999998,12.65]}"
69_2,10,0.7564160227775574,PERSIANN_CDR,WA003,2005,"{""type"":""Point"",""coordinates"":[-1.5200000000000002,12.360000000000001]}"
69_3,10,0.7601162195205688,PERSIANN_CDR,WA004,2005,"{""type"":""Point"",""coordinates"":[2.17,13.51]}"
69_4,10,4.766181945800781,PERSIANN_CDR,WA005,2005,"{""type"":""Point"",""coordinates"":[7.33,9.07]}"
69_5,10,4.609139919281006,PERSIANN_CDR,WA006,2005,"{""type"":""Point"",""coordinates"":[-0.17,5.56]}"
69_6,10,9.66751766204834,PERSIANN_CDR,WA007,2005,"{""type"":""Point"",""coordinates"":[-3.9299999999999997,5.349999999999999]}"
69_7,10,10.0457763671875,PERSIANN_CDR,WA008,2005,"{""type"":""Point"",""coordinates"":[-13.67,9.53]}"
69_8,10,10.346707344055176,PERSIANN_CDR,WA009,2005,"{""type"":""Point"",""coordinates"":[-13.230000000000002,8.489999999999998]}"
69_9,10,11.121468544006348,PERSIANN_CDR,WA010,2005,"{""type"":""Point"",""coordinates"":[-10.799999999999999,6.3]}"
69_10,10,4.88493537902832,PERSIANN_CDR,WA011,2005,"{""type"":""Point"",""coordinates"":[1.22,6.130000000000001]}"
69_11,10,4.81123685836792,PERSIANN_CDR,WA012,2005,"{""type"":""Point"",""coordinates"":[2.42,6.37]}"
69_12,10,0.5830101370811462,PERSIANN_CDR,WA013,2005,"{""type"":""Point"",""coordinates"":[8.52,12.05]}"
69_13,10,8.345454216003418,PERSIANN_CDR,WA014,2005,"{""type"":""Point"",""coordinates"":[-1.62,6.69]}"
69_14,10,4.228404998779297,PERSIANN_CDR,WA015,2005,"{""type"":""Point"",""coordinates"":[-16.680000000000003,13.45]}"
70_0,11,0.06990209221839905,PERSIANN_CDR,WA001,2005,"{""type"":""Point"",""coordinates"":[-17.470000000000002,14.73]}"
70_1,11,0.012242198921740055,PERSIANN_CDR,WA002,2005,"{""type"":""Point"",""coordinates"":[-7.949999999999998,12.65]}"
70_2,11,0.007096556946635246,PERSIANN_CDR,WA003,2005,"{""type"":""Point"",""coordinates"":[-1.5200000000000002,12.360000000000001]}"
70_3,11,0.029083168134093285,PERSIANN_CDR,WA004,2005,"{""type"":""Point"",""coordinates"":[2.17,13.51]}"
70_4,11,0.30811551213264465,PERSIANN_CDR,WA005,2005,"{""type"":""Point"",""coordinates"":[7.33,9.07]}"
70_5,11,2.550710916519165,PERSIANN_CDR,WA006,2005,"{""type"":""Point"",""coordinates"":[-0.17,5.56]}"
70_6,11,4.641500473022461,PERSIANN_CDR,WA007,2005,"{""type"":""Point"",""coordinates"":[-3.9299999999999997,5.349999999999999]}"
70_7,11,2.6727969646453857,PERSIANN_CDR,WA008,2005,"{""type"":""Point"",""coordinates"":[-13.67,9.53]}"
70_8,11,3.645188570022583,PERSIANN_CDR,WA009,2005,"{""type"":""Point"",""coordinates"":[-13.230000000000002,8.489999999999998]}"
70_9,11,4.878126621246338,PERSIANN_CDR,WA010,2005,"{""type"":""Point"",""coordinates"":[-10.799999999999999,6.3]}"
70_10,11,1.8632709980010986,PERSIANN_CDR,WA011,2005,"{""type"":""Point"",""coordinates"":[1.22,6.130000000000001]}"
70_11,11,1.6378790140151978,PERSIANN_CDR,WA012,2005,"{""type"":""Point"",""coordinates"":[2.42,6.37]}"
70_12,11,0.01882273145020008,PERSIANN_CDR,WA013,2005,"{""type"":""Point"",""coordinates"":[8.52,12.05]}"
70_13,11,3.124406337738037,PERSIANN_CDR,WA014,2005,"{""type"":""Point"",""coordinates"":[-1.62,6.69]}"
70_14,11,0.03384549170732498,PERSIANN_CDR,WA015,2005,"{""type"":""Point"",""coordinates"":[-16.680000000000003,13.45]}"
71_0,12,0.0,PERSIANN_CDR,WA001,2005,"{""type"":""Point"",""coordinates"":[-17.470000000000002,14.73]}"
71_1,12,0.005365068092942238,PERSIANN_CDR,WA002,2005,"{""type"":""Point"",""coordinates"":[-7.949999999999998,12.65]}"
71_2,12,0.011000449769198895,PERSIANN_CDR,WA003,2005,"{""type"":""Point"",""coordinates"":[-1.5200000000000002,12.360000000000001]}"
71_3,12,0.0,PERSIANN_CDR,WA004,2005,"{""type"":""Point"",""coordinates"":[2.17,13.51]}"
71_4,12,0.013286709785461426,PERSIANN_CDR,WA005,2005,"{""type"":""Point"",""coordinates"":[7.33,9.07]}"
71_5,12,0.9259363412857056,PERSIANN_CDR,WA006,2005,"{""type"":""Point"",""coordinates"":[-0.17,5.56]}"
71_6,12,1.888753890991211,PERSIANN_CDR,WA007,2005,"{""type"":""Point"",""coordinates"":[-3.9299999999999997,5.349999999999999]}"
71_7,12,0.14272382855415344,PERSIANN_CDR,WA008,2005,"{""type"":""Point"",""coordinates"":[-13.67,9.53]}"
71_8,12,0.6617374420166016,PERSIANN_CDR,WA009,2005,"{""type"":""Point"",""coordinates"":[-13.230000000000002,8.489999999999998]}"
71_9,12,2.7005984783172607,PERSIANN_CDR,WA010,2005,"{""type"":""Point"",""coordinates"":[-10.799999999999999,6.3]}"
71_10,12,0.5518659949302673,PERSIANN_CDR,WA011,2005,"{""type"":""Point"",""coordinates"":[1.22,6.130000000000001]}"
71_11,12,0.20932595431804657,PERSIANN_CDR,WA012,2005,"{""type"":""Point"",""coordinates"":[2.42,6.37]}"
71_12,12,8.306307136081159E-4,PERSIANN_CDR,WA013,2005,"{""type"":""Point"",""coordinates"":[8.52,12.05]}"
71_13,12,0.5970627069473267,PERSIANN_CDR,WA014,2005,"{""type"":""Point"",""coordinates"":[-1.62,6.69]}"
71_14,12,6.776161026209593E-4,PERSIANN_CDR,WA015,2005,"{""type"":""Point"",""coordinates"":[-16.680000000000003,13.45]}"
72_0,1,0.010242012329399586,PERSIANN_CDR,WA001,2006,"{""type"":""Point"",""coordinates"":[-17.470000000000002,14.73]}"
72_1,1,0.0,PERSIANN_CDR,WA002,2006,"{""type"":""Point"",""coordinates"":[-7.949999999999998,12.65]}"
72_2,1,1.173138662124984E-4,PERSIANN_CDR,WA003,2006,"{""type"":""Point"",""coordinates"":[-1.5200000000000002,12.360000000000001]}"
72_3,1,0.0,PERSIANN_CDR,WA004,2006,"{""type"":""Point"",""coordinates"":[2.17,13.51]}"
72_4,1,0.15959058701992035,PERSIANN_CDR,WA005,2006,"{""type"":""Point"",""coordinates"":[7.33,9.07]}"
72_5,1,0.8406925201416016,PERSIANN_CDR,WA006,2006,"{""type"":""Point"",""coordinates"":[-0.17,5.56]}"
72_6,1,0.7131076455116272,PERSIANN_CDR,WA007,2006,"{""type"":""Point"",""coordinates"":[-3.9299999999999997,5.349999999999999]}"
72_7,1,0.1397126168012619,PERSIANN_CDR,WA008,2006,"{""type"":""Point"",""coordinates"":[-13.67,9.53]}"
72_8,1,0.38888615369796753,PERSIANN_CDR,WA009,2006,"{""type"":""Point"",""coordinates"":[-13.230000000000002,8.489999999999998]}"
72_9,1,1.1055618524551392,PERSIANN_CDR,WA010,2006,"{""type"":""Point"",""coordinates"":[-10.799999999999999,6.3]}"
72_10,1,0.5714294910430908,PERSIANN_CDR,WA011,2006,"{""type"":""Point"",""coordinates"":[1.22,6.130000000000001]}"
72_11,1,0.35704222321510315,PERSIANN_CDR,WA012,2006,"{""type"":""Point"",""coordinates"":[2.42,6.37]}"
72_12,1,0.035642724484205246,PERSIANN_CDR,WA013,2006,"{""type"":""Point"",""coordinates"":[8.52,12.05]}"
72_13,1,1.0199843645095825,PERSIANN_CDR,WA014,2006,"{""type"":""Point"",""coordinates"":[-1.62,6.69]}"
72_14,1,4.67166282760445E-5,PERSIANN_CDR,WA015,2006,"{""type"":""Point"",""coordinates"":[-16.680000000000003,13.45]}"
73_0,2,0.03461124375462532,PERSIANN_CDR,WA001,2006,"{""type"":""Point"",""coordinates"":[-17.470000000000002,14.73]}"
73_1,2,0.02253715880215168,PERSIANN_CDR,WA002,2006,"{""type"":""Point"",""coordinates"":[-7.949999999999998,12.65]}"
73_2,2,0.057035282254219055,PERSIANN_CDR,WA003,2006,"{""type"":""Point"",""coordinates"":[-1.5200000000000002,12.360000000000001]}"
73_3,2,0.023156849667429924,PERSIANN_CDR,WA004,2006,"{""type"":""Point"",""coordinates"":[2.17,13.51]}"
73_4,2,0.1677231788635254,PERSIANN_CDR,WA005,2006,"{""type"":""Point"",""coordinates"":[7.33,9.07]}"
73_5,2,1.5751714706420898,PERSIANN_CDR,WA006,2006,"{""type"":""Point"",""coordinates"":[-0.17,5.56]}"
73_6,2,1.1502872705459595,PERSIANN_CDR,WA007,2006,"{""type"":""Point"",""coordinates"":[-3.9299999999999997,5.349999999999999]}"
73_7,2,0.09837796539068222,PERSIANN_CDR,WA008,2006,"{""type"":""Point"",""coordinates"":[-13.67,9.53]}"
73_8,2,0.24201415479183197,PERSIANN_CDR,WA009,2006,"{""type"":""Point"",""coordinates"":[-13.230000000000002,8.489999999999998]}"
73_9,2,2.001168966293335,PERSIANN_CDR,WA010,2006,"{""type"":""Point"",""coordinates"":[-10.799999999999999,6.3]}"
73_10,2,0.9345905780792236,PERSIANN_CDR,WA011,2006,"{""type"":""Point"",""coordinates"":[1.22,6.130000000000001]}"
73_11,2,0.6921867728233337,PERSIANN_CDR,WA012,2006,"{""type"":""Point"",""coordinates"":[2.42,6.37]}"
73_12,2,0.006743399426341057,PERSIANN_CDR,WA013,2006,"{""type"":""Point"",""coordinates"":[8.52,12.05]}"
73_13,2,1.845314860343933,PERSIANN_CDR,WA014,2006,"{""type"":""Point"",""coordinates"":[-1.62,6.69]}"
73_14,2,0.03528647497296333,PERSIANN_CDR,WA015,2006,"{""type"":""Point"",""coordinates"":[-16.680000000000003,13.45]}"
74_0,3,0.03381146118044853,PERSIANN_CDR,WA001,2006,"{""type"":""Point"",""coordinates"":[-17.470000000000002,14.73]}"
74_1,3,0.05421162769198418,PERSIANN_CDR,WA002,2006,"{""type"":""Point"",""coordinates"":[-7.949999999999998,12.65]}"
74_2,3,0.03690989315509796,PERSIANN_CDR,WA003,2006,"{""type"":""Point"",""coordinates"":[-1.5200000000000002,12.360000000000001]}"
74_3,3,4.1729657095856965E-4,PERSIANN_CDR,WA004,2006,"{""type"":""Point"",""coordinates"":[2.17,13.51]}"
74_4,3,1.1825695037841797,PERSIANN_CDR,WA005,2006,"{""type"":""Point"",""coordinates"":[7.33,9.07]}"
74_5,3,2.709811210632324,PERSIANN_CDR,WA006,2006,"{""type"":""Point"",""coordinates"":[-0.17,5.56]}"
74_6,3,4.274632930755615,PERSIANN_CDR,WA007,2006,"{""type"":""Point"",""coordinates"":[-3.9299999999999997,5.349999999999999]}"
74_7,3,0.09321131557226181,PERSIANN_CDR,WA008,2006,"{""type"":""Point"",""coordinates"":[-13.67,9.53]}"
74_8,3,0.39456817507743835,PERSIANN_CDR,WA009,2006,"{""type"":""Point"",""coordinates"":[-13.230000000000002,8.489999999999998]}"
74_9,3,2.4173519611358643,PERSIANN_CDR,WA010,2006,"{""type"":""Point"",""coordinates"":[-10.799999999999999,6.3]}"
74_10,3,3.175262451171875,PERSIANN_CDR,WA011,2006,"{""type"":""Point"",""coordinates"":[1.22,6.130000000000001]}"
74_11,3,2.640249013900757,PERSIANN_CDR,WA012,2006,"{""type"":""Point"",""coordinates"":[2.42,6.37]}"
74_12,3,0.01013652328401804,PERSIANN_CDR,WA013,2006,"{""type"":""Point"",""coordinates"":[8.52,12.05]}"
74_13,3,3.688076972961426,PERSIANN_CDR,WA014,2006,"{""type"":""Point"",""coordinates"":[-1.62,6.69]}"
74_14,3,0.0229794979095459,PERSIANN_CDR,WA015,2006,"{""type"":""Point"",""coordinates"":[-16.680000000000003,13.45]}"
75_0,4,0.005679289810359478,PERSIANN_CDR,WA001,2006,"{""type"":""Point"",""coordinates"":[-17.470000000000002,14.73]}"
75_1,4,1.5739909410476685,PERSIANN_CDR,WA002,2006,"{""type"":""Point"",""coordinates"":[-7.949999999999998,12.65]}"
75_2,4,0.4342547059059143,PERSIANN_CDR,WA003,2006,"{""type"":""Point"",""coordinates"":[-1.5200000000000002,12.360000000000001]}"
75_3,4,0.001406861119903624,PERSIANN_CDR,WA004,2006,"{""type"":""Point"",""coordinates"":[2.17,13.51]}"
75_4,4,2.091824769973755,PERSIANN_CDR,WA005,2006,"{""type"":""Point"",""coordinates"":[7.33,9.07]}"
75_5,4,2.562798500061035,PERSIANN_CDR,WA006,2006,"{""type"":""Point"",""coordinates"":[-0.17,5.56]}"
75_6,4,4.583981990814209,PERSIANN_CDR,WA007,2006,"{""type"":""Point"",""coordinates"":[-3.9299999999999997,5.349999999999999]}"
75_7,4,2.4045348167419434,PERSIANN_CDR,WA008,2006,"{""type"":""Point"",""coordinates"":[-13.67,9.53]}"
75_8,4,3.80535626411438,PERSIANN_CDR,WA009,2006,"{""type"":""Point"",""coordinates"":[-13.230000000000002,8.489999999999998]}"
75_9,4,5.970098495483398,PERSIANN_CDR,WA010,2006,"{""type"":""Point"",""coordinates"":[-10.799999999999999,6.3]}"
75_10,4,2.425398826599121,PERSIANN_CDR,WA011,2006,"{""type"":""Point"",""coordinates"":[1.22,6.130000000000001]}"
75_11,4,2.378826856613159,PERSIANN_CDR,WA012,2006,"{""type"":""Point"",""coordinates"":[2.42,6.37]}"
75_12,4,0.20821532607078552,PERSIANN_CDR,WA013,2006,"{""type"":""Point"",""coordinates"":[8.52,12.05]}"
75_13,4,3.505197763442993,PERSIANN_CDR,WA014,2006,"{""type"":""Point"",""coordinates"":[-1.62,6.69]}"
75_14,4,0.002654947340488434,PERSIANN_CDR,WA015,2006,"{""type"":""Point"",""coordinates"":[-16.680000000000003,13.45]}"
76_0,5,0.033663272857666016,PERSIANN_CDR,WA001,2006,"{""type"":""Point"",""coordinates"":[-17.470000000000002,14.73]}"
76_1,5,2.0788679122924805,PERSIANN_CDR,WA002,2006,"{""type"":""Point"",""coordinates"":[-7.949999999999998,12.65]}"
76_2,5,0.9243766069412231,PERSIANN_CDR,WA003,2006,"{""type"":""Point"",""coordinates"":[-1.5200000000000002,12.360000000000001]}"
76_3,5,0.3464319109916687,PERSIANN_CDR,WA004,2006,"{""type"":""Point"",""coordinates"":[2.17,13.51]}"
76_4,5,6.8616132736206055,PERSIANN_CDR,WA005,2006,"{""type"":""Point"",""coordinates"":[7.33,9.07]}"
76_5,5,7.091757774353027,PERSIANN_CDR,WA006,2006,"{""type"":""Point"",""coordinates"":[-0.17,5.56]}"
76_6,5,8.663944244384766,PERSIANN_CDR,WA007,2006,"{""type"":""Point"",""coordinates"":[-3.9299999999999997,5.349999999999999]}"
76_7,5,2.8410329818725586,PERSIANN_CDR,WA008,2006,"{""type"":""Point"",""coordinates"":[-13.67,9.53]}"
76_8,5,4.383097171783447,PERSIANN_CDR,WA009,2006,"{""type"":""Point"",""coordinates"":[-13.230000000000002,8.489999999999998]}"
76_9,5,7.947426795959473,PERSIANN_CDR,WA010,2006,"{""type"":""Point"",""coordinates"":[-10.799999999999999,6.3]}"
76_10,5,7.486032009124756,PERSIANN_CDR,WA011,2006,"{""type"":""Point"",""coordinates"":[1.22,6.130000000000001]}"
76_11,5,7.813695430755615,PERSIANN_CDR,WA012,2006,"{""type"":""Point"",""coordinates"":[2.42,6.37]}"
76_12,5,2.2789852619171143,PERSIANN_CDR,WA013,2006,"{""type"":""Point"",""coordinates"":[8.52,12.05]}"
76_13,5,7.121037483215332,PERSIANN_CDR,WA014,2006,"{""type"":""Point"",""coordinates"":[-1.62,6.69]}"
76_14,5,0.08259161561727524,PERSIANN_CDR,WA015,2006,"{""type"":""Point"",""coordinates"":[-16.680000000000003,13.45]}"
77_0,6,0.7286980152130127,PERSIANN_CDR,WA001,2006,"{""type"":""Point"",""coordinates"":[-17.470000000000002,14.73]}"
77_1,6,3.2209954261779785,PERSIANN_CDR,WA002,2006,"{""type"":""Point"",""coordinates"":[-7.949999999999998,12.65]}"
77_2,6,4.0890631675720215,PERSIANN_CDR,WA003,2006,"{""type"":""Point"",""coordinates"":[-1.5200000000000002,12.360000000000001]}"
77_3,6,1.1265666484832764,PERSIANN_CDR,WA004,2006,"{""type"":""Point"",""coordinates"":[2.17,13.51]}"
77_4,6,3.8595995903015137,PERSIANN_CDR,WA005,2006,"{""type"":""Point"",""coordinates"":[7.33,9.07]}"
77_5,6,5.725457191467285,PERSIANN_CDR,WA006,2006,"{""type"":""Point"",""coordinates"":[-0.17,5.56]}"
77_6,6,7.757373332977295,PERSIANN_CDR,WA007,2006,"{""type"":""Point"",""coordinates"":[-3.9299999999999997,5.349999999999999]}"
77_7,6,10.12249755859375,PERSIANN_CDR,WA008,2006,"{""type"":""Point"",""coordinates"":[-13.67,9.53]}"
77_8,6,10.902040481567383,PERSIANN_CDR,WA009,2006,"{""type"":""Point"",""coordinates"":[-13.230000000000002,8.489999999999998]}"
77_9,6,11.655823707580566,PERSIANN_CDR,WA010,2006,"{""type"":""Point"",""coordinates"":[-10.799999999999999,6.3]}"
77_10,6,5.231442928314209,PERSIANN_CDR,WA011,2006,"{""type"":""Point"",""coordinates"":[1.22,6.130000000000001]}"
77_11,6,5.661588191986084,PERSIANN_CDR,WA012,2006,"{""type"":""Point"",""coordinates"":[2.42,6.37]}"
77_12,6,2.3957931995391846,PERSIANN_CDR,WA013,2006,"{""type"":""Point"",""coordinates"":[8.52,12.05]}"
77_13,6,5.353507995605469,PERSIANN_CDR,WA014,2006,"{""type"":""Point"",""coordinates"":[-1.62,6.69]}"
77_14,6,2.9272470474243164,PERSIANN_CDR,WA015,2006,"{""type"":""Point"",""coordinates"":[-16.680000000000003,13.45]}"
78_0,7,2.7747623920440674,PERSIANN_CDR,WA001,2006,"{""type"":""Point"",""coordinates"":[-17.470000000000002,14.73]}"
78_1,7,6.103272438049316,PERSIANN_CDR,WA002,2006,"{""type"":""Point"",""coordinates"":[-7.949999999999998,12.65]}"
78_2,7,5.991211414337158,PERSIANN_CDR,WA003,2006,"{""type"":""Point"",""coordinates"":[-1.5200000000000002,12.360000000000001]}"
78_3,7,4.8364176750183105,PERSIANN_CDR,WA004,2006,"{""type"":""Point"",""coordinates"":[2.17,13.51]}"
78_4,7,9.16445541381836,PERSIANN_CDR,WA005,2006,"{""type"":""Point"",""coordinates"":[7.33,9.07]}"
78_5,7,2.1785378456115723,PERSIANN_CDR,WA006,2006,"{""type"":""Point"",""coordinates"":[-0.17,5.56]}"
78_6,7,2.3340399265289307,PERSIANN_CDR,WA007,2006,"{""type"":""Point"",""coordinates"":[-3.9299999999999997,5.349999999999999]}"
78_7,7,10.150150299072266,PERSIANN_CDR,WA008,2006,"{""type"":""Point"",""coordinates"":[-13.67,9.53]}"
78_8,7,11.899079322814941,PERSIANN_CDR,WA009,2006,"{""type"":""Point"",""coordinates"":[-13.230000000000002,8.489999999999998]}"
78_9,7,6.42185640335083,PERSIANN_CDR,WA010,2006,"{""type"":""Point"",""coordinates"":[-10.799999999999999,6.3]}"
78_10,7,2.386461019515991,PERSIANN_CDR,WA011,2006,"{""type"":""Point"",""coordinates"":[1.22,6.130000000000001]}"
78_11,7,2.1947021484375,PERSIANN_CDR,WA012,2006,"{""type"":""Point"",""coordinates"":[2.42,6.37]}"
78_12,7,5.754635334014893,PERSIANN_CDR,WA013,2006,"{""type"":""Point"",""coordinates"":[8.52,12.05]}"
78_13,7,3.4437692165374756,PERSIANN_CDR,WA014,2006,"{""type"":""Point"",""coordinates"":[-1.62,6.69]}"
78_14,7,4.773049354553223,PERSIANN_CDR,WA015,2006,"{""type"":""Point"",""coordinates"":[-16.680000000000003,13.45]}"
79_0,8,6.112973690032959,PERSIANN_CDR,WA001,2006,"{""type"":""Point"",""coordinates"":[-17.470000000000002,14.73]}"
79_1,8,10.86811351776123,PERSIANN_CDR,WA002,2006,"{""type"":""Point"",""coordinates"":[-7.949999999999998,12.65]}"
79_2,8,7.043067932128906,PERSIANN_CDR,WA003,2006,"{""type"":""Point"",""coordinates"":[-1.5200000000000002,12.360000000000001]}"
79_3,8,5.733185768127441,PERSIANN_CDR,WA004,2006,"{""type"":""Point"",""coordinates"":[2.17,13.51]}"
79_4,8,13.376506805419922,PERSIANN_CDR,WA005,2006,"{""type"":""Point"",""coordinates"":[7.33,9.07]}"
79_5,8,1.1961082220077515,PERSIANN_CDR,WA006,2006,"{""type"":""Point"",""coordinates"":[-0.17,5.56]}"
79_6,8,0.6328554749488831,PERSIANN_CDR,WA007,2006,"{""type"":""Point"",""coordinates"":[-3.9299999999999997,5.349999999999999]}"
79_7,8,28.14688491821289,PERSIANN_CDR,WA008,2006,"{""type"":""Point"",""coordinates"":[-13.67,9.53]}"
79_8,8,23.08475112915039,PERSIANN_CDR,WA009,2006,"{""type"":""Point"",""coordinates"":[-13.230000000000002,8.489999999999998]}"
79_9,8,12.894423484802246,PERSIANN_CDR,WA010,2006,"{""type"":""Point"",""coordinates"":[-10.799999999999999,6.3]}"
79_10,8,2.1498565673828125,PERSIANN_CDR,WA011,2006,"{""type"":""Point"",""coordinates"":[1.22,6.130000000000001]}"
79_11,8,2.055516481399536,PERSIANN_CDR,WA012,2006,"{""type"":""Point"",""coordinates"":[2.42,6.37]}"
79_12,8,9.788714408874512,PERSIANN_CDR,WA013,2006,"{""type"":""Point"",""coordinates"":[8.52,12.05]}"
79_13,8,1.6236944198608398,PERSIANN_CDR,WA014,2006,"{""type"":""Point"",""coordinates"":[-1.62,6.69]}"
79_14,8,10.70744800567627,PERSIANN_CDR,WA015,2006,"{""type"":""Point"",""coordinates"":[-16.680000000000003,13.45]}"
80_0,9,5.808902263641357,PERSIANN_CDR,WA001,2006,"{""type"":""Point"",""coordinates"":[-17.470000000000002,14.73]}"
80_1,9,7.400613307952881,PERSIANN_CDR,WA002,2006,"{""type"":""Point"",""coordinates"":[-7.949999999999998,12.65]}"
80_2,9,5.800953388214111,PERSIANN_CDR,WA003,2006,"{""type"":""Point"",""coordinates"":[-1.5200000000000002,12.360000000000001]}"
80_3,9,3.211080312728882,PERSIANN_CDR,WA004,2006,"{""type"":""Point"",""coordinates"":[2.17,13.51]}"
80_4,9,14.55329704284668,PERSIANN_CDR,WA005,2006,"{""type"":""Point"",""coordinates"":[7.33,9.07]}"
80_5,9,3.356827735900879,PERSIANN_CDR,WA006,2006,"{""type"":""Point"",""coordinates"":[-0.17,5.56]}"
80_6,9,3.002814769744873,PERSIANN_CDR,WA007,2006,"{""type"":""Point"",""coordinates"":[-3.9299999999999997,5.349999999999999]}"
80_7,9,13.42387580871582,PERSIANN_CDR,WA008,2006,"{""type"":""Point"",""coordinates"":[-13.67,9.53]}"
80_8,9,14.245113372802734,PERSIANN_CDR,WA009,2006,"{""type"":""Point"",""coordinates"":[-13.230000000000002,8.489999999999998]}"
80_9,9,15.183247566223145,PERSIANN_CDR,WA010,2006,"{""type"":""Point"",""coordinates"":[-10.799999999999999,6.3]}"
80_10,9,5.164244174957275,PERSIANN_CDR,WA011,2006,"{""type"":""Point"",""coordinates"":[1.22,6.130000000000001]}"
80_11,9,6.802008628845215,PERSIANN_CDR,WA012,2006,"{""type"":""Point"",""coordinates"":[2.42,6.37]}"
80_12,9,7.309746742248535,PERSIANN_CDR,WA013,2006,"{""type"":""Point"",""coordinates"":[8.52,12.05]}"
80_13,9,6.000357627868652,PERSIANN_CDR,WA014,2006,"{""type"":""Point"",""coordinates"":[-1.62,6.69]}"
80_14,9,9.453343391418457,PERSIANN_CDR,WA015,2006,"{""type"":""Point"",""coordinates"":[-16.680000000000003,13.45]}"
81_0,10,1.2172824144363403,PERSIANN_CDR,WA001,2006,"{""type"":""Point"",""coordinates"":[-17.470000000000002,14.73]}"
81_1,10,2.152416229248047,PERSIANN_CDR,WA002,2006,"{""type"":""Point"",""coordinates"":[-7.949999999999998,12.65]}"
81_2,10,1.6863760948181152,PERSIANN_CDR,WA003,2006,"{""type"":""Point"",""coordinates"":[-1.5200000000000002,12.360000000000001]}"
81_3,10,0.33245763182640076,PERSIANN_CDR,WA004,2006,"{""type"":""Point"",""coordinates"":[2.17,13.51]}"
81_4,10,6.850716590881348,PERSIANN_CDR,WA005,2006,"{""type"":""Point"",""coordinates"":[7.33,9.07]}"
81_5,10,4.3254714012146,PERSIANN_CDR,WA006,2006,"{""type"":""Point"",""coordinates"":[-0.17,5.56]}"
81_6,10,4.65338659286499,PERSIANN_CDR,WA007,2006,"{""type"":""Point"",""coordinates"":[-3.9299999999999997,5.349999999999999]}"
81_7,10,12.915547370910645,PERSIANN_CDR,WA008,2006,"{""type"":""Point"",""coordinates"":[-13.67,9.53]}"
81_8,10,13.640504837036133,PERSIANN_CDR,WA009,2006,"{""type"":""Point"",""coordinates"":[-13.230000000000002,8.489999999999998]}"
81_9,10,9.349543571472168,PERSIANN_CDR,WA010,2006,"{""type"":""Point"",""coordinates"":[-10.799999999999999,6.3]}"
81_10,10,4.284541130065918,PERSIANN_CDR,WA011,2006,"{""type"":""Point"",""coordinates"":[1.22,6.130000000000001]}"
81_11,10,4.7063469886779785,PERSIANN_CDR,WA012,2006,"{""type"":""Point"",""coordinates"":[2.42,6.37]}"
81_12,10,0.9978035688400269,PERSIANN_CDR,WA013,2006,"{""type"":""Point"",""coordinates"":[8.52,12.05]}"
81_13,10,7.083067417144775,PERSIANN_CDR,WA014,2006,"{""type"":""Point"",""coordinates"":[-1.62,6.69]}"
81_14,10,2.216052293777466,PERSIANN_CDR,WA015,2006,"{""type"":""Point"",""coordinates"":[-16.680000000000003,13.45]}"
82_0,11,0.02942568063735962,PERSIANN_CDR,WA001,2006,"{""type"":""Point"",""coordinates"":[-17.470000000000002,14.73]}"
82_1,11,0.014357234351336956,PERSIANN_CDR,WA002,2006,"{""type"":""Point"",""coordinates"":[-7.949999999999998,12.65]}"
82_2,11,2.3059235900291242E-5,PERSIANN_CDR,WA003,2006,"{""type"":""Point"",""coordinates"":[-1.5200000000000002,12.360000000000001]}"
82_3,11,0.001042527612298727,PERSIANN_CDR,WA004,2006,"{""type"":""Point"",""coordinates"":[2.17,13.51]}"
82_4,11,0.08870483189821243,PERSIANN_CDR,WA005,2006,"{""type"":""Point"",""coordinates"":[7.33,9.07]}"
82_5,11,1.4666948318481445,PERSIANN_CDR,WA006,2006,"{""type"":""Point"",""coordinates"":[-0.17,5.56]}"
82_6,11,3.3792240619659424,PERSIANN_CDR,WA007,2006,"{""type"":""Point"",""coordinates"":[-3.9299999999999997,5.349999999999999]}"
82_7,11,1.5761775970458984,PERSIANN_CDR,WA008,2006,"{""type"":""Point"",""coordinates"":[-13.67,9.53]}"
82_8,11,3.026336908340454,PERSIANN_CDR,WA009,2006,"{""type"":""Point"",""coordinates"":[-13.230000000000002,8.489999999999998]}"
82_9,11,3.363450765609741,PERSIANN_CDR,WA010,2006,"{""type"":""Point"",""coordinates"":[-10.799999999999999,6.3]}"
82_10,11,0.8400552272796631,PERSIANN_CDR,WA011,2006,"{""type"":""Point"",""coordinates"":[1.22,6.130000000000001]}"
82_11,11,1.3072826862335205,PERSIANN_CDR,WA012,2006,"{""type"":""Point"",""coordinates"":[2.42,6.37]}"
82_12,11,0.017766181379556656,PERSIANN_CDR,WA013,2006,"{""type"":""Point"",""coordinates"":[8.52,12.05]}"
82_13,11,1.6839797496795654,PERSIANN_CDR,WA014,2006,"{""type"":""Point"",""coordinates"":[-1.62,6.69]}"
82_14,11,0.026871414855122566,PERSIANN_CDR,WA015,2006,"{""type"":""Point"",""coordinates"":[-16.680000000000003,13.45]}"
83_0,12,0.013858810998499393,PERSIANN_CDR,WA001,2006,"{""type"":""Point"",""coordinates"":[-17.470000000000002,14.73]}"
83_1,12,4.203524731565267E-4,PERSIANN_CDR,WA002,2006,"{""type"":""Point"",""coordinates"":[-7.949999999999998,12.65]}"
83_2,12,0.0,PERSIANN_CDR,WA003,2006,"{""type"":""Point"",""coordinates"":[-1.5200000000000002,12.360000000000001]}"
83_3,12,0.0,PERSIANN_CDR,WA004,2006,"{""type"":""Point"",""coordinates"":[2.17,13.51]}"
83_4,12,0.10766787081956863,PERSIANN_CDR,WA005,2006,"{""type"":""Point"",""coordinates"":[7.33,9.07]}"
83_5,12,0.8790150284767151,PERSIANN_CDR,WA006,2006,"{""type"":""Point"",""coordinates"":[-0.17,5.56]}"
83_6,12,1.2047350406646729,PERSIANN_CDR,WA007,2006,"{""type"":""Point"",""coordinates"":[-3.9299999999999997,5.349999999999999]}"
83_7,12,0.08539119362831116,PERSIANN_CDR,WA008,2006,"{""type"":""Point"",""coordinates"":[-13.67,9.53]}"
83_8,12,0.2062785029411316,PERSIANN_CDR,WA009,2006,"{""type"":""Point"",""coordinates"":[-13.230000000000002,8.489999999999998]}"
83_9,12,0.4072309136390686,PERSIANN_CDR,WA010,2006,"{""type"":""Point"",""coordinates"":[-10.799999999999999,6.3]}"
83_10,12,0.30528005957603455,PERSIANN_CDR,WA011,2006,"{""type"":""Point"",""coordinates"":[1.22,6.130000000000001]}"
83_11,12,0.14896447956562042,PERSIANN_CDR,WA012,2006,"{""type"":""Point"",""coordinates"":[2.42,6.37]}"
83_12,12,0.09484528005123138,PERSIANN_CDR,WA013,2006,"{""type"":""Point"",""coordinates"":[8.52,12.05]}"
83_13,12,0.7143586874008179,PERSIANN_CDR,WA014,2006,"{""type"":""Point"",""coordinates"":[-1.62,6.69]}"
83_14,12,0.012996010482311249,PERSIANN_CDR,WA015,2006,"{""type"":""Point"",""coordinates"":[-16.680000000000003,13.45]}"
84_0,1,0.10229906439781189,PERSIANN_CDR,WA001,2007,"{""type"":""Point"",""coordinates"":[-17.470000000000002,14.73]}"
84_1,1,0.0,PERSIANN_CDR,WA002,2007,"{""type"":""Point"",""coordinates"":[-7.949999999999998,12.65]}"
84_2,1,0.0,PERSIANN_CDR,WA003,2007,"{""type"":""Point"",""coordinates"":[-1.5200000000000002,12.360000000000001]}"
84_3,1,0.0,PERSIANN_CDR,WA004,2007,"{""type"":""Point"",""coordinates"":[2.17,13.51]}"
84_4,1,0.0250176340341568,PERSIANN_CDR,WA005,2007,"{""type"":""Point"",""coordinates"":[7.33,9.07]}"
84_5,1,0.18909956514835358,PERSIANN_CDR,WA006,2007,"{""type"":""Point"",""coordinates"":[-0.17,5.56]}"
84_6,1,0.1883963793516159,PERSIANN_CDR,WA007,2007,"{""type"":""Point"",""coordinates"":[-3.9299999999999997,5.349999999999999]}"
84_7,1,0.0018271589651703835,PERSIANN_CDR,WA008,2007,"{""type"":""Point"",""coordinates"":[-13.67,9.53]}"
84_8,1,0.020257029682397842,PERSIANN_CDR,WA009,2007,"{""type"":""Point"",""coordinates"":[-13.230000000000002,8.489999999999998]}"
84_9,1,0.13146084547042847,PERSIANN_CDR,WA010,2007,"{""type"":""Point"",""coordinates"":[-10.799999999999999,6.3]}"
84_10,1,0.10414865612983704,PERSIANN_CDR,WA011,2007,"{""type"":""Point"",""coordinates"":[1.22,6.130000000000001]}"
84_11,1,0.08190476894378662,PERSIANN_CDR,WA012,2007,"{""type"":""Point"",""coordinates"":[2.42,6.37]}"
84_12,1,0.028243737295269966,PERSIANN_CDR,WA013,2007,"{""type"":""Point"",""coordinates"":[8.52,12.05]}"
84_13,1,0.03759218752384186,PERSIANN_CDR,WA014,2007,"{""type"":""Point"",""coordinates"":[-1.62,6.69]}"
84_14,1,0.003363434923812747,PERSIANN_CDR,WA015,2007,"{""type"":""Point"",""coordinates"":[-16.680000000000003,13.45]}"
85_0,2,0.00104822579305619,PERSIANN_CDR,WA001,2007,"{""type"":""Point"",""coordinates"":[-17.470000000000002,14.73]}"
85_1,2,0.0023638547863811255,PERSIANN_CDR,WA002,2007,"{""type"":""Point"",""coordinates"":[-7.949999999999998,12.65]}"
85_2,2,0.001547575811855495,PERSIANN_CDR,WA003,2007,"{""type"":""Point"",""coordinates"":[-1.5200000000000002,12.360000000000001]}"
85_3,2,0.0,PERSIANN_CDR,WA004,2007,"{""type"":""Point"",""coordinates"":[2.17,13.51]}"
85_4,2,0.1314077079296112,PERSIANN_CDR,WA005,2007,"{""type"":""Point"",""coordinates"":[7.33,9.07]}"
85_5,2,0.990224301815033,PERSIANN_CDR,WA006,2007,"{""type"":""Point"",""coordinates"":[-0.17,5.56]}"
85_6,2,1.502943754196167,PERSIANN_CDR,WA007,2007,"{""type"":""Point"",""coordinates"":[-3.9299999999999997,5.349999999999999]}"
85_7,2,0.17770197987556458,PERSIANN_CDR,WA008,2007,"{""type"":""Point"",""coordinates"":[-13.67,9.53]}"
85_8,2,0.5080360174179077,PERSIANN_CDR,WA009,2007,"{""type"":""Point"",""coordinates"":[-13.230000000000002,8.489999999999998]}"
85_9,2,1.430840253829956,PERSIANN_CDR,WA010,2007,"{""type"":""Point"",""coordinates"":[-10.799999999999999,6.3]}"
85_10,2,0.7442910075187683,PERSIANN_CDR,WA011,2007,"{""type"":""Point"",""coordinates"":[1.22,6.130000000000001]}"
85_11,2,0.6290876269340515,PERSIANN_CDR,WA012,2007,"{""type"":""Point"",""coordinates"":[2.42,6.37]}"
85_12,2,0.0017807864351198077,PERSIANN_CDR,WA013,2007,"{""type"":""Point"",""coordinates"":[8.52,12.05]}"
85_13,2,0.5403692722320557,PERSIANN_CDR,WA014,2007,"{""type"":""Point"",""coordinates"":[-1.62,6.69]}"
85_14,2,0.0,PERSIANN_CDR,WA015,2007,"{""type"":""Point"",""coordinates"":[-16.680000000000003,13.45]}"
86_0,3,0.010817473754286766,PERSIANN_CDR,WA001,2007,"{""type"":""Point"",""coordinates"":[-17.470000000000002,14.73]}"
86_1,3,0.015753120183944702,PERSIANN_CDR,WA002,2007,"{""type"":""Point"",""coordinates"":[-7.949999999999998,12.65]}"
86_2,3,0.017571283504366875,PERSIANN_CDR,WA003,2007,"{""type"":""Point"",""coordinates"":[-1.5200000000000002,12.360000000000001]}"
86_3,3,7.156840292736888E-4,PERSIANN_CDR,WA004,2007,"{""type"":""Point"",""coordinates"":[2.17,13.51]}"
86_4,3,0.2935050427913666,PERSIANN_CDR,WA005,2007,"{""type"":""Point"",""coordinates"":[7.33,9.07]}"
86_5,3,1.844315528869629,PERSIANN_CDR,WA006,2007,"{""type"":""Point"",""coordinates"":[-0.17,5.56]}"
86_6,3,3.4521114826202393,PERSIANN_CDR,WA007,2007,"{""type"":""Point"",""coordinates"":[-3.9299999999999997,5.349999999999999]}"
86_7,3,0.24334099888801575,PERSIANN_CDR,WA008,2007,"{""type"":""Point"",""coordinates"":[-13.67,9.53]}"
86_8,3,0.4540121853351593,PERSIANN_CDR,WA009,2007,"{""type"":""Point"",""coordinates"":[-13.230000000000002,8.489999999999998]}"
86_9,3,4.187873363494873,PERSIANN_CDR,WA010,2007,"{""type"":""Point"",""coordinates"":[-10.799999999999999,6.3]}"
86_10,3,1.7732356786727905,PERSIANN_CDR,WA011,2007,"{""type"":""Point"",""coordinates"":[1.22,6.130000000000001]}"
86_11,3,1.3417744636535645,PERSIANN_CDR,WA012,2007,"{""type"":""Point"",""coordinates"":[2.42,6.37]}"
86_12,3,0.025734202936291695,PERSIANN_CDR,WA013,2007,"{""type"":""Point"",""coordinates"":[8.52,12.05]}"
86_13,3,3.265993595123291,PERSIANN_CDR,WA014,2007,"{""type"":""Point"",""coordinates"":[-1.62,6.69]}"
86_14,3,0.0031489331740885973,PERSIANN_CDR,WA015,2007,"{""type"":""Point"",""coordinates"":[-16.680000000000003,13.45]}"
87_0,4,9.532415424473584E-4,PERSIANN_CDR,WA001,2007,"{""type"":""Point"",""coordinates"":[-17.470000000000002,14.73]}"
87_1,4,0.21052789688110352,PERSIANN_CDR,WA002,2007,"{""type"":""Point"",""coordinates"":[-7.949999999999998,12.65]}"
87_2,4,1.5114073753356934,PERSIANN_CDR,WA003,2007,"{""type"":""Point"",""coordinates"":[-1.5200000000000002,12.360000000000001]}"
87_3,4,0.25758224725723267,PERSIANN_CDR,WA004,2007,"{""type"":""Point"",""coordinates"":[2.17,13.51]}"
87_4,4,2.536882162094116,PERSIANN_CDR,WA005,2007,"{""type"":""Point"",""coordinates"":[7.33,9.07]}"
87_5,4,3.1019482612609863,PERSIANN_CDR,WA006,2007,"{""type"":""Point"",""coordinates"":[-0.17,5.56]}"
87_6,4,4.549336910247803,PERSIANN_CDR,WA007,2007,"{""type"":""Point"",""coordinates"":[-3.9299999999999997,5.349999999999999]}"
87_7,4,0.3625662624835968,PERSIANN_CDR,WA008,2007,"{""type"":""Point"",""coordinates"":[-13.67,9.53]}"
87_8,4,1.3658227920532227,PERSIANN_CDR,WA009,2007,"{""type"":""Point"",""coordinates"":[-13.230000000000002,8.489999999999998]}"
87_9,4,4.443194389343262,PERSIANN_CDR,WA010,2007,"{""type"":""Point"",""coordinates"":[-10.799999999999999,6.3]}"
87_10,4,3.0082268714904785,PERSIANN_CDR,WA011,2007,"{""type"":""Point"",""coordinates"":[1.22,6.130000000000001]}"
87_11,4,2.3960211277008057,PERSIANN_CDR,WA012,2007,"{""type"":""Point"",""coordinates"":[2.42,6.37]}"
87_12,4,0.8726853132247925,PERSIANN_CDR,WA013,2007,"{""type"":""Point"",""coordinates"":[8.52,12.05]}"
87_13,4,4.403829574584961,PERSIANN_CDR,WA014,2007,"{""type"":""Point"",""coordinates"":[-1.62,6.69]}"
87_14,4,0.0,PERSIANN_CDR,WA015,2007,"{""type"":""Point"",""coordinates"":[-16.680000000000003,13.45]}"
88_0,5,0.0014621916925534606,PERSIANN_CDR,WA001,2007,"{""type"":""Point"",""coordinates"":[-17.470000000000002,14.73]}"
88_1,5,1.4699946641921997,PERSIANN_CDR,WA002,2007,"{""type"":""Point"",""coordinates"":[-7.949999999999998,12.65]}"
88_2,5,1.6443427801132202,PERSIANN_CDR,WA003,2007,"{""type"":""Point"",""coordinates"":[-1.5200000000000002,12.360000000000001]}"
88_3,5,1.1300448179244995,PERSIANN_CDR,WA004,2007,"{""type"":""Point"",""coordinates"":[2.17,13.51]}"
88_4,5,6.992905139923096,PERSIANN_CDR,WA005,2007,"{""type"":""Point"",""coordinates"":[7.33,9.07]}"
88_5,5,4.099355220794678,PERSIANN_CDR,WA006,2007,"{""type"":""Point"",""coordinates"":[-0.17,5.56]}"
88_6,5,4.168195724487305,PERSIANN_CDR,WA007,2007,"{""type"":""Point"",""coordinates"":[-3.9299999999999997,5.349999999999999]}"
88_7,5,1.40865957736969,PERSIANN_CDR,WA008,2007,"{""type"":""Point"",""coordinates"":[-13.67,9.53]}"
88_8,5,2.7112491130828857,PERSIANN_CDR,WA009,2007,"{""type"":""Point"",""coordinates"":[-13.230000000000002,8.489999999999998]}"
88_9,5,4.085458755493164,PERSIANN_CDR,WA010,2007,"{""type"":""Point"",""coordinates"":[-10.799999999999999,6.3]}"
88_10,5,4.994414329528809,PERSIANN_CDR,WA011,2007,"{""type"":""Point"",""coordinates"":[1.22,6.130000000000001]}"
88_11,5,6.724278926849365,PERSIANN_CDR,WA012,2007,"{""type"":""Point"",""coordinates"":[2.42,6.37]}"
88_12,5,3.050689220428467,PERSIANN_CDR,WA013,2007,"{""type"":""Point"",""coordinates"":[8.52,12.05]}"
88_13,5,3.9700522422790527,PERSIANN_CDR,WA014,2007,"{""type"":""Point"",""coordinates"":[-1.62,6.69]}"
88_14,5,0.01946362294256687,PERSIANN_CDR,WA015,2007,"{""type"":""Point"",""coordinates"":[-16.680000000000003,13.45]}"
89_0,6,0.13232478499412537,PERSIANN_CDR,WA001,2007,"{""type"":""Point"",""coordinates"":[-17.470000000000002,14.73]}"
89_1,6,3.211949586868286,PERSIANN_CDR,WA002,2007,"{""type"":""Point"",""coordinates"":[-7.949999999999998,12.65]}"
89_2,6,3.059518337249756,PERSIANN_CDR,WA003,2007,"{""type"":""Point"",""coordinates"":[-1.5200000000000002,12.360000000000001]}"
89_3,6,2.5763144493103027,PERSIANN_CDR,WA004,2007,"{""type"":""Point"",""coordinates"":[2.17,13.51]}"
89_4,6,9.856183052062988,PERSIANN_CDR,WA005,2007,"{""type"":""Point"",""coordinates"":[7.33,9.07]}"
89_5,6,6.170444488525391,PERSIANN_CDR,WA006,2007,"{""type"":""Point"",""coordinates"":[-0.17,5.56]}"
89_6,6,7.740467548370361,PERSIANN_CDR,WA007,2007,"{""type"":""Point"",""coordinates"":[-3.9299999999999997,5.349999999999999]}"
89_7,6,7.870499610900879,PERSIANN_CDR,WA008,2007,"{""type"":""Point"",""coordinates"":[-13.67,9.53]}"
89_8,6,13.6323881149292,PERSIANN_CDR,WA009,2007,"{""type"":""Point"",""coordinates"":[-13.230000000000002,8.489999999999998]}"
89_9,6,11.909157752990723,PERSIANN_CDR,WA010,2007,"{""type"":""Point"",""coordinates"":[-10.799999999999999,6.3]}"
89_10,6,6.4759674072265625,PERSIANN_CDR,WA011,2007,"{""type"":""Point"",""coordinates"":[1.22,6.130000000000001]}"
89_11,6,10.052135467529297,PERSIANN_CDR,WA012,2007,"{""type"":""Point"",""coordinates"":[2.42,6.37]}"
89_12,6,6.31221866607666,PERSIANN_CDR,WA013,2007,"{""type"":""Point"",""coordinates"":[8.52,12.05]}"
89_13,6,6.262431621551514,PERSIANN_CDR,WA014,2007,"{""type"":""Point"",""coordinates"":[-1.62,6.69]}"
89_14,6,0.8545652031898499,PERSIANN_CDR,WA015,2007,"{""type"":""Point"",""coordinates"":[-16.680000000000003,13.45]}"
90_0,7,1.5753251314163208,PERSIANN_CDR,WA001,2007,"{""type"":""Point"",""coordinates"":[-17.470000000000002,14.73]}"
90_1,7,7.926003932952881,PERSIANN_CDR,WA002,2007,"{""type"":""Point"",""coordinates"":[-7.949999999999998,12.65]}"
90_2,7,7.263054847717285,PERSIANN_CDR,WA003,2007,"{""type"":""Point"",""coordinates"":[-1.5200000000000002,12.360000000000001]}"
90_3,7,6.107354640960693,PERSIANN_CDR,WA004,2007,"{""type"":""Point"",""coordinates"":[2.17,13.51]}"
90_4,7,7.9421257972717285,PERSIANN_CDR,WA005,2007,"{""type"":""Point"",""coordinates"":[7.33,9.07]}"
90_5,7,5.723818302154541,PERSIANN_CDR,WA006,2007,"{""type"":""Point"",""coordinates"":[-0.17,5.56]}"
90_6,7,5.357390880584717,PERSIANN_CDR,WA007,2007,"{""type"":""Point"",""coordinates"":[-3.9299999999999997,5.349999999999999]}"
90_7,7,11.038413047790527,PERSIANN_CDR,WA008,2007,"{""type"":""Point"",""coordinates"":[-13.67,9.53]}"
90_8,7,11.166110038757324,PERSIANN_CDR,WA009,2007,"{""type"":""Point"",""coordinates"":[-13.230000000000002,8.489999999999998]}"
90_9,7,6.504403114318848,PERSIANN_CDR,WA010,2007,"{""type"":""Point"",""coordinates"":[-10.799999999999999,6.3]}"
90_10,7,6.1252899169921875,PERSIANN_CDR,WA011,2007,"{""type"":""Point"",""coordinates"":[1.22,6.130000000000001]}"
90_11,7,6.694791316986084,PERSIANN_CDR,WA012,2007,"{""type"":""Point"",""coordinates"":[2.42,6.37]}"
90_12,7,6.140861988067627,PERSIANN_CDR,WA013,2007,"{""type"":""Point"",""coordinates"":[8.52,12.05]}"
90_13,7,6.4557342529296875,PERSIANN_CDR,WA014,2007,"{""type"":""Point"",""coordinates"":[-1.62,6.69]}"
90_14,7,4.656468391418457,PERSIANN_CDR,WA015,2007,"{""type"":""Point"",""coordinates"":[-16.680000000000003,13.45]}"
91_0,8,4.829591274261475,PERSIANN_CDR,WA001,2007,"{""type"":""Point"",""coordinates"":[-17.470000000000002,14.73]}"
91_1,8,11.402388572692871,PERSIANN_CDR,WA002,2007,"{""type"":""Point"",""coordinates"":[-7.949999999999998,12.65]}"
91_2,8,10.048027992248535,PERSIANN_CDR,WA003,2007,"{""type"":""Point"",""coordinates"":[-1.5200000000000002,12.360000000000001]}"
91_3,8,7.865854263305664,PERSIANN_CDR,WA004,2007,"{""type"":""Point"",""coordinates"":[2.17,13.51]}"
91_4,8,10.530814170837402,PERSIANN_CDR,WA005,2007,"{""type"":""Point"",""coordinates"":[7.33,9.07]}"
91_5,8,2.021411657333374,PERSIANN_CDR,WA006,2007,"{""type"":""Point"",""coordinates"":[-0.17,5.56]}"
91_6,8,1.2179245948791504,PERSIANN_CDR,WA007,2007,"{""type"":""Point"",""coordinates"":[-3.9299999999999997,5.349999999999999]}"
91_7,8,18.078262329101562,PERSIANN_CDR,WA008,2007,"{""type"":""Point"",""coordinates"":[-13.67,9.53]}"
91_8,8,15.304476737976074,PERSIANN_CDR,WA009,2007,"{""type"":""Point"",""coordinates"":[-13.230000000000002,8.489999999999998]}"
91_9,8,11.913263320922852,PERSIANN_CDR,WA010,2007,"{""type"":""Point"",""coordinates"":[-10.799999999999999,6.3]}"
91_10,8,3.528258800506592,PERSIANN_CDR,WA011,2007,"{""type"":""Point"",""coordinates"":[1.22,6.130000000000001]}"
91_11,8,4.263246059417725,PERSIANN_CDR,WA012,2007,"{""type"":""Point"",""coordinates"":[2.42,6.37]}"
91_12,8,8.72770881652832,PERSIANN_CDR,WA013,2007,"{""type"":""Point"",""coordinates"":[8.52,12.05]}"
91_13,8,3.6796154975891113,PERSIANN_CDR,WA014,2007,"{""type"":""Point"",""coordinates"":[-1.62,6.69]}"
91_14,8,9.489420890808105,PERSIANN_CDR,WA015,2007,"{""type"":""Point"",""coordinates"":[-16.680000000000003,13.45]}"
92_0,9,5.53513240814209,PERSIANN_CDR,WA001,2007,"{""type"":""Point"",""coordinates"":[-17.470000000000002,14.73]}"
92_1,9,5.149091720581055,PERSIANN_CDR,WA002,2007,"{""type"":""Point"",""coordinates"":[-7.949999999999998,12.65]}"
92_2,9,5.815543174743652,PERSIANN_CDR,WA003,2007,"{""type"":""Point"",""coordinates"":[-1.5200000000000002,12.360000000000001]}"
92_3,9,2.536090850830078,PERSIANN_CDR,WA004,2007,"{""type"":""Point"",""coordinates"":[2.17,13.51]}"
92_4,9,8.897200584411621,PERSIANN_CDR,WA005,2007,"{""type"":""Point"",""coordinates"":[7.33,9.07]}"
92_5,9,6.484358310699463,PERSIANN_CDR,WA006,2007,"{""type"":""Point"",""coordinates"":[-0.17,5.56]}"
92_6,9,5.384487152099609,PERSIANN_CDR,WA007,2007,"{""type"":""Point"",""coordinates"":[-3.9299999999999997,5.349999999999999]}"
92_7,9,14.22642993927002,PERSIANN_CDR,WA008,2007,"{""type"":""Point"",""coordinates"":[-13.67,9.53]}"
92_8,9,12.776691436767578,PERSIANN_CDR,WA009,2007,"{""type"":""Point"",""coordinates"":[-13.230000000000002,8.489999999999998]}"
92_9,9,12.297907829284668,PERSIANN_CDR,WA010,2007,"{""type"":""Point"",""coordinates"":[-10.799999999999999,6.3]}"
92_10,9,7.677992343902588,PERSIANN_CDR,WA011,2007,"{""type"":""Point"",""coordinates"":[1.22,6.130000000000001]}"
92_11,9,7.8230390548706055,PERSIANN_CDR,WA012,2007,"{""type"":""Point"",""coordinates"":[2.42,6.37]}"
92_12,9,2.957536458969116,PERSIANN_CDR,WA013,2007,"{""type"":""Point"",""coordinates"":[8.52,12.05]}"
92_13,9,11.891279220581055,PERSIANN_CDR,WA014,2007,"{""type"":""Point"",""coordinates"":[-1.62,6.69]}"
92_14,9,8.716744422912598,PERSIANN_CDR,WA015,2007,"{""type"":""Point"",""coordinates"":[-16.680000000000003,13.45]}"
93_0,10,0.48442962765693665,PERSIANN_CDR,WA001,2007,"{""type"":""Point"",""coordinates"":[-17.470000000000002,14.73]}"
93_1,10,1.212228536605835,PERSIANN_CDR,WA002,2007,"{""type"":""Point"",""coordinates"":[-7.949999999999998,12.65]}"
93_2,10,0.3224453330039978,PERSIANN_CDR,WA003,2007,"{""type"":""Point"",""coordinates"":[-1.5200000000000002,12.360000000000001]}"
93_3,10,0.022558212280273438,PERSIANN_CDR,WA004,2007,"{""type"":""Point"",""coordinates"":[2.17,13.51]}"
93_4,10,8.280820846557617,PERSIANN_CDR,WA005,2007,"{""type"":""Point"",""coordinates"":[7.33,9.07]}"
93_5,10,6.906379699707031,PERSIANN_CDR,WA006,2007,"{""type"":""Point"",""coordinates"":[-0.17,5.56]}"
93_6,10,6.620455741882324,PERSIANN_CDR,WA007,2007,"{""type"":""Point"",""coordinates"":[-3.9299999999999997,5.349999999999999]}"
93_7,10,6.793485641479492,PERSIANN_CDR,WA008,2007,"{""type"":""Point"",""coordinates"":[-13.67,9.53]}"
93_8,10,7.012942790985107,PERSIANN_CDR,WA009,2007,"{""type"":""Point"",""coordinates"":[-13.230000000000002,8.489999999999998]}"
93_9,10,8.539966583251953,PERSIANN_CDR,WA010,2007,"{""type"":""Point"",""coordinates"":[-10.799999999999999,6.3]}"
93_10,10,7.213191509246826,PERSIANN_CDR,WA011,2007,"{""type"":""Point"",""coordinates"":[1.22,6.130000000000001]}"
93_11,10,8.46004581451416,PERSIANN_CDR,WA012,2007,"{""type"":""Point"",""coordinates"":[2.42,6.37]}"
93_12,10,0.392973929643631,PERSIANN_CDR,WA013,2007,"{""type"":""Point"",""coordinates"":[8.52,12.05]}"
93_13,10,6.912278175354004,PERSIANN_CDR,WA014,2007,"{""type"":""Point"",""coordinates"":[-1.62,6.69]}"
93_14,10,0.7875438332557678,PERSIANN_CDR,WA015,2007,"{""type"":""Point"",""coordinates"":[-16.680000000000003,13.45]}"
94_0,11,0.3327193558216095,PERSIANN_CDR,WA001,2007,"{""type"":""Point"",""coordinates"":[-17.470000000000002,14.73]}"
94_1,11,0.0740514025092125,PERSIANN_CDR,WA002,2007,"{""type"":""Point"",""coordinates"":[-7.949999999999998,12.65]}"
94_2,11,0.015322304330766201,PERSIANN_CDR,WA003,2007,"{""type"":""Point"",""coordinates"":[-1.5200000000000002,12.360000000000001]}"
94_3,11,0.001139617059379816,PERSIANN_CDR,WA004,2007,"{""type"":""Point"",""coordinates"":[2.17,13.51]}"
94_4,11,0.38238945603370667,PERSIANN_CDR,WA005,2007,"{""type"":""Point"",""coordinates"":[7.33,9.07]}"
94_5,11,1.8956186771392822,PERSIANN_CDR,WA006,2007,"{""type"":""Point"",""coordinates"":[-0.17,5.56]}"
94_6,11,3.9206759929656982,PERSIANN_CDR,WA007,2007,"{""type"":""Point"",""coordinates"":[-3.9299999999999997,5.349999999999999]}"
94_7,11,1.6882117986679077,PERSIANN_CDR,WA008,2007,"{""type"":""Point"",""coordinates"":[-13.67,9.53]}"
94_8,11,3.0826237201690674,PERSIANN_CDR,WA009,2007,"{""type"":""Point"",""coordinates"":[-13.230000000000002,8.489999999999998]}"
94_9,11,4.392138481140137,PERSIANN_CDR,WA010,2007,"{""type"":""Point"",""coordinates"":[-10.799999999999999,6.3]}"
94_10,11,1.223906397819519,PERSIANN_CDR,WA011,2007,"{""type"":""Point"",""coordinates"":[1.22,6.130000000000001]}"
94_11,11,1.207826852798462,PERSIANN_CDR,WA012,2007,"{""type"":""Point"",""coordinates"":[2.42,6.37]}"
94_12,11,0.004728056490421295,PERSIANN_CDR,WA013,2007,"{""type"":""Point"",""coordinates"":[8.52,12.05]}"
94_13,11,2.244337797164917,PERSIANN_CDR,WA014,2007,"{""type"":""Point"",""coordinates"":[-1.62,6.69]}"
94_14,11,0.356168270111084,PERSIANN_CDR,WA015,2007,"{""type"":""Point"",""coordinates"":[-16.680000000000003,13.45]}"
95_0,12,0.0036260797642171383,PERSIANN_CDR,WA001,2007,"{""type"":""Point"",""coordinates"":[-17.470000000000002,14.73]}"
95_1,12,5.050466279499233E-4,PERSIANN_CDR,WA002,2007,"{""type"":""Point"",""coordinates"":[-7.949999999999998,12.65]}"
95_2,12,0.0,PERSIANN_CDR,WA003,2007,"{""type"":""Point"",""coordinates"":[-1.5200000000000002,12.360000000000001]}"
95_3,12,4.041608772240579E-4,PERSIANN_CDR,WA004,2007,"{""type"":""Point"",""coordinates"":[2.17,13.51]}"
95_4,12,0.030521119013428688,PERSIANN_CDR,WA005,2007,"{""type"":""Point"",""coordinates"":[7.33,9.07]}"
95_5,12,1.1388914585113525,PERSIANN_CDR,WA006,2007,"{""type"":""Point"",""coordinates"":[-0.17,5.56]}"
95_6,12,2.186586380004883,PERSIANN_CDR,WA007,2007,"{""type"":""Point"",""coordinates"":[-3.9299999999999997,5.349999999999999]}"
95_7,12,0.43680086731910706,PERSIANN_CDR,WA008,2007,"{""type"":""Point"",""coordinates"":[-13.67,9.53]}"
95_8,12,0.6488229632377625,PERSIANN_CDR,WA009,2007,"{""type"":""Point"",""coordinates"":[-13.230000000000002,8.489999999999998]}"
95_9,12,1.79860258102417,PERSIANN_CDR,WA010,2007,"{""type"":""Point"",""coordinates"":[-10.799999999999999,6.3]}"
95_10,12,1.0272305011749268,PERSIANN_CDR,WA011,2007,"{""type"":""Point"",""coordinates"":[1.22,6.130000000000001]}"
95_11,12,1.3970140218734741,PERSIANN_CDR,WA012,2007,"{""type"":""Point"",""coordinates"":[2.42,6.37]}"
95_12,12,0.02010990120470524,PERSIANN_CDR,WA013,2007,"{""type"":""Point"",""coordinates"":[8.52,12.05]}"
95_13,12,0.8274339437484741,PERSIANN_CDR,WA014,2007,"{""type"":""Point"",""coordinates"":[-1.62,6.69]}"
95_14,12,0.0010241613490507007,PERSIANN_CDR,WA015,2007,"{""type"":""Point"",""coordinates"":[-16.680000000000003,13.45]}"
96_0,1,0.031131181865930557,PERSIANN_CDR,WA001,2008,"{""type"":""Point"",""coordinates"":[-17.470000000000002,14.73]}"
96_1,1,0.0,PERSIANN_CDR,WA002,2008,"{""type"":""Point"",""coordinates"":[-7.949999999999998,12.65]}"
96_2,1,0.0,PERSIANN_CDR,WA003,2008,"{""type"":""Point"",""coordinates"":[-1.5200000000000002,12.360000000000001]}"
96_3,1,0.0,PERSIANN_CDR,WA004,2008,"{""type"":""Point"",""coordinates"":[2.17,13.51]}"
96_4,1,0.016443902626633644,PERSIANN_CDR,WA005,2008,"{""type"":""Point"",""coordinates"":[7.33,9.07]}"
96_5,1,0.5359175801277161,PERSIANN_CDR,WA006,2008,"{""type"":""Point"",""coordinates"":[-0.17,5.56]}"
96_6,1,0.10129455476999283,PERSIANN_CDR,WA007,2008,"{""type"":""Point"",""coordinates"":[-3.9299999999999997,5.349999999999999]}"
96_7,1,0.04229791834950447,PERSIANN_CDR,WA008,2008,"{""type"":""Point"",""coordinates"":[-13.67,9.53]}"
96_8,1,0.07704618573188782,PERSIANN_CDR,WA009,2008,"{""type"":""Point"",""coordinates"":[-13.230000000000002,8.489999999999998]}"
96_9,1,0.27053284645080566,PERSIANN_CDR,WA010,2008,"{""type"":""Point"",""coordinates"":[-10.799999999999999,6.3]}"
96_10,1,0.5262992978096008,PERSIANN_CDR,WA011,2008,"{""type"":""Point"",""coordinates"":[1.22,6.130000000000001]}"
96_11,1,0.5939491391181946,PERSIANN_CDR,WA012,2008,"{""type"":""Point"",""coordinates"":[2.42,6.37]}"
96_12,1,0.0010882216738536954,PERSIANN_CDR,WA013,2008,"{""type"":""Point"",""coordinates"":[8.52,12.05]}"
96_13,1,0.03933700546622276,PERSIANN_CDR,WA014,2008,"{""type"":""Point"",""coordinates"":[-1.62,6.69]}"
96_14,1,0.0036939699202775955,PERSIANN_CDR,WA015,2008,"{""type"":""Point"",""coordinates"":[-16.680000000000003,13.45]}"
97_0,2,0.11820034682750702,PERSIANN_CDR,WA001,2008,"{""type"":""Point"",""coordinates"":[-17.470000000000002,14.73]}"
97_1,2,0.00955281499773264,PERSIANN_CDR,WA002,2008,"{""type"":""Point"",""coordinates"":[-7.949999999999998,12.65]}"
97_2,2,0.0031062669586390257,PERSIANN_CDR,WA003,2008,"{""type"":""Point"",""coordinates"":[-1.5200000000000002,12.360000000000001]}"
97_3,2,6.015512626618147E-4,PERSIANN_CDR,WA004,2008,"{""type"":""Point"",""coordinates"":[2.17,13.51]}"
97_4,2,0.1691903918981552,PERSIANN_CDR,WA005,2008,"{""type"":""Point"",""coordinates"":[7.33,9.07]}"
97_5,2,1.2366279363632202,PERSIANN_CDR,WA006,2008,"{""type"":""Point"",""coordinates"":[-0.17,5.56]}"
97_6,2,1.8275771141052246,PERSIANN_CDR,WA007,2008,"{""type"":""Point"",""coordinates"":[-3.9299999999999997,5.349999999999999]}"
97_7,2,0.16295552253723145,PERSIANN_CDR,WA008,2008,"{""type"":""Point"",""coordinates"":[-13.67,9.53]}"
97_8,2,0.534103274345398,PERSIANN_CDR,WA009,2008,"{""type"":""Point"",""coordinates"":[-13.230000000000002,8.489999999999998]}"
97_9,2,1.8307527303695679,PERSIANN_CDR,WA010,2008,"{""type"":""Point"",""coordinates"":[-10.799999999999999,6.3]}"
97_10,2,0.9328033328056335,PERSIANN_CDR,WA011,2008,"{""type"":""Point"",""coordinates"":[1.22,6.130000000000001]}"
97_11,2,0.3117491900920868,PERSIANN_CDR,WA012,2008,"{""type"":""Point"",""coordinates"":[2.42,6.37]}"
97_12,2,0.06660857051610947,PERSIANN_CDR,WA013,2008,"{""type"":""Point"",""coordinates"":[8.52,12.05]}"
97_13,2,1.9401353597640991,PERSIANN_CDR,WA014,2008,"{""type"":""Point"",""coordinates"":[-1.62,6.69]}"
97_14,2,0.036614008247852325,PERSIANN_CDR,WA015,2008,"{""type"":""Point"",""coordinates"":[-16.680000000000003,13.45]}"
98_0,3,0.04163932055234909,PERSIANN_CDR,WA001,2008,"{""type"":""Point"",""coordinates"":[-17.470000000000002,14.73]}"
98_1,3,0.08862470835447311,PERSIANN_CDR,WA002,2008,"{""type"":""Point"",""coordinates"":[-7.949999999999998,12.65]}"
98_2,3,0.04710673168301582,PERSIANN_CDR,WA003,2008,"{""type"":""Point"",""coordinates"":[-1.5200000000000002,12.360000000000001]}"
98_3,3,0.015490015968680382,PERSIANN_CDR,WA004,2008,"{""type"":""Point"",""coordinates"":[2.17,13.51]}"
98_4,3,0.5660245418548584,PERSIANN_CDR,WA005,2008,"{""type"":""Point"",""coordinates"":[7.33,9.07]}"
98_5,3,3.0813987255096436,PERSIANN_CDR,WA006,2008,"{""type"":""Point"",""coordinates"":[-0.17,5.56]}"
98_6,3,4.6198225021362305,PERSIANN_CDR,WA007,2008,"{""type"":""Point"",""coordinates"":[-3.9299999999999997,5.349999999999999]}"
98_7,3,0.28007832169532776,PERSIANN_CDR,WA008,2008,"{""type"":""Point"",""coordinates"":[-13.67,9.53]}"
98_8,3,0.9403988718986511,PERSIANN_CDR,WA009,2008,"{""type"":""Point"",""coordinates"":[-13.230000000000002,8.489999999999998]}"
98_9,3,2.9135940074920654,PERSIANN_CDR,WA010,2008,"{""type"":""Point"",""coordinates"":[-10.799999999999999,6.3]}"
98_10,3,2.668731927871704,PERSIANN_CDR,WA011,2008,"{""type"":""Point"",""coordinates"":[1.22,6.130000000000001]}"
98_11,3,2.4239706993103027,PERSIANN_CDR,WA012,2008,"{""type"":""Point"",""coordinates"":[2.42,6.37]}"
98_12,3,0.008085905574262142,PERSIANN_CDR,WA013,2008,"{""type"":""Point"",""coordinates"":[8.52,12.05]}"
98_13,3,4.438519477844238,PERSIANN_CDR,WA014,2008,"{""type"":""Point"",""coordinates"":[-1.62,6.69]}"
98_14,3,0.01427394337952137,PERSIANN_CDR,WA015,2008,"{""type"":""Point"",""coordinates"":[-16.680000000000003,13.45]}"
99_0,4,0.004488461185246706,PERSIANN_CDR,WA001,2008,"{""type"":""Point"",""coordinates"":[-17.470000000000002,14.73]}"
99_1,4,1.0481663942337036,PERSIANN_CDR,WA002,2008,"{""type"":""Point"",""coordinates"":[-7.949999999999998,12.65]}"
99_2,4,0.3501039743423462,PERSIANN_CDR,WA003,2008,"{""type"":""Point"",""coordinates"":[-1.5200000000000002,12.360000000000001]}"
99_3,4,0.027331726625561714,PERSIANN_CDR,WA004,2008,"{""type"":""Point"",""coordinates"":[2.17,13.51]}"
99_4,4,3.0576770305633545,PERSIANN_CDR,WA005,2008,"{""type"":""Point"",""coordinates"":[7.33,9.07]}"
99_5,4,4.006720066070557,PERSIANN_CDR,WA006,2008,"{""type"":""Point"",""coordinates"":[-0.17,5.56]}"
99_6,4,5.91180419921875,PERSIANN_CDR,WA007,2008,"{""type"":""Point"",""coordinates"":[-3.9299999999999997,5.349999999999999]}"
99_7,4,0.685019850730896,PERSIANN_CDR,WA008,2008,"{""type"":""Point"",""coordinates"":[-13.67,9.53]}"
99_8,4,1.0612282752990723,PERSIANN_CDR,WA009,2008,"{""type"":""Point"",""coordinates"":[-13.230000000000002,8.489999999999998]}"
99_9,4,3.852066993713379,PERSIANN_CDR,WA010,2008,"{""type"":""Point"",""coordinates"":[-10.799999999999999,6.3]}"
99_10,4,3.5397560596466064,PERSIANN_CDR,WA011,2008,"{""type"":""Point"",""coordinates"":[1.22,6.130000000000001]}"
99_11,4,3.212376832962036,PERSIANN_CDR,WA012,2008,"{""type"":""Point"",""coordinates"":[2.42,6.37]}"
99_12,4,0.15759094059467316,PERSIANN_CDR,WA013,2008,"{""type"":""Point"",""coordinates"":[8.52,12.05]}"
99_13,4,4.0813117027282715,PERSIANN_CDR,WA014,2008,"{""type"":""Point"",""coordinates"":[-1.62,6.69]}"
99_14,4,0.0016390129458159208,PERSIANN_CDR,WA015,2008,"{""type"":""Point"",""coordinates"":[-16.680000000000003,13.45]}"
100_0,5,0.0030831897165626287,PERSIANN_CDR,WA001,2008,"{""type"":""Point"",""coordinates"":[-17.470000000000002,14.73]}"
100_1,5,1.9622747898101807,PERSIANN_CDR,WA002,2008,"{""type"":""Point"",""coordinates"":[-7.949999999999998,12.65]}"
100_2,5,1.5351753234863281,PERSIANN_CDR,WA003,2008,"{""type"":""Point"",""coordinates"":[-1.5200000000000002,12.360000000000001]}"
100_3,5,1.2871581315994263,PERSIANN_CDR,WA004,2008,"{""type"":""Point"",""coordinates"":[2.17,13.51]}"
100_4,5,4.9524664878845215,PERSIANN_CDR,WA005,2008,"{""type"":""Point"",""coordinates"":[7.33,9.07]}"
100_5,5,7.200133323669434,PERSIANN_CDR,WA006,2008,"{""type"":""Point"",""coordinates"":[-0.17,5.56]}"
100_6,5,9.397850036621094,PERSIANN_CDR,WA007,2008,"{""type"":""Point"",""coordinates"":[-3.9299999999999997,5.349999999999999]}"
100_7,5,4.124673366546631,PERSIANN_CDR,WA008,2008,"{""type"":""Point"",""coordinates"":[-13.67,9.53]}"
100_8,5,6.063887596130371,PERSIANN_CDR,WA009,2008,"{""type"":""Point"",""coordinates"":[-13.230000000000002,8.489999999999998]}"
100_9,5,7.315425395965576,PERSIANN_CDR,WA010,2008,"{""type"":""Point"",""coordinates"":[-10.799999999999999,6.3]}"
100_10,5,6.054697513580322,PERSIANN_CDR,WA011,2008,"{""type"":""Point"",""coordinates"":[1.22,6.130000000000001]}"
100_11,5,6.0450029373168945,PERSIANN_CDR,WA012,2008,"{""type"":""Point"",""coordinates"":[2.42,6.37]}"
100_12,5,1.5536956787109375,PERSIANN_CDR,WA013,2008,"{""type"":""Point"",""coordinates"":[8.52,12.05]}"
100_13,5,6.931071758270264,PERSIANN_CDR,WA014,2008,"{""type"":""Point"",""coordinates"":[-1.62,6.69]}"
100_14,5,0.06966695189476013,PERSIANN_CDR,WA015,2008,"{""type"":""Point"",""coordinates"":[-16.680000000000003,13.45]}"
101_0,6,0.5212023258209229,PERSIANN_CDR,WA001,2008,"{""type"":""Point"",""coordinates"":[-17.470000000000002,14.73]}"
101_1,6,6.149150848388672,PERSIANN_CDR,WA002,2008,"{""type"":""Point"",""coordinates"":[-7.949999999999998,12.65]}"
101_2,6,4.7061238288879395,PERSIANN_CDR,WA003,2008,"{""type"":""Point"",""coordinates"":[-1.5200000000000002,12.360000000000001]}"
101_3,6,3.698107957839966,PERSIANN_CDR,WA004,2008,"{""type"":""Point"",""coordinates"":[2.17,13.51]}"
101_4,6,7.297842025756836,PERSIANN_CDR,WA005,2008,"{""type"":""Point"",""coordinates"":[7.33,9.07]}"
101_5,6,6.847022533416748,PERSIANN_CDR,WA006,2008,"{""type"":""Point"",""coordinates"":[-0.17,5.56]}"
101_6,6,8.693026542663574,PERSIANN_CDR,WA007,2008,"{""type"":""Point"",""coordinates"":[-3.9299999999999997,5.349999999999999]}"
101_7,6,10.729830741882324,PERSIANN_CDR,WA008,2008,"{""type"":""Point"",""coordinates"":[-13.67,9.53]}"
101_8,6,11.221514701843262,PERSIANN_CDR,WA009,2008,"{""type"":""Point"",""coordinates"":[-13.230000000000002,8.489999999999998]}"
101_9,6,9.635212898254395,PERSIANN_CDR,WA010,2008,"{""type"":""Point"",""coordinates"":[-10.799999999999999,6.3]}"
101_10,6,6.671679973602295,PERSIANN_CDR,WA011,2008,"{""type"":""Point"",""coordinates"":[1.22,6.130000000000001]}"
101_11,6,8.08712387084961,PERSIANN_CDR,WA012,2008,"{""type"":""Point"",""coordinates"":[2.42,6.37]}"
101_12,6,4.277328014373779,PERSIANN_CDR,WA013,2008,"{""type"":""Point"",""coordinates"":[8.52,12.05]}"
101_13,6,6.914357662200928,PERSIANN_CDR,WA014,2008,"{""type"":""Point"",""coordinates"":[-1.62,6.69]}"
101_14,6,3.852479934692383,PERSIANN_CDR,WA015,2008,"{""type"":""Point"",""coordinates"":[-16.680000000000003,13.45]}"
102_0,7,5.686618804931641,PERSIANN_CDR,WA001,2008,"{""type"":""Point"",""coordinates"":[-17.470000000000002,14.73]}"
102_1,7,8.269761085510254,PERSIANN_CDR,WA002,2008,"{""type"":""Point"",""coordinates"":[-7.949999999999998,12.65]}"
102_2,7,8.985302925109863,PERSIANN_CDR,WA003,2008,"{""type"":""Point"",""coordinates"":[-1.5200000000000002,12.360000000000001]}"
102_3,7,4.354737281799316,PERSIANN_CDR,WA004,2008,"{""type"":""Point"",""coordinates"":[2.17,13.51]}"
102_4,7,8.84539794921875,PERSIANN_CDR,WA005,2008,"{""type"":""Point"",""coordinates"":[7.33,9.07]}"
102_5,7,3.7490930557250977,PERSIANN_CDR,WA006,2008,"{""type"":""Point"",""coordinates"":[-0.17,5.56]}"
102_6,7,3.464592218399048,PERSIANN_CDR,WA007,2008,"{""type"":""Point"",""coordinates"":[-3.9299999999999997,5.349999999999999]}"
102_7,7,16.832380294799805,PERSIANN_CDR,WA008,2008,"{""type"":""Point"",""coordinates"":[-13.67,9.53]}"
102_8,7,19.050289154052734,PERSIANN_CDR,WA009,2008,"{""type"":""Point"",""coordinates"":[-13.230000000000002,8.489999999999998]}"
102_9,7,14.29566764831543,PERSIANN_CDR,WA010,2008,"{""type"":""Point"",""coordinates"":[-10.799999999999999,6.3]}"
102_10,7,7.267007350921631,PERSIANN_CDR,WA011,2008,"{""type"":""Point"",""coordinates"":[1.22,6.130000000000001]}"
102_11,7,10.024613380432129,PERSIANN_CDR,WA012,2008,"{""type"":""Point"",""coordinates"":[2.42,6.37]}"
102_12,7,8.174142837524414,PERSIANN_CDR,WA013,2008,"{""type"":""Point"",""coordinates"":[8.52,12.05]}"
102_13,7,4.338170528411865,PERSIANN_CDR,WA014,2008,"{""type"":""Point"",""coordinates"":[-1.62,6.69]}"
102_14,7,10.995903968811035,PERSIANN_CDR,WA015,2008,"{""type"":""Point"",""coordinates"":[-16.680000000000003,13.45]}"
103_0,8,9.615867614746094,PERSIANN_CDR,WA001,2008,"{""type"":""Point"",""coordinates"":[-17.470000000000002,14.73]}"
103_1,8,12.959529876708984,PERSIANN_CDR,WA002,2008,"{""type"":""Point"",""coordinates"":[-7.949999999999998,12.65]}"
103_2,8,7.517254829406738,PERSIANN_CDR,WA003,2008,"{""type"":""Point"",""coordinates"":[-1.5200000000000002,12.360000000000001]}"
103_3,8,6.060928821563721,PERSIANN_CDR,WA004,2008,"{""type"":""Point"",""coordinates"":[2.17,13.51]}"
103_4,8,9.570999145507812,PERSIANN_CDR,WA005,2008,"{""type"":""Point"",""coordinates"":[7.33,9.07]}"
103_5,8,1.601794719696045,PERSIANN_CDR,WA006,2008,"{""type"":""Point"",""coordinates"":[-0.17,5.56]}"
103_6,8,1.8204997777938843,PERSIANN_CDR,WA007,2008,"{""type"":""Point"",""coordinates"":[-3.9299999999999997,5.349999999999999]}"
103_7,8,17.178680419921875,PERSIANN_CDR,WA008,2008,"{""type"":""Point"",""coordinates"":[-13.67,9.53]}"
103_8,8,17.668527603149414,PERSIANN_CDR,WA009,2008,"{""type"":""Point"",""coordinates"":[-13.230000000000002,8.489999999999998]}"
103_9,8,10.105835914611816,PERSIANN_CDR,WA010,2008,"{""type"":""Point"",""coordinates"":[-10.799999999999999,6.3]}"
103_10,8,2.563035249710083,PERSIANN_CDR,WA011,2008,"{""type"":""Point"",""coordinates"":[1.22,6.130000000000001]}"
103_11,8,2.6558449268341064,PERSIANN_CDR,WA012,2008,"{""type"":""Point"",""coordinates"":[2.42,6.37]}"
103_12,8,8.590104103088379,PERSIANN_CDR,WA013,2008,"{""type"":""Point"",""coordinates"":[8.52,12.05]}"
103_13,8,3.563793659210205,PERSIANN_CDR,WA014,2008,"{""type"":""Point"",""coordinates"":[-1.62,6.69]}"
103_14,8,11.628510475158691,PERSIANN_CDR,WA015,2008,"{""type"":""Point"",""coordinates"":[-16.680000000000003,13.45]}"
104_0,9,4.254561424255371,PERSIANN_CDR,WA001,2008,"{""type"":""Point"",""coordinates"":[-17.470000000000002,14.73]}"
104_1,9,5.195955753326416,PERSIANN_CDR,WA002,2008,"{""type"":""Point"",""coordinates"":[-7.949999999999998,12.65]}"
104_2,9,3.875469207763672,PERSIANN_CDR,WA003,2008,"{""type"":""Point"",""coordinates"":[-1.5200000000000002,12.360000000000001]}"
104_3,9,2.2485666275024414,PERSIANN_CDR,WA004,2008,"{""type"":""Point"",""coordinates"":[2.17,13.51]}"
104_4,9,10.76127815246582,PERSIANN_CDR,WA005,2008,"{""type"":""Point"",""coordinates"":[7.33,9.07]}"
104_5,9,3.15446138381958,PERSIANN_CDR,WA006,2008,"{""type"":""Point"",""coordinates"":[-0.17,5.56]}"
104_6,9,3.9008138179779053,PERSIANN_CDR,WA007,2008,"{""type"":""Point"",""coordinates"":[-3.9299999999999997,5.349999999999999]}"
104_7,9,11.300365447998047,PERSIANN_CDR,WA008,2008,"{""type"":""Point"",""coordinates"":[-13.67,9.53]}"
104_8,9,14.441023826599121,PERSIANN_CDR,WA009,2008,"{""type"":""Point"",""coordinates"":[-13.230000000000002,8.489999999999998]}"
104_9,9,13.116388320922852,PERSIANN_CDR,WA010,2008,"{""type"":""Point"",""coordinates"":[-10.799999999999999,6.3]}"
104_10,9,4.631615161895752,PERSIANN_CDR,WA011,2008,"{""type"":""Point"",""coordinates"":[1.22,6.130000000000001]}"
104_11,9,6.368598937988281,PERSIANN_CDR,WA012,2008,"{""type"":""Point"",""coordinates"":[2.42,6.37]}"
104_12,9,4.744935512542725,PERSIANN_CDR,WA013,2008,"{""type"":""Point"",""coordinates"":[8.52,12.05]}"
104_13,9,5.650712490081787,PERSIANN_CDR,WA014,2008,"{""type"":""Point"",""coordinates"":[-1.62,6.69]}"
104_14,9,8.135857582092285,PERSIANN_CDR,WA015,2008,"{""type"":""Point"",""coordinates"":[-16.680000000000003,13.45]}"
105_0,10,1.2067142724990845,PERSIANN_CDR,WA001,2008,"{""type"":""Point"",""coordinates"":[-17.470000000000002,14.73]}"
105_1,10,2.743912935256958,PERSIANN_CDR,WA002,2008,"{""type"":""Point"",""coordinates"":[-7.949999999999998,12.65]}"
105_2,10,1.6730397939682007,PERSIANN_CDR,WA003,2008,"{""type"":""Point"",""coordinates"":[-1.5200000000000002,12.360000000000001]}"
105_3,10,0.6166625618934631,PERSIANN_CDR,WA004,2008,"{""type"":""Point"",""coordinates"":[2.17,13.51]}"
105_4,10,4.826964855194092,PERSIANN_CDR,WA005,2008,"{""type"":""Point"",""coordinates"":[7.33,9.07]}"
105_5,10,3.7806954383850098,PERSIANN_CDR,WA006,2008,"{""type"":""Point"",""coordinates"":[-0.17,5.56]}"
105_6,10,5.180301666259766,PERSIANN_CDR,WA007,2008,"{""type"":""Point"",""coordinates"":[-3.9299999999999997,5.349999999999999]}"
105_7,10,10.211210250854492,PERSIANN_CDR,WA008,2008,"{""type"":""Point"",""coordinates"":[-13.67,9.53]}"
105_8,10,10.694792747497559,PERSIANN_CDR,WA009,2008,"{""type"":""Point"",""coordinates"":[-13.230000000000002,8.489999999999998]}"
105_9,10,12.239625930786133,PERSIANN_CDR,WA010,2008,"{""type"":""Point"",""coordinates"":[-10.799999999999999,6.3]}"
105_10,10,4.8826704025268555,PERSIANN_CDR,WA011,2008,"{""type"":""Point"",""coordinates"":[1.22,6.130000000000001]}"
105_11,10,5.680704116821289,PERSIANN_CDR,WA012,2008,"{""type"":""Point"",""coordinates"":[2.42,6.37]}"
105_12,10,0.47493642568588257,PERSIANN_CDR,WA013,2008,"{""type"":""Point"",""coordinates"":[8.52,12.05]}"
105_13,10,7.7129364013671875,PERSIANN_CDR,WA014,2008,"{""type"":""Point"",""coordinates"":[-1.62,6.69]}"
105_14,10,2.9087073802948,PERSIANN_CDR,WA015,2008,"{""type"":""Point"",""coordinates"":[-16.680000000000003,13.45]}"
106_0,11,0.001640900387428701,PERSIANN_CDR,WA001,2008,"{""type"":""Point"",""coordinates"":[-17.470000000000002,14.73]}"
106_1,11,0.013539650477468967,PERSIANN_CDR,WA002,2008,"{""type"":""Point"",""coordinates"":[-7.949999999999998,12.65]}"
106_2,11,5.877942021470517E-5,PERSIANN_CDR,WA003,2008,"{""type"":""Point"",""coordinates"":[-1.5200000000000002,12.360000000000001]}"
106_3,11,6.038331193849444E-4,PERSIANN_CDR,WA004,2008,"{""type"":""Point"",""coordinates"":[2.17,13.51]}"
106_4,11,0.057330094277858734,PERSIANN_CDR,WA005,2008,"{""type"":""Point"",""coordinates"":[7.33,9.07]}"
106_5,11,2.642848253250122,PERSIANN_CDR,WA006,2008,"{""type"":""Point"",""coordinates"":[-0.17,5.56]}"
106_6,11,4.214609146118164,PERSIANN_CDR,WA007,2008,"{""type"":""Point"",""coordinates"":[-3.9299999999999997,5.349999999999999]}"
106_7,11,0.655186116695404,PERSIANN_CDR,WA008,2008,"{""type"":""Point"",""coordinates"":[-13.67,9.53]}"
106_8,11,1.7511829137802124,PERSIANN_CDR,WA009,2008,"{""type"":""Point"",""coordinates"":[-13.230000000000002,8.489999999999998]}"
106_9,11,2.854046106338501,PERSIANN_CDR,WA010,2008,"{""type"":""Point"",""coordinates"":[-10.799999999999999,6.3]}"
106_10,11,1.222514033317566,PERSIANN_CDR,WA011,2008,"{""type"":""Point"",""coordinates"":[1.22,6.130000000000001]}"
106_11,11,1.407373070716858,PERSIANN_CDR,WA012,2008,"{""type"":""Point"",""coordinates"":[2.42,6.37]}"
106_12,11,0.0028222452383488417,PERSIANN_CDR,WA013,2008,"{""type"":""Point"",""coordinates"":[8.52,12.05]}"
106_13,11,1.8149269819259644,PERSIANN_CDR,WA014,2008,"{""type"":""Point"",""coordinates"":[-1.62,6.69]}"
106_14,11,0.0228960569947958,PERSIANN_CDR,WA015,2008,"{""type"":""Point"",""coordinates"":[-16.680000000000003,13.45]}"
107_0,12,0.049414366483688354,PERSIANN_CDR,WA001,2008,"{""type"":""Point"",""coordinates"":[-17.470000000000002,14.73]}"
107_1,12,9.94906877167523E-4,PERSIANN_CDR,WA002,2008,"{""type"":""Point"",""coordinates"":[-7.949999999999998,12.65]}"
107_2,12,1.1917379015358165E-4,PERSIANN_CDR,WA003,2008,"{""type"":""Point"",""coordinates"":[-1.5200000000000002,12.360000000000001]}"
107_3,12,0.0,PERSIANN_CDR,WA004,2008,"{""type"":""Point"",""coordinates"":[2.17,13.51]}"
107_4,12,0.13773128390312195,PERSIANN_CDR,WA005,2008,"{""type"":""Point"",""coordinates"":[7.33,9.07]}"
107_5,12,1.7961105108261108,PERSIANN_CDR,WA006,2008,"{""type"":""Point"",""coordinates"":[-0.17,5.56]}"
107_6,12,2.300543785095215,PERSIANN_CDR,WA007,2008,"{""type"":""Point"",""coordinates"":[-3.9299999999999997,5.349999999999999]}"
107_7,12,0.06406550854444504,PERSIANN_CDR,WA008,2008,"{""type"":""Point"",""coordinates"":[-13.67,9.53]}"
107_8,12,0.2795977294445038,PERSIANN_CDR,WA009,2008,"{""type"":""Point"",""coordinates"":[-13.230000000000002,8.489999999999998]}"
107_9,12,1.3083540201187134,PERSIANN_CDR,WA010,2008,"{""type"":""Point"",""coordinates"":[-10.799999999999999,6.3]}"
107_10,12,1.4970048666000366,PERSIANN_CDR,WA011,2008,"{""type"":""Point"",""coordinates"":[1.22,6.130000000000001]}"
107_11,12,1.0604828596115112,PERSIANN_CDR,WA012,2008,"{""type"":""Point"",""coordinates"":[2.42,6.37]}"
107_12,12,0.08871215581893921,PERSIANN_CDR,WA013,2008,"{""type"":""Point"",""coordinates"":[8.52,12.05]}"
107_13,12,1.6748038530349731,PERSIANN_CDR,WA014,2008,"{""type"":""Point"",""coordinates"":[-1.62,6.69]}"
107_14,12,7.035965682007372E-4,PERSIANN_CDR,WA015,2008,"{""type"":""Point"",""coordinates"":[-16.680000000000003,13.45]}"
108_0,1,0.16234980523586273,PERSIANN_CDR,WA001,2009,"{""type"":""Point"",""coordinates"":[-17.470000000000002,14.73]}"
108_1,1,0.0,PERSIANN_CDR,WA002,2009,"{""type"":""Point"",""coordinates"":[-7.949999999999998,12.65]}"
108_2,1,0.0,PERSIANN_CDR,WA003,2009,"{""type"":""Point"",""coordinates"":[-1.5200000000000002,12.360000000000001]}"
108_3,1,0.0,PERSIANN_CDR,WA004,2009,"{""type"":""Point"",""coordinates"":[2.17,13.51]}"
108_4,1,0.055215492844581604,PERSIANN_CDR,WA005,2009,"{""type"":""Point"",""coordinates"":[7.33,9.07]}"
108_5,1,0.530391275882721,PERSIANN_CDR,WA006,2009,"{""type"":""Point"",""coordinates"":[-0.17,5.56]}"
108_6,1,0.5302368998527527,PERSIANN_CDR,WA007,2009,"{""type"":""Point"",""coordinates"":[-3.9299999999999997,5.349999999999999]}"
108_7,1,0.020271768793463707,PERSIANN_CDR,WA008,2009,"{""type"":""Point"",""coordinates"":[-13.67,9.53]}"
108_8,1,0.14191089570522308,PERSIANN_CDR,WA009,2009,"{""type"":""Point"",""coordinates"":[-13.230000000000002,8.489999999999998]}"
108_9,1,0.37794825434684753,PERSIANN_CDR,WA010,2009,"{""type"":""Point"",""coordinates"":[-10.799999999999999,6.3]}"
108_10,1,0.39968571066856384,PERSIANN_CDR,WA011,2009,"{""type"":""Point"",""coordinates"":[1.22,6.130000000000001]}"
108_11,1,0.34174060821533203,PERSIANN_CDR,WA012,2009,"{""type"":""Point"",""coordinates"":[2.42,6.37]}"
108_12,1,7.923844968900084E-4,PERSIANN_CDR,WA013,2009,"{""type"":""Point"",""coordinates"":[8.52,12.05]}"
108_13,1,0.07066179811954498,PERSIANN_CDR,WA014,2009,"{""type"":""Point"",""coordinates"":[-1.62,6.69]}"
108_14,1,0.02266937680542469,PERSIANN_CDR,WA015,2009,"{""type"":""Point"",""coordinates"":[-16.680000000000003,13.45]}"
109_0,2,0.017668262124061584,PERSIANN_CDR,WA001,2009,"{""type"":""Point"",""coordinates"":[-17.470000000000002,14.73]}"
109_1,2,0.026910994201898575,PERSIANN_CDR,WA002,2009,"{""type"":""Point"",""coordinates"":[-7.949999999999998,12.65]}"
109_2,2,0.07276256382465363,PERSIANN_CDR,WA003,2009,"{""type"":""Point"",""coordinates"":[-1.5200000000000002,12.360000000000001]}"
109_3,2,0.002544621704146266,PERSIANN_CDR,WA004,2009,"{""type"":""Point"",""coordinates"":[2.17,13.51]}"
109_4,2,0.07315905392169952,PERSIANN_CDR,WA005,2009,"{""type"":""Point"",""coordinates"":[7.33,9.07]}"
109_5,2,1.4551355838775635,PERSIANN_CDR,WA006,2009,"{""type"":""Point"",""coordinates"":[-0.17,5.56]}"
109_6,2,3.5192341804504395,PERSIANN_CDR,WA007,2009,"{""type"":""Point"",""coordinates"":[-3.9299999999999997,5.349999999999999]}"
109_7,2,0.04023976996541023,PERSIANN_CDR,WA008,2009,"{""type"":""Point"",""coordinates"":[-13.67,9.53]}"
109_8,2,0.10618800669908524,PERSIANN_CDR,WA009,2009,"{""type"":""Point"",""coordinates"":[-13.230000000000002,8.489999999999998]}"
109_9,2,1.412606120109558,PERSIANN_CDR,WA010,2009,"{""type"":""Point"",""coordinates"":[-10.799999999999999,6.3]}"
109_10,2,1.281048059463501,PERSIANN_CDR,WA011,2009,"{""type"":""Point"",""coordinates"":[1.22,6.130000000000001]}"
109_11,2,0.865517258644104,PERSIANN_CDR,WA012,2009,"{""type"":""Point"",""coordinates"":[2.42,6.37]}"
109_12,2,4.8592910752631724E-4,PERSIANN_CDR,WA013,2009,"{""type"":""Point"",""coordinates"":[8.52,12.05]}"
109_13,2,2.626319169998169,PERSIANN_CDR,WA014,2009,"{""type"":""Point"",""coordinates"":[-1.62,6.69]}"
109_14,2,0.0,PERSIANN_CDR,WA015,2009,"{""type"":""Point"",""coordinates"":[-16.680000000000003,13.45]}"
110_0,3,0.005211333278566599,PERSIANN_CDR,WA001,2009,"{""type"":""Point"",""coordinates"":[-17.470000000000002,14.73]}"
110_1,3,0.42516952753067017,PERSIANN_CDR,WA002,2009,"{""type"":""Point"",""coordinates"":[-7.949999999999998,12.65]}"
110_2,3,0.07173298299312592,PERSIANN_CDR,WA003,2009,"{""type"":""Point"",""coordinates"":[-1.5200000000000002,12.360000000000001]}"
110_3,3,3.546041261870414E-4,PERSIANN_CDR,WA004,2009,"{""type"":""Point"",""coordinates"":[2.17,13.51]}"
110_4,3,0.4860805571079254,PERSIANN_CDR,WA005,2009,"{""type"":""Point"",""coordinates"":[7.33,9.07]}"
110_5,3,2.2099626064300537,PERSIANN_CDR,WA006,2009,"{""type"":""Point"",""coordinates"":[-0.17,5.56]}"
110_6,3,4.560421466827393,PERSIANN_CDR,WA007,2009,"{""type"":""Point"",""coordinates"":[-3.9299999999999997,5.349999999999999]}"
110_7,3,0.15024812519550323,PERSIANN_CDR,WA008,2009,"{""type"":""Point"",""coordinates"":[-13.67,9.53]}"
110_8,3,0.19815640151500702,PERSIANN_CDR,WA009,2009,"{""type"":""Point"",""coordinates"":[-13.230000000000002,8.489999999999998]}"
110_9,3,1.2284975051879883,PERSIANN_CDR,WA010,2009,"{""type"":""Point"",""coordinates"":[-10.799999999999999,6.3]}"
110_10,3,2.0687496662139893,PERSIANN_CDR,WA011,2009,"{""type"":""Point"",""coordinates"":[1.22,6.130000000000001]}"
110_11,3,1.718694806098938,PERSIANN_CDR,WA012,2009,"{""type"":""Point"",""coordinates"":[2.42,6.37]}"
110_12,3,0.009626403450965881,PERSIANN_CDR,WA013,2009,"{""type"":""Point"",""coordinates"":[8.52,12.05]}"
110_13,3,3.5739848613739014,PERSIANN_CDR,WA014,2009,"{""type"":""Point"",""coordinates"":[-1.62,6.69]}"
110_14,3,0.0020298876333981752,PERSIANN_CDR,WA015,2009,"{""type"":""Point"",""coordinates"":[-16.680000000000003,13.45]}"
111_0,4,0.01577451080083847,PERSIANN_CDR,WA001,2009,"{""type"":""Point"",""coordinates"":[-17.470000000000002,14.73]}"
111_1,4,0.22123762965202332,PERSIANN_CDR,WA002,2009,"{""type"":""Point"",""coordinates"":[-7.949999999999998,12.65]}"
111_2,4,0.7295593619346619,PERSIANN_CDR,WA003,2009,"{""type"":""Point"",""coordinates"":[-1.5200000000000002,12.360000000000001]}"
111_3,4,0.1814371943473816,PERSIANN_CDR,WA004,2009,"{""type"":""Point"",""coordinates"":[2.17,13.51]}"
111_4,4,6.42091703414917,PERSIANN_CDR,WA005,2009,"{""type"":""Point"",""coordinates"":[7.33,9.07]}"
111_5,4,3.840139150619507,PERSIANN_CDR,WA006,2009,"{""type"":""Point"",""coordinates"":[-0.17,5.56]}"
111_6,4,4.740055084228516,PERSIANN_CDR,WA007,2009,"{""type"":""Point"",""coordinates"":[-3.9299999999999997,5.349999999999999]}"
111_7,4,0.3756231367588043,PERSIANN_CDR,WA008,2009,"{""type"":""Point"",""coordinates"":[-13.67,9.53]}"
111_8,4,0.6573765873908997,PERSIANN_CDR,WA009,2009,"{""type"":""Point"",""coordinates"":[-13.230000000000002,8.489999999999998]}"
111_9,4,1.7224349975585938,PERSIANN_CDR,WA010,2009,"{""type"":""Point"",""coordinates"":[-10.799999999999999,6.3]}"
111_10,4,4.608168601989746,PERSIANN_CDR,WA011,2009,"{""type"":""Point"",""coordinates"":[1.22,6.130000000000001]}"
111_11,4,4.3023552894592285,PERSIANN_CDR,WA012,2009,"{""type"":""Point"",""coordinates"":[2.42,6.37]}"
111_12,4,1.0478129386901855,PERSIANN_CDR,WA013,2009,"{""type"":""Point"",""coordinates"":[8.52,12.05]}"
111_13,4,4.488397598266602,PERSIANN_CDR,WA014,2009,"{""type"":""Point"",""coordinates"":[-1.62,6.69]}"
111_14,4,0.045502834022045135,PERSIANN_CDR,WA015,2009,"{""type"":""Point"",""coordinates"":[-16.680000000000003,13.45]}"
112_0,5,0.03151332959532738,PERSIANN_CDR,WA001,2009,"{""type"":""Point"",""coordinates"":[-17.470000000000002,14.73]}"
112_1,5,1.977908730506897,PERSIANN_CDR,WA002,2009,"{""type"":""Point"",""coordinates"":[-7.949999999999998,12.65]}"
112_2,5,1.8744735717773438,PERSIANN_CDR,WA003,2009,"{""type"":""Point"",""coordinates"":[-1.5200000000000002,12.360000000000001]}"
112_3,5,0.6842015981674194,PERSIANN_CDR,WA004,2009,"{""type"":""Point"",""coordinates"":[2.17,13.51]}"
112_4,5,4.982479572296143,PERSIANN_CDR,WA005,2009,"{""type"":""Point"",""coordinates"":[7.33,9.07]}"
112_5,5,5.291704177856445,PERSIANN_CDR,WA006,2009,"{""type"":""Point"",""coordinates"":[-0.17,5.56]}"
112_6,5,6.443777084350586,PERSIANN_CDR,WA007,2009,"{""type"":""Point"",""coordinates"":[-3.9299999999999997,5.349999999999999]}"
112_7,5,2.1733243465423584,PERSIANN_CDR,WA008,2009,"{""type"":""Point"",""coordinates"":[-13.67,9.53]}"
112_8,5,2.2352347373962402,PERSIANN_CDR,WA009,2009,"{""type"":""Point"",""coordinates"":[-13.230000000000002,8.489999999999998]}"
112_9,5,3.7757022380828857,PERSIANN_CDR,WA010,2009,"{""type"":""Point"",""coordinates"":[-10.799999999999999,6.3]}"
112_10,5,4.523410797119141,PERSIANN_CDR,WA011,2009,"{""type"":""Point"",""coordinates"":[1.22,6.130000000000001]}"
112_11,5,5.105493068695068,PERSIANN_CDR,WA012,2009,"{""type"":""Point"",""coordinates"":[2.42,6.37]}"
112_12,5,1.8205937147140503,PERSIANN_CDR,WA013,2009,"{""type"":""Point"",""coordinates"":[8.52,12.05]}"
112_13,5,5.056476593017578,PERSIANN_CDR,WA014,2009,"{""type"":""Point"",""coordinates"":[-1.62,6.69]}"
112_14,5,0.11796008050441742,PERSIANN_CDR,WA015,2009,"{""type"":""Point"",""coordinates"":[-16.680000000000003,13.45]}"
113_0,6,0.23414826393127441,PERSIANN_CDR,WA001,2009,"{""type"":""Point"",""coordinates"":[-17.470000000000002,14.73]}"
113_1,6,4.433919906616211,PERSIANN_CDR,WA002,2009,"{""type"":""Point"",""coordinates"":[-7.949999999999998,12.65]}"
113_2,6,4.491704940795898,PERSIANN_CDR,WA003,2009,"{""type"":""Point"",""coordinates"":[-1.5200000000000002,12.360000000000001]}"
113_3,6,2.45013427734375,PERSIANN_CDR,WA004,2009,"{""type"":""Point"",""coordinates"":[2.17,13.51]}"
113_4,6,6.8545756340026855,PERSIANN_CDR,WA005,2009,"{""type"":""Point"",""coordinates"":[7.33,9.07]}"
113_5,6,8.33492660522461,PERSIANN_CDR,WA006,2009,"{""type"":""Point"",""coordinates"":[-0.17,5.56]}"
113_6,6,9.731446266174316,PERSIANN_CDR,WA007,2009,"{""type"":""Point"",""coordinates"":[-3.9299999999999997,5.349999999999999]}"
113_7,6,4.942634105682373,PERSIANN_CDR,WA008,2009,"{""type"":""Point"",""coordinates"":[-13.67,9.53]}"
113_8,6,5.597189903259277,PERSIANN_CDR,WA009,2009,"{""type"":""Point"",""coordinates"":[-13.230000000000002,8.489999999999998]}"
113_9,6,9.914216995239258,PERSIANN_CDR,WA010,2009,"{""type"":""Point"",""coordinates"":[-10.799999999999999,6.3]}"
113_10,6,7.942861557006836,PERSIANN_CDR,WA011,2009,"{""type"":""Point"",""coordinates"":[1.22,6.130000000000001]}"
113_11,6,10.26775074005127,PERSIANN_CDR,WA012,2009,"{""type"":""Point"",""coordinates"":[2.42,6.37]}"
113_12,6,4.282406330108643,PERSIANN_CDR,WA013,2009,"{""type"":""Point"",""coordinates"":[8.52,12.05]}"
113_13,6,6.8179192543029785,PERSIANN_CDR,WA014,2009,"{""type"":""Point"",""coordinates"":[-1.62,6.69]}"
113_14,6,1.1439526081085205,PERSIANN_CDR,WA015,2009,"{""type"":""Point"",""coordinates"":[-16.680000000000003,13.45]}"
114_0,7,3.2299821376800537,PERSIANN_CDR,WA001,2009,"{""type"":""Point"",""coordinates"":[-17.470000000000002,14.73]}"
114_1,7,4.725822925567627,PERSIANN_CDR,WA002,2009,"{""type"":""Point"",""coordinates"":[-7.949999999999998,12.65]}"
114_2,7,6.612950325012207,PERSIANN_CDR,WA003,2009,"{""type"":""Point"",""coordinates"":[-1.5200000000000002,12.360000000000001]}"
114_3,7,3.6609320640563965,PERSIANN_CDR,WA004,2009,"{""type"":""Point"",""coordinates"":[2.17,13.51]}"
114_4,7,5.567940711975098,PERSIANN_CDR,WA005,2009,"{""type"":""Point"",""coordinates"":[7.33,9.07]}"
114_5,7,3.393627882003784,PERSIANN_CDR,WA006,2009,"{""type"":""Point"",""coordinates"":[-0.17,5.56]}"
114_6,7,4.7912750244140625,PERSIANN_CDR,WA007,2009,"{""type"":""Point"",""coordinates"":[-3.9299999999999997,5.349999999999999]}"
114_7,7,5.076236724853516,PERSIANN_CDR,WA008,2009,"{""type"":""Point"",""coordinates"":[-13.67,9.53]}"
114_8,7,5.848334789276123,PERSIANN_CDR,WA009,2009,"{""type"":""Point"",""coordinates"":[-13.230000000000002,8.489999999999998]}"
114_9,7,2.4736506938934326,PERSIANN_CDR,WA010,2009,"{""type"":""Point"",""coordinates"":[-10.799999999999999,6.3]}"
114_10,7,4.598355770111084,PERSIANN_CDR,WA011,2009,"{""type"":""Point"",""coordinates"":[1.22,6.130000000000001]}"
114_11,7,4.722375392913818,PERSIANN_CDR,WA012,2009,"{""type"":""Point"",""coordinates"":[2.42,6.37]}"
114_12,7,6.505340576171875,PERSIANN_CDR,WA013,2009,"{""type"":""Point"",""coordinates"":[8.52,12.05]}"
114_13,7,6.493727684020996,PERSIANN_CDR,WA014,2009,"{""type"":""Point"",""coordinates"":[-1.62,6.69]}"
114_14,7,6.168363094329834,PERSIANN_CDR,WA015,2009,"{""type"":""Point"",""coordinates"":[-16.680000000000003,13.45]}"
115_0,8,9.623826026916504,PERSIANN_CDR,WA001,2009,"{""type"":""Point"",""coordinates"":[-17.470000000000002,14.73]}"
115_1,8,6.574454307556152,PERSIANN_CDR,WA002,2009,"{""type"":""Point"",""coordinates"":[-7.949999999999998,12.65]}"
115_2,8,6.3911519050598145,PERSIANN_CDR,WA003,2009,"{""type"":""Point"",""coordinates"":[-1.5200000000000002,12.360000000000001]}"
115_3,8,6.476944923400879,PERSIANN_CDR,WA004,2009,"{""type"":""Point"",""coordinates"":[2.17,13.51]}"
115_4,8,11.368476867675781,PERSIANN_CDR,WA005,2009,"{""type"":""Point"",""coordinates"":[7.33,9.07]}"
115_5,8,1.2365645170211792,PERSIANN_CDR,WA006,2009,"{""type"":""Point"",""coordinates"":[-0.17,5.56]}"
115_6,8,0.7601503729820251,PERSIANN_CDR,WA007,2009,"{""type"":""Point"",""coordinates"":[-3.9299999999999997,5.349999999999999]}"
115_7,8,10.28281021118164,PERSIANN_CDR,WA008,2009,"{""type"":""Point"",""coordinates"":[-13.67,9.53]}"
115_8,8,10.011691093444824,PERSIANN_CDR,WA009,2009,"{""type"":""Point"",""coordinates"":[-13.230000000000002,8.489999999999998]}"
115_9,8,2.9002137184143066,PERSIANN_CDR,WA010,2009,"{""type"":""Point"",""coordinates"":[-10.799999999999999,6.3]}"
115_10,8,2.196200370788574,PERSIANN_CDR,WA011,2009,"{""type"":""Point"",""coordinates"":[1.22,6.130000000000001]}"
115_11,8,1.11176335811615,PERSIANN_CDR,WA012,2009,"{""type"":""Point"",""coordinates"":[2.42,6.37]}"
115_12,8,7.46040153503418,PERSIANN_CDR,WA013,2009,"{""type"":""Point"",""coordinates"":[8.52,12.05]}"
115_13,8,1.4812721014022827,PERSIANN_CDR,WA014,2009,"{""type"":""Point"",""coordinates"":[-1.62,6.69]}"
115_14,8,12.931953430175781,PERSIANN_CDR,WA015,2009,"{""type"":""Point"",""coordinates"":[-16.680000000000003,13.45]}"
116_0,9,7.353000164031982,PERSIANN_CDR,WA001,2009,"{""type"":""Point"",""coordinates"":[-17.470000000000002,14.73]}"
116_1,9,8.71497631072998,PERSIANN_CDR,WA002,2009,"{""type"":""Point"",""coordinates"":[-7.949999999999998,12.65]}"
116_2,9,6.578943729400635,PERSIANN_CDR,WA003,2009,"{""type"":""Point"",""coordinates"":[-1.5200000000000002,12.360000000000001]}"
116_3,9,2.7687618732452393,PERSIANN_CDR,WA004,2009,"{""type"":""Point"",""coordinates"":[2.17,13.51]}"
116_4,9,7.749442100524902,PERSIANN_CDR,WA005,2009,"{""type"":""Point"",""coordinates"":[7.33,9.07]}"
116_5,9,1.310468077659607,PERSIANN_CDR,WA006,2009,"{""type"":""Point"",""coordinates"":[-0.17,5.56]}"
116_6,9,0.6002830862998962,PERSIANN_CDR,WA007,2009,"{""type"":""Point"",""coordinates"":[-3.9299999999999997,5.349999999999999]}"
116_7,9,14.13653564453125,PERSIANN_CDR,WA008,2009,"{""type"":""Point"",""coordinates"":[-13.67,9.53]}"
116_8,9,12.564168930053711,PERSIANN_CDR,WA009,2009,"{""type"":""Point"",""coordinates"":[-13.230000000000002,8.489999999999998]}"
116_9,9,6.887640476226807,PERSIANN_CDR,WA010,2009,"{""type"":""Point"",""coordinates"":[-10.799999999999999,6.3]}"
116_10,9,2.1811680793762207,PERSIANN_CDR,WA011,2009,"{""type"":""Point"",""coordinates"":[1.22,6.130000000000001]}"
116_11,9,2.4657092094421387,PERSIANN_CDR,WA012,2009,"{""type"":""Point"",""coordinates"":[2.42,6.37]}"
116_12,9,3.6218323707580566,PERSIANN_CDR,WA013,2009,"{""type"":""Point"",""coordinates"":[8.52,12.05]}"
116_13,9,2.8219246864318848,PERSIANN_CDR,WA014,2009,"{""type"":""Point"",""coordinates"":[-1.62,6.69]}"
116_14,9,9.306516647338867,PERSIANN_CDR,WA015,2009,"{""type"":""Point"",""coordinates"":[-16.680000000000003,13.45]}"
117_0,10,0.9136744141578674,PERSIANN_CDR,WA001,2009,"{""type"":""Point"",""coordinates"":[-17.470000000000002,14.73]}"
117_1,10,2.4846413135528564,PERSIANN_CDR,WA002,2009,"{""type"":""Point"",""coordinates"":[-7.949999999999998,12.65]}"
117_2,10,1.7654099464416504,PERSIANN_CDR,WA003,2009,"{""type"":""Point"",""coordinates"":[-1.5200000000000002,12.360000000000001]}"
117_3,10,0.9499309659004211,PERSIANN_CDR,WA004,2009,"{""type"":""Point"",""coordinates"":[2.17,13.51]}"
117_4,10,6.893547058105469,PERSIANN_CDR,WA005,2009,"{""type"":""Point"",""coordinates"":[7.33,9.07]}"
117_5,10,2.2048709392547607,PERSIANN_CDR,WA006,2009,"{""type"":""Point"",""coordinates"":[-0.17,5.56]}"
117_6,10,1.7073886394500732,PERSIANN_CDR,WA007,2009,"{""type"":""Point"",""coordinates"":[-3.9299999999999997,5.349999999999999]}"
117_7,10,4.625459671020508,PERSIANN_CDR,WA008,2009,"{""type"":""Point"",""coordinates"":[-13.67,9.53]}"
117_8,10,5.483602046966553,PERSIANN_CDR,WA009,2009,"{""type"":""Point"",""coordinates"":[-13.230000000000002,8.489999999999998]}"
117_9,10,5.315627574920654,PERSIANN_CDR,WA010,2009,"{""type"":""Point"",""coordinates"":[-10.799999999999999,6.3]}"
117_10,10,3.109797954559326,PERSIANN_CDR,WA011,2009,"{""type"":""Point"",""coordinates"":[1.22,6.130000000000001]}"
117_11,10,4.227138996124268,PERSIANN_CDR,WA012,2009,"{""type"":""Point"",""coordinates"":[2.42,6.37]}"
117_12,10,1.397632122039795,PERSIANN_CDR,WA013,2009,"{""type"":""Point"",""coordinates"":[8.52,12.05]}"
117_13,10,4.318994998931885,PERSIANN_CDR,WA014,2009,"{""type"":""Point"",""coordinates"":[-1.62,6.69]}"
117_14,10,1.2258121967315674,PERSIANN_CDR,WA015,2009,"{""type"":""Point"",""coordinates"":[-16.680000000000003,13.45]}"
118_0,11,0.25444069504737854,PERSIANN_CDR,WA001,2009,"{""type"":""Point"",""coordinates"":[-17.470000000000002,14.73]}"
118_1,11,0.1822134107351303,PERSIANN_CDR,WA002,2009,"{""type"":""Point"",""coordinates"":[-7.949999999999998,12.65]}"
118_2,11,0.04871109127998352,PERSIANN_CDR,WA003,2009,"{""type"":""Point"",""coordinates"":[-1.5200000000000002,12.360000000000001]}"
118_3,11,0.009382225573062897,PERSIANN_CDR,WA004,2009,"{""type"":""Point"",""coordinates"":[2.17,13.51]}"
118_4,11,0.4559381604194641,PERSIANN_CDR,WA005,2009,"{""type"":""Point"",""coordinates"":[7.33,9.07]}"
118_5,11,1.5740320682525635,PERSIANN_CDR,WA006,2009,"{""type"":""Point"",""coordinates"":[-0.17,5.56]}"
118_6,11,3.854041814804077,PERSIANN_CDR,WA007,2009,"{""type"":""Point"",""coordinates"":[-3.9299999999999997,5.349999999999999]}"
118_7,11,1.7596895694732666,PERSIANN_CDR,WA008,2009,"{""type"":""Point"",""coordinates"":[-13.67,9.53]}"
118_8,11,2.602604866027832,PERSIANN_CDR,WA009,2009,"{""type"":""Point"",""coordinates"":[-13.230000000000002,8.489999999999998]}"
118_9,11,5.180050849914551,PERSIANN_CDR,WA010,2009,"{""type"":""Point"",""coordinates"":[-10.799999999999999,6.3]}"
118_10,11,1.0454062223434448,PERSIANN_CDR,WA011,2009,"{""type"":""Point"",""coordinates"":[1.22,6.130000000000001]}"
118_11,11,1.1003037691116333,PERSIANN_CDR,WA012,2009,"{""type"":""Point"",""coordinates"":[2.42,6.37]}"
118_12,11,0.013909160159528255,PERSIANN_CDR,WA013,2009,"{""type"":""Point"",""coordinates"":[8.52,12.05]}"
118_13,11,2.900099515914917,PERSIANN_CDR,WA014,2009,"{""type"":""Point"",""coordinates"":[-1.62,6.69]}"
118_14,11,0.403661847114563,PERSIANN_CDR,WA015,2009,"{""type"":""Point"",""coordinates"":[-16.680000000000003,13.45]}"
119_0,12,0.004771281965076923,PERSIANN_CDR,WA001,2009,"{""type"":""Point"",""coordinates"":[-17.470000000000002,14.73]}"
119_1,12,0.0,PERSIANN_CDR,WA002,2009,"{""type"":""Point"",""coordinates"":[-7.949999999999998,12.65]}"
119_2,12,0.0,PERSIANN_CDR,WA003,2009,"{""type"":""Point"",""coordinates"":[-1.5200000000000002,12.360000000000001]}"
119_3,12,0.0,PERSIANN_CDR,WA004,2009,"{""type"":""Point"",""coordinates"":[2.17,13.51]}"
119_4,12,0.00847194530069828,PERSIANN_CDR,WA005,2009,"{""type"":""Point"",""coordinates"":[7.33,9.07]}"
119_5,12,1.3472455739974976,PERSIANN_CDR,WA006,2009,"{""type"":""Point"",""coordinates"":[-0.17,5.56]}"
119_6,12,1.2467560768127441,PERSIANN_CDR,WA007,2009,"{""type"":""Point"",""coordinates"":[-3.9299999999999997,5.349999999999999]}"
119_7,12,0.038896042853593826,PERSIANN_CDR,WA008,2009,"{""type"":""Point"",""coordinates"":[-13.67,9.53]}"
119_8,12,0.11154448240995407,PERSIANN_CDR,WA009,2009,"{""type"":""Point"",""coordinates"":[-13.230000000000002,8.489999999999998]}"
119_9,12,0.6632154583930969,PERSIANN_CDR,WA010,2009,"{""type"":""Point"",""coordinates"":[-10.799999999999999,6.3]}"
119_10,12,1.0497368574142456,PERSIANN_CDR,WA011,2009,"{""type"":""Point"",""coordinates"":[1.22,6.130000000000001]}"
119_11,12,0.2857622504234314,PERSIANN_CDR,WA012,2009,"{""type"":""Point"",""coordinates"":[2.42,6.37]}"
119_12,12,0.0016604609554633498,PERSIANN_CDR,WA013,2009,"{""type"":""Point"",""coordinates"":[8.52,12.05]}"
119_13,12,1.1339534521102905,PERSIANN_CDR,WA014,2009,"{""type"":""Point"",""coordinates"":[-1.62,6.69]}"
119_14,12,0.0,PERSIANN_CDR,WA015,2009,"{""type"":""Point"",""coordinates"":[-16.680000000000003,13.45]}"
120_0,1,5.763988010585308E-4,PERSIANN_CDR,WA001,2010,"{""type"":""Point"",""coordinates"":[-17.470000000000002,14.73]}"
120_1,1,1.0477640898898244E-4,PERSIANN_CDR,WA002,2010,"{""type"":""Point"",""coordinates"":[-7.949999999999998,12.65]}"
120_2,1,0.0,PERSIANN_CDR,WA003,2010,"{""type"":""Point"",""coordinates"":[-1.5200000000000002,12.360000000000001]}"
120_3,1,0.0011389313731342554,PERSIANN_CDR,WA004,2010,"{""type"":""Point"",""coordinates"":[2.17,13.51]}"
120_4,1,0.030509885400533676,PERSIANN_CDR,WA005,2010,"{""type"":""Point"",""coordinates"":[7.33,9.07]}"
120_5,1,0.591917872428894,PERSIANN_CDR,WA006,2010,"{""type"":""Point"",""coordinates"":[-0.17,5.56]}"
120_6,1,0.9755192995071411,PERSIANN_CDR,WA007,2010,"{""type"":""Point"",""coordinates"":[-3.9299999999999997,5.349999999999999]}"
120_7,1,0.062468305230140686,PERSIANN_CDR,WA008,2010,"{""type"":""Point"",""coordinates"":[-13.67,9.53]}"
120_8,1,0.09160003811120987,PERSIANN_CDR,WA009,2010,"{""type"":""Point"",""coordinates"":[-13.230000000000002,8.489999999999998]}"
120_9,1,0.638032853603363,PERSIANN_CDR,WA010,2010,"{""type"":""Point"",""coordinates"":[-10.799999999999999,6.3]}"
120_10,1,0.48846808075904846,PERSIANN_CDR,WA011,2010,"{""type"":""Point"",""coordinates"":[1.22,6.130000000000001]}"
120_11,1,0.6721377372741699,PERSIANN_CDR,WA012,2010,"{""type"":""Point"",""coordinates"":[2.42,6.37]}"
120_12,1,0.0018874210072681308,PERSIANN_CDR,WA013,2010,"{""type"":""Point"",""coordinates"":[8.52,12.05]}"
120_13,1,0.4742880165576935,PERSIANN_CDR,WA014,2010,"{""type"":""Point"",""coordinates"":[-1.62,6.69]}"
120_14,1,3.9927728357724845E-4,PERSIANN_CDR,WA015,2010,"{""type"":""Point"",""coordinates"":[-16.680000000000003,13.45]}"
121_0,2,0.01866271160542965,PERSIANN_CDR,WA001,2010,"{""type"":""Point"",""coordinates"":[-17.470000000000002,14.73]}"
121_1,2,0.03733748942613602,PERSIANN_CDR,WA002,2010,"{""type"":""Point"",""coordinates"":[-7.949999999999998,12.65]}"
121_2,2,0.06389026343822479,PERSIANN_CDR,WA003,2010,"{""type"":""Point"",""coordinates"":[-1.5200000000000002,12.360000000000001]}"
121_3,2,0.0,PERSIANN_CDR,WA004,2010,"{""type"":""Point"",""coordinates"":[2.17,13.51]}"
121_4,2,0.286574125289917,PERSIANN_CDR,WA005,2010,"{""type"":""Point"",""coordinates"":[7.33,9.07]}"
121_5,2,2.7220661640167236,PERSIANN_CDR,WA006,2010,"{""type"":""Point"",""coordinates"":[-0.17,5.56]}"
121_6,2,3.3974058628082275,PERSIANN_CDR,WA007,2010,"{""type"":""Point"",""coordinates"":[-3.9299999999999997,5.349999999999999]}"
121_7,2,0.09962385147809982,PERSIANN_CDR,WA008,2010,"{""type"":""Point"",""coordinates"":[-13.67,9.53]}"
121_8,2,0.3043852150440216,PERSIANN_CDR,WA009,2010,"{""type"":""Point"",""coordinates"":[-13.230000000000002,8.489999999999998]}"
121_9,2,2.9395406246185303,PERSIANN_CDR,WA010,2010,"{""type"":""Point"",""coordinates"":[-10.799999999999999,6.3]}"
121_10,2,2.493006944656372,PERSIANN_CDR,WA011,2010,"{""type"":""Point"",""coordinates"":[1.22,6.130000000000001]}"
121_11,2,1.556928038597107,PERSIANN_CDR,WA012,2010,"{""type"":""Point"",""coordinates"":[2.42,6.37]}"
121_12,2,0.00307268975302577,PERSIANN_CDR,WA013,2010,"{""type"":""Point"",""coordinates"":[8.52,12.05]}"
121_13,2,3.2161712646484375,PERSIANN_CDR,WA014,2010,"{""type"":""Point"",""coordinates"":[-1.62,6.69]}"
121_14,2,0.0,PERSIANN_CDR,WA015,2010,"{""type"":""Point"",""coordinates"":[-16.680000000000003,13.45]}"
122_0,3,0.0022031394764781,PERSIANN_CDR,WA001,2010,"{""type"":""Point"",""coordinates"":[-17.470000000000002,14.73]}"
122_1,3,0.022210897877812386,PERSIANN_CDR,WA002,2010,"{""type"":""Point"",""coordinates"":[-7.949999999999998,12.65]}"
122_2,3,0.015337111428380013,PERSIANN_CDR,WA003,2010,"{""type"":""Point"",""coordinates"":[-1.5200000000000002,12.360000000000001]}"
122_3,3,3.570386616047472E-4,PERSIANN_CDR,WA004,2010,"{""type"":""Point"",""coordinates"":[2.17,13.51]}"
122_4,3,0.9293757081031799,PERSIANN_CDR,WA005,2010,"{""type"":""Point"",""coordinates"":[7.33,9.07]}"
122_5,3,2.499629497528076,PERSIANN_CDR,WA006,2010,"{""type"":""Point"",""coordinates"":[-0.17,5.56]}"
122_6,3,3.5446367263793945,PERSIANN_CDR,WA007,2010,"{""type"":""Point"",""coordinates"":[-3.9299999999999997,5.349999999999999]}"
122_7,3,0.17117191851139069,PERSIANN_CDR,WA008,2010,"{""type"":""Point"",""coordinates"":[-13.67,9.53]}"
122_8,3,0.7556893229484558,PERSIANN_CDR,WA009,2010,"{""type"":""Point"",""coordinates"":[-13.230000000000002,8.489999999999998]}"
122_9,3,3.768927812576294,PERSIANN_CDR,WA010,2010,"{""type"":""Point"",""coordinates"":[-10.799999999999999,6.3]}"
122_10,3,2.734715700149536,PERSIANN_CDR,WA011,2010,"{""type"":""Point"",""coordinates"":[1.22,6.130000000000001]}"
122_11,3,2.6217901706695557,PERSIANN_CDR,WA012,2010,"{""type"":""Point"",""coordinates"":[2.42,6.37]}"
122_12,3,0.07906800508499146,PERSIANN_CDR,WA013,2010,"{""type"":""Point"",""coordinates"":[8.52,12.05]}"
122_13,3,2.8333353996276855,PERSIANN_CDR,WA014,2010,"{""type"":""Point"",""coordinates"":[-1.62,6.69]}"
122_14,3,8.28858173917979E-4,PERSIANN_CDR,WA015,2010,"{""type"":""Point"",""coordinates"":[-16.680000000000003,13.45]}"
123_0,4,0.008334944024682045,PERSIANN_CDR,WA001,2010,"{""type"":""Point"",""coordinates"":[-17.470000000000002,14.73]}"
123_1,4,0.49497556686401367,PERSIANN_CDR,WA002,2010,"{""type"":""Point"",""coordinates"":[-7.949999999999998,12.65]}"
123_2,4,0.8870120644569397,PERSIANN_CDR,WA003,2010,"{""type"":""Point"",""coordinates"":[-1.5200000000000002,12.360000000000001]}"
123_3,4,0.15160465240478516,PERSIANN_CDR,WA004,2010,"{""type"":""Point"",""coordinates"":[2.17,13.51]}"
123_4,4,2.674992561340332,PERSIANN_CDR,WA005,2010,"{""type"":""Point"",""coordinates"":[7.33,9.07]}"
123_5,4,3.7741403579711914,PERSIANN_CDR,WA006,2010,"{""type"":""Point"",""coordinates"":[-0.17,5.56]}"
123_6,4,5.2110466957092285,PERSIANN_CDR,WA007,2010,"{""type"":""Point"",""coordinates"":[-3.9299999999999997,5.349999999999999]}"
123_7,4,1.2249789237976074,PERSIANN_CDR,WA008,2010,"{""type"":""Point"",""coordinates"":[-13.67,9.53]}"
123_8,4,2.052253484725952,PERSIANN_CDR,WA009,2010,"{""type"":""Point"",""coordinates"":[-13.230000000000002,8.489999999999998]}"
123_9,4,5.437949180603027,PERSIANN_CDR,WA010,2010,"{""type"":""Point"",""coordinates"":[-10.799999999999999,6.3]}"
123_10,4,3.0852088928222656,PERSIANN_CDR,WA011,2010,"{""type"":""Point"",""coordinates"":[1.22,6.130000000000001]}"
123_11,4,2.383244514465332,PERSIANN_CDR,WA012,2010,"{""type"":""Point"",""coordinates"":[2.42,6.37]}"
123_12,4,0.5481703281402588,PERSIANN_CDR,WA013,2010,"{""type"":""Point"",""coordinates"":[8.52,12.05]}"
123_13,4,3.939960479736328,PERSIANN_CDR,WA014,2010,"{""type"":""Point"",""coordinates"":[-1.62,6.69]}"
123_14,4,0.012063638307154179,PERSIANN_CDR,WA015,2010,"{""type"":""Point"",""coordinates"":[-16.680000000000003,13.45]}"
124_0,5,0.11389893293380737,PERSIANN_CDR,WA001,2010,"{""type"":""Point"",""coordinates"":[-17.470000000000002,14.73]}"
124_1,5,3.368502140045166,PERSIANN_CDR,WA002,2010,"{""type"":""Point"",""coordinates"":[-7.949999999999998,12.65]}"
124_2,5,3.335613250732422,PERSIANN_CDR,WA003,2010,"{""type"":""Point"",""coordinates"":[-1.5200000000000002,12.360000000000001]}"
124_3,5,1.5543925762176514,PERSIANN_CDR,WA004,2010,"{""type"":""Point"",""coordinates"":[2.17,13.51]}"
124_4,5,5.622927188873291,PERSIANN_CDR,WA005,2010,"{""type"":""Point"",""coordinates"":[7.33,9.07]}"
124_5,5,5.369510650634766,PERSIANN_CDR,WA006,2010,"{""type"":""Point"",""coordinates"":[-0.17,5.56]}"
124_6,5,7.740457057952881,PERSIANN_CDR,WA007,2010,"{""type"":""Point"",""coordinates"":[-3.9299999999999997,5.349999999999999]}"
124_7,5,3.7244534492492676,PERSIANN_CDR,WA008,2010,"{""type"":""Point"",""coordinates"":[-13.67,9.53]}"
124_8,5,4.655289649963379,PERSIANN_CDR,WA009,2010,"{""type"":""Point"",""coordinates"":[-13.230000000000002,8.489999999999998]}"
124_9,5,6.683077335357666,PERSIANN_CDR,WA010,2010,"{""type"":""Point"",""coordinates"":[-10.799999999999999,6.3]}"
124_10,5,4.50834321975708,PERSIANN_CDR,WA011,2010,"{""type"":""Point"",""coordinates"":[1.22,6.130000000000001]}"
124_11,5,5.311110019683838,PERSIANN_CDR,WA012,2010,"{""type"":""Point"",""coordinates"":[2.42,6.37]}"
124_12,5,2.0380074977874756,PERSIANN_CDR,WA013,2010,"{""type"":""Point"",""coordinates"":[8.52,12.05]}"
124_13,5,5.489062309265137,PERSIANN_CDR,WA014,2010,"{""type"":""Point"",""coordinates"":[-1.62,6.69]}"
124_14,5,0.14046941697597504,PERSIANN_CDR,WA015,2010,"{""type"":""Point"",""coordinates"":[-16.680000000000003,13.45]}"
125_0,6,0.961778461933136,PERSIANN_CDR,WA001,2010,"{""type"":""Point"",""coordinates"":[-17.470000000000002,14.73]}"
125_1,6,3.945336103439331,PERSIANN_CDR,WA002,2010,"{""type"":""Point"",""coordinates"":[-7.949999999999998,12.65]}"
125_2,6,3.728616237640381,PERSIANN_CDR,WA003,2010,"{""type"":""Point"",""coordinates"":[-1.5200000000000002,12.360000000000001]}"
125_3,6,2.9417436122894287,PERSIANN_CDR,WA004,2010,"{""type"":""Point"",""coordinates"":[2.17,13.51]}"
125_4,6,6.494715690612793,PERSIANN_CDR,WA005,2010,"{""type"":""Point"",""coordinates"":[7.33,9.07]}"
125_5,6,6.701264381408691,PERSIANN_CDR,WA006,2010,"{""type"":""Point"",""coordinates"":[-0.17,5.56]}"
125_6,6,8.273675918579102,PERSIANN_CDR,WA007,2010,"{""type"":""Point"",""coordinates"":[-3.9299999999999997,5.349999999999999]}"
125_7,6,7.828218936920166,PERSIANN_CDR,WA008,2010,"{""type"":""Point"",""coordinates"":[-13.67,9.53]}"
125_8,6,8.818860054016113,PERSIANN_CDR,WA009,2010,"{""type"":""Point"",""coordinates"":[-13.230000000000002,8.489999999999998]}"
125_9,6,8.502517700195312,PERSIANN_CDR,WA010,2010,"{""type"":""Point"",""coordinates"":[-10.799999999999999,6.3]}"
125_10,6,6.416127681732178,PERSIANN_CDR,WA011,2010,"{""type"":""Point"",""coordinates"":[1.22,6.130000000000001]}"
125_11,6,9.031326293945312,PERSIANN_CDR,WA012,2010,"{""type"":""Point"",""coordinates"":[2.42,6.37]}"
125_12,6,4.648125171661377,PERSIANN_CDR,WA013,2010,"{""type"":""Point"",""coordinates"":[8.52,12.05]}"
125_13,6,7.6366658210754395,PERSIANN_CDR,WA014,2010,"{""type"":""Point"",""coordinates"":[-1.62,6.69]}"
125_14,6,2.7216265201568604,PERSIANN_CDR,WA015,2010,"{""type"":""Point"",""coordinates"":[-16.680000000000003,13.45]}"
126_0,7,2.3674678802490234,PERSIANN_CDR,WA001,2010,"{""type"":""Point"",""coordinates"":[-17.470000000000002,14.73]}"
126_1,7,6.430407524108887,PERSIANN_CDR,WA002,2010,"{""type"":""Point"",""coordinates"":[-7.949999999999998,12.65]}"
126_2,7,6.923799991607666,PERSIANN_CDR,WA003,2010,"{""type"":""Point"",""coordinates"":[-1.5200000000000002,12.360000000000001]}"
126_3,7,4.5236101150512695,PERSIANN_CDR,WA004,2010,"{""type"":""Point"",""coordinates"":[2.17,13.51]}"
126_4,7,10.899237632751465,PERSIANN_CDR,WA005,2010,"{""type"":""Point"",""coordinates"":[7.33,9.07]}"
126_5,7,2.534757614135742,PERSIANN_CDR,WA006,2010,"{""type"":""Point"",""coordinates"":[-0.17,5.56]}"
126_6,7,3.4156718254089355,PERSIANN_CDR,WA007,2010,"{""type"":""Point"",""coordinates"":[-3.9299999999999997,5.349999999999999]}"
126_7,7,7.867822647094727,PERSIANN_CDR,WA008,2010,"{""type"":""Point"",""coordinates"":[-13.67,9.53]}"
126_8,7,7.330828666687012,PERSIANN_CDR,WA009,2010,"{""type"":""Point"",""coordinates"":[-13.230000000000002,8.489999999999998]}"
126_9,7,4.999856472015381,PERSIANN_CDR,WA010,2010,"{""type"":""Point"",""coordinates"":[-10.799999999999999,6.3]}"
126_10,7,3.5990524291992188,PERSIANN_CDR,WA011,2010,"{""type"":""Point"",""coordinates"":[1.22,6.130000000000001]}"
126_11,7,4.744400978088379,PERSIANN_CDR,WA012,2010,"{""type"":""Point"",""coordinates"":[2.42,6.37]}"
126_12,7,8.701823234558105,PERSIANN_CDR,WA013,2010,"{""type"":""Point"",""coordinates"":[8.52,12.05]}"
126_13,7,3.9461638927459717,PERSIANN_CDR,WA014,2010,"{""type"":""Point"",""coordinates"":[-1.62,6.69]}"
126_14,7,6.487934589385986,PERSIANN_CDR,WA015,2010,"{""type"":""Point"",""coordinates"":[-16.680000000000003,13.45]}"
127_0,8,6.672609806060791,PERSIANN_CDR,WA001,2010,"{""type"":""Point"",""coordinates"":[-17.470000000000002,14.73]}"
127_1,8,7.981085777282715,PERSIANN_CDR,WA002,2010,"{""type"":""Point"",""coordinates"":[-7.949999999999998,12.65]}"
127_2,8,9.316743850708008,PERSIANN_CDR,WA003,2010,"{""type"":""Point"",""coordinates"":[-1.5200000000000002,12.360000000000001]}"
127_3,8,6.262911319732666,PERSIANN_CDR,WA004,2010,"{""type"":""Point"",""coordinates"":[2.17,13.51]}"
127_4,8,9.211479187011719,PERSIANN_CDR,WA005,2010,"{""type"":""Point"",""coordinates"":[7.33,9.07]}"
127_5,8,1.7356970310211182,PERSIANN_CDR,WA006,2010,"{""type"":""Point"",""coordinates"":[-0.17,5.56]}"
127_6,8,2.229570150375366,PERSIANN_CDR,WA007,2010,"{""type"":""Point"",""coordinates"":[-3.9299999999999997,5.349999999999999]}"
127_7,8,9.687029838562012,PERSIANN_CDR,WA008,2010,"{""type"":""Point"",""coordinates"":[-13.67,9.53]}"
127_8,8,9.499898910522461,PERSIANN_CDR,WA009,2010,"{""type"":""Point"",""coordinates"":[-13.230000000000002,8.489999999999998]}"
127_9,8,8.291298866271973,PERSIANN_CDR,WA010,2010,"{""type"":""Point"",""coordinates"":[-10.799999999999999,6.3]}"
127_10,8,3.1586124897003174,PERSIANN_CDR,WA011,2010,"{""type"":""Point"",""coordinates"":[1.22,6.130000000000001]}"
127_11,8,4.978934288024902,PERSIANN_CDR,WA012,2010,"{""type"":""Point"",""coordinates"":[2.42,6.37]}"
127_12,8,9.090126037597656,PERSIANN_CDR,WA013,2010,"{""type"":""Point"",""coordinates"":[8.52,12.05]}"
127_13,8,3.8408963680267334,PERSIANN_CDR,WA014,2010,"{""type"":""Point"",""coordinates"":[-1.62,6.69]}"
127_14,8,8.964219093322754,PERSIANN_CDR,WA015,2010,"{""type"":""Point"",""coordinates"":[-16.680000000000003,13.45]}"
128_0,9,11.552421569824219,PERSIANN_CDR,WA001,2010,"{""type"":""Point"",""coordinates"":[-17.470000000000002,14.73]}"
128_1,9,7.105694770812988,PERSIANN_CDR,WA002,2010,"{""type"":""Point"",""coordinates"":[-7.949999999999998,12.65]}"
128_2,9,5.698361873626709,PERSIANN_CDR,WA003,2010,"{""type"":""Point"",""coordinates"":[-1.5200000000000002,12.360000000000001]}"
128_3,9,2.85629940032959,PERSIANN_CDR,WA004,2010,"{""type"":""Point"",""coordinates"":[2.17,13.51]}"
128_4,9,7.605452537536621,PERSIANN_CDR,WA005,2010,"{""type"":""Point"",""coordinates"":[7.33,9.07]}"
128_5,9,4.214308261871338,PERSIANN_CDR,WA006,2010,"{""type"":""Point"",""coordinates"":[-0.17,5.56]}"
128_6,9,4.160305023193359,PERSIANN_CDR,WA007,2010,"{""type"":""Point"",""coordinates"":[-3.9299999999999997,5.349999999999999]}"
128_7,9,8.044492721557617,PERSIANN_CDR,WA008,2010,"{""type"":""Point"",""coordinates"":[-13.67,9.53]}"
128_8,9,7.604392051696777,PERSIANN_CDR,WA009,2010,"{""type"":""Point"",""coordinates"":[-13.230000000000002,8.489999999999998]}"
128_9,9,10.334514617919922,PERSIANN_CDR,WA010,2010,"{""type"":""Point"",""coordinates"":[-10.799999999999999,6.3]}"
128_10,9,7.196264743804932,PERSIANN_CDR,WA011,2010,"{""type"":""Point"",""coordinates"":[1.22,6.130000000000001]}"
128_11,9,8.104962348937988,PERSIANN_CDR,WA012,2010,"{""type"":""Point"",""coordinates"":[2.42,6.37]}"
128_12,9,4.637046813964844,PERSIANN_CDR,WA013,2010,"{""type"":""Point"",""coordinates"":[8.52,12.05]}"
128_13,9,5.265496730804443,PERSIANN_CDR,WA014,2010,"{""type"":""Point"",""coordinates"":[-1.62,6.69]}"
128_14,9,14.499417304992676,PERSIANN_CDR,WA015,2010,"{""type"":""Point"",""coordinates"":[-16.680000000000003,13.45]}"
129_0,10,1.6117538213729858,PERSIANN_CDR,WA001,2010,"{""type"":""Point"",""coordinates"":[-17.470000000000002,14.73]}"
129_1,10,2.5627694129943848,PERSIANN_CDR,WA002,2010,"{""type"":""Point"",""coordinates"":[-7.949999999999998,12.65]}"
129_2,10,2.481041431427002,PERSIANN_CDR,WA003,2010,"{""type"":""Point"",""coordinates"":[-1.5200000000000002,12.360000000000001]}"
129_3,10,1.5802421569824219,PERSIANN_CDR,WA004,2010,"{""type"":""Point"",""coordinates"":[2.17,13.51]}"
129_4,10,7.864936828613281,PERSIANN_CDR,WA005,2010,"{""type"":""Point"",""coordinates"":[7.33,9.07]}"
129_5,10,4.965512752532959,PERSIANN_CDR,WA006,2010,"{""type"":""Point"",""coordinates"":[-0.17,5.56]}"
129_6,10,7.120727062225342,PERSIANN_CDR,WA007,2010,"{""type"":""Point"",""coordinates"":[-3.9299999999999997,5.349999999999999]}"
129_7,10,5.93568754196167,PERSIANN_CDR,WA008,2010,"{""type"":""Point"",""coordinates"":[-13.67,9.53]}"
129_8,10,6.383143901824951,PERSIANN_CDR,WA009,2010,"{""type"":""Point"",""coordinates"":[-13.230000000000002,8.489999999999998]}"
129_9,10,9.615018844604492,PERSIANN_CDR,WA010,2010,"{""type"":""Point"",""coordinates"":[-10.799999999999999,6.3]}"
129_10,10,6.256656646728516,PERSIANN_CDR,WA011,2010,"{""type"":""Point"",""coordinates"":[1.22,6.130000000000001]}"
129_11,10,7.307703971862793,PERSIANN_CDR,WA012,2010,"{""type"":""Point"",""coordinates"":[2.42,6.37]}"
129_12,10,2.11531400680542,PERSIANN_CDR,WA013,2010,"{""type"":""Point"",""coordinates"":[8.52,12.05]}"
129_13,10,7.344590663909912,PERSIANN_CDR,WA014,2010,"{""type"":""Point"",""coordinates"":[-1.62,6.69]}"
129_14,10,2.440519094467163,PERSIANN_CDR,WA015,2010,"{""type"":""Point"",""coordinates"":[-16.680000000000003,13.45]}"
130_0,11,0.020009934902191162,PERSIANN_CDR,WA001,2010,"{""type"":""Point"",""coordinates"":[-17.470000000000002,14.73]}"
130_1,11,0.015042400918900967,PERSIANN_CDR,WA002,2010,"{""type"":""Point"",""coordinates"":[-7.949999999999998,12.65]}"
130_2,11,0.002414500806480646,PERSIANN_CDR,WA003,2010,"{""type"":""Point"",""coordinates"":[-1.5200000000000002,12.360000000000001]}"
130_3,11,0.0013912777649238706,PERSIANN_CDR,WA004,2010,"{""type"":""Point"",""coordinates"":[2.17,13.51]}"
130_4,11,0.4420863091945648,PERSIANN_CDR,WA005,2010,"{""type"":""Point"",""coordinates"":[7.33,9.07]}"
130_5,11,3.821108818054199,PERSIANN_CDR,WA006,2010,"{""type"":""Point"",""coordinates"":[-0.17,5.56]}"
130_6,11,4.755156517028809,PERSIANN_CDR,WA007,2010,"{""type"":""Point"",""coordinates"":[-3.9299999999999997,5.349999999999999]}"
130_7,11,1.4515693187713623,PERSIANN_CDR,WA008,2010,"{""type"":""Point"",""coordinates"":[-13.67,9.53]}"
130_8,11,1.9401781558990479,PERSIANN_CDR,WA009,2010,"{""type"":""Point"",""coordinates"":[-13.230000000000002,8.489999999999998]}"
130_9,11,3.978530168533325,PERSIANN_CDR,WA010,2010,"{""type"":""Point"",""coordinates"":[-10.799999999999999,6.3]}"
130_10,11,2.882310628890991,PERSIANN_CDR,WA011,2010,"{""type"":""Point"",""coordinates"":[1.22,6.130000000000001]}"
130_11,11,2.926679849624634,PERSIANN_CDR,WA012,2010,"{""type"":""Point"",""coordinates"":[2.42,6.37]}"
130_12,11,0.005766130052506924,PERSIANN_CDR,WA013,2010,"{""type"":""Point"",""coordinates"":[8.52,12.05]}"
130_13,11,3.015961170196533,PERSIANN_CDR,WA014,2010,"{""type"":""Point"",""coordinates"":[-1.62,6.69]}"
130_14,11,0.07105246186256409,PERSIANN_CDR,WA015,2010,"{""type"":""Point"",""coordinates"":[-16.680000000000003,13.45]}"
131_0,12,0.0617515854537487,PERSIANN_CDR,WA001,2010,"{""type"":""Point"",""coordinates"":[-17.470000000000002,14.73]}"
131_1,12,0.01652480661869049,PERSIANN_CDR,WA002,2010,"{""type"":""Point"",""coordinates"":[-7.949999999999998,12.65]}"
131_2,12,0.0017688951920717955,PERSIANN_CDR,WA003,2010,"{""type"":""Point"",""coordinates"":[-1.5200000000000002,12.360000000000001]}"
131_3,12,0.0275412630289793,PERSIANN_CDR,WA004,2010,"{""type"":""Point"",""coordinates"":[2.17,13.51]}"
131_4,12,0.23134292662143707,PERSIANN_CDR,WA005,2010,"{""type"":""Point"",""coordinates"":[7.33,9.07]}"
131_5,12,1.003219723701477,PERSIANN_CDR,WA006,2010,"{""type"":""Point"",""coordinates"":[-0.17,5.56]}"
131_6,12,1.8420262336730957,PERSIANN_CDR,WA007,2010,"{""type"":""Point"",""coordinates"":[-3.9299999999999997,5.349999999999999]}"
131_7,12,0.7233651280403137,PERSIANN_CDR,WA008,2010,"{""type"":""Point"",""coordinates"":[-13.67,9.53]}"
131_8,12,1.4344325065612793,PERSIANN_CDR,WA009,2010,"{""type"":""Point"",""coordinates"":[-13.230000000000002,8.489999999999998]}"
131_9,12,4.043127059936523,PERSIANN_CDR,WA010,2010,"{""type"":""Point"",""coordinates"":[-10.799999999999999,6.3]}"
131_10,12,0.47797471284866333,PERSIANN_CDR,WA011,2010,"{""type"":""Point"",""coordinates"":[1.22,6.130000000000001]}"
131_11,12,0.7533901333808899,PERSIANN_CDR,WA012,2010,"{""type"":""Point"",""coordinates"":[2.42,6.37]}"
131_12,12,0.048958394676446915,PERSIANN_CDR,WA013,2010,"{""type"":""Point"",""coordinates"":[8.52,12.05]}"
131_13,12,1.6664581298828125,PERSIANN_CDR,WA014,2010,"{""type"":""Point"",""coordinates"":[-1.62,6.69]}"
131_14,12,0.02855823189020157,PERSIANN_CDR,WA015,2010,"{""type"":""Point"",""coordinates"":[-16.680000000000003,13.45]}"
132_0,1,0.007379783783107996,PERSIANN_CDR,WA001,2011,"{""type"":""Point"",""coordinates"":[-17.470000000000002,14.73]}"
132_1,1,0.0,PERSIANN_CDR,WA002,2011,"{""type"":""Point"",""coordinates"":[-7.949999999999998,12.65]}"
132_2,1,0.0,PERSIANN_CDR,WA003,2011,"{""type"":""Point"",""coordinates"":[-1.5200000000000002,12.360000000000001]}"
132_3,1,0.0,PERSIANN_CDR,WA004,2011,"{""type"":""Point"",""coordinates"":[2.17,13.51]}"
132_4,1,0.005350900813937187,PERSIANN_CDR,WA005,2011,"{""type"":""Point"",""coordinates"":[7.33,9.07]}"
132_5,1,0.3206804394721985,PERSIANN_CDR,WA006,2011,"{""type"":""Point"",""coordinates"":[-0.17,5.56]}"
132_6,1,0.7860748171806335,PERSIANN_CDR,WA007,2011,"{""type"":""Point"",""coordinates"":[-3.9299999999999997,5.349999999999999]}"
132_7,1,0.0024636508896946907,PERSIANN_CDR,WA008,2011,"{""type"":""Point"",""coordinates"":[-13.67,9.53]}"
132_8,1,0.019922873005270958,PERSIANN_CDR,WA009,2011,"{""type"":""Point"",""coordinates"":[-13.230000000000002,8.489999999999998]}"
132_9,1,0.49461960792541504,PERSIANN_CDR,WA010,2011,"{""type"":""Point"",""coordinates"":[-10.799999999999999,6.3]}"
132_10,1,0.06296804547309875,PERSIANN_CDR,WA011,2011,"{""type"":""Point"",""coordinates"":[1.22,6.130000000000001]}"
132_11,1,0.021864231675863266,PERSIANN_CDR,WA012,2011,"{""type"":""Point"",""coordinates"":[2.42,6.37]}"
132_12,1,0.0,PERSIANN_CDR,WA013,2011,"{""type"":""Point"",""coordinates"":[8.52,12.05]}"
132_13,1,0.5419251918792725,PERSIANN_CDR,WA014,2011,"{""type"":""Point"",""coordinates"":[-1.62,6.69]}"
132_14,1,7.776641723467037E-5,PERSIANN_CDR,WA015,2011,"{""type"":""Point"",""coordinates"":[-16.680000000000003,13.45]}"
133_0,2,0.05464547500014305,PERSIANN_CDR,WA001,2011,"{""type"":""Point"",""coordinates"":[-17.470000000000002,14.73]}"
133_1,2,9.876847034320235E-4,PERSIANN_CDR,WA002,2011,"{""type"":""Point"",""coordinates"":[-7.949999999999998,12.65]}"
133_2,2,0.02218749187886715,PERSIANN_CDR,WA003,2011,"{""type"":""Point"",""coordinates"":[-1.5200000000000002,12.360000000000001]}"
133_3,2,0.011351400054991245,PERSIANN_CDR,WA004,2011,"{""type"":""Point"",""coordinates"":[2.17,13.51]}"
133_4,2,0.7003853917121887,PERSIANN_CDR,WA005,2011,"{""type"":""Point"",""coordinates"":[7.33,9.07]}"
133_5,2,4.019199848175049,PERSIANN_CDR,WA006,2011,"{""type"":""Point"",""coordinates"":[-0.17,5.56]}"
133_6,2,3.4248757362365723,PERSIANN_CDR,WA007,2011,"{""type"":""Point"",""coordinates"":[-3.9299999999999997,5.349999999999999]}"
133_7,2,0.0776686891913414,PERSIANN_CDR,WA008,2011,"{""type"":""Point"",""coordinates"":[-13.67,9.53]}"
133_8,2,0.10908834636211395,PERSIANN_CDR,WA009,2011,"{""type"":""Point"",""coordinates"":[-13.230000000000002,8.489999999999998]}"
133_9,2,1.1682151556015015,PERSIANN_CDR,WA010,2011,"{""type"":""Point"",""coordinates"":[-10.799999999999999,6.3]}"
133_10,2,3.871562957763672,PERSIANN_CDR,WA011,2011,"{""type"":""Point"",""coordinates"":[1.22,6.130000000000001]}"
133_11,2,3.46053409576416,PERSIANN_CDR,WA012,2011,"{""type"":""Point"",""coordinates"":[2.42,6.37]}"
133_12,2,0.00942998193204403,PERSIANN_CDR,WA013,2011,"{""type"":""Point"",""coordinates"":[8.52,12.05]}"
133_13,2,3.566376209259033,PERSIANN_CDR,WA014,2011,"{""type"":""Point"",""coordinates"":[-1.62,6.69]}"
133_14,2,0.0011827017879113555,PERSIANN_CDR,WA015,2011,"{""type"":""Point"",""coordinates"":[-16.680000000000003,13.45]}"
134_0,3,0.010058203712105751,PERSIANN_CDR,WA001,2011,"{""type"":""Point"",""coordinates"":[-17.470000000000002,14.73]}"
134_1,3,0.034542277455329895,PERSIANN_CDR,WA002,2011,"{""type"":""Point"",""coordinates"":[-7.949999999999998,12.65]}"
134_2,3,0.05634186044335365,PERSIANN_CDR,WA003,2011,"{""type"":""Point"",""coordinates"":[-1.5200000000000002,12.360000000000001]}"
134_3,3,0.0016405610367655754,PERSIANN_CDR,WA004,2011,"{""type"":""Point"",""coordinates"":[2.17,13.51]}"
134_4,3,0.16116836667060852,PERSIANN_CDR,WA005,2011,"{""type"":""Point"",""coordinates"":[7.33,9.07]}"
134_5,3,1.970045566558838,PERSIANN_CDR,WA006,2011,"{""type"":""Point"",""coordinates"":[-0.17,5.56]}"
134_6,3,3.6204986572265625,PERSIANN_CDR,WA007,2011,"{""type"":""Point"",""coordinates"":[-3.9299999999999997,5.349999999999999]}"
134_7,3,0.062949538230896,PERSIANN_CDR,WA008,2011,"{""type"":""Point"",""coordinates"":[-13.67,9.53]}"
134_8,3,0.49659791588783264,PERSIANN_CDR,WA009,2011,"{""type"":""Point"",""coordinates"":[-13.230000000000002,8.489999999999998]}"
134_9,3,2.7257239818573,PERSIANN_CDR,WA010,2011,"{""type"":""Point"",""coordinates"":[-10.799999999999999,6.3]}"
134_10,3,1.607319712638855,PERSIANN_CDR,WA011,2011,"{""type"":""Point"",""coordinates"":[1.22,6.130000000000001]}"
134_11,3,1.0165770053863525,PERSIANN_CDR,WA012,2011,"{""type"":""Point"",""coordinates"":[2.42,6.37]}"
134_12,3,3.993183490820229E-4,PERSIANN_CDR,WA013,2011,"{""type"":""Point"",""coordinates"":[8.52,12.05]}"
134_13,3,3.622518539428711,PERSIANN_CDR,WA014,2011,"{""type"":""Point"",""coordinates"":[-1.62,6.69]}"
134_14,3,0.0011124429292976856,PERSIANN_CDR,WA015,2011,"{""type"":""Point"",""coordinates"":[-16.680000000000003,13.45]}"
135_0,4,0.0,PERSIANN_CDR,WA001,2011,"{""type"":""Point"",""coordinates"":[-17.470000000000002,14.73]}"
135_1,4,0.7894496321678162,PERSIANN_CDR,WA002,2011,"{""type"":""Point"",""coordinates"":[-7.949999999999998,12.65]}"
135_2,4,0.5436739325523376,PERSIANN_CDR,WA003,2011,"{""type"":""Point"",""coordinates"":[-1.5200000000000002,12.360000000000001]}"
135_3,4,0.02470349706709385,PERSIANN_CDR,WA004,2011,"{""type"":""Point"",""coordinates"":[2.17,13.51]}"
135_4,4,1.796086311340332,PERSIANN_CDR,WA005,2011,"{""type"":""Point"",""coordinates"":[7.33,9.07]}"
135_5,4,3.4017655849456787,PERSIANN_CDR,WA006,2011,"{""type"":""Point"",""coordinates"":[-0.17,5.56]}"
135_6,4,4.191871166229248,PERSIANN_CDR,WA007,2011,"{""type"":""Point"",""coordinates"":[-3.9299999999999997,5.349999999999999]}"
135_7,4,0.947629988193512,PERSIANN_CDR,WA008,2011,"{""type"":""Point"",""coordinates"":[-13.67,9.53]}"
135_8,4,1.071726679801941,PERSIANN_CDR,WA009,2011,"{""type"":""Point"",""coordinates"":[-13.230000000000002,8.489999999999998]}"
135_9,4,2.5126664638519287,PERSIANN_CDR,WA010,2011,"{""type"":""Point"",""coordinates"":[-10.799999999999999,6.3]}"
135_10,4,2.846381664276123,PERSIANN_CDR,WA011,2011,"{""type"":""Point"",""coordinates"":[1.22,6.130000000000001]}"
135_11,4,2.6350512504577637,PERSIANN_CDR,WA012,2011,"{""type"":""Point"",""coordinates"":[2.42,6.37]}"
135_12,4,0.3181685209274292,PERSIANN_CDR,WA013,2011,"{""type"":""Point"",""coordinates"":[8.52,12.05]}"
135_13,4,3.183018207550049,PERSIANN_CDR,WA014,2011,"{""type"":""Point"",""coordinates"":[-1.62,6.69]}"
135_14,4,1.3218788080848753E-4,PERSIANN_CDR,WA015,2011,"{""type"":""Point"",""coordinates"":[-16.680000000000003,13.45]}"
136_0,5,0.011895950883626938,PERSIANN_CDR,WA001,2011,"{""type"":""Point"",""coordinates"":[-17.470000000000002,14.73]}"
136_1,5,1.5148588418960571,PERSIANN_CDR,WA002,2011,"{""type"":""Point"",""coordinates"":[-7.949999999999998,12.65]}"
136_2,5,1.9906015396118164,PERSIANN_CDR,WA003,2011,"{""type"":""Point"",""coordinates"":[-1.5200000000000002,12.360000000000001]}"
136_3,5,0.48950323462486267,PERSIANN_CDR,WA004,2011,"{""type"":""Point"",""coordinates"":[2.17,13.51]}"
136_4,5,5.320500373840332,PERSIANN_CDR,WA005,2011,"{""type"":""Point"",""coordinates"":[7.33,9.07]}"
136_5,5,3.8818302154541016,PERSIANN_CDR,WA006,2011,"{""type"":""Point"",""coordinates"":[-0.17,5.56]}"
136_6,5,5.895192623138428,PERSIANN_CDR,WA007,2011,"{""type"":""Point"",""coordinates"":[-3.9299999999999997,5.349999999999999]}"
136_7,5,2.133089542388916,PERSIANN_CDR,WA008,2011,"{""type"":""Point"",""coordinates"":[-13.67,9.53]}"
136_8,5,3.9796688556671143,PERSIANN_CDR,WA009,2011,"{""type"":""Point"",""coordinates"":[-13.230000000000002,8.489999999999998]}"
136_9,5,6.860939979553223,PERSIANN_CDR,WA010,2011,"{""type"":""Point"",""coordinates"":[-10.799999999999999,6.3]}"
136_10,5,4.218823432922363,PERSIANN_CDR,WA011,2011,"{""type"":""Point"",""coordinates"":[1.22,6.130000000000001]}"
136_11,5,5.025136947631836,PERSIANN_CDR,WA012,2011,"{""type"":""Point"",""coordinates"":[2.42,6.37]}"
136_12,5,1.882392168045044,PERSIANN_CDR,WA013,2011,"{""type"":""Point"",""coordinates"":[8.52,12.05]}"
136_13,5,4.468499183654785,PERSIANN_CDR,WA014,2011,"{""type"":""Point"",""coordinates"":[-1.62,6.69]}"
136_14,5,0.06979036331176758,PERSIANN_CDR,WA015,2011,"{""type"":""Point"",""coordinates"":[-16.680000000000003,13.45]}"
137_0,6,0.3828960955142975,PERSIANN_CDR,WA001,2011,"{""type"":""Point"",""coordinates"":[-17.470000000000002,14.73]}"
137_1,6,4.8691301345825195,PERSIANN_CDR,WA002,2011,"{""type"":""Point"",""coordinates"":[-7.949999999999998,12.65]}"
137_2,6,3.9030489921569824,PERSIANN_CDR,WA003,2011,"{""type"":""Point"",""coordinates"":[-1.5200000000000002,12.360000000000001]}"
137_3,6,1.7292410135269165,PERSIANN_CDR,WA004,2011,"{""type"":""Point"",""coordinates"":[2.17,13.51]}"
137_4,6,5.22641134262085,PERSIANN_CDR,WA005,2011,"{""type"":""Point"",""coordinates"":[7.33,9.07]}"
137_5,6,4.415837287902832,PERSIANN_CDR,WA006,2011,"{""type"":""Point"",""coordinates"":[-0.17,5.56]}"
137_6,6,6.414255619049072,PERSIANN_CDR,WA007,2011,"{""type"":""Point"",""coordinates"":[-3.9299999999999997,5.349999999999999]}"
137_7,6,8.279277801513672,PERSIANN_CDR,WA008,2011,"{""type"":""Point"",""coordinates"":[-13.67,9.53]}"
137_8,6,10.748883247375488,PERSIANN_CDR,WA009,2011,"{""type"":""Point"",""coordinates"":[-13.230000000000002,8.489999999999998]}"
137_9,6,9.707989692687988,PERSIANN_CDR,WA010,2011,"{""type"":""Point"",""coordinates"":[-10.799999999999999,6.3]}"
137_10,6,4.427635192871094,PERSIANN_CDR,WA011,2011,"{""type"":""Point"",""coordinates"":[1.22,6.130000000000001]}"
137_11,6,5.977137565612793,PERSIANN_CDR,WA012,2011,"{""type"":""Point"",""coordinates"":[2.42,6.37]}"
137_12,6,3.2229747772216797,PERSIANN_CDR,WA013,2011,"{""type"":""Point"",""coordinates"":[8.52,12.05]}"
137_13,6,5.610982894897461,PERSIANN_CDR,WA014,2011,"{""type"":""Point"",""coordinates"":[-1.62,6.69]}"
137_14,6,1.4097117185592651,PERSIANN_CDR,WA015,2011,"{""type"":""Point"",""coordinates"":[-16.680000000000003,13.45]}"
138_0,7,2.2632057666778564,PERSIANN_CDR,WA001,2011,"{""type"":""Point"",""coordinates"":[-17.470000000000002,14.73]}"
138_1,7,6.062160968780518,PERSIANN_CDR,WA002,2011,"{""type"":""Point"",""coordinates"":[-7.949999999999998,12.65]}"
138_2,7,5.661227226257324,PERSIANN_CDR,WA003,2011,"{""type"":""Point"",""coordinates"":[-1.5200000000000002,12.360000000000001]}"
138_3,7,3.079012632369995,PERSIANN_CDR,WA004,2011,"{""type"":""Point"",""coordinates"":[2.17,13.51]}"
138_4,7,7.466552257537842,PERSIANN_CDR,WA005,2011,"{""type"":""Point"",""coordinates"":[7.33,9.07]}"
138_5,7,3.0973870754241943,PERSIANN_CDR,WA006,2011,"{""type"":""Point"",""coordinates"":[-0.17,5.56]}"
138_6,7,2.4694225788116455,PERSIANN_CDR,WA007,2011,"{""type"":""Point"",""coordinates"":[-3.9299999999999997,5.349999999999999]}"
138_7,7,5.084823131561279,PERSIANN_CDR,WA008,2011,"{""type"":""Point"",""coordinates"":[-13.67,9.53]}"
138_8,7,5.192178249359131,PERSIANN_CDR,WA009,2011,"{""type"":""Point"",""coordinates"":[-13.230000000000002,8.489999999999998]}"
138_9,7,2.0298032760620117,PERSIANN_CDR,WA010,2011,"{""type"":""Point"",""coordinates"":[-10.799999999999999,6.3]}"
138_10,7,4.59318733215332,PERSIANN_CDR,WA011,2011,"{""type"":""Point"",""coordinates"":[1.22,6.130000000000001]}"
138_11,7,6.215090274810791,PERSIANN_CDR,WA012,2011,"{""type"":""Point"",""coordinates"":[2.42,6.37]}"
138_12,7,4.783890724182129,PERSIANN_CDR,WA013,2011,"{""type"":""Point"",""coordinates"":[8.52,12.05]}"
138_13,7,4.957207202911377,PERSIANN_CDR,WA014,2011,"{""type"":""Point"",""coordinates"":[-1.62,6.69]}"
138_14,7,4.284450531005859,PERSIANN_CDR,WA015,2011,"{""type"":""Point"",""coordinates"":[-16.680000000000003,13.45]}"
139_0,8,7.981044292449951,PERSIANN_CDR,WA001,2011,"{""type"":""Point"",""coordinates"":[-17.470000000000002,14.73]}"
139_1,8,8.049666404724121,PERSIANN_CDR,WA002,2011,"{""type"":""Point"",""coordinates"":[-7.949999999999998,12.65]}"
139_2,8,7.029877185821533,PERSIANN_CDR,WA003,2011,"{""type"":""Point"",""coordinates"":[-1.5200000000000002,12.360000000000001]}"
139_3,8,5.27664041519165,PERSIANN_CDR,WA004,2011,"{""type"":""Point"",""coordinates"":[2.17,13.51]}"
139_4,8,6.8461594581604,PERSIANN_CDR,WA005,2011,"{""type"":""Point"",""coordinates"":[7.33,9.07]}"
139_5,8,0.8882359266281128,PERSIANN_CDR,WA006,2011,"{""type"":""Point"",""coordinates"":[-0.17,5.56]}"
139_6,8,0.8302816152572632,PERSIANN_CDR,WA007,2011,"{""type"":""Point"",""coordinates"":[-3.9299999999999997,5.349999999999999]}"
139_7,8,9.740819931030273,PERSIANN_CDR,WA008,2011,"{""type"":""Point"",""coordinates"":[-13.67,9.53]}"
139_8,8,8.93843936920166,PERSIANN_CDR,WA009,2011,"{""type"":""Point"",""coordinates"":[-13.230000000000002,8.489999999999998]}"
139_9,8,3.82663893699646,PERSIANN_CDR,WA010,2011,"{""type"":""Point"",""coordinates"":[-10.799999999999999,6.3]}"
139_10,8,1.571691632270813,PERSIANN_CDR,WA011,2011,"{""type"":""Point"",""coordinates"":[1.22,6.130000000000001]}"
139_11,8,2.2029805183410645,PERSIANN_CDR,WA012,2011,"{""type"":""Point"",""coordinates"":[2.42,6.37]}"
139_12,8,6.042474269866943,PERSIANN_CDR,WA013,2011,"{""type"":""Point"",""coordinates"":[8.52,12.05]}"
139_13,8,2.319058418273926,PERSIANN_CDR,WA014,2011,"{""type"":""Point"",""coordinates"":[-1.62,6.69]}"
139_14,8,10.340354919433594,PERSIANN_CDR,WA015,2011,"{""type"":""Point"",""coordinates"":[-16.680000000000003,13.45]}"
140_0,9,3.2497169971466064,PERSIANN_CDR,WA001,2011,"{""type"":""Point"",""coordinates"":[-17.470000000000002,14.73]}"
140_1,9,3.7111735343933105,PERSIANN_CDR,WA002,2011,"{""type"":""Point"",""coordinates"":[-7.949999999999998,12.65]}"
140_2,9,4.384353160858154,PERSIANN_CDR,WA003,2011,"{""type"":""Point"",""coordinates"":[-1.5200000000000002,12.360000000000001]}"
140_3,9,2.426353693008423,PERSIANN_CDR,WA004,2011,"{""type"":""Point"",""coordinates"":[2.17,13.51]}"
140_4,9,8.824383735656738,PERSIANN_CDR,WA005,2011,"{""type"":""Point"",""coordinates"":[7.33,9.07]}"
140_5,9,2.504502296447754,PERSIANN_CDR,WA006,2011,"{""type"":""Point"",""coordinates"":[-0.17,5.56]}"
140_6,9,3.83927321434021,PERSIANN_CDR,WA007,2011,"{""type"":""Point"",""coordinates"":[-3.9299999999999997,5.349999999999999]}"
140_7,9,7.2838335037231445,PERSIANN_CDR,WA008,2011,"{""type"":""Point"",""coordinates"":[-13.67,9.53]}"
140_8,9,8.742162704467773,PERSIANN_CDR,WA009,2011,"{""type"":""Point"",""coordinates"":[-13.230000000000002,8.489999999999998]}"
140_9,9,10.585897445678711,PERSIANN_CDR,WA010,2011,"{""type"":""Point"",""coordinates"":[-10.799999999999999,6.3]}"
140_10,9,3.7382731437683105,PERSIANN_CDR,WA011,2011,"{""type"":""Point"",""coordinates"":[1.22,6.130000000000001]}"
140_11,9,3.822225332260132,PERSIANN_CDR,WA012,2011,"{""type"":""Point"",""coordinates"":[2.42,6.37]}"
140_12,9,5.212900638580322,PERSIANN_CDR,WA013,2011,"{""type"":""Point"",""coordinates"":[8.52,12.05]}"
140_13,9,5.989683628082275,PERSIANN_CDR,WA014,2011,"{""type"":""Point"",""coordinates"":[-1.62,6.69]}"
140_14,9,5.764721393585205,PERSIANN_CDR,WA015,2011,"{""type"":""Point"",""coordinates"":[-16.680000000000003,13.45]}"
141_0,10,0.5889976024627686,PERSIANN_CDR,WA001,2011,"{""type"":""Point"",""coordinates"":[-17.470000000000002,14.73]}"
141_1,10,0.7531304359436035,PERSIANN_CDR,WA002,2011,"{""type"":""Point"",""coordinates"":[-7.949999999999998,12.65]}"
141_2,10,0.6741467118263245,PERSIANN_CDR,WA003,2011,"{""type"":""Point"",""coordinates"":[-1.5200000000000002,12.360000000000001]}"
141_3,10,0.5383449196815491,PERSIANN_CDR,WA004,2011,"{""type"":""Point"",""coordinates"":[2.17,13.51]}"
141_4,10,6.354005813598633,PERSIANN_CDR,WA005,2011,"{""type"":""Point"",""coordinates"":[7.33,9.07]}"
141_5,10,5.633427619934082,PERSIANN_CDR,WA006,2011,"{""type"":""Point"",""coordinates"":[-0.17,5.56]}"
141_6,10,7.2108025550842285,PERSIANN_CDR,WA007,2011,"{""type"":""Point"",""coordinates"":[-3.9299999999999997,5.349999999999999]}"
141_7,10,4.563572406768799,PERSIANN_CDR,WA008,2011,"{""type"":""Point"",""coordinates"":[-13.67,9.53]}"
141_8,10,6.797175407409668,PERSIANN_CDR,WA009,2011,"{""type"":""Point"",""coordinates"":[-13.230000000000002,8.489999999999998]}"
141_9,10,6.758935451507568,PERSIANN_CDR,WA010,2011,"{""type"":""Point"",""coordinates"":[-10.799999999999999,6.3]}"
141_10,10,6.3031110763549805,PERSIANN_CDR,WA011,2011,"{""type"":""Point"",""coordinates"":[1.22,6.130000000000001]}"
141_11,10,7.861759662628174,PERSIANN_CDR,WA012,2011,"{""type"":""Point"",""coordinates"":[2.42,6.37]}"
141_12,10,0.8990163803100586,PERSIANN_CDR,WA013,2011,"{""type"":""Point"",""coordinates"":[8.52,12.05]}"
141_13,10,6.949533462524414,PERSIANN_CDR,WA014,2011,"{""type"":""Point"",""coordinates"":[-1.62,6.69]}"
141_14,10,1.2321699857711792,PERSIANN_CDR,WA015,2011,"{""type"":""Point"",""coordinates"":[-16.680000000000003,13.45]}"
142_0,11,0.0,PERSIANN_CDR,WA001,2011,"{""type"":""Point"",""coordinates"":[-17.470000000000002,14.73]}"
142_1,11,0.018282253295183182,PERSIANN_CDR,WA002,2011,"{""type"":""Point"",""coordinates"":[-7.949999999999998,12.65]}"
142_2,11,4.458244075067341E-5,PERSIANN_CDR,WA003,2011,"{""type"":""Point"",""coordinates"":[-1.5200000000000002,12.360000000000001]}"
142_3,11,0.004392651375383139,PERSIANN_CDR,WA004,2011,"{""type"":""Point"",""coordinates"":[2.17,13.51]}"
142_4,11,0.07976461201906204,PERSIANN_CDR,WA005,2011,"{""type"":""Point"",""coordinates"":[7.33,9.07]}"
142_5,11,1.5617237091064453,PERSIANN_CDR,WA006,2011,"{""type"":""Point"",""coordinates"":[-0.17,5.56]}"
142_6,11,4.244210720062256,PERSIANN_CDR,WA007,2011,"{""type"":""Point"",""coordinates"":[-3.9299999999999997,5.349999999999999]}"
142_7,11,1.253684401512146,PERSIANN_CDR,WA008,2011,"{""type"":""Point"",""coordinates"":[-13.67,9.53]}"
142_8,11,2.700864315032959,PERSIANN_CDR,WA009,2011,"{""type"":""Point"",""coordinates"":[-13.230000000000002,8.489999999999998]}"
142_9,11,5.155401229858398,PERSIANN_CDR,WA010,2011,"{""type"":""Point"",""coordinates"":[-10.799999999999999,6.3]}"
142_10,11,1.1855835914611816,PERSIANN_CDR,WA011,2011,"{""type"":""Point"",""coordinates"":[1.22,6.130000000000001]}"
142_11,11,1.6305718421936035,PERSIANN_CDR,WA012,2011,"{""type"":""Point"",""coordinates"":[2.42,6.37]}"
142_12,11,0.01883029006421566,PERSIANN_CDR,WA013,2011,"{""type"":""Point"",""coordinates"":[8.52,12.05]}"
142_13,11,1.7441766262054443,PERSIANN_CDR,WA014,2011,"{""type"":""Point"",""coordinates"":[-1.62,6.69]}"
142_14,11,0.05192963778972626,PERSIANN_CDR,WA015,2011,"{""type"":""Point"",""coordinates"":[-16.680000000000003,13.45]}"
143_0,12,0.0,PERSIANN_CDR,WA001,2011,"{""type"":""Point"",""coordinates"":[-17.470000000000002,14.73]}"
143_1,12,0.0033562753815203905,PERSIANN_CDR,WA002,2011,"{""type"":""Point"",""coordinates"":[-7.949999999999998,12.65]}"
143_2,12,0.0,PERSIANN_CDR,WA003,2011,"{""type"":""Point"",""coordinates"":[-1.5200000000000002,12.360000000000001]}"
143_3,12,0.0,PERSIANN_CDR,WA004,2011,"{""type"":""Point"",""coordinates"":[2.17,13.51]}"
143_4,12,0.0025185346603393555,PERSIANN_CDR,WA005,2011,"{""type"":""Point"",""coordinates"":[7.33,9.07]}"
143_5,12,0.6983702182769775,PERSIANN_CDR,WA006,2011,"{""type"":""Point"",""coordinates"":[-0.17,5.56]}"
143_6,12,1.5553110837936401,PERSIANN_CDR,WA007,2011,"{""type"":""Point"",""coordinates"":[-3.9299999999999997,5.349999999999999]}"
143_7,12,0.19017209112644196,PERSIANN_CDR,WA008,2011,"{""type"":""Point"",""coordinates"":[-13.67,9.53]}"
143_8,12,0.5822932124137878,PERSIANN_CDR,WA009,2011,"{""type"":""Point"",""coordinates"":[-13.230000000000002,8.489999999999998]}"
143_9,12,0.7715346813201904,PERSIANN_CDR,WA010,2011,"{""type"":""Point"",""coordinates"":[-10.799999999999999,6.3]}"
143_10,12,0.14976486563682556,PERSIANN_CDR,WA011,2011,"{""type"":""Point"",""coordinates"":[1.22,6.130000000000001]}"
143_11,12,0.03835700824856758,PERSIANN_CDR,WA012,2011,"{""type"":""Point"",""coordinates"":[2.42,6.37]}"
143_12,12,0.0044149551540613174,PERSIANN_CDR,WA013,2011,"{""type"":""Point"",""coordinates"":[8.52,12.05]}"
143_13,12,0.3562668263912201,PERSIANN_CDR,WA014,2011,"{""type"":""Point"",""coordinates"":[-1.62,6.69]}"
143_14,12,4.78487454529386E-5,PERSIANN_CDR,WA015,2011,"{""type"":""Point"",""coordinates"":[-16.680000000000003,13.45]}"
144_0,1,0.017421307042241096,PERSIANN_CDR,WA001,2012,"{""type"":""Point"",""coordinates"":[-17.470000000000002,14.73]}"
144_1,1,1.2525022611953318E-4,PERSIANN_CDR,WA002,2012,"{""type"":""Point"",""coordinates"":[-7.949999999999998,12.65]}"
144_2,1,4.915055469609797E-4,PERSIANN_CDR,WA003,2012,"{""type"":""Point"",""coordinates"":[-1.5200000000000002,12.360000000000001]}"
144_3,1,0.005503812339156866,PERSIANN_CDR,WA004,2012,"{""type"":""Point"",""coordinates"":[2.17,13.51]}"
144_4,1,0.01901283487677574,PERSIANN_CDR,WA005,2012,"{""type"":""Point"",""coordinates"":[7.33,9.07]}"
144_5,1,0.6054855585098267,PERSIANN_CDR,WA006,2012,"{""type"":""Point"",""coordinates"":[-0.17,5.56]}"
144_6,1,0.4096532464027405,PERSIANN_CDR,WA007,2012,"{""type"":""Point"",""coordinates"":[-3.9299999999999997,5.349999999999999]}"
144_7,1,0.008663327433168888,PERSIANN_CDR,WA008,2012,"{""type"":""Point"",""coordinates"":[-13.67,9.53]}"
144_8,1,0.04935440048575401,PERSIANN_CDR,WA009,2012,"{""type"":""Point"",""coordinates"":[-13.230000000000002,8.489999999999998]}"
144_9,1,0.336923211812973,PERSIANN_CDR,WA010,2012,"{""type"":""Point"",""coordinates"":[-10.799999999999999,6.3]}"
144_10,1,0.42601919174194336,PERSIANN_CDR,WA011,2012,"{""type"":""Point"",""coordinates"":[1.22,6.130000000000001]}"
144_11,1,0.23250527679920197,PERSIANN_CDR,WA012,2012,"{""type"":""Point"",""coordinates"":[2.42,6.37]}"
144_12,1,3.136718587484211E-4,PERSIANN_CDR,WA013,2012,"{""type"":""Point"",""coordinates"":[8.52,12.05]}"
144_13,1,0.4420970380306244,PERSIANN_CDR,WA014,2012,"{""type"":""Point"",""coordinates"":[-1.62,6.69]}"
144_14,1,0.002617876511067152,PERSIANN_CDR,WA015,2012,"{""type"":""Point"",""coordinates"":[-16.680000000000003,13.45]}"
145_0,2,0.0,PERSIANN_CDR,WA001,2012,"{""type"":""Point"",""coordinates"":[-17.470000000000002,14.73]}"
145_1,2,0.04734516516327858,PERSIANN_CDR,WA002,2012,"{""type"":""Point"",""coordinates"":[-7.949999999999998,12.65]}"
145_2,2,0.15148213505744934,PERSIANN_CDR,WA003,2012,"{""type"":""Point"",""coordinates"":[-1.5200000000000002,12.360000000000001]}"
145_3,2,0.2275996208190918,PERSIANN_CDR,WA004,2012,"{""type"":""Point"",""coordinates"":[2.17,13.51]}"
145_4,2,0.33345523476600647,PERSIANN_CDR,WA005,2012,"{""type"":""Point"",""coordinates"":[7.33,9.07]}"
145_5,2,2.0872817039489746,PERSIANN_CDR,WA006,2012,"{""type"":""Point"",""coordinates"":[-0.17,5.56]}"
145_6,2,2.100970983505249,PERSIANN_CDR,WA007,2012,"{""type"":""Point"",""coordinates"":[-3.9299999999999997,5.349999999999999]}"
145_7,2,0.11365675926208496,PERSIANN_CDR,WA008,2012,"{""type"":""Point"",""coordinates"":[-13.67,9.53]}"
145_8,2,0.22458267211914062,PERSIANN_CDR,WA009,2012,"{""type"":""Point"",""coordinates"":[-13.230000000000002,8.489999999999998]}"
145_9,2,1.1679322719573975,PERSIANN_CDR,WA010,2012,"{""type"":""Point"",""coordinates"":[-10.799999999999999,6.3]}"
145_10,2,1.83794367313385,PERSIANN_CDR,WA011,2012,"{""type"":""Point"",""coordinates"":[1.22,6.130000000000001]}"
145_11,2,2.594635486602783,PERSIANN_CDR,WA012,2012,"{""type"":""Point"",""coordinates"":[2.42,6.37]}"
145_12,2,0.00545132253319025,PERSIANN_CDR,WA013,2012,"{""type"":""Point"",""coordinates"":[8.52,12.05]}"
145_13,2,1.711368203163147,PERSIANN_CDR,WA014,2012,"{""type"":""Point"",""coordinates"":[-1.62,6.69]}"
145_14,2,0.0026359944604337215,PERSIANN_CDR,WA015,2012,"{""type"":""Point"",""coordinates"":[-16.680000000000003,13.45]}"
146_0,3,0.07504331320524216,PERSIANN_CDR,WA001,2012,"{""type"":""Point"",""coordinates"":[-17.470000000000002,14.73]}"
146_1,3,0.028660736978054047,PERSIANN_CDR,WA002,2012,"{""type"":""Point"",""coordinates"":[-7.949999999999998,12.65]}"
146_2,3,0.012049507349729538,PERSIANN_CDR,WA003,2012,"{""type"":""Point"",""coordinates"":[-1.5200000000000002,12.360000000000001]}"
146_3,3,0.0,PERSIANN_CDR,WA004,2012,"{""type"":""Point"",""coordinates"":[2.17,13.51]}"
146_4,3,0.28838256001472473,PERSIANN_CDR,WA005,2012,"{""type"":""Point"",""coordinates"":[7.33,9.07]}"
146_5,3,1.7437717914581299,PERSIANN_CDR,WA006,2012,"{""type"":""Point"",""coordinates"":[-0.17,5.56]}"
146_6,3,2.375034809112549,PERSIANN_CDR,WA007,2012,"{""type"":""Point"",""coordinates"":[-3.9299999999999997,5.349999999999999]}"
146_7,3,0.050143174827098846,PERSIANN_CDR,WA008,2012,"{""type"":""Point"",""coordinates"":[-13.67,9.53]}"
146_8,3,0.09653541445732117,PERSIANN_CDR,WA009,2012,"{""type"":""Point"",""coordinates"":[-13.230000000000002,8.489999999999998]}"
146_9,3,1.4123071432113647,PERSIANN_CDR,WA010,2012,"{""type"":""Point"",""coordinates"":[-10.799999999999999,6.3]}"
146_10,3,1.5282357931137085,PERSIANN_CDR,WA011,2012,"{""type"":""Point"",""coordinates"":[1.22,6.130000000000001]}"
146_11,3,1.5806792974472046,PERSIANN_CDR,WA012,2012,"{""type"":""Point"",""coordinates"":[2.42,6.37]}"
146_12,3,0.004238246474415064,PERSIANN_CDR,WA013,2012,"{""type"":""Point"",""coordinates"":[8.52,12.05]}"
146_13,3,1.8104984760284424,PERSIANN_CDR,WA014,2012,"{""type"":""Point"",""coordinates"":[-1.62,6.69]}"
146_14,3,0.06169729307293892,PERSIANN_CDR,WA015,2012,"{""type"":""Point"",""coordinates"":[-16.680000000000003,13.45]}"
147_0,4,0.0563385970890522,PERSIANN_CDR,WA001,2012,"{""type"":""Point"",""coordinates"":[-17.470000000000002,14.73]}"
147_1,4,0.745902955532074,PERSIANN_CDR,WA002,2012,"{""type"":""Point"",""coordinates"":[-7.949999999999998,12.65]}"
147_2,4,1.1496652364730835,PERSIANN_CDR,WA003,2012,"{""type"":""Point"",""coordinates"":[-1.5200000000000002,12.360000000000001]}"
147_3,4,0.1621226668357849,PERSIANN_CDR,WA004,2012,"{""type"":""Point"",""coordinates"":[2.17,13.51]}"
147_4,4,3.366511344909668,PERSIANN_CDR,WA005,2012,"{""type"":""Point"",""coordinates"":[7.33,9.07]}"
147_5,4,3.331221103668213,PERSIANN_CDR,WA006,2012,"{""type"":""Point"",""coordinates"":[-0.17,5.56]}"
147_6,4,3.3986644744873047,PERSIANN_CDR,WA007,2012,"{""type"":""Point"",""coordinates"":[-3.9299999999999997,5.349999999999999]}"
147_7,4,0.9441273808479309,PERSIANN_CDR,WA008,2012,"{""type"":""Point"",""coordinates"":[-13.67,9.53]}"
147_8,4,1.6805894374847412,PERSIANN_CDR,WA009,2012,"{""type"":""Point"",""coordinates"":[-13.230000000000002,8.489999999999998]}"
147_9,4,4.378984451293945,PERSIANN_CDR,WA010,2012,"{""type"":""Point"",""coordinates"":[-10.799999999999999,6.3]}"
147_10,4,3.6897432804107666,PERSIANN_CDR,WA011,2012,"{""type"":""Point"",""coordinates"":[1.22,6.130000000000001]}"
147_11,4,4.2659735679626465,PERSIANN_CDR,WA012,2012,"{""type"":""Point"",""coordinates"":[2.42,6.37]}"
147_12,4,0.36290237307548523,PERSIANN_CDR,WA013,2012,"{""type"":""Point"",""coordinates"":[8.52,12.05]}"
147_13,4,3.2290151119232178,PERSIANN_CDR,WA014,2012,"{""type"":""Point"",""coordinates"":[-1.62,6.69]}"
147_14,4,0.00855933502316475,PERSIANN_CDR,WA015,2012,"{""type"":""Point"",""coordinates"":[-16.680000000000003,13.45]}"
148_0,5,0.06844515353441238,PERSIANN_CDR,WA001,2012,"{""type"":""Point"",""coordinates"":[-17.470000000000002,14.73]}"
148_1,5,2.2442550659179688,PERSIANN_CDR,WA002,2012,"{""type"":""Point"",""coordinates"":[-7.949999999999998,12.65]}"
148_2,5,1.8076306581497192,PERSIANN_CDR,WA003,2012,"{""type"":""Point"",""coordinates"":[-1.5200000000000002,12.360000000000001]}"
148_3,5,1.1811180114746094,PERSIANN_CDR,WA004,2012,"{""type"":""Point"",""coordinates"":[2.17,13.51]}"
148_4,5,8.152155876159668,PERSIANN_CDR,WA005,2012,"{""type"":""Point"",""coordinates"":[7.33,9.07]}"
148_5,5,4.316390514373779,PERSIANN_CDR,WA006,2012,"{""type"":""Point"",""coordinates"":[-0.17,5.56]}"
148_6,5,5.965817451477051,PERSIANN_CDR,WA007,2012,"{""type"":""Point"",""coordinates"":[-3.9299999999999997,5.349999999999999]}"
148_7,5,3.5974910259246826,PERSIANN_CDR,WA008,2012,"{""type"":""Point"",""coordinates"":[-13.67,9.53]}"
148_8,5,6.002687931060791,PERSIANN_CDR,WA009,2012,"{""type"":""Point"",""coordinates"":[-13.230000000000002,8.489999999999998]}"
148_9,5,9.321449279785156,PERSIANN_CDR,WA010,2012,"{""type"":""Point"",""coordinates"":[-10.799999999999999,6.3]}"
148_10,5,4.105521202087402,PERSIANN_CDR,WA011,2012,"{""type"":""Point"",""coordinates"":[1.22,6.130000000000001]}"
148_11,5,4.802597999572754,PERSIANN_CDR,WA012,2012,"{""type"":""Point"",""coordinates"":[2.42,6.37]}"
148_12,5,4.027138710021973,PERSIANN_CDR,WA013,2012,"{""type"":""Point"",""coordinates"":[8.52,12.05]}"
148_13,5,4.227532386779785,PERSIANN_CDR,WA014,2012,"{""type"":""Point"",""coordinates"":[-1.62,6.69]}"
148_14,5,0.5193803906440735,PERSIANN_CDR,WA015,2012,"{""type"":""Point"",""coordinates"":[-16.680000000000003,13.45]}"
149_0,6,0.5343319177627563,PERSIANN_CDR,WA001,2012,"{""type"":""Point"",""coordinates"":[-17.470000000000002,14.73]}"
149_1,6,5.325488567352295,PERSIANN_CDR,WA002,2012,"{""type"":""Point"",""coordinates"":[-7.949999999999998,12.65]}"
149_2,6,3.381467580795288,PERSIANN_CDR,WA003,2012,"{""type"":""Point"",""coordinates"":[-1.5200000000000002,12.360000000000001]}"
149_3,6,2.1289525032043457,PERSIANN_CDR,WA004,2012,"{""type"":""Point"",""coordinates"":[2.17,13.51]}"
149_4,6,6.677163600921631,PERSIANN_CDR,WA005,2012,"{""type"":""Point"",""coordinates"":[7.33,9.07]}"
149_5,6,5.251786708831787,PERSIANN_CDR,WA006,2012,"{""type"":""Point"",""coordinates"":[-0.17,5.56]}"
149_6,6,7.489465236663818,PERSIANN_CDR,WA007,2012,"{""type"":""Point"",""coordinates"":[-3.9299999999999997,5.349999999999999]}"
149_7,6,7.04958963394165,PERSIANN_CDR,WA008,2012,"{""type"":""Point"",""coordinates"":[-13.67,9.53]}"
149_8,6,9.65661334991455,PERSIANN_CDR,WA009,2012,"{""type"":""Point"",""coordinates"":[-13.230000000000002,8.489999999999998]}"
149_9,6,8.400714874267578,PERSIANN_CDR,WA010,2012,"{""type"":""Point"",""coordinates"":[-10.799999999999999,6.3]}"
149_10,6,6.462568759918213,PERSIANN_CDR,WA011,2012,"{""type"":""Point"",""coordinates"":[1.22,6.130000000000001]}"
149_11,6,9.247528076171875,PERSIANN_CDR,WA012,2012,"{""type"":""Point"",""coordinates"":[2.42,6.37]}"
149_12,6,4.4211812019348145,PERSIANN_CDR,WA013,2012,"{""type"":""Point"",""coordinates"":[8.52,12.05]}"
149_13,6,5.745875835418701,PERSIANN_CDR,WA014,2012,"{""type"":""Point"",""coordinates"":[-1.62,6.69]}"
149_14,6,2.730123519897461,PERSIANN_CDR,WA015,2012,"{""type"":""Point"",""coordinates"":[-16.680000000000003,13.45]}"
150_0,7,4.834773540496826,PERSIANN_CDR,WA001,2012,"{""type"":""Point"",""coordinates"":[-17.470000000000002,14.73]}"
150_1,7,9.553766250610352,PERSIANN_CDR,WA002,2012,"{""type"":""Point"",""coordinates"":[-7.949999999999998,12.65]}"
150_2,7,7.93543815612793,PERSIANN_CDR,WA003,2012,"{""type"":""Point"",""coordinates"":[-1.5200000000000002,12.360000000000001]}"
150_3,7,5.375372886657715,PERSIANN_CDR,WA004,2012,"{""type"":""Point"",""coordinates"":[2.17,13.51]}"
150_4,7,9.994787216186523,PERSIANN_CDR,WA005,2012,"{""type"":""Point"",""coordinates"":[7.33,9.07]}"
150_5,7,1.0173957347869873,PERSIANN_CDR,WA006,2012,"{""type"":""Point"",""coordinates"":[-0.17,5.56]}"
150_6,7,1.0044630765914917,PERSIANN_CDR,WA007,2012,"{""type"":""Point"",""coordinates"":[-3.9299999999999997,5.349999999999999]}"
150_7,7,15.091653823852539,PERSIANN_CDR,WA008,2012,"{""type"":""Point"",""coordinates"":[-13.67,9.53]}"
150_8,7,13.859040260314941,PERSIANN_CDR,WA009,2012,"{""type"":""Point"",""coordinates"":[-13.230000000000002,8.489999999999998]}"
150_9,7,4.9597649574279785,PERSIANN_CDR,WA010,2012,"{""type"":""Point"",""coordinates"":[-10.799999999999999,6.3]}"
150_10,7,2.5292797088623047,PERSIANN_CDR,WA011,2012,"{""type"":""Point"",""coordinates"":[1.22,6.130000000000001]}"
150_11,7,3.0983986854553223,PERSIANN_CDR,WA012,2012,"{""type"":""Point"",""coordinates"":[2.42,6.37]}"
150_12,7,7.853596210479736,PERSIANN_CDR,WA013,2012,"{""type"":""Point"",""coordinates"":[8.52,12.05]}"
150_13,7,1.6142616271972656,PERSIANN_CDR,WA014,2012,"{""type"":""Point"",""coordinates"":[-1.62,6.69]}"
150_14,7,10.248103141784668,PERSIANN_CDR,WA015,2012,"{""type"":""Point"",""coordinates"":[-16.680000000000003,13.45]}"
151_0,8,8.064157485961914,PERSIANN_CDR,WA001,2012,"{""type"":""Point"",""coordinates"":[-17.470000000000002,14.73]}"
151_1,8,10.409066200256348,PERSIANN_CDR,WA002,2012,"{""type"":""Point"",""coordinates"":[-7.949999999999998,12.65]}"
151_2,8,8.07939624786377,PERSIANN_CDR,WA003,2012,"{""type"":""Point"",""coordinates"":[-1.5200000000000002,12.360000000000001]}"
151_3,8,5.763341426849365,PERSIANN_CDR,WA004,2012,"{""type"":""Point"",""coordinates"":[2.17,13.51]}"
151_4,8,8.385449409484863,PERSIANN_CDR,WA005,2012,"{""type"":""Point"",""coordinates"":[7.33,9.07]}"
151_5,8,0.568567156791687,PERSIANN_CDR,WA006,2012,"{""type"":""Point"",""coordinates"":[-0.17,5.56]}"
151_6,8,0.4185671806335449,PERSIANN_CDR,WA007,2012,"{""type"":""Point"",""coordinates"":[-3.9299999999999997,5.349999999999999]}"
151_7,8,17.305862426757812,PERSIANN_CDR,WA008,2012,"{""type"":""Point"",""coordinates"":[-13.67,9.53]}"
151_8,8,14.329421043395996,PERSIANN_CDR,WA009,2012,"{""type"":""Point"",""coordinates"":[-13.230000000000002,8.489999999999998]}"
151_9,8,7.6303205490112305,PERSIANN_CDR,WA010,2012,"{""type"":""Point"",""coordinates"":[-10.799999999999999,6.3]}"
151_10,8,1.228448510169983,PERSIANN_CDR,WA011,2012,"{""type"":""Point"",""coordinates"":[1.22,6.130000000000001]}"
151_11,8,1.1287175416946411,PERSIANN_CDR,WA012,2012,"{""type"":""Point"",""coordinates"":[2.42,6.37]}"
151_12,8,8.9273042678833,PERSIANN_CDR,WA013,2012,"{""type"":""Point"",""coordinates"":[8.52,12.05]}"
151_13,8,0.8805729746818542,PERSIANN_CDR,WA014,2012,"{""type"":""Point"",""coordinates"":[-1.62,6.69]}"
151_14,8,12.322635650634766,PERSIANN_CDR,WA015,2012,"{""type"":""Point"",""coordinates"":[-16.680000000000003,13.45]}"
152_0,9,6.447694301605225,PERSIANN_CDR,WA001,2012,"{""type"":""Point"",""coordinates"":[-17.470000000000002,14.73]}"
152_1,9,6.731624603271484,PERSIANN_CDR,WA002,2012,"{""type"":""Point"",""coordinates"":[-7.949999999999998,12.65]}"
152_2,9,6.254470348358154,PERSIANN_CDR,WA003,2012,"{""type"":""Point"",""coordinates"":[-1.5200000000000002,12.360000000000001]}"
152_3,9,3.7666749954223633,PERSIANN_CDR,WA004,2012,"{""type"":""Point"",""coordinates"":[2.17,13.51]}"
152_4,9,9.899772644042969,PERSIANN_CDR,WA005,2012,"{""type"":""Point"",""coordinates"":[7.33,9.07]}"
152_5,9,3.779785633087158,PERSIANN_CDR,WA006,2012,"{""type"":""Point"",""coordinates"":[-0.17,5.56]}"
152_6,9,3.2570722103118896,PERSIANN_CDR,WA007,2012,"{""type"":""Point"",""coordinates"":[-3.9299999999999997,5.349999999999999]}"
152_7,9,11.394108772277832,PERSIANN_CDR,WA008,2012,"{""type"":""Point"",""coordinates"":[-13.67,9.53]}"
152_8,9,11.523982048034668,PERSIANN_CDR,WA009,2012,"{""type"":""Point"",""coordinates"":[-13.230000000000002,8.489999999999998]}"
152_9,9,11.105633735656738,PERSIANN_CDR,WA010,2012,"{""type"":""Point"",""coordinates"":[-10.799999999999999,6.3]}"
152_10,9,4.393457889556885,PERSIANN_CDR,WA011,2012,"{""type"":""Point"",""coordinates"":[1.22,6.130000000000001]}"
152_11,9,5.134015083312988,PERSIANN_CDR,WA012,2012,"{""type"":""Point"",""coordinates"":[2.42,6.37]}"
152_12,9,5.4982709884643555,PERSIANN_CDR,WA013,2012,"{""type"":""Point"",""coordinates"":[8.52,12.05]}"
152_13,9,4.510281562805176,PERSIANN_CDR,WA014,2012,"{""type"":""Point"",""coordinates"":[-1.62,6.69]}"
152_14,9,9.861213684082031,PERSIANN_CDR,WA015,2012,"{""type"":""Point"",""coordinates"":[-16.680000000000003,13.45]}"
153_0,10,0.6111622452735901,PERSIANN_CDR,WA001,2012,"{""type"":""Point"",""coordinates"":[-17.470000000000002,14.73]}"
153_1,10,1.4271035194396973,PERSIANN_CDR,WA002,2012,"{""type"":""Point"",""coordinates"":[-7.949999999999998,12.65]}"
153_2,10,0.6452643871307373,PERSIANN_CDR,WA003,2012,"{""type"":""Point"",""coordinates"":[-1.5200000000000002,12.360000000000001]}"
153_3,10,0.7112313508987427,PERSIANN_CDR,WA004,2012,"{""type"":""Point"",""coordinates"":[2.17,13.51]}"
153_4,10,7.225059986114502,PERSIANN_CDR,WA005,2012,"{""type"":""Point"",""coordinates"":[7.33,9.07]}"
153_5,10,3.6903607845306396,PERSIANN_CDR,WA006,2012,"{""type"":""Point"",""coordinates"":[-0.17,5.56]}"
153_6,10,6.16025972366333,PERSIANN_CDR,WA007,2012,"{""type"":""Point"",""coordinates"":[-3.9299999999999997,5.349999999999999]}"
153_7,10,9.758100509643555,PERSIANN_CDR,WA008,2012,"{""type"":""Point"",""coordinates"":[-13.67,9.53]}"
153_8,10,11.101770401000977,PERSIANN_CDR,WA009,2012,"{""type"":""Point"",""coordinates"":[-13.230000000000002,8.489999999999998]}"
153_9,10,12.90328311920166,PERSIANN_CDR,WA010,2012,"{""type"":""Point"",""coordinates"":[-10.799999999999999,6.3]}"
153_10,10,4.41351318359375,PERSIANN_CDR,WA011,2012,"{""type"":""Point"",""coordinates"":[1.22,6.130000000000001]}"
153_11,10,5.2302656173706055,PERSIANN_CDR,WA012,2012,"{""type"":""Point"",""coordinates"":[2.42,6.37]}"
153_12,10,0.8217502236366272,PERSIANN_CDR,WA013,2012,"{""type"":""Point"",""coordinates"":[8.52,12.05]}"
153_13,10,7.038352012634277,PERSIANN_CDR,WA014,2012,"{""type"":""Point"",""coordinates"":[-1.62,6.69]}"
153_14,10,2.033815860748291,PERSIANN_CDR,WA015,2012,"{""type"":""Point"",""coordinates"":[-16.680000000000003,13.45]}"
154_0,11,0.04673105105757713,PERSIANN_CDR,WA001,2012,"{""type"":""Point"",""coordinates"":[-17.470000000000002,14.73]}"
154_1,11,0.41609522700309753,PERSIANN_CDR,WA002,2012,"{""type"":""Point"",""coordinates"":[-7.949999999999998,12.65]}"
154_2,11,0.10103023797273636,PERSIANN_CDR,WA003,2012,"{""type"":""Point"",""coordinates"":[-1.5200000000000002,12.360000000000001]}"
154_3,11,0.009022442623972893,PERSIANN_CDR,WA004,2012,"{""type"":""Point"",""coordinates"":[2.17,13.51]}"
154_4,11,0.599799394607544,PERSIANN_CDR,WA005,2012,"{""type"":""Point"",""coordinates"":[7.33,9.07]}"
154_5,11,2.6352298259735107,PERSIANN_CDR,WA006,2012,"{""type"":""Point"",""coordinates"":[-0.17,5.56]}"
154_6,11,5.359468460083008,PERSIANN_CDR,WA007,2012,"{""type"":""Point"",""coordinates"":[-3.9299999999999997,5.349999999999999]}"
154_7,11,5.016339302062988,PERSIANN_CDR,WA008,2012,"{""type"":""Point"",""coordinates"":[-13.67,9.53]}"
154_8,11,6.178085803985596,PERSIANN_CDR,WA009,2012,"{""type"":""Point"",""coordinates"":[-13.230000000000002,8.489999999999998]}"
154_9,11,5.722274303436279,PERSIANN_CDR,WA010,2012,"{""type"":""Point"",""coordinates"":[-10.799999999999999,6.3]}"
154_10,11,1.98258376121521,PERSIANN_CDR,WA011,2012,"{""type"":""Point"",""coordinates"":[1.22,6.130000000000001]}"
154_11,11,2.124530792236328,PERSIANN_CDR,WA012,2012,"{""type"":""Point"",""coordinates"":[2.42,6.37]}"
154_12,11,0.021891936659812927,PERSIANN_CDR,WA013,2012,"{""type"":""Point"",""coordinates"":[8.52,12.05]}"
154_13,11,3.5009775161743164,PERSIANN_CDR,WA014,2012,"{""type"":""Point"",""coordinates"":[-1.62,6.69]}"
154_14,11,0.1929863840341568,PERSIANN_CDR,WA015,2012,"{""type"":""Point"",""coordinates"":[-16.680000000000003,13.45]}"
155_0,12,0.06526508927345276,PERSIANN_CDR,WA001,2012,"{""type"":""Point"",""coordinates"":[-17.470000000000002,14.73]}"
155_1,12,0.0032190417405217886,PERSIANN_CDR,WA002,2012,"{""type"":""Point"",""coordinates"":[-7.949999999999998,12.65]}"
155_2,12,0.009212568402290344,PERSIANN_CDR,WA003,2012,"{""type"":""Point"",""coordinates"":[-1.5200000000000002,12.360000000000001]}"
155_3,12,0.0,PERSIANN_CDR,WA004,2012,"{""type"":""Point"",""coordinates"":[2.17,13.51]}"
155_4,12,0.08204219490289688,PERSIANN_CDR,WA005,2012,"{""type"":""Point"",""coordinates"":[7.33,9.07]}"
155_5,12,1.3957347869873047,PERSIANN_CDR,WA006,2012,"{""type"":""Point"",""coordinates"":[-0.17,5.56]}"
155_6,12,2.507516860961914,PERSIANN_CDR,WA007,2012,"{""type"":""Point"",""coordinates"":[-3.9299999999999997,5.349999999999999]}"
155_7,12,0.47191286087036133,PERSIANN_CDR,WA008,2012,"{""type"":""Point"",""coordinates"":[-13.67,9.53]}"
155_8,12,1.128150224685669,PERSIANN_CDR,WA009,2012,"{""type"":""Point"",""coordinates"":[-13.230000000000002,8.489999999999998]}"
155_9,12,2.2107880115509033,PERSIANN_CDR,WA010,2012,"{""type"":""Point"",""coordinates"":[-10.799999999999999,6.3]}"
155_10,12,1.047234296798706,PERSIANN_CDR,WA011,2012,"{""type"":""Point"",""coordinates"":[1.22,6.130000000000001]}"
155_11,12,0.8914838433265686,PERSIANN_CDR,WA012,2012,"{""type"":""Point"",""coordinates"":[2.42,6.37]}"
155_12,12,0.10355888307094574,PERSIANN_CDR,WA013,2012,"{""type"":""Point"",""coordinates"":[8.52,12.05]}"
155_13,12,1.3538802862167358,PERSIANN_CDR,WA014,2012,"{""type"":""Point"",""coordinates"":[-1.62,6.69]}"
155_14,12,0.0016845188802108169,PERSIANN_CDR,WA015,2012,"{""type"":""Point"",""coordinates"":[-16.680000000000003,13.45]}"
156_0,1,0.263851523399353,PERSIANN_CDR,WA001,2013,"{""type"":""Point"",""coordinates"":[-17.470000000000002,14.73]}"
156_1,1,0.016625894233584404,PERSIANN_CDR,WA002,2013,"{""type"":""Point"",""coordinates"":[-7.949999999999998,12.65]}"
156_2,1,0.005268880631774664,PERSIANN_CDR,WA003,2013,"{""type"":""Point"",""coordinates"":[-1.5200000000000002,12.360000000000001]}"
156_3,1,0.002058887854218483,PERSIANN_CDR,WA004,2013,"{""type"":""Point"",""coordinates"":[2.17,13.51]}"
156_4,1,0.19321231544017792,PERSIANN_CDR,WA005,2013,"{""type"":""Point"",""coordinates"":[7.33,9.07]}"
156_5,1,0.9369163513183594,PERSIANN_CDR,WA006,2013,"{""type"":""Point"",""coordinates"":[-0.17,5.56]}"
156_6,1,0.34425514936447144,PERSIANN_CDR,WA007,2013,"{""type"":""Point"",""coordinates"":[-3.9299999999999997,5.349999999999999]}"
156_7,1,0.08099476993083954,PERSIANN_CDR,WA008,2013,"{""type"":""Point"",""coordinates"":[-13.67,9.53]}"
156_8,1,0.1926940381526947,PERSIANN_CDR,WA009,2013,"{""type"":""Point"",""coordinates"":[-13.230000000000002,8.489999999999998]}"
156_9,1,0.3229990303516388,PERSIANN_CDR,WA010,2013,"{""type"":""Point"",""coordinates"":[-10.799999999999999,6.3]}"
156_10,1,0.6640468835830688,PERSIANN_CDR,WA011,2013,"{""type"":""Point"",""coordinates"":[1.22,6.130000000000001]}"
156_11,1,0.8357613682746887,PERSIANN_CDR,WA012,2013,"{""type"":""Point"",""coordinates"":[2.42,6.37]}"
156_12,1,0.012906217947602272,PERSIANN_CDR,WA013,2013,"{""type"":""Point"",""coordinates"":[8.52,12.05]}"
156_13,1,0.20650091767311096,PERSIANN_CDR,WA014,2013,"{""type"":""Point"",""coordinates"":[-1.62,6.69]}"
156_14,1,0.15621830523014069,PERSIANN_CDR,WA015,2013,"{""type"":""Point"",""coordinates"":[-16.680000000000003,13.45]}"
157_0,2,0.06863456964492798,PERSIANN_CDR,WA001,2013,"{""type"":""Point"",""coordinates"":[-17.470000000000002,14.73]}"
157_1,2,0.010655426420271397,PERSIANN_CDR,WA002,2013,"{""type"":""Point"",""coordinates"":[-7.949999999999998,12.65]}"
157_2,2,0.13325582444667816,PERSIANN_CDR,WA003,2013,"{""type"":""Point"",""coordinates"":[-1.5200000000000002,12.360000000000001]}"
157_3,2,0.13701041042804718,PERSIANN_CDR,WA004,2013,"{""type"":""Point"",""coordinates"":[2.17,13.51]}"
157_4,2,0.5379999876022339,PERSIANN_CDR,WA005,2013,"{""type"":""Point"",""coordinates"":[7.33,9.07]}"
157_5,2,1.3614877462387085,PERSIANN_CDR,WA006,2013,"{""type"":""Point"",""coordinates"":[-0.17,5.56]}"
157_6,2,1.3221824169158936,PERSIANN_CDR,WA007,2013,"{""type"":""Point"",""coordinates"":[-3.9299999999999997,5.349999999999999]}"
157_7,2,0.05062393099069595,PERSIANN_CDR,WA008,2013,"{""type"":""Point"",""coordinates"":[-13.67,9.53]}"
157_8,2,0.10418294370174408,PERSIANN_CDR,WA009,2013,"{""type"":""Point"",""coordinates"":[-13.230000000000002,8.489999999999998]}"
157_9,2,1.1569634675979614,PERSIANN_CDR,WA010,2013,"{""type"":""Point"",""coordinates"":[-10.799999999999999,6.3]}"
157_10,2,1.010843276977539,PERSIANN_CDR,WA011,2013,"{""type"":""Point"",""coordinates"":[1.22,6.130000000000001]}"
157_11,2,1.0509803295135498,PERSIANN_CDR,WA012,2013,"{""type"":""Point"",""coordinates"":[2.42,6.37]}"
157_12,2,0.036215923726558685,PERSIANN_CDR,WA013,2013,"{""type"":""Point"",""coordinates"":[8.52,12.05]}"
157_13,2,1.9160352945327759,PERSIANN_CDR,WA014,2013,"{""type"":""Point"",""coordinates"":[-1.62,6.69]}"
157_14,2,0.04267572611570358,PERSIANN_CDR,WA015,2013,"{""type"":""Point"",""coordinates"":[-16.680000000000003,13.45]}"
158_0,3,0.01230581570416689,PERSIANN_CDR,WA001,2013,"{""type"":""Point"",""coordinates"":[-17.470000000000002,14.73]}"
158_1,3,0.11460243910551071,PERSIANN_CDR,WA002,2013,"{""type"":""Point"",""coordinates"":[-7.949999999999998,12.65]}"
158_2,3,0.27318626642227173,PERSIANN_CDR,WA003,2013,"{""type"":""Point"",""coordinates"":[-1.5200000000000002,12.360000000000001]}"
158_3,3,0.027439121156930923,PERSIANN_CDR,WA004,2013,"{""type"":""Point"",""coordinates"":[2.17,13.51]}"
158_4,3,1.0972270965576172,PERSIANN_CDR,WA005,2013,"{""type"":""Point"",""coordinates"":[7.33,9.07]}"
158_5,3,3.502823829650879,PERSIANN_CDR,WA006,2013,"{""type"":""Point"",""coordinates"":[-0.17,5.56]}"
158_6,3,3.3149375915527344,PERSIANN_CDR,WA007,2013,"{""type"":""Point"",""coordinates"":[-3.9299999999999997,5.349999999999999]}"
158_7,3,0.14933261275291443,PERSIANN_CDR,WA008,2013,"{""type"":""Point"",""coordinates"":[-13.67,9.53]}"
158_8,3,0.3576187491416931,PERSIANN_CDR,WA009,2013,"{""type"":""Point"",""coordinates"":[-13.230000000000002,8.489999999999998]}"
158_9,3,2.4440994262695312,PERSIANN_CDR,WA010,2013,"{""type"":""Point"",""coordinates"":[-10.799999999999999,6.3]}"
158_10,3,3.30263352394104,PERSIANN_CDR,WA011,2013,"{""type"":""Point"",""coordinates"":[1.22,6.130000000000001]}"
158_11,3,2.4684953689575195,PERSIANN_CDR,WA012,2013,"{""type"":""Point"",""coordinates"":[2.42,6.37]}"
158_12,3,0.19349020719528198,PERSIANN_CDR,WA013,2013,"{""type"":""Point"",""coordinates"":[8.52,12.05]}"
158_13,3,3.71763277053833,PERSIANN_CDR,WA014,2013,"{""type"":""Point"",""coordinates"":[-1.62,6.69]}"
158_14,3,0.00703752227127552,PERSIANN_CDR,WA015,2013,"{""type"":""Point"",""coordinates"":[-16.680000000000003,13.45]}"
159_0,4,0.02867019921541214,PERSIANN_CDR,WA001,2013,"{""type"":""Point"",""coordinates"":[-17.470000000000002,14.73]}"
159_1,4,0.3281826078891754,PERSIANN_CDR,WA002,2013,"{""type"":""Point"",""coordinates"":[-7.949999999999998,12.65]}"
159_2,4,1.9209764003753662,PERSIANN_CDR,WA003,2013,"{""type"":""Point"",""coordinates"":[-1.5200000000000002,12.360000000000001]}"
159_3,4,1.2170733213424683,PERSIANN_CDR,WA004,2013,"{""type"":""Point"",""coordinates"":[2.17,13.51]}"
159_4,4,4.798200607299805,PERSIANN_CDR,WA005,2013,"{""type"":""Point"",""coordinates"":[7.33,9.07]}"
159_5,4,3.1993958950042725,PERSIANN_CDR,WA006,2013,"{""type"":""Point"",""coordinates"":[-0.17,5.56]}"
159_6,4,3.334007740020752,PERSIANN_CDR,WA007,2013,"{""type"":""Point"",""coordinates"":[-3.9299999999999997,5.349999999999999]}"
159_7,4,0.22690372169017792,PERSIANN_CDR,WA008,2013,"{""type"":""Point"",""coordinates"":[-13.67,9.53]}"
159_8,4,0.70047527551651,PERSIANN_CDR,WA009,2013,"{""type"":""Point"",""coordinates"":[-13.230000000000002,8.489999999999998]}"
159_9,4,2.071256399154663,PERSIANN_CDR,WA010,2013,"{""type"":""Point"",""coordinates"":[-10.799999999999999,6.3]}"
159_10,4,3.8487865924835205,PERSIANN_CDR,WA011,2013,"{""type"":""Point"",""coordinates"":[1.22,6.130000000000001]}"
159_11,4,4.277639389038086,PERSIANN_CDR,WA012,2013,"{""type"":""Point"",""coordinates"":[2.42,6.37]}"
159_12,4,0.8220212459564209,PERSIANN_CDR,WA013,2013,"{""type"":""Point"",""coordinates"":[8.52,12.05]}"
159_13,4,3.15020751953125,PERSIANN_CDR,WA014,2013,"{""type"":""Point"",""coordinates"":[-1.62,6.69]}"
159_14,4,0.0068912263959646225,PERSIANN_CDR,WA015,2013,"{""type"":""Point"",""coordinates"":[-16.680000000000003,13.45]}"
160_0,5,0.056095417588949203,PERSIANN_CDR,WA001,2013,"{""type"":""Point"",""coordinates"":[-17.470000000000002,14.73]}"
160_1,5,1.6428426504135132,PERSIANN_CDR,WA002,2013,"{""type"":""Point"",""coordinates"":[-7.949999999999998,12.65]}"
160_2,5,1.9388405084609985,PERSIANN_CDR,WA003,2013,"{""type"":""Point"",""coordinates"":[-1.5200000000000002,12.360000000000001]}"
160_3,5,0.6151797771453857,PERSIANN_CDR,WA004,2013,"{""type"":""Point"",""coordinates"":[2.17,13.51]}"
160_4,5,5.211153984069824,PERSIANN_CDR,WA005,2013,"{""type"":""Point"",""coordinates"":[7.33,9.07]}"
160_5,5,5.021187782287598,PERSIANN_CDR,WA006,2013,"{""type"":""Point"",""coordinates"":[-0.17,5.56]}"
160_6,5,7.349881172180176,PERSIANN_CDR,WA007,2013,"{""type"":""Point"",""coordinates"":[-3.9299999999999997,5.349999999999999]}"
160_7,5,6.075662612915039,PERSIANN_CDR,WA008,2013,"{""type"":""Point"",""coordinates"":[-13.67,9.53]}"
160_8,5,8.252472877502441,PERSIANN_CDR,WA009,2013,"{""type"":""Point"",""coordinates"":[-13.230000000000002,8.489999999999998]}"
160_9,5,10.30761432647705,PERSIANN_CDR,WA010,2013,"{""type"":""Point"",""coordinates"":[-10.799999999999999,6.3]}"
160_10,5,5.019796371459961,PERSIANN_CDR,WA011,2013,"{""type"":""Point"",""coordinates"":[1.22,6.130000000000001]}"
160_11,5,6.032798767089844,PERSIANN_CDR,WA012,2013,"{""type"":""Point"",""coordinates"":[2.42,6.37]}"
160_12,5,1.2485383749008179,PERSIANN_CDR,WA013,2013,"{""type"":""Point"",""coordinates"":[8.52,12.05]}"
160_13,5,4.9903435707092285,PERSIANN_CDR,WA014,2013,"{""type"":""Point"",""coordinates"":[-1.62,6.69]}"
160_14,5,0.25156036019325256,PERSIANN_CDR,WA015,2013,"{""type"":""Point"",""coordinates"":[-16.680000000000003,13.45]}"
161_0,6,0.18019211292266846,PERSIANN_CDR,WA001,2013,"{""type"":""Point"",""coordinates"":[-17.470000000000002,14.73]}"
161_1,6,5.683013916015625,PERSIANN_CDR,WA002,2013,"{""type"":""Point"",""coordinates"":[-7.949999999999998,12.65]}"
161_2,6,2.598506450653076,PERSIANN_CDR,WA003,2013,"{""type"":""Point"",""coordinates"":[-1.5200000000000002,12.360000000000001]}"
161_3,6,2.274061679840088,PERSIANN_CDR,WA004,2013,"{""type"":""Point"",""coordinates"":[2.17,13.51]}"
161_4,6,5.980700969696045,PERSIANN_CDR,WA005,2013,"{""type"":""Point"",""coordinates"":[7.33,9.07]}"
161_5,6,4.97719144821167,PERSIANN_CDR,WA006,2013,"{""type"":""Point"",""coordinates"":[-0.17,5.56]}"
161_6,6,6.5532050132751465,PERSIANN_CDR,WA007,2013,"{""type"":""Point"",""coordinates"":[-3.9299999999999997,5.349999999999999]}"
161_7,6,14.291261672973633,PERSIANN_CDR,WA008,2013,"{""type"":""Point"",""coordinates"":[-13.67,9.53]}"
161_8,6,16.182710647583008,PERSIANN_CDR,WA009,2013,"{""type"":""Point"",""coordinates"":[-13.230000000000002,8.489999999999998]}"
161_9,6,11.57406997680664,PERSIANN_CDR,WA010,2013,"{""type"":""Point"",""coordinates"":[-10.799999999999999,6.3]}"
161_10,6,4.019955635070801,PERSIANN_CDR,WA011,2013,"{""type"":""Point"",""coordinates"":[1.22,6.130000000000001]}"
161_11,6,4.257546424865723,PERSIANN_CDR,WA012,2013,"{""type"":""Point"",""coordinates"":[2.42,6.37]}"
161_12,6,3.6638526916503906,PERSIANN_CDR,WA013,2013,"{""type"":""Point"",""coordinates"":[8.52,12.05]}"
161_13,6,4.111522197723389,PERSIANN_CDR,WA014,2013,"{""type"":""Point"",""coordinates"":[-1.62,6.69]}"
161_14,6,0.8347949981689453,PERSIANN_CDR,WA015,2013,"{""type"":""Point"",""coordinates"":[-16.680000000000003,13.45]}"
162_0,7,2.2596383094787598,PERSIANN_CDR,WA001,2013,"{""type"":""Point"",""coordinates"":[-17.470000000000002,14.73]}"
162_1,7,5.368184566497803,PERSIANN_CDR,WA002,2013,"{""type"":""Point"",""coordinates"":[-7.949999999999998,12.65]}"
162_2,7,5.60224723815918,PERSIANN_CDR,WA003,2013,"{""type"":""Point"",""coordinates"":[-1.5200000000000002,12.360000000000001]}"
162_3,7,3.329683542251587,PERSIANN_CDR,WA004,2013,"{""type"":""Point"",""coordinates"":[2.17,13.51]}"
162_4,7,6.333086967468262,PERSIANN_CDR,WA005,2013,"{""type"":""Point"",""coordinates"":[7.33,9.07]}"
162_5,7,1.187061071395874,PERSIANN_CDR,WA006,2013,"{""type"":""Point"",""coordinates"":[-0.17,5.56]}"
162_6,7,1.949540376663208,PERSIANN_CDR,WA007,2013,"{""type"":""Point"",""coordinates"":[-3.9299999999999997,5.349999999999999]}"
162_7,7,10.719741821289062,PERSIANN_CDR,WA008,2013,"{""type"":""Point"",""coordinates"":[-13.67,9.53]}"
162_8,7,11.048384666442871,PERSIANN_CDR,WA009,2013,"{""type"":""Point"",""coordinates"":[-13.230000000000002,8.489999999999998]}"
162_9,7,5.168137550354004,PERSIANN_CDR,WA010,2013,"{""type"":""Point"",""coordinates"":[-10.799999999999999,6.3]}"
162_10,7,2.1348178386688232,PERSIANN_CDR,WA011,2013,"{""type"":""Point"",""coordinates"":[1.22,6.130000000000001]}"
162_11,7,2.9536263942718506,PERSIANN_CDR,WA012,2013,"{""type"":""Point"",""coordinates"":[2.42,6.37]}"
162_12,7,5.560052871704102,PERSIANN_CDR,WA013,2013,"{""type"":""Point"",""coordinates"":[8.52,12.05]}"
162_13,7,3.158378839492798,PERSIANN_CDR,WA014,2013,"{""type"":""Point"",""coordinates"":[-1.62,6.69]}"
162_14,7,5.751170635223389,PERSIANN_CDR,WA015,2013,"{""type"":""Point"",""coordinates"":[-16.680000000000003,13.45]}"
163_0,8,9.49598217010498,PERSIANN_CDR,WA001,2013,"{""type"":""Point"",""coordinates"":[-17.470000000000002,14.73]}"
163_1,8,10.948738098144531,PERSIANN_CDR,WA002,2013,"{""type"":""Point"",""coordinates"":[-7.949999999999998,12.65]}"
163_2,8,8.088961601257324,PERSIANN_CDR,WA003,2013,"{""type"":""Point"",""coordinates"":[-1.5200000000000002,12.360000000000001]}"
163_3,8,7.979353904724121,PERSIANN_CDR,WA004,2013,"{""type"":""Point"",""coordinates"":[2.17,13.51]}"
163_4,8,4.293902397155762,PERSIANN_CDR,WA005,2013,"{""type"":""Point"",""coordinates"":[7.33,9.07]}"
163_5,8,0.4589979648590088,PERSIANN_CDR,WA006,2013,"{""type"":""Point"",""coordinates"":[-0.17,5.56]}"
163_6,8,0.48680779337882996,PERSIANN_CDR,WA007,2013,"{""type"":""Point"",""coordinates"":[-3.9299999999999997,5.349999999999999]}"
163_7,8,19.495269775390625,PERSIANN_CDR,WA008,2013,"{""type"":""Point"",""coordinates"":[-13.67,9.53]}"
163_8,8,15.892979621887207,PERSIANN_CDR,WA009,2013,"{""type"":""Point"",""coordinates"":[-13.230000000000002,8.489999999999998]}"
163_9,8,5.977448463439941,PERSIANN_CDR,WA010,2013,"{""type"":""Point"",""coordinates"":[-10.799999999999999,6.3]}"
163_10,8,1.039228081703186,PERSIANN_CDR,WA011,2013,"{""type"":""Point"",""coordinates"":[1.22,6.130000000000001]}"
163_11,8,0.9240164160728455,PERSIANN_CDR,WA012,2013,"{""type"":""Point"",""coordinates"":[2.42,6.37]}"
163_12,8,7.794003486633301,PERSIANN_CDR,WA013,2013,"{""type"":""Point"",""coordinates"":[8.52,12.05]}"
163_13,8,1.4500199556350708,PERSIANN_CDR,WA014,2013,"{""type"":""Point"",""coordinates"":[-1.62,6.69]}"
163_14,8,11.892112731933594,PERSIANN_CDR,WA015,2013,"{""type"":""Point"",""coordinates"":[-16.680000000000003,13.45]}"
164_0,9,6.304975509643555,PERSIANN_CDR,WA001,2013,"{""type"":""Point"",""coordinates"":[-17.470000000000002,14.73]}"
164_1,9,5.955075740814209,PERSIANN_CDR,WA002,2013,"{""type"":""Point"",""coordinates"":[-7.949999999999998,12.65]}"
164_2,9,3.9692065715789795,PERSIANN_CDR,WA003,2013,"{""type"":""Point"",""coordinates"":[-1.5200000000000002,12.360000000000001]}"
164_3,9,1.4256714582443237,PERSIANN_CDR,WA004,2013,"{""type"":""Point"",""coordinates"":[2.17,13.51]}"
164_4,9,8.826208114624023,PERSIANN_CDR,WA005,2013,"{""type"":""Point"",""coordinates"":[7.33,9.07]}"
164_5,9,2.5421066284179688,PERSIANN_CDR,WA006,2013,"{""type"":""Point"",""coordinates"":[-0.17,5.56]}"
164_6,9,3.321042776107788,PERSIANN_CDR,WA007,2013,"{""type"":""Point"",""coordinates"":[-3.9299999999999997,5.349999999999999]}"
164_7,9,16.915802001953125,PERSIANN_CDR,WA008,2013,"{""type"":""Point"",""coordinates"":[-13.67,9.53]}"
164_8,9,17.083656311035156,PERSIANN_CDR,WA009,2013,"{""type"":""Point"",""coordinates"":[-13.230000000000002,8.489999999999998]}"
164_9,9,13.732768058776855,PERSIANN_CDR,WA010,2013,"{""type"":""Point"",""coordinates"":[-10.799999999999999,6.3]}"
164_10,9,3.204118013381958,PERSIANN_CDR,WA011,2013,"{""type"":""Point"",""coordinates"":[1.22,6.130000000000001]}"
164_11,9,3.3089582920074463,PERSIANN_CDR,WA012,2013,"{""type"":""Point"",""coordinates"":[2.42,6.37]}"
164_12,9,4.144155502319336,PERSIANN_CDR,WA013,2013,"{""type"":""Point"",""coordinates"":[8.52,12.05]}"
164_13,9,6.100889682769775,PERSIANN_CDR,WA014,2013,"{""type"":""Point"",""coordinates"":[-1.62,6.69]}"
164_14,9,8.574556350708008,PERSIANN_CDR,WA015,2013,"{""type"":""Point"",""coordinates"":[-16.680000000000003,13.45]}"
165_0,10,1.0951176881790161,PERSIANN_CDR,WA001,2013,"{""type"":""Point"",""coordinates"":[-17.470000000000002,14.73]}"
165_1,10,2.585552215576172,PERSIANN_CDR,WA002,2013,"{""type"":""Point"",""coordinates"":[-7.949999999999998,12.65]}"
165_2,10,1.0871580839157104,PERSIANN_CDR,WA003,2013,"{""type"":""Point"",""coordinates"":[-1.5200000000000002,12.360000000000001]}"
165_3,10,0.4750707447528839,PERSIANN_CDR,WA004,2013,"{""type"":""Point"",""coordinates"":[2.17,13.51]}"
165_4,10,4.606204032897949,PERSIANN_CDR,WA005,2013,"{""type"":""Point"",""coordinates"":[7.33,9.07]}"
165_5,10,3.3705873489379883,PERSIANN_CDR,WA006,2013,"{""type"":""Point"",""coordinates"":[-0.17,5.56]}"
165_6,10,3.8814096450805664,PERSIANN_CDR,WA007,2013,"{""type"":""Point"",""coordinates"":[-3.9299999999999997,5.349999999999999]}"
165_7,10,10.187239646911621,PERSIANN_CDR,WA008,2013,"{""type"":""Point"",""coordinates"":[-13.67,9.53]}"
165_8,10,10.036806106567383,PERSIANN_CDR,WA009,2013,"{""type"":""Point"",""coordinates"":[-13.230000000000002,8.489999999999998]}"
165_9,10,8.489642143249512,PERSIANN_CDR,WA010,2013,"{""type"":""Point"",""coordinates"":[-10.799999999999999,6.3]}"
165_10,10,3.436065673828125,PERSIANN_CDR,WA011,2013,"{""type"":""Point"",""coordinates"":[1.22,6.130000000000001]}"
165_11,10,3.8394410610198975,PERSIANN_CDR,WA012,2013,"{""type"":""Point"",""coordinates"":[2.42,6.37]}"
165_12,10,0.38902154564857483,PERSIANN_CDR,WA013,2013,"{""type"":""Point"",""coordinates"":[8.52,12.05]}"
165_13,10,5.764068126678467,PERSIANN_CDR,WA014,2013,"{""type"":""Point"",""coordinates"":[-1.62,6.69]}"
165_14,10,3.365819215774536,PERSIANN_CDR,WA015,2013,"{""type"":""Point"",""coordinates"":[-16.680000000000003,13.45]}"
166_0,11,0.40054911375045776,PERSIANN_CDR,WA001,2013,"{""type"":""Point"",""coordinates"":[-17.470000000000002,14.73]}"
166_1,11,0.11115839332342148,PERSIANN_CDR,WA002,2013,"{""type"":""Point"",""coordinates"":[-7.949999999999998,12.65]}"
166_2,11,0.0651760846376419,PERSIANN_CDR,WA003,2013,"{""type"":""Point"",""coordinates"":[-1.5200000000000002,12.360000000000001]}"
166_3,11,0.011422885581851006,PERSIANN_CDR,WA004,2013,"{""type"":""Point"",""coordinates"":[2.17,13.51]}"
166_4,11,0.21219170093536377,PERSIANN_CDR,WA005,2013,"{""type"":""Point"",""coordinates"":[7.33,9.07]}"
166_5,11,2.4046669006347656,PERSIANN_CDR,WA006,2013,"{""type"":""Point"",""coordinates"":[-0.17,5.56]}"
166_6,11,6.778080463409424,PERSIANN_CDR,WA007,2013,"{""type"":""Point"",""coordinates"":[-3.9299999999999997,5.349999999999999]}"
166_7,11,2.5186705589294434,PERSIANN_CDR,WA008,2013,"{""type"":""Point"",""coordinates"":[-13.67,9.53]}"
166_8,11,3.7628581523895264,PERSIANN_CDR,WA009,2013,"{""type"":""Point"",""coordinates"":[-13.230000000000002,8.489999999999998]}"
166_9,11,8.581568717956543,PERSIANN_CDR,WA010,2013,"{""type"":""Point"",""coordinates"":[-10.799999999999999,6.3]}"
166_10,11,1.6747716665267944,PERSIANN_CDR,WA011,2013,"{""type"":""Point"",""coordinates"":[1.22,6.130000000000001]}"
166_11,11,1.9491969347000122,PERSIANN_CDR,WA012,2013,"{""type"":""Point"",""coordinates"":[2.42,6.37]}"
166_12,11,0.004689350258558989,PERSIANN_CDR,WA013,2013,"{""type"":""Point"",""coordinates"":[8.52,12.05]}"
166_13,11,4.146232604980469,PERSIANN_CDR,WA014,2013,"{""type"":""Point"",""coordinates"":[-1.62,6.69]}"
166_14,11,0.2645207941532135,PERSIANN_CDR,WA015,2013,"{""type"":""Point"",""coordinates"":[-16.680000000000003,13.45]}"
167_0,12,0.1048685610294342,PERSIANN_CDR,WA001,2013,"{""type"":""Point"",""coordinates"":[-17.470000000000002,14.73]}"
167_1,12,0.05311506986618042,PERSIANN_CDR,WA002,2013,"{""type"":""Point"",""coordinates"":[-7.949999999999998,12.65]}"
167_2,12,0.0257441196590662,PERSIANN_CDR,WA003,2013,"{""type"":""Point"",""coordinates"":[-1.5200000000000002,12.360000000000001]}"
167_3,12,0.004978019744157791,PERSIANN_CDR,WA004,2013,"{""type"":""Point"",""coordinates"":[2.17,13.51]}"
167_4,12,0.11162299662828445,PERSIANN_CDR,WA005,2013,"{""type"":""Point"",""coordinates"":[7.33,9.07]}"
167_5,12,1.4875949621200562,PERSIANN_CDR,WA006,2013,"{""type"":""Point"",""coordinates"":[-0.17,5.56]}"
167_6,12,2.1869139671325684,PERSIANN_CDR,WA007,2013,"{""type"":""Point"",""coordinates"":[-3.9299999999999997,5.349999999999999]}"
167_7,12,0.6073469519615173,PERSIANN_CDR,WA008,2013,"{""type"":""Point"",""coordinates"":[-13.67,9.53]}"
167_8,12,1.4238121509552002,PERSIANN_CDR,WA009,2013,"{""type"":""Point"",""coordinates"":[-13.230000000000002,8.489999999999998]}"
167_9,12,3.685455083847046,PERSIANN_CDR,WA010,2013,"{""type"":""Point"",""coordinates"":[-10.799999999999999,6.3]}"
167_10,12,1.0777448415756226,PERSIANN_CDR,WA011,2013,"{""type"":""Point"",""coordinates"":[1.22,6.130000000000001]}"
167_11,12,0.827968955039978,PERSIANN_CDR,WA012,2013,"{""type"":""Point"",""coordinates"":[2.42,6.37]}"
167_12,12,0.015491767786443233,PERSIANN_CDR,WA013,2013,"{""type"":""Point"",""coordinates"":[8.52,12.05]}"
167_13,12,1.388901710510254,PERSIANN_CDR,WA014,2013,"{""type"":""Point"",""coordinates"":[-1.62,6.69]}"
167_14,12,0.06814546138048172,PERSIANN_CDR,WA015,2013,"{""type"":""Point"",""coordinates"":[-16.680000000000003,13.45]}"
168_0,1,0.05467750132083893,PERSIANN_CDR,WA001,2014,"{""type"":""Point"",""coordinates"":[-17.470000000000002,14.73]}"
168_1,1,0.04680606722831726,PERSIANN_CDR,WA002,2014,"{""type"":""Point"",""coordinates"":[-7.949999999999998,12.65]}"
168_2,1,0.2235512137413025,PERSIANN_CDR,WA003,2014,"{""type"":""Point"",""coordinates"":[-1.5200000000000002,12.360000000000001]}"
168_3,1,0.07404598593711853,PERSIANN_CDR,WA004,2014,"{""type"":""Point"",""coordinates"":[2.17,13.51]}"
168_4,1,0.26177310943603516,PERSIANN_CDR,WA005,2014,"{""type"":""Point"",""coordinates"":[7.33,9.07]}"
168_5,1,1.4241046905517578,PERSIANN_CDR,WA006,2014,"{""type"":""Point"",""coordinates"":[-0.17,5.56]}"
168_6,1,1.1762020587921143,PERSIANN_CDR,WA007,2014,"{""type"":""Point"",""coordinates"":[-3.9299999999999997,5.349999999999999]}"
168_7,1,0.04538514092564583,PERSIANN_CDR,WA008,2014,"{""type"":""Point"",""coordinates"":[-13.67,9.53]}"
168_8,1,0.10775157809257507,PERSIANN_CDR,WA009,2014,"{""type"":""Point"",""coordinates"":[-13.230000000000002,8.489999999999998]}"
168_9,1,1.0608694553375244,PERSIANN_CDR,WA010,2014,"{""type"":""Point"",""coordinates"":[-10.799999999999999,6.3]}"
168_10,1,1.2536505460739136,PERSIANN_CDR,WA011,2014,"{""type"":""Point"",""coordinates"":[1.22,6.130000000000001]}"
168_11,1,1.3289984464645386,PERSIANN_CDR,WA012,2014,"{""type"":""Point"",""coordinates"":[2.42,6.37]}"
168_12,1,0.03855879232287407,PERSIANN_CDR,WA013,2014,"{""type"":""Point"",""coordinates"":[8.52,12.05]}"
168_13,1,1.490431547164917,PERSIANN_CDR,WA014,2014,"{""type"":""Point"",""coordinates"":[-1.62,6.69]}"
168_14,1,0.017984161153435707,PERSIANN_CDR,WA015,2014,"{""type"":""Point"",""coordinates"":[-16.680000000000003,13.45]}"
169_0,2,0.12186922132968903,PERSIANN_CDR,WA001,2014,"{""type"":""Point"",""coordinates"":[-17.470000000000002,14.73]}"
169_1,2,0.02817133255302906,PERSIANN_CDR,WA002,2014,"{""type"":""Point"",""coordinates"":[-7.949999999999998,12.65]}"
169_2,2,0.020528990775346756,PERSIANN_CDR,WA003,2014,"{""type"":""Point"",""coordinates"":[-1.5200000000000002,12.360000000000001]}"
169_3,2,0.015665724873542786,PERSIANN_CDR,WA004,2014,"{""type"":""Point"",""coordinates"":[2.17,13.51]}"
169_4,2,0.17229236662387848,PERSIANN_CDR,WA005,2014,"{""type"":""Point"",""coordinates"":[7.33,9.07]}"
169_5,2,1.8850475549697876,PERSIANN_CDR,WA006,2014,"{""type"":""Point"",""coordinates"":[-0.17,5.56]}"
169_6,2,2.324552536010742,PERSIANN_CDR,WA007,2014,"{""type"":""Point"",""coordinates"":[-3.9299999999999997,5.349999999999999]}"
169_7,2,0.11944356560707092,PERSIANN_CDR,WA008,2014,"{""type"":""Point"",""coordinates"":[-13.67,9.53]}"
169_8,2,0.1532011330127716,PERSIANN_CDR,WA009,2014,"{""type"":""Point"",""coordinates"":[-13.230000000000002,8.489999999999998]}"
169_9,2,2.1780951023101807,PERSIANN_CDR,WA010,2014,"{""type"":""Point"",""coordinates"":[-10.799999999999999,6.3]}"
169_10,2,1.7259764671325684,PERSIANN_CDR,WA011,2014,"{""type"":""Point"",""coordinates"":[1.22,6.130000000000001]}"
169_11,2,1.4931992292404175,PERSIANN_CDR,WA012,2014,"{""type"":""Point"",""coordinates"":[2.42,6.37]}"
169_12,2,0.015786156058311462,PERSIANN_CDR,WA013,2014,"{""type"":""Point"",""coordinates"":[8.52,12.05]}"
169_13,2,2.1162824630737305,PERSIANN_CDR,WA014,2014,"{""type"":""Point"",""coordinates"":[-1.62,6.69]}"
169_14,2,0.047397978603839874,PERSIANN_CDR,WA015,2014,"{""type"":""Point"",""coordinates"":[-16.680000000000003,13.45]}"
170_0,3,0.07294663041830063,PERSIANN_CDR,WA001,2014,"{""type"":""Point"",""coordinates"":[-17.470000000000002,14.73]}"
170_1,3,0.058906957507133484,PERSIANN_CDR,WA002,2014,"{""type"":""Point"",""coordinates"":[-7.949999999999998,12.65]}"
170_2,3,0.3767580986022949,PERSIANN_CDR,WA003,2014,"{""type"":""Point"",""coordinates"":[-1.5200000000000002,12.360000000000001]}"
170_3,3,0.07602472603321075,PERSIANN_CDR,WA004,2014,"{""type"":""Point"",""coordinates"":[2.17,13.51]}"
170_4,3,1.8186860084533691,PERSIANN_CDR,WA005,2014,"{""type"":""Point"",""coordinates"":[7.33,9.07]}"
170_5,3,3.1269993782043457,PERSIANN_CDR,WA006,2014,"{""type"":""Point"",""coordinates"":[-0.17,5.56]}"
170_6,3,3.3522284030914307,PERSIANN_CDR,WA007,2014,"{""type"":""Point"",""coordinates"":[-3.9299999999999997,5.349999999999999]}"
170_7,3,0.07743122428655624,PERSIANN_CDR,WA008,2014,"{""type"":""Point"",""coordinates"":[-13.67,9.53]}"
170_8,3,0.18257631361484528,PERSIANN_CDR,WA009,2014,"{""type"":""Point"",""coordinates"":[-13.230000000000002,8.489999999999998]}"
170_9,3,1.4243041276931763,PERSIANN_CDR,WA010,2014,"{""type"":""Point"",""coordinates"":[-10.799999999999999,6.3]}"
170_10,3,3.083369493484497,PERSIANN_CDR,WA011,2014,"{""type"":""Point"",""coordinates"":[1.22,6.130000000000001]}"
170_11,3,3.152012586593628,PERSIANN_CDR,WA012,2014,"{""type"":""Point"",""coordinates"":[2.42,6.37]}"
170_12,3,0.14061662554740906,PERSIANN_CDR,WA013,2014,"{""type"":""Point"",""coordinates"":[8.52,12.05]}"
170_13,3,3.9844894409179688,PERSIANN_CDR,WA014,2014,"{""type"":""Point"",""coordinates"":[-1.62,6.69]}"
170_14,3,0.04947231337428093,PERSIANN_CDR,WA015,2014,"{""type"":""Point"",""coordinates"":[-16.680000000000003,13.45]}"
171_0,4,0.021930305287241936,PERSIANN_CDR,WA001,2014,"{""type"":""Point"",""coordinates"":[-17.470000000000002,14.73]}"
171_1,4,0.29872918128967285,PERSIANN_CDR,WA002,2014,"{""type"":""Point"",""coordinates"":[-7.949999999999998,12.65]}"
171_2,4,1.1649874448776245,PERSIANN_CDR,WA003,2014,"{""type"":""Point"",""coordinates"":[-1.5200000000000002,12.360000000000001]}"
171_3,4,0.2998846173286438,PERSIANN_CDR,WA004,2014,"{""type"":""Point"",""coordinates"":[2.17,13.51]}"
171_4,4,5.382691860198975,PERSIANN_CDR,WA005,2014,"{""type"":""Point"",""coordinates"":[7.33,9.07]}"
171_5,4,4.143228054046631,PERSIANN_CDR,WA006,2014,"{""type"":""Point"",""coordinates"":[-0.17,5.56]}"
171_6,4,7.04411506652832,PERSIANN_CDR,WA007,2014,"{""type"":""Point"",""coordinates"":[-3.9299999999999997,5.349999999999999]}"
171_7,4,0.4230039119720459,PERSIANN_CDR,WA008,2014,"{""type"":""Point"",""coordinates"":[-13.67,9.53]}"
171_8,4,1.2673431634902954,PERSIANN_CDR,WA009,2014,"{""type"":""Point"",""coordinates"":[-13.230000000000002,8.489999999999998]}"
171_9,4,3.842207431793213,PERSIANN_CDR,WA010,2014,"{""type"":""Point"",""coordinates"":[-10.799999999999999,6.3]}"
171_10,4,2.8144755363464355,PERSIANN_CDR,WA011,2014,"{""type"":""Point"",""coordinates"":[1.22,6.130000000000001]}"
171_11,4,2.485039710998535,PERSIANN_CDR,WA012,2014,"{""type"":""Point"",""coordinates"":[2.42,6.37]}"
171_12,4,1.4243725538253784,PERSIANN_CDR,WA013,2014,"{""type"":""Point"",""coordinates"":[8.52,12.05]}"
171_13,4,6.3009490966796875,PERSIANN_CDR,WA014,2014,"{""type"":""Point"",""coordinates"":[-1.62,6.69]}"
171_14,4,0.006562333554029465,PERSIANN_CDR,WA015,2014,"{""type"":""Point"",""coordinates"":[-16.680000000000003,13.45]}"
172_0,5,0.10773960500955582,PERSIANN_CDR,WA001,2014,"{""type"":""Point"",""coordinates"":[-17.470000000000002,14.73]}"
172_1,5,4.417037487030029,PERSIANN_CDR,WA002,2014,"{""type"":""Point"",""coordinates"":[-7.949999999999998,12.65]}"
172_2,5,2.091388702392578,PERSIANN_CDR,WA003,2014,"{""type"":""Point"",""coordinates"":[-1.5200000000000002,12.360000000000001]}"
172_3,5,1.5165221691131592,PERSIANN_CDR,WA004,2014,"{""type"":""Point"",""coordinates"":[2.17,13.51]}"
172_4,5,6.940408229827881,PERSIANN_CDR,WA005,2014,"{""type"":""Point"",""coordinates"":[7.33,9.07]}"
172_5,5,5.33964729309082,PERSIANN_CDR,WA006,2014,"{""type"":""Point"",""coordinates"":[-0.17,5.56]}"
172_6,5,6.5183515548706055,PERSIANN_CDR,WA007,2014,"{""type"":""Point"",""coordinates"":[-3.9299999999999997,5.349999999999999]}"
172_7,5,3.857015609741211,PERSIANN_CDR,WA008,2014,"{""type"":""Point"",""coordinates"":[-13.67,9.53]}"
172_8,5,5.869083404541016,PERSIANN_CDR,WA009,2014,"{""type"":""Point"",""coordinates"":[-13.230000000000002,8.489999999999998]}"
172_9,5,10.071015357971191,PERSIANN_CDR,WA010,2014,"{""type"":""Point"",""coordinates"":[-10.799999999999999,6.3]}"
172_10,5,5.382897853851318,PERSIANN_CDR,WA011,2014,"{""type"":""Point"",""coordinates"":[1.22,6.130000000000001]}"
172_11,5,6.860844612121582,PERSIANN_CDR,WA012,2014,"{""type"":""Point"",""coordinates"":[2.42,6.37]}"
172_12,5,2.0325748920440674,PERSIANN_CDR,WA013,2014,"{""type"":""Point"",""coordinates"":[8.52,12.05]}"
172_13,5,4.8120903968811035,PERSIANN_CDR,WA014,2014,"{""type"":""Point"",""coordinates"":[-1.62,6.69]}"
172_14,5,0.267962247133255,PERSIANN_CDR,WA015,2014,"{""type"":""Point"",""coordinates"":[-16.680000000000003,13.45]}"
173_0,6,0.11569944769144058,PERSIANN_CDR,WA001,2014,"{""type"":""Point"",""coordinates"":[-17.470000000000002,14.73]}"
173_1,6,5.5659379959106445,PERSIANN_CDR,WA002,2014,"{""type"":""Point"",""coordinates"":[-7.949999999999998,12.65]}"
173_2,6,3.4703898429870605,PERSIANN_CDR,WA003,2014,"{""type"":""Point"",""coordinates"":[-1.5200000000000002,12.360000000000001]}"
173_3,6,1.8679355382919312,PERSIANN_CDR,WA004,2014,"{""type"":""Point"",""coordinates"":[2.17,13.51]}"
173_4,6,4.77516508102417,PERSIANN_CDR,WA005,2014,"{""type"":""Point"",""coordinates"":[7.33,9.07]}"
173_5,6,6.06103515625,PERSIANN_CDR,WA006,2014,"{""type"":""Point"",""coordinates"":[-0.17,5.56]}"
173_6,6,10.153157234191895,PERSIANN_CDR,WA007,2014,"{""type"":""Point"",""coordinates"":[-3.9299999999999997,5.349999999999999]}"
173_7,6,8.691584587097168,PERSIANN_CDR,WA008,2014,"{""type"":""Point"",""coordinates"":[-13.67,9.53]}"
173_8,6,10.000860214233398,PERSIANN_CDR,WA009,2014,"{""type"":""Point"",""coordinates"":[-13.230000000000002,8.489999999999998]}"
173_9,6,9.534833908081055,PERSIANN_CDR,WA010,2014,"{""type"":""Point"",""coordinates"":[-10.799999999999999,6.3]}"
173_10,6,4.8856048583984375,PERSIANN_CDR,WA011,2014,"{""type"":""Point"",""coordinates"":[1.22,6.130000000000001]}"
173_11,6,5.474202632904053,PERSIANN_CDR,WA012,2014,"{""type"":""Point"",""coordinates"":[2.42,6.37]}"
173_12,6,3.1407175064086914,PERSIANN_CDR,WA013,2014,"{""type"":""Point"",""coordinates"":[8.52,12.05]}"
173_13,6,8.16424560546875,PERSIANN_CDR,WA014,2014,"{""type"":""Point"",""coordinates"":[-1.62,6.69]}"
173_14,6,0.8002638220787048,PERSIANN_CDR,WA015,2014,"{""type"":""Point"",""coordinates"":[-16.680000000000003,13.45]}"
174_0,7,0.9968883395195007,PERSIANN_CDR,WA001,2014,"{""type"":""Point"",""coordinates"":[-17.470000000000002,14.73]}"
174_1,7,5.04857873916626,PERSIANN_CDR,WA002,2014,"{""type"":""Point"",""coordinates"":[-7.949999999999998,12.65]}"
174_2,7,6.228214740753174,PERSIANN_CDR,WA003,2014,"{""type"":""Point"",""coordinates"":[-1.5200000000000002,12.360000000000001]}"
174_3,7,4.430544853210449,PERSIANN_CDR,WA004,2014,"{""type"":""Point"",""coordinates"":[2.17,13.51]}"
174_4,7,5.994406700134277,PERSIANN_CDR,WA005,2014,"{""type"":""Point"",""coordinates"":[7.33,9.07]}"
174_5,7,4.260658264160156,PERSIANN_CDR,WA006,2014,"{""type"":""Point"",""coordinates"":[-0.17,5.56]}"
174_6,7,4.419583797454834,PERSIANN_CDR,WA007,2014,"{""type"":""Point"",""coordinates"":[-3.9299999999999997,5.349999999999999]}"
174_7,7,14.603080749511719,PERSIANN_CDR,WA008,2014,"{""type"":""Point"",""coordinates"":[-13.67,9.53]}"
174_8,7,17.637535095214844,PERSIANN_CDR,WA009,2014,"{""type"":""Point"",""coordinates"":[-13.230000000000002,8.489999999999998]}"
174_9,7,9.578216552734375,PERSIANN_CDR,WA010,2014,"{""type"":""Point"",""coordinates"":[-10.799999999999999,6.3]}"
174_10,7,3.814763069152832,PERSIANN_CDR,WA011,2014,"{""type"":""Point"",""coordinates"":[1.22,6.130000000000001]}"
174_11,7,5.699977874755859,PERSIANN_CDR,WA012,2014,"{""type"":""Point"",""coordinates"":[2.42,6.37]}"
174_12,7,5.28184700012207,PERSIANN_CDR,WA013,2014,"{""type"":""Point"",""coordinates"":[8.52,12.05]}"
174_13,7,3.017263889312744,PERSIANN_CDR,WA014,2014,"{""type"":""Point"",""coordinates"":[-1.62,6.69]}"
174_14,7,3.1401174068450928,PERSIANN_CDR,WA015,2014,"{""type"":""Point"",""coordinates"":[-16.680000000000003,13.45]}"
175_0,8,6.580770969390869,PERSIANN_CDR,WA001,2014,"{""type"":""Point"",""coordinates"":[-17.470000000000002,14.73]}"
175_1,8,8.788919448852539,PERSIANN_CDR,WA002,2014,"{""type"":""Point"",""coordinates"":[-7.949999999999998,12.65]}"
175_2,8,6.8484368324279785,PERSIANN_CDR,WA003,2014,"{""type"":""Point"",""coordinates"":[-1.5200000000000002,12.360000000000001]}"
175_3,8,4.829724311828613,PERSIANN_CDR,WA004,2014,"{""type"":""Point"",""coordinates"":[2.17,13.51]}"
175_4,8,6.902585983276367,PERSIANN_CDR,WA005,2014,"{""type"":""Point"",""coordinates"":[7.33,9.07]}"
175_5,8,1.746600866317749,PERSIANN_CDR,WA006,2014,"{""type"":""Point"",""coordinates"":[-0.17,5.56]}"
175_6,8,1.3037018775939941,PERSIANN_CDR,WA007,2014,"{""type"":""Point"",""coordinates"":[-3.9299999999999997,5.349999999999999]}"
175_7,8,15.465920448303223,PERSIANN_CDR,WA008,2014,"{""type"":""Point"",""coordinates"":[-13.67,9.53]}"
175_8,8,16.532995223999023,PERSIANN_CDR,WA009,2014,"{""type"":""Point"",""coordinates"":[-13.230000000000002,8.489999999999998]}"
175_9,8,7.8520355224609375,PERSIANN_CDR,WA010,2014,"{""type"":""Point"",""coordinates"":[-10.799999999999999,6.3]}"
175_10,8,2.9148595333099365,PERSIANN_CDR,WA011,2014,"{""type"":""Point"",""coordinates"":[1.22,6.130000000000001]}"
175_11,8,3.277472496032715,PERSIANN_CDR,WA012,2014,"{""type"":""Point"",""coordinates"":[2.42,6.37]}"
175_12,8,6.592403411865234,PERSIANN_CDR,WA013,2014,"{""type"":""Point"",""coordinates"":[8.52,12.05]}"
175_13,8,2.5213236808776855,PERSIANN_CDR,WA014,2014,"{""type"":""Point"",""coordinates"":[-1.62,6.69]}"
175_14,8,10.424325942993164,PERSIANN_CDR,WA015,2014,"{""type"":""Point"",""coordinates"":[-16.680000000000003,13.45]}"
176_0,9,5.67378568649292,PERSIANN_CDR,WA001,2014,"{""type"":""Point"",""coordinates"":[-17.470000000000002,14.73]}"
176_1,9,6.215207099914551,PERSIANN_CDR,WA002,2014,"{""type"":""Point"",""coordinates"":[-7.949999999999998,12.65]}"
176_2,9,6.865548610687256,PERSIANN_CDR,WA003,2014,"{""type"":""Point"",""coordinates"":[-1.5200000000000002,12.360000000000001]}"
176_3,9,3.9286081790924072,PERSIANN_CDR,WA004,2014,"{""type"":""Point"",""coordinates"":[2.17,13.51]}"
176_4,9,10.903485298156738,PERSIANN_CDR,WA005,2014,"{""type"":""Point"",""coordinates"":[7.33,9.07]}"
176_5,9,5.588286399841309,PERSIANN_CDR,WA006,2014,"{""type"":""Point"",""coordinates"":[-0.17,5.56]}"
176_6,9,4.567959308624268,PERSIANN_CDR,WA007,2014,"{""type"":""Point"",""coordinates"":[-3.9299999999999997,5.349999999999999]}"
176_7,9,16.30282974243164,PERSIANN_CDR,WA008,2014,"{""type"":""Point"",""coordinates"":[-13.67,9.53]}"
176_8,9,15.754605293273926,PERSIANN_CDR,WA009,2014,"{""type"":""Point"",""coordinates"":[-13.230000000000002,8.489999999999998]}"
176_9,9,12.512426376342773,PERSIANN_CDR,WA010,2014,"{""type"":""Point"",""coordinates"":[-10.799999999999999,6.3]}"
176_10,9,7.097021579742432,PERSIANN_CDR,WA011,2014,"{""type"":""Point"",""coordinates"":[1.22,6.130000000000001]}"
176_11,9,7.494826793670654,PERSIANN_CDR,WA012,2014,"{""type"":""Point"",""coordinates"":[2.42,6.37]}"
176_12,9,6.81959342956543,PERSIANN_CDR,WA013,2014,"{""type"":""Point"",""coordinates"":[8.52,12.05]}"
176_13,9,5.937070369720459,PERSIANN_CDR,WA014,2014,"{""type"":""Point"",""coordinates"":[-1.62,6.69]}"
176_14,9,8.857949256896973,PERSIANN_CDR,WA015,2014,"{""type"":""Point"",""coordinates"":[-16.680000000000003,13.45]}"
177_0,10,0.49981218576431274,PERSIANN_CDR,WA001,2014,"{""type"":""Point"",""coordinates"":[-17.470000000000002,14.73]}"
177_1,10,1.3248192071914673,PERSIANN_CDR,WA002,2014,"{""type"":""Point"",""coordinates"":[-7.949999999999998,12.65]}"
177_2,10,1.1115074157714844,PERSIANN_CDR,WA003,2014,"{""type"":""Point"",""coordinates"":[-1.5200000000000002,12.360000000000001]}"
177_3,10,0.22037844359874725,PERSIANN_CDR,WA004,2014,"{""type"":""Point"",""coordinates"":[2.17,13.51]}"
177_4,10,4.9480719566345215,PERSIANN_CDR,WA005,2014,"{""type"":""Point"",""coordinates"":[7.33,9.07]}"
177_5,10,2.238611936569214,PERSIANN_CDR,WA006,2014,"{""type"":""Point"",""coordinates"":[-0.17,5.56]}"
177_6,10,3.1555590629577637,PERSIANN_CDR,WA007,2014,"{""type"":""Point"",""coordinates"":[-3.9299999999999997,5.349999999999999]}"
177_7,10,10.353680610656738,PERSIANN_CDR,WA008,2014,"{""type"":""Point"",""coordinates"":[-13.67,9.53]}"
177_8,10,10.814661979675293,PERSIANN_CDR,WA009,2014,"{""type"":""Point"",""coordinates"":[-13.230000000000002,8.489999999999998]}"
177_9,10,9.508310317993164,PERSIANN_CDR,WA010,2014,"{""type"":""Point"",""coordinates"":[-10.799999999999999,6.3]}"
177_10,10,2.3014814853668213,PERSIANN_CDR,WA011,2014,"{""type"":""Point"",""coordinates"":[1.22,6.130000000000001]}"
177_11,10,4.037748336791992,PERSIANN_CDR,WA012,2014,"{""type"":""Point"",""coordinates"":[2.42,6.37]}"
177_12,10,0.5671532154083252,PERSIANN_CDR,WA013,2014,"{""type"":""Point"",""coordinates"":[8.52,12.05]}"
177_13,10,4.716656684875488,PERSIANN_CDR,WA014,2014,"{""type"":""Point"",""coordinates"":[-1.62,6.69]}"
177_14,10,1.9254136085510254,PERSIANN_CDR,WA015,2014,"{""type"":""Point"",""coordinates"":[-16.680000000000003,13.45]}"
178_0,11,0.15042108297348022,PERSIANN_CDR,WA001,2014,"{""type"":""Point"",""coordinates"":[-17.470000000000002,14.73]}"
178_1,11,0.459913969039917,PERSIANN_CDR,WA002,2014,"{""type"":""Point"",""coordinates"":[-7.949999999999998,12.65]}"
178_2,11,0.11883069574832916,PERSIANN_CDR,WA003,2014,"{""type"":""Point"",""coordinates"":[-1.5200000000000002,12.360000000000001]}"
178_3,11,0.029453620314598083,PERSIANN_CDR,WA004,2014,"{""type"":""Point"",""coordinates"":[2.17,13.51]}"
178_4,11,0.6331654787063599,PERSIANN_CDR,WA005,2014,"{""type"":""Point"",""coordinates"":[7.33,9.07]}"
178_5,11,2.242549180984497,PERSIANN_CDR,WA006,2014,"{""type"":""Point"",""coordinates"":[-0.17,5.56]}"
178_6,11,4.971134662628174,PERSIANN_CDR,WA007,2014,"{""type"":""Point"",""coordinates"":[-3.9299999999999997,5.349999999999999]}"
178_7,11,3.881664514541626,PERSIANN_CDR,WA008,2014,"{""type"":""Point"",""coordinates"":[-13.67,9.53]}"
178_8,11,7.108947277069092,PERSIANN_CDR,WA009,2014,"{""type"":""Point"",""coordinates"":[-13.230000000000002,8.489999999999998]}"
178_9,11,8.133905410766602,PERSIANN_CDR,WA010,2014,"{""type"":""Point"",""coordinates"":[-10.799999999999999,6.3]}"
178_10,11,1.7538214921951294,PERSIANN_CDR,WA011,2014,"{""type"":""Point"",""coordinates"":[1.22,6.130000000000001]}"
178_11,11,3.06392502784729,PERSIANN_CDR,WA012,2014,"{""type"":""Point"",""coordinates"":[2.42,6.37]}"
178_12,11,0.0514119453728199,PERSIANN_CDR,WA013,2014,"{""type"":""Point"",""coordinates"":[8.52,12.05]}"
178_13,11,3.161677837371826,PERSIANN_CDR,WA014,2014,"{""type"":""Point"",""coordinates"":[-1.62,6.69]}"
178_14,11,0.21613363921642303,PERSIANN_CDR,WA015,2014,"{""type"":""Point"",""coordinates"":[-16.680000000000003,13.45]}"
179_0,12,0.21565526723861694,PERSIANN_CDR,WA001,2014,"{""type"":""Point"",""coordinates"":[-17.470000000000002,14.73]}"
179_1,12,0.024390829727053642,PERSIANN_CDR,WA002,2014,"{""type"":""Point"",""coordinates"":[-7.949999999999998,12.65]}"
179_2,12,0.0027640911284834146,PERSIANN_CDR,WA003,2014,"{""type"":""Point"",""coordinates"":[-1.5200000000000002,12.360000000000001]}"
179_3,12,9.146445518126711E-5,PERSIANN_CDR,WA004,2014,"{""type"":""Point"",""coordinates"":[2.17,13.51]}"
179_4,12,0.04902984946966171,PERSIANN_CDR,WA005,2014,"{""type"":""Point"",""coordinates"":[7.33,9.07]}"
179_5,12,1.3913638591766357,PERSIANN_CDR,WA006,2014,"{""type"":""Point"",""coordinates"":[-0.17,5.56]}"
179_6,12,1.860178828239441,PERSIANN_CDR,WA007,2014,"{""type"":""Point"",""coordinates"":[-3.9299999999999997,5.349999999999999]}"
179_7,12,0.28678837418556213,PERSIANN_CDR,WA008,2014,"{""type"":""Point"",""coordinates"":[-13.67,9.53]}"
179_8,12,0.5946319103240967,PERSIANN_CDR,WA009,2014,"{""type"":""Point"",""coordinates"":[-13.230000000000002,8.489999999999998]}"
179_9,12,1.4318053722381592,PERSIANN_CDR,WA010,2014,"{""type"":""Point"",""coordinates"":[-10.799999999999999,6.3]}"
179_10,12,0.6335471272468567,PERSIANN_CDR,WA011,2014,"{""type"":""Point"",""coordinates"":[1.22,6.130000000000001]}"
179_11,12,0.4143906831741333,PERSIANN_CDR,WA012,2014,"{""type"":""Point"",""coordinates"":[2.42,6.37]}"
179_12,12,0.008560766465961933,PERSIANN_CDR,WA013,2014,"{""type"":""Point"",""coordinates"":[8.52,12.05]}"
179_13,12,1.063406229019165,PERSIANN_CDR,WA014,2014,"{""type"":""Point"",""coordinates"":[-1.62,6.69]}"
179_14,12,0.18778496980667114,PERSIANN_CDR,WA015,2014,"{""type"":""Point"",""coordinates"":[-16.680000000000003,13.45]}"
180_0,1,0.07597202062606812,PERSIANN_CDR,WA001,2015,"{""type"":""Point"",""coordinates"":[-17.470000000000002,14.73]}"
180_1,1,0.008190685883164406,PERSIANN_CDR,WA002,2015,"{""type"":""Point"",""coordinates"":[-7.949999999999998,12.65]}"
180_2,1,0.001333978958427906,PERSIANN_CDR,WA003,2015,"{""type"":""Point"",""coordinates"":[-1.5200000000000002,12.360000000000001]}"
180_3,1,7.099602953530848E-4,PERSIANN_CDR,WA004,2015,"{""type"":""Point"",""coordinates"":[2.17,13.51]}"
180_4,1,0.03572571650147438,PERSIANN_CDR,WA005,2015,"{""type"":""Point"",""coordinates"":[7.33,9.07]}"
180_5,1,0.9954273104667664,PERSIANN_CDR,WA006,2015,"{""type"":""Point"",""coordinates"":[-0.17,5.56]}"
180_6,1,0.7805754542350769,PERSIANN_CDR,WA007,2015,"{""type"":""Point"",""coordinates"":[-3.9299999999999997,5.349999999999999]}"
180_7,1,0.04206043854355812,PERSIANN_CDR,WA008,2015,"{""type"":""Point"",""coordinates"":[-13.67,9.53]}"
180_8,1,0.08500296622514725,PERSIANN_CDR,WA009,2015,"{""type"":""Point"",""coordinates"":[-13.230000000000002,8.489999999999998]}"
180_9,1,0.5049987435340881,PERSIANN_CDR,WA010,2015,"{""type"":""Point"",""coordinates"":[-10.799999999999999,6.3]}"
180_10,1,0.608917236328125,PERSIANN_CDR,WA011,2015,"{""type"":""Point"",""coordinates"":[1.22,6.130000000000001]}"
180_11,1,0.2608155906200409,PERSIANN_CDR,WA012,2015,"{""type"":""Point"",""coordinates"":[2.42,6.37]}"
180_12,1,0.006308250594884157,PERSIANN_CDR,WA013,2015,"{""type"":""Point"",""coordinates"":[8.52,12.05]}"
180_13,1,0.39811646938323975,PERSIANN_CDR,WA014,2015,"{""type"":""Point"",""coordinates"":[-1.62,6.69]}"
180_14,1,0.02928675152361393,PERSIANN_CDR,WA015,2015,"{""type"":""Point"",""coordinates"":[-16.680000000000003,13.45]}"
181_0,2,0.08431121706962585,PERSIANN_CDR,WA001,2015,"{""type"":""Point"",""coordinates"":[-17.470000000000002,14.73]}"
181_1,2,0.05048146843910217,PERSIANN_CDR,WA002,2015,"{""type"":""Point"",""coordinates"":[-7.949999999999998,12.65]}"
181_2,2,0.1322120875120163,PERSIANN_CDR,WA003,2015,"{""type"":""Point"",""coordinates"":[-1.5200000000000002,12.360000000000001]}"
181_3,2,0.0528097003698349,PERSIANN_CDR,WA004,2015,"{""type"":""Point"",""coordinates"":[2.17,13.51]}"
181_4,2,0.3839593231678009,PERSIANN_CDR,WA005,2015,"{""type"":""Point"",""coordinates"":[7.33,9.07]}"
181_5,2,2.016909122467041,PERSIANN_CDR,WA006,2015,"{""type"":""Point"",""coordinates"":[-0.17,5.56]}"
181_6,2,2.783440351486206,PERSIANN_CDR,WA007,2015,"{""type"":""Point"",""coordinates"":[-3.9299999999999997,5.349999999999999]}"
181_7,2,0.22180505096912384,PERSIANN_CDR,WA008,2015,"{""type"":""Point"",""coordinates"":[-13.67,9.53]}"
181_8,2,0.5455929636955261,PERSIANN_CDR,WA009,2015,"{""type"":""Point"",""coordinates"":[-13.230000000000002,8.489999999999998]}"
181_9,2,1.313543438911438,PERSIANN_CDR,WA010,2015,"{""type"":""Point"",""coordinates"":[-10.799999999999999,6.3]}"
181_10,2,1.7729192972183228,PERSIANN_CDR,WA011,2015,"{""type"":""Point"",""coordinates"":[1.22,6.130000000000001]}"
181_11,2,1.35818612575531,PERSIANN_CDR,WA012,2015,"{""type"":""Point"",""coordinates"":[2.42,6.37]}"
181_12,2,0.025487549602985382,PERSIANN_CDR,WA013,2015,"{""type"":""Point"",""coordinates"":[8.52,12.05]}"
181_13,2,2.2407073974609375,PERSIANN_CDR,WA014,2015,"{""type"":""Point"",""coordinates"":[-1.62,6.69]}"
181_14,2,0.018175655975937843,PERSIANN_CDR,WA015,2015,"{""type"":""Point"",""coordinates"":[-16.680000000000003,13.45]}"
182_0,3,0.023367229849100113,PERSIANN_CDR,WA001,2015,"{""type"":""Point"",""coordinates"":[-17.470000000000002,14.73]}"
182_1,3,0.04984910786151886,PERSIANN_CDR,WA002,2015,"{""type"":""Point"",""coordinates"":[-7.949999999999998,12.65]}"
182_2,3,0.16798929870128632,PERSIANN_CDR,WA003,2015,"{""type"":""Point"",""coordinates"":[-1.5200000000000002,12.360000000000001]}"
182_3,3,0.08222401142120361,PERSIANN_CDR,WA004,2015,"{""type"":""Point"",""coordinates"":[2.17,13.51]}"
182_4,3,1.624467134475708,PERSIANN_CDR,WA005,2015,"{""type"":""Point"",""coordinates"":[7.33,9.07]}"
182_5,3,3.4713053703308105,PERSIANN_CDR,WA006,2015,"{""type"":""Point"",""coordinates"":[-0.17,5.56]}"
182_6,3,4.455864906311035,PERSIANN_CDR,WA007,2015,"{""type"":""Point"",""coordinates"":[-3.9299999999999997,5.349999999999999]}"
182_7,3,0.1603294014930725,PERSIANN_CDR,WA008,2015,"{""type"":""Point"",""coordinates"":[-13.67,9.53]}"
182_8,3,0.35672399401664734,PERSIANN_CDR,WA009,2015,"{""type"":""Point"",""coordinates"":[-13.230000000000002,8.489999999999998]}"
182_9,3,1.7709325551986694,PERSIANN_CDR,WA010,2015,"{""type"":""Point"",""coordinates"":[-10.799999999999999,6.3]}"
182_10,3,3.605764865875244,PERSIANN_CDR,WA011,2015,"{""type"":""Point"",""coordinates"":[1.22,6.130000000000001]}"
182_11,3,3.341005325317383,PERSIANN_CDR,WA012,2015,"{""type"":""Point"",""coordinates"":[2.42,6.37]}"
182_12,3,0.17034496366977692,PERSIANN_CDR,WA013,2015,"{""type"":""Point"",""coordinates"":[8.52,12.05]}"
182_13,3,3.4373250007629395,PERSIANN_CDR,WA014,2015,"{""type"":""Point"",""coordinates"":[-1.62,6.69]}"
182_14,3,0.023361196741461754,PERSIANN_CDR,WA015,2015,"{""type"":""Point"",""coordinates"":[-16.680000000000003,13.45]}"
183_0,4,0.014028998091816902,PERSIANN_CDR,WA001,2015,"{""type"":""Point"",""coordinates"":[-17.470000000000002,14.73]}"
183_1,4,0.21260316669940948,PERSIANN_CDR,WA002,2015,"{""type"":""Point"",""coordinates"":[-7.949999999999998,12.65]}"
183_2,4,0.12150651216506958,PERSIANN_CDR,WA003,2015,"{""type"":""Point"",""coordinates"":[-1.5200000000000002,12.360000000000001]}"
183_3,4,0.009530439041554928,PERSIANN_CDR,WA004,2015,"{""type"":""Point"",""coordinates"":[2.17,13.51]}"
183_4,4,0.8079281449317932,PERSIANN_CDR,WA005,2015,"{""type"":""Point"",""coordinates"":[7.33,9.07]}"
183_5,4,2.5641133785247803,PERSIANN_CDR,WA006,2015,"{""type"":""Point"",""coordinates"":[-0.17,5.56]}"
183_6,4,4.2435383796691895,PERSIANN_CDR,WA007,2015,"{""type"":""Point"",""coordinates"":[-3.9299999999999997,5.349999999999999]}"
183_7,4,0.2966989278793335,PERSIANN_CDR,WA008,2015,"{""type"":""Point"",""coordinates"":[-13.67,9.53]}"
183_8,4,1.1010485887527466,PERSIANN_CDR,WA009,2015,"{""type"":""Point"",""coordinates"":[-13.230000000000002,8.489999999999998]}"
183_9,4,3.3883414268493652,PERSIANN_CDR,WA010,2015,"{""type"":""Point"",""coordinates"":[-10.799999999999999,6.3]}"
183_10,4,2.086463689804077,PERSIANN_CDR,WA011,2015,"{""type"":""Point"",""coordinates"":[1.22,6.130000000000001]}"
183_11,4,1.8217196464538574,PERSIANN_CDR,WA012,2015,"{""type"":""Point"",""coordinates"":[2.42,6.37]}"
183_12,4,0.05797108635306358,PERSIANN_CDR,WA013,2015,"{""type"":""Point"",""coordinates"":[8.52,12.05]}"
183_13,4,4.319924831390381,PERSIANN_CDR,WA014,2015,"{""type"":""Point"",""coordinates"":[-1.62,6.69]}"
183_14,4,0.01144595816731453,PERSIANN_CDR,WA015,2015,"{""type"":""Point"",""coordinates"":[-16.680000000000003,13.45]}"
184_0,5,0.033573493361473083,PERSIANN_CDR,WA001,2015,"{""type"":""Point"",""coordinates"":[-17.470000000000002,14.73]}"
184_1,5,1.3598644733428955,PERSIANN_CDR,WA002,2015,"{""type"":""Point"",""coordinates"":[-7.949999999999998,12.65]}"
184_2,5,0.8113722801208496,PERSIANN_CDR,WA003,2015,"{""type"":""Point"",""coordinates"":[-1.5200000000000002,12.360000000000001]}"
184_3,5,0.13515186309814453,PERSIANN_CDR,WA004,2015,"{""type"":""Point"",""coordinates"":[2.17,13.51]}"
184_4,5,4.076054573059082,PERSIANN_CDR,WA005,2015,"{""type"":""Point"",""coordinates"":[7.33,9.07]}"
184_5,5,4.1703901290893555,PERSIANN_CDR,WA006,2015,"{""type"":""Point"",""coordinates"":[-0.17,5.56]}"
184_6,5,5.0541863441467285,PERSIANN_CDR,WA007,2015,"{""type"":""Point"",""coordinates"":[-3.9299999999999997,5.349999999999999]}"
184_7,5,2.4921157360076904,PERSIANN_CDR,WA008,2015,"{""type"":""Point"",""coordinates"":[-13.67,9.53]}"
184_8,5,3.8699796199798584,PERSIANN_CDR,WA009,2015,"{""type"":""Point"",""coordinates"":[-13.230000000000002,8.489999999999998]}"
184_9,5,5.501086711883545,PERSIANN_CDR,WA010,2015,"{""type"":""Point"",""coordinates"":[-10.799999999999999,6.3]}"
184_10,5,3.4904773235321045,PERSIANN_CDR,WA011,2015,"{""type"":""Point"",""coordinates"":[1.22,6.130000000000001]}"
184_11,5,3.772123336791992,PERSIANN_CDR,WA012,2015,"{""type"":""Point"",""coordinates"":[2.42,6.37]}"
184_12,5,0.5568624138832092,PERSIANN_CDR,WA013,2015,"{""type"":""Point"",""coordinates"":[8.52,12.05]}"
184_13,5,3.3100473880767822,PERSIANN_CDR,WA014,2015,"{""type"":""Point"",""coordinates"":[-1.62,6.69]}"
184_14,5,0.1075352355837822,PERSIANN_CDR,WA015,2015,"{""type"":""Point"",""coordinates"":[-16.680000000000003,13.45]}"
185_0,6,0.1233515739440918,PERSIANN_CDR,WA001,2015,"{""type"":""Point"",""coordinates"":[-17.470000000000002,14.73]}"
185_1,6,5.514352798461914,PERSIANN_CDR,WA002,2015,"{""type"":""Point"",""coordinates"":[-7.949999999999998,12.65]}"
185_2,6,3.186206817626953,PERSIANN_CDR,WA003,2015,"{""type"":""Point"",""coordinates"":[-1.5200000000000002,12.360000000000001]}"
185_3,6,2.0243232250213623,PERSIANN_CDR,WA004,2015,"{""type"":""Point"",""coordinates"":[2.17,13.51]}"
185_4,6,5.725380897521973,PERSIANN_CDR,WA005,2015,"{""type"":""Point"",""coordinates"":[7.33,9.07]}"
185_5,6,5.955193996429443,PERSIANN_CDR,WA006,2015,"{""type"":""Point"",""coordinates"":[-0.17,5.56]}"
185_6,6,7.342339515686035,PERSIANN_CDR,WA007,2015,"{""type"":""Point"",""coordinates"":[-3.9299999999999997,5.349999999999999]}"
185_7,6,11.116024017333984,PERSIANN_CDR,WA008,2015,"{""type"":""Point"",""coordinates"":[-13.67,9.53]}"
185_8,6,12.324108123779297,PERSIANN_CDR,WA009,2015,"{""type"":""Point"",""coordinates"":[-13.230000000000002,8.489999999999998]}"
185_9,6,11.367029190063477,PERSIANN_CDR,WA010,2015,"{""type"":""Point"",""coordinates"":[-10.799999999999999,6.3]}"
185_10,6,5.578670024871826,PERSIANN_CDR,WA011,2015,"{""type"":""Point"",""coordinates"":[1.22,6.130000000000001]}"
185_11,6,7.276803493499756,PERSIANN_CDR,WA012,2015,"{""type"":""Point"",""coordinates"":[2.42,6.37]}"
185_12,6,2.6339046955108643,PERSIANN_CDR,WA013,2015,"{""type"":""Point"",""coordinates"":[8.52,12.05]}"
185_13,6,5.663051605224609,PERSIANN_CDR,WA014,2015,"{""type"":""Point"",""coordinates"":[-1.62,6.69]}"
185_14,6,0.7545344829559326,PERSIANN_CDR,WA015,2015,"{""type"":""Point"",""coordinates"":[-16.680000000000003,13.45]}"
186_0,7,2.7684733867645264,PERSIANN_CDR,WA001,2015,"{""type"":""Point"",""coordinates"":[-17.470000000000002,14.73]}"
186_1,7,7.830343246459961,PERSIANN_CDR,WA002,2015,"{""type"":""Point"",""coordinates"":[-7.949999999999998,12.65]}"
186_2,7,5.88408899307251,PERSIANN_CDR,WA003,2015,"{""type"":""Point"",""coordinates"":[-1.5200000000000002,12.360000000000001]}"
186_3,7,4.8738908767700195,PERSIANN_CDR,WA004,2015,"{""type"":""Point"",""coordinates"":[2.17,13.51]}"
186_4,7,6.635075569152832,PERSIANN_CDR,WA005,2015,"{""type"":""Point"",""coordinates"":[7.33,9.07]}"
186_5,7,1.6019718647003174,PERSIANN_CDR,WA006,2015,"{""type"":""Point"",""coordinates"":[-0.17,5.56]}"
186_6,7,2.001178026199341,PERSIANN_CDR,WA007,2015,"{""type"":""Point"",""coordinates"":[-3.9299999999999997,5.349999999999999]}"
186_7,7,11.63349723815918,PERSIANN_CDR,WA008,2015,"{""type"":""Point"",""coordinates"":[-13.67,9.53]}"
186_8,7,11.925414085388184,PERSIANN_CDR,WA009,2015,"{""type"":""Point"",""coordinates"":[-13.230000000000002,8.489999999999998]}"
186_9,7,3.836737871170044,PERSIANN_CDR,WA010,2015,"{""type"":""Point"",""coordinates"":[-10.799999999999999,6.3]}"
186_10,7,1.7707031965255737,PERSIANN_CDR,WA011,2015,"{""type"":""Point"",""coordinates"":[1.22,6.130000000000001]}"
186_11,7,2.144355058670044,PERSIANN_CDR,WA012,2015,"{""type"":""Point"",""coordinates"":[2.42,6.37]}"
186_12,7,5.213588714599609,PERSIANN_CDR,WA013,2015,"{""type"":""Point"",""coordinates"":[8.52,12.05]}"
186_13,7,2.3162753582000732,PERSIANN_CDR,WA014,2015,"{""type"":""Point"",""coordinates"":[-1.62,6.69]}"
186_14,7,5.317886829376221,PERSIANN_CDR,WA015,2015,"{""type"":""Point"",""coordinates"":[-16.680000000000003,13.45]}"
187_0,8,8.539107322692871,PERSIANN_CDR,WA001,2015,"{""type"":""Point"",""coordinates"":[-17.470000000000002,14.73]}"
187_1,8,9.837089538574219,PERSIANN_CDR,WA002,2015,"{""type"":""Point"",""coordinates"":[-7.949999999999998,12.65]}"
187_2,8,10.153157234191895,PERSIANN_CDR,WA003,2015,"{""type"":""Point"",""coordinates"":[-1.5200000000000002,12.360000000000001]}"
187_3,8,6.774263381958008,PERSIANN_CDR,WA004,2015,"{""type"":""Point"",""coordinates"":[2.17,13.51]}"
187_4,8,6.380815505981445,PERSIANN_CDR,WA005,2015,"{""type"":""Point"",""coordinates"":[7.33,9.07]}"
187_5,8,0.6701494455337524,PERSIANN_CDR,WA006,2015,"{""type"":""Point"",""coordinates"":[-0.17,5.56]}"
187_6,8,0.6632229089736938,PERSIANN_CDR,WA007,2015,"{""type"":""Point"",""coordinates"":[-3.9299999999999997,5.349999999999999]}"
187_7,8,15.943211555480957,PERSIANN_CDR,WA008,2015,"{""type"":""Point"",""coordinates"":[-13.67,9.53]}"
187_8,8,15.303089141845703,PERSIANN_CDR,WA009,2015,"{""type"":""Point"",""coordinates"":[-13.230000000000002,8.489999999999998]}"
187_9,8,6.407871246337891,PERSIANN_CDR,WA010,2015,"{""type"":""Point"",""coordinates"":[-10.799999999999999,6.3]}"
187_10,8,1.5733426809310913,PERSIANN_CDR,WA011,2015,"{""type"":""Point"",""coordinates"":[1.22,6.130000000000001]}"
187_11,8,1.0355193614959717,PERSIANN_CDR,WA012,2015,"{""type"":""Point"",""coordinates"":[2.42,6.37]}"
187_12,8,6.90309476852417,PERSIANN_CDR,WA013,2015,"{""type"":""Point"",""coordinates"":[8.52,12.05]}"
187_13,8,1.0962425470352173,PERSIANN_CDR,WA014,2015,"{""type"":""Point"",""coordinates"":[-1.62,6.69]}"
187_14,8,10.362903594970703,PERSIANN_CDR,WA015,2015,"{""type"":""Point"",""coordinates"":[-16.680000000000003,13.45]}"
188_0,9,5.049594879150391,PERSIANN_CDR,WA001,2015,"{""type"":""Point"",""coordinates"":[-17.470000000000002,14.73]}"
188_1,9,6.204326152801514,PERSIANN_CDR,WA002,2015,"{""type"":""Point"",""coordinates"":[-7.949999999999998,12.65]}"
188_2,9,6.890989780426025,PERSIANN_CDR,WA003,2015,"{""type"":""Point"",""coordinates"":[-1.5200000000000002,12.360000000000001]}"
188_3,9,4.057178497314453,PERSIANN_CDR,WA004,2015,"{""type"":""Point"",""coordinates"":[2.17,13.51]}"
188_4,9,7.55557918548584,PERSIANN_CDR,WA005,2015,"{""type"":""Point"",""coordinates"":[7.33,9.07]}"
188_5,9,0.7547029852867126,PERSIANN_CDR,WA006,2015,"{""type"":""Point"",""coordinates"":[-0.17,5.56]}"
188_6,9,0.8834537267684937,PERSIANN_CDR,WA007,2015,"{""type"":""Point"",""coordinates"":[-3.9299999999999997,5.349999999999999]}"
188_7,9,10.034089088439941,PERSIANN_CDR,WA008,2015,"{""type"":""Point"",""coordinates"":[-13.67,9.53]}"
188_8,9,10.670722007751465,PERSIANN_CDR,WA009,2015,"{""type"":""Point"",""coordinates"":[-13.230000000000002,8.489999999999998]}"
188_9,9,8.390612602233887,PERSIANN_CDR,WA010,2015,"{""type"":""Point"",""coordinates"":[-10.799999999999999,6.3]}"
188_10,9,1.7909235954284668,PERSIANN_CDR,WA011,2015,"{""type"":""Point"",""coordinates"":[1.22,6.130000000000001]}"
188_11,9,2.191032886505127,PERSIANN_CDR,WA012,2015,"{""type"":""Point"",""coordinates"":[2.42,6.37]}"
188_12,9,4.195833206176758,PERSIANN_CDR,WA013,2015,"{""type"":""Point"",""coordinates"":[8.52,12.05]}"
188_13,9,2.1318161487579346,PERSIANN_CDR,WA014,2015,"{""type"":""Point"",""coordinates"":[-1.62,6.69]}"
188_14,9,8.318056106567383,PERSIANN_CDR,WA015,2015,"{""type"":""Point"",""coordinates"":[-16.680000000000003,13.45]}"
189_0,10,2.236863374710083,PERSIANN_CDR,WA001,2015,"{""type"":""Point"",""coordinates"":[-17.470000000000002,14.73]}"
189_1,10,2.86747670173645,PERSIANN_CDR,WA002,2015,"{""type"":""Point"",""coordinates"":[-7.949999999999998,12.65]}"
189_2,10,1.8670259714126587,PERSIANN_CDR,WA003,2015,"{""type"":""Point"",""coordinates"":[-1.5200000000000002,12.360000000000001]}"
189_3,10,0.8551023006439209,PERSIANN_CDR,WA004,2015,"{""type"":""Point"",""coordinates"":[2.17,13.51]}"
189_4,10,6.966351509094238,PERSIANN_CDR,WA005,2015,"{""type"":""Point"",""coordinates"":[7.33,9.07]}"
189_5,10,4.139910697937012,PERSIANN_CDR,WA006,2015,"{""type"":""Point"",""coordinates"":[-0.17,5.56]}"
189_6,10,6.828159809112549,PERSIANN_CDR,WA007,2015,"{""type"":""Point"",""coordinates"":[-3.9299999999999997,5.349999999999999]}"
189_7,10,9.351762771606445,PERSIANN_CDR,WA008,2015,"{""type"":""Point"",""coordinates"":[-13.67,9.53]}"
189_8,10,8.866754531860352,PERSIANN_CDR,WA009,2015,"{""type"":""Point"",""coordinates"":[-13.230000000000002,8.489999999999998]}"
189_9,10,7.654119968414307,PERSIANN_CDR,WA010,2015,"{""type"":""Point"",""coordinates"":[-10.799999999999999,6.3]}"
189_10,10,5.069028854370117,PERSIANN_CDR,WA011,2015,"{""type"":""Point"",""coordinates"":[1.22,6.130000000000001]}"
189_11,10,5.472113609313965,PERSIANN_CDR,WA012,2015,"{""type"":""Point"",""coordinates"":[2.42,6.37]}"
189_12,10,0.8188977837562561,PERSIANN_CDR,WA013,2015,"{""type"":""Point"",""coordinates"":[8.52,12.05]}"
189_13,10,7.093186855316162,PERSIANN_CDR,WA014,2015,"{""type"":""Point"",""coordinates"":[-1.62,6.69]}"
189_14,10,3.9620742797851562,PERSIANN_CDR,WA015,2015,"{""type"":""Point"",""coordinates"":[-16.680000000000003,13.45]}"
190_0,11,0.6859990954399109,PERSIANN_CDR,WA001,2015,"{""type"":""Point"",""coordinates"":[-17.470000000000002,14.73]}"
190_1,11,0.17831364274024963,PERSIANN_CDR,WA002,2015,"{""type"":""Point"",""coordinates"":[-7.949999999999998,12.65]}"
190_2,11,0.04550992697477341,PERSIANN_CDR,WA003,2015,"{""type"":""Point"",""coordinates"":[-1.5200000000000002,12.360000000000001]}"
190_3,11,0.0056908708065748215,PERSIANN_CDR,WA004,2015,"{""type"":""Point"",""coordinates"":[2.17,13.51]}"
190_4,11,0.224578395485878,PERSIANN_CDR,WA005,2015,"{""type"":""Point"",""coordinates"":[7.33,9.07]}"
190_5,11,2.556612014770508,PERSIANN_CDR,WA006,2015,"{""type"":""Point"",""coordinates"":[-0.17,5.56]}"
190_6,11,6.260554790496826,PERSIANN_CDR,WA007,2015,"{""type"":""Point"",""coordinates"":[-3.9299999999999997,5.349999999999999]}"
190_7,11,1.8692939281463623,PERSIANN_CDR,WA008,2015,"{""type"":""Point"",""coordinates"":[-13.67,9.53]}"
190_8,11,3.4324021339416504,PERSIANN_CDR,WA009,2015,"{""type"":""Point"",""coordinates"":[-13.230000000000002,8.489999999999998]}"
190_9,11,5.617584705352783,PERSIANN_CDR,WA010,2015,"{""type"":""Point"",""coordinates"":[-10.799999999999999,6.3]}"
190_10,11,1.8665776252746582,PERSIANN_CDR,WA011,2015,"{""type"":""Point"",""coordinates"":[1.22,6.130000000000001]}"
190_11,11,1.5936274528503418,PERSIANN_CDR,WA012,2015,"{""type"":""Point"",""coordinates"":[2.42,6.37]}"
190_12,11,0.008424518629908562,PERSIANN_CDR,WA013,2015,"{""type"":""Point"",""coordinates"":[8.52,12.05]}"
190_13,11,3.716920852661133,PERSIANN_CDR,WA014,2015,"{""type"":""Point"",""coordinates"":[-1.62,6.69]}"
190_14,11,0.7758497595787048,PERSIANN_CDR,WA015,2015,"{""type"":""Point"",""coordinates"":[-16.680000000000003,13.45]}"
191_0,12,0.07744812220335007,PERSIANN_CDR,WA001,2015,"{""type"":""Point"",""coordinates"":[-17.470000000000002,14.73]}"
191_1,12,0.02835167571902275,PERSIANN_CDR,WA002,2015,"{""type"":""Point"",""coordinates"":[-7.949999999999998,12.65]}"
191_2,12,0.0031499152537435293,PERSIANN_CDR,WA003,2015,"{""type"":""Point"",""coordinates"":[-1.5200000000000002,12.360000000000001]}"
191_3,12,7.571751484647393E-4,PERSIANN_CDR,WA004,2015,"{""type"":""Point"",""coordinates"":[2.17,13.51]}"
191_4,12,0.05019325762987137,PERSIANN_CDR,WA005,2015,"{""type"":""Point"",""coordinates"":[7.33,9.07]}"
191_5,12,0.48617714643478394,PERSIANN_CDR,WA006,2015,"{""type"":""Point"",""coordinates"":[-0.17,5.56]}"
191_6,12,0.7289191484451294,PERSIANN_CDR,WA007,2015,"{""type"":""Point"",""coordinates"":[-3.9299999999999997,5.349999999999999]}"
191_7,12,0.3357607424259186,PERSIANN_CDR,WA008,2015,"{""type"":""Point"",""coordinates"":[-13.67,9.53]}"
191_8,12,0.3369661867618561,PERSIANN_CDR,WA009,2015,"{""type"":""Point"",""coordinates"":[-13.230000000000002,8.489999999999998]}"
191_9,12,0.669950008392334,PERSIANN_CDR,WA010,2015,"{""type"":""Point"",""coordinates"":[-10.799999999999999,6.3]}"
191_10,12,0.36141693592071533,PERSIANN_CDR,WA011,2015,"{""type"":""Point"",""coordinates"":[1.22,6.130000000000001]}"
191_11,12,0.20868220925331116,PERSIANN_CDR,WA012,2015,"{""type"":""Point"",""coordinates"":[2.42,6.37]}"
191_12,12,0.013294614851474762,PERSIANN_CDR,WA013,2015,"{""type"":""Point"",""coordinates"":[8.52,12.05]}"
191_13,12,0.46311959624290466,PERSIANN_CDR,WA014,2015,"{""type"":""Point"",""coordinates"":[-1.62,6.69]}"
191_14,12,0.061278846114873886,PERSIANN_CDR,WA015,2015,"{""type"":""Point"",""coordinates"":[-16.680000000000003,13.45]}"
192_0,1,0.06605537980794907,PERSIANN_CDR,WA001,2016,"{""type"":""Point"",""coordinates"":[-17.470000000000002,14.73]}"
192_1,1,0.036624033004045486,PERSIANN_CDR,WA002,2016,"{""type"":""Point"",""coordinates"":[-7.949999999999998,12.65]}"
192_2,1,0.0806446373462677,PERSIANN_CDR,WA003,2016,"{""type"":""Point"",""coordinates"":[-1.5200000000000002,12.360000000000001]}"
192_3,1,0.10371092706918716,PERSIANN_CDR,WA004,2016,"{""type"":""Point"",""coordinates"":[2.17,13.51]}"
192_4,1,0.11586544662714005,PERSIANN_CDR,WA005,2016,"{""type"":""Point"",""coordinates"":[7.33,9.07]}"
192_5,1,0.43826985359191895,PERSIANN_CDR,WA006,2016,"{""type"":""Point"",""coordinates"":[-0.17,5.56]}"
192_6,1,0.29190385341644287,PERSIANN_CDR,WA007,2016,"{""type"":""Point"",""coordinates"":[-3.9299999999999997,5.349999999999999]}"
192_7,1,0.13766887784004211,PERSIANN_CDR,WA008,2016,"{""type"":""Point"",""coordinates"":[-13.67,9.53]}"
192_8,1,0.15606342256069183,PERSIANN_CDR,WA009,2016,"{""type"":""Point"",""coordinates"":[-13.230000000000002,8.489999999999998]}"
192_9,1,0.25623759627342224,PERSIANN_CDR,WA010,2016,"{""type"":""Point"",""coordinates"":[-10.799999999999999,6.3]}"
192_10,1,0.3101377487182617,PERSIANN_CDR,WA011,2016,"{""type"":""Point"",""coordinates"":[1.22,6.130000000000001]}"
192_11,1,0.3367063105106354,PERSIANN_CDR,WA012,2016,"{""type"":""Point"",""coordinates"":[2.42,6.37]}"
192_12,1,0.1406281590461731,PERSIANN_CDR,WA013,2016,"{""type"":""Point"",""coordinates"":[8.52,12.05]}"
192_13,1,0.19315260648727417,PERSIANN_CDR,WA014,2016,"{""type"":""Point"",""coordinates"":[-1.62,6.69]}"
192_14,1,0.05662892013788223,PERSIANN_CDR,WA015,2016,"{""type"":""Point"",""coordinates"":[-16.680000000000003,13.45]}"
193_0,2,0.1211354061961174,PERSIANN_CDR,WA001,2016,"{""type"":""Point"",""coordinates"":[-17.470000000000002,14.73]}"
193_1,2,0.08441406488418579,PERSIANN_CDR,WA002,2016,"{""type"":""Point"",""coordinates"":[-7.949999999999998,12.65]}"
193_2,2,0.18628865480422974,PERSIANN_CDR,WA003,2016,"{""type"":""Point"",""coordinates"":[-1.5200000000000002,12.360000000000001]}"
193_3,2,0.17469075322151184,PERSIANN_CDR,WA004,2016,"{""type"":""Point"",""coordinates"":[2.17,13.51]}"
193_4,2,0.3898923099040985,PERSIANN_CDR,WA005,2016,"{""type"":""Point"",""coordinates"":[7.33,9.07]}"
193_5,2,0.47081756591796875,PERSIANN_CDR,WA006,2016,"{""type"":""Point"",""coordinates"":[-0.17,5.56]}"
193_6,2,0.2680136263370514,PERSIANN_CDR,WA007,2016,"{""type"":""Point"",""coordinates"":[-3.9299999999999997,5.349999999999999]}"
193_7,2,0.12897665798664093,PERSIANN_CDR,WA008,2016,"{""type"":""Point"",""coordinates"":[-13.67,9.53]}"
193_8,2,0.10794734209775925,PERSIANN_CDR,WA009,2016,"{""type"":""Point"",""coordinates"":[-13.230000000000002,8.489999999999998]}"
193_9,2,0.16113069653511047,PERSIANN_CDR,WA010,2016,"{""type"":""Point"",""coordinates"":[-10.799999999999999,6.3]}"
193_10,2,0.3023270070552826,PERSIANN_CDR,WA011,2016,"{""type"":""Point"",""coordinates"":[1.22,6.130000000000001]}"
193_11,2,0.16199694573879242,PERSIANN_CDR,WA012,2016,"{""type"":""Point"",""coordinates"":[2.42,6.37]}"
193_12,2,0.14090190827846527,PERSIANN_CDR,WA013,2016,"{""type"":""Point"",""coordinates"":[8.52,12.05]}"
193_13,2,0.28529322147369385,PERSIANN_CDR,WA014,2016,"{""type"":""Point"",""coordinates"":[-1.62,6.69]}"
193_14,2,0.13472487032413483,PERSIANN_CDR,WA015,2016,"{""type"":""Point"",""coordinates"":[-16.680000000000003,13.45]}"
194_0,3,0.03849422186613083,PERSIANN_CDR,WA001,2016,"{""type"":""Point"",""coordinates"":[-17.470000000000002,14.73]}"
194_1,3,0.02898459881544113,PERSIANN_CDR,WA002,2016,"{""type"":""Point"",""coordinates"":[-7.949999999999998,12.65]}"
194_2,3,0.2743302583694458,PERSIANN_CDR,WA003,2016,"{""type"":""Point"",""coordinates"":[-1.5200000000000002,12.360000000000001]}"
194_3,3,0.21479475498199463,PERSIANN_CDR,WA004,2016,"{""type"":""Point"",""coordinates"":[2.17,13.51]}"
194_4,3,1.9103381633758545,PERSIANN_CDR,WA005,2016,"{""type"":""Point"",""coordinates"":[7.33,9.07]}"
194_5,3,4.744922161102295,PERSIANN_CDR,WA006,2016,"{""type"":""Point"",""coordinates"":[-0.17,5.56]}"
194_6,3,4.065999507904053,PERSIANN_CDR,WA007,2016,"{""type"":""Point"",""coordinates"":[-3.9299999999999997,5.349999999999999]}"
194_7,3,0.14623099565505981,PERSIANN_CDR,WA008,2016,"{""type"":""Point"",""coordinates"":[-13.67,9.53]}"
194_8,3,0.24309392273426056,PERSIANN_CDR,WA009,2016,"{""type"":""Point"",""coordinates"":[-13.230000000000002,8.489999999999998]}"
194_9,3,2.286062479019165,PERSIANN_CDR,WA010,2016,"{""type"":""Point"",""coordinates"":[-10.799999999999999,6.3]}"
194_10,3,4.13694429397583,PERSIANN_CDR,WA011,2016,"{""type"":""Point"",""coordinates"":[1.22,6.130000000000001]}"
194_11,3,3.8267734050750732,PERSIANN_CDR,WA012,2016,"{""type"":""Point"",""coordinates"":[2.42,6.37]}"
194_12,3,0.14341793954372406,PERSIANN_CDR,WA013,2016,"{""type"":""Point"",""coordinates"":[8.52,12.05]}"
194_13,3,4.064651012420654,PERSIANN_CDR,WA014,2016,"{""type"":""Point"",""coordinates"":[-1.62,6.69]}"
194_14,3,0.015127254649996758,PERSIANN_CDR,WA015,2016,"{""type"":""Point"",""coordinates"":[-16.680000000000003,13.45]}"
195_0,4,0.04421037435531616,PERSIANN_CDR,WA001,2016,"{""type"":""Point"",""coordinates"":[-17.470000000000002,14.73]}"
195_1,4,0.9779743552207947,PERSIANN_CDR,WA002,2016,"{""type"":""Point"",""coordinates"":[-7.949999999999998,12.65]}"
195_2,4,0.8525031805038452,PERSIANN_CDR,WA003,2016,"{""type"":""Point"",""coordinates"":[-1.5200000000000002,12.360000000000001]}"
195_3,4,0.3514387309551239,PERSIANN_CDR,WA004,2016,"{""type"":""Point"",""coordinates"":[2.17,13.51]}"
195_4,4,3.1598856449127197,PERSIANN_CDR,WA005,2016,"{""type"":""Point"",""coordinates"":[7.33,9.07]}"
195_5,4,3.0557126998901367,PERSIANN_CDR,WA006,2016,"{""type"":""Point"",""coordinates"":[-0.17,5.56]}"
195_6,4,3.5471343994140625,PERSIANN_CDR,WA007,2016,"{""type"":""Point"",""coordinates"":[-3.9299999999999997,5.349999999999999]}"
195_7,4,1.1965655088424683,PERSIANN_CDR,WA008,2016,"{""type"":""Point"",""coordinates"":[-13.67,9.53]}"
195_8,4,1.0090055465698242,PERSIANN_CDR,WA009,2016,"{""type"":""Point"",""coordinates"":[-13.230000000000002,8.489999999999998]}"
195_9,4,1.9890023469924927,PERSIANN_CDR,WA010,2016,"{""type"":""Point"",""coordinates"":[-10.799999999999999,6.3]}"
195_10,4,3.1201562881469727,PERSIANN_CDR,WA011,2016,"{""type"":""Point"",""coordinates"":[1.22,6.130000000000001]}"
195_11,4,2.879364252090454,PERSIANN_CDR,WA012,2016,"{""type"":""Point"",""coordinates"":[2.42,6.37]}"
195_12,4,0.7259982228279114,PERSIANN_CDR,WA013,2016,"{""type"":""Point"",""coordinates"":[8.52,12.05]}"
195_13,4,3.9182279109954834,PERSIANN_CDR,WA014,2016,"{""type"":""Point"",""coordinates"":[-1.62,6.69]}"
195_14,4,0.03923455625772476,PERSIANN_CDR,WA015,2016,"{""type"":""Point"",""coordinates"":[-16.680000000000003,13.45]}"
196_0,5,0.07522645592689514,PERSIANN_CDR,WA001,2016,"{""type"":""Point"",""coordinates"":[-17.470000000000002,14.73]}"
196_1,5,1.949718952178955,PERSIANN_CDR,WA002,2016,"{""type"":""Point"",""coordinates"":[-7.949999999999998,12.65]}"
196_2,5,2.51353120803833,PERSIANN_CDR,WA003,2016,"{""type"":""Point"",""coordinates"":[-1.5200000000000002,12.360000000000001]}"
196_3,5,1.8401975631713867,PERSIANN_CDR,WA004,2016,"{""type"":""Point"",""coordinates"":[2.17,13.51]}"
196_4,5,8.789228439331055,PERSIANN_CDR,WA005,2016,"{""type"":""Point"",""coordinates"":[7.33,9.07]}"
196_5,5,5.364193916320801,PERSIANN_CDR,WA006,2016,"{""type"":""Point"",""coordinates"":[-0.17,5.56]}"
196_6,5,5.5978498458862305,PERSIANN_CDR,WA007,2016,"{""type"":""Point"",""coordinates"":[-3.9299999999999997,5.349999999999999]}"
196_7,5,2.1729578971862793,PERSIANN_CDR,WA008,2016,"{""type"":""Point"",""coordinates"":[-13.67,9.53]}"
196_8,5,2.8401219844818115,PERSIANN_CDR,WA009,2016,"{""type"":""Point"",""coordinates"":[-13.230000000000002,8.489999999999998]}"
196_9,5,5.538130283355713,PERSIANN_CDR,WA010,2016,"{""type"":""Point"",""coordinates"":[-10.799999999999999,6.3]}"
196_10,5,4.5684099197387695,PERSIANN_CDR,WA011,2016,"{""type"":""Point"",""coordinates"":[1.22,6.130000000000001]}"
196_11,5,5.670040607452393,PERSIANN_CDR,WA012,2016,"{""type"":""Point"",""coordinates"":[2.42,6.37]}"
196_12,5,3.267676830291748,PERSIANN_CDR,WA013,2016,"{""type"":""Point"",""coordinates"":[8.52,12.05]}"
196_13,5,4.83876371383667,PERSIANN_CDR,WA014,2016,"{""type"":""Point"",""coordinates"":[-1.62,6.69]}"
196_14,5,0.1857326477766037,PERSIANN_CDR,WA015,2016,"{""type"":""Point"",""coordinates"":[-16.680000000000003,13.45]}"
197_0,6,0.4145379960536957,PERSIANN_CDR,WA001,2016,"{""type"":""Point"",""coordinates"":[-17.470000000000002,14.73]}"
197_1,6,5.8045654296875,PERSIANN_CDR,WA002,2016,"{""type"":""Point"",""coordinates"":[-7.949999999999998,12.65]}"
197_2,6,4.193404674530029,PERSIANN_CDR,WA003,2016,"{""type"":""Point"",""coordinates"":[-1.5200000000000002,12.360000000000001]}"
197_3,6,2.404261827468872,PERSIANN_CDR,WA004,2016,"{""type"":""Point"",""coordinates"":[2.17,13.51]}"
197_4,6,6.760839939117432,PERSIANN_CDR,WA005,2016,"{""type"":""Point"",""coordinates"":[7.33,9.07]}"
197_5,6,5.778156280517578,PERSIANN_CDR,WA006,2016,"{""type"":""Point"",""coordinates"":[-0.17,5.56]}"
197_6,6,8.043279647827148,PERSIANN_CDR,WA007,2016,"{""type"":""Point"",""coordinates"":[-3.9299999999999997,5.349999999999999]}"
197_7,6,16.591720581054688,PERSIANN_CDR,WA008,2016,"{""type"":""Point"",""coordinates"":[-13.67,9.53]}"
197_8,6,19.64896583557129,PERSIANN_CDR,WA009,2016,"{""type"":""Point"",""coordinates"":[-13.230000000000002,8.489999999999998]}"
197_9,6,17.939525604248047,PERSIANN_CDR,WA010,2016,"{""type"":""Point"",""coordinates"":[-10.799999999999999,6.3]}"
197_10,6,5.3710527420043945,PERSIANN_CDR,WA011,2016,"{""type"":""Point"",""coordinates"":[1.22,6.130000000000001]}"
197_11,6,5.796088218688965,PERSIANN_CDR,WA012,2016,"{""type"":""Point"",""coordinates"":[2.42,6.37]}"
197_12,6,4.966617584228516,PERSIANN_CDR,WA013,2016,"{""type"":""Point"",""coordinates"":[8.52,12.05]}"
197_13,6,4.967260837554932,PERSIANN_CDR,WA014,2016,"{""type"":""Point"",""coordinates"":[-1.62,6.69]}"
197_14,6,1.2620741128921509,PERSIANN_CDR,WA015,2016,"{""type"":""Point"",""coordinates"":[-16.680000000000003,13.45]}"
198_0,7,5.573735237121582,PERSIANN_CDR,WA001,2016,"{""type"":""Point"",""coordinates"":[-17.470000000000002,14.73]}"
198_1,7,9.318926811218262,PERSIANN_CDR,WA002,2016,"{""type"":""Point"",""coordinates"":[-7.949999999999998,12.65]}"
198_2,7,8.11470890045166,PERSIANN_CDR,WA003,2016,"{""type"":""Point"",""coordinates"":[-1.5200000000000002,12.360000000000001]}"
198_3,7,4.214578628540039,PERSIANN_CDR,WA004,2016,"{""type"":""Point"",""coordinates"":[2.17,13.51]}"
198_4,7,6.502640247344971,PERSIANN_CDR,WA005,2016,"{""type"":""Point"",""coordinates"":[7.33,9.07]}"
198_5,7,1.493855595588684,PERSIANN_CDR,WA006,2016,"{""type"":""Point"",""coordinates"":[-0.17,5.56]}"
198_6,7,0.7386274337768555,PERSIANN_CDR,WA007,2016,"{""type"":""Point"",""coordinates"":[-3.9299999999999997,5.349999999999999]}"
198_7,7,17.927410125732422,PERSIANN_CDR,WA008,2016,"{""type"":""Point"",""coordinates"":[-13.67,9.53]}"
198_8,7,20.154193878173828,PERSIANN_CDR,WA009,2016,"{""type"":""Point"",""coordinates"":[-13.230000000000002,8.489999999999998]}"
198_9,7,8.635964393615723,PERSIANN_CDR,WA010,2016,"{""type"":""Point"",""coordinates"":[-10.799999999999999,6.3]}"
198_10,7,2.581247091293335,PERSIANN_CDR,WA011,2016,"{""type"":""Point"",""coordinates"":[1.22,6.130000000000001]}"
198_11,7,2.455127716064453,PERSIANN_CDR,WA012,2016,"{""type"":""Point"",""coordinates"":[2.42,6.37]}"
198_12,7,5.735067367553711,PERSIANN_CDR,WA013,2016,"{""type"":""Point"",""coordinates"":[8.52,12.05]}"
198_13,7,2.6952335834503174,PERSIANN_CDR,WA014,2016,"{""type"":""Point"",""coordinates"":[-1.62,6.69]}"
198_14,7,8.848344802856445,PERSIANN_CDR,WA015,2016,"{""type"":""Point"",""coordinates"":[-16.680000000000003,13.45]}"
199_0,8,3.8426601886749268,PERSIANN_CDR,WA001,2016,"{""type"":""Point"",""coordinates"":[-17.470000000000002,14.73]}"
199_1,8,9.819093704223633,PERSIANN_CDR,WA002,2016,"{""type"":""Point"",""coordinates"":[-7.949999999999998,12.65]}"
199_2,8,8.341585159301758,PERSIANN_CDR,WA003,2016,"{""type"":""Point"",""coordinates"":[-1.5200000000000002,12.360000000000001]}"
199_3,8,5.222778797149658,PERSIANN_CDR,WA004,2016,"{""type"":""Point"",""coordinates"":[2.17,13.51]}"
199_4,8,8.75273609161377,PERSIANN_CDR,WA005,2016,"{""type"":""Point"",""coordinates"":[7.33,9.07]}"
199_5,8,2.3622488975524902,PERSIANN_CDR,WA006,2016,"{""type"":""Point"",""coordinates"":[-0.17,5.56]}"
199_6,8,2.541715621948242,PERSIANN_CDR,WA007,2016,"{""type"":""Point"",""coordinates"":[-3.9299999999999997,5.349999999999999]}"
199_7,8,18.52433204650879,PERSIANN_CDR,WA008,2016,"{""type"":""Point"",""coordinates"":[-13.67,9.53]}"
199_8,8,15.076297760009766,PERSIANN_CDR,WA009,2016,"{""type"":""Point"",""coordinates"":[-13.230000000000002,8.489999999999998]}"
199_9,8,9.69302749633789,PERSIANN_CDR,WA010,2016,"{""type"":""Point"",""coordinates"":[-10.799999999999999,6.3]}"
199_10,8,1.7865453958511353,PERSIANN_CDR,WA011,2016,"{""type"":""Point"",""coordinates"":[1.22,6.130000000000001]}"
199_11,8,2.1698920726776123,PERSIANN_CDR,WA012,2016,"{""type"":""Point"",""coordinates"":[2.42,6.37]}"
199_12,8,6.078851699829102,PERSIANN_CDR,WA013,2016,"{""type"":""Point"",""coordinates"":[8.52,12.05]}"
199_13,8,1.9392622709274292,PERSIANN_CDR,WA014,2016,"{""type"":""Point"",""coordinates"":[-1.62,6.69]}"
199_14,8,7.05510139465332,PERSIANN_CDR,WA015,2016,"{""type"":""Point"",""coordinates"":[-16.680000000000003,13.45]}"
200_0,9,7.06195068359375,PERSIANN_CDR,WA001,2016,"{""type"":""Point"",""coordinates"":[-17.470000000000002,14.73]}"
200_1,9,5.511894702911377,PERSIANN_CDR,WA002,2016,"{""type"":""Point"",""coordinates"":[-7.949999999999998,12.65]}"
200_2,9,4.4243903160095215,PERSIANN_CDR,WA003,2016,"{""type"":""Point"",""coordinates"":[-1.5200000000000002,12.360000000000001]}"
200_3,9,3.7953715324401855,PERSIANN_CDR,WA004,2016,"{""type"":""Point"",""coordinates"":[2.17,13.51]}"
200_4,9,8.774016380310059,PERSIANN_CDR,WA005,2016,"{""type"":""Point"",""coordinates"":[7.33,9.07]}"
200_5,9,4.458283424377441,PERSIANN_CDR,WA006,2016,"{""type"":""Point"",""coordinates"":[-0.17,5.56]}"
200_6,9,5.673746109008789,PERSIANN_CDR,WA007,2016,"{""type"":""Point"",""coordinates"":[-3.9299999999999997,5.349999999999999]}"
200_7,9,16.094209671020508,PERSIANN_CDR,WA008,2016,"{""type"":""Point"",""coordinates"":[-13.67,9.53]}"
200_8,9,16.197246551513672,PERSIANN_CDR,WA009,2016,"{""type"":""Point"",""coordinates"":[-13.230000000000002,8.489999999999998]}"
200_9,9,15.63016414642334,PERSIANN_CDR,WA010,2016,"{""type"":""Point"",""coordinates"":[-10.799999999999999,6.3]}"
200_10,9,5.736074924468994,PERSIANN_CDR,WA011,2016,"{""type"":""Point"",""coordinates"":[1.22,6.130000000000001]}"
200_11,9,7.309624195098877,PERSIANN_CDR,WA012,2016,"{""type"":""Point"",""coordinates"":[2.42,6.37]}"
200_12,9,4.167330265045166,PERSIANN_CDR,WA013,2016,"{""type"":""Point"",""coordinates"":[8.52,12.05]}"
200_13,9,7.6431660652160645,PERSIANN_CDR,WA014,2016,"{""type"":""Point"",""coordinates"":[-1.62,6.69]}"
200_14,9,8.91946029663086,PERSIANN_CDR,WA015,2016,"{""type"":""Point"",""coordinates"":[-16.680000000000003,13.45]}"
201_0,10,0.23455333709716797,PERSIANN_CDR,WA001,2016,"{""type"":""Point"",""coordinates"":[-17.470000000000002,14.73]}"
201_1,10,1.4056349992752075,PERSIANN_CDR,WA002,2016,"{""type"":""Point"",""coordinates"":[-7.949999999999998,12.65]}"
201_2,10,0.5642287731170654,PERSIANN_CDR,WA003,2016,"{""type"":""Point"",""coordinates"":[-1.5200000000000002,12.360000000000001]}"
201_3,10,0.19098316133022308,PERSIANN_CDR,WA004,2016,"{""type"":""Point"",""coordinates"":[2.17,13.51]}"
201_4,10,6.669889450073242,PERSIANN_CDR,WA005,2016,"{""type"":""Point"",""coordinates"":[7.33,9.07]}"
201_5,10,4.404152870178223,PERSIANN_CDR,WA006,2016,"{""type"":""Point"",""coordinates"":[-0.17,5.56]}"
201_6,10,6.140655517578125,PERSIANN_CDR,WA007,2016,"{""type"":""Point"",""coordinates"":[-3.9299999999999997,5.349999999999999]}"
201_7,10,5.456051349639893,PERSIANN_CDR,WA008,2016,"{""type"":""Point"",""coordinates"":[-13.67,9.53]}"
201_8,10,5.942709445953369,PERSIANN_CDR,WA009,2016,"{""type"":""Point"",""coordinates"":[-13.230000000000002,8.489999999999998]}"
201_9,10,5.002694606781006,PERSIANN_CDR,WA010,2016,"{""type"":""Point"",""coordinates"":[-10.799999999999999,6.3]}"
201_10,10,4.6251091957092285,PERSIANN_CDR,WA011,2016,"{""type"":""Point"",""coordinates"":[1.22,6.130000000000001]}"
201_11,10,6.268985748291016,PERSIANN_CDR,WA012,2016,"{""type"":""Point"",""coordinates"":[2.42,6.37]}"
201_12,10,0.44114983081817627,PERSIANN_CDR,WA013,2016,"{""type"":""Point"",""coordinates"":[8.52,12.05]}"
201_13,10,5.579979419708252,PERSIANN_CDR,WA014,2016,"{""type"":""Point"",""coordinates"":[-1.62,6.69]}"
201_14,10,0.49017593264579773,PERSIANN_CDR,WA015,2016,"{""type"":""Point"",""coordinates"":[-16.680000000000003,13.45]}"
202_0,11,0.26758864521980286,PERSIANN_CDR,WA001,2016,"{""type"":""Point"",""coordinates"":[-17.470000000000002,14.73]}"
202_1,11,0.16693124175071716,PERSIANN_CDR,WA002,2016,"{""type"":""Point"",""coordinates"":[-7.949999999999998,12.65]}"
202_2,11,0.022607576102018356,PERSIANN_CDR,WA003,2016,"{""type"":""Point"",""coordinates"":[-1.5200000000000002,12.360000000000001]}"
202_3,11,0.009147710166871548,PERSIANN_CDR,WA004,2016,"{""type"":""Point"",""coordinates"":[2.17,13.51]}"
202_4,11,0.09714280068874359,PERSIANN_CDR,WA005,2016,"{""type"":""Point"",""coordinates"":[7.33,9.07]}"
202_5,11,2.22771954536438,PERSIANN_CDR,WA006,2016,"{""type"":""Point"",""coordinates"":[-0.17,5.56]}"
202_6,11,4.230042934417725,PERSIANN_CDR,WA007,2016,"{""type"":""Point"",""coordinates"":[-3.9299999999999997,5.349999999999999]}"
202_7,11,1.2711659669876099,PERSIANN_CDR,WA008,2016,"{""type"":""Point"",""coordinates"":[-13.67,9.53]}"
202_8,11,2.5398166179656982,PERSIANN_CDR,WA009,2016,"{""type"":""Point"",""coordinates"":[-13.230000000000002,8.489999999999998]}"
202_9,11,3.862309455871582,PERSIANN_CDR,WA010,2016,"{""type"":""Point"",""coordinates"":[-10.799999999999999,6.3]}"
202_10,11,1.3592159748077393,PERSIANN_CDR,WA011,2016,"{""type"":""Point"",""coordinates"":[1.22,6.130000000000001]}"
202_11,11,1.3506526947021484,PERSIANN_CDR,WA012,2016,"{""type"":""Point"",""coordinates"":[2.42,6.37]}"
202_12,11,0.02347700297832489,PERSIANN_CDR,WA013,2016,"{""type"":""Point"",""coordinates"":[8.52,12.05]}"
202_13,11,2.8065223693847656,PERSIANN_CDR,WA014,2016,"{""type"":""Point"",""coordinates"":[-1.62,6.69]}"
202_14,11,0.1372641772031784,PERSIANN_CDR,WA015,2016,"{""type"":""Point"",""coordinates"":[-16.680000000000003,13.45]}"
203_0,12,0.08588892966508865,PERSIANN_CDR,WA001,2016,"{""type"":""Point"",""coordinates"":[-17.470000000000002,14.73]}"
203_1,12,0.012543139047920704,PERSIANN_CDR,WA002,2016,"{""type"":""Point"",""coordinates"":[-7.949999999999998,12.65]}"
203_2,12,0.00766788749024272,PERSIANN_CDR,WA003,2016,"{""type"":""Point"",""coordinates"":[-1.5200000000000002,12.360000000000001]}"
203_3,12,0.002385975793004036,PERSIANN_CDR,WA004,2016,"{""type"":""Point"",""coordinates"":[2.17,13.51]}"
203_4,12,0.08356012403964996,PERSIANN_CDR,WA005,2016,"{""type"":""Point"",""coordinates"":[7.33,9.07]}"
203_5,12,1.1716666221618652,PERSIANN_CDR,WA006,2016,"{""type"":""Point"",""coordinates"":[-0.17,5.56]}"
203_6,12,1.800947666168213,PERSIANN_CDR,WA007,2016,"{""type"":""Point"",""coordinates"":[-3.9299999999999997,5.349999999999999]}"
203_7,12,0.12840662896633148,PERSIANN_CDR,WA008,2016,"{""type"":""Point"",""coordinates"":[-13.67,9.53]}"
203_8,12,0.26982933282852173,PERSIANN_CDR,WA009,2016,"{""type"":""Point"",""coordinates"":[-13.230000000000002,8.489999999999998]}"
203_9,12,0.9743030667304993,PERSIANN_CDR,WA010,2016,"{""type"":""Point"",""coordinates"":[-10.799999999999999,6.3]}"
203_10,12,0.6777710318565369,PERSIANN_CDR,WA011,2016,"{""type"":""Point"",""coordinates"":[1.22,6.130000000000001]}"
203_11,12,0.2506764233112335,PERSIANN_CDR,WA012,2016,"{""type"":""Point"",""coordinates"":[2.42,6.37]}"
203_12,12,0.008002734743058681,PERSIANN_CDR,WA013,2016,"{""type"":""Point"",""coordinates"":[8.52,12.05]}"
203_13,12,0.8497416377067566,PERSIANN_CDR,WA014,2016,"{""type"":""Point"",""coordinates"":[-1.62,6.69]}"
203_14,12,0.04643484950065613,PERSIANN_CDR,WA015,2016,"{""type"":""Point"",""coordinates"":[-16.680000000000003,13.45]}"
204_0,1,0.1340966671705246,PERSIANN_CDR,WA001,2017,"{""type"":""Point"",""coordinates"":[-17.470000000000002,14.73]}"
204_1,1,0.012469799257814884,PERSIANN_CDR,WA002,2017,"{""type"":""Point"",""coordinates"":[-7.949999999999998,12.65]}"
204_2,1,0.04698237031698227,PERSIANN_CDR,WA003,2017,"{""type"":""Point"",""coordinates"":[-1.5200000000000002,12.360000000000001]}"
204_3,1,0.0017048964509740472,PERSIANN_CDR,WA004,2017,"{""type"":""Point"",""coordinates"":[2.17,13.51]}"
204_4,1,0.02054419368505478,PERSIANN_CDR,WA005,2017,"{""type"":""Point"",""coordinates"":[7.33,9.07]}"
204_5,1,1.6728577613830566,PERSIANN_CDR,WA006,2017,"{""type"":""Point"",""coordinates"":[-0.17,5.56]}"
204_6,1,1.3867950439453125,PERSIANN_CDR,WA007,2017,"{""type"":""Point"",""coordinates"":[-3.9299999999999997,5.349999999999999]}"
204_7,1,0.03612060099840164,PERSIANN_CDR,WA008,2017,"{""type"":""Point"",""coordinates"":[-13.67,9.53]}"
204_8,1,0.06717205047607422,PERSIANN_CDR,WA009,2017,"{""type"":""Point"",""coordinates"":[-13.230000000000002,8.489999999999998]}"
204_9,1,0.3426907956600189,PERSIANN_CDR,WA010,2017,"{""type"":""Point"",""coordinates"":[-10.799999999999999,6.3]}"
204_10,1,0.9925901889801025,PERSIANN_CDR,WA011,2017,"{""type"":""Point"",""coordinates"":[1.22,6.130000000000001]}"
204_11,1,0.7088937759399414,PERSIANN_CDR,WA012,2017,"{""type"":""Point"",""coordinates"":[2.42,6.37]}"
204_12,1,0.004271297715604305,PERSIANN_CDR,WA013,2017,"{""type"":""Point"",""coordinates"":[8.52,12.05]}"
204_13,1,0.7910318970680237,PERSIANN_CDR,WA014,2017,"{""type"":""Point"",""coordinates"":[-1.62,6.69]}"
204_14,1,0.036198940128088,PERSIANN_CDR,WA015,2017,"{""type"":""Point"",""coordinates"":[-16.680000000000003,13.45]}"
205_0,2,0.04996704310178757,PERSIANN_CDR,WA001,2017,"{""type"":""Point"",""coordinates"":[-17.470000000000002,14.73]}"
205_1,2,0.022184431552886963,PERSIANN_CDR,WA002,2017,"{""type"":""Point"",""coordinates"":[-7.949999999999998,12.65]}"
205_2,2,0.00569678470492363,PERSIANN_CDR,WA003,2017,"{""type"":""Point"",""coordinates"":[-1.5200000000000002,12.360000000000001]}"
205_3,2,0.003336065448820591,PERSIANN_CDR,WA004,2017,"{""type"":""Point"",""coordinates"":[2.17,13.51]}"
205_4,2,0.1212531253695488,PERSIANN_CDR,WA005,2017,"{""type"":""Point"",""coordinates"":[7.33,9.07]}"
205_5,2,1.2393462657928467,PERSIANN_CDR,WA006,2017,"{""type"":""Point"",""coordinates"":[-0.17,5.56]}"
205_6,2,2.7069599628448486,PERSIANN_CDR,WA007,2017,"{""type"":""Point"",""coordinates"":[-3.9299999999999997,5.349999999999999]}"
205_7,2,0.05626693367958069,PERSIANN_CDR,WA008,2017,"{""type"":""Point"",""coordinates"":[-13.67,9.53]}"
205_8,2,0.16855312883853912,PERSIANN_CDR,WA009,2017,"{""type"":""Point"",""coordinates"":[-13.230000000000002,8.489999999999998]}"
205_9,2,1.3883767127990723,PERSIANN_CDR,WA010,2017,"{""type"":""Point"",""coordinates"":[-10.799999999999999,6.3]}"
205_10,2,0.7506358027458191,PERSIANN_CDR,WA011,2017,"{""type"":""Point"",""coordinates"":[1.22,6.130000000000001]}"
205_11,2,0.6129615306854248,PERSIANN_CDR,WA012,2017,"{""type"":""Point"",""coordinates"":[2.42,6.37]}"
205_12,2,0.016407955437898636,PERSIANN_CDR,WA013,2017,"{""type"":""Point"",""coordinates"":[8.52,12.05]}"
205_13,2,1.1337370872497559,PERSIANN_CDR,WA014,2017,"{""type"":""Point"",""coordinates"":[-1.62,6.69]}"
205_14,2,0.03738611936569214,PERSIANN_CDR,WA015,2017,"{""type"":""Point"",""coordinates"":[-16.680000000000003,13.45]}"
206_0,3,0.008912811055779457,PERSIANN_CDR,WA001,2017,"{""type"":""Point"",""coordinates"":[-17.470000000000002,14.73]}"
206_1,3,0.16022293269634247,PERSIANN_CDR,WA002,2017,"{""type"":""Point"",""coordinates"":[-7.949999999999998,12.65]}"
206_2,3,0.09750625491142273,PERSIANN_CDR,WA003,2017,"{""type"":""Point"",""coordinates"":[-1.5200000000000002,12.360000000000001]}"
206_3,3,0.0031708914320915937,PERSIANN_CDR,WA004,2017,"{""type"":""Point"",""coordinates"":[2.17,13.51]}"
206_4,3,0.45904579758644104,PERSIANN_CDR,WA005,2017,"{""type"":""Point"",""coordinates"":[7.33,9.07]}"
206_5,3,2.216745615005493,PERSIANN_CDR,WA006,2017,"{""type"":""Point"",""coordinates"":[-0.17,5.56]}"
206_6,3,2.3699705600738525,PERSIANN_CDR,WA007,2017,"{""type"":""Point"",""coordinates"":[-3.9299999999999997,5.349999999999999]}"
206_7,3,0.11113893240690231,PERSIANN_CDR,WA008,2017,"{""type"":""Point"",""coordinates"":[-13.67,9.53]}"
206_8,3,0.3234460651874542,PERSIANN_CDR,WA009,2017,"{""type"":""Point"",""coordinates"":[-13.230000000000002,8.489999999999998]}"
206_9,3,1.3258492946624756,PERSIANN_CDR,WA010,2017,"{""type"":""Point"",""coordinates"":[-10.799999999999999,6.3]}"
206_10,3,2.4413583278656006,PERSIANN_CDR,WA011,2017,"{""type"":""Point"",""coordinates"":[1.22,6.130000000000001]}"
206_11,3,2.840094804763794,PERSIANN_CDR,WA012,2017,"{""type"":""Point"",""coordinates"":[2.42,6.37]}"
206_12,3,0.08059558272361755,PERSIANN_CDR,WA013,2017,"{""type"":""Point"",""coordinates"":[8.52,12.05]}"
206_13,3,2.986098289489746,PERSIANN_CDR,WA014,2017,"{""type"":""Point"",""coordinates"":[-1.62,6.69]}"
206_14,3,0.011037268675863743,PERSIANN_CDR,WA015,2017,"{""type"":""Point"",""coordinates"":[-16.680000000000003,13.45]}"
207_0,4,0.009597910568118095,PERSIANN_CDR,WA001,2017,"{""type"":""Point"",""coordinates"":[-17.470000000000002,14.73]}"
207_1,4,0.30141499638557434,PERSIANN_CDR,WA002,2017,"{""type"":""Point"",""coordinates"":[-7.949999999999998,12.65]}"
207_2,4,0.8534852266311646,PERSIANN_CDR,WA003,2017,"{""type"":""Point"",""coordinates"":[-1.5200000000000002,12.360000000000001]}"
207_3,4,0.09901666641235352,PERSIANN_CDR,WA004,2017,"{""type"":""Point"",""coordinates"":[2.17,13.51]}"
207_4,4,2.609692096710205,PERSIANN_CDR,WA005,2017,"{""type"":""Point"",""coordinates"":[7.33,9.07]}"
207_5,4,3.971236228942871,PERSIANN_CDR,WA006,2017,"{""type"":""Point"",""coordinates"":[-0.17,5.56]}"
207_6,4,4.846586227416992,PERSIANN_CDR,WA007,2017,"{""type"":""Point"",""coordinates"":[-3.9299999999999997,5.349999999999999]}"
207_7,4,0.7863579988479614,PERSIANN_CDR,WA008,2017,"{""type"":""Point"",""coordinates"":[-13.67,9.53]}"
207_8,4,1.2946698665618896,PERSIANN_CDR,WA009,2017,"{""type"":""Point"",""coordinates"":[-13.230000000000002,8.489999999999998]}"
207_9,4,2.624574899673462,PERSIANN_CDR,WA010,2017,"{""type"":""Point"",""coordinates"":[-10.799999999999999,6.3]}"
207_10,4,4.316194534301758,PERSIANN_CDR,WA011,2017,"{""type"":""Point"",""coordinates"":[1.22,6.130000000000001]}"
207_11,4,4.462183475494385,PERSIANN_CDR,WA012,2017,"{""type"":""Point"",""coordinates"":[2.42,6.37]}"
207_12,4,0.21708226203918457,PERSIANN_CDR,WA013,2017,"{""type"":""Point"",""coordinates"":[8.52,12.05]}"
207_13,4,3.3953359127044678,PERSIANN_CDR,WA014,2017,"{""type"":""Point"",""coordinates"":[-1.62,6.69]}"
207_14,4,0.016610125079751015,PERSIANN_CDR,WA015,2017,"{""type"":""Point"",""coordinates"":[-16.680000000000003,13.45]}"
208_0,5,0.12399161607027054,PERSIANN_CDR,WA001,2017,"{""type"":""Point"",""coordinates"":[-17.470000000000002,14.73]}"
208_1,5,2.8094654083251953,PERSIANN_CDR,WA002,2017,"{""type"":""Point"",""coordinates"":[-7.949999999999998,12.65]}"
208_2,5,3.5554463863372803,PERSIANN_CDR,WA003,2017,"{""type"":""Point"",""coordinates"":[-1.5200000000000002,12.360000000000001]}"
208_3,5,1.8446190357208252,PERSIANN_CDR,WA004,2017,"{""type"":""Point"",""coordinates"":[2.17,13.51]}"
208_4,5,7.122028350830078,PERSIANN_CDR,WA005,2017,"{""type"":""Point"",""coordinates"":[7.33,9.07]}"
208_5,5,5.823240756988525,PERSIANN_CDR,WA006,2017,"{""type"":""Point"",""coordinates"":[-0.17,5.56]}"
208_6,5,5.569023132324219,PERSIANN_CDR,WA007,2017,"{""type"":""Point"",""coordinates"":[-3.9299999999999997,5.349999999999999]}"
208_7,5,3.814610719680786,PERSIANN_CDR,WA008,2017,"{""type"":""Point"",""coordinates"":[-13.67,9.53]}"
208_8,5,4.982235908508301,PERSIANN_CDR,WA009,2017,"{""type"":""Point"",""coordinates"":[-13.230000000000002,8.489999999999998]}"
208_9,5,4.601439476013184,PERSIANN_CDR,WA010,2017,"{""type"":""Point"",""coordinates"":[-10.799999999999999,6.3]}"
208_10,5,5.233920097351074,PERSIANN_CDR,WA011,2017,"{""type"":""Point"",""coordinates"":[1.22,6.130000000000001]}"
208_11,5,5.930754661560059,PERSIANN_CDR,WA012,2017,"{""type"":""Point"",""coordinates"":[2.42,6.37]}"
208_12,5,3.0871434211730957,PERSIANN_CDR,WA013,2017,"{""type"":""Point"",""coordinates"":[8.52,12.05]}"
208_13,5,5.898769855499268,PERSIANN_CDR,WA014,2017,"{""type"":""Point"",""coordinates"":[-1.62,6.69]}"
208_14,5,0.3134192228317261,PERSIANN_CDR,WA015,2017,"{""type"":""Point"",""coordinates"":[-16.680000000000003,13.45]}"
209_0,6,0.30601611733436584,PERSIANN_CDR,WA001,2017,"{""type"":""Point"",""coordinates"":[-17.470000000000002,14.73]}"
209_1,6,0.12380951642990112,PERSIANN_CDR,WA002,2017,"{""type"":""Point"",""coordinates"":[-7.949999999999998,12.65]}"
209_2,6,0.09789471328258514,PERSIANN_CDR,WA003,2017,"{""type"":""Point"",""coordinates"":[-1.5200000000000002,12.360000000000001]}"
209_3,6,0.1288139373064041,PERSIANN_CDR,WA004,2017,"{""type"":""Point"",""coordinates"":[2.17,13.51]}"
209_4,6,0.10881312191486359,PERSIANN_CDR,WA005,2017,"{""type"":""Point"",""coordinates"":[7.33,9.07]}"
209_5,6,0.11740675568580627,PERSIANN_CDR,WA006,2017,"{""type"":""Point"",""coordinates"":[-0.17,5.56]}"
209_6,6,0.21210631728172302,PERSIANN_CDR,WA007,2017,"{""type"":""Point"",""coordinates"":[-3.9299999999999997,5.349999999999999]}"
209_7,6,0.09830988943576813,PERSIANN_CDR,WA008,2017,"{""type"":""Point"",""coordinates"":[-13.67,9.53]}"
209_8,6,0.10864587873220444,PERSIANN_CDR,WA009,2017,"{""type"":""Point"",""coordinates"":[-13.230000000000002,8.489999999999998]}"
209_9,6,0.0870899111032486,PERSIANN_CDR,WA010,2017,"{""type"":""Point"",""coordinates"":[-10.799999999999999,6.3]}"
209_10,6,0.1262640357017517,PERSIANN_CDR,WA011,2017,"{""type"":""Point"",""coordinates"":[1.22,6.130000000000001]}"
209_11,6,0.14406718313694,PERSIANN_CDR,WA012,2017,"{""type"":""Point"",""coordinates"":[2.42,6.37]}"
209_12,6,0.07590681314468384,PERSIANN_CDR,WA013,2017,"{""type"":""Point"",""coordinates"":[8.52,12.05]}"
209_13,6,0.13704022765159607,PERSIANN_CDR,WA014,2017,"{""type"":""Point"",""coordinates"":[-1.62,6.69]}"
209_14,6,0.19721382856369019,PERSIANN_CDR,WA015,2017,"{""type"":""Point"",""coordinates"":[-16.680000000000003,13.45]}"
210_0,7,1.37858247756958,PERSIANN_CDR,WA001,2017,"{""type"":""Point"",""coordinates"":[-17.470000000000002,14.73]}"
210_1,7,0.24317015707492828,PERSIANN_CDR,WA002,2017,"{""type"":""Point"",""coordinates"":[-7.949999999999998,12.65]}"
210_2,7,0.18754874169826508,PERSIANN_CDR,WA003,2017,"{""type"":""Point"",""coordinates"":[-1.5200000000000002,12.360000000000001]}"
210_3,7,0.18523605167865753,PERSIANN_CDR,WA004,2017,"{""type"":""Point"",""coordinates"":[2.17,13.51]}"
210_4,7,0.09748008847236633,PERSIANN_CDR,WA005,2017,"{""type"":""Point"",""coordinates"":[7.33,9.07]}"
210_5,7,0.08103365451097488,PERSIANN_CDR,WA006,2017,"{""type"":""Point"",""coordinates"":[-0.17,5.56]}"
210_6,7,0.09887806326150894,PERSIANN_CDR,WA007,2017,"{""type"":""Point"",""coordinates"":[-3.9299999999999997,5.349999999999999]}"
210_7,7,0.19485513865947723,PERSIANN_CDR,WA008,2017,"{""type"":""Point"",""coordinates"":[-13.67,9.53]}"
210_8,7,0.17669221758842468,PERSIANN_CDR,WA009,2017,"{""type"":""Point"",""coordinates"":[-13.230000000000002,8.489999999999998]}"
210_9,7,0.10068002343177795,PERSIANN_CDR,WA010,2017,"{""type"":""Point"",""coordinates"":[-10.799999999999999,6.3]}"
210_10,7,0.08792492747306824,PERSIANN_CDR,WA011,2017,"{""type"":""Point"",""coordinates"":[1.22,6.130000000000001]}"
210_11,7,0.102878637611866,PERSIANN_CDR,WA012,2017,"{""type"":""Point"",""coordinates"":[2.42,6.37]}"
210_12,7,0.10304974764585495,PERSIANN_CDR,WA013,2017,"{""type"":""Point"",""coordinates"":[8.52,12.05]}"
210_13,7,0.08872369676828384,PERSIANN_CDR,WA014,2017,"{""type"":""Point"",""coordinates"":[-1.62,6.69]}"
210_14,7,0.7001520395278931,PERSIANN_CDR,WA015,2017,"{""type"":""Point"",""coordinates"":[-16.680000000000003,13.45]}"
211_0,8,6.0131683349609375,PERSIANN_CDR,WA001,2017,"{""type"":""Point"",""coordinates"":[-17.470000000000002,14.73]}"
211_1,8,9.175873756408691,PERSIANN_CDR,WA002,2017,"{""type"":""Point"",""coordinates"":[-7.949999999999998,12.65]}"
211_2,8,6.730661869049072,PERSIANN_CDR,WA003,2017,"{""type"":""Point"",""coordinates"":[-1.5200000000000002,12.360000000000001]}"
211_3,8,5.380468845367432,PERSIANN_CDR,WA004,2017,"{""type"":""Point"",""coordinates"":[2.17,13.51]}"
211_4,8,10.601351737976074,PERSIANN_CDR,WA005,2017,"{""type"":""Point"",""coordinates"":[7.33,9.07]}"
211_5,8,1.3938654661178589,PERSIANN_CDR,WA006,2017,"{""type"":""Point"",""coordinates"":[-0.17,5.56]}"
211_6,8,2.067770481109619,PERSIANN_CDR,WA007,2017,"{""type"":""Point"",""coordinates"":[-3.9299999999999997,5.349999999999999]}"
211_7,8,20.358976364135742,PERSIANN_CDR,WA008,2017,"{""type"":""Point"",""coordinates"":[-13.67,9.53]}"
211_8,8,20.27412986755371,PERSIANN_CDR,WA009,2017,"{""type"":""Point"",""coordinates"":[-13.230000000000002,8.489999999999998]}"
211_9,8,12.6947021484375,PERSIANN_CDR,WA010,2017,"{""type"":""Point"",""coordinates"":[-10.799999999999999,6.3]}"
211_10,8,2.2806811332702637,PERSIANN_CDR,WA011,2017,"{""type"":""Point"",""coordinates"":[1.22,6.130000000000001]}"
211_11,8,2.658115863800049,PERSIANN_CDR,WA012,2017,"{""type"":""Point"",""coordinates"":[2.42,6.37]}"
211_12,8,7.852494239807129,PERSIANN_CDR,WA013,2017,"{""type"":""Point"",""coordinates"":[8.52,12.05]}"
211_13,8,2.55940842628479,PERSIANN_CDR,WA014,2017,"{""type"":""Point"",""coordinates"":[-1.62,6.69]}"
211_14,8,11.552118301391602,PERSIANN_CDR,WA015,2017,"{""type"":""Point"",""coordinates"":[-16.680000000000003,13.45]}"
212_0,9,2.311035633087158,PERSIANN_CDR,WA001,2017,"{""type"":""Point"",""coordinates"":[-17.470000000000002,14.73]}"
212_1,9,5.563920497894287,PERSIANN_CDR,WA002,2017,"{""type"":""Point"",""coordinates"":[-7.949999999999998,12.65]}"
212_2,9,3.5853521823883057,PERSIANN_CDR,WA003,2017,"{""type"":""Point"",""coordinates"":[-1.5200000000000002,12.360000000000001]}"
212_3,9,1.8837196826934814,PERSIANN_CDR,WA004,2017,"{""type"":""Point"",""coordinates"":[2.17,13.51]}"
212_4,9,10.016791343688965,PERSIANN_CDR,WA005,2017,"{""type"":""Point"",""coordinates"":[7.33,9.07]}"
212_5,9,1.9309934377670288,PERSIANN_CDR,WA006,2017,"{""type"":""Point"",""coordinates"":[-0.17,5.56]}"
212_6,9,3.268923044204712,PERSIANN_CDR,WA007,2017,"{""type"":""Point"",""coordinates"":[-3.9299999999999997,5.349999999999999]}"
212_7,9,15.888916969299316,PERSIANN_CDR,WA008,2017,"{""type"":""Point"",""coordinates"":[-13.67,9.53]}"
212_8,9,16.45234489440918,PERSIANN_CDR,WA009,2017,"{""type"":""Point"",""coordinates"":[-13.230000000000002,8.489999999999998]}"
212_9,9,16.815902709960938,PERSIANN_CDR,WA010,2017,"{""type"":""Point"",""coordinates"":[-10.799999999999999,6.3]}"
212_10,9,3.048434257507324,PERSIANN_CDR,WA011,2017,"{""type"":""Point"",""coordinates"":[1.22,6.130000000000001]}"
212_11,9,3.5871798992156982,PERSIANN_CDR,WA012,2017,"{""type"":""Point"",""coordinates"":[2.42,6.37]}"
212_12,9,3.77744460105896,PERSIANN_CDR,WA013,2017,"{""type"":""Point"",""coordinates"":[8.52,12.05]}"
212_13,9,4.006956577301025,PERSIANN_CDR,WA014,2017,"{""type"":""Point"",""coordinates"":[-1.62,6.69]}"
212_14,9,4.117518901824951,PERSIANN_CDR,WA015,2017,"{""type"":""Point"",""coordinates"":[-16.680000000000003,13.45]}"
213_0,10,0.43180468678474426,PERSIANN_CDR,WA001,2017,"{""type"":""Point"",""coordinates"":[-17.470000000000002,14.73]}"
213_1,10,0.8150711059570312,PERSIANN_CDR,WA002,2017,"{""type"":""Point"",""coordinates"":[-7.949999999999998,12.65]}"
213_2,10,0.7447935342788696,PERSIANN_CDR,WA003,2017,"{""type"":""Point"",""coordinates"":[-1.5200000000000002,12.360000000000001]}"
213_3,10,0.44459298253059387,PERSIANN_CDR,WA004,2017,"{""type"":""Point"",""coordinates"":[2.17,13.51]}"
213_4,10,2.8482394218444824,PERSIANN_CDR,WA005,2017,"{""type"":""Point"",""coordinates"":[7.33,9.07]}"
213_5,10,3.2499406337738037,PERSIANN_CDR,WA006,2017,"{""type"":""Point"",""coordinates"":[-0.17,5.56]}"
213_6,10,9.873029708862305,PERSIANN_CDR,WA007,2017,"{""type"":""Point"",""coordinates"":[-3.9299999999999997,5.349999999999999]}"
213_7,10,7.484138488769531,PERSIANN_CDR,WA008,2017,"{""type"":""Point"",""coordinates"":[-13.67,9.53]}"
213_8,10,6.364623069763184,PERSIANN_CDR,WA009,2017,"{""type"":""Point"",""coordinates"":[-13.230000000000002,8.489999999999998]}"
213_9,10,7.686915874481201,PERSIANN_CDR,WA010,2017,"{""type"":""Point"",""coordinates"":[-10.799999999999999,6.3]}"
213_10,10,2.4305789470672607,PERSIANN_CDR,WA011,2017,"{""type"":""Point"",""coordinates"":[1.22,6.130000000000001]}"
213_11,10,3.44669771194458,PERSIANN_CDR,WA012,2017,"{""type"":""Point"",""coordinates"":[2.42,6.37]}"
213_12,10,0.2783525288105011,PERSIANN_CDR,WA013,2017,"{""type"":""Point"",""coordinates"":[8.52,12.05]}"
213_13,10,6.110047817230225,PERSIANN_CDR,WA014,2017,"{""type"":""Point"",""coordinates"":[-1.62,6.69]}"
213_14,10,1.1424564123153687,PERSIANN_CDR,WA015,2017,"{""type"":""Point"",""coordinates"":[-16.680000000000003,13.45]}"
214_0,11,0.18389850854873657,PERSIANN_CDR,WA001,2017,"{""type"":""Point"",""coordinates"":[-17.470000000000002,14.73]}"
214_1,11,0.12282786518335342,PERSIANN_CDR,WA002,2017,"{""type"":""Point"",""coordinates"":[-7.949999999999998,12.65]}"
214_2,11,0.03875691443681717,PERSIANN_CDR,WA003,2017,"{""type"":""Point"",""coordinates"":[-1.5200000000000002,12.360000000000001]}"
214_3,11,0.016302818432450294,PERSIANN_CDR,WA004,2017,"{""type"":""Point"",""coordinates"":[2.17,13.51]}"
214_4,11,0.2359234094619751,PERSIANN_CDR,WA005,2017,"{""type"":""Point"",""coordinates"":[7.33,9.07]}"
214_5,11,2.559680700302124,PERSIANN_CDR,WA006,2017,"{""type"":""Point"",""coordinates"":[-0.17,5.56]}"
214_6,11,6.069517135620117,PERSIANN_CDR,WA007,2017,"{""type"":""Point"",""coordinates"":[-3.9299999999999997,5.349999999999999]}"
214_7,11,2.4920177459716797,PERSIANN_CDR,WA008,2017,"{""type"":""Point"",""coordinates"":[-13.67,9.53]}"
214_8,11,3.6550426483154297,PERSIANN_CDR,WA009,2017,"{""type"":""Point"",""coordinates"":[-13.230000000000002,8.489999999999998]}"
214_9,11,6.2655029296875,PERSIANN_CDR,WA010,2017,"{""type"":""Point"",""coordinates"":[-10.799999999999999,6.3]}"
214_10,11,2.2705204486846924,PERSIANN_CDR,WA011,2017,"{""type"":""Point"",""coordinates"":[1.22,6.130000000000001]}"
214_11,11,2.0606236457824707,PERSIANN_CDR,WA012,2017,"{""type"":""Point"",""coordinates"":[2.42,6.37]}"
214_12,11,0.02115531824529171,PERSIANN_CDR,WA013,2017,"{""type"":""Point"",""coordinates"":[8.52,12.05]}"
214_13,11,2.9579155445098877,PERSIANN_CDR,WA014,2017,"{""type"":""Point"",""coordinates"":[-1.62,6.69]}"
214_14,11,0.12344434857368469,PERSIANN_CDR,WA015,2017,"{""type"":""Point"",""coordinates"":[-16.680000000000003,13.45]}"
215_0,12,0.05612749978899956,PERSIANN_CDR,WA001,2017,"{""type"":""Point"",""coordinates"":[-17.470000000000002,14.73]}"
215_1,12,0.006846187170594931,PERSIANN_CDR,WA002,2017,"{""type"":""Point"",""coordinates"":[-7.949999999999998,12.65]}"
215_2,12,0.007802322972565889,PERSIANN_CDR,WA003,2017,"{""type"":""Point"",""coordinates"":[-1.5200000000000002,12.360000000000001]}"
215_3,12,0.0030092603992670774,PERSIANN_CDR,WA004,2017,"{""type"":""Point"",""coordinates"":[2.17,13.51]}"
215_4,12,0.03930206969380379,PERSIANN_CDR,WA005,2017,"{""type"":""Point"",""coordinates"":[7.33,9.07]}"
215_5,12,1.5086438655853271,PERSIANN_CDR,WA006,2017,"{""type"":""Point"",""coordinates"":[-0.17,5.56]}"
215_6,12,2.1406660079956055,PERSIANN_CDR,WA007,2017,"{""type"":""Point"",""coordinates"":[-3.9299999999999997,5.349999999999999]}"
215_7,12,0.054380863904953,PERSIANN_CDR,WA008,2017,"{""type"":""Point"",""coordinates"":[-13.67,9.53]}"
215_8,12,0.1555817574262619,PERSIANN_CDR,WA009,2017,"{""type"":""Point"",""coordinates"":[-13.230000000000002,8.489999999999998]}"
215_9,12,0.7159169912338257,PERSIANN_CDR,WA010,2017,"{""type"":""Point"",""coordinates"":[-10.799999999999999,6.3]}"
215_10,12,0.8088841438293457,PERSIANN_CDR,WA011,2017,"{""type"":""Point"",""coordinates"":[1.22,6.130000000000001]}"
215_11,12,0.5052918791770935,PERSIANN_CDR,WA012,2017,"{""type"":""Point"",""coordinates"":[2.42,6.37]}"
215_12,12,0.014217060059309006,PERSIANN_CDR,WA013,2017,"{""type"":""Point"",""coordinates"":[8.52,12.05]}"
215_13,12,0.9624347686767578,PERSIANN_CDR,WA014,2017,"{""type"":""Point"",""coordinates"":[-1.62,6.69]}"
215_14,12,0.021766934543848038,PERSIANN_CDR,WA015,2017,"{""type"":""Point"",""coordinates"":[-16.680000000000003,13.45]}"
216_0,1,0.018375113606452942,PERSIANN_CDR,WA001,2018,"{""type"":""Point"",""coordinates"":[-17.470000000000002,14.73]}"
216_1,1,0.016581397503614426,PERSIANN_CDR,WA002,2018,"{""type"":""Point"",""coordinates"":[-7.949999999999998,12.65]}"
216_2,1,0.0013898654142394662,PERSIANN_CDR,WA003,2018,"{""type"":""Point"",""coordinates"":[-1.5200000000000002,12.360000000000001]}"
216_3,1,5.016151117160916E-4,PERSIANN_CDR,WA004,2018,"{""type"":""Point"",""coordinates"":[2.17,13.51]}"
216_4,1,0.053340837359428406,PERSIANN_CDR,WA005,2018,"{""type"":""Point"",""coordinates"":[7.33,9.07]}"
216_5,1,0.15466490387916565,PERSIANN_CDR,WA006,2018,"{""type"":""Point"",""coordinates"":[-0.17,5.56]}"
216_6,1,0.23739053308963776,PERSIANN_CDR,WA007,2018,"{""type"":""Point"",""coordinates"":[-3.9299999999999997,5.349999999999999]}"
216_7,1,0.04464063048362732,PERSIANN_CDR,WA008,2018,"{""type"":""Point"",""coordinates"":[-13.67,9.53]}"
216_8,1,0.054893311113119125,PERSIANN_CDR,WA009,2018,"{""type"":""Point"",""coordinates"":[-13.230000000000002,8.489999999999998]}"
216_9,1,0.47853416204452515,PERSIANN_CDR,WA010,2018,"{""type"":""Point"",""coordinates"":[-10.799999999999999,6.3]}"
216_10,1,0.1486973911523819,PERSIANN_CDR,WA011,2018,"{""type"":""Point"",""coordinates"":[1.22,6.130000000000001]}"
216_11,1,0.1392461657524109,PERSIANN_CDR,WA012,2018,"{""type"":""Point"",""coordinates"":[2.42,6.37]}"
216_12,1,0.015517471358180046,PERSIANN_CDR,WA013,2018,"{""type"":""Point"",""coordinates"":[8.52,12.05]}"
216_13,1,0.04382981359958649,PERSIANN_CDR,WA014,2018,"{""type"":""Point"",""coordinates"":[-1.62,6.69]}"
216_14,1,0.010996919125318527,PERSIANN_CDR,WA015,2018,"{""type"":""Point"",""coordinates"":[-16.680000000000003,13.45]}"
217_0,2,0.16648545861244202,PERSIANN_CDR,WA001,2018,"{""type"":""Point"",""coordinates"":[-17.470000000000002,14.73]}"
217_1,2,0.06251966208219528,PERSIANN_CDR,WA002,2018,"{""type"":""Point"",""coordinates"":[-7.949999999999998,12.65]}"
217_2,2,0.31143563985824585,PERSIANN_CDR,WA003,2018,"{""type"":""Point"",""coordinates"":[-1.5200000000000002,12.360000000000001]}"
217_3,2,0.056742776185274124,PERSIANN_CDR,WA004,2018,"{""type"":""Point"",""coordinates"":[2.17,13.51]}"
217_4,2,1.3444937467575073,PERSIANN_CDR,WA005,2018,"{""type"":""Point"",""coordinates"":[7.33,9.07]}"
217_5,2,2.1633973121643066,PERSIANN_CDR,WA006,2018,"{""type"":""Point"",""coordinates"":[-0.17,5.56]}"
217_6,2,2.655963659286499,PERSIANN_CDR,WA007,2018,"{""type"":""Point"",""coordinates"":[-3.9299999999999997,5.349999999999999]}"
217_7,2,0.30065029859542847,PERSIANN_CDR,WA008,2018,"{""type"":""Point"",""coordinates"":[-13.67,9.53]}"
217_8,2,0.2798749804496765,PERSIANN_CDR,WA009,2018,"{""type"":""Point"",""coordinates"":[-13.230000000000002,8.489999999999998]}"
217_9,2,1.2240581512451172,PERSIANN_CDR,WA010,2018,"{""type"":""Point"",""coordinates"":[-10.799999999999999,6.3]}"
217_10,2,2.447983503341675,PERSIANN_CDR,WA011,2018,"{""type"":""Point"",""coordinates"":[1.22,6.130000000000001]}"
217_11,2,2.763320207595825,PERSIANN_CDR,WA012,2018,"{""type"":""Point"",""coordinates"":[2.42,6.37]}"
217_12,2,0.16883733868598938,PERSIANN_CDR,WA013,2018,"{""type"":""Point"",""coordinates"":[8.52,12.05]}"
217_13,2,1.8212249279022217,PERSIANN_CDR,WA014,2018,"{""type"":""Point"",""coordinates"":[-1.62,6.69]}"
217_14,2,0.06441280245780945,PERSIANN_CDR,WA015,2018,"{""type"":""Point"",""coordinates"":[-16.680000000000003,13.45]}"
218_0,3,0.03516706824302673,PERSIANN_CDR,WA001,2018,"{""type"":""Point"",""coordinates"":[-17.470000000000002,14.73]}"
218_1,3,0.1656903773546219,PERSIANN_CDR,WA002,2018,"{""type"":""Point"",""coordinates"":[-7.949999999999998,12.65]}"
218_2,3,0.3489606976509094,PERSIANN_CDR,WA003,2018,"{""type"":""Point"",""coordinates"":[-1.5200000000000002,12.360000000000001]}"
218_3,3,0.06048179417848587,PERSIANN_CDR,WA004,2018,"{""type"":""Point"",""coordinates"":[2.17,13.51]}"
218_4,3,0.9590588212013245,PERSIANN_CDR,WA005,2018,"{""type"":""Point"",""coordinates"":[7.33,9.07]}"
218_5,3,1.9908220767974854,PERSIANN_CDR,WA006,2018,"{""type"":""Point"",""coordinates"":[-0.17,5.56]}"
218_6,3,3.2490181922912598,PERSIANN_CDR,WA007,2018,"{""type"":""Point"",""coordinates"":[-3.9299999999999997,5.349999999999999]}"
218_7,3,0.10296019166707993,PERSIANN_CDR,WA008,2018,"{""type"":""Point"",""coordinates"":[-13.67,9.53]}"
218_8,3,0.46007272601127625,PERSIANN_CDR,WA009,2018,"{""type"":""Point"",""coordinates"":[-13.230000000000002,8.489999999999998]}"
218_9,3,2.0784454345703125,PERSIANN_CDR,WA010,2018,"{""type"":""Point"",""coordinates"":[-10.799999999999999,6.3]}"
218_10,3,2.4333698749542236,PERSIANN_CDR,WA011,2018,"{""type"":""Point"",""coordinates"":[1.22,6.130000000000001]}"
218_11,3,2.302824020385742,PERSIANN_CDR,WA012,2018,"{""type"":""Point"",""coordinates"":[2.42,6.37]}"
218_12,3,0.15020011365413666,PERSIANN_CDR,WA013,2018,"{""type"":""Point"",""coordinates"":[8.52,12.05]}"
218_13,3,4.0685715675354,PERSIANN_CDR,WA014,2018,"{""type"":""Point"",""coordinates"":[-1.62,6.69]}"
218_14,3,0.01842123456299305,PERSIANN_CDR,WA015,2018,"{""type"":""Point"",""coordinates"":[-16.680000000000003,13.45]}"
219_0,4,0.004271088633686304,PERSIANN_CDR,WA001,2018,"{""type"":""Point"",""coordinates"":[-17.470000000000002,14.73]}"
219_1,4,0.18464945256710052,PERSIANN_CDR,WA002,2018,"{""type"":""Point"",""coordinates"":[-7.949999999999998,12.65]}"
219_2,4,0.29874810576438904,PERSIANN_CDR,WA003,2018,"{""type"":""Point"",""coordinates"":[-1.5200000000000002,12.360000000000001]}"
219_3,4,0.03639138117432594,PERSIANN_CDR,WA004,2018,"{""type"":""Point"",""coordinates"":[2.17,13.51]}"
219_4,4,1.8289889097213745,PERSIANN_CDR,WA005,2018,"{""type"":""Point"",""coordinates"":[7.33,9.07]}"
219_5,4,2.4117612838745117,PERSIANN_CDR,WA006,2018,"{""type"":""Point"",""coordinates"":[-0.17,5.56]}"
219_6,4,3.1657052040100098,PERSIANN_CDR,WA007,2018,"{""type"":""Point"",""coordinates"":[-3.9299999999999997,5.349999999999999]}"
219_7,4,0.4521883726119995,PERSIANN_CDR,WA008,2018,"{""type"":""Point"",""coordinates"":[-13.67,9.53]}"
219_8,4,0.9988930821418762,PERSIANN_CDR,WA009,2018,"{""type"":""Point"",""coordinates"":[-13.230000000000002,8.489999999999998]}"
219_9,4,4.170323848724365,PERSIANN_CDR,WA010,2018,"{""type"":""Point"",""coordinates"":[-10.799999999999999,6.3]}"
219_10,4,2.036015510559082,PERSIANN_CDR,WA011,2018,"{""type"":""Point"",""coordinates"":[1.22,6.130000000000001]}"
219_11,4,1.9144316911697388,PERSIANN_CDR,WA012,2018,"{""type"":""Point"",""coordinates"":[2.42,6.37]}"
219_12,4,0.24763281643390656,PERSIANN_CDR,WA013,2018,"{""type"":""Point"",""coordinates"":[8.52,12.05]}"
219_13,4,4.151737689971924,PERSIANN_CDR,WA014,2018,"{""type"":""Point"",""coordinates"":[-1.62,6.69]}"
219_14,4,0.005914771463721991,PERSIANN_CDR,WA015,2018,"{""type"":""Point"",""coordinates"":[-16.680000000000003,13.45]}"
220_0,5,0.006252690684050322,PERSIANN_CDR,WA001,2018,"{""type"":""Point"",""coordinates"":[-17.470000000000002,14.73]}"
220_1,5,1.9031522274017334,PERSIANN_CDR,WA002,2018,"{""type"":""Point"",""coordinates"":[-7.949999999999998,12.65]}"
220_2,5,2.223097324371338,PERSIANN_CDR,WA003,2018,"{""type"":""Point"",""coordinates"":[-1.5200000000000002,12.360000000000001]}"
220_3,5,1.7994940280914307,PERSIANN_CDR,WA004,2018,"{""type"":""Point"",""coordinates"":[2.17,13.51]}"
220_4,5,5.902206897735596,PERSIANN_CDR,WA005,2018,"{""type"":""Point"",""coordinates"":[7.33,9.07]}"
220_5,5,5.1608991622924805,PERSIANN_CDR,WA006,2018,"{""type"":""Point"",""coordinates"":[-0.17,5.56]}"
220_6,5,5.935270309448242,PERSIANN_CDR,WA007,2018,"{""type"":""Point"",""coordinates"":[-3.9299999999999997,5.349999999999999]}"
220_7,5,0.8827278017997742,PERSIANN_CDR,WA008,2018,"{""type"":""Point"",""coordinates"":[-13.67,9.53]}"
220_8,5,1.9246960878372192,PERSIANN_CDR,WA009,2018,"{""type"":""Point"",""coordinates"":[-13.230000000000002,8.489999999999998]}"
220_9,5,4.332897663116455,PERSIANN_CDR,WA010,2018,"{""type"":""Point"",""coordinates"":[-10.799999999999999,6.3]}"
220_10,5,4.9431633949279785,PERSIANN_CDR,WA011,2018,"{""type"":""Point"",""coordinates"":[1.22,6.130000000000001]}"
220_11,5,5.412930488586426,PERSIANN_CDR,WA012,2018,"{""type"":""Point"",""coordinates"":[2.42,6.37]}"
220_12,5,2.742262601852417,PERSIANN_CDR,WA013,2018,"{""type"":""Point"",""coordinates"":[8.52,12.05]}"
220_13,5,5.739141464233398,PERSIANN_CDR,WA014,2018,"{""type"":""Point"",""coordinates"":[-1.62,6.69]}"
220_14,5,0.01821397989988327,PERSIANN_CDR,WA015,2018,"{""type"":""Point"",""coordinates"":[-16.680000000000003,13.45]}"
221_0,6,0.3218298554420471,PERSIANN_CDR,WA001,2018,"{""type"":""Point"",""coordinates"":[-17.470000000000002,14.73]}"
221_1,6,5.450926780700684,PERSIANN_CDR,WA002,2018,"{""type"":""Point"",""coordinates"":[-7.949999999999998,12.65]}"
221_2,6,3.843798875808716,PERSIANN_CDR,WA003,2018,"{""type"":""Point"",""coordinates"":[-1.5200000000000002,12.360000000000001]}"
221_3,6,2.240062713623047,PERSIANN_CDR,WA004,2018,"{""type"":""Point"",""coordinates"":[2.17,13.51]}"
221_4,6,8.35515022277832,PERSIANN_CDR,WA005,2018,"{""type"":""Point"",""coordinates"":[7.33,9.07]}"
221_5,6,4.993788242340088,PERSIANN_CDR,WA006,2018,"{""type"":""Point"",""coordinates"":[-0.17,5.56]}"
221_6,6,7.32024621963501,PERSIANN_CDR,WA007,2018,"{""type"":""Point"",""coordinates"":[-3.9299999999999997,5.349999999999999]}"
221_7,6,9.43127155303955,PERSIANN_CDR,WA008,2018,"{""type"":""Point"",""coordinates"":[-13.67,9.53]}"
221_8,6,11.791067123413086,PERSIANN_CDR,WA009,2018,"{""type"":""Point"",""coordinates"":[-13.230000000000002,8.489999999999998]}"
221_9,6,13.487298965454102,PERSIANN_CDR,WA010,2018,"{""type"":""Point"",""coordinates"":[-10.799999999999999,6.3]}"
221_10,6,5.77345609664917,PERSIANN_CDR,WA011,2018,"{""type"":""Point"",""coordinates"":[1.22,6.130000000000001]}"
221_11,6,6.7730712890625,PERSIANN_CDR,WA012,2018,"{""type"":""Point"",""coordinates"":[2.42,6.37]}"
221_12,6,4.847364902496338,PERSIANN_CDR,WA013,2018,"{""type"":""Point"",""coordinates"":[8.52,12.05]}"
221_13,6,6.719111919403076,PERSIANN_CDR,WA014,2018,"{""type"":""Point"",""coordinates"":[-1.62,6.69]}"
221_14,6,0.9113324880599976,PERSIANN_CDR,WA015,2018,"{""type"":""Point"",""coordinates"":[-16.680000000000003,13.45]}"
222_0,7,1.333742380142212,PERSIANN_CDR,WA001,2018,"{""type"":""Point"",""coordinates"":[-17.470000000000002,14.73]}"
222_1,7,7.375643253326416,PERSIANN_CDR,WA002,2018,"{""type"":""Point"",""coordinates"":[-7.949999999999998,12.65]}"
222_2,7,7.412717819213867,PERSIANN_CDR,WA003,2018,"{""type"":""Point"",""coordinates"":[-1.5200000000000002,12.360000000000001]}"
222_3,7,4.660830020904541,PERSIANN_CDR,WA004,2018,"{""type"":""Point"",""coordinates"":[2.17,13.51]}"
222_4,7,6.0878682136535645,PERSIANN_CDR,WA005,2018,"{""type"":""Point"",""coordinates"":[7.33,9.07]}"
222_5,7,2.0803308486938477,PERSIANN_CDR,WA006,2018,"{""type"":""Point"",""coordinates"":[-0.17,5.56]}"
222_6,7,3.365027904510498,PERSIANN_CDR,WA007,2018,"{""type"":""Point"",""coordinates"":[-3.9299999999999997,5.349999999999999]}"
222_7,7,6.091395378112793,PERSIANN_CDR,WA008,2018,"{""type"":""Point"",""coordinates"":[-13.67,9.53]}"
222_8,7,6.686662197113037,PERSIANN_CDR,WA009,2018,"{""type"":""Point"",""coordinates"":[-13.230000000000002,8.489999999999998]}"
222_9,7,4.219696044921875,PERSIANN_CDR,WA010,2018,"{""type"":""Point"",""coordinates"":[-10.799999999999999,6.3]}"
222_10,7,3.5591909885406494,PERSIANN_CDR,WA011,2018,"{""type"":""Point"",""coordinates"":[1.22,6.130000000000001]}"
222_11,7,4.478804111480713,PERSIANN_CDR,WA012,2018,"{""type"":""Point"",""coordinates"":[2.42,6.37]}"
222_12,7,5.7732319831848145,PERSIANN_CDR,WA013,2018,"{""type"":""Point"",""coordinates"":[8.52,12.05]}"
222_13,7,4.8273420333862305,PERSIANN_CDR,WA014,2018,"{""type"":""Point"",""coordinates"":[-1.62,6.69]}"
222_14,7,4.659141540527344,PERSIANN_CDR,WA015,2018,"{""type"":""Point"",""coordinates"":[-16.680000000000003,13.45]}"
223_0,8,5.263454437255859,PERSIANN_CDR,WA001,2018,"{""type"":""Point"",""coordinates"":[-17.470000000000002,14.73]}"
223_1,8,9.899812698364258,PERSIANN_CDR,WA002,2018,"{""type"":""Point"",""coordinates"":[-7.949999999999998,12.65]}"
223_2,8,8.551689147949219,PERSIANN_CDR,WA003,2018,"{""type"":""Point"",""coordinates"":[-1.5200000000000002,12.360000000000001]}"
223_3,8,5.178678512573242,PERSIANN_CDR,WA004,2018,"{""type"":""Point"",""coordinates"":[2.17,13.51]}"
223_4,8,8.547088623046875,PERSIANN_CDR,WA005,2018,"{""type"":""Point"",""coordinates"":[7.33,9.07]}"
223_5,8,1.37217116355896,PERSIANN_CDR,WA006,2018,"{""type"":""Point"",""coordinates"":[-0.17,5.56]}"
223_6,8,2.104562759399414,PERSIANN_CDR,WA007,2018,"{""type"":""Point"",""coordinates"":[-3.9299999999999997,5.349999999999999]}"
223_7,8,12.904050827026367,PERSIANN_CDR,WA008,2018,"{""type"":""Point"",""coordinates"":[-13.67,9.53]}"
223_8,8,9.850582122802734,PERSIANN_CDR,WA009,2018,"{""type"":""Point"",""coordinates"":[-13.230000000000002,8.489999999999998]}"
223_9,8,9.708186149597168,PERSIANN_CDR,WA010,2018,"{""type"":""Point"",""coordinates"":[-10.799999999999999,6.3]}"
223_10,8,2.709200859069824,PERSIANN_CDR,WA011,2018,"{""type"":""Point"",""coordinates"":[1.22,6.130000000000001]}"
223_11,8,2.390221118927002,PERSIANN_CDR,WA012,2018,"{""type"":""Point"",""coordinates"":[2.42,6.37]}"
223_12,8,7.922176361083984,PERSIANN_CDR,WA013,2018,"{""type"":""Point"",""coordinates"":[8.52,12.05]}"
223_13,8,3.0991549491882324,PERSIANN_CDR,WA014,2018,"{""type"":""Point"",""coordinates"":[-1.62,6.69]}"
223_14,8,8.70561408996582,PERSIANN_CDR,WA015,2018,"{""type"":""Point"",""coordinates"":[-16.680000000000003,13.45]}"
224_0,9,6.1202521324157715,PERSIANN_CDR,WA001,2018,"{""type"":""Point"",""coordinates"":[-17.470000000000002,14.73]}"
224_1,9,6.791042327880859,PERSIANN_CDR,WA002,2018,"{""type"":""Point"",""coordinates"":[-7.949999999999998,12.65]}"
224_2,9,5.200168609619141,PERSIANN_CDR,WA003,2018,"{""type"":""Point"",""coordinates"":[-1.5200000000000002,12.360000000000001]}"
224_3,9,3.0404279232025146,PERSIANN_CDR,WA004,2018,"{""type"":""Point"",""coordinates"":[2.17,13.51]}"
224_4,9,11.453457832336426,PERSIANN_CDR,WA005,2018,"{""type"":""Point"",""coordinates"":[7.33,9.07]}"
224_5,9,5.000698566436768,PERSIANN_CDR,WA006,2018,"{""type"":""Point"",""coordinates"":[-0.17,5.56]}"
224_6,9,4.587279319763184,PERSIANN_CDR,WA007,2018,"{""type"":""Point"",""coordinates"":[-3.9299999999999997,5.349999999999999]}"
224_7,9,15.328200340270996,PERSIANN_CDR,WA008,2018,"{""type"":""Point"",""coordinates"":[-13.67,9.53]}"
224_8,9,15.025607109069824,PERSIANN_CDR,WA009,2018,"{""type"":""Point"",""coordinates"":[-13.230000000000002,8.489999999999998]}"
224_9,9,14.802133560180664,PERSIANN_CDR,WA010,2018,"{""type"":""Point"",""coordinates"":[-10.799999999999999,6.3]}"
224_10,9,5.875179767608643,PERSIANN_CDR,WA011,2018,"{""type"":""Point"",""coordinates"":[1.22,6.130000000000001]}"
224_11,9,7.681432247161865,PERSIANN_CDR,WA012,2018,"{""type"":""Point"",""coordinates"":[2.42,6.37]}"
224_12,9,5.663069248199463,PERSIANN_CDR,WA013,2018,"{""type"":""Point"",""coordinates"":[8.52,12.05]}"
224_13,9,7.6519341468811035,PERSIANN_CDR,WA014,2018,"{""type"":""Point"",""coordinates"":[-1.62,6.69]}"
224_14,9,9.473296165466309,PERSIANN_CDR,WA015,2018,"{""type"":""Point"",""coordinates"":[-16.680000000000003,13.45]}"
225_0,10,0.9102253913879395,PERSIANN_CDR,WA001,2018,"{""type"":""Point"",""coordinates"":[-17.470000000000002,14.73]}"
225_1,10,1.8136321306228638,PERSIANN_CDR,WA002,2018,"{""type"":""Point"",""coordinates"":[-7.949999999999998,12.65]}"
225_2,10,1.823644757270813,PERSIANN_CDR,WA003,2018,"{""type"":""Point"",""coordinates"":[-1.5200000000000002,12.360000000000001]}"
225_3,10,0.7306063771247864,PERSIANN_CDR,WA004,2018,"{""type"":""Point"",""coordinates"":[2.17,13.51]}"
225_4,10,4.910683631896973,PERSIANN_CDR,WA005,2018,"{""type"":""Point"",""coordinates"":[7.33,9.07]}"
225_5,10,4.17283296585083,PERSIANN_CDR,WA006,2018,"{""type"":""Point"",""coordinates"":[-0.17,5.56]}"
225_6,10,6.273019313812256,PERSIANN_CDR,WA007,2018,"{""type"":""Point"",""coordinates"":[-3.9299999999999997,5.349999999999999]}"
225_7,10,7.7946367263793945,PERSIANN_CDR,WA008,2018,"{""type"":""Point"",""coordinates"":[-13.67,9.53]}"
225_8,10,7.330010890960693,PERSIANN_CDR,WA009,2018,"{""type"":""Point"",""coordinates"":[-13.230000000000002,8.489999999999998]}"
225_9,10,7.726381778717041,PERSIANN_CDR,WA010,2018,"{""type"":""Point"",""coordinates"":[-10.799999999999999,6.3]}"
225_10,10,4.7454423904418945,PERSIANN_CDR,WA011,2018,"{""type"":""Point"",""coordinates"":[1.22,6.130000000000001]}"
225_11,10,4.853574275970459,PERSIANN_CDR,WA012,2018,"{""type"":""Point"",""coordinates"":[2.42,6.37]}"
225_12,10,0.8531488180160522,PERSIANN_CDR,WA013,2018,"{""type"":""Point"",""coordinates"":[8.52,12.05]}"
225_13,10,5.062655448913574,PERSIANN_CDR,WA014,2018,"{""type"":""Point"",""coordinates"":[-1.62,6.69]}"
225_14,10,1.8159221410751343,PERSIANN_CDR,WA015,2018,"{""type"":""Point"",""coordinates"":[-16.680000000000003,13.45]}"
226_0,11,0.14960744976997375,PERSIANN_CDR,WA001,2018,"{""type"":""Point"",""coordinates"":[-17.470000000000002,14.73]}"
226_1,11,0.1257304549217224,PERSIANN_CDR,WA002,2018,"{""type"":""Point"",""coordinates"":[-7.949999999999998,12.65]}"
226_2,11,0.04797899350523949,PERSIANN_CDR,WA003,2018,"{""type"":""Point"",""coordinates"":[-1.5200000000000002,12.360000000000001]}"
226_3,11,0.016076406463980675,PERSIANN_CDR,WA004,2018,"{""type"":""Point"",""coordinates"":[2.17,13.51]}"
226_4,11,0.38543304800987244,PERSIANN_CDR,WA005,2018,"{""type"":""Point"",""coordinates"":[7.33,9.07]}"
226_5,11,2.4101760387420654,PERSIANN_CDR,WA006,2018,"{""type"":""Point"",""coordinates"":[-0.17,5.56]}"
226_6,11,4.427045822143555,PERSIANN_CDR,WA007,2018,"{""type"":""Point"",""coordinates"":[-3.9299999999999997,5.349999999999999]}"
226_7,11,2.1663973331451416,PERSIANN_CDR,WA008,2018,"{""type"":""Point"",""coordinates"":[-13.67,9.53]}"
226_8,11,3.984734535217285,PERSIANN_CDR,WA009,2018,"{""type"":""Point"",""coordinates"":[-13.230000000000002,8.489999999999998]}"
226_9,11,5.262038230895996,PERSIANN_CDR,WA010,2018,"{""type"":""Point"",""coordinates"":[-10.799999999999999,6.3]}"
226_10,11,1.3182600736618042,PERSIANN_CDR,WA011,2018,"{""type"":""Point"",""coordinates"":[1.22,6.130000000000001]}"
226_11,11,1.495277762413025,PERSIANN_CDR,WA012,2018,"{""type"":""Point"",""coordinates"":[2.42,6.37]}"
226_12,11,0.01034802757203579,PERSIANN_CDR,WA013,2018,"{""type"":""Point"",""coordinates"":[8.52,12.05]}"
226_13,11,2.317504405975342,PERSIANN_CDR,WA014,2018,"{""type"":""Point"",""coordinates"":[-1.62,6.69]}"
226_14,11,0.2141735553741455,PERSIANN_CDR,WA015,2018,"{""type"":""Point"",""coordinates"":[-16.680000000000003,13.45]}"
227_0,12,0.06087752431631088,PERSIANN_CDR,WA001,2018,"{""type"":""Point"",""coordinates"":[-17.470000000000002,14.73]}"
227_1,12,0.008712089620530605,PERSIANN_CDR,WA002,2018,"{""type"":""Point"",""coordinates"":[-7.949999999999998,12.65]}"
227_2,12,0.012880752794444561,PERSIANN_CDR,WA003,2018,"{""type"":""Point"",""coordinates"":[-1.5200000000000002,12.360000000000001]}"
227_3,12,0.0015190982958301902,PERSIANN_CDR,WA004,2018,"{""type"":""Point"",""coordinates"":[2.17,13.51]}"
227_4,12,0.004995961673557758,PERSIANN_CDR,WA005,2018,"{""type"":""Point"",""coordinates"":[7.33,9.07]}"
227_5,12,0.5418815016746521,PERSIANN_CDR,WA006,2018,"{""type"":""Point"",""coordinates"":[-0.17,5.56]}"
227_6,12,0.7832377552986145,PERSIANN_CDR,WA007,2018,"{""type"":""Point"",""coordinates"":[-3.9299999999999997,5.349999999999999]}"
227_7,12,0.16814890503883362,PERSIANN_CDR,WA008,2018,"{""type"":""Point"",""coordinates"":[-13.67,9.53]}"
227_8,12,0.49984684586524963,PERSIANN_CDR,WA009,2018,"{""type"":""Point"",""coordinates"":[-13.230000000000002,8.489999999999998]}"
227_9,12,1.1661713123321533,PERSIANN_CDR,WA010,2018,"{""type"":""Point"",""coordinates"":[-10.799999999999999,6.3]}"
227_10,12,0.22711153328418732,PERSIANN_CDR,WA011,2018,"{""type"":""Point"",""coordinates"":[1.22,6.130000000000001]}"
227_11,12,0.1811162829399109,PERSIANN_CDR,WA012,2018,"{""type"":""Point"",""coordinates"":[2.42,6.37]}"
227_12,12,0.00918511487543583,PERSIANN_CDR,WA013,2018,"{""type"":""Point"",""coordinates"":[8.52,12.05]}"
227_13,12,0.23419661819934845,PERSIANN_CDR,WA014,2018,"{""type"":""Point"",""coordinates"":[-1.62,6.69]}"
227_14,12,0.025250041857361794,PERSIANN_CDR,WA015,2018,"{""type"":""Point"",""coordinates"":[-16.680000000000003,13.45]}"
228_0,1,0.03379957750439644,PERSIANN_CDR,WA001,2019,"{""type"":""Point"",""coordinates"":[-17.470000000000002,14.73]}"
228_1,1,0.004211225546896458,PERSIANN_CDR,WA002,2019,"{""type"":""Point"",""coordinates"":[-7.949999999999998,12.65]}"
228_2,1,0.01475716382265091,PERSIANN_CDR,WA003,2019,"{""type"":""Point"",""coordinates"":[-1.5200000000000002,12.360000000000001]}"
228_3,1,0.01868375949561596,PERSIANN_CDR,WA004,2019,"{""type"":""Point"",""coordinates"":[2.17,13.51]}"
228_4,1,0.09126314520835876,PERSIANN_CDR,WA005,2019,"{""type"":""Point"",""coordinates"":[7.33,9.07]}"
228_5,1,0.6783700585365295,PERSIANN_CDR,WA006,2019,"{""type"":""Point"",""coordinates"":[-0.17,5.56]}"
228_6,1,0.6532925367355347,PERSIANN_CDR,WA007,2019,"{""type"":""Point"",""coordinates"":[-3.9299999999999997,5.349999999999999]}"
228_7,1,0.02600683458149433,PERSIANN_CDR,WA008,2019,"{""type"":""Point"",""coordinates"":[-13.67,9.53]}"
228_8,1,0.08067987859249115,PERSIANN_CDR,WA009,2019,"{""type"":""Point"",""coordinates"":[-13.230000000000002,8.489999999999998]}"
228_9,1,0.22788050770759583,PERSIANN_CDR,WA010,2019,"{""type"":""Point"",""coordinates"":[-10.799999999999999,6.3]}"
228_10,1,0.7374370694160461,PERSIANN_CDR,WA011,2019,"{""type"":""Point"",""coordinates"":[1.22,6.130000000000001]}"
228_11,1,1.8132929801940918,PERSIANN_CDR,WA012,2019,"{""type"":""Point"",""coordinates"":[2.42,6.37]}"
228_12,1,0.008430173620581627,PERSIANN_CDR,WA013,2019,"{""type"":""Point"",""coordinates"":[8.52,12.05]}"
228_13,1,0.4106159210205078,PERSIANN_CDR,WA014,2019,"{""type"":""Point"",""coordinates"":[-1.62,6.69]}"
228_14,1,0.011838650330901146,PERSIANN_CDR,WA015,2019,"{""type"":""Point"",""coordinates"":[-16.680000000000003,13.45]}"
229_0,2,0.1757895052433014,PERSIANN_CDR,WA001,2019,"{""type"":""Point"",""coordinates"":[-17.470000000000002,14.73]}"
229_1,2,0.05616755783557892,PERSIANN_CDR,WA002,2019,"{""type"":""Point"",""coordinates"":[-7.949999999999998,12.65]}"
229_2,2,0.027458742260932922,PERSIANN_CDR,WA003,2019,"{""type"":""Point"",""coordinates"":[-1.5200000000000002,12.360000000000001]}"
229_3,2,0.003853736212477088,PERSIANN_CDR,WA004,2019,"{""type"":""Point"",""coordinates"":[2.17,13.51]}"
229_4,2,0.4969835877418518,PERSIANN_CDR,WA005,2019,"{""type"":""Point"",""coordinates"":[7.33,9.07]}"
229_5,2,2.3391849994659424,PERSIANN_CDR,WA006,2019,"{""type"":""Point"",""coordinates"":[-0.17,5.56]}"
229_6,2,2.4584169387817383,PERSIANN_CDR,WA007,2019,"{""type"":""Point"",""coordinates"":[-3.9299999999999997,5.349999999999999]}"
229_7,2,0.10101340711116791,PERSIANN_CDR,WA008,2019,"{""type"":""Point"",""coordinates"":[-13.67,9.53]}"
229_8,2,0.3095320463180542,PERSIANN_CDR,WA009,2019,"{""type"":""Point"",""coordinates"":[-13.230000000000002,8.489999999999998]}"
229_9,2,0.9761471152305603,PERSIANN_CDR,WA010,2019,"{""type"":""Point"",""coordinates"":[-10.799999999999999,6.3]}"
229_10,2,2.0250799655914307,PERSIANN_CDR,WA011,2019,"{""type"":""Point"",""coordinates"":[1.22,6.130000000000001]}"
229_11,2,2.3248400688171387,PERSIANN_CDR,WA012,2019,"{""type"":""Point"",""coordinates"":[2.42,6.37]}"
229_12,2,0.031228937208652496,PERSIANN_CDR,WA013,2019,"{""type"":""Point"",""coordinates"":[8.52,12.05]}"
229_13,2,1.563008189201355,PERSIANN_CDR,WA014,2019,"{""type"":""Point"",""coordinates"":[-1.62,6.69]}"
229_14,2,0.05878879129886627,PERSIANN_CDR,WA015,2019,"{""type"":""Point"",""coordinates"":[-16.680000000000003,13.45]}"
230_0,3,0.03293303772807121,PERSIANN_CDR,WA001,2019,"{""type"":""Point"",""coordinates"":[-17.470000000000002,14.73]}"
230_1,3,0.17845840752124786,PERSIANN_CDR,WA002,2019,"{""type"":""Point"",""coordinates"":[-7.949999999999998,12.65]}"
230_2,3,0.2735462188720703,PERSIANN_CDR,WA003,2019,"{""type"":""Point"",""coordinates"":[-1.5200000000000002,12.360000000000001]}"
230_3,3,0.04995796084403992,PERSIANN_CDR,WA004,2019,"{""type"":""Point"",""coordinates"":[2.17,13.51]}"
230_4,3,0.8919349908828735,PERSIANN_CDR,WA005,2019,"{""type"":""Point"",""coordinates"":[7.33,9.07]}"
230_5,3,3.250406265258789,PERSIANN_CDR,WA006,2019,"{""type"":""Point"",""coordinates"":[-0.17,5.56]}"
230_6,3,3.1296727657318115,PERSIANN_CDR,WA007,2019,"{""type"":""Point"",""coordinates"":[-3.9299999999999997,5.349999999999999]}"
230_7,3,0.15919668972492218,PERSIANN_CDR,WA008,2019,"{""type"":""Point"",""coordinates"":[-13.67,9.53]}"
230_8,3,0.5309978127479553,PERSIANN_CDR,WA009,2019,"{""type"":""Point"",""coordinates"":[-13.230000000000002,8.489999999999998]}"
230_9,3,2.3144330978393555,PERSIANN_CDR,WA010,2019,"{""type"":""Point"",""coordinates"":[-10.799999999999999,6.3]}"
230_10,3,3.343325614929199,PERSIANN_CDR,WA011,2019,"{""type"":""Point"",""coordinates"":[1.22,6.130000000000001]}"
230_11,3,2.533179998397827,PERSIANN_CDR,WA012,2019,"{""type"":""Point"",""coordinates"":[2.42,6.37]}"
230_12,3,0.0814911350607872,PERSIANN_CDR,WA013,2019,"{""type"":""Point"",""coordinates"":[8.52,12.05]}"
230_13,3,3.557067394256592,PERSIANN_CDR,WA014,2019,"{""type"":""Point"",""coordinates"":[-1.62,6.69]}"
230_14,3,0.036313705146312714,PERSIANN_CDR,WA015,2019,"{""type"":""Point"",""coordinates"":[-16.680000000000003,13.45]}"
231_0,4,0.04137975350022316,PERSIANN_CDR,WA001,2019,"{""type"":""Point"",""coordinates"":[-17.470000000000002,14.73]}"
231_1,4,0.5736197233200073,PERSIANN_CDR,WA002,2019,"{""type"":""Point"",""coordinates"":[-7.949999999999998,12.65]}"
231_2,4,0.7344827055931091,PERSIANN_CDR,WA003,2019,"{""type"":""Point"",""coordinates"":[-1.5200000000000002,12.360000000000001]}"
231_3,4,0.10782457888126373,PERSIANN_CDR,WA004,2019,"{""type"":""Point"",""coordinates"":[2.17,13.51]}"
231_4,4,1.6845577955245972,PERSIANN_CDR,WA005,2019,"{""type"":""Point"",""coordinates"":[7.33,9.07]}"
231_5,4,4.250581741333008,PERSIANN_CDR,WA006,2019,"{""type"":""Point"",""coordinates"":[-0.17,5.56]}"
231_6,4,5.02357292175293,PERSIANN_CDR,WA007,2019,"{""type"":""Point"",""coordinates"":[-3.9299999999999997,5.349999999999999]}"
231_7,4,0.6433516144752502,PERSIANN_CDR,WA008,2019,"{""type"":""Point"",""coordinates"":[-13.67,9.53]}"
231_8,4,1.891377329826355,PERSIANN_CDR,WA009,2019,"{""type"":""Point"",""coordinates"":[-13.230000000000002,8.489999999999998]}"
231_9,4,5.17059850692749,PERSIANN_CDR,WA010,2019,"{""type"":""Point"",""coordinates"":[-10.799999999999999,6.3]}"
231_10,4,3.6242098808288574,PERSIANN_CDR,WA011,2019,"{""type"":""Point"",""coordinates"":[1.22,6.130000000000001]}"
231_11,4,3.3084940910339355,PERSIANN_CDR,WA012,2019,"{""type"":""Point"",""coordinates"":[2.42,6.37]}"
231_12,4,0.3720448315143585,PERSIANN_CDR,WA013,2019,"{""type"":""Point"",""coordinates"":[8.52,12.05]}"
231_13,4,5.063248157501221,PERSIANN_CDR,WA014,2019,"{""type"":""Point"",""coordinates"":[-1.62,6.69]}"
231_14,4,0.03321423381567001,PERSIANN_CDR,WA015,2019,"{""type"":""Point"",""coordinates"":[-16.680000000000003,13.45]}"
232_0,5,0.012148655019700527,PERSIANN_CDR,WA001,2019,"{""type"":""Point"",""coordinates"":[-17.470000000000002,14.73]}"
232_1,5,2.2200286388397217,PERSIANN_CDR,WA002,2019,"{""type"":""Point"",""coordinates"":[-7.949999999999998,12.65]}"
232_2,5,3.679903984069824,PERSIANN_CDR,WA003,2019,"{""type"":""Point"",""coordinates"":[-1.5200000000000002,12.360000000000001]}"
232_3,5,1.3787221908569336,PERSIANN_CDR,WA004,2019,"{""type"":""Point"",""coordinates"":[2.17,13.51]}"
232_4,5,5.760859966278076,PERSIANN_CDR,WA005,2019,"{""type"":""Point"",""coordinates"":[7.33,9.07]}"
232_5,5,6.52146053314209,PERSIANN_CDR,WA006,2019,"{""type"":""Point"",""coordinates"":[-0.17,5.56]}"
232_6,5,7.285727024078369,PERSIANN_CDR,WA007,2019,"{""type"":""Point"",""coordinates"":[-3.9299999999999997,5.349999999999999]}"
232_7,5,3.7073147296905518,PERSIANN_CDR,WA008,2019,"{""type"":""Point"",""coordinates"":[-13.67,9.53]}"
232_8,5,4.942318916320801,PERSIANN_CDR,WA009,2019,"{""type"":""Point"",""coordinates"":[-13.230000000000002,8.489999999999998]}"
232_9,5,9.001415252685547,PERSIANN_CDR,WA010,2019,"{""type"":""Point"",""coordinates"":[-10.799999999999999,6.3]}"
232_10,5,5.809135913848877,PERSIANN_CDR,WA011,2019,"{""type"":""Point"",""coordinates"":[1.22,6.130000000000001]}"
232_11,5,6.066707611083984,PERSIANN_CDR,WA012,2019,"{""type"":""Point"",""coordinates"":[2.42,6.37]}"
232_12,5,3.758176565170288,PERSIANN_CDR,WA013,2019,"{""type"":""Point"",""coordinates"":[8.52,12.05]}"
232_13,5,5.678445816040039,PERSIANN_CDR,WA014,2019,"{""type"":""Point"",""coordinates"":[-1.62,6.69]}"
232_14,5,0.022791627794504166,PERSIANN_CDR,WA015,2019,"{""type"":""Point"",""coordinates"":[-16.680000000000003,13.45]}"
233_0,6,0.10557414591312408,PERSIANN_CDR,WA001,2019,"{""type"":""Point"",""coordinates"":[-17.470000000000002,14.73]}"
233_1,6,4.451196670532227,PERSIANN_CDR,WA002,2019,"{""type"":""Point"",""coordinates"":[-7.949999999999998,12.65]}"
233_2,6,3.1814348697662354,PERSIANN_CDR,WA003,2019,"{""type"":""Point"",""coordinates"":[-1.5200000000000002,12.360000000000001]}"
233_3,6,2.544299840927124,PERSIANN_CDR,WA004,2019,"{""type"":""Point"",""coordinates"":[2.17,13.51]}"
233_4,6,5.795781135559082,PERSIANN_CDR,WA005,2019,"{""type"":""Point"",""coordinates"":[7.33,9.07]}"
233_5,6,4.306623458862305,PERSIANN_CDR,WA006,2019,"{""type"":""Point"",""coordinates"":[-0.17,5.56]}"
233_6,6,4.168046474456787,PERSIANN_CDR,WA007,2019,"{""type"":""Point"",""coordinates"":[-3.9299999999999997,5.349999999999999]}"
233_7,6,7.227197170257568,PERSIANN_CDR,WA008,2019,"{""type"":""Point"",""coordinates"":[-13.67,9.53]}"
233_8,6,10.895907402038574,PERSIANN_CDR,WA009,2019,"{""type"":""Point"",""coordinates"":[-13.230000000000002,8.489999999999998]}"
233_9,6,8.95239543914795,PERSIANN_CDR,WA010,2019,"{""type"":""Point"",""coordinates"":[-10.799999999999999,6.3]}"
233_10,6,5.069974899291992,PERSIANN_CDR,WA011,2019,"{""type"":""Point"",""coordinates"":[1.22,6.130000000000001]}"
233_11,6,6.1946940422058105,PERSIANN_CDR,WA012,2019,"{""type"":""Point"",""coordinates"":[2.42,6.37]}"
233_12,6,4.481311798095703,PERSIANN_CDR,WA013,2019,"{""type"":""Point"",""coordinates"":[8.52,12.05]}"
233_13,6,5.900831699371338,PERSIANN_CDR,WA014,2019,"{""type"":""Point"",""coordinates"":[-1.62,6.69]}"
233_14,6,0.73482346534729,PERSIANN_CDR,WA015,2019,"{""type"":""Point"",""coordinates"":[-16.680000000000003,13.45]}"
234_0,7,1.1458262205123901,PERSIANN_CDR,WA001,2019,"{""type"":""Point"",""coordinates"":[-17.470000000000002,14.73]}"
234_1,7,7.62695837020874,PERSIANN_CDR,WA002,2019,"{""type"":""Point"",""coordinates"":[-7.949999999999998,12.65]}"
234_2,7,7.172314167022705,PERSIANN_CDR,WA003,2019,"{""type"":""Point"",""coordinates"":[-1.5200000000000002,12.360000000000001]}"
234_3,7,4.820109844207764,PERSIANN_CDR,WA004,2019,"{""type"":""Point"",""coordinates"":[2.17,13.51]}"
234_4,7,6.536991596221924,PERSIANN_CDR,WA005,2019,"{""type"":""Point"",""coordinates"":[7.33,9.07]}"
234_5,7,3.294212818145752,PERSIANN_CDR,WA006,2019,"{""type"":""Point"",""coordinates"":[-0.17,5.56]}"
234_6,7,2.0406947135925293,PERSIANN_CDR,WA007,2019,"{""type"":""Point"",""coordinates"":[-3.9299999999999997,5.349999999999999]}"
234_7,7,18.9011173248291,PERSIANN_CDR,WA008,2019,"{""type"":""Point"",""coordinates"":[-13.67,9.53]}"
234_8,7,17.865245819091797,PERSIANN_CDR,WA009,2019,"{""type"":""Point"",""coordinates"":[-13.230000000000002,8.489999999999998]}"
234_9,7,9.628673553466797,PERSIANN_CDR,WA010,2019,"{""type"":""Point"",""coordinates"":[-10.799999999999999,6.3]}"
234_10,7,4.979632377624512,PERSIANN_CDR,WA011,2019,"{""type"":""Point"",""coordinates"":[1.22,6.130000000000001]}"
234_11,7,4.825712203979492,PERSIANN_CDR,WA012,2019,"{""type"":""Point"",""coordinates"":[2.42,6.37]}"
234_12,7,6.697724342346191,PERSIANN_CDR,WA013,2019,"{""type"":""Point"",""coordinates"":[8.52,12.05]}"
234_13,7,4.189568519592285,PERSIANN_CDR,WA014,2019,"{""type"":""Point"",""coordinates"":[-1.62,6.69]}"
234_14,7,4.5637640953063965,PERSIANN_CDR,WA015,2019,"{""type"":""Point"",""coordinates"":[-16.680000000000003,13.45]}"
235_0,8,6.8263092041015625,PERSIANN_CDR,WA001,2019,"{""type"":""Point"",""coordinates"":[-17.470000000000002,14.73]}"
235_1,8,13.39612865447998,PERSIANN_CDR,WA002,2019,"{""type"":""Point"",""coordinates"":[-7.949999999999998,12.65]}"
235_2,8,7.219100475311279,PERSIANN_CDR,WA003,2019,"{""type"":""Point"",""coordinates"":[-1.5200000000000002,12.360000000000001]}"
235_3,8,6.359091758728027,PERSIANN_CDR,WA004,2019,"{""type"":""Point"",""coordinates"":[2.17,13.51]}"
235_4,8,7.027961254119873,PERSIANN_CDR,WA005,2019,"{""type"":""Point"",""coordinates"":[7.33,9.07]}"
235_5,8,1.219238042831421,PERSIANN_CDR,WA006,2019,"{""type"":""Point"",""coordinates"":[-0.17,5.56]}"
235_6,8,1.3445050716400146,PERSIANN_CDR,WA007,2019,"{""type"":""Point"",""coordinates"":[-3.9299999999999997,5.349999999999999]}"
235_7,8,20.84758186340332,PERSIANN_CDR,WA008,2019,"{""type"":""Point"",""coordinates"":[-13.67,9.53]}"
235_8,8,19.151878356933594,PERSIANN_CDR,WA009,2019,"{""type"":""Point"",""coordinates"":[-13.230000000000002,8.489999999999998]}"
235_9,8,14.324037551879883,PERSIANN_CDR,WA010,2019,"{""type"":""Point"",""coordinates"":[-10.799999999999999,6.3]}"
235_10,8,1.6565083265304565,PERSIANN_CDR,WA011,2019,"{""type"":""Point"",""coordinates"":[1.22,6.130000000000001]}"
235_11,8,1.6281284093856812,PERSIANN_CDR,WA012,2019,"{""type"":""Point"",""coordinates"":[2.42,6.37]}"
235_12,8,9.109725952148438,PERSIANN_CDR,WA013,2019,"{""type"":""Point"",""coordinates"":[8.52,12.05]}"
235_13,8,1.867293357849121,PERSIANN_CDR,WA014,2019,"{""type"":""Point"",""coordinates"":[-1.62,6.69]}"
235_14,8,11.13207721710205,PERSIANN_CDR,WA015,2019,"{""type"":""Point"",""coordinates"":[-16.680000000000003,13.45]}"
236_0,9,6.608663082122803,PERSIANN_CDR,WA001,2019,"{""type"":""Point"",""coordinates"":[-17.470000000000002,14.73]}"
236_1,9,6.820454120635986,PERSIANN_CDR,WA002,2019,"{""type"":""Point"",""coordinates"":[-7.949999999999998,12.65]}"
236_2,9,5.127623081207275,PERSIANN_CDR,WA003,2019,"{""type"":""Point"",""coordinates"":[-1.5200000000000002,12.360000000000001]}"
236_3,9,2.8258821964263916,PERSIANN_CDR,WA004,2019,"{""type"":""Point"",""coordinates"":[2.17,13.51]}"
236_4,9,11.177322387695312,PERSIANN_CDR,WA005,2019,"{""type"":""Point"",""coordinates"":[7.33,9.07]}"
236_5,9,3.7342772483825684,PERSIANN_CDR,WA006,2019,"{""type"":""Point"",""coordinates"":[-0.17,5.56]}"
236_6,9,6.150088310241699,PERSIANN_CDR,WA007,2019,"{""type"":""Point"",""coordinates"":[-3.9299999999999997,5.349999999999999]}"
236_7,9,10.942821502685547,PERSIANN_CDR,WA008,2019,"{""type"":""Point"",""coordinates"":[-13.67,9.53]}"
236_8,9,11.683966636657715,PERSIANN_CDR,WA009,2019,"{""type"":""Point"",""coordinates"":[-13.230000000000002,8.489999999999998]}"
236_9,9,8.359923362731934,PERSIANN_CDR,WA010,2019,"{""type"":""Point"",""coordinates"":[-10.799999999999999,6.3]}"
236_10,9,5.799075126647949,PERSIANN_CDR,WA011,2019,"{""type"":""Point"",""coordinates"":[1.22,6.130000000000001]}"
236_11,9,6.655791282653809,PERSIANN_CDR,WA012,2019,"{""type"":""Point"",""coordinates"":[2.42,6.37]}"
236_12,9,4.302399635314941,PERSIANN_CDR,WA013,2019,"{""type"":""Point"",""coordinates"":[8.52,12.05]}"
236_13,9,6.832248687744141,PERSIANN_CDR,WA014,2019,"{""type"":""Point"",""coordinates"":[-1.62,6.69]}"
236_14,9,7.864147663116455,PERSIANN_CDR,WA015,2019,"{""type"":""Point"",""coordinates"":[-16.680000000000003,13.45]}"
237_0,10,2.5005204677581787,PERSIANN_CDR,WA001,2019,"{""type"":""Point"",""coordinates"":[-17.470000000000002,14.73]}"
237_1,10,3.863393783569336,PERSIANN_CDR,WA002,2019,"{""type"":""Point"",""coordinates"":[-7.949999999999998,12.65]}"
237_2,10,4.443417549133301,PERSIANN_CDR,WA003,2019,"{""type"":""Point"",""coordinates"":[-1.5200000000000002,12.360000000000001]}"
237_3,10,1.055318832397461,PERSIANN_CDR,WA004,2019,"{""type"":""Point"",""coordinates"":[2.17,13.51]}"
237_4,10,7.509925365447998,PERSIANN_CDR,WA005,2019,"{""type"":""Point"",""coordinates"":[7.33,9.07]}"
237_5,10,7.055220127105713,PERSIANN_CDR,WA006,2019,"{""type"":""Point"",""coordinates"":[-0.17,5.56]}"
237_6,10,10.783477783203125,PERSIANN_CDR,WA007,2019,"{""type"":""Point"",""coordinates"":[-3.9299999999999997,5.349999999999999]}"
237_7,10,10.778983116149902,PERSIANN_CDR,WA008,2019,"{""type"":""Point"",""coordinates"":[-13.67,9.53]}"
237_8,10,11.677902221679688,PERSIANN_CDR,WA009,2019,"{""type"":""Point"",""coordinates"":[-13.230000000000002,8.489999999999998]}"
237_9,10,13.436529159545898,PERSIANN_CDR,WA010,2019,"{""type"":""Point"",""coordinates"":[-10.799999999999999,6.3]}"
237_10,10,7.319242000579834,PERSIANN_CDR,WA011,2019,"{""type"":""Point"",""coordinates"":[1.22,6.130000000000001]}"
237_11,10,9.534393310546875,PERSIANN_CDR,WA012,2019,"{""type"":""Point"",""coordinates"":[2.42,6.37]}"
237_12,10,2.694338321685791,PERSIANN_CDR,WA013,2019,"{""type"":""Point"",""coordinates"":[8.52,12.05]}"
237_13,10,9.960494041442871,PERSIANN_CDR,WA014,2019,"{""type"":""Point"",""coordinates"":[-1.62,6.69]}"
237_14,10,3.2365341186523438,PERSIANN_CDR,WA015,2019,"{""type"":""Point"",""coordinates"":[-16.680000000000003,13.45]}"
238_0,11,0.08329550176858902,PERSIANN_CDR,WA001,2019,"{""type"":""Point"",""coordinates"":[-17.470000000000002,14.73]}"
238_1,11,0.07316752523183823,PERSIANN_CDR,WA002,2019,"{""type"":""Point"",""coordinates"":[-7.949999999999998,12.65]}"
238_2,11,0.01792900636792183,PERSIANN_CDR,WA003,2019,"{""type"":""Point"",""coordinates"":[-1.5200000000000002,12.360000000000001]}"
238_3,11,0.006911273114383221,PERSIANN_CDR,WA004,2019,"{""type"":""Point"",""coordinates"":[2.17,13.51]}"
238_4,11,0.7222735285758972,PERSIANN_CDR,WA005,2019,"{""type"":""Point"",""coordinates"":[7.33,9.07]}"
238_5,11,2.0823986530303955,PERSIANN_CDR,WA006,2019,"{""type"":""Point"",""coordinates"":[-0.17,5.56]}"
238_6,11,3.579686403274536,PERSIANN_CDR,WA007,2019,"{""type"":""Point"",""coordinates"":[-3.9299999999999997,5.349999999999999]}"
238_7,11,4.27781867980957,PERSIANN_CDR,WA008,2019,"{""type"":""Point"",""coordinates"":[-13.67,9.53]}"
238_8,11,3.9834837913513184,PERSIANN_CDR,WA009,2019,"{""type"":""Point"",""coordinates"":[-13.230000000000002,8.489999999999998]}"
238_9,11,6.44658088684082,PERSIANN_CDR,WA010,2019,"{""type"":""Point"",""coordinates"":[-10.799999999999999,6.3]}"
238_10,11,2.0030996799468994,PERSIANN_CDR,WA011,2019,"{""type"":""Point"",""coordinates"":[1.22,6.130000000000001]}"
238_11,11,2.249300479888916,PERSIANN_CDR,WA012,2019,"{""type"":""Point"",""coordinates"":[2.42,6.37]}"
238_12,11,0.1034463495016098,PERSIANN_CDR,WA013,2019,"{""type"":""Point"",""coordinates"":[8.52,12.05]}"
238_13,11,2.8739449977874756,PERSIANN_CDR,WA014,2019,"{""type"":""Point"",""coordinates"":[-1.62,6.69]}"
238_14,11,0.17827589809894562,PERSIANN_CDR,WA015,2019,"{""type"":""Point"",""coordinates"":[-16.680000000000003,13.45]}"
239_0,12,0.08206227421760559,PERSIANN_CDR,WA001,2019,"{""type"":""Point"",""coordinates"":[-17.470000000000002,14.73]}"
239_1,12,0.003612755797803402,PERSIANN_CDR,WA002,2019,"{""type"":""Point"",""coordinates"":[-7.949999999999998,12.65]}"
239_2,12,0.004249708727002144,PERSIANN_CDR,WA003,2019,"{""type"":""Point"",""coordinates"":[-1.5200000000000002,12.360000000000001]}"
239_3,12,7.78997375164181E-4,PERSIANN_CDR,WA004,2019,"{""type"":""Point"",""coordinates"":[2.17,13.51]}"
239_4,12,0.02478095144033432,PERSIANN_CDR,WA005,2019,"{""type"":""Point"",""coordinates"":[7.33,9.07]}"
239_5,12,1.156219244003296,PERSIANN_CDR,WA006,2019,"{""type"":""Point"",""coordinates"":[-0.17,5.56]}"
239_6,12,2.3503050804138184,PERSIANN_CDR,WA007,2019,"{""type"":""Point"",""coordinates"":[-3.9299999999999997,5.349999999999999]}"
239_7,12,0.10260884463787079,PERSIANN_CDR,WA008,2019,"{""type"":""Point"",""coordinates"":[-13.67,9.53]}"
239_8,12,0.20917579531669617,PERSIANN_CDR,WA009,2019,"{""type"":""Point"",""coordinates"":[-13.230000000000002,8.489999999999998]}"
239_9,12,1.4699617624282837,PERSIANN_CDR,WA010,2019,"{""type"":""Point"",""coordinates"":[-10.799999999999999,6.3]}"
239_10,12,0.5917275547981262,PERSIANN_CDR,WA011,2019,"{""type"":""Point"",""coordinates"":[1.22,6.130000000000001]}"
239_11,12,0.404212087392807,PERSIANN_CDR,WA012,2019,"{""type"":""Point"",""coordinates"":[2.42,6.37]}"
239_12,12,0.02217279188334942,PERSIANN_CDR,WA013,2019,"{""type"":""Point"",""coordinates"":[8.52,12.05]}"
239_13,12,0.8767673969268799,PERSIANN_CDR,WA014,2019,"{""type"":""Point"",""coordinates"":[-1.62,6.69]}"
239_14,12,0.036276675760746,PERSIANN_CDR,WA015,2019,"{""type"":""Point"",""coordinates"":[-16.680000000000003,13.45]}"
240_0,1,0.06020982563495636,PERSIANN_CDR,WA001,2020,"{""type"":""Point"",""coordinates"":[-17.470000000000002,14.73]}"
240_1,1,0.006849014200270176,PERSIANN_CDR,WA002,2020,"{""type"":""Point"",""coordinates"":[-7.949999999999998,12.65]}"
240_2,1,0.0032924748957157135,PERSIANN_CDR,WA003,2020,"{""type"":""Point"",""coordinates"":[-1.5200000000000002,12.360000000000001]}"
240_3,1,9.484973852522671E-4,PERSIANN_CDR,WA004,2020,"{""type"":""Point"",""coordinates"":[2.17,13.51]}"
240_4,1,0.012551404535770416,PERSIANN_CDR,WA005,2020,"{""type"":""Point"",""coordinates"":[7.33,9.07]}"
240_5,1,0.26188936829566956,PERSIANN_CDR,WA006,2020,"{""type"":""Point"",""coordinates"":[-0.17,5.56]}"
240_6,1,0.18513086438179016,PERSIANN_CDR,WA007,2020,"{""type"":""Point"",""coordinates"":[-3.9299999999999997,5.349999999999999]}"
240_7,1,0.09569228440523148,PERSIANN_CDR,WA008,2020,"{""type"":""Point"",""coordinates"":[-13.67,9.53]}"
240_8,1,0.1776542067527771,PERSIANN_CDR,WA009,2020,"{""type"":""Point"",""coordinates"":[-13.230000000000002,8.489999999999998]}"
240_9,1,0.556201159954071,PERSIANN_CDR,WA010,2020,"{""type"":""Point"",""coordinates"":[-10.799999999999999,6.3]}"
240_10,1,0.1750614196062088,PERSIANN_CDR,WA011,2020,"{""type"":""Point"",""coordinates"":[1.22,6.130000000000001]}"
240_11,1,0.04013003781437874,PERSIANN_CDR,WA012,2020,"{""type"":""Point"",""coordinates"":[2.42,6.37]}"
240_12,1,0.002126361709088087,PERSIANN_CDR,WA013,2020,"{""type"":""Point"",""coordinates"":[8.52,12.05]}"
240_13,1,0.056427329778671265,PERSIANN_CDR,WA014,2020,"{""type"":""Point"",""coordinates"":[-1.62,6.69]}"
240_14,1,0.015432583168148994,PERSIANN_CDR,WA015,2020,"{""type"":""Point"",""coordinates"":[-16.680000000000003,13.45]}"
241_0,2,0.08683660626411438,PERSIANN_CDR,WA001,2020,"{""type"":""Point"",""coordinates"":[-17.470000000000002,14.73]}"
241_1,2,0.011904524639248848,PERSIANN_CDR,WA002,2020,"{""type"":""Point"",""coordinates"":[-7.949999999999998,12.65]}"
241_2,2,0.004833628423511982,PERSIANN_CDR,WA003,2020,"{""type"":""Point"",""coordinates"":[-1.5200000000000002,12.360000000000001]}"
241_3,2,0.00420125387609005,PERSIANN_CDR,WA004,2020,"{""type"":""Point"",""coordinates"":[2.17,13.51]}"
241_4,2,0.02322392165660858,PERSIANN_CDR,WA005,2020,"{""type"":""Point"",""coordinates"":[7.33,9.07]}"
241_5,2,0.4728236794471741,PERSIANN_CDR,WA006,2020,"{""type"":""Point"",""coordinates"":[-0.17,5.56]}"
241_6,2,1.1980223655700684,PERSIANN_CDR,WA007,2020,"{""type"":""Point"",""coordinates"":[-3.9299999999999997,5.349999999999999]}"
241_7,2,0.05654703825712204,PERSIANN_CDR,WA008,2020,"{""type"":""Point"",""coordinates"":[-13.67,9.53]}"
241_8,2,0.16546444594860077,PERSIANN_CDR,WA009,2020,"{""type"":""Point"",""coordinates"":[-13.230000000000002,8.489999999999998]}"
241_9,2,1.4444056749343872,PERSIANN_CDR,WA010,2020,"{""type"":""Point"",""coordinates"":[-10.799999999999999,6.3]}"
241_10,2,0.17657674849033356,PERSIANN_CDR,WA011,2020,"{""type"":""Point"",""coordinates"":[1.22,6.130000000000001]}"
241_11,2,0.1420515924692154,PERSIANN_CDR,WA012,2020,"{""type"":""Point"",""coordinates"":[2.42,6.37]}"
241_12,2,0.01897438056766987,PERSIANN_CDR,WA013,2020,"{""type"":""Point"",""coordinates"":[8.52,12.05]}"
241_13,2,0.09735909849405289,PERSIANN_CDR,WA014,2020,"{""type"":""Point"",""coordinates"":[-1.62,6.69]}"
241_14,2,0.03998774290084839,PERSIANN_CDR,WA015,2020,"{""type"":""Point"",""coordinates"":[-16.680000000000003,13.45]}"
242_0,3,0.006188433151692152,PERSIANN_CDR,WA001,2020,"{""type"":""Point"",""coordinates"":[-17.470000000000002,14.73]}"
242_1,3,0.12633344531059265,PERSIANN_CDR,WA002,2020,"{""type"":""Point"",""coordinates"":[-7.949999999999998,12.65]}"
242_2,3,0.13349981606006622,PERSIANN_CDR,WA003,2020,"{""type"":""Point"",""coordinates"":[-1.5200000000000002,12.360000000000001]}"
242_3,3,0.013632268644869328,PERSIANN_CDR,WA004,2020,"{""type"":""Point"",""coordinates"":[2.17,13.51]}"
242_4,3,1.3318417072296143,PERSIANN_CDR,WA005,2020,"{""type"":""Point"",""coordinates"":[7.33,9.07]}"
242_5,3,2.549389362335205,PERSIANN_CDR,WA006,2020,"{""type"":""Point"",""coordinates"":[-0.17,5.56]}"
242_6,3,4.644465923309326,PERSIANN_CDR,WA007,2020,"{""type"":""Point"",""coordinates"":[-3.9299999999999997,5.349999999999999]}"
242_7,3,0.24536651372909546,PERSIANN_CDR,WA008,2020,"{""type"":""Point"",""coordinates"":[-13.67,9.53]}"
242_8,3,0.9209743142127991,PERSIANN_CDR,WA009,2020,"{""type"":""Point"",""coordinates"":[-13.230000000000002,8.489999999999998]}"
242_9,3,3.971822738647461,PERSIANN_CDR,WA010,2020,"{""type"":""Point"",""coordinates"":[-10.799999999999999,6.3]}"
242_10,3,2.425530433654785,PERSIANN_CDR,WA011,2020,"{""type"":""Point"",""coordinates"":[1.22,6.130000000000001]}"
242_11,3,1.994181752204895,PERSIANN_CDR,WA012,2020,"{""type"":""Point"",""coordinates"":[2.42,6.37]}"
242_12,3,0.4674365222454071,PERSIANN_CDR,WA013,2020,"{""type"":""Point"",""coordinates"":[8.52,12.05]}"
242_13,3,4.532118797302246,PERSIANN_CDR,WA014,2020,"{""type"":""Point"",""coordinates"":[-1.62,6.69]}"
242_14,3,0.004087545908987522,PERSIANN_CDR,WA015,2020,"{""type"":""Point"",""coordinates"":[-16.680000000000003,13.45]}"
243_0,4,0.00966554507613182,PERSIANN_CDR,WA001,2020,"{""type"":""Point"",""coordinates"":[-17.470000000000002,14.73]}"
243_1,4,0.5191054940223694,PERSIANN_CDR,WA002,2020,"{""type"":""Point"",""coordinates"":[-7.949999999999998,12.65]}"
243_2,4,0.7055412530899048,PERSIANN_CDR,WA003,2020,"{""type"":""Point"",""coordinates"":[-1.5200000000000002,12.360000000000001]}"
243_3,4,0.21828587353229523,PERSIANN_CDR,WA004,2020,"{""type"":""Point"",""coordinates"":[2.17,13.51]}"
243_4,4,3.5076239109039307,PERSIANN_CDR,WA005,2020,"{""type"":""Point"",""coordinates"":[7.33,9.07]}"
243_5,4,4.029978275299072,PERSIANN_CDR,WA006,2020,"{""type"":""Point"",""coordinates"":[-0.17,5.56]}"
243_6,4,4.581297874450684,PERSIANN_CDR,WA007,2020,"{""type"":""Point"",""coordinates"":[-3.9299999999999997,5.349999999999999]}"
243_7,4,1.8216609954833984,PERSIANN_CDR,WA008,2020,"{""type"":""Point"",""coordinates"":[-13.67,9.53]}"
243_8,4,3.4864284992218018,PERSIANN_CDR,WA009,2020,"{""type"":""Point"",""coordinates"":[-13.230000000000002,8.489999999999998]}"
243_9,4,6.509917259216309,PERSIANN_CDR,WA010,2020,"{""type"":""Point"",""coordinates"":[-10.799999999999999,6.3]}"
243_10,4,4.339357852935791,PERSIANN_CDR,WA011,2020,"{""type"":""Point"",""coordinates"":[1.22,6.130000000000001]}"
243_11,4,4.363186836242676,PERSIANN_CDR,WA012,2020,"{""type"":""Point"",""coordinates"":[2.42,6.37]}"
243_12,4,0.6216914653778076,PERSIANN_CDR,WA013,2020,"{""type"":""Point"",""coordinates"":[8.52,12.05]}"
243_13,4,4.0583038330078125,PERSIANN_CDR,WA014,2020,"{""type"":""Point"",""coordinates"":[-1.62,6.69]}"
243_14,4,0.013075579889118671,PERSIANN_CDR,WA015,2020,"{""type"":""Point"",""coordinates"":[-16.680000000000003,13.45]}"
244_0,5,0.03059420734643936,PERSIANN_CDR,WA001,2020,"{""type"":""Point"",""coordinates"":[-17.470000000000002,14.73]}"
244_1,5,2.719804525375366,PERSIANN_CDR,WA002,2020,"{""type"":""Point"",""coordinates"":[-7.949999999999998,12.65]}"
244_2,5,1.5640590190887451,PERSIANN_CDR,WA003,2020,"{""type"":""Point"",""coordinates"":[-1.5200000000000002,12.360000000000001]}"
244_3,5,0.5575404763221741,PERSIANN_CDR,WA004,2020,"{""type"":""Point"",""coordinates"":[2.17,13.51]}"
244_4,5,5.097480297088623,PERSIANN_CDR,WA005,2020,"{""type"":""Point"",""coordinates"":[7.33,9.07]}"
244_5,5,6.72356653213501,PERSIANN_CDR,WA006,2020,"{""type"":""Point"",""coordinates"":[-0.17,5.56]}"
244_6,5,7.7477946281433105,PERSIANN_CDR,WA007,2020,"{""type"":""Point"",""coordinates"":[-3.9299999999999997,5.349999999999999]}"
244_7,5,4.634482383728027,PERSIANN_CDR,WA008,2020,"{""type"":""Point"",""coordinates"":[-13.67,9.53]}"
244_8,5,7.3190741539001465,PERSIANN_CDR,WA009,2020,"{""type"":""Point"",""coordinates"":[-13.230000000000002,8.489999999999998]}"
244_9,5,9.75671672821045,PERSIANN_CDR,WA010,2020,"{""type"":""Point"",""coordinates"":[-10.799999999999999,6.3]}"
244_10,5,5.762904644012451,PERSIANN_CDR,WA011,2020,"{""type"":""Point"",""coordinates"":[1.22,6.130000000000001]}"
244_11,5,4.577097415924072,PERSIANN_CDR,WA012,2020,"{""type"":""Point"",""coordinates"":[2.42,6.37]}"
244_12,5,1.636976718902588,PERSIANN_CDR,WA013,2020,"{""type"":""Point"",""coordinates"":[8.52,12.05]}"
244_13,5,6.622589111328125,PERSIANN_CDR,WA014,2020,"{""type"":""Point"",""coordinates"":[-1.62,6.69]}"
244_14,5,0.06607036292552948,PERSIANN_CDR,WA015,2020,"{""type"":""Point"",""coordinates"":[-16.680000000000003,13.45]}"
245_0,6,0.2629986107349396,PERSIANN_CDR,WA001,2020,"{""type"":""Point"",""coordinates"":[-17.470000000000002,14.73]}"
245_1,6,5.624677658081055,PERSIANN_CDR,WA002,2020,"{""type"":""Point"",""coordinates"":[-7.949999999999998,12.65]}"
245_2,6,3.70243501663208,PERSIANN_CDR,WA003,2020,"{""type"":""Point"",""coordinates"":[-1.5200000000000002,12.360000000000001]}"
245_3,6,2.4777796268463135,PERSIANN_CDR,WA004,2020,"{""type"":""Point"",""coordinates"":[2.17,13.51]}"
245_4,6,7.370556831359863,PERSIANN_CDR,WA005,2020,"{""type"":""Point"",""coordinates"":[7.33,9.07]}"
245_5,6,5.701255798339844,PERSIANN_CDR,WA006,2020,"{""type"":""Point"",""coordinates"":[-0.17,5.56]}"
245_6,6,10.600960731506348,PERSIANN_CDR,WA007,2020,"{""type"":""Point"",""coordinates"":[-3.9299999999999997,5.349999999999999]}"
245_7,6,5.542237281799316,PERSIANN_CDR,WA008,2020,"{""type"":""Point"",""coordinates"":[-13.67,9.53]}"
245_8,6,8.28133487701416,PERSIANN_CDR,WA009,2020,"{""type"":""Point"",""coordinates"":[-13.230000000000002,8.489999999999998]}"
245_9,6,10.199942588806152,PERSIANN_CDR,WA010,2020,"{""type"":""Point"",""coordinates"":[-10.799999999999999,6.3]}"
245_10,6,6.259820938110352,PERSIANN_CDR,WA011,2020,"{""type"":""Point"",""coordinates"":[1.22,6.130000000000001]}"
245_11,6,8.728243827819824,PERSIANN_CDR,WA012,2020,"{""type"":""Point"",""coordinates"":[2.42,6.37]}"
245_12,6,4.507476806640625,PERSIANN_CDR,WA013,2020,"{""type"":""Point"",""coordinates"":[8.52,12.05]}"
245_13,6,8.897149085998535,PERSIANN_CDR,WA014,2020,"{""type"":""Point"",""coordinates"":[-1.62,6.69]}"
245_14,6,1.6984211206436157,PERSIANN_CDR,WA015,2020,"{""type"":""Point"",""coordinates"":[-16.680000000000003,13.45]}"
246_0,7,8.10983657836914,PERSIANN_CDR,WA001,2020,"{""type"":""Point"",""coordinates"":[-17.470000000000002,14.73]}"
246_1,7,10.585309028625488,PERSIANN_CDR,WA002,2020,"{""type"":""Point"",""coordinates"":[-7.949999999999998,12.65]}"
246_2,7,8.958908081054688,PERSIANN_CDR,WA003,2020,"{""type"":""Point"",""coordinates"":[-1.5200000000000002,12.360000000000001]}"
246_3,7,5.696558475494385,PERSIANN_CDR,WA004,2020,"{""type"":""Point"",""coordinates"":[2.17,13.51]}"
246_4,7,9.37032413482666,PERSIANN_CDR,WA005,2020,"{""type"":""Point"",""coordinates"":[7.33,9.07]}"
246_5,7,1.1755985021591187,PERSIANN_CDR,WA006,2020,"{""type"":""Point"",""coordinates"":[-0.17,5.56]}"
246_6,7,1.320190668106079,PERSIANN_CDR,WA007,2020,"{""type"":""Point"",""coordinates"":[-3.9299999999999997,5.349999999999999]}"
246_7,7,15.609874725341797,PERSIANN_CDR,WA008,2020,"{""type"":""Point"",""coordinates"":[-13.67,9.53]}"
246_8,7,16.330957412719727,PERSIANN_CDR,WA009,2020,"{""type"":""Point"",""coordinates"":[-13.230000000000002,8.489999999999998]}"
246_9,7,7.875582695007324,PERSIANN_CDR,WA010,2020,"{""type"":""Point"",""coordinates"":[-10.799999999999999,6.3]}"
246_10,7,2.341034412384033,PERSIANN_CDR,WA011,2020,"{""type"":""Point"",""coordinates"":[1.22,6.130000000000001]}"
246_11,7,3.2309014797210693,PERSIANN_CDR,WA012,2020,"{""type"":""Point"",""coordinates"":[2.42,6.37]}"
246_12,7,8.8727388381958,PERSIANN_CDR,WA013,2020,"{""type"":""Point"",""coordinates"":[8.52,12.05]}"
246_13,7,2.0821776390075684,PERSIANN_CDR,WA014,2020,"{""type"":""Point"",""coordinates"":[-1.62,6.69]}"
246_14,7,11.377861976623535,PERSIANN_CDR,WA015,2020,"{""type"":""Point"",""coordinates"":[-16.680000000000003,13.45]}"
247_0,8,5.045735836029053,PERSIANN_CDR,WA001,2020,"{""type"":""Point"",""coordinates"":[-17.470000000000002,14.73]}"
247_1,8,10.216798782348633,PERSIANN_CDR,WA002,2020,"{""type"":""Point"",""coordinates"":[-7.949999999999998,12.65]}"
247_2,8,8.282634735107422,PERSIANN_CDR,WA003,2020,"{""type"":""Point"",""coordinates"":[-1.5200000000000002,12.360000000000001]}"
247_3,8,7.382236957550049,PERSIANN_CDR,WA004,2020,"{""type"":""Point"",""coordinates"":[2.17,13.51]}"
247_4,8,7.0372772216796875,PERSIANN_CDR,WA005,2020,"{""type"":""Point"",""coordinates"":[7.33,9.07]}"
247_5,8,0.38868027925491333,PERSIANN_CDR,WA006,2020,"{""type"":""Point"",""coordinates"":[-0.17,5.56]}"
247_6,8,0.3212275207042694,PERSIANN_CDR,WA007,2020,"{""type"":""Point"",""coordinates"":[-3.9299999999999997,5.349999999999999]}"
247_7,8,9.969130516052246,PERSIANN_CDR,WA008,2020,"{""type"":""Point"",""coordinates"":[-13.67,9.53]}"
247_8,8,9.128582954406738,PERSIANN_CDR,WA009,2020,"{""type"":""Point"",""coordinates"":[-13.230000000000002,8.489999999999998]}"
247_9,8,2.381340980529785,PERSIANN_CDR,WA010,2020,"{""type"":""Point"",""coordinates"":[-10.799999999999999,6.3]}"
247_10,8,0.6197147369384766,PERSIANN_CDR,WA011,2020,"{""type"":""Point"",""coordinates"":[1.22,6.130000000000001]}"
247_11,8,0.5413115620613098,PERSIANN_CDR,WA012,2020,"{""type"":""Point"",""coordinates"":[2.42,6.37]}"
247_12,8,9.435428619384766,PERSIANN_CDR,WA013,2020,"{""type"":""Point"",""coordinates"":[8.52,12.05]}"
247_13,8,0.7343556880950928,PERSIANN_CDR,WA014,2020,"{""type"":""Point"",""coordinates"":[-1.62,6.69]}"
247_14,8,9.542874336242676,PERSIANN_CDR,WA015,2020,"{""type"":""Point"",""coordinates"":[-16.680000000000003,13.45]}"
248_0,9,9.021862983703613,PERSIANN_CDR,WA001,2020,"{""type"":""Point"",""coordinates"":[-17.470000000000002,14.73]}"
248_1,9,8.033445358276367,PERSIANN_CDR,WA002,2020,"{""type"":""Point"",""coordinates"":[-7.949999999999998,12.65]}"
248_2,9,6.324960708618164,PERSIANN_CDR,WA003,2020,"{""type"":""Point"",""coordinates"":[-1.5200000000000002,12.360000000000001]}"
248_3,9,4.952654838562012,PERSIANN_CDR,WA004,2020,"{""type"":""Point"",""coordinates"":[2.17,13.51]}"
248_4,9,10.10748291015625,PERSIANN_CDR,WA005,2020,"{""type"":""Point"",""coordinates"":[7.33,9.07]}"
248_5,9,3.6076431274414062,PERSIANN_CDR,WA006,2020,"{""type"":""Point"",""coordinates"":[-0.17,5.56]}"
248_6,9,4.553158760070801,PERSIANN_CDR,WA007,2020,"{""type"":""Point"",""coordinates"":[-3.9299999999999997,5.349999999999999]}"
248_7,9,15.88313102722168,PERSIANN_CDR,WA008,2020,"{""type"":""Point"",""coordinates"":[-13.67,9.53]}"
248_8,9,15.015345573425293,PERSIANN_CDR,WA009,2020,"{""type"":""Point"",""coordinates"":[-13.230000000000002,8.489999999999998]}"
248_9,9,15.587754249572754,PERSIANN_CDR,WA010,2020,"{""type"":""Point"",""coordinates"":[-10.799999999999999,6.3]}"
248_10,9,5.099264144897461,PERSIANN_CDR,WA011,2020,"{""type"":""Point"",""coordinates"":[1.22,6.130000000000001]}"
248_11,9,5.612585067749023,PERSIANN_CDR,WA012,2020,"{""type"":""Point"",""coordinates"":[2.42,6.37]}"
248_12,9,6.833712100982666,PERSIANN_CDR,WA013,2020,"{""type"":""Point"",""coordinates"":[8.52,12.05]}"
248_13,9,6.01753568649292,PERSIANN_CDR,WA014,2020,"{""type"":""Point"",""coordinates"":[-1.62,6.69]}"
248_14,9,13.931215286254883,PERSIANN_CDR,WA015,2020,"{""type"":""Point"",""coordinates"":[-16.680000000000003,13.45]}"
249_0,10,1.4466394186019897,PERSIANN_CDR,WA001,2020,"{""type"":""Point"",""coordinates"":[-17.470000000000002,14.73]}"
249_1,10,3.0201895236968994,PERSIANN_CDR,WA002,2020,"{""type"":""Point"",""coordinates"":[-7.949999999999998,12.65]}"
249_2,10,1.904462218284607,PERSIANN_CDR,WA003,2020,"{""type"":""Point"",""coordinates"":[-1.5200000000000002,12.360000000000001]}"
249_3,10,0.8216124773025513,PERSIANN_CDR,WA004,2020,"{""type"":""Point"",""coordinates"":[2.17,13.51]}"
249_4,10,5.24668550491333,PERSIANN_CDR,WA005,2020,"{""type"":""Point"",""coordinates"":[7.33,9.07]}"
249_5,10,5.680802822113037,PERSIANN_CDR,WA006,2020,"{""type"":""Point"",""coordinates"":[-0.17,5.56]}"
249_6,10,12.141197204589844,PERSIANN_CDR,WA007,2020,"{""type"":""Point"",""coordinates"":[-3.9299999999999997,5.349999999999999]}"
249_7,10,13.06867790222168,PERSIANN_CDR,WA008,2020,"{""type"":""Point"",""coordinates"":[-13.67,9.53]}"
249_8,10,13.255390167236328,PERSIANN_CDR,WA009,2020,"{""type"":""Point"",""coordinates"":[-13.230000000000002,8.489999999999998]}"
249_9,10,13.366990089416504,PERSIANN_CDR,WA010,2020,"{""type"":""Point"",""coordinates"":[-10.799999999999999,6.3]}"
249_10,10,4.631773948669434,PERSIANN_CDR,WA011,2020,"{""type"":""Point"",""coordinates"":[1.22,6.130000000000001]}"
249_11,10,5.8774213790893555,PERSIANN_CDR,WA012,2020,"{""type"":""Point"",""coordinates"":[2.42,6.37]}"
249_12,10,0.9224268198013306,PERSIANN_CDR,WA013,2020,"{""type"":""Point"",""coordinates"":[8.52,12.05]}"
249_13,10,7.115537166595459,PERSIANN_CDR,WA014,2020,"{""type"":""Point"",""coordinates"":[-1.62,6.69]}"
249_14,10,2.817861795425415,PERSIANN_CDR,WA015,2020,"{""type"":""Point"",""coordinates"":[-16.680000000000003,13.45]}"
250_0,11,0.1029384657740593,PERSIANN_CDR,WA001,2020,"{""type"":""Point"",""coordinates"":[-17.470000000000002,14.73]}"
250_1,11,0.012846107594668865,PERSIANN_CDR,WA002,2020,"{""type"":""Point"",""coordinates"":[-7.949999999999998,12.65]}"
250_2,11,0.001076340558938682,PERSIANN_CDR,WA003,2020,"{""type"":""Point"",""coordinates"":[-1.5200000000000002,12.360000000000001]}"
250_3,11,0.0039264545775949955,PERSIANN_CDR,WA004,2020,"{""type"":""Point"",""coordinates"":[2.17,13.51]}"
250_4,11,0.18429316580295563,PERSIANN_CDR,WA005,2020,"{""type"":""Point"",""coordinates"":[7.33,9.07]}"
250_5,11,3.0444676876068115,PERSIANN_CDR,WA006,2020,"{""type"":""Point"",""coordinates"":[-0.17,5.56]}"
250_6,11,7.50027322769165,PERSIANN_CDR,WA007,2020,"{""type"":""Point"",""coordinates"":[-3.9299999999999997,5.349999999999999]}"
250_7,11,2.4949238300323486,PERSIANN_CDR,WA008,2020,"{""type"":""Point"",""coordinates"":[-13.67,9.53]}"
250_8,11,3.2485902309417725,PERSIANN_CDR,WA009,2020,"{""type"":""Point"",""coordinates"":[-13.230000000000002,8.489999999999998]}"
250_9,11,6.874423027038574,PERSIANN_CDR,WA010,2020,"{""type"":""Point"",""coordinates"":[-10.799999999999999,6.3]}"
250_10,11,1.5609639883041382,PERSIANN_CDR,WA011,2020,"{""type"":""Point"",""coordinates"":[1.22,6.130000000000001]}"
250_11,11,1.4779268503189087,PERSIANN_CDR,WA012,2020,"{""type"":""Point"",""coordinates"":[2.42,6.37]}"
250_12,11,0.11041722446680069,PERSIANN_CDR,WA013,2020,"{""type"":""Point"",""coordinates"":[8.52,12.05]}"
250_13,11,3.3839468955993652,PERSIANN_CDR,WA014,2020,"{""type"":""Point"",""coordinates"":[-1.62,6.69]}"
250_14,11,0.14175522327423096,PERSIANN_CDR,WA015,2020,"{""type"":""Point"",""coordinates"":[-16.680000000000003,13.45]}"
251_0,12,0.056068748235702515,PERSIANN_CDR,WA001,2020,"{""type"":""Point"",""coordinates"":[-17.470000000000002,14.73]}"
251_1,12,0.003022621851414442,PERSIANN_CDR,WA002,2020,"{""type"":""Point"",""coordinates"":[-7.949999999999998,12.65]}"
251_2,12,0.003326789475977421,PERSIANN_CDR,WA003,2020,"{""type"":""Point"",""coordinates"":[-1.5200000000000002,12.360000000000001]}"
251_3,12,3.452401433605701E-4,PERSIANN_CDR,WA004,2020,"{""type"":""Point"",""coordinates"":[2.17,13.51]}"
251_4,12,0.0076237088069319725,PERSIANN_CDR,WA005,2020,"{""type"":""Point"",""coordinates"":[7.33,9.07]}"
251_5,12,1.4952677488327026,PERSIANN_CDR,WA006,2020,"{""type"":""Point"",""coordinates"":[-0.17,5.56]}"
251_6,12,1.9559444189071655,PERSIANN_CDR,WA007,2020,"{""type"":""Point"",""coordinates"":[-3.9299999999999997,5.349999999999999]}"
251_7,12,0.078663170337677,PERSIANN_CDR,WA008,2020,"{""type"":""Point"",""coordinates"":[-13.67,9.53]}"
251_8,12,0.5668265223503113,PERSIANN_CDR,WA009,2020,"{""type"":""Point"",""coordinates"":[-13.230000000000002,8.489999999999998]}"
251_9,12,1.7728126049041748,PERSIANN_CDR,WA010,2020,"{""type"":""Point"",""coordinates"":[-10.799999999999999,6.3]}"
251_10,12,1.109402060508728,PERSIANN_CDR,WA011,2020,"{""type"":""Point"",""coordinates"":[1.22,6.130000000000001]}"
251_11,12,0.7757334113121033,PERSIANN_CDR,WA012,2020,"{""type"":""Point"",""coordinates"":[2.42,6.37]}"
251_12,12,0.002570207929238677,PERSIANN_CDR,WA013,2020,"{""type"":""Point"",""coordinates"":[8.52,12.05]}"
251_13,12,1.2527917623519897,PERSIANN_CDR,WA014,2020,"{""type"":""Point"",""coordinates"":[-1.62,6.69]}"
251_14,12,0.02620391920208931,PERSIANN_CDR,WA015,2020,"{""type"":""Point"",""coordinates"":[-16.680000000000003,13.45]}"
252_0,1,,PERSIANN_CDR,WA001,2021,"{""type"":""Point"",""coordinates"":[-17.470000000000002,14.73]}"
252_1,1,,PERSIANN_CDR,WA002,2021,"{""type"":""Point"",""coordinates"":[-7.949999999999998,12.65]}"
252_2,1,,PERSIANN_CDR,WA003,2021,"{""type"":""Point"",""coordinates"":[-1.5200000000000002,12.360000000000001]}"
252_3,1,,PERSIANN_CDR,WA004,2021,"{""type"":""Point"",""coordinates"":[2.17,13.51]}"
252_4,1,,PERSIANN_CDR,WA005,2021,"{""type"":""Point"",""coordinates"":[7.33,9.07]}"
252_5,1,,PERSIANN_CDR,WA006,2021,"{""type"":""Point"",""coordinates"":[-0.17,5.56]}"
252_6,1,,PERSIANN_CDR,WA007,2021,"{""type"":""Point"",""coordinates"":[-3.9299999999999997,5.349999999999999]}"
252_7,1,,PERSIANN_CDR,WA008,2021,"{""type"":""Point"",""coordinates"":[-13.67,9.53]}"
252_8,1,,PERSIANN_CDR,WA009,2021,"{""type"":""Point"",""coordinates"":[-13.230000000000002,8.489999999999998]}"
252_9,1,,PERSIANN_CDR,WA010,2021,"{""type"":""Point"",""coordinates"":[-10.799999999999999,6.3]}"
252_10,1,,PERSIANN_CDR,WA011,2021,"{""type"":""Point"",""coordinates"":[1.22,6.130000000000001]}"
252_11,1,,PERSIANN_CDR,WA012,2021,"{""type"":""Point"",""coordinates"":[2.42,6.37]}"
252_12,1,,PERSIANN_CDR,WA013,2021,"{""type"":""Point"",""coordinates"":[8.52,12.05]}"
252_13,1,,PERSIANN_CDR,WA014,2021,"{""type"":""Point"",""coordinates"":[-1.62,6.69]}"
252_14,1,,PERSIANN_CDR,WA015,2021,"{""type"":""Point"",""coordinates"":[-16.680000000000003,13.45]}"
253_0,2,,PERSIANN_CDR,WA001,2021,"{""type"":""Point"",""coordinates"":[-17.470000000000002,14.73]}"
253_1,2,,PERSIANN_CDR,WA002,2021,"{""type"":""Point"",""coordinates"":[-7.949999999999998,12.65]}"
253_2,2,,PERSIANN_CDR,WA003,2021,"{""type"":""Point"",""coordinates"":[-1.5200000000000002,12.360000000000001]}"
253_3,2,,PERSIANN_CDR,WA004,2021,"{""type"":""Point"",""coordinates"":[2.17,13.51]}"
253_4,2,,PERSIANN_CDR,WA005,2021,"{""type"":""Point"",""coordinates"":[7.33,9.07]}"
253_5,2,,PERSIANN_CDR,WA006,2021,"{""type"":""Point"",""coordinates"":[-0.17,5.56]}"
253_6,2,,PERSIANN_CDR,WA007,2021,"{""type"":""Point"",""coordinates"":[-3.9299999999999997,5.349999999999999]}"
253_7,2,,PERSIANN_CDR,WA008,2021,"{""type"":""Point"",""coordinates"":[-13.67,9.53]}"
253_8,2,,PERSIANN_CDR,WA009,2021,"{""type"":""Point"",""coordinates"":[-13.230000000000002,8.489999999999998]}"
253_9,2,,PERSIANN_CDR,WA010,2021,"{""type"":""Point"",""coordinates"":[-10.799999999999999,6.3]}"
253_10,2,,PERSIANN_CDR,WA011,2021,"{""type"":""Point"",""coordinates"":[1.22,6.130000000000001]}"
253_11,2,,PERSIANN_CDR,WA012,2021,"{""type"":""Point"",""coordinates"":[2.42,6.37]}"
253_12,2,,PERSIANN_CDR,WA013,2021,"{""type"":""Point"",""coordinates"":[8.52,12.05]}"
253_13,2,,PERSIANN_CDR,WA014,2021,"{""type"":""Point"",""coordinates"":[-1.62,6.69]}"
253_14,2,,PERSIANN_CDR,WA015,2021,"{""type"":""Point"",""coordinates"":[-16.680000000000003,13.45]}"
254_0,3,,PERSIANN_CDR,WA001,2021,"{""type"":""Point"",""coordinates"":[-17.470000000000002,14.73]}"
254_1,3,,PERSIANN_CDR,WA002,2021,"{""type"":""Point"",""coordinates"":[-7.949999999999998,12.65]}"
254_2,3,,PERSIANN_CDR,WA003,2021,"{""type"":""Point"",""coordinates"":[-1.5200000000000002,12.360000000000001]}"
254_3,3,,PERSIANN_CDR,WA004,2021,"{""type"":""Point"",""coordinates"":[2.17,13.51]}"
254_4,3,,PERSIANN_CDR,WA005,2021,"{""type"":""Point"",""coordinates"":[7.33,9.07]}"
254_5,3,,PERSIANN_CDR,WA006,2021,"{""type"":""Point"",""coordinates"":[-0.17,5.56]}"
254_6,3,,PERSIANN_CDR,WA007,2021,"{""type"":""Point"",""coordinates"":[-3.9299999999999997,5.349999999999999]}"
254_7,3,,PERSIANN_CDR,WA008,2021,"{""type"":""Point"",""coordinates"":[-13.67,9.53]}"
254_8,3,,PERSIANN_CDR,WA009,2021,"{""type"":""Point"",""coordinates"":[-13.230000000000002,8.489999999999998]}"
254_9,3,,PERSIANN_CDR,WA010,2021,"{""type"":""Point"",""coordinates"":[-10.799999999999999,6.3]}"
254_10,3,,PERSIANN_CDR,WA011,2021,"{""type"":""Point"",""coordinates"":[1.22,6.130000000000001]}"
254_11,3,,PERSIANN_CDR,WA012,2021,"{""type"":""Point"",""coordinates"":[2.42,6.37]}"
254_12,3,,PERSIANN_CDR,WA013,2021,"{""type"":""Point"",""coordinates"":[8.52,12.05]}"
254_13,3,,PERSIANN_CDR,WA014,2021,"{""type"":""Point"",""coordinates"":[-1.62,6.69]}"
254_14,3,,PERSIANN_CDR,WA015,2021,"{""type"":""Point"",""coordinates"":[-16.680000000000003,13.45]}"
255_0,4,,PERSIANN_CDR,WA001,2021,"{""type"":""Point"",""coordinates"":[-17.470000000000002,14.73]}"
255_1,4,,PERSIANN_CDR,WA002,2021,"{""type"":""Point"",""coordinates"":[-7.949999999999998,12.65]}"
255_2,4,,PERSIANN_CDR,WA003,2021,"{""type"":""Point"",""coordinates"":[-1.5200000000000002,12.360000000000001]}"
255_3,4,,PERSIANN_CDR,WA004,2021,"{""type"":""Point"",""coordinates"":[2.17,13.51]}"
255_4,4,,PERSIANN_CDR,WA005,2021,"{""type"":""Point"",""coordinates"":[7.33,9.07]}"
255_5,4,,PERSIANN_CDR,WA006,2021,"{""type"":""Point"",""coordinates"":[-0.17,5.56]}"
255_6,4,,PERSIANN_CDR,WA007,2021,"{""type"":""Point"",""coordinates"":[-3.9299999999999997,5.349999999999999]}"
255_7,4,,PERSIANN_CDR,WA008,2021,"{""type"":""Point"",""coordinates"":[-13.67,9.53]}"
255_8,4,,PERSIANN_CDR,WA009,2021,"{""type"":""Point"",""coordinates"":[-13.230000000000002,8.489999999999998]}"
255_9,4,,PERSIANN_CDR,WA010,2021,"{""type"":""Point"",""coordinates"":[-10.799999999999999,6.3]}"
255_10,4,,PERSIANN_CDR,WA011,2021,"{""type"":""Point"",""coordinates"":[1.22,6.130000000000001]}"
255_11,4,,PERSIANN_CDR,WA012,2021,"{""type"":""Point"",""coordinates"":[2.42,6.37]}"
255_12,4,,PERSIANN_CDR,WA013,2021,"{""type"":""Point"",""coordinates"":[8.52,12.05]}"
255_13,4,,PERSIANN_CDR,WA014,2021,"{""type"":""Point"",""coordinates"":[-1.62,6.69]}"
255_14,4,,PERSIANN_CDR,WA015,2021,"{""type"":""Point"",""coordinates"":[-16.680000000000003,13.45]}"
256_0,5,,PERSIANN_CDR,WA001,2021,"{""type"":""Point"",""coordinates"":[-17.470000000000002,14.73]}"
256_1,5,,PERSIANN_CDR,WA002,2021,"{""type"":""Point"",""coordinates"":[-7.949999999999998,12.65]}"
256_2,5,,PERSIANN_CDR,WA003,2021,"{""type"":""Point"",""coordinates"":[-1.5200000000000002,12.360000000000001]}"
256_3,5,,PERSIANN_CDR,WA004,2021,"{""type"":""Point"",""coordinates"":[2.17,13.51]}"
256_4,5,,PERSIANN_CDR,WA005,2021,"{""type"":""Point"",""coordinates"":[7.33,9.07]}"
256_5,5,,PERSIANN_CDR,WA006,2021,"{""type"":""Point"",""coordinates"":[-0.17,5.56]}"
256_6,5,,PERSIANN_CDR,WA007,2021,"{""type"":""Point"",""coordinates"":[-3.9299999999999997,5.349999999999999]}"
256_7,5,,PERSIANN_CDR,WA008,2021,"{""type"":""Point"",""coordinates"":[-13.67,9.53]}"
256_8,5,,PERSIANN_CDR,WA009,2021,"{""type"":""Point"",""coordinates"":[-13.230000000000002,8.489999999999998]}"
256_9,5,,PERSIANN_CDR,WA010,2021,"{""type"":""Point"",""coordinates"":[-10.799999999999999,6.3]}"
256_10,5,,PERSIANN_CDR,WA011,2021,"{""type"":""Point"",""coordinates"":[1.22,6.130000000000001]}"
256_11,5,,PERSIANN_CDR,WA012,2021,"{""type"":""Point"",""coordinates"":[2.42,6.37]}"
256_12,5,,PERSIANN_CDR,WA013,2021,"{""type"":""Point"",""coordinates"":[8.52,12.05]}"
256_13,5,,PERSIANN_CDR,WA014,2021,"{""type"":""Point"",""coordinates"":[-1.62,6.69]}"
256_14,5,,PERSIANN_CDR,WA015,2021,"{""type"":""Point"",""coordinates"":[-16.680000000000003,13.45]}"
257_0,6,,PERSIANN_CDR,WA001,2021,"{""type"":""Point"",""coordinates"":[-17.470000000000002,14.73]}"
257_1,6,,PERSIANN_CDR,WA002,2021,"{""type"":""Point"",""coordinates"":[-7.949999999999998,12.65]}"
257_2,6,,PERSIANN_CDR,WA003,2021,"{""type"":""Point"",""coordinates"":[-1.5200000000000002,12.360000000000001]}"
257_3,6,,PERSIANN_CDR,WA004,2021,"{""type"":""Point"",""coordinates"":[2.17,13.51]}"
257_4,6,,PERSIANN_CDR,WA005,2021,"{""type"":""Point"",""coordinates"":[7.33,9.07]}"
257_5,6,,PERSIANN_CDR,WA006,2021,"{""type"":""Point"",""coordinates"":[-0.17,5.56]}"
257_6,6,,PERSIANN_CDR,WA007,2021,"{""type"":""Point"",""coordinates"":[-3.9299999999999997,5.349999999999999]}"
257_7,6,,PERSIANN_CDR,WA008,2021,"{""type"":""Point"",""coordinates"":[-13.67,9.53]}"
257_8,6,,PERSIANN_CDR,WA009,2021,"{""type"":""Point"",""coordinates"":[-13.230000000000002,8.489999999999998]}"
257_9,6,,PERSIANN_CDR,WA010,2021,"{""type"":""Point"",""coordinates"":[-10.799999999999999,6.3]}"
257_10,6,,PERSIANN_CDR,WA011,2021,"{""type"":""Point"",""coordinates"":[1.22,6.130000000000001]}"
257_11,6,,PERSIANN_CDR,WA012,2021,"{""type"":""Point"",""coordinates"":[2.42,6.37]}"
257_12,6,,PERSIANN_CDR,WA013,2021,"{""type"":""Point"",""coordinates"":[8.52,12.05]}"
257_13,6,,PERSIANN_CDR,WA014,2021,"{""type"":""Point"",""coordinates"":[-1.62,6.69]}"
257_14,6,,PERSIANN_CDR,WA015,2021,"{""type"":""Point"",""coordinates"":[-16.680000000000003,13.45]}"
258_0,7,,PERSIANN_CDR,WA001,2021,"{""type"":""Point"",""coordinates"":[-17.470000000000002,14.73]}"
258_1,7,,PERSIANN_CDR,WA002,2021,"{""type"":""Point"",""coordinates"":[-7.949999999999998,12.65]}"
258_2,7,,PERSIANN_CDR,WA003,2021,"{""type"":""Point"",""coordinates"":[-1.5200000000000002,12.360000000000001]}"
258_3,7,,PERSIANN_CDR,WA004,2021,"{""type"":""Point"",""coordinates"":[2.17,13.51]}"
258_4,7,,PERSIANN_CDR,WA005,2021,"{""type"":""Point"",""coordinates"":[7.33,9.07]}"
258_5,7,,PERSIANN_CDR,WA006,2021,"{""type"":""Point"",""coordinates"":[-0.17,5.56]}"
258_6,7,,PERSIANN_CDR,WA007,2021,"{""type"":""Point"",""coordinates"":[-3.9299999999999997,5.349999999999999]}"
258_7,7,,PERSIANN_CDR,WA008,2021,"{""type"":""Point"",""coordinates"":[-13.67,9.53]}"
258_8,7,,PERSIANN_CDR,WA009,2021,"{""type"":""Point"",""coordinates"":[-13.230000000000002,8.489999999999998]}"
258_9,7,,PERSIANN_CDR,WA010,2021,"{""type"":""Point"",""coordinates"":[-10.799999999999999,6.3]}"
258_10,7,,PERSIANN_CDR,WA011,2021,"{""type"":""Point"",""coordinates"":[1.22,6.130000000000001]}"
258_11,7,,PERSIANN_CDR,WA012,2021,"{""type"":""Point"",""coordinates"":[2.42,6.37]}"
258_12,7,,PERSIANN_CDR,WA013,2021,"{""type"":""Point"",""coordinates"":[8.52,12.05]}"
258_13,7,,PERSIANN_CDR,WA014,2021,"{""type"":""Point"",""coordinates"":[-1.62,6.69]}"
258_14,7,,PERSIANN_CDR,WA015,2021,"{""type"":""Point"",""coordinates"":[-16.680000000000003,13.45]}"
259_0,8,,PERSIANN_CDR,WA001,2021,"{""type"":""Point"",""coordinates"":[-17.470000000000002,14.73]}"
259_1,8,,PERSIANN_CDR,WA002,2021,"{""type"":""Point"",""coordinates"":[-7.949999999999998,12.65]}"
259_2,8,,PERSIANN_CDR,WA003,2021,"{""type"":""Point"",""coordinates"":[-1.5200000000000002,12.360000000000001]}"
259_3,8,,PERSIANN_CDR,WA004,2021,"{""type"":""Point"",""coordinates"":[2.17,13.51]}"
259_4,8,,PERSIANN_CDR,WA005,2021,"{""type"":""Point"",""coordinates"":[7.33,9.07]}"
259_5,8,,PERSIANN_CDR,WA006,2021,"{""type"":""Point"",""coordinates"":[-0.17,5.56]}"
259_6,8,,PERSIANN_CDR,WA007,2021,"{""type"":""Point"",""coordinates"":[-3.9299999999999997,5.349999999999999]}"
259_7,8,,PERSIANN_CDR,WA008,2021,"{""type"":""Point"",""coordinates"":[-13.67,9.53]}"
259_8,8,,PERSIANN_CDR,WA009,2021,"{""type"":""Point"",""coordinates"":[-13.230000000000002,8.489999999999998]}"
259_9,8,,PERSIANN_CDR,WA010,2021,"{""type"":""Point"",""coordinates"":[-10.799999999999999,6.3]}"
259_10,8,,PERSIANN_CDR,WA011,2021,"{""type"":""Point"",""coordinates"":[1.22,6.130000000000001]}"
259_11,8,,PERSIANN_CDR,WA012,2021,"{""type"":""Point"",""coordinates"":[2.42,6.37]}"
259_12,8,,PERSIANN_CDR,WA013,2021,"{""type"":""Point"",""coordinates"":[8.52,12.05]}"
259_13,8,,PERSIANN_CDR,WA014,2021,"{""type"":""Point"",""coordinates"":[-1.62,6.69]}"
259_14,8,,PERSIANN_CDR,WA015,2021,"{""type"":""Point"",""coordinates"":[-16.680000000000003,13.45]}"
260_0,9,,PERSIANN_CDR,WA001,2021,"{""type"":""Point"",""coordinates"":[-17.470000000000002,14.73]}"
260_1,9,,PERSIANN_CDR,WA002,2021,"{""type"":""Point"",""coordinates"":[-7.949999999999998,12.65]}"
260_2,9,,PERSIANN_CDR,WA003,2021,"{""type"":""Point"",""coordinates"":[-1.5200000000000002,12.360000000000001]}"
260_3,9,,PERSIANN_CDR,WA004,2021,"{""type"":""Point"",""coordinates"":[2.17,13.51]}"
260_4,9,,PERSIANN_CDR,WA005,2021,"{""type"":""Point"",""coordinates"":[7.33,9.07]}"
260_5,9,,PERSIANN_CDR,WA006,2021,"{""type"":""Point"",""coordinates"":[-0.17,5.56]}"
260_6,9,,PERSIANN_CDR,WA007,2021,"{""type"":""Point"",""coordinates"":[-3.9299999999999997,5.349999999999999]}"
260_7,9,,PERSIANN_CDR,WA008,2021,"{""type"":""Point"",""coordinates"":[-13.67,9.53]}"
260_8,9,,PERSIANN_CDR,WA009,2021,"{""type"":""Point"",""coordinates"":[-13.230000000000002,8.489999999999998]}"
260_9,9,,PERSIANN_CDR,WA010,2021,"{""type"":""Point"",""coordinates"":[-10.799999999999999,6.3]}"
260_10,9,,PERSIANN_CDR,WA011,2021,"{""type"":""Point"",""coordinates"":[1.22,6.130000000000001]}"
260_11,9,,PERSIANN_CDR,WA012,2021,"{""type"":""Point"",""coordinates"":[2.42,6.37]}"
260_12,9,,PERSIANN_CDR,WA013,2021,"{""type"":""Point"",""coordinates"":[8.52,12.05]}"
260_13,9,,PERSIANN_CDR,WA014,2021,"{""type"":""Point"",""coordinates"":[-1.62,6.69]}"
260_14,9,,PERSIANN_CDR,WA015,2021,"{""type"":""Point"",""coordinates"":[-16.680000000000003,13.45]}"
261_0,10,,PERSIANN_CDR,WA001,2021,"{""type"":""Point"",""coordinates"":[-17.470000000000002,14.73]}"
261_1,10,,PERSIANN_CDR,WA002,2021,"{""type"":""Point"",""coordinates"":[-7.949999999999998,12.65]}"
261_2,10,,PERSIANN_CDR,WA003,2021,"{""type"":""Point"",""coordinates"":[-1.5200000000000002,12.360000000000001]}"
261_3,10,,PERSIANN_CDR,WA004,2021,"{""type"":""Point"",""coordinates"":[2.17,13.51]}"
261_4,10,,PERSIANN_CDR,WA005,2021,"{""type"":""Point"",""coordinates"":[7.33,9.07]}"
261_5,10,,PERSIANN_CDR,WA006,2021,"{""type"":""Point"",""coordinates"":[-0.17,5.56]}"
261_6,10,,PERSIANN_CDR,WA007,2021,"{""type"":""Point"",""coordinates"":[-3.9299999999999997,5.349999999999999]}"
261_7,10,,PERSIANN_CDR,WA008,2021,"{""type"":""Point"",""coordinates"":[-13.67,9.53]}"
261_8,10,,PERSIANN_CDR,WA009,2021,"{""type"":""Point"",""coordinates"":[-13.230000000000002,8.489999999999998]}"
261_9,10,,PERSIANN_CDR,WA010,2021,"{""type"":""Point"",""coordinates"":[-10.799999999999999,6.3]}"
261_10,10,,PERSIANN_CDR,WA011,2021,"{""type"":""Point"",""coordinates"":[1.22,6.130000000000001]}"
261_11,10,,PERSIANN_CDR,WA012,2021,"{""type"":""Point"",""coordinates"":[2.42,6.37]}"
261_12,10,,PERSIANN_CDR,WA013,2021,"{""type"":""Point"",""coordinates"":[8.52,12.05]}"
261_13,10,,PERSIANN_CDR,WA014,2021,"{""type"":""Point"",""coordinates"":[-1.62,6.69]}"
261_14,10,,PERSIANN_CDR,WA015,2021,"{""type"":""Point"",""coordinates"":[-16.680000000000003,13.45]}"
262_0,11,,PERSIANN_CDR,WA001,2021,"{""type"":""Point"",""coordinates"":[-17.470000000000002,14.73]}"
262_1,11,,PERSIANN_CDR,WA002,2021,"{""type"":""Point"",""coordinates"":[-7.949999999999998,12.65]}"
262_2,11,,PERSIANN_CDR,WA003,2021,"{""type"":""Point"",""coordinates"":[-1.5200000000000002,12.360000000000001]}"
262_3,11,,PERSIANN_CDR,WA004,2021,"{""type"":""Point"",""coordinates"":[2.17,13.51]}"
262_4,11,,PERSIANN_CDR,WA005,2021,"{""type"":""Point"",""coordinates"":[7.33,9.07]}"
262_5,11,,PERSIANN_CDR,WA006,2021,"{""type"":""Point"",""coordinates"":[-0.17,5.56]}"
262_6,11,,PERSIANN_CDR,WA007,2021,"{""type"":""Point"",""coordinates"":[-3.9299999999999997,5.349999999999999]}"
262_7,11,,PERSIANN_CDR,WA008,2021,"{""type"":""Point"",""coordinates"":[-13.67,9.53]}"
262_8,11,,PERSIANN_CDR,WA009,2021,"{""type"":""Point"",""coordinates"":[-13.230000000000002,8.489999999999998]}"
262_9,11,,PERSIANN_CDR,WA010,2021,"{""type"":""Point"",""coordinates"":[-10.799999999999999,6.3]}"
262_10,11,,PERSIANN_CDR,WA011,2021,"{""type"":""Point"",""coordinates"":[1.22,6.130000000000001]}"
262_11,11,,PERSIANN_CDR,WA012,2021,"{""type"":""Point"",""coordinates"":[2.42,6.37]}"
262_12,11,,PERSIANN_CDR,WA013,2021,"{""type"":""Point"",""coordinates"":[8.52,12.05]}"
262_13,11,,PERSIANN_CDR,WA014,2021,"{""type"":""Point"",""coordinates"":[-1.62,6.69]}"
262_14,11,,PERSIANN_CDR,WA015,2021,"{""type"":""Point"",""coordinates"":[-16.680000000000003,13.45]}"
263_0,12,,PERSIANN_CDR,WA001,2021,"{""type"":""Point"",""coordinates"":[-17.470000000000002,14.73]}"
263_1,12,,PERSIANN_CDR,WA002,2021,"{""type"":""Point"",""coordinates"":[-7.949999999999998,12.65]}"
263_2,12,,PERSIANN_CDR,WA003,2021,"{""type"":""Point"",""coordinates"":[-1.5200000000000002,12.360000000000001]}"
263_3,12,,PERSIANN_CDR,WA004,2021,"{""type"":""Point"",""coordinates"":[2.17,13.51]}"
263_4,12,,PERSIANN_CDR,WA005,2021,"{""type"":""Point"",""coordinates"":[7.33,9.07]}"
263_5,12,,PERSIANN_CDR,WA006,2021,"{""type"":""Point"",""coordinates"":[-0.17,5.56]}"
263_6,12,,PERSIANN_CDR,WA007,2021,"{""type"":""Point"",""coordinates"":[-3.9299999999999997,5.349999999999999]}"
263_7,12,,PERSIANN_CDR,WA008,2021,"{""type"":""Point"",""coordinates"":[-13.67,9.53]}"
263_8,12,,PERSIANN_CDR,WA009,2021,"{""type"":""Point"",""coordinates"":[-13.230000000000002,8.489999999999998]}"
263_9,12,,PERSIANN_CDR,WA010,2021,"{""type"":""Point"",""coordinates"":[-10.799999999999999,6.3]}"
263_10,12,,PERSIANN_CDR,WA011,2021,"{""type"":""Point"",""coordinates"":[1.22,6.130000000000001]}"
263_11,12,,PERSIANN_CDR,WA012,2021,"{""type"":""Point"",""coordinates"":[2.42,6.37]}"
263_12,12,,PERSIANN_CDR,WA013,2021,"{""type"":""Point"",""coordinates"":[8.52,12.05]}"
263_13,12,,PERSIANN_CDR,WA014,2021,"{""type"":""Point"",""coordinates"":[-1.62,6.69]}"
263_14,12,,PERSIANN_CDR,WA015,2021,"{""type"":""Point"",""coordinates"":[-16.680000000000003,13.45]}"
