system:index,month,precip_mm_day,product,station_id,year,.geo
200001_0,1,0.047658976167440414,ERA5_LAND,WA001,2000,"{""type"":""Point"",""coordinates"":[-17.470000000000002,14.73]}"
200001_1,1,0.014139129780232906,ERA5_LAND,WA002,2000,"{""type"":""Point"",""coordinates"":[-7.949999999999998,12.65]}"
200001_2,1,0.0027298456989228725,ERA5_LAND,WA003,2000,"{""type"":""Point"",""coordinates"":[-1.5200000000000002,12.360000000000001]}"
200001_3,1,0.0010673933429643512,ERA5_LAND,WA004,2000,"{""type"":""Point"",""coordinates"":[2.17,13.51]}"
200001_4,1,0.01967289298772812,ERA5_LAND,WA005,2000,"{""type"":""Point"",""coordinates"":[7.33,9.07]}"
200001_5,1,1.2156693935394287,ERA5_LAND,WA006,2000,"{""type"":""Point"",""coordinates"":[-0.17,5.56]}"
200001_6,1,3.907525062561035,ERA5_LAND,WA007,2000,"{""type"":""Point"",""coordinates"":[-3.9299999999999997,5.349999999999999]}"
200001_7,1,0.41205498576164246,ERA5_LAND,WA008,2000,"{""type"":""Point"",""coordinates"":[-13.67,9.53]}"
200001_8,1,3.2886760234832764,ERA5_LAND,WA009,2000,"{""type"":""Point"",""coordinates"":[-13.230000000000002,8.489999999999998]}"
200001_9,1,6.019587993621826,ERA5_LAND,WA010,2000,"{""type"":""Point"",""coordinates"":[-10.799999999999999,6.3]}"
200001_10,1,1.375446081161499,ERA5_LAND,WA011,2000,"{""type"":""Point"",""coordinates"":[1.22,6.130000000000001]}"
200001_11,1,1.6200391054153442,ERA5_LAND,WA012,2000,"{""type"":""Point"",""coordinates"":[2.42,6.37]}"
200001_12,1,0.0010534297907724977,ERA5_LAND,WA013,2000,"{""type"":""Point"",""coordinates"":[8.52,12.05]}"
200001_13,1,2.5528151988983154,ERA5_LAND,WA014,2000,"{""type"":""Point"",""coordinates"":[-1.62,6.69]}"
200001_14,1,0.002566749230027199,ERA5_LAND,WA015,2000,"{""type"":""Point"",""coordinates"":[-16.680000000000003,13.45]}"
200002_0,2,0.011446737684309483,ERA5_LAND,WA001,2000,"{""type"":""Point"",""coordinates"":[-17.470000000000002,14.73]}"
200002_1,2,0.0013319322606548667,ERA5_LAND,WA002,2000,"{""type"":""Point"",""coordinates"":[-7.949999999999998,12.65]}"
200002_2,2,0.0013319322606548667,ERA5_LAND,WA003,2000,"{""type"":""Point"",""coordinates"":[-1.5200000000000002,12.360000000000001]}"
200002_3,2,0.0013319322606548667,ERA5_LAND,WA004,2000,"{""type"":""Point"",""coordinates"":[2.17,13.51]}"
200002_4,2,0.0013324872124940157,ERA5_LAND,WA005,2000,"{""type"":""Point"",""coordinates"":[7.33,9.07]}"
200002_5,2,0.4170231819152832,ERA5_LAND,WA006,2000,"{""type"":""Point"",""coordinates"":[-0.17,5.56]}"
200002_6,2,1.3784395456314087,ERA5_LAND,WA007,2000,"{""type"":""Point"",""coordinates"":[-3.9299999999999997,5.349999999999999]}"
200002_7,2,0.0634155347943306,ERA5_LAND,WA008,2000,"{""type"":""Point"",""coordinates"":[-13.67,9.53]}"
200002_8,2,0.5590112209320068,ERA5_LAND,WA009,2000,"{""type"":""Point"",""coordinates"":[-13.230000000000002,8.489999999999998]}"
200002_9,2,1.819957971572876,ERA5_LAND,WA010,2000,"{""type"":""Point"",""coordinates"":[-10.799999999999999,6.3]}"
200002_10,2,0.53276127576828,ERA5_LAND,WA011,2000,"{""type"":""Point"",""coordinates"":[1.22,6.130000000000001]}"
200002_11,2,0.4665694236755371,ERA5_LAND,WA012,2000,"{""type"":""Point"",""coordinates"":[2.42,6.37]}"
200002_12,2,0.0013319322606548667,ERA5_LAND,WA013,2000,"{""type"":""Point"",""coordinates"":[8.52,12.05]}"
200002_13,2,0.11014936864376068,ERA5_LAND,WA014,2000,"{""type"":""Point"",""coordinates"":[-1.62,6.69]}"
200002_14,2,0.0042086453177034855,ERA5_LAND,WA015,2000,"{""type"":""Point"",""coordinates"":[-16.680000000000003,13.45]}"
200003_0,3,8.744299411773682E-4,ERA5_LAND,WA001,2000,"{""type"":""Point"",""coordinates"":[-17.470000000000002,14.73]}"
200003_1,3,0.07911507785320282,ERA5_LAND,WA002,2000,"{""type"":""Point"",""coordinates"":[-7.949999999999998,12.65]}"
200003_2,3,0.0021659787744283676,ERA5_LAND,WA003,2000,"{""type"":""Point"",""coordinates"":[-1.5200000000000002,12.360000000000001]}"
200003_3,3,8.451082976534963E-4,ERA5_LAND,WA004,2000,"{""type"":""Point"",""coordinates"":[2.17,13.51]}"
200003_4,3,0.5419151782989502,ERA5_LAND,WA005,2000,"{""type"":""Point"",""coordinates"":[7.33,9.07]}"
200003_5,3,0.7958710789680481,ERA5_LAND,WA006,2000,"{""type"":""Point"",""coordinates"":[-0.17,5.56]}"
200003_6,3,2.166384696960449,ERA5_LAND,WA007,2000,"{""type"":""Point"",""coordinates"":[-3.9299999999999997,5.349999999999999]}"
200003_7,3,0.07131500542163849,ERA5_LAND,WA008,2000,"{""type"":""Point"",""coordinates"":[-13.67,9.53]}"
200003_8,3,0.3180028200149536,ERA5_LAND,WA009,2000,"{""type"":""Point"",""coordinates"":[-13.230000000000002,8.489999999999998]}"
200003_9,3,4.1976399421691895,ERA5_LAND,WA010,2000,"{""type"":""Point"",""coordinates"":[-10.799999999999999,6.3]}"
200003_10,3,0.8123013973236084,ERA5_LAND,WA011,2000,"{""type"":""Point"",""coordinates"":[1.22,6.130000000000001]}"
200003_11,3,1.4416639804840088,ERA5_LAND,WA012,2000,"{""type"":""Point"",""coordinates"":[2.42,6.37]}"
200003_12,3,8.451082976534963E-4,ERA5_LAND,WA013,2000,"{""type"":""Point"",""coordinates"":[8.52,12.05]}"
200003_13,3,1.2294409275054932,ERA5_LAND,WA014,2000,"{""type"":""Point"",""coordinates"":[-1.62,6.69]}"
200003_14,3,9.330345783382654E-4,ERA5_LAND,WA015,2000,"{""type"":""Point"",""coordinates"":[-16.680000000000003,13.45]}"
200004_0,4,0.003271449124440551,ERA5_LAND,WA001,2000,"{""type"":""Point"",""coordinates"":[-17.470000000000002,14.73]}"
200004_1,4,0.09197770804166794,ERA5_LAND,WA002,2000,"{""type"":""Point"",""coordinates"":[-7.949999999999998,12.65]}"
200004_2,4,0.11436495929956436,ERA5_LAND,WA003,2000,"{""type"":""Point"",""coordinates"":[-1.5200000000000002,12.360000000000001]}"
200004_3,4,0.0012948603834956884,ERA5_LAND,WA004,2000,"{""type"":""Point"",""coordinates"":[2.17,13.51]}"
200004_4,4,1.2173048257827759,ERA5_LAND,WA005,2000,"{""type"":""Point"",""coordinates"":[7.33,9.07]}"
200004_5,4,1.6546006202697754,ERA5_LAND,WA006,2000,"{""type"":""Point"",""coordinates"":[-0.17,5.56]}"
200004_6,4,3.140655040740967,ERA5_LAND,WA007,2000,"{""type"":""Point"",""coordinates"":[-3.9299999999999997,5.349999999999999]}"
200004_7,4,0.2743813991546631,ERA5_LAND,WA008,2000,"{""type"":""Point"",""coordinates"":[-13.67,9.53]}"
200004_8,4,2.8955612182617188,ERA5_LAND,WA009,2000,"{""type"":""Point"",""coordinates"":[-13.230000000000002,8.489999999999998]}"
200004_9,4,7.447134971618652,ERA5_LAND,WA010,2000,"{""type"":""Point"",""coordinates"":[-10.799999999999999,6.3]}"
200004_10,4,1.9446717500686646,ERA5_LAND,WA011,2000,"{""type"":""Point"",""coordinates"":[1.22,6.130000000000001]}"
200004_11,4,2.8257975578308105,ERA5_LAND,WA012,2000,"{""type"":""Point"",""coordinates"":[2.42,6.37]}"
200004_12,4,0.0010008837562054396,ERA5_LAND,WA013,2000,"{""type"":""Point"",""coordinates"":[8.52,12.05]}"
200004_13,4,1.69779372215271,ERA5_LAND,WA014,2000,"{""type"":""Point"",""coordinates"":[-1.62,6.69]}"
200004_14,4,0.020819054916501045,ERA5_LAND,WA015,2000,"{""type"":""Point"",""coordinates"":[-16.680000000000003,13.45]}"
200005_0,5,0.0011447309516370296,ERA5_LAND,WA001,2000,"{""type"":""Point"",""coordinates"":[-17.470000000000002,14.73]}"
200005_1,5,1.2519038915634155,ERA5_LAND,WA002,2000,"{""type"":""Point"",""coordinates"":[-7.949999999999998,12.65]}"
200005_2,5,1.0001579523086548,ERA5_LAND,WA003,2000,"{""type"":""Point"",""coordinates"":[-1.5200000000000002,12.360000000000001]}"
200005_3,5,0.046294283121824265,ERA5_LAND,WA004,2000,"{""type"":""Point"",""coordinates"":[2.17,13.51]}"
200005_4,5,4.595057964324951,ERA5_LAND,WA005,2000,"{""type"":""Point"",""coordinates"":[7.33,9.07]}"
200005_5,5,4.683234214782715,ERA5_LAND,WA006,2000,"{""type"":""Point"",""coordinates"":[-0.17,5.56]}"
200005_6,5,7.4409050941467285,ERA5_LAND,WA007,2000,"{""type"":""Point"",""coordinates"":[-3.9299999999999997,5.349999999999999]}"
200005_7,5,3.6913912296295166,ERA5_LAND,WA008,2000,"{""type"":""Point"",""coordinates"":[-13.67,9.53]}"
200005_8,5,9.011337280273438,ERA5_LAND,WA009,2000,"{""type"":""Point"",""coordinates"":[-13.230000000000002,8.489999999999998]}"
200005_9,5,11.554468154907227,ERA5_LAND,WA010,2000,"{""type"":""Point"",""coordinates"":[-10.799999999999999,6.3]}"
200005_10,5,5.799031734466553,ERA5_LAND,WA011,2000,"{""type"":""Point"",""coordinates"":[1.22,6.130000000000001]}"
200005_11,5,6.453313827514648,ERA5_LAND,WA012,2000,"{""type"":""Point"",""coordinates"":[2.42,6.37]}"
200005_12,5,0.26471489667892456,ERA5_LAND,WA013,2000,"{""type"":""Point"",""coordinates"":[8.52,12.05]}"
200005_13,5,4.153692722320557,ERA5_LAND,WA014,2000,"{""type"":""Point"",""coordinates"":[-1.62,6.69]}"
200005_14,5,0.001756955054588616,ERA5_LAND,WA015,2000,"{""type"":""Point"",""coordinates"":[-16.680000000000003,13.45]}"
200006_0,6,0.002918069250881672,ERA5_LAND,WA001,2000,"{""type"":""Point"",""coordinates"":[-17.470000000000002,14.73]}"
200006_1,6,1.7895346879959106,ERA5_LAND,WA002,2000,"{""type"":""Point"",""coordinates"":[-7.949999999999998,12.65]}"
200006_2,6,3.951780080795288,ERA5_LAND,WA003,2000,"{""type"":""Point"",""coordinates"":[-1.5200000000000002,12.360000000000001]}"
200006_3,6,0.5028330087661743,ERA5_LAND,WA004,2000,"{""type"":""Point"",""coordinates"":[2.17,13.51]}"
200006_4,6,10.75632095336914,ERA5_LAND,WA005,2000,"{""type"":""Point"",""coordinates"":[7.33,9.07]}"
200006_5,6,5.611978530883789,ERA5_LAND,WA006,2000,"{""type"":""Point"",""coordinates"":[-0.17,5.56]}"
200006_6,6,8.385590553283691,ERA5_LAND,WA007,2000,"{""type"":""Point"",""coordinates"":[-3.9299999999999997,5.349999999999999]}"
200006_7,6,10.875327110290527,ERA5_LAND,WA008,2000,"{""type"":""Point"",""coordinates"":[-13.67,9.53]}"
200006_8,6,14.527158737182617,ERA5_LAND,WA009,2000,"{""type"":""Point"",""coordinates"":[-13.230000000000002,8.489999999999998]}"
200006_9,6,14.391145706176758,ERA5_LAND,WA010,2000,"{""type"":""Point"",""coordinates"":[-10.799999999999999,6.3]}"
200006_10,6,7.8514885902404785,ERA5_LAND,WA011,2000,"{""type"":""Point"",""coordinates"":[1.22,6.130000000000001]}"
200006_11,6,10.551709175109863,ERA5_LAND,WA012,2000,"{""type"":""Point"",""coordinates"":[2.42,6.37]}"
200006_12,6,1.5499083995819092,ERA5_LAND,WA013,2000,"{""type"":""Point"",""coordinates"":[8.52,12.05]}"
200006_13,6,6.003062725067139,ERA5_LAND,WA014,2000,"{""type"":""Point"",""coordinates"":[-1.62,6.69]}"
200006_14,6,0.8058016300201416,ERA5_LAND,WA015,2000,"{""type"":""Point"",""coordinates"":[-16.680000000000003,13.45]}"
200007_0,7,1.3149725198745728,ERA5_LAND,WA001,2000,"{""type"":""Point"",""coordinates"":[-17.470000000000002,14.73]}"
200007_1,7,6.8247151374816895,ERA5_LAND,WA002,2000,"{""type"":""Point"",""coordinates"":[-7.949999999999998,12.65]}"
200007_2,7,6.56779146194458,ERA5_LAND,WA003,2000,"{""type"":""Point"",""coordinates"":[-1.5200000000000002,12.360000000000001]}"
200007_3,7,2.242025136947632,ERA5_LAND,WA004,2000,"{""type"":""Point"",""coordinates"":[2.17,13.51]}"
200007_4,7,9.091196060180664,ERA5_LAND,WA005,2000,"{""type"":""Point"",""coordinates"":[7.33,9.07]}"
200007_5,7,1.3190301656723022,ERA5_LAND,WA006,2000,"{""type"":""Point"",""coordinates"":[-0.17,5.56]}"
200007_6,7,3.275498390197754,ERA5_LAND,WA007,2000,"{""type"":""Point"",""coordinates"":[-3.9299999999999997,5.349999999999999]}"
200007_7,7,23.9454402923584,ERA5_LAND,WA008,2000,"{""type"":""Point"",""coordinates"":[-13.67,9.53]}"
200007_8,7,20.021331787109375,ERA5_LAND,WA009,2000,"{""type"":""Point"",""coordinates"":[-13.230000000000002,8.489999999999998]}"
200007_9,7,7.451223850250244,ERA5_LAND,WA010,2000,"{""type"":""Point"",""coordinates"":[-10.799999999999999,6.3]}"
200007_10,7,1.836470365524292,ERA5_LAND,WA011,2000,"{""type"":""Point"",""coordinates"":[1.22,6.130000000000001]}"
200007_11,7,2.841538190841675,ERA5_LAND,WA012,2000,"{""type"":""Point"",""coordinates"":[2.42,6.37]}"
200007_12,7,6.485828876495361,ERA5_LAND,WA013,2000,"{""type"":""Point"",""coordinates"":[8.52,12.05]}"
200007_13,7,2.4557607173919678,ERA5_LAND,WA014,2000,"{""type"":""Point"",""coordinates"":[-1.62,6.69]}"
200007_14,7,6.937489986419678,ERA5_LAND,WA015,2000,"{""type"":""Point"",""coordinates"":[-16.680000000000003,13.45]}"
200008_0,8,3.4565622806549072,ERA5_LAND,WA001,2000,"{""type"":""Point"",""coordinates"":[-17.470000000000002,14.73]}"
200008_1,8,7.41176700592041,ERA5_LAND,WA002,2000,"{""type"":""Point"",""coordinates"":[-7.949999999999998,12.65]}"
200008_2,8,5.862845420837402,ERA5_LAND,WA003,2000,"{""type"":""Point"",""coordinates"":[-1.5200000000000002,12.360000000000001]}"
200008_3,8,2.7287099361419678,ERA5_LAND,WA004,2000,"{""type"":""Point"",""coordinates"":[2.17,13.51]}"
200008_4,8,11.553985595703125,ERA5_LAND,WA005,2000,"{""type"":""Point"",""coordinates"":[7.33,9.07]}"
200008_5,8,1.132882833480835,ERA5_LAND,WA006,2000,"{""type"":""Point"",""coordinates"":[-0.17,5.56]}"
200008_6,8,1.936665415763855,ERA5_LAND,WA007,2000,"{""type"":""Point"",""coordinates"":[-3.9299999999999997,5.349999999999999]}"
200008_7,8,18.861618041992188,ERA5_LAND,WA008,2000,"{""type"":""Point"",""coordinates"":[-13.67,9.53]}"
200008_8,8,19.155351638793945,ERA5_LAND,WA009,2000,"{""type"":""Point"",""coordinates"":[-13.230000000000002,8.489999999999998]}"
200008_9,8,12.663853645324707,ERA5_LAND,WA010,2000,"{""type"":""Point"",""coordinates"":[-10.799999999999999,6.3]}"
200008_10,8,1.9719822406768799,ERA5_LAND,WA011,2000,"{""type"":""Point"",""coordinates"":[1.22,6.130000000000001]}"
200008_11,8,3.0050551891326904,ERA5_LAND,WA012,2000,"{""type"":""Point"",""coordinates"":[2.42,6.37]}"
200008_12,8,4.48482084274292,ERA5_LAND,WA013,2000,"{""type"":""Point"",""coordinates"":[8.52,12.05]}"
200008_13,8,2.7429251670837402,ERA5_LAND,WA014,2000,"{""type"":""Point"",""coordinates"":[-1.62,6.69]}"
200008_14,8,7.396800994873047,ERA5_LAND,WA015,2000,"{""type"":""Point"",""coordinates"":[-16.680000000000003,13.45]}"
200009_0,9,2.0122387409210205,ERA5_LAND,WA001,2000,"{""type"":""Point"",""coordinates"":[-17.470000000000002,14.73]}"
200009_1,9,5.753331661224365,ERA5_LAND,WA002,2000,"{""type"":""Point"",""coordinates"":[-7.949999999999998,12.65]}"
200009_2,9,2.644550323486328,ERA5_LAND,WA003,2000,"{""type"":""Point"",""coordinates"":[-1.5200000000000002,12.360000000000001]}"
200009_3,9,0.8702329397201538,ERA5_LAND,WA004,2000,"{""type"":""Point"",""coordinates"":[2.17,13.51]}"
200009_4,9,10.546699523925781,ERA5_LAND,WA005,2000,"{""type"":""Point"",""coordinates"":[7.33,9.07]}"
200009_5,9,1.9056119918823242,ERA5_LAND,WA006,2000,"{""type"":""Point"",""coordinates"":[-0.17,5.56]}"
200009_6,9,1.9667019844055176,ERA5_LAND,WA007,2000,"{""type"":""Point"",""coordinates"":[-3.9299999999999997,5.349999999999999]}"
200009_7,9,20.021291732788086,ERA5_LAND,WA008,2000,"{""type"":""Point"",""coordinates"":[-13.67,9.53]}"
200009_8,9,25.43348503112793,ERA5_LAND,WA009,2000,"{""type"":""Point"",""coordinates"":[-13.230000000000002,8.489999999999998]}"
200009_9,9,15.547464370727539,ERA5_LAND,WA010,2000,"{""type"":""Point"",""coordinates"":[-10.799999999999999,6.3]}"
200009_10,9,3.078791856765747,ERA5_LAND,WA011,2000,"{""type"":""Point"",""coordinates"":[1.22,6.130000000000001]}"
200009_11,9,5.544065475463867,ERA5_LAND,WA012,2000,"{""type"":""Point"",""coordinates"":[2.42,6.37]}"
200009_12,9,2.673665761947632,ERA5_LAND,WA013,2000,"{""type"":""Point"",""coordinates"":[8.52,12.05]}"
200009_13,9,3.2476253509521484,ERA5_LAND,WA014,2000,"{""type"":""Point"",""coordinates"":[-1.62,6.69]}"
200009_14,9,6.494141578674316,ERA5_LAND,WA015,2000,"{""type"":""Point"",""coordinates"":[-16.680000000000003,13.45]}"
200010_0,10,2.1329262256622314,ERA5_LAND,WA001,2000,"{""type"":""Point"",""coordinates"":[-17.470000000000002,14.73]}"
200010_1,10,1.0477663278579712,ERA5_LAND,WA002,2000,"{""type"":""Point"",""coordinates"":[-7.949999999999998,12.65]}"
200010_2,10,1.2137356996536255,ERA5_LAND,WA003,2000,"{""type"":""Point"",""coordinates"":[-1.5200000000000002,12.360000000000001]}"
200010_3,10,0.18021495640277863,ERA5_LAND,WA004,2000,"{""type"":""Point"",""coordinates"":[2.17,13.51]}"
200010_4,10,4.251452922821045,ERA5_LAND,WA005,2000,"{""type"":""Point"",""coordinates"":[7.33,9.07]}"
200010_5,10,1.189847469329834,ERA5_LAND,WA006,2000,"{""type"":""Point"",""coordinates"":[-0.17,5.56]}"
200010_6,10,2.951077938079834,ERA5_LAND,WA007,2000,"{""type"":""Point"",""coordinates"":[-3.9299999999999997,5.349999999999999]}"
200010_7,10,11.252129554748535,ERA5_LAND,WA008,2000,"{""type"":""Point"",""coordinates"":[-13.67,9.53]}"
200010_8,10,9.031986236572266,ERA5_LAND,WA009,2000,"{""type"":""Point"",""coordinates"":[-13.230000000000002,8.489999999999998]}"
200010_9,10,9.017985343933105,ERA5_LAND,WA010,2000,"{""type"":""Point"",""coordinates"":[-10.799999999999999,6.3]}"
200010_10,10,1.757828712463379,ERA5_LAND,WA011,2000,"{""type"":""Point"",""coordinates"":[1.22,6.130000000000001]}"
200010_11,10,2.4148671627044678,ERA5_LAND,WA012,2000,"{""type"":""Point"",""coordinates"":[2.42,6.37]}"
200010_12,10,0.8504111170768738,ERA5_LAND,WA013,2000,"{""type"":""Point"",""coordinates"":[8.52,12.05]}"
200010_13,10,2.2796716690063477,ERA5_LAND,WA014,2000,"{""type"":""Point"",""coordinates"":[-1.62,6.69]}"
200010_14,10,5.098385810852051,ERA5_LAND,WA015,2000,"{""type"":""Point"",""coordinates"":[-16.680000000000003,13.45]}"
200011_0,11,0.002234396990388632,ERA5_LAND,WA001,2000,"{""type"":""Point"",""coordinates"":[-17.470000000000002,14.73]}"
200011_1,11,0.00932353176176548,ERA5_LAND,WA002,2000,"{""type"":""Point"",""coordinates"":[-7.949999999999998,12.65]}"
200011_2,11,0.001244893646799028,ERA5_LAND,WA003,2000,"{""type"":""Point"",""coordinates"":[-1.5200000000000002,12.360000000000001]}"
200011_3,11,8.873319020494819E-4,ERA5_LAND,WA004,2000,"{""type"":""Point"",""coordinates"":[2.17,13.51]}"
200011_4,11,0.04456768557429314,ERA5_LAND,WA005,2000,"{""type"":""Point"",""coordinates"":[7.33,9.07]}"
200011_5,11,1.3860721588134766,ERA5_LAND,WA006,2000,"{""type"":""Point"",""coordinates"":[-0.17,5.56]}"
200011_6,11,4.490329265594482,ERA5_LAND,WA007,2000,"{""type"":""Point"",""coordinates"":[-3.9299999999999997,5.349999999999999]}"
200011_7,11,2.5496177673339844,ERA5_LAND,WA008,2000,"{""type"":""Point"",""coordinates"":[-13.67,9.53]}"
200011_8,11,4.529882907867432,ERA5_LAND,WA009,2000,"{""type"":""Point"",""coordinates"":[-13.230000000000002,8.489999999999998]}"
200011_9,11,6.640751361846924,ERA5_LAND,WA010,2000,"{""type"":""Point"",""coordinates"":[-10.799999999999999,6.3]}"
200011_10,11,1.7781634330749512,ERA5_LAND,WA011,2000,"{""type"":""Point"",""coordinates"":[1.22,6.130000000000001]}"
200011_11,11,1.6104456186294556,ERA5_LAND,WA012,2000,"{""type"":""Point"",""coordinates"":[2.42,6.37]}"
200011_12,11,8.873319020494819E-4,ERA5_LAND,WA013,2000,"{""type"":""Point"",""coordinates"":[8.52,12.05]}"
200011_13,11,1.6445106267929077,ERA5_LAND,WA014,2000,"{""type"":""Point"",""coordinates"":[-1.62,6.69]}"
200011_14,11,0.010173222981393337,ERA5_LAND,WA015,2000,"{""type"":""Point"",""coordinates"":[-16.680000000000003,13.45]}"
200012_0,12,9.692684980109334E-4,ERA5_LAND,WA001,2000,"{""type"":""Point"",""coordinates"":[-17.470000000000002,14.73]}"
200012_1,12,9.692684980109334E-4,ERA5_LAND,WA002,2000,"{""type"":""Point"",""coordinates"":[-7.949999999999998,12.65]}"
200012_2,12,9.692684980109334E-4,ERA5_LAND,WA003,2000,"{""type"":""Point"",""coordinates"":[-1.5200000000000002,12.360000000000001]}"
200012_3,12,9.692684980109334E-4,ERA5_LAND,WA004,2000,"{""type"":""Point"",""coordinates"":[2.17,13.51]}"
200012_4,12,0.016931947320699692,ERA5_LAND,WA005,2000,"{""type"":""Point"",""coordinates"":[7.33,9.07]}"
200012_5,12,0.6969999670982361,ERA5_LAND,WA006,2000,"{""type"":""Point"",""coordinates"":[-0.17,5.56]}"
200012_6,12,2.576148509979248,ERA5_LAND,WA007,2000,"{""type"":""Point"",""coordinates"":[-3.9299999999999997,5.349999999999999]}"
200012_7,12,0.02287345938384533,ERA5_LAND,WA008,2000,"{""type"":""Point"",""coordinates"":[-13.67,9.53]}"
200012_8,12,0.5391442775726318,ERA5_LAND,WA009,2000,"{""type"":""Point"",""coordinates"":[-13.230000000000002,8.489999999999998]}"
200012_9,12,3.1441919803619385,ERA5_LAND,WA010,2000,"{""type"":""Point"",""coordinates"":[-10.799999999999999,6.3]}"
200012_10,12,0.7211806178092957,ERA5_LAND,WA011,2000,"{""type"":""Point"",""coordinates"":[1.22,6.130000000000001]}"
200012_11,12,0.9323000907897949,ERA5_LAND,WA012,2000,"{""type"":""Point"",""coordinates"":[2.42,6.37]}"
200012_12,12,9.692684980109334E-4,ERA5_LAND,WA013,2000,"{""type"":""Point"",""coordinates"":[8.52,12.05]}"
200012_13,12,0.33563029766082764,ERA5_LAND,WA014,2000,"{""type"":""Point"",""coordinates"":[-1.62,6.69]}"
200012_14,12,0.0010610154131427407,ERA5_LAND,WA015,2000,"{""type"":""Point"",""coordinates"":[-16.680000000000003,13.45]}"
200101_0,1,9.134822757914662E-4,ERA5_LAND,WA001,2001,"{""type"":""Point"",""coordinates"":[-17.470000000000002,14.73]}"
200101_1,1,9.163236827589571E-4,ERA5_LAND,WA002,2001,"{""type"":""Point"",""coordinates"":[-7.949999999999998,12.65]}"
200101_2,1,9.134822757914662E-4,ERA5_LAND,WA003,2001,"{""type"":""Point"",""coordinates"":[-1.5200000000000002,12.360000000000001]}"
200101_3,1,9.134822757914662E-4,ERA5_LAND,WA004,2001,"{""type"":""Point"",""coordinates"":[2.17,13.51]}"
200101_4,1,9.13561147172004E-4,ERA5_LAND,WA005,2001,"{""type"":""Point"",""coordinates"":[7.33,9.07]}"
200101_5,1,0.45267871022224426,ERA5_LAND,WA006,2001,"{""type"":""Point"",""coordinates"":[-0.17,5.56]}"
200101_6,1,1.8252545595169067,ERA5_LAND,WA007,2001,"{""type"":""Point"",""coordinates"":[-3.9299999999999997,5.349999999999999]}"
200101_7,1,0.002663763239979744,ERA5_LAND,WA008,2001,"{""type"":""Point"",""coordinates"":[-13.67,9.53]}"
200101_8,1,0.12553642690181732,ERA5_LAND,WA009,2001,"{""type"":""Point"",""coordinates"":[-13.230000000000002,8.489999999999998]}"
200101_9,1,3.821019172668457,ERA5_LAND,WA010,2001,"{""type"":""Point"",""coordinates"":[-10.799999999999999,6.3]}"
200101_10,1,0.628326416015625,ERA5_LAND,WA011,2001,"{""type"":""Point"",""coordinates"":[1.22,6.130000000000001]}"
200101_11,1,0.9662466645240784,ERA5_LAND,WA012,2001,"{""type"":""Point"",""coordinates"":[2.42,6.37]}"
200101_12,1,9.134822757914662E-4,ERA5_LAND,WA013,2001,"{""type"":""Point"",""coordinates"":[8.52,12.05]}"
200101_13,1,0.6558433175086975,ERA5_LAND,WA014,2001,"{""type"":""Point"",""coordinates"":[-1.62,6.69]}"
200101_14,1,9.134822757914662E-4,ERA5_LAND,WA015,2001,"{""type"":""Point"",""coordinates"":[-16.680000000000003,13.45]}"
200102_0,2,0.0011192760430276394,ERA5_LAND,WA001,2001,"{""type"":""Point"",""coordinates"":[-17.470000000000002,14.73]}"
200102_1,2,0.0011192760430276394,ERA5_LAND,WA002,2001,"{""type"":""Point"",""coordinates"":[-7.949999999999998,12.65]}"
200102_2,2,0.0011192760430276394,ERA5_LAND,WA003,2001,"{""type"":""Point"",""coordinates"":[-1.5200000000000002,12.360000000000001]}"
200102_3,2,0.0011192760430276394,ERA5_LAND,WA004,2001,"{""type"":""Point"",""coordinates"":[2.17,13.51]}"
200102_4,2,0.003438859013840556,ERA5_LAND,WA005,2001,"{""type"":""Point"",""coordinates"":[7.33,9.07]}"
200102_5,2,0.7826154232025146,ERA5_LAND,WA006,2001,"{""type"":""Point"",""coordinates"":[-0.17,5.56]}"
200102_6,2,2.580115795135498,ERA5_LAND,WA007,2001,"{""type"":""Point"",""coordinates"":[-3.9299999999999997,5.349999999999999]}"
200102_7,2,0.0016423249617218971,ERA5_LAND,WA008,2001,"{""type"":""Point"",""coordinates"":[-13.67,9.53]}"
200102_8,2,0.006982756312936544,ERA5_LAND,WA009,2001,"{""type"":""Point"",""coordinates"":[-13.230000000000002,8.489999999999998]}"
200102_9,2,1.8407845497131348,ERA5_LAND,WA010,2001,"{""type"":""Point"",""coordinates"":[-10.799999999999999,6.3]}"
200102_10,2,0.7325505018234253,ERA5_LAND,WA011,2001,"{""type"":""Point"",""coordinates"":[1.22,6.130000000000001]}"
200102_11,2,0.6647355556488037,ERA5_LAND,WA012,2001,"{""type"":""Point"",""coordinates"":[2.42,6.37]}"
200102_12,2,0.0011192760430276394,ERA5_LAND,WA013,2001,"{""type"":""Point"",""coordinates"":[8.52,12.05]}"
200102_13,2,0.6151360273361206,ERA5_LAND,WA014,2001,"{""type"":""Point"",""coordinates"":[-1.62,6.69]}"
200102_14,2,0.0011192760430276394,ERA5_LAND,WA015,2001,"{""type"":""Point"",""coordinates"":[-16.680000000000003,13.45]}"
200103_0,3,0.001736172242090106,ERA5_LAND,WA001,2001,"{""type"":""Point"",""coordinates"":[-17.470000000000002,14.73]}"
200103_1,3,0.00433655409142375,ERA5_LAND,WA002,2001,"{""type"":""Point"",""coordinates"":[-7.949999999999998,12.65]}"
200103_2,3,8.141309954226017E-4,ERA5_LAND,WA003,2001,"{""type"":""Point"",""coordinates"":[-1.5200000000000002,12.360000000000001]}"
200103_3,3,7.209705654531717E-4,ERA5_LAND,WA004,2001,"{""type"":""Point"",""coordinates"":[2.17,13.51]}"
200103_4,3,0.36448052525520325,ERA5_LAND,WA005,2001,"{""type"":""Point"",""coordinates"":[7.33,9.07]}"
200103_5,3,2.2448370456695557,ERA5_LAND,WA006,2001,"{""type"":""Point"",""coordinates"":[-0.17,5.56]}"
200103_6,3,4.873364448547363,ERA5_LAND,WA007,2001,"{""type"":""Point"",""coordinates"":[-3.9299999999999997,5.349999999999999]}"
200103_7,3,0.04184355586767197,ERA5_LAND,WA008,2001,"{""type"":""Point"",""coordinates"":[-13.67,9.53]}"
200103_8,3,0.7405477166175842,ERA5_LAND,WA009,2001,"{""type"":""Point"",""coordinates"":[-13.230000000000002,8.489999999999998]}"
200103_9,3,6.840548038482666,ERA5_LAND,WA010,2001,"{""type"":""Point"",""coordinates"":[-10.799999999999999,6.3]}"
200103_10,3,2.3672521114349365,ERA5_LAND,WA011,2001,"{""type"":""Point"",""coordinates"":[1.22,6.130000000000001]}"
200103_11,3,3.324389934539795,ERA5_LAND,WA012,2001,"{""type"":""Point"",""coordinates"":[2.42,6.37]}"
200103_12,3,7.209705654531717E-4,ERA5_LAND,WA013,2001,"{""type"":""Point"",""coordinates"":[8.52,12.05]}"
200103_13,3,2.817002058029175,ERA5_LAND,WA014,2001,"{""type"":""Point"",""coordinates"":[-1.62,6.69]}"
200103_14,3,7.648502942174673E-4,ERA5_LAND,WA015,2001,"{""type"":""Point"",""coordinates"":[-16.680000000000003,13.45]}"
200104_0,4,0.0017893691547214985,ERA5_LAND,WA001,2001,"{""type"":""Point"",""coordinates"":[-17.470000000000002,14.73]}"
200104_1,4,0.04167638346552849,ERA5_LAND,WA002,2001,"{""type"":""Point"",""coordinates"":[-7.949999999999998,12.65]}"
200104_2,4,0.16819658875465393,ERA5_LAND,WA003,2001,"{""type"":""Point"",""coordinates"":[-1.5200000000000002,12.360000000000001]}"
200104_3,4,0.01902255229651928,ERA5_LAND,WA004,2001,"{""type"":""Point"",""coordinates"":[2.17,13.51]}"
200104_4,4,2.4399352073669434,ERA5_LAND,WA005,2001,"{""type"":""Point"",""coordinates"":[7.33,9.07]}"
200104_5,4,3.3122754096984863,ERA5_LAND,WA006,2001,"{""type"":""Point"",""coordinates"":[-0.17,5.56]}"
200104_6,4,6.310988426208496,ERA5_LAND,WA007,2001,"{""type"":""Point"",""coordinates"":[-3.9299999999999997,5.349999999999999]}"
200104_7,4,0.09201367199420929,ERA5_LAND,WA008,2001,"{""type"":""Point"",""coordinates"":[-13.67,9.53]}"
200104_8,4,1.229630708694458,ERA5_LAND,WA009,2001,"{""type"":""Point"",""coordinates"":[-13.230000000000002,8.489999999999998]}"
200104_9,4,9.162405967712402,ERA5_LAND,WA010,2001,"{""type"":""Point"",""coordinates"":[-10.799999999999999,6.3]}"
200104_10,4,3.1952288150787354,ERA5_LAND,WA011,2001,"{""type"":""Point"",""coordinates"":[1.22,6.130000000000001]}"
200104_11,4,4.413434028625488,ERA5_LAND,WA012,2001,"{""type"":""Point"",""coordinates"":[2.42,6.37]}"
200104_12,4,0.07172787934541702,ERA5_LAND,WA013,2001,"{""type"":""Point"",""coordinates"":[8.52,12.05]}"
200104_13,4,3.9441819190979004,ERA5_LAND,WA014,2001,"{""type"":""Point"",""coordinates"":[-1.62,6.69]}"
200104_14,4,0.0023829988203942776,ERA5_LAND,WA015,2001,"{""type"":""Point"",""coordinates"":[-16.680000000000003,13.45]}"
200105_0,5,8.213160908780992E-4,ERA5_LAND,WA001,2001,"{""type"":""Point"",""coordinates"":[-17.470000000000002,14.73]}"
200105_1,5,0.6115099787712097,ERA5_LAND,WA002,2001,"{""type"":""Point"",""coordinates"":[-7.949999999999998,12.65]}"
200105_2,5,0.5312955379486084,ERA5_LAND,WA003,2001,"{""type"":""Point"",""coordinates"":[-1.5200000000000002,12.360000000000001]}"
200105_3,5,0.10156252235174179,ERA5_LAND,WA004,2001,"{""type"":""Point"",""coordinates"":[2.17,13.51]}"
200105_4,5,2.572993755340576,ERA5_LAND,WA005,2001,"{""type"":""Point"",""coordinates"":[7.33,9.07]}"
200105_5,5,4.5302863121032715,ERA5_LAND,WA006,2001,"{""type"":""Point"",""coordinates"":[-0.17,5.56]}"
200105_6,5,8.546195030212402,ERA5_LAND,WA007,2001,"{""type"":""Point"",""coordinates"":[-3.9299999999999997,5.349999999999999]}"
200105_7,5,2.756422996520996,ERA5_LAND,WA008,2001,"{""type"":""Point"",""coordinates"":[-13.67,9.53]}"
200105_8,5,6.634484767913818,ERA5_LAND,WA009,2001,"{""type"":""Point"",""coordinates"":[-13.230000000000002,8.489999999999998]}"
200105_9,5,10.579655647277832,ERA5_LAND,WA010,2001,"{""type"":""Point"",""coordinates"":[-10.799999999999999,6.3]}"
200105_10,5,5.519220352172852,ERA5_LAND,WA011,2001,"{""type"":""Point"",""coordinates"":[1.22,6.130000000000001]}"
200105_11,5,6.934869766235352,ERA5_LAND,WA012,2001,"{""type"":""Point"",""coordinates"":[2.42,6.37]}"
200105_12,5,1.0027191638946533,ERA5_LAND,WA013,2001,"{""type"":""Point"",""coordinates"":[8.52,12.05]}"
200105_13,5,3.4278640747070312,ERA5_LAND,WA014,2001,"{""type"":""Point"",""coordinates"":[-1.62,6.69]}"
200105_14,5,0.001457256032153964,ERA5_LAND,WA015,2001,"{""type"":""Point"",""coordinates"":[-16.680000000000003,13.45]}"
200106_0,6,0.021078942343592644,ERA5_LAND,WA001,2001,"{""type"":""Point"",""coordinates"":[-17.470000000000002,14.73]}"
200106_1,6,3.5169732570648193,ERA5_LAND,WA002,2001,"{""type"":""Point"",""coordinates"":[-7.949999999999998,12.65]}"
200106_2,6,2.523745059967041,ERA5_LAND,WA003,2001,"{""type"":""Point"",""coordinates"":[-1.5200000000000002,12.360000000000001]}"
200106_3,6,0.7590717673301697,ERA5_LAND,WA004,2001,"{""type"":""Point"",""coordinates"":[2.17,13.51]}"
200106_4,6,6.190262794494629,ERA5_LAND,WA005,2001,"{""type"":""Point"",""coordinates"":[7.33,9.07]}"
200106_5,6,6.607979774475098,ERA5_LAND,WA006,2001,"{""type"":""Point"",""coordinates"":[-0.17,5.56]}"
200106_6,6,7.566126823425293,ERA5_LAND,WA007,2001,"{""type"":""Point"",""coordinates"":[-3.9299999999999997,5.349999999999999]}"
200106_7,6,13.82918930053711,ERA5_LAND,WA008,2001,"{""type"":""Point"",""coordinates"":[-13.67,9.53]}"
200106_8,6,21.854780197143555,ERA5_LAND,WA009,2001,"{""type"":""Point"",""coordinates"":[-13.230000000000002,8.489999999999998]}"
200106_9,6,14.038318634033203,ERA5_LAND,WA010,2001,"{""type"":""Point"",""coordinates"":[-10.799999999999999,6.3]}"
200106_10,6,6.781529903411865,ERA5_LAND,WA011,2001,"{""type"":""Point"",""coordinates"":[1.22,6.130000000000001]}"
200106_11,6,11.209138870239258,ERA5_LAND,WA012,2001,"{""type"":""Point"",""coordinates"":[2.42,6.37]}"
200106_12,6,2.058407783508301,ERA5_LAND,WA013,2001,"{""type"":""Point"",""coordinates"":[8.52,12.05]}"
200106_13,6,4.2335638999938965,ERA5_LAND,WA014,2001,"{""type"":""Point"",""coordinates"":[-1.62,6.69]}"
200106_14,6,0.45879802107810974,ERA5_LAND,WA015,2001,"{""type"":""Point"",""coordinates"":[-16.680000000000003,13.45]}"
200107_0,7,1.739211916923523,ERA5_LAND,WA001,2001,"{""type"":""Point"",""coordinates"":[-17.470000000000002,14.73]}"
200107_1,7,6.40070104598999,ERA5_LAND,WA002,2001,"{""type"":""Point"",""coordinates"":[-7.949999999999998,12.65]}"
200107_2,7,5.820471286773682,ERA5_LAND,WA003,2001,"{""type"":""Point"",""coordinates"":[-1.5200000000000002,12.360000000000001]}"
200107_3,7,3.934722661972046,ERA5_LAND,WA004,2001,"{""type"":""Point"",""coordinates"":[2.17,13.51]}"
200107_4,7,7.857593059539795,ERA5_LAND,WA005,2001,"{""type"":""Point"",""coordinates"":[7.33,9.07]}"
200107_5,7,2.110930919647217,ERA5_LAND,WA006,2001,"{""type"":""Point"",""coordinates"":[-0.17,5.56]}"
200107_6,7,4.579482555389404,ERA5_LAND,WA007,2001,"{""type"":""Point"",""coordinates"":[-3.9299999999999997,5.349999999999999]}"
200107_7,7,16.18637466430664,ERA5_LAND,WA008,2001,"{""type"":""Point"",""coordinates"":[-13.67,9.53]}"
200107_8,7,22.496915817260742,ERA5_LAND,WA009,2001,"{""type"":""Point"",""coordinates"":[-13.230000000000002,8.489999999999998]}"
200107_9,7,8.19227123260498,ERA5_LAND,WA010,2001,"{""type"":""Point"",""coordinates"":[-10.799999999999999,6.3]}"
200107_10,7,3.6311676502227783,ERA5_LAND,WA011,2001,"{""type"":""Point"",""coordinates"":[1.22,6.130000000000001]}"
200107_11,7,4.911249160766602,ERA5_LAND,WA012,2001,"{""type"":""Point"",""coordinates"":[2.42,6.37]}"
200107_12,7,8.611159324645996,ERA5_LAND,WA013,2001,"{""type"":""Point"",""coordinates"":[8.52,12.05]}"
200107_13,7,2.2193737030029297,ERA5_LAND,WA014,2001,"{""type"":""Point"",""coordinates"":[-1.62,6.69]}"
200107_14,7,6.634871959686279,ERA5_LAND,WA015,2001,"{""type"":""Point"",""coordinates"":[-16.680000000000003,13.45]}"
200108_0,8,5.037064075469971,ERA5_LAND,WA001,2001,"{""type"":""Point"",""coordinates"":[-17.470000000000002,14.73]}"
200108_1,8,7.519333362579346,ERA5_LAND,WA002,2001,"{""type"":""Point"",""coordinates"":[-7.949999999999998,12.65]}"
200108_2,8,6.909130096435547,ERA5_LAND,WA003,2001,"{""type"":""Point"",""coordinates"":[-1.5200000000000002,12.360000000000001]}"
200108_3,8,3.4059877395629883,ERA5_LAND,WA004,2001,"{""type"":""Point"",""coordinates"":[2.17,13.51]}"
200108_4,8,12.356719970703125,ERA5_LAND,WA005,2001,"{""type"":""Point"",""coordinates"":[7.33,9.07]}"
200108_5,8,0.9684281349182129,ERA5_LAND,WA006,2001,"{""type"":""Point"",""coordinates"":[-0.17,5.56]}"
200108_6,8,2.0671041011810303,ERA5_LAND,WA007,2001,"{""type"":""Point"",""coordinates"":[-3.9299999999999997,5.349999999999999]}"
200108_7,8,26.504920959472656,ERA5_LAND,WA008,2001,"{""type"":""Point"",""coordinates"":[-13.67,9.53]}"
200108_8,8,19.578277587890625,ERA5_LAND,WA009,2001,"{""type"":""Point"",""coordinates"":[-13.230000000000002,8.489999999999998]}"
200108_9,8,24.726484298706055,ERA5_LAND,WA010,2001,"{""type"":""Point"",""coordinates"":[-10.799999999999999,6.3]}"
200108_10,8,1.2803810834884644,ERA5_LAND,WA011,2001,"{""type"":""Point"",""coordinates"":[1.22,6.130000000000001]}"
200108_11,8,2.07319974899292,ERA5_LAND,WA012,2001,"{""type"":""Point"",""coordinates"":[2.42,6.37]}"
200108_12,8,8.078690528869629,ERA5_LAND,WA013,2001,"{""type"":""Point"",""coordinates"":[8.52,12.05]}"
200108_13,8,1.7171425819396973,ERA5_LAND,WA014,2001,"{""type"":""Point"",""coordinates"":[-1.62,6.69]}"
200108_14,8,8.120257377624512,ERA5_LAND,WA015,2001,"{""type"":""Point"",""coordinates"":[-16.680000000000003,13.45]}"
200109_0,9,3.878793716430664,ERA5_LAND,WA001,2001,"{""type"":""Point"",""coordinates"":[-17.470000000000002,14.73]}"
200109_1,9,4.062258243560791,ERA5_LAND,WA002,2001,"{""type"":""Point"",""coordinates"":[-7.949999999999998,12.65]}"
200109_2,9,3.7655375003814697,ERA5_LAND,WA003,2001,"{""type"":""Point"",""coordinates"":[-1.5200000000000002,12.360000000000001]}"
200109_3,9,0.9366832375526428,ERA5_LAND,WA004,2001,"{""type"":""Point"",""coordinates"":[2.17,13.51]}"
200109_4,9,10.839398384094238,ERA5_LAND,WA005,2001,"{""type"":""Point"",""coordinates"":[7.33,9.07]}"
200109_5,9,2.39959454536438,ERA5_LAND,WA006,2001,"{""type"":""Point"",""coordinates"":[-0.17,5.56]}"
200109_6,9,3.739283800125122,ERA5_LAND,WA007,2001,"{""type"":""Point"",""coordinates"":[-3.9299999999999997,5.349999999999999]}"
200109_7,9,14.77243709564209,ERA5_LAND,WA008,2001,"{""type"":""Point"",""coordinates"":[-13.67,9.53]}"
200109_8,9,17.99848747253418,ERA5_LAND,WA009,2001,"{""type"":""Point"",""coordinates"":[-13.230000000000002,8.489999999999998]}"
200109_9,9,24.564001083374023,ERA5_LAND,WA010,2001,"{""type"":""Point"",""coordinates"":[-10.799999999999999,6.3]}"
200109_10,9,3.3356540203094482,ERA5_LAND,WA011,2001,"{""type"":""Point"",""coordinates"":[1.22,6.130000000000001]}"
200109_11,9,3.937689781188965,ERA5_LAND,WA012,2001,"{""type"":""Point"",""coordinates"":[2.42,6.37]}"
200109_12,9,3.051236629486084,ERA5_LAND,WA013,2001,"{""type"":""Point"",""coordinates"":[8.52,12.05]}"
200109_13,9,3.3169474601745605,ERA5_LAND,WA014,2001,"{""type"":""Point"",""coordinates"":[-1.62,6.69]}"
200109_14,9,7.257556438446045,ERA5_LAND,WA015,2001,"{""type"":""Point"",""coordinates"":[-16.680000000000003,13.45]}"
200110_0,10,0.5154956579208374,ERA5_LAND,WA001,2001,"{""type"":""Point"",""coordinates"":[-17.470000000000002,14.73]}"
200110_1,10,0.22437971830368042,ERA5_LAND,WA002,2001,"{""type"":""Point"",""coordinates"":[-7.949999999999998,12.65]}"
200110_2,10,0.19667164981365204,ERA5_LAND,WA003,2001,"{""type"":""Point"",""coordinates"":[-1.5200000000000002,12.360000000000001]}"
200110_3,10,0.008862516842782497,ERA5_LAND,WA004,2001,"{""type"":""Point"",""coordinates"":[2.17,13.51]}"
200110_4,10,2.6869049072265625,ERA5_LAND,WA005,2001,"{""type"":""Point"",""coordinates"":[7.33,9.07]}"
200110_5,10,1.0248324871063232,ERA5_LAND,WA006,2001,"{""type"":""Point"",""coordinates"":[-0.17,5.56]}"
200110_6,10,4.012476921081543,ERA5_LAND,WA007,2001,"{""type"":""Point"",""coordinates"":[-3.9299999999999997,5.349999999999999]}"
200110_7,10,4.906612396240234,ERA5_LAND,WA008,2001,"{""type"":""Point"",""coordinates"":[-13.67,9.53]}"
200110_8,10,7.390665531158447,ERA5_LAND,WA009,2001,"{""type"":""Point"",""coordinates"":[-13.230000000000002,8.489999999999998]}"
200110_9,10,10.54997444152832,ERA5_LAND,WA010,2001,"{""type"":""Point"",""coordinates"":[-10.799999999999999,6.3]}"
200110_10,10,1.9542347192764282,ERA5_LAND,WA011,2001,"{""type"":""Point"",""coordinates"":[1.22,6.130000000000001]}"
200110_11,10,2.424734115600586,ERA5_LAND,WA012,2001,"{""type"":""Point"",""coordinates"":[2.42,6.37]}"
200110_12,10,0.025766776874661446,ERA5_LAND,WA013,2001,"{""type"":""Point"",""coordinates"":[8.52,12.05]}"
200110_13,10,1.3804500102996826,ERA5_LAND,WA014,2001,"{""type"":""Point"",""coordinates"":[-1.62,6.69]}"
200110_14,10,1.1028860807418823,ERA5_LAND,WA015,2001,"{""type"":""Point"",""coordinates"":[-16.680000000000003,13.45]}"
200111_0,11,0.08266892284154892,ERA5_LAND,WA001,2001,"{""type"":""Point"",""coordinates"":[-17.470000000000002,14.73]}"
200111_1,11,0.0027829669415950775,ERA5_LAND,WA002,2001,"{""type"":""Point"",""coordinates"":[-7.949999999999998,12.65]}"
200111_2,11,0.0010201367549598217,ERA5_LAND,WA003,2001,"{""type"":""Point"",""coordinates"":[-1.5200000000000002,12.360000000000001]}"
200111_3,11,9.435073006898165E-4,ERA5_LAND,WA004,2001,"{""type"":""Point"",""coordinates"":[2.17,13.51]}"
200111_4,11,0.04485082998871803,ERA5_LAND,WA005,2001,"{""type"":""Point"",""coordinates"":[7.33,9.07]}"
200111_5,11,2.023639440536499,ERA5_LAND,WA006,2001,"{""type"":""Point"",""coordinates"":[-0.17,5.56]}"
200111_6,11,4.099307060241699,ERA5_LAND,WA007,2001,"{""type"":""Point"",""coordinates"":[-3.9299999999999997,5.349999999999999]}"
200111_7,11,3.575833559036255,ERA5_LAND,WA008,2001,"{""type"":""Point"",""coordinates"":[-13.67,9.53]}"
200111_8,11,5.06819486618042,ERA5_LAND,WA009,2001,"{""type"":""Point"",""coordinates"":[-13.230000000000002,8.489999999999998]}"
200111_9,11,5.667713642120361,ERA5_LAND,WA010,2001,"{""type"":""Point"",""coordinates"":[-10.799999999999999,6.3]}"
200111_10,11,1.9307451248168945,ERA5_LAND,WA011,2001,"{""type"":""Point"",""coordinates"":[1.22,6.130000000000001]}"
200111_11,11,2.514455795288086,ERA5_LAND,WA012,2001,"{""type"":""Point"",""coordinates"":[2.42,6.37]}"
200111_12,11,9.435073006898165E-4,ERA5_LAND,WA013,2001,"{""type"":""Point"",""coordinates"":[8.52,12.05]}"
200111_13,11,1.1589449644088745,ERA5_LAND,WA014,2001,"{""type"":""Point"",""coordinates"":[-1.62,6.69]}"
200111_14,11,0.6466218829154968,ERA5_LAND,WA015,2001,"{""type"":""Point"",""coordinates"":[-16.680000000000003,13.45]}"
200112_0,12,0.0019909844268113375,ERA5_LAND,WA001,2001,"{""type"":""Point"",""coordinates"":[-17.470000000000002,14.73]}"
200112_1,12,0.0010064394446089864,ERA5_LAND,WA002,2001,"{""type"":""Point"",""coordinates"":[-7.949999999999998,12.65]}"
200112_2,12,9.96932853013277E-4,ERA5_LAND,WA003,2001,"{""type"":""Point"",""coordinates"":[-1.5200000000000002,12.360000000000001]}"
200112_3,12,9.96932853013277E-4,ERA5_LAND,WA004,2001,"{""type"":""Point"",""coordinates"":[2.17,13.51]}"
200112_4,12,0.014260966330766678,ERA5_LAND,WA005,2001,"{""type"":""Point"",""coordinates"":[7.33,9.07]}"
200112_5,12,0.9424366354942322,ERA5_LAND,WA006,2001,"{""type"":""Point"",""coordinates"":[-0.17,5.56]}"
200112_6,12,4.091953754425049,ERA5_LAND,WA007,2001,"{""type"":""Point"",""coordinates"":[-3.9299999999999997,5.349999999999999]}"
200112_7,12,0.11478870362043381,ERA5_LAND,WA008,2001,"{""type"":""Point"",""coordinates"":[-13.67,9.53]}"
200112_8,12,1.2445871829986572,ERA5_LAND,WA009,2001,"{""type"":""Point"",""coordinates"":[-13.230000000000002,8.489999999999998]}"
200112_9,12,3.364969253540039,ERA5_LAND,WA010,2001,"{""type"":""Point"",""coordinates"":[-10.799999999999999,6.3]}"
200112_10,12,0.8339650630950928,ERA5_LAND,WA011,2001,"{""type"":""Point"",""coordinates"":[1.22,6.130000000000001]}"
200112_11,12,1.1630667448043823,ERA5_LAND,WA012,2001,"{""type"":""Point"",""coordinates"":[2.42,6.37]}"
200112_12,12,9.96932853013277E-4,ERA5_LAND,WA013,2001,"{""type"":""Point"",""coordinates"":[8.52,12.05]}"
200112_13,12,0.4064863324165344,ERA5_LAND,WA014,2001,"{""type"":""Point"",""coordinates"":[-1.62,6.69]}"
200112_14,12,0.0069055999629199505,ERA5_LAND,WA015,2001,"{""type"":""Point"",""coordinates"":[-16.680000000000003,13.45]}"
200201_0,1,1.7402429580688477,ERA5_LAND,WA001,2002,"{""type"":""Point"",""coordinates"":[-17.470000000000002,14.73]}"
200201_1,1,0.10717405378818512,ERA5_LAND,WA002,2002,"{""type"":""Point"",""coordinates"":[-7.949999999999998,12.65]}"
200201_2,1,0.0011760267661884427,ERA5_LAND,WA003,2002,"{""type"":""Point"",""coordinates"":[-1.5200000000000002,12.360000000000001]}"
200201_3,1,0.0011760267661884427,ERA5_LAND,WA004,2002,"{""type"":""Point"",""coordinates"":[2.17,13.51]}"
200201_4,1,0.0011760267661884427,ERA5_LAND,WA005,2002,"{""type"":""Point"",""coordinates"":[7.33,9.07]}"
200201_5,1,0.923912763595581,ERA5_LAND,WA006,2002,"{""type"":""Point"",""coordinates"":[-0.17,5.56]}"
200201_6,1,3.1357462406158447,ERA5_LAND,WA007,2002,"{""type"":""Point"",""coordinates"":[-3.9299999999999997,5.349999999999999]}"
200201_7,1,0.404037743806839,ERA5_LAND,WA008,2002,"{""type"":""Point"",""coordinates"":[-13.67,9.53]}"
200201_8,1,1.0704114437103271,ERA5_LAND,WA009,2002,"{""type"":""Point"",""coordinates"":[-13.230000000000002,8.489999999999998]}"
200201_9,1,4.82788610458374,ERA5_LAND,WA010,2002,"{""type"":""Point"",""coordinates"":[-10.799999999999999,6.3]}"
200201_10,1,0.7477649450302124,ERA5_LAND,WA011,2002,"{""type"":""Point"",""coordinates"":[1.22,6.130000000000001]}"
200201_11,1,0.8554916977882385,ERA5_LAND,WA012,2002,"{""type"":""Point"",""coordinates"":[2.42,6.37]}"
200201_12,1,0.0011760267661884427,ERA5_LAND,WA013,2002,"{""type"":""Point"",""coordinates"":[8.52,12.05]}"
200201_13,1,0.748778760433197,ERA5_LAND,WA014,2002,"{""type"":""Point"",""coordinates"":[-1.62,6.69]}"
200201_14,1,1.0023823976516724,ERA5_LAND,WA015,2002,"{""type"":""Point"",""coordinates"":[-16.680000000000003,13.45]}"
200202_0,2,0.0014629760989919305,ERA5_LAND,WA001,2002,"{""type"":""Point"",""coordinates"":[-17.470000000000002,14.73]}"
200202_1,2,0.0012564886128529906,ERA5_LAND,WA002,2002,"{""type"":""Point"",""coordinates"":[-7.949999999999998,12.65]}"
200202_2,2,0.0012564886128529906,ERA5_LAND,WA003,2002,"{""type"":""Point"",""coordinates"":[-1.5200000000000002,12.360000000000001]}"
200202_3,2,0.0012564886128529906,ERA5_LAND,WA004,2002,"{""type"":""Point"",""coordinates"":[2.17,13.51]}"
200202_4,2,0.3778098523616791,ERA5_LAND,WA005,2002,"{""type"":""Point"",""coordinates"":[7.33,9.07]}"
200202_5,2,0.999686598777771,ERA5_LAND,WA006,2002,"{""type"":""Point"",""coordinates"":[-0.17,5.56]}"
200202_6,2,2.863586187362671,ERA5_LAND,WA007,2002,"{""type"":""Point"",""coordinates"":[-3.9299999999999997,5.349999999999999]}"
200202_7,2,0.01064240001142025,ERA5_LAND,WA008,2002,"{""type"":""Point"",""coordinates"":[-13.67,9.53]}"
200202_8,2,0.514179527759552,ERA5_LAND,WA009,2002,"{""type"":""Point"",""coordinates"":[-13.230000000000002,8.489999999999998]}"
200202_9,2,2.8613243103027344,ERA5_LAND,WA010,2002,"{""type"":""Point"",""coordinates"":[-10.799999999999999,6.3]}"
200202_10,2,1.058099389076233,ERA5_LAND,WA011,2002,"{""type"":""Point"",""coordinates"":[1.22,6.130000000000001]}"
200202_11,2,1.2093762159347534,ERA5_LAND,WA012,2002,"{""type"":""Point"",""coordinates"":[2.42,6.37]}"
200202_12,2,0.0012564886128529906,ERA5_LAND,WA013,2002,"{""type"":""Point"",""coordinates"":[8.52,12.05]}"
200202_13,2,0.9127838611602783,ERA5_LAND,WA014,2002,"{""type"":""Point"",""coordinates"":[-1.62,6.69]}"
200202_14,2,0.0012564886128529906,ERA5_LAND,WA015,2002,"{""type"":""Point"",""coordinates"":[-16.680000000000003,13.45]}"
200203_0,3,0.013202479109168053,ERA5_LAND,WA001,2002,"{""type"":""Point"",""coordinates"":[-17.470000000000002,14.73]}"
200203_1,3,0.043846968561410904,ERA5_LAND,WA002,2002,"{""type"":""Point"",""coordinates"":[-7.949999999999998,12.65]}"
200203_2,3,9.81862423941493E-4,ERA5_LAND,WA003,2002,"{""type"":""Point"",""coordinates"":[-1.5200000000000002,12.360000000000001]}"
200203_3,3,9.162314818240702E-4,ERA5_LAND,WA004,2002,"{""type"":""Point"",""coordinates"":[2.17,13.51]}"
200203_4,3,1.2884291410446167,ERA5_LAND,WA005,2002,"{""type"":""Point"",""coordinates"":[7.33,9.07]}"
200203_5,3,0.945814847946167,ERA5_LAND,WA006,2002,"{""type"":""Point"",""coordinates"":[-0.17,5.56]}"
200203_6,3,2.9592344760894775,ERA5_LAND,WA007,2002,"{""type"":""Point"",""coordinates"":[-3.9299999999999997,5.349999999999999]}"
200203_7,3,0.0524909645318985,ERA5_LAND,WA008,2002,"{""type"":""Point"",""coordinates"":[-13.67,9.53]}"
200203_8,3,0.8845681548118591,ERA5_LAND,WA009,2002,"{""type"":""Point"",""coordinates"":[-13.230000000000002,8.489999999999998]}"
200203_9,3,7.026526927947998,ERA5_LAND,WA010,2002,"{""type"":""Point"",""coordinates"":[-10.799999999999999,6.3]}"
200203_10,3,1.3107619285583496,ERA5_LAND,WA011,2002,"{""type"":""Point"",""coordinates"":[1.22,6.130000000000001]}"
200203_11,3,2.2603259086608887,ERA5_LAND,WA012,2002,"{""type"":""Point"",""coordinates"":[2.42,6.37]}"
200203_12,3,0.0013602003455162048,ERA5_LAND,WA013,2002,"{""type"":""Point"",""coordinates"":[8.52,12.05]}"
200203_13,3,2.617438554763794,ERA5_LAND,WA014,2002,"{""type"":""Point"",""coordinates"":[-1.62,6.69]}"
200203_14,3,0.009342090226709843,ERA5_LAND,WA015,2002,"{""type"":""Point"",""coordinates"":[-16.680000000000003,13.45]}"
200204_0,4,0.02068249136209488,ERA5_LAND,WA001,2002,"{""type"":""Point"",""coordinates"":[-17.470000000000002,14.73]}"
200204_1,4,0.08440912514925003,ERA5_LAND,WA002,2002,"{""type"":""Point"",""coordinates"":[-7.949999999999998,12.65]}"
200204_2,4,0.3791961073875427,ERA5_LAND,WA003,2002,"{""type"":""Point"",""coordinates"":[-1.5200000000000002,12.360000000000001]}"
200204_3,4,0.01776588149368763,ERA5_LAND,WA004,2002,"{""type"":""Point"",""coordinates"":[2.17,13.51]}"
200204_4,4,2.4339165687561035,ERA5_LAND,WA005,2002,"{""type"":""Point"",""coordinates"":[7.33,9.07]}"
200204_5,4,1.8521897792816162,ERA5_LAND,WA006,2002,"{""type"":""Point"",""coordinates"":[-0.17,5.56]}"
200204_6,4,3.005481481552124,ERA5_LAND,WA007,2002,"{""type"":""Point"",""coordinates"":[-3.9299999999999997,5.349999999999999]}"
200204_7,4,0.024179207161068916,ERA5_LAND,WA008,2002,"{""type"":""Point"",""coordinates"":[-13.67,9.53]}"
200204_8,4,0.070965975522995,ERA5_LAND,WA009,2002,"{""type"":""Point"",""coordinates"":[-13.230000000000002,8.489999999999998]}"
200204_9,4,3.7461047172546387,ERA5_LAND,WA010,2002,"{""type"":""Point"",""coordinates"":[-10.799999999999999,6.3]}"
200204_10,4,2.5226211547851562,ERA5_LAND,WA011,2002,"{""type"":""Point"",""coordinates"":[1.22,6.130000000000001]}"
200204_11,4,2.740973949432373,ERA5_LAND,WA012,2002,"{""type"":""Point"",""coordinates"":[2.42,6.37]}"
200204_12,4,0.012594198808073997,ERA5_LAND,WA013,2002,"{""type"":""Point"",""coordinates"":[8.52,12.05]}"
200204_13,4,3.8410770893096924,ERA5_LAND,WA014,2002,"{""type"":""Point"",""coordinates"":[-1.62,6.69]}"
200204_14,4,0.0022520804777741432,ERA5_LAND,WA015,2002,"{""type"":""Point"",""coordinates"":[-16.680000000000003,13.45]}"
200205_0,5,0.003190667135640979,ERA5_LAND,WA001,2002,"{""type"":""Point"",""coordinates"":[-17.470000000000002,14.73]}"
200205_1,5,0.9412967562675476,ERA5_LAND,WA002,2002,"{""type"":""Point"",""coordinates"":[-7.949999999999998,12.65]}"
200205_2,5,0.39540910720825195,ERA5_LAND,WA003,2002,"{""type"":""Point"",""coordinates"":[-1.5200000000000002,12.360000000000001]}"
200205_3,5,0.08569522947072983,ERA5_LAND,WA004,2002,"{""type"":""Point"",""coordinates"":[2.17,13.51]}"
200205_4,5,2.2674176692962646,ERA5_LAND,WA005,2002,"{""type"":""Point"",""coordinates"":[7.33,9.07]}"
200205_5,5,3.9357082843780518,ERA5_LAND,WA006,2002,"{""type"":""Point"",""coordinates"":[-0.17,5.56]}"
200205_6,5,5.548855304718018,ERA5_LAND,WA007,2002,"{""type"":""Point"",""coordinates"":[-3.9299999999999997,5.349999999999999]}"
200205_7,5,0.9755376577377319,ERA5_LAND,WA008,2002,"{""type"":""Point"",""coordinates"":[-13.67,9.53]}"
200205_8,5,4.618786334991455,ERA5_LAND,WA009,2002,"{""type"":""Point"",""coordinates"":[-13.230000000000002,8.489999999999998]}"
200205_9,5,9.559675216674805,ERA5_LAND,WA010,2002,"{""type"":""Point"",""coordinates"":[-10.799999999999999,6.3]}"
200205_10,5,4.858584403991699,ERA5_LAND,WA011,2002,"{""type"":""Point"",""coordinates"":[1.22,6.130000000000001]}"
200205_11,5,6.241607189178467,ERA5_LAND,WA012,2002,"{""type"":""Point"",""coordinates"":[2.42,6.37]}"
200205_12,5,0.06119813024997711,ERA5_LAND,WA013,2002,"{""type"":""Point"",""coordinates"":[8.52,12.05]}"
200205_13,5,3.425464153289795,ERA5_LAND,WA014,2002,"{""type"":""Point"",""coordinates"":[-1.62,6.69]}"
200205_14,5,0.008997385390102863,ERA5_LAND,WA015,2002,"{""type"":""Point"",""coordinates"":[-16.680000000000003,13.45]}"
200206_0,6,0.028225520625710487,ERA5_LAND,WA001,2002,"{""type"":""Point"",""coordinates"":[-17.470000000000002,14.73]}"
200206_1,6,3.168595314025879,ERA5_LAND,WA002,2002,"{""type"":""Point"",""coordinates"":[-7.949999999999998,12.65]}"
200206_2,6,1.1925303936004639,ERA5_LAND,WA003,2002,"{""type"":""Point"",""coordinates"":[-1.5200000000000002,12.360000000000001]}"
200206_3,6,0.4626348316669464,ERA5_LAND,WA004,2002,"{""type"":""Point"",""coordinates"":[2.17,13.51]}"
200206_4,6,8.4562406539917,ERA5_LAND,WA005,2002,"{""type"":""Point"",""coordinates"":[7.33,9.07]}"
200206_5,6,6.087167263031006,ERA5_LAND,WA006,2002,"{""type"":""Point"",""coordinates"":[-0.17,5.56]}"
200206_6,6,11.102559089660645,ERA5_LAND,WA007,2002,"{""type"":""Point"",""coordinates"":[-3.9299999999999997,5.349999999999999]}"
200206_7,6,18.397401809692383,ERA5_LAND,WA008,2002,"{""type"":""Point"",""coordinates"":[-13.67,9.53]}"
200206_8,6,20.444822311401367,ERA5_LAND,WA009,2002,"{""type"":""Point"",""coordinates"":[-13.230000000000002,8.489999999999998]}"
200206_9,6,21.224184036254883,ERA5_LAND,WA010,2002,"{""type"":""Point"",""coordinates"":[-10.799999999999999,6.3]}"
200206_10,6,7.371139049530029,ERA5_LAND,WA011,2002,"{""type"":""Point"",""coordinates"":[1.22,6.130000000000001]}"
200206_11,6,10.994467735290527,ERA5_LAND,WA012,2002,"{""type"":""Point"",""coordinates"":[2.42,6.37]}"
200206_12,6,0.9604279398918152,ERA5_LAND,WA013,2002,"{""type"":""Point"",""coordinates"":[8.52,12.05]}"
200206_13,6,6.265881538391113,ERA5_LAND,WA014,2002,"{""type"":""Point"",""coordinates"":[-1.62,6.69]}"
200206_14,6,0.13034409284591675,ERA5_LAND,WA015,2002,"{""type"":""Point"",""coordinates"":[-16.680000000000003,13.45]}"
200207_0,7,0.07707752287387848,ERA5_LAND,WA001,2002,"{""type"":""Point"",""coordinates"":[-17.470000000000002,14.73]}"
200207_1,7,5.293515682220459,ERA5_LAND,WA002,2002,"{""type"":""Point"",""coordinates"":[-7.949999999999998,12.65]}"
200207_2,7,4.757170677185059,ERA5_LAND,WA003,2002,"{""type"":""Point"",""coordinates"":[-1.5200000000000002,12.360000000000001]}"
200207_3,7,2.9681622982025146,ERA5_LAND,WA004,2002,"{""type"":""Point"",""coordinates"":[2.17,13.51]}"
200207_4,7,9.266491889953613,ERA5_LAND,WA005,2002,"{""type"":""Point"",""coordinates"":[7.33,9.07]}"
200207_5,7,2.6609699726104736,ERA5_LAND,WA006,2002,"{""type"":""Point"",""coordinates"":[-0.17,5.56]}"
200207_6,7,7.180536270141602,ERA5_LAND,WA007,2002,"{""type"":""Point"",""coordinates"":[-3.9299999999999997,5.349999999999999]}"
200207_7,7,14.568922996520996,ERA5_LAND,WA008,2002,"{""type"":""Point"",""coordinates"":[-13.67,9.53]}"
200207_8,7,21.61963653564453,ERA5_LAND,WA009,2002,"{""type"":""Point"",""coordinates"":[-13.230000000000002,8.489999999999998]}"
200207_9,7,21.231685638427734,ERA5_LAND,WA010,2002,"{""type"":""Point"",""coordinates"":[-10.799999999999999,6.3]}"
200207_10,7,2.6550323963165283,ERA5_LAND,WA011,2002,"{""type"":""Point"",""coordinates"":[1.22,6.130000000000001]}"
200207_11,7,4.086630821228027,ERA5_LAND,WA012,2002,"{""type"":""Point"",""coordinates"":[2.42,6.37]}"
200207_12,7,4.637019634246826,ERA5_LAND,WA013,2002,"{""type"":""Point"",""coordinates"":[8.52,12.05]}"
200207_13,7,4.822531223297119,ERA5_LAND,WA014,2002,"{""type"":""Point"",""coordinates"":[-1.62,6.69]}"
200207_14,7,0.5239900350570679,ERA5_LAND,WA015,2002,"{""type"":""Point"",""coordinates"":[-16.680000000000003,13.45]}"
200208_0,8,3.3511722087860107,ERA5_LAND,WA001,2002,"{""type"":""Point"",""coordinates"":[-17.470000000000002,14.73]}"
200208_1,8,8.909412384033203,ERA5_LAND,WA002,2002,"{""type"":""Point"",""coordinates"":[-7.949999999999998,12.65]}"
200208_2,8,5.897099494934082,ERA5_LAND,WA003,2002,"{""type"":""Point"",""coordinates"":[-1.5200000000000002,12.360000000000001]}"
200208_3,8,2.4718129634857178,ERA5_LAND,WA004,2002,"{""type"":""Point"",""coordinates"":[2.17,13.51]}"
200208_4,8,10.178725242614746,ERA5_LAND,WA005,2002,"{""type"":""Point"",""coordinates"":[7.33,9.07]}"
200208_5,8,1.5549733638763428,ERA5_LAND,WA006,2002,"{""type"":""Point"",""coordinates"":[-0.17,5.56]}"
200208_6,8,2.5329716205596924,ERA5_LAND,WA007,2002,"{""type"":""Point"",""coordinates"":[-3.9299999999999997,5.349999999999999]}"
200208_7,8,28.086219787597656,ERA5_LAND,WA008,2002,"{""type"":""Point"",""coordinates"":[-13.67,9.53]}"
200208_8,8,19.530494689941406,ERA5_LAND,WA009,2002,"{""type"":""Point"",""coordinates"":[-13.230000000000002,8.489999999999998]}"
200208_9,8,15.107144355773926,ERA5_LAND,WA010,2002,"{""type"":""Point"",""coordinates"":[-10.799999999999999,6.3]}"
200208_10,8,1.9749786853790283,ERA5_LAND,WA011,2002,"{""type"":""Point"",""coordinates"":[1.22,6.130000000000001]}"
200208_11,8,3.1477224826812744,ERA5_LAND,WA012,2002,"{""type"":""Point"",""coordinates"":[2.42,6.37]}"
200208_12,8,4.489072799682617,ERA5_LAND,WA013,2002,"{""type"":""Point"",""coordinates"":[8.52,12.05]}"
200208_13,8,4.957984447479248,ERA5_LAND,WA014,2002,"{""type"":""Point"",""coordinates"":[-1.62,6.69]}"
200208_14,8,6.97450065612793,ERA5_LAND,WA015,2002,"{""type"":""Point"",""coordinates"":[-16.680000000000003,13.45]}"
200209_0,9,2.1804914474487305,ERA5_LAND,WA001,2002,"{""type"":""Point"",""coordinates"":[-17.470000000000002,14.73]}"
200209_1,9,5.548288345336914,ERA5_LAND,WA002,2002,"{""type"":""Point"",""coordinates"":[-7.949999999999998,12.65]}"
200209_2,9,2.665442705154419,ERA5_LAND,WA003,2002,"{""type"":""Point"",""coordinates"":[-1.5200000000000002,12.360000000000001]}"
200209_3,9,1.1895406246185303,ERA5_LAND,WA004,2002,"{""type"":""Point"",""coordinates"":[2.17,13.51]}"
200209_4,9,10.381675720214844,ERA5_LAND,WA005,2002,"{""type"":""Point"",""coordinates"":[7.33,9.07]}"
200209_5,9,1.2480604648590088,ERA5_LAND,WA006,2002,"{""type"":""Point"",""coordinates"":[-0.17,5.56]}"
200209_6,9,3.6642158031463623,ERA5_LAND,WA007,2002,"{""type"":""Point"",""coordinates"":[-3.9299999999999997,5.349999999999999]}"
200209_7,9,10.977450370788574,ERA5_LAND,WA008,2002,"{""type"":""Point"",""coordinates"":[-13.67,9.53]}"
200209_8,9,13.932793617248535,ERA5_LAND,WA009,2002,"{""type"":""Point"",""coordinates"":[-13.230000000000002,8.489999999999998]}"
200209_9,9,20.598066329956055,ERA5_LAND,WA010,2002,"{""type"":""Point"",""coordinates"":[-10.799999999999999,6.3]}"
200209_10,9,1.4217801094055176,ERA5_LAND,WA011,2002,"{""type"":""Point"",""coordinates"":[1.22,6.130000000000001]}"
200209_11,9,2.4738833904266357,ERA5_LAND,WA012,2002,"{""type"":""Point"",""coordinates"":[2.42,6.37]}"
200209_12,9,3.761226177215576,ERA5_LAND,WA013,2002,"{""type"":""Point"",""coordinates"":[8.52,12.05]}"
200209_13,9,3.496776580810547,ERA5_LAND,WA014,2002,"{""type"":""Point"",""coordinates"":[-1.62,6.69]}"
200209_14,9,5.061817169189453,ERA5_LAND,WA015,2002,"{""type"":""Point"",""coordinates"":[-16.680000000000003,13.45]}"
200210_0,10,1.3053998947143555,ERA5_LAND,WA001,2002,"{""type"":""Point"",""coordinates"":[-17.470000000000002,14.73]}"
200210_1,10,2.2574522495269775,ERA5_LAND,WA002,2002,"{""type"":""Point"",""coordinates"":[-7.949999999999998,12.65]}"
200210_2,10,1.860878348350525,ERA5_LAND,WA003,2002,"{""type"":""Point"",""coordinates"":[-1.5200000000000002,12.360000000000001]}"
200210_3,10,1.6723806858062744,ERA5_LAND,WA004,2002,"{""type"":""Point"",""coordinates"":[2.17,13.51]}"
200210_4,10,5.687243938446045,ERA5_LAND,WA005,2002,"{""type"":""Point"",""coordinates"":[7.33,9.07]}"
200210_5,10,2.934657096862793,ERA5_LAND,WA006,2002,"{""type"":""Point"",""coordinates"":[-0.17,5.56]}"
200210_6,10,5.684444427490234,ERA5_LAND,WA007,2002,"{""type"":""Point"",""coordinates"":[-3.9299999999999997,5.349999999999999]}"
200210_7,10,7.265207767486572,ERA5_LAND,WA008,2002,"{""type"":""Point"",""coordinates"":[-13.67,9.53]}"
200210_8,10,7.571053504943848,ERA5_LAND,WA009,2002,"{""type"":""Point"",""coordinates"":[-13.230000000000002,8.489999999999998]}"
200210_9,10,9.192811012268066,ERA5_LAND,WA010,2002,"{""type"":""Point"",""coordinates"":[-10.799999999999999,6.3]}"
200210_10,10,4.081716060638428,ERA5_LAND,WA011,2002,"{""type"":""Point"",""coordinates"":[1.22,6.130000000000001]}"
200210_11,10,4.688668727874756,ERA5_LAND,WA012,2002,"{""type"":""Point"",""coordinates"":[2.42,6.37]}"
200210_12,10,1.4099993705749512,ERA5_LAND,WA013,2002,"{""type"":""Point"",""coordinates"":[8.52,12.05]}"
200210_13,10,4.695382118225098,ERA5_LAND,WA014,2002,"{""type"":""Point"",""coordinates"":[-1.62,6.69]}"
200210_14,10,1.808895230293274,ERA5_LAND,WA015,2002,"{""type"":""Point"",""coordinates"":[-16.680000000000003,13.45]}"
200211_0,11,0.0010169170564040542,ERA5_LAND,WA001,2002,"{""type"":""Point"",""coordinates"":[-17.470000000000002,14.73]}"
200211_1,11,0.001416143961250782,ERA5_LAND,WA002,2002,"{""type"":""Point"",""coordinates"":[-7.949999999999998,12.65]}"
200211_2,11,0.01573779620230198,ERA5_LAND,WA003,2002,"{""type"":""Point"",""coordinates"":[-1.5200000000000002,12.360000000000001]}"
200211_3,11,0.022577684372663498,ERA5_LAND,WA004,2002,"{""type"":""Point"",""coordinates"":[2.17,13.51]}"
200211_4,11,0.5263361930847168,ERA5_LAND,WA005,2002,"{""type"":""Point"",""coordinates"":[7.33,9.07]}"
200211_5,11,2.243208646774292,ERA5_LAND,WA006,2002,"{""type"":""Point"",""coordinates"":[-0.17,5.56]}"
200211_6,11,5.424121379852295,ERA5_LAND,WA007,2002,"{""type"":""Point"",""coordinates"":[-3.9299999999999997,5.349999999999999]}"
200211_7,11,1.813246250152588,ERA5_LAND,WA008,2002,"{""type"":""Point"",""coordinates"":[-13.67,9.53]}"
200211_8,11,4.0307793617248535,ERA5_LAND,WA009,2002,"{""type"":""Point"",""coordinates"":[-13.230000000000002,8.489999999999998]}"
200211_9,11,10.29129409790039,ERA5_LAND,WA010,2002,"{""type"":""Point"",""coordinates"":[-10.799999999999999,6.3]}"
200211_10,11,2.8150975704193115,ERA5_LAND,WA011,2002,"{""type"":""Point"",""coordinates"":[1.22,6.130000000000001]}"
200211_11,11,2.514880657196045,ERA5_LAND,WA012,2002,"{""type"":""Point"",""coordinates"":[2.42,6.37]}"
200211_12,11,0.024773122742772102,ERA5_LAND,WA013,2002,"{""type"":""Point"",""coordinates"":[8.52,12.05]}"
200211_13,11,2.857530117034912,ERA5_LAND,WA014,2002,"{""type"":""Point"",""coordinates"":[-1.62,6.69]}"
200211_14,11,0.0016676519298925996,ERA5_LAND,WA015,2002,"{""type"":""Point"",""coordinates"":[-16.680000000000003,13.45]}"
200212_0,12,0.030302194878458977,ERA5_LAND,WA001,2002,"{""type"":""Point"",""coordinates"":[-17.470000000000002,14.73]}"
200212_1,12,0.034112054854631424,ERA5_LAND,WA002,2002,"{""type"":""Point"",""coordinates"":[-7.949999999999998,12.65]}"
200212_2,12,0.0012045524781569839,ERA5_LAND,WA003,2002,"{""type"":""Point"",""coordinates"":[-1.5200000000000002,12.360000000000001]}"
200212_3,12,0.0012045524781569839,ERA5_LAND,WA004,2002,"{""type"":""Point"",""coordinates"":[2.17,13.51]}"
200212_4,12,0.08150248974561691,ERA5_LAND,WA005,2002,"{""type"":""Point"",""coordinates"":[7.33,9.07]}"
200212_5,12,0.9563301205635071,ERA5_LAND,WA006,2002,"{""type"":""Point"",""coordinates"":[-0.17,5.56]}"
200212_6,12,4.068408489227295,ERA5_LAND,WA007,2002,"{""type"":""Point"",""coordinates"":[-3.9299999999999997,5.349999999999999]}"
200212_7,12,0.05494079366326332,ERA5_LAND,WA008,2002,"{""type"":""Point"",""coordinates"":[-13.67,9.53]}"
200212_8,12,0.3593309223651886,ERA5_LAND,WA009,2002,"{""type"":""Point"",""coordinates"":[-13.230000000000002,8.489999999999998]}"
200212_9,12,2.0851337909698486,ERA5_LAND,WA010,2002,"{""type"":""Point"",""coordinates"":[-10.799999999999999,6.3]}"
200212_10,12,1.2967283725738525,ERA5_LAND,WA011,2002,"{""type"":""Point"",""coordinates"":[1.22,6.130000000000001]}"
200212_11,12,1.6423975229263306,ERA5_LAND,WA012,2002,"{""type"":""Point"",""coordinates"":[2.42,6.37]}"
200212_12,12,0.0012045524781569839,ERA5_LAND,WA013,2002,"{""type"":""Point"",""coordinates"":[8.52,12.05]}"
200212_13,12,0.5458226799964905,ERA5_LAND,WA014,2002,"{""type"":""Point"",""coordinates"":[-1.62,6.69]}"
200212_14,12,0.04165298119187355,ERA5_LAND,WA015,2002,"{""type"":""Point"",""coordinates"":[-16.680000000000003,13.45]}"
200301_0,1,0.002217573579400778,ERA5_LAND,WA001,2003,"{""type"":""Point"",""coordinates"":[-17.470000000000002,14.73]}"
200301_1,1,0.013489773496985435,ERA5_LAND,WA002,2003,"{""type"":""Point"",""coordinates"":[-7.949999999999998,12.65]}"
200301_2,1,0.0012169121764600277,ERA5_LAND,WA003,2003,"{""type"":""Point"",""coordinates"":[-1.5200000000000002,12.360000000000001]}"
200301_3,1,0.0010430853581055999,ERA5_LAND,WA004,2003,"{""type"":""Point"",""coordinates"":[2.17,13.51]}"
200301_4,1,0.15680968761444092,ERA5_LAND,WA005,2003,"{""type"":""Point"",""coordinates"":[7.33,9.07]}"
200301_5,1,1.0615583658218384,ERA5_LAND,WA006,2003,"{""type"":""Point"",""coordinates"":[-0.17,5.56]}"
200301_6,1,2.833606243133545,ERA5_LAND,WA007,2003,"{""type"":""Point"",""coordinates"":[-3.9299999999999997,5.349999999999999]}"
200301_7,1,0.18102076649665833,ERA5_LAND,WA008,2003,"{""type"":""Point"",""coordinates"":[-13.67,9.53]}"
200301_8,1,0.09117165952920914,ERA5_LAND,WA009,2003,"{""type"":""Point"",""coordinates"":[-13.230000000000002,8.489999999999998]}"
200301_9,1,2.1025941371917725,ERA5_LAND,WA010,2003,"{""type"":""Point"",""coordinates"":[-10.799999999999999,6.3]}"
200301_10,1,1.3696731328964233,ERA5_LAND,WA011,2003,"{""type"":""Point"",""coordinates"":[1.22,6.130000000000001]}"
200301_11,1,2.072204351425171,ERA5_LAND,WA012,2003,"{""type"":""Point"",""coordinates"":[2.42,6.37]}"
200301_12,1,0.0010091374861076474,ERA5_LAND,WA013,2003,"{""type"":""Point"",""coordinates"":[8.52,12.05]}"
200301_13,1,1.1114073991775513,ERA5_LAND,WA014,2003,"{""type"":""Point"",""coordinates"":[-1.62,6.69]}"
200301_14,1,0.0010091374861076474,ERA5_LAND,WA015,2003,"{""type"":""Point"",""coordinates"":[-16.680000000000003,13.45]}"
200302_0,2,0.021062863990664482,ERA5_LAND,WA001,2003,"{""type"":""Point"",""coordinates"":[-17.470000000000002,14.73]}"
200302_1,2,0.001411008881404996,ERA5_LAND,WA002,2003,"{""type"":""Point"",""coordinates"":[-7.949999999999998,12.65]}"
200302_2,2,0.0067215110175311565,ERA5_LAND,WA003,2003,"{""type"":""Point"",""coordinates"":[-1.5200000000000002,12.360000000000001]}"
200302_3,2,0.001348095596767962,ERA5_LAND,WA004,2003,"{""type"":""Point"",""coordinates"":[2.17,13.51]}"
200302_4,2,0.19497986137866974,ERA5_LAND,WA005,2003,"{""type"":""Point"",""coordinates"":[7.33,9.07]}"
200302_5,2,0.8271291851997375,ERA5_LAND,WA006,2003,"{""type"":""Point"",""coordinates"":[-0.17,5.56]}"
200302_6,2,2.3703131675720215,ERA5_LAND,WA007,2003,"{""type"":""Point"",""coordinates"":[-3.9299999999999997,5.349999999999999]}"
200302_7,2,0.0031288722530007362,ERA5_LAND,WA008,2003,"{""type"":""Point"",""coordinates"":[-13.67,9.53]}"
200302_8,2,0.026830898597836494,ERA5_LAND,WA009,2003,"{""type"":""Point"",""coordinates"":[-13.230000000000002,8.489999999999998]}"
200302_9,2,3.133251190185547,ERA5_LAND,WA010,2003,"{""type"":""Point"",""coordinates"":[-10.799999999999999,6.3]}"
200302_10,2,0.8571888208389282,ERA5_LAND,WA011,2003,"{""type"":""Point"",""coordinates"":[1.22,6.130000000000001]}"
200302_11,2,1.1728360652923584,ERA5_LAND,WA012,2003,"{""type"":""Point"",""coordinates"":[2.42,6.37]}"
200302_12,2,0.001348095596767962,ERA5_LAND,WA013,2003,"{""type"":""Point"",""coordinates"":[8.52,12.05]}"
200302_13,2,2.0743398666381836,ERA5_LAND,WA014,2003,"{""type"":""Point"",""coordinates"":[-1.62,6.69]}"
200302_14,2,0.016502931714057922,ERA5_LAND,WA015,2003,"{""type"":""Point"",""coordinates"":[-16.680000000000003,13.45]}"
200303_0,3,8.58330400660634E-4,ERA5_LAND,WA001,2003,"{""type"":""Point"",""coordinates"":[-17.470000000000002,14.73]}"
200303_1,3,0.004945577587932348,ERA5_LAND,WA002,2003,"{""type"":""Point"",""coordinates"":[-7.949999999999998,12.65]}"
200303_2,3,0.22112564742565155,ERA5_LAND,WA003,2003,"{""type"":""Point"",""coordinates"":[-1.5200000000000002,12.360000000000001]}"
200303_3,3,0.17061807215213776,ERA5_LAND,WA004,2003,"{""type"":""Point"",""coordinates"":[2.17,13.51]}"
200303_4,3,0.3692237138748169,ERA5_LAND,WA005,2003,"{""type"":""Point"",""coordinates"":[7.33,9.07]}"
200303_5,3,1.4389913082122803,ERA5_LAND,WA006,2003,"{""type"":""Point"",""coordinates"":[-0.17,5.56]}"
200303_6,3,4.117465496063232,ERA5_LAND,WA007,2003,"{""type"":""Point"",""coordinates"":[-3.9299999999999997,5.349999999999999]}"
200303_7,3,0.026479635387659073,ERA5_LAND,WA008,2003,"{""type"":""Point"",""coordinates"":[-13.67,9.53]}"
200303_8,3,0.2823363244533539,ERA5_LAND,WA009,2003,"{""type"":""Point"",""coordinates"":[-13.230000000000002,8.489999999999998]}"
200303_9,3,5.300393581390381,ERA5_LAND,WA010,2003,"{""type"":""Point"",""coordinates"":[-10.799999999999999,6.3]}"
200303_10,3,1.433241367340088,ERA5_LAND,WA011,2003,"{""type"":""Point"",""coordinates"":[1.22,6.130000000000001]}"
200303_11,3,2.0634288787841797,ERA5_LAND,WA012,2003,"{""type"":""Point"",""coordinates"":[2.42,6.37]}"
200303_12,3,8.58330400660634E-4,ERA5_LAND,WA013,2003,"{""type"":""Point"",""coordinates"":[8.52,12.05]}"
200303_13,3,2.0767898559570312,ERA5_LAND,WA014,2003,"{""type"":""Point"",""coordinates"":[-1.62,6.69]}"
200303_14,3,8.58330400660634E-4,ERA5_LAND,WA015,2003,"{""type"":""Point"",""coordinates"":[-16.680000000000003,13.45]}"
200304_0,4,0.0017793555743992329,ERA5_LAND,WA001,2003,"{""type"":""Point"",""coordinates"":[-17.470000000000002,14.73]}"
200304_1,4,0.3422221839427948,ERA5_LAND,WA002,2003,"{""type"":""Point"",""coordinates"":[-7.949999999999998,12.65]}"
200304_2,4,0.23492023348808289,ERA5_LAND,WA003,2003,"{""type"":""Point"",""coordinates"":[-1.5200000000000002,12.360000000000001]}"
200304_3,4,0.1125040128827095,ERA5_LAND,WA004,2003,"{""type"":""Point"",""coordinates"":[2.17,13.51]}"
200304_4,4,2.583428144454956,ERA5_LAND,WA005,2003,"{""type"":""Point"",""coordinates"":[7.33,9.07]}"
200304_5,4,3.4382529258728027,ERA5_LAND,WA006,2003,"{""type"":""Point"",""coordinates"":[-0.17,5.56]}"
200304_6,4,5.333410739898682,ERA5_LAND,WA007,2003,"{""type"":""Point"",""coordinates"":[-3.9299999999999997,5.349999999999999]}"
200304_7,4,0.14737474918365479,ERA5_LAND,WA008,2003,"{""type"":""Point"",""coordinates"":[-13.67,9.53]}"
200304_8,4,0.7880958318710327,ERA5_LAND,WA009,2003,"{""type"":""Point"",""coordinates"":[-13.230000000000002,8.489999999999998]}"
200304_9,4,8.668084144592285,ERA5_LAND,WA010,2003,"{""type"":""Point"",""coordinates"":[-10.799999999999999,6.3]}"
200304_10,4,4.359311103820801,ERA5_LAND,WA011,2003,"{""type"":""Point"",""coordinates"":[1.22,6.130000000000001]}"
200304_11,4,5.718817710876465,ERA5_LAND,WA012,2003,"{""type"":""Point"",""coordinates"":[2.42,6.37]}"
200304_12,4,0.3251696825027466,ERA5_LAND,WA013,2003,"{""type"":""Point"",""coordinates"":[8.52,12.05]}"
200304_13,4,3.167666435241699,ERA5_LAND,WA014,2003,"{""type"":""Point"",""coordinates"":[-1.62,6.69]}"
200304_14,4,0.0013357331044971943,ERA5_LAND,WA015,2003,"{""type"":""Point"",""coordinates"":[-16.680000000000003,13.45]}"
200305_0,5,0.0014310481492429972,ERA5_LAND,WA001,2003,"{""type"":""Point"",""coordinates"":[-17.470000000000002,14.73]}"
200305_1,5,0.4820118844509125,ERA5_LAND,WA002,2003,"{""type"":""Point"",""coordinates"":[-7.949999999999998,12.65]}"
200305_2,5,0.5791276097297668,ERA5_LAND,WA003,2003,"{""type"":""Point"",""coordinates"":[-1.5200000000000002,12.360000000000001]}"
200305_3,5,0.15638740360736847,ERA5_LAND,WA004,2003,"{""type"":""Point"",""coordinates"":[2.17,13.51]}"
200305_4,5,2.1897146701812744,ERA5_LAND,WA005,2003,"{""type"":""Point"",""coordinates"":[7.33,9.07]}"
200305_5,5,3.4409563541412354,ERA5_LAND,WA006,2003,"{""type"":""Point"",""coordinates"":[-0.17,5.56]}"
200305_6,5,8.422430038452148,ERA5_LAND,WA007,2003,"{""type"":""Point"",""coordinates"":[-3.9299999999999997,5.349999999999999]}"
200305_7,5,2.9052491188049316,ERA5_LAND,WA008,2003,"{""type"":""Point"",""coordinates"":[-13.67,9.53]}"
200305_8,5,9.211915016174316,ERA5_LAND,WA009,2003,"{""type"":""Point"",""coordinates"":[-13.230000000000002,8.489999999999998]}"
200305_9,5,15.434752464294434,ERA5_LAND,WA010,2003,"{""type"":""Point"",""coordinates"":[-10.799999999999999,6.3]}"
200305_10,5,4.808861255645752,ERA5_LAND,WA011,2003,"{""type"":""Point"",""coordinates"":[1.22,6.130000000000001]}"
200305_11,5,5.786929130554199,ERA5_LAND,WA012,2003,"{""type"":""Point"",""coordinates"":[2.42,6.37]}"
200305_12,5,0.7670148611068726,ERA5_LAND,WA013,2003,"{""type"":""Point"",""coordinates"":[8.52,12.05]}"
200305_13,5,2.596282720565796,ERA5_LAND,WA014,2003,"{""type"":""Point"",""coordinates"":[-1.62,6.69]}"
200305_14,5,0.003137130755931139,ERA5_LAND,WA015,2003,"{""type"":""Point"",""coordinates"":[-16.680000000000003,13.45]}"
200306_0,6,0.12608753144741058,ERA5_LAND,WA001,2003,"{""type"":""Point"",""coordinates"":[-17.470000000000002,14.73]}"
200306_1,6,4.000964641571045,ERA5_LAND,WA002,2003,"{""type"":""Point"",""coordinates"":[-7.949999999999998,12.65]}"
200306_2,6,4.883706569671631,ERA5_LAND,WA003,2003,"{""type"":""Point"",""coordinates"":[-1.5200000000000002,12.360000000000001]}"
200306_3,6,1.0217596292495728,ERA5_LAND,WA004,2003,"{""type"":""Point"",""coordinates"":[2.17,13.51]}"
200306_4,6,7.6080851554870605,ERA5_LAND,WA005,2003,"{""type"":""Point"",""coordinates"":[7.33,9.07]}"
200306_5,6,4.769774913787842,ERA5_LAND,WA006,2003,"{""type"":""Point"",""coordinates"":[-0.17,5.56]}"
200306_6,6,6.940887451171875,ERA5_LAND,WA007,2003,"{""type"":""Point"",""coordinates"":[-3.9299999999999997,5.349999999999999]}"
200306_7,6,15.58456802368164,ERA5_LAND,WA008,2003,"{""type"":""Point"",""coordinates"":[-13.67,9.53]}"
200306_8,6,16.756175994873047,ERA5_LAND,WA009,2003,"{""type"":""Point"",""coordinates"":[-13.230000000000002,8.489999999999998]}"
200306_9,6,19.10582160949707,ERA5_LAND,WA010,2003,"{""type"":""Point"",""coordinates"":[-10.799999999999999,6.3]}"
200306_10,6,5.078100204467773,ERA5_LAND,WA011,2003,"{""type"":""Point"",""coordinates"":[1.22,6.130000000000001]}"
200306_11,6,7.082326412200928,ERA5_LAND,WA012,2003,"{""type"":""Point"",""coordinates"":[2.42,6.37]}"
200306_12,6,3.623452663421631,ERA5_LAND,WA013,2003,"{""type"":""Point"",""coordinates"":[8.52,12.05]}"
200306_13,6,4.340506076812744,ERA5_LAND,WA014,2003,"{""type"":""Point"",""coordinates"":[-1.62,6.69]}"
200306_14,6,0.8411463499069214,ERA5_LAND,WA015,2003,"{""type"":""Point"",""coordinates"":[-16.680000000000003,13.45]}"
200307_0,7,0.8860151767730713,ERA5_LAND,WA001,2003,"{""type"":""Point"",""coordinates"":[-17.470000000000002,14.73]}"
200307_1,7,5.2820281982421875,ERA5_LAND,WA002,2003,"{""type"":""Point"",""coordinates"":[-7.949999999999998,12.65]}"
200307_2,7,3.7965171337127686,ERA5_LAND,WA003,2003,"{""type"":""Point"",""coordinates"":[-1.5200000000000002,12.360000000000001]}"
200307_3,7,1.7918345928192139,ERA5_LAND,WA004,2003,"{""type"":""Point"",""coordinates"":[2.17,13.51]}"
200307_4,7,7.258829593658447,ERA5_LAND,WA005,2003,"{""type"":""Point"",""coordinates"":[7.33,9.07]}"
200307_5,7,1.0229952335357666,ERA5_LAND,WA006,2003,"{""type"":""Point"",""coordinates"":[-0.17,5.56]}"
200307_6,7,1.9290003776550293,ERA5_LAND,WA007,2003,"{""type"":""Point"",""coordinates"":[-3.9299999999999997,5.349999999999999]}"
200307_7,7,19.409671783447266,ERA5_LAND,WA008,2003,"{""type"":""Point"",""coordinates"":[-13.67,9.53]}"
200307_8,7,29.696714401245117,ERA5_LAND,WA009,2003,"{""type"":""Point"",""coordinates"":[-13.230000000000002,8.489999999999998]}"
200307_9,7,16.17232322692871,ERA5_LAND,WA010,2003,"{""type"":""Point"",""coordinates"":[-10.799999999999999,6.3]}"
200307_10,7,0.9757804870605469,ERA5_LAND,WA011,2003,"{""type"":""Point"",""coordinates"":[1.22,6.130000000000001]}"
200307_11,7,0.7358062267303467,ERA5_LAND,WA012,2003,"{""type"":""Point"",""coordinates"":[2.42,6.37]}"
200307_12,7,3.5427329540252686,ERA5_LAND,WA013,2003,"{""type"":""Point"",""coordinates"":[8.52,12.05]}"
200307_13,7,1.791961669921875,ERA5_LAND,WA014,2003,"{""type"":""Point"",""coordinates"":[-1.62,6.69]}"
200307_14,7,4.632466793060303,ERA5_LAND,WA015,2003,"{""type"":""Point"",""coordinates"":[-16.680000000000003,13.45]}"
200308_0,8,2.1808738708496094,ERA5_LAND,WA001,2003,"{""type"":""Point"",""coordinates"":[-17.470000000000002,14.73]}"
200308_1,8,9.857185363769531,ERA5_LAND,WA002,2003,"{""type"":""Point"",""coordinates"":[-7.949999999999998,12.65]}"
200308_2,8,9.42404842376709,ERA5_LAND,WA003,2003,"{""type"":""Point"",""coordinates"":[-1.5200000000000002,12.360000000000001]}"
200308_3,8,4.737789630889893,ERA5_LAND,WA004,2003,"{""type"":""Point"",""coordinates"":[2.17,13.51]}"
200308_4,8,9.228529930114746,ERA5_LAND,WA005,2003,"{""type"":""Point"",""coordinates"":[7.33,9.07]}"
200308_5,8,1.6585564613342285,ERA5_LAND,WA006,2003,"{""type"":""Point"",""coordinates"":[-0.17,5.56]}"
200308_6,8,1.62148118019104,ERA5_LAND,WA007,2003,"{""type"":""Point"",""coordinates"":[-3.9299999999999997,5.349999999999999]}"
200308_7,8,31.74947738647461,ERA5_LAND,WA008,2003,"{""type"":""Point"",""coordinates"":[-13.67,9.53]}"
200308_8,8,26.405027389526367,ERA5_LAND,WA009,2003,"{""type"":""Point"",""coordinates"":[-13.230000000000002,8.489999999999998]}"
200308_9,8,18.951026916503906,ERA5_LAND,WA010,2003,"{""type"":""Point"",""coordinates"":[-10.799999999999999,6.3]}"
200308_10,8,1.4918062686920166,ERA5_LAND,WA011,2003,"{""type"":""Point"",""coordinates"":[1.22,6.130000000000001]}"
200308_11,8,1.995233416557312,ERA5_LAND,WA012,2003,"{""type"":""Point"",""coordinates"":[2.42,6.37]}"
200308_12,8,9.662034034729004,ERA5_LAND,WA013,2003,"{""type"":""Point"",""coordinates"":[8.52,12.05]}"
200308_13,8,2.3787384033203125,ERA5_LAND,WA014,2003,"{""type"":""Point"",""coordinates"":[-1.62,6.69]}"
200308_14,8,6.067812442779541,ERA5_LAND,WA015,2003,"{""type"":""Point"",""coordinates"":[-16.680000000000003,13.45]}"
200309_0,9,4.187524318695068,ERA5_LAND,WA001,2003,"{""type"":""Point"",""coordinates"":[-17.470000000000002,14.73]}"
200309_1,9,6.65250301361084,ERA5_LAND,WA002,2003,"{""type"":""Point"",""coordinates"":[-7.949999999999998,12.65]}"
200309_2,9,4.482036113739014,ERA5_LAND,WA003,2003,"{""type"":""Point"",""coordinates"":[-1.5200000000000002,12.360000000000001]}"
200309_3,9,1.9256845712661743,ERA5_LAND,WA004,2003,"{""type"":""Point"",""coordinates"":[2.17,13.51]}"
200309_4,9,8.540335655212402,ERA5_LAND,WA005,2003,"{""type"":""Point"",""coordinates"":[7.33,9.07]}"
200309_5,9,2.582119941711426,ERA5_LAND,WA006,2003,"{""type"":""Point"",""coordinates"":[-0.17,5.56]}"
200309_6,9,4.870960712432861,ERA5_LAND,WA007,2003,"{""type"":""Point"",""coordinates"":[-3.9299999999999997,5.349999999999999]}"
200309_7,9,13.275874137878418,ERA5_LAND,WA008,2003,"{""type"":""Point"",""coordinates"":[-13.67,9.53]}"
200309_8,9,14.294232368469238,ERA5_LAND,WA009,2003,"{""type"":""Point"",""coordinates"":[-13.230000000000002,8.489999999999998]}"
200309_9,9,14.957694053649902,ERA5_LAND,WA010,2003,"{""type"":""Point"",""coordinates"":[-10.799999999999999,6.3]}"
200309_10,9,4.160755634307861,ERA5_LAND,WA011,2003,"{""type"":""Point"",""coordinates"":[1.22,6.130000000000001]}"
200309_11,9,4.725247383117676,ERA5_LAND,WA012,2003,"{""type"":""Point"",""coordinates"":[2.42,6.37]}"
200309_12,9,3.8207879066467285,ERA5_LAND,WA013,2003,"{""type"":""Point"",""coordinates"":[8.52,12.05]}"
200309_13,9,5.207058906555176,ERA5_LAND,WA014,2003,"{""type"":""Point"",""coordinates"":[-1.62,6.69]}"
200309_14,9,7.695633411407471,ERA5_LAND,WA015,2003,"{""type"":""Point"",""coordinates"":[-16.680000000000003,13.45]}"
200310_0,10,2.003302574157715,ERA5_LAND,WA001,2003,"{""type"":""Point"",""coordinates"":[-17.470000000000002,14.73]}"
200310_1,10,1.8601866960525513,ERA5_LAND,WA002,2003,"{""type"":""Point"",""coordinates"":[-7.949999999999998,12.65]}"
200310_2,10,0.9210472106933594,ERA5_LAND,WA003,2003,"{""type"":""Point"",""coordinates"":[-1.5200000000000002,12.360000000000001]}"
200310_3,10,0.2910231053829193,ERA5_LAND,WA004,2003,"{""type"":""Point"",""coordinates"":[2.17,13.51]}"
200310_4,10,4.426266193389893,ERA5_LAND,WA005,2003,"{""type"":""Point"",""coordinates"":[7.33,9.07]}"
200310_5,10,2.9745421409606934,ERA5_LAND,WA006,2003,"{""type"":""Point"",""coordinates"":[-0.17,5.56]}"
200310_6,10,5.731807231903076,ERA5_LAND,WA007,2003,"{""type"":""Point"",""coordinates"":[-3.9299999999999997,5.349999999999999]}"
200310_7,10,9.00338077545166,ERA5_LAND,WA008,2003,"{""type"":""Point"",""coordinates"":[-13.67,9.53]}"
200310_8,10,8.435100555419922,ERA5_LAND,WA009,2003,"{""type"":""Point"",""coordinates"":[-13.230000000000002,8.489999999999998]}"
200310_9,10,15.742547988891602,ERA5_LAND,WA010,2003,"{""type"":""Point"",""coordinates"":[-10.799999999999999,6.3]}"
200310_10,10,4.215900421142578,ERA5_LAND,WA011,2003,"{""type"":""Point"",""coordinates"":[1.22,6.130000000000001]}"
200310_11,10,5.651729583740234,ERA5_LAND,WA012,2003,"{""type"":""Point"",""coordinates"":[2.42,6.37]}"
200310_12,10,1.0326231718063354,ERA5_LAND,WA013,2003,"{""type"":""Point"",""coordinates"":[8.52,12.05]}"
200310_13,10,5.289020538330078,ERA5_LAND,WA014,2003,"{""type"":""Point"",""coordinates"":[-1.62,6.69]}"
200310_14,10,3.6498219966888428,ERA5_LAND,WA015,2003,"{""type"":""Point"",""coordinates"":[-16.680000000000003,13.45]}"
200311_0,11,9.879096178337932E-4,ERA5_LAND,WA001,2003,"{""type"":""Point"",""coordinates"":[-17.470000000000002,14.73]}"
200311_1,11,0.20100487768650055,ERA5_LAND,WA002,2003,"{""type"":""Point"",""coordinates"":[-7.949999999999998,12.65]}"
200311_2,11,0.005245039239525795,ERA5_LAND,WA003,2003,"{""type"":""Point"",""coordinates"":[-1.5200000000000002,12.360000000000001]}"
200311_3,11,9.278082870878279E-4,ERA5_LAND,WA004,2003,"{""type"":""Point"",""coordinates"":[2.17,13.51]}"
200311_4,11,1.4871747493743896,ERA5_LAND,WA005,2003,"{""type"":""Point"",""coordinates"":[7.33,9.07]}"
200311_5,11,2.3646812438964844,ERA5_LAND,WA006,2003,"{""type"":""Point"",""coordinates"":[-0.17,5.56]}"
200311_6,11,5.048579216003418,ERA5_LAND,WA007,2003,"{""type"":""Point"",""coordinates"":[-3.9299999999999997,5.349999999999999]}"
200311_7,11,3.4718520641326904,ERA5_LAND,WA008,2003,"{""type"":""Point"",""coordinates"":[-13.67,9.53]}"
200311_8,11,5.759945392608643,ERA5_LAND,WA009,2003,"{""type"":""Point"",""coordinates"":[-13.230000000000002,8.489999999999998]}"
200311_9,11,8.40202808380127,ERA5_LAND,WA010,2003,"{""type"":""Point"",""coordinates"":[-10.799999999999999,6.3]}"
200311_10,11,2.829739809036255,ERA5_LAND,WA011,2003,"{""type"":""Point"",""coordinates"":[1.22,6.130000000000001]}"
200311_11,11,3.346202850341797,ERA5_LAND,WA012,2003,"{""type"":""Point"",""coordinates"":[2.42,6.37]}"
200311_12,11,0.0010360594606027007,ERA5_LAND,WA013,2003,"{""type"":""Point"",""coordinates"":[8.52,12.05]}"
200311_13,11,2.6505491733551025,ERA5_LAND,WA014,2003,"{""type"":""Point"",""coordinates"":[-1.62,6.69]}"
200311_14,11,0.016940366476774216,ERA5_LAND,WA015,2003,"{""type"":""Point"",""coordinates"":[-16.680000000000003,13.45]}"
200312_0,12,0.007043033372610807,ERA5_LAND,WA001,2003,"{""type"":""Point"",""coordinates"":[-17.470000000000002,14.73]}"
200312_1,12,9.412480285391212E-4,ERA5_LAND,WA002,2003,"{""type"":""Point"",""coordinates"":[-7.949999999999998,12.65]}"
200312_2,12,9.412480285391212E-4,ERA5_LAND,WA003,2003,"{""type"":""Point"",""coordinates"":[-1.5200000000000002,12.360000000000001]}"
200312_3,12,9.412480285391212E-4,ERA5_LAND,WA004,2003,"{""type"":""Point"",""coordinates"":[2.17,13.51]}"
200312_4,12,0.0018348370213061571,ERA5_LAND,WA005,2003,"{""type"":""Point"",""coordinates"":[7.33,9.07]}"
200312_5,12,1.2310426235198975,ERA5_LAND,WA006,2003,"{""type"":""Point"",""coordinates"":[-0.17,5.56]}"
200312_6,12,3.346742630004883,ERA5_LAND,WA007,2003,"{""type"":""Point"",""coordinates"":[-3.9299999999999997,5.349999999999999]}"
200312_7,12,0.26659464836120605,ERA5_LAND,WA008,2003,"{""type"":""Point"",""coordinates"":[-13.67,9.53]}"
200312_8,12,1.453136920928955,ERA5_LAND,WA009,2003,"{""type"":""Point"",""coordinates"":[-13.230000000000002,8.489999999999998]}"
200312_9,12,3.774805784225464,ERA5_LAND,WA010,2003,"{""type"":""Point"",""coordinates"":[-10.799999999999999,6.3]}"
200312_10,12,1.1999911069869995,ERA5_LAND,WA011,2003,"{""type"":""Point"",""coordinates"":[1.22,6.130000000000001]}"
200312_11,12,1.5106853246688843,ERA5_LAND,WA012,2003,"{""type"":""Point"",""coordinates"":[2.42,6.37]}"
200312_12,12,9.412480285391212E-4,ERA5_LAND,WA013,2003,"{""type"":""Point"",""coordinates"":[8.52,12.05]}"
200312_13,12,1.143069863319397,ERA5_LAND,WA014,2003,"{""type"":""Point"",""coordinates"":[-1.62,6.69]}"
200312_14,12,9.455512627027929E-4,ERA5_LAND,WA015,2003,"{""type"":""Point"",""coordinates"":[-16.680000000000003,13.45]}"
200401_0,1,0.036556094884872437,ERA5_LAND,WA001,2004,"{""type"":""Point"",""coordinates"":[-17.470000000000002,14.73]}"
200401_1,1,0.041791532188653946,ERA5_LAND,WA002,2004,"{""type"":""Point"",""coordinates"":[-7.949999999999998,12.65]}"
200401_2,1,0.0010384562192484736,ERA5_LAND,WA003,2004,"{""type"":""Point"",""coordinates"":[-1.5200000000000002,12.360000000000001]}"
200401_3,1,0.0010384562192484736,ERA5_LAND,WA004,2004,"{""type"":""Point"",""coordinates"":[2.17,13.51]}"
200401_4,1,0.15805894136428833,ERA5_LAND,WA005,2004,"{""type"":""Point"",""coordinates"":[7.33,9.07]}"
200401_5,1,1.3412697315216064,ERA5_LAND,WA006,2004,"{""type"":""Point"",""coordinates"":[-0.17,5.56]}"
200401_6,1,3.6721413135528564,ERA5_LAND,WA007,2004,"{""type"":""Point"",""coordinates"":[-3.9299999999999997,5.349999999999999]}"
200401_7,1,0.10657582432031631,ERA5_LAND,WA008,2004,"{""type"":""Point"",""coordinates"":[-13.67,9.53]}"
200401_8,1,0.11860575526952744,ERA5_LAND,WA009,2004,"{""type"":""Point"",""coordinates"":[-13.230000000000002,8.489999999999998]}"
200401_9,1,1.6292526721954346,ERA5_LAND,WA010,2004,"{""type"":""Point"",""coordinates"":[-10.799999999999999,6.3]}"
200401_10,1,0.978144109249115,ERA5_LAND,WA011,2004,"{""type"":""Point"",""coordinates"":[1.22,6.130000000000001]}"
200401_11,1,1.3406656980514526,ERA5_LAND,WA012,2004,"{""type"":""Point"",""coordinates"":[2.42,6.37]}"
200401_12,1,0.0010429752292111516,ERA5_LAND,WA013,2004,"{""type"":""Point"",""coordinates"":[8.52,12.05]}"
200401_13,1,1.4270908832550049,ERA5_LAND,WA014,2004,"{""type"":""Point"",""coordinates"":[-1.62,6.69]}"
200401_14,1,0.03147534653544426,ERA5_LAND,WA015,2004,"{""type"":""Point"",""coordinates"":[-16.680000000000003,13.45]}"
200402_0,2,0.0022233431227505207,ERA5_LAND,WA001,2004,"{""type"":""Point"",""coordinates"":[-17.470000000000002,14.73]}"
200402_1,2,0.031263306736946106,ERA5_LAND,WA002,2004,"{""type"":""Point"",""coordinates"":[-7.949999999999998,12.65]}"
200402_2,2,0.0030791391618549824,ERA5_LAND,WA003,2004,"{""type"":""Point"",""coordinates"":[-1.5200000000000002,12.360000000000001]}"
200402_3,2,9.593137074261904E-4,ERA5_LAND,WA004,2004,"{""type"":""Point"",""coordinates"":[2.17,13.51]}"
200402_4,2,0.01687733642756939,ERA5_LAND,WA005,2004,"{""type"":""Point"",""coordinates"":[7.33,9.07]}"
200402_5,2,0.9712379574775696,ERA5_LAND,WA006,2004,"{""type"":""Point"",""coordinates"":[-0.17,5.56]}"
200402_6,2,2.009206533432007,ERA5_LAND,WA007,2004,"{""type"":""Point"",""coordinates"":[-3.9299999999999997,5.349999999999999]}"
200402_7,2,0.01774369180202484,ERA5_LAND,WA008,2004,"{""type"":""Point"",""coordinates"":[-13.67,9.53]}"
200402_8,2,0.25132501125335693,ERA5_LAND,WA009,2004,"{""type"":""Point"",""coordinates"":[-13.230000000000002,8.489999999999998]}"
200402_9,2,3.1848998069763184,ERA5_LAND,WA010,2004,"{""type"":""Point"",""coordinates"":[-10.799999999999999,6.3]}"
200402_10,2,0.9815137982368469,ERA5_LAND,WA011,2004,"{""type"":""Point"",""coordinates"":[1.22,6.130000000000001]}"
200402_11,2,1.2655702829360962,ERA5_LAND,WA012,2004,"{""type"":""Point"",""coordinates"":[2.42,6.37]}"
200402_12,2,9.593137074261904E-4,ERA5_LAND,WA013,2004,"{""type"":""Point"",""coordinates"":[8.52,12.05]}"
200402_13,2,1.2297699451446533,ERA5_LAND,WA014,2004,"{""type"":""Point"",""coordinates"":[-1.62,6.69]}"
200402_14,2,0.005665294360369444,ERA5_LAND,WA015,2004,"{""type"":""Point"",""coordinates"":[-16.680000000000003,13.45]}"
200403_0,3,0.006075731944292784,ERA5_LAND,WA001,2004,"{""type"":""Point"",""coordinates"":[-17.470000000000002,14.73]}"
200403_1,3,0.009084392338991165,ERA5_LAND,WA002,2004,"{""type"":""Point"",""coordinates"":[-7.949999999999998,12.65]}"
200403_2,3,0.02295803651213646,ERA5_LAND,WA003,2004,"{""type"":""Point"",""coordinates"":[-1.5200000000000002,12.360000000000001]}"
200403_3,3,0.004519159439951181,ERA5_LAND,WA004,2004,"{""type"":""Point"",""coordinates"":[2.17,13.51]}"
200403_4,3,0.16062526404857635,ERA5_LAND,WA005,2004,"{""type"":""Point"",""coordinates"":[7.33,9.07]}"
200403_5,3,0.5753294825553894,ERA5_LAND,WA006,2004,"{""type"":""Point"",""coordinates"":[-0.17,5.56]}"
200403_6,3,1.738142728805542,ERA5_LAND,WA007,2004,"{""type"":""Point"",""coordinates"":[-3.9299999999999997,5.349999999999999]}"
200403_7,3,0.06958169490098953,ERA5_LAND,WA008,2004,"{""type"":""Point"",""coordinates"":[-13.67,9.53]}"
200403_8,3,1.2229323387145996,ERA5_LAND,WA009,2004,"{""type"":""Point"",""coordinates"":[-13.230000000000002,8.489999999999998]}"
200403_9,3,6.2277302742004395,ERA5_LAND,WA010,2004,"{""type"":""Point"",""coordinates"":[-10.799999999999999,6.3]}"
200403_10,3,1.3337219953536987,ERA5_LAND,WA011,2004,"{""type"":""Point"",""coordinates"":[1.22,6.130000000000001]}"
200403_11,3,1.8391687870025635,ERA5_LAND,WA012,2004,"{""type"":""Point"",""coordinates"":[2.42,6.37]}"
200403_12,3,9.440964786335826E-4,ERA5_LAND,WA013,2004,"{""type"":""Point"",""coordinates"":[8.52,12.05]}"
200403_13,3,1.8187012672424316,ERA5_LAND,WA014,2004,"{""type"":""Point"",""coordinates"":[-1.62,6.69]}"
200403_14,3,0.0011477055959403515,ERA5_LAND,WA015,2004,"{""type"":""Point"",""coordinates"":[-16.680000000000003,13.45]}"
200404_0,4,0.0012830904452130198,ERA5_LAND,WA001,2004,"{""type"":""Point"",""coordinates"":[-17.470000000000002,14.73]}"
200404_1,4,0.4513518214225769,ERA5_LAND,WA002,2004,"{""type"":""Point"",""coordinates"":[-7.949999999999998,12.65]}"
200404_2,4,0.7093470692634583,ERA5_LAND,WA003,2004,"{""type"":""Point"",""coordinates"":[-1.5200000000000002,12.360000000000001]}"
200404_3,4,0.02862793393433094,ERA5_LAND,WA004,2004,"{""type"":""Point"",""coordinates"":[2.17,13.51]}"
200404_4,4,1.4302324056625366,ERA5_LAND,WA005,2004,"{""type"":""Point"",""coordinates"":[7.33,9.07]}"
200404_5,4,1.8379175662994385,ERA5_LAND,WA006,2004,"{""type"":""Point"",""coordinates"":[-0.17,5.56]}"
200404_6,4,4.804994583129883,ERA5_LAND,WA007,2004,"{""type"":""Point"",""coordinates"":[-3.9299999999999997,5.349999999999999]}"
200404_7,4,0.6253135204315186,ERA5_LAND,WA008,2004,"{""type"":""Point"",""coordinates"":[-13.67,9.53]}"
200404_8,4,2.356107473373413,ERA5_LAND,WA009,2004,"{""type"":""Point"",""coordinates"":[-13.230000000000002,8.489999999999998]}"
200404_9,4,8.219461441040039,ERA5_LAND,WA010,2004,"{""type"":""Point"",""coordinates"":[-10.799999999999999,6.3]}"
200404_10,4,2.0818188190460205,ERA5_LAND,WA011,2004,"{""type"":""Point"",""coordinates"":[1.22,6.130000000000001]}"
200404_11,4,2.9801225662231445,ERA5_LAND,WA012,2004,"{""type"":""Point"",""coordinates"":[2.42,6.37]}"
200404_12,4,8.841733797453344E-4,ERA5_LAND,WA013,2004,"{""type"":""Point"",""coordinates"":[8.52,12.05]}"
200404_13,4,2.2225687503814697,ERA5_LAND,WA014,2004,"{""type"":""Point"",""coordinates"":[-1.62,6.69]}"
200404_14,4,0.0028814568649977446,ERA5_LAND,WA015,2004,"{""type"":""Point"",""coordinates"":[-16.680000000000003,13.45]}"
200405_0,5,8.178835269063711E-4,ERA5_LAND,WA001,2004,"{""type"":""Point"",""coordinates"":[-17.470000000000002,14.73]}"
200405_1,5,0.42623278498649597,ERA5_LAND,WA002,2004,"{""type"":""Point"",""coordinates"":[-7.949999999999998,12.65]}"
200405_2,5,0.31771400570869446,ERA5_LAND,WA003,2004,"{""type"":""Point"",""coordinates"":[-1.5200000000000002,12.360000000000001]}"
200405_3,5,0.21409927308559418,ERA5_LAND,WA004,2004,"{""type"":""Point"",""coordinates"":[2.17,13.51]}"
200405_4,5,5.89109992980957,ERA5_LAND,WA005,2004,"{""type"":""Point"",""coordinates"":[7.33,9.07]}"
200405_5,5,2.291905164718628,ERA5_LAND,WA006,2004,"{""type"":""Point"",""coordinates"":[-0.17,5.56]}"
200405_6,5,4.84768533706665,ERA5_LAND,WA007,2004,"{""type"":""Point"",""coordinates"":[-3.9299999999999997,5.349999999999999]}"
200405_7,5,4.9110331535339355,ERA5_LAND,WA008,2004,"{""type"":""Point"",""coordinates"":[-13.67,9.53]}"
200405_8,5,8.482332229614258,ERA5_LAND,WA009,2004,"{""type"":""Point"",""coordinates"":[-13.230000000000002,8.489999999999998]}"
200405_9,5,8.70051097869873,ERA5_LAND,WA010,2004,"{""type"":""Point"",""coordinates"":[-10.799999999999999,6.3]}"
200405_10,5,4.130382061004639,ERA5_LAND,WA011,2004,"{""type"":""Point"",""coordinates"":[1.22,6.130000000000001]}"
200405_11,5,6.577488899230957,ERA5_LAND,WA012,2004,"{""type"":""Point"",""coordinates"":[2.42,6.37]}"
200405_12,5,1.055948257446289,ERA5_LAND,WA013,2004,"{""type"":""Point"",""coordinates"":[8.52,12.05]}"
200405_13,5,3.375930070877075,ERA5_LAND,WA014,2004,"{""type"":""Point"",""coordinates"":[-1.62,6.69]}"
200405_14,5,0.05531753972172737,ERA5_LAND,WA015,2004,"{""type"":""Point"",""coordinates"":[-16.680000000000003,13.45]}"
200406_0,6,0.012436413206160069,ERA5_LAND,WA001,2004,"{""type"":""Point"",""coordinates"":[-17.470000000000002,14.73]}"
200406_1,6,2.4638006687164307,ERA5_LAND,WA002,2004,"{""type"":""Point"",""coordinates"":[-7.949999999999998,12.65]}"
200406_2,6,0.6074306964874268,ERA5_LAND,WA003,2004,"{""type"":""Point"",""coordinates"":[-1.5200000000000002,12.360000000000001]}"
200406_3,6,0.4101034700870514,ERA5_LAND,WA004,2004,"{""type"":""Point"",""coordinates"":[2.17,13.51]}"
200406_4,6,7.067646026611328,ERA5_LAND,WA005,2004,"{""type"":""Point"",""coordinates"":[7.33,9.07]}"
200406_5,6,2.114492893218994,ERA5_LAND,WA006,2004,"{""type"":""Point"",""coordinates"":[-0.17,5.56]}"
200406_6,6,4.694511413574219,ERA5_LAND,WA007,2004,"{""type"":""Point"",""coordinates"":[-3.9299999999999997,5.349999999999999]}"
200406_7,6,9.425073623657227,ERA5_LAND,WA008,2004,"{""type"":""Point"",""coordinates"":[-13.67,9.53]}"
200406_8,6,10.970478057861328,ERA5_LAND,WA009,2004,"{""type"":""Point"",""coordinates"":[-13.230000000000002,8.489999999999998]}"
200406_9,6,12.173724174499512,ERA5_LAND,WA010,2004,"{""type"":""Point"",""coordinates"":[-10.799999999999999,6.3]}"
200406_10,6,3.4127633571624756,ERA5_LAND,WA011,2004,"{""type"":""Point"",""coordinates"":[1.22,6.130000000000001]}"
200406_11,6,5.0147809982299805,ERA5_LAND,WA012,2004,"{""type"":""Point"",""coordinates"":[2.42,6.37]}"
200406_12,6,2.2351772785186768,ERA5_LAND,WA013,2004,"{""type"":""Point"",""coordinates"":[8.52,12.05]}"
200406_13,6,2.721708297729492,ERA5_LAND,WA014,2004,"{""type"":""Point"",""coordinates"":[-1.62,6.69]}"
200406_14,6,0.1735091358423233,ERA5_LAND,WA015,2004,"{""type"":""Point"",""coordinates"":[-16.680000000000003,13.45]}"
200407_0,7,0.6533645391464233,ERA5_LAND,WA001,2004,"{""type"":""Point"",""coordinates"":[-17.470000000000002,14.73]}"
200407_1,7,8.465991020202637,ERA5_LAND,WA002,2004,"{""type"":""Point"",""coordinates"":[-7.949999999999998,12.65]}"
200407_2,7,4.115882873535156,ERA5_LAND,WA003,2004,"{""type"":""Point"",""coordinates"":[-1.5200000000000002,12.360000000000001]}"
200407_3,7,2.1236140727996826,ERA5_LAND,WA004,2004,"{""type"":""Point"",""coordinates"":[2.17,13.51]}"
200407_4,7,8.463616371154785,ERA5_LAND,WA005,2004,"{""type"":""Point"",""coordinates"":[7.33,9.07]}"
200407_5,7,1.8167731761932373,ERA5_LAND,WA006,2004,"{""type"":""Point"",""coordinates"":[-0.17,5.56]}"
200407_6,7,2.5355260372161865,ERA5_LAND,WA007,2004,"{""type"":""Point"",""coordinates"":[-3.9299999999999997,5.349999999999999]}"
200407_7,7,21.137035369873047,ERA5_LAND,WA008,2004,"{""type"":""Point"",""coordinates"":[-13.67,9.53]}"
200407_8,7,21.598217010498047,ERA5_LAND,WA009,2004,"{""type"":""Point"",""coordinates"":[-13.230000000000002,8.489999999999998]}"
200407_9,7,14.990612983703613,ERA5_LAND,WA010,2004,"{""type"":""Point"",""coordinates"":[-10.799999999999999,6.3]}"
200407_10,7,4.982230186462402,ERA5_LAND,WA011,2004,"{""type"":""Point"",""coordinates"":[1.22,6.130000000000001]}"
200407_11,7,3.408123731613159,ERA5_LAND,WA012,2004,"{""type"":""Point"",""coordinates"":[2.42,6.37]}"
200407_12,7,4.483849048614502,ERA5_LAND,WA013,2004,"{""type"":""Point"",""coordinates"":[8.52,12.05]}"
200407_13,7,3.0661489963531494,ERA5_LAND,WA014,2004,"{""type"":""Point"",""coordinates"":[-1.62,6.69]}"
200407_14,7,5.311612606048584,ERA5_LAND,WA015,2004,"{""type"":""Point"",""coordinates"":[-16.680000000000003,13.45]}"
200408_0,8,1.7033541202545166,ERA5_LAND,WA001,2004,"{""type"":""Point"",""coordinates"":[-17.470000000000002,14.73]}"
200408_1,8,5.6768107414245605,ERA5_LAND,WA002,2004,"{""type"":""Point"",""coordinates"":[-7.949999999999998,12.65]}"
200408_2,8,4.885682106018066,ERA5_LAND,WA003,2004,"{""type"":""Point"",""coordinates"":[-1.5200000000000002,12.360000000000001]}"
200408_3,8,2.182281255722046,ERA5_LAND,WA004,2004,"{""type"":""Point"",""coordinates"":[2.17,13.51]}"
200408_4,8,13.591771125793457,ERA5_LAND,WA005,2004,"{""type"":""Point"",""coordinates"":[7.33,9.07]}"
200408_5,8,2.239413022994995,ERA5_LAND,WA006,2004,"{""type"":""Point"",""coordinates"":[-0.17,5.56]}"
200408_6,8,3.578005790710449,ERA5_LAND,WA007,2004,"{""type"":""Point"",""coordinates"":[-3.9299999999999997,5.349999999999999]}"
200408_7,8,17.701087951660156,ERA5_LAND,WA008,2004,"{""type"":""Point"",""coordinates"":[-13.67,9.53]}"
200408_8,8,23.71598243713379,ERA5_LAND,WA009,2004,"{""type"":""Point"",""coordinates"":[-13.230000000000002,8.489999999999998]}"
200408_9,8,22.07090187072754,ERA5_LAND,WA010,2004,"{""type"":""Point"",""coordinates"":[-10.799999999999999,6.3]}"
200408_10,8,4.091742515563965,ERA5_LAND,WA011,2004,"{""type"":""Point"",""coordinates"":[1.22,6.130000000000001]}"
200408_11,8,3.2226223945617676,ERA5_LAND,WA012,2004,"{""type"":""Point"",""coordinates"":[2.42,6.37]}"
200408_12,8,5.983962535858154,ERA5_LAND,WA013,2004,"{""type"":""Point"",""coordinates"":[8.52,12.05]}"
200408_13,8,2.3996522426605225,ERA5_LAND,WA014,2004,"{""type"":""Point"",""coordinates"":[-1.62,6.69]}"
200408_14,8,5.4636759757995605,ERA5_LAND,WA015,2004,"{""type"":""Point"",""coordinates"":[-16.680000000000003,13.45]}"
200409_0,9,1.420749545097351,ERA5_LAND,WA001,2004,"{""type"":""Point"",""coordinates"":[-17.470000000000002,14.73]}"
200409_1,9,3.466484546661377,ERA5_LAND,WA002,2004,"{""type"":""Point"",""coordinates"":[-7.949999999999998,12.65]}"
200409_2,9,2.749685764312744,ERA5_LAND,WA003,2004,"{""type"":""Point"",""coordinates"":[-1.5200000000000002,12.360000000000001]}"
200409_3,9,0.4497675895690918,ERA5_LAND,WA004,2004,"{""type"":""Point"",""coordinates"":[2.17,13.51]}"
200409_4,9,8.870862007141113,ERA5_LAND,WA005,2004,"{""type"":""Point"",""coordinates"":[7.33,9.07]}"
200409_5,9,2.919344663619995,ERA5_LAND,WA006,2004,"{""type"":""Point"",""coordinates"":[-0.17,5.56]}"
200409_6,9,6.846841335296631,ERA5_LAND,WA007,2004,"{""type"":""Point"",""coordinates"":[-3.9299999999999997,5.349999999999999]}"
200409_7,9,13.129968643188477,ERA5_LAND,WA008,2004,"{""type"":""Point"",""coordinates"":[-13.67,9.53]}"
200409_8,9,11.458470344543457,ERA5_LAND,WA009,2004,"{""type"":""Point"",""coordinates"":[-13.230000000000002,8.489999999999998]}"
200409_9,9,23.65029525756836,ERA5_LAND,WA010,2004,"{""type"":""Point"",""coordinates"":[-10.799999999999999,6.3]}"
200409_10,9,3.4672412872314453,ERA5_LAND,WA011,2004,"{""type"":""Point"",""coordinates"":[1.22,6.130000000000001]}"
200409_11,9,6.335760116577148,ERA5_LAND,WA012,2004,"{""type"":""Point"",""coordinates"":[2.42,6.37]}"
200409_12,9,1.5642879009246826,ERA5_LAND,WA013,2004,"{""type"":""Point"",""coordinates"":[8.52,12.05]}"
200409_13,9,5.814701557159424,ERA5_LAND,WA014,2004,"{""type"":""Point"",""coordinates"":[-1.62,6.69]}"
200409_14,9,5.625633716583252,ERA5_LAND,WA015,2004,"{""type"":""Point"",""coordinates"":[-16.680000000000003,13.45]}"
200410_0,10,0.07761452347040176,ERA5_LAND,WA001,2004,"{""type"":""Point"",""coordinates"":[-17.470000000000002,14.73]}"
200410_1,10,0.19812460243701935,ERA5_LAND,WA002,2004,"{""type"":""Point"",""coordinates"":[-7.949999999999998,12.65]}"
200410_2,10,0.09030286222696304,ERA5_LAND,WA003,2004,"{""type"":""Point"",""coordinates"":[-1.5200000000000002,12.360000000000001]}"
200410_3,10,0.05912430211901665,ERA5_LAND,WA004,2004,"{""type"":""Point"",""coordinates"":[2.17,13.51]}"
200410_4,10,5.062923908233643,ERA5_LAND,WA005,2004,"{""type"":""Point"",""coordinates"":[7.33,9.07]}"
200410_5,10,2.758704900741577,ERA5_LAND,WA006,2004,"{""type"":""Point"",""coordinates"":[-0.17,5.56]}"
200410_6,10,5.39617395401001,ERA5_LAND,WA007,2004,"{""type"":""Point"",""coordinates"":[-3.9299999999999997,5.349999999999999]}"
200410_7,10,5.422845840454102,ERA5_LAND,WA008,2004,"{""type"":""Point"",""coordinates"":[-13.67,9.53]}"
200410_8,10,6.1413397789001465,ERA5_LAND,WA009,2004,"{""type"":""Point"",""coordinates"":[-13.230000000000002,8.489999999999998]}"
200410_9,10,7.902582168579102,ERA5_LAND,WA010,2004,"{""type"":""Point"",""coordinates"":[-10.799999999999999,6.3]}"
200410_10,10,4.950709819793701,ERA5_LAND,WA011,2004,"{""type"":""Point"",""coordinates"":[1.22,6.130000000000001]}"
200410_11,10,4.927911758422852,ERA5_LAND,WA012,2004,"{""type"":""Point"",""coordinates"":[2.42,6.37]}"
200410_12,10,0.08485028892755508,ERA5_LAND,WA013,2004,"{""type"":""Point"",""coordinates"":[8.52,12.05]}"
200410_13,10,2.7642927169799805,ERA5_LAND,WA014,2004,"{""type"":""Point"",""coordinates"":[-1.62,6.69]}"
200410_14,10,0.5670261383056641,ERA5_LAND,WA015,2004,"{""type"":""Point"",""coordinates"":[-16.680000000000003,13.45]}"
200411_0,11,0.008984089829027653,ERA5_LAND,WA001,2004,"{""type"":""Point"",""coordinates"":[-17.470000000000002,14.73]}"
200411_1,11,0.009672458283603191,ERA5_LAND,WA002,2004,"{""type"":""Point"",""coordinates"":[-7.949999999999998,12.65]}"
200411_2,11,0.006602315232157707,ERA5_LAND,WA003,2004,"{""type"":""Point"",""coordinates"":[-1.5200000000000002,12.360000000000001]}"
200411_3,11,8.435852359980345E-4,ERA5_LAND,WA004,2004,"{""type"":""Point"",""coordinates"":[2.17,13.51]}"
200411_4,11,0.755016565322876,ERA5_LAND,WA005,2004,"{""type"":""Point"",""coordinates"":[7.33,9.07]}"
200411_5,11,1.8871164321899414,ERA5_LAND,WA006,2004,"{""type"":""Point"",""coordinates"":[-0.17,5.56]}"
200411_6,11,5.318460941314697,ERA5_LAND,WA007,2004,"{""type"":""Point"",""coordinates"":[-3.9299999999999997,5.349999999999999]}"
200411_7,11,3.4830267429351807,ERA5_LAND,WA008,2004,"{""type"":""Point"",""coordinates"":[-13.67,9.53]}"
200411_8,11,4.1041789054870605,ERA5_LAND,WA009,2004,"{""type"":""Point"",""coordinates"":[-13.230000000000002,8.489999999999998]}"
200411_9,11,6.849027156829834,ERA5_LAND,WA010,2004,"{""type"":""Point"",""coordinates"":[-10.799999999999999,6.3]}"
200411_10,11,2.7661006450653076,ERA5_LAND,WA011,2004,"{""type"":""Point"",""coordinates"":[1.22,6.130000000000001]}"
200411_11,11,3.355689525604248,ERA5_LAND,WA012,2004,"{""type"":""Point"",""coordinates"":[2.42,6.37]}"
200411_12,11,8.435852359980345E-4,ERA5_LAND,WA013,2004,"{""type"":""Point"",""coordinates"":[8.52,12.05]}"
200411_13,11,2.0407731533050537,ERA5_LAND,WA014,2004,"{""type"":""Point"",""coordinates"":[-1.62,6.69]}"
200411_14,11,0.02697747014462948,ERA5_LAND,WA015,2004,"{""type"":""Point"",""coordinates"":[-16.680000000000003,13.45]}"
200412_0,12,0.0046083987690508366,ERA5_LAND,WA001,2004,"{""type"":""Point"",""coordinates"":[-17.470000000000002,14.73]}"
200412_1,12,0.0010244291042909026,ERA5_LAND,WA002,2004,"{""type"":""Point"",""coordinates"":[-7.949999999999998,12.65]}"
200412_2,12,0.0010244291042909026,ERA5_LAND,WA003,2004,"{""type"":""Point"",""coordinates"":[-1.5200000000000002,12.360000000000001]}"
200412_3,12,0.0010244291042909026,ERA5_LAND,WA004,2004,"{""type"":""Point"",""coordinates"":[2.17,13.51]}"
200412_4,12,0.014439098536968231,ERA5_LAND,WA005,2004,"{""type"":""Point"",""coordinates"":[7.33,9.07]}"
200412_5,12,0.9505100846290588,ERA5_LAND,WA006,2004,"{""type"":""Point"",""coordinates"":[-0.17,5.56]}"
200412_6,12,3.098554849624634,ERA5_LAND,WA007,2004,"{""type"":""Point"",""coordinates"":[-3.9299999999999997,5.349999999999999]}"
200412_7,12,1.004340648651123,ERA5_LAND,WA008,2004,"{""type"":""Point"",""coordinates"":[-13.67,9.53]}"
200412_8,12,3.654384136199951,ERA5_LAND,WA009,2004,"{""type"":""Point"",""coordinates"":[-13.230000000000002,8.489999999999998]}"
200412_9,12,5.083635330200195,ERA5_LAND,WA010,2004,"{""type"":""Point"",""coordinates"":[-10.799999999999999,6.3]}"
200412_10,12,0.7981798648834229,ERA5_LAND,WA011,2004,"{""type"":""Point"",""coordinates"":[1.22,6.130000000000001]}"
200412_11,12,1.0809773206710815,ERA5_LAND,WA012,2004,"{""type"":""Point"",""coordinates"":[2.42,6.37]}"
200412_12,12,0.0010244291042909026,ERA5_LAND,WA013,2004,"{""type"":""Point"",""coordinates"":[8.52,12.05]}"
200412_13,12,1.032387614250183,ERA5_LAND,WA014,2004,"{""type"":""Point"",""coordinates"":[-1.62,6.69]}"
200412_14,12,0.009841014631092548,ERA5_LAND,WA015,2004,"{""type"":""Point"",""coordinates"":[-16.680000000000003,13.45]}"
200501_0,1,0.008401512168347836,ERA5_LAND,WA001,2005,"{""type"":""Point"",""coordinates"":[-17.470000000000002,14.73]}"
200501_1,1,0.017473837360739708,ERA5_LAND,WA002,2005,"{""type"":""Point"",""coordinates"":[-7.949999999999998,12.65]}"
200501_2,1,0.004947181791067123,ERA5_LAND,WA003,2005,"{""type"":""Point"",""coordinates"":[-1.5200000000000002,12.360000000000001]}"
200501_3,1,8.442196995019913E-4,ERA5_LAND,WA004,2005,"{""type"":""Point"",""coordinates"":[2.17,13.51]}"
200501_4,1,0.0019656913354992867,ERA5_LAND,WA005,2005,"{""type"":""Point"",""coordinates"":[7.33,9.07]}"
200501_5,1,0.2876930236816406,ERA5_LAND,WA006,2005,"{""type"":""Point"",""coordinates"":[-0.17,5.56]}"
200501_6,1,1.260723352432251,ERA5_LAND,WA007,2005,"{""type"":""Point"",""coordinates"":[-3.9299999999999997,5.349999999999999]}"
200501_7,1,0.08064655214548111,ERA5_LAND,WA008,2005,"{""type"":""Point"",""coordinates"":[-13.67,9.53]}"
200501_8,1,0.15767693519592285,ERA5_LAND,WA009,2005,"{""type"":""Point"",""coordinates"":[-13.230000000000002,8.489999999999998]}"
200501_9,1,0.8092146515846252,ERA5_LAND,WA010,2005,"{""type"":""Point"",""coordinates"":[-10.799999999999999,6.3]}"
200501_10,1,0.237657830119133,ERA5_LAND,WA011,2005,"{""type"":""Point"",""coordinates"":[1.22,6.130000000000001]}"
200501_11,1,0.26500844955444336,ERA5_LAND,WA012,2005,"{""type"":""Point"",""coordinates"":[2.42,6.37]}"
200501_12,1,8.536094101145864E-4,ERA5_LAND,WA013,2005,"{""type"":""Point"",""coordinates"":[8.52,12.05]}"
200501_13,1,0.6656848192214966,ERA5_LAND,WA014,2005,"{""type"":""Point"",""coordinates"":[-1.62,6.69]}"
200501_14,1,0.0020241686142981052,ERA5_LAND,WA015,2005,"{""type"":""Point"",""coordinates"":[-16.680000000000003,13.45]}"
200502_0,2,0.1385321170091629,ERA5_LAND,WA001,2005,"{""type"":""Point"",""coordinates"":[-17.470000000000002,14.73]}"
200502_1,2,0.00558157404884696,ERA5_LAND,WA002,2005,"{""type"":""Point"",""coordinates"":[-7.949999999999998,12.65]}"
200502_2,2,0.00806394312530756,ERA5_LAND,WA003,2005,"{""type"":""Point"",""coordinates"":[-1.5200000000000002,12.360000000000001]}"
200502_3,2,0.006097255740314722,ERA5_LAND,WA004,2005,"{""type"":""Point"",""coordinates"":[2.17,13.51]}"
200502_4,2,0.20254282653331757,ERA5_LAND,WA005,2005,"{""type"":""Point"",""coordinates"":[7.33,9.07]}"
200502_5,2,1.1359378099441528,ERA5_LAND,WA006,2005,"{""type"":""Point"",""coordinates"":[-0.17,5.56]}"
200502_6,2,4.414917945861816,ERA5_LAND,WA007,2005,"{""type"":""Point"",""coordinates"":[-3.9299999999999997,5.349999999999999]}"
200502_7,2,0.4861782193183899,ERA5_LAND,WA008,2005,"{""type"":""Point"",""coordinates"":[-13.67,9.53]}"
200502_8,2,1.4616742134094238,ERA5_LAND,WA009,2005,"{""type"":""Point"",""coordinates"":[-13.230000000000002,8.489999999999998]}"
200502_9,2,5.754376411437988,ERA5_LAND,WA010,2005,"{""type"":""Point"",""coordinates"":[-10.799999999999999,6.3]}"
200502_10,2,1.1052205562591553,ERA5_LAND,WA011,2005,"{""type"":""Point"",""coordinates"":[1.22,6.130000000000001]}"
200502_11,2,1.184378743171692,ERA5_LAND,WA012,2005,"{""type"":""Point"",""coordinates"":[2.42,6.37]}"
200502_12,2,9.190963464789093E-4,ERA5_LAND,WA013,2005,"{""type"":""Point"",""coordinates"":[8.52,12.05]}"
200502_13,2,1.4611672163009644,ERA5_LAND,WA014,2005,"{""type"":""Point"",""coordinates"":[-1.62,6.69]}"
200502_14,2,0.04489420726895332,ERA5_LAND,WA015,2005,"{""type"":""Point"",""coordinates"":[-16.680000000000003,13.45]}"
200503_0,3,0.004890867508947849,ERA5_LAND,WA001,2005,"{""type"":""Point"",""coordinates"":[-17.470000000000002,14.73]}"
200503_1,3,0.09783865511417389,ERA5_LAND,WA002,2005,"{""type"":""Point"",""coordinates"":[-7.949999999999998,12.65]}"
200503_2,3,0.13374614715576172,ERA5_LAND,WA003,2005,"{""type"":""Point"",""coordinates"":[-1.5200000000000002,12.360000000000001]}"
200503_3,3,9.616796160116792E-4,ERA5_LAND,WA004,2005,"{""type"":""Point"",""coordinates"":[2.17,13.51]}"
200503_4,3,0.638995349407196,ERA5_LAND,WA005,2005,"{""type"":""Point"",""coordinates"":[7.33,9.07]}"
200503_5,3,1.794107437133789,ERA5_LAND,WA006,2005,"{""type"":""Point"",""coordinates"":[-0.17,5.56]}"
200503_6,3,3.405022621154785,ERA5_LAND,WA007,2005,"{""type"":""Point"",""coordinates"":[-3.9299999999999997,5.349999999999999]}"
200503_7,3,0.3613245189189911,ERA5_LAND,WA008,2005,"{""type"":""Point"",""coordinates"":[-13.67,9.53]}"
200503_8,3,0.9943573474884033,ERA5_LAND,WA009,2005,"{""type"":""Point"",""coordinates"":[-13.230000000000002,8.489999999999998]}"
200503_9,3,7.055785655975342,ERA5_LAND,WA010,2005,"{""type"":""Point"",""coordinates"":[-10.799999999999999,6.3]}"
200503_10,3,1.4437370300292969,ERA5_LAND,WA011,2005,"{""type"":""Point"",""coordinates"":[1.22,6.130000000000001]}"
200503_11,3,1.871025800704956,ERA5_LAND,WA012,2005,"{""type"":""Point"",""coordinates"":[2.42,6.37]}"
200503_12,3,9.540768223814666E-4,ERA5_LAND,WA013,2005,"{""type"":""Point"",""coordinates"":[8.52,12.05]}"
200503_13,3,2.7309114933013916,ERA5_LAND,WA014,2005,"{""type"":""Point"",""coordinates"":[-1.62,6.69]}"
200503_14,3,0.012386084534227848,ERA5_LAND,WA015,2005,"{""type"":""Point"",""coordinates"":[-16.680000000000003,13.45]}"
200504_0,4,5.993914674036205E-4,ERA5_LAND,WA001,2005,"{""type"":""Point"",""coordinates"":[-17.470000000000002,14.73]}"
200504_1,4,0.1171092838048935,ERA5_LAND,WA002,2005,"{""type"":""Point"",""coordinates"":[-7.949999999999998,12.65]}"
200504_2,4,0.3901311159133911,ERA5_LAND,WA003,2005,"{""type"":""Point"",""coordinates"":[-1.5200000000000002,12.360000000000001]}"
200504_3,4,0.012272640131413937,ERA5_LAND,WA004,2005,"{""type"":""Point"",""coordinates"":[2.17,13.51]}"
200504_4,4,1.7701523303985596,ERA5_LAND,WA005,2005,"{""type"":""Point"",""coordinates"":[7.33,9.07]}"
200504_5,4,2.0987131595611572,ERA5_LAND,WA006,2005,"{""type"":""Point"",""coordinates"":[-0.17,5.56]}"
200504_6,4,4.1665358543396,ERA5_LAND,WA007,2005,"{""type"":""Point"",""coordinates"":[-3.9299999999999997,5.349999999999999]}"
200504_7,4,0.6692681908607483,ERA5_LAND,WA008,2005,"{""type"":""Point"",""coordinates"":[-13.67,9.53]}"
200504_8,4,2.2616961002349854,ERA5_LAND,WA009,2005,"{""type"":""Point"",""coordinates"":[-13.230000000000002,8.489999999999998]}"
200504_9,4,10.549806594848633,ERA5_LAND,WA010,2005,"{""type"":""Point"",""coordinates"":[-10.799999999999999,6.3]}"
200504_10,4,2.648775577545166,ERA5_LAND,WA011,2005,"{""type"":""Point"",""coordinates"":[1.22,6.130000000000001]}"
200504_11,4,3.3247649669647217,ERA5_LAND,WA012,2005,"{""type"":""Point"",""coordinates"":[2.42,6.37]}"
200504_12,4,0.02804510109126568,ERA5_LAND,WA013,2005,"{""type"":""Point"",""coordinates"":[8.52,12.05]}"
200504_13,4,2.562075138092041,ERA5_LAND,WA014,2005,"{""type"":""Point"",""coordinates"":[-1.62,6.69]}"
200504_14,4,6.736658979207277E-4,ERA5_LAND,WA015,2005,"{""type"":""Point"",""coordinates"":[-16.680000000000003,13.45]}"
200505_0,5,0.00464986078441143,ERA5_LAND,WA001,2005,"{""type"":""Point"",""coordinates"":[-17.470000000000002,14.73]}"
200505_1,5,1.0501823425292969,ERA5_LAND,WA002,2005,"{""type"":""Point"",""coordinates"":[-7.949999999999998,12.65]}"
200505_2,5,0.8363909721374512,ERA5_LAND,WA003,2005,"{""type"":""Point"",""coordinates"":[-1.5200000000000002,12.360000000000001]}"
200505_3,5,0.26702019572257996,ERA5_LAND,WA004,2005,"{""type"":""Point"",""coordinates"":[2.17,13.51]}"
200505_4,5,4.324714183807373,ERA5_LAND,WA005,2005,"{""type"":""Point"",""coordinates"":[7.33,9.07]}"
200505_5,5,3.267832040786743,ERA5_LAND,WA006,2005,"{""type"":""Point"",""coordinates"":[-0.17,5.56]}"
200505_6,5,5.414065361022949,ERA5_LAND,WA007,2005,"{""type"":""Point"",""coordinates"":[-3.9299999999999997,5.349999999999999]}"
200505_7,5,5.432285308837891,ERA5_LAND,WA008,2005,"{""type"":""Point"",""coordinates"":[-13.67,9.53]}"
200505_8,5,8.241850852966309,ERA5_LAND,WA009,2005,"{""type"":""Point"",""coordinates"":[-13.230000000000002,8.489999999999998]}"
200505_9,5,10.594603538513184,ERA5_LAND,WA010,2005,"{""type"":""Point"",""coordinates"":[-10.799999999999999,6.3]}"
200505_10,5,5.569852352142334,ERA5_LAND,WA011,2005,"{""type"":""Point"",""coordinates"":[1.22,6.130000000000001]}"
200505_11,5,7.140336513519287,ERA5_LAND,WA012,2005,"{""type"":""Point"",""coordinates"":[2.42,6.37]}"
200505_12,5,0.785164475440979,ERA5_LAND,WA013,2005,"{""type"":""Point"",""coordinates"":[8.52,12.05]}"
200505_13,5,3.489722728729248,ERA5_LAND,WA014,2005,"{""type"":""Point"",""coordinates"":[-1.62,6.69]}"
200505_14,5,0.01512382086366415,ERA5_LAND,WA015,2005,"{""type"":""Point"",""coordinates"":[-16.680000000000003,13.45]}"
200506_0,6,0.053519584238529205,ERA5_LAND,WA001,2005,"{""type"":""Point"",""coordinates"":[-17.470000000000002,14.73]}"
200506_1,6,3.438267707824707,ERA5_LAND,WA002,2005,"{""type"":""Point"",""coordinates"":[-7.949999999999998,12.65]}"
200506_2,6,2.0816338062286377,ERA5_LAND,WA003,2005,"{""type"":""Point"",""coordinates"":[-1.5200000000000002,12.360000000000001]}"
200506_3,6,1.0315920114517212,ERA5_LAND,WA004,2005,"{""type"":""Point"",""coordinates"":[2.17,13.51]}"
200506_4,6,6.513091087341309,ERA5_LAND,WA005,2005,"{""type"":""Point"",""coordinates"":[7.33,9.07]}"
200506_5,6,9.499361038208008,ERA5_LAND,WA006,2005,"{""type"":""Point"",""coordinates"":[-0.17,5.56]}"
200506_6,6,7.259204864501953,ERA5_LAND,WA007,2005,"{""type"":""Point"",""coordinates"":[-3.9299999999999997,5.349999999999999]}"
200506_7,6,17.08369255065918,ERA5_LAND,WA008,2005,"{""type"":""Point"",""coordinates"":[-13.67,9.53]}"
200506_8,6,18.788715362548828,ERA5_LAND,WA009,2005,"{""type"":""Point"",""coordinates"":[-13.230000000000002,8.489999999999998]}"
200506_9,6,12.648930549621582,ERA5_LAND,WA010,2005,"{""type"":""Point"",""coordinates"":[-10.799999999999999,6.3]}"
200506_10,6,4.397809028625488,ERA5_LAND,WA011,2005,"{""type"":""Point"",""coordinates"":[1.22,6.130000000000001]}"
200506_11,6,6.635340213775635,ERA5_LAND,WA012,2005,"{""type"":""Point"",""coordinates"":[2.42,6.37]}"
200506_12,6,2.2378692626953125,ERA5_LAND,WA013,2005,"{""type"":""Point"",""coordinates"":[8.52,12.05]}"
200506_13,6,6.377901554107666,ERA5_LAND,WA014,2005,"{""type"":""Point"",""coordinates"":[-1.62,6.69]}"
200506_14,6,0.8283692598342896,ERA5_LAND,WA015,2005,"{""type"":""Point"",""coordinates"":[-16.680000000000003,13.45]}"
200507_0,7,1.4046592712402344,ERA5_LAND,WA001,2005,"{""type"":""Point"",""coordinates"":[-17.470000000000002,14.73]}"
200507_1,7,5.083496570587158,ERA5_LAND,WA002,2005,"{""type"":""Point"",""coordinates"":[-7.949999999999998,12.65]}"
200507_2,7,3.0134503841400146,ERA5_LAND,WA003,2005,"{""type"":""Point"",""coordinates"":[-1.5200000000000002,12.360000000000001]}"
200507_3,7,2.2605385780334473,ERA5_LAND,WA004,2005,"{""type"":""Point"",""coordinates"":[2.17,13.51]}"
200507_4,7,8.49736499786377,ERA5_LAND,WA005,2005,"{""type"":""Point"",""coordinates"":[7.33,9.07]}"
200507_5,7,1.5081336498260498,ERA5_LAND,WA006,2005,"{""type"":""Point"",""coordinates"":[-0.17,5.56]}"
200507_6,7,3.0521364212036133,ERA5_LAND,WA007,2005,"{""type"":""Point"",""coordinates"":[-3.9299999999999997,5.349999999999999]}"
200507_7,7,21.47150993347168,ERA5_LAND,WA008,2005,"{""type"":""Point"",""coordinates"":[-13.67,9.53]}"
200507_8,7,20.81321144104004,ERA5_LAND,WA009,2005,"{""type"":""Point"",""coordinates"":[-13.230000000000002,8.489999999999998]}"
200507_9,7,12.80250358581543,ERA5_LAND,WA010,2005,"{""type"":""Point"",""coordinates"":[-10.799999999999999,6.3]}"
200507_10,7,1.7799547910690308,ERA5_LAND,WA011,2005,"{""type"":""Point"",""coordinates"":[1.22,6.130000000000001]}"
200507_11,7,3.0332131385803223,ERA5_LAND,WA012,2005,"{""type"":""Point"",""coordinates"":[2.42,6.37]}"
200507_12,7,4.3882012367248535,ERA5_LAND,WA013,2005,"{""type"":""Point"",""coordinates"":[8.52,12.05]}"
200507_13,7,2.736604690551758,ERA5_LAND,WA014,2005,"{""type"":""Point"",""coordinates"":[-1.62,6.69]}"
200507_14,7,3.91436767578125,ERA5_LAND,WA015,2005,"{""type"":""Point"",""coordinates"":[-16.680000000000003,13.45]}"
200508_0,8,4.17859411239624,ERA5_LAND,WA001,2005,"{""type"":""Point"",""coordinates"":[-17.470000000000002,14.73]}"
200508_1,8,7.26808500289917,ERA5_LAND,WA002,2005,"{""type"":""Point"",""coordinates"":[-7.949999999999998,12.65]}"
200508_2,8,5.330339431762695,ERA5_LAND,WA003,2005,"{""type"":""Point"",""coordinates"":[-1.5200000000000002,12.360000000000001]}"
200508_3,8,3.4219932556152344,ERA5_LAND,WA004,2005,"{""type"":""Point"",""coordinates"":[2.17,13.51]}"
200508_4,8,9.070442199707031,ERA5_LAND,WA005,2005,"{""type"":""Point"",""coordinates"":[7.33,9.07]}"
200508_5,8,1.6780264377593994,ERA5_LAND,WA006,2005,"{""type"":""Point"",""coordinates"":[-0.17,5.56]}"
200508_6,8,2.8813014030456543,ERA5_LAND,WA007,2005,"{""type"":""Point"",""coordinates"":[-3.9299999999999997,5.349999999999999]}"
200508_7,8,26.69028091430664,ERA5_LAND,WA008,2005,"{""type"":""Point"",""coordinates"":[-13.67,9.53]}"
200508_8,8,20.571929931640625,ERA5_LAND,WA009,2005,"{""type"":""Point"",""coordinates"":[-13.230000000000002,8.489999999999998]}"
200508_9,8,17.813278198242188,ERA5_LAND,WA010,2005,"{""type"":""Point"",""coordinates"":[-10.799999999999999,6.3]}"
200508_10,8,1.5946193933486938,ERA5_LAND,WA011,2005,"{""type"":""Point"",""coordinates"":[1.22,6.130000000000001]}"
200508_11,8,1.225321650505066,ERA5_LAND,WA012,2005,"{""type"":""Point"",""coordinates"":[2.42,6.37]}"
200508_12,8,8.477128982543945,ERA5_LAND,WA013,2005,"{""type"":""Point"",""coordinates"":[8.52,12.05]}"
200508_13,8,3.4015164375305176,ERA5_LAND,WA014,2005,"{""type"":""Point"",""coordinates"":[-1.62,6.69]}"
200508_14,8,10.81641960144043,ERA5_LAND,WA015,2005,"{""type"":""Point"",""coordinates"":[-16.680000000000003,13.45]}"
200509_0,9,2.7479560375213623,ERA5_LAND,WA001,2005,"{""type"":""Point"",""coordinates"":[-17.470000000000002,14.73]}"
200509_1,9,4.369362831115723,ERA5_LAND,WA002,2005,"{""type"":""Point"",""coordinates"":[-7.949999999999998,12.65]}"
200509_2,9,2.7890784740448,ERA5_LAND,WA003,2005,"{""type"":""Point"",""coordinates"":[-1.5200000000000002,12.360000000000001]}"
200509_3,9,0.6223720908164978,ERA5_LAND,WA004,2005,"{""type"":""Point"",""coordinates"":[2.17,13.51]}"
200509_4,9,11.323488235473633,ERA5_LAND,WA005,2005,"{""type"":""Point"",""coordinates"":[7.33,9.07]}"
200509_5,9,2.1376538276672363,ERA5_LAND,WA006,2005,"{""type"":""Point"",""coordinates"":[-0.17,5.56]}"
200509_6,9,3.648775815963745,ERA5_LAND,WA007,2005,"{""type"":""Point"",""coordinates"":[-3.9299999999999997,5.349999999999999]}"
200509_7,9,18.2933349609375,ERA5_LAND,WA008,2005,"{""type"":""Point"",""coordinates"":[-13.67,9.53]}"
200509_8,9,12.459979057312012,ERA5_LAND,WA009,2005,"{""type"":""Point"",""coordinates"":[-13.230000000000002,8.489999999999998]}"
200509_9,9,16.96884536743164,ERA5_LAND,WA010,2005,"{""type"":""Point"",""coordinates"":[-10.799999999999999,6.3]}"
200509_10,9,3.3262932300567627,ERA5_LAND,WA011,2005,"{""type"":""Point"",""coordinates"":[1.22,6.130000000000001]}"
200509_11,9,4.621608257293701,ERA5_LAND,WA012,2005,"{""type"":""Point"",""coordinates"":[2.42,6.37]}"
200509_12,9,2.399298667907715,ERA5_LAND,WA013,2005,"{""type"":""Point"",""coordinates"":[8.52,12.05]}"
200509_13,9,2.9926915168762207,ERA5_LAND,WA014,2005,"{""type"":""Point"",""coordinates"":[-1.62,6.69]}"
200509_14,9,3.632488489151001,ERA5_LAND,WA015,2005,"{""type"":""Point"",""coordinates"":[-16.680000000000003,13.45]}"
200510_0,10,0.15352283418178558,ERA5_LAND,WA001,2005,"{""type"":""Point"",""coordinates"":[-17.470000000000002,14.73]}"
200510_1,10,0.3782788813114166,ERA5_LAND,WA002,2005,"{""type"":""Point"",""coordinates"":[-7.949999999999998,12.65]}"
200510_2,10,0.5486485958099365,ERA5_LAND,WA003,2005,"{""type"":""Point"",""coordinates"":[-1.5200000000000002,12.360000000000001]}"
200510_3,10,0.05928630009293556,ERA5_LAND,WA004,2005,"{""type"":""Point"",""coordinates"":[2.17,13.51]}"
200510_4,10,3.3697197437286377,ERA5_LAND,WA005,2005,"{""type"":""Point"",""coordinates"":[7.33,9.07]}"
200510_5,10,2.803548812866211,ERA5_LAND,WA006,2005,"{""type"":""Point"",""coordinates"":[-0.17,5.56]}"
200510_6,10,6.343900680541992,ERA5_LAND,WA007,2005,"{""type"":""Point"",""coordinates"":[-3.9299999999999997,5.349999999999999]}"
200510_7,10,5.541321277618408,ERA5_LAND,WA008,2005,"{""type"":""Point"",""coordinates"":[-13.67,9.53]}"
200510_8,10,5.970365524291992,ERA5_LAND,WA009,2005,"{""type"":""Point"",""coordinates"":[-13.230000000000002,8.489999999999998]}"
200510_9,10,13.050251007080078,ERA5_LAND,WA010,2005,"{""type"":""Point"",""coordinates"":[-10.799999999999999,6.3]}"
200510_10,10,4.290893077850342,ERA5_LAND,WA011,2005,"{""type"":""Point"",""coordinates"":[1.22,6.130000000000001]}"
200510_11,10,3.3637049198150635,ERA5_LAND,WA012,2005,"{""type"":""Point"",""coordinates"":[2.42,6.37]}"
200510_12,10,0.7364789247512817,ERA5_LAND,WA013,2005,"{""type"":""Point"",""coordinates"":[8.52,12.05]}"
200510_13,10,3.9363958835601807,ERA5_LAND,WA014,2005,"{""type"":""Point"",""coordinates"":[-1.62,6.69]}"
200510_14,10,1.5657761096954346,ERA5_LAND,WA015,2005,"{""type"":""Point"",""coordinates"":[-16.680000000000003,13.45]}"
200511_0,11,0.008547375909984112,ERA5_LAND,WA001,2005,"{""type"":""Point"",""coordinates"":[-17.470000000000002,14.73]}"
200511_1,11,0.012554005719721317,ERA5_LAND,WA002,2005,"{""type"":""Point"",""coordinates"":[-7.949999999999998,12.65]}"
200511_2,11,9.85036138445139E-4,ERA5_LAND,WA003,2005,"{""type"":""Point"",""coordinates"":[-1.5200000000000002,12.360000000000001]}"
200511_3,11,9.85036138445139E-4,ERA5_LAND,WA004,2005,"{""type"":""Point"",""coordinates"":[2.17,13.51]}"
200511_4,11,0.4920254647731781,ERA5_LAND,WA005,2005,"{""type"":""Point"",""coordinates"":[7.33,9.07]}"
200511_5,11,2.2802772521972656,ERA5_LAND,WA006,2005,"{""type"":""Point"",""coordinates"":[-0.17,5.56]}"
200511_6,11,4.58151912689209,ERA5_LAND,WA007,2005,"{""type"":""Point"",""coordinates"":[-3.9299999999999997,5.349999999999999]}"
200511_7,11,3.544964551925659,ERA5_LAND,WA008,2005,"{""type"":""Point"",""coordinates"":[-13.67,9.53]}"
200511_8,11,4.529232978820801,ERA5_LAND,WA009,2005,"{""type"":""Point"",""coordinates"":[-13.230000000000002,8.489999999999998]}"
200511_9,11,6.485716819763184,ERA5_LAND,WA010,2005,"{""type"":""Point"",""coordinates"":[-10.799999999999999,6.3]}"
200511_10,11,2.756476879119873,ERA5_LAND,WA011,2005,"{""type"":""Point"",""coordinates"":[1.22,6.130000000000001]}"
200511_11,11,2.3729419708251953,ERA5_LAND,WA012,2005,"{""type"":""Point"",""coordinates"":[2.42,6.37]}"
200511_12,11,9.85036138445139E-4,ERA5_LAND,WA013,2005,"{""type"":""Point"",""coordinates"":[8.52,12.05]}"
200511_13,11,1.7288323640823364,ERA5_LAND,WA014,2005,"{""type"":""Point"",""coordinates"":[-1.62,6.69]}"
200511_14,11,0.00687410868704319,ERA5_LAND,WA015,2005,"{""type"":""Point"",""coordinates"":[-16.680000000000003,13.45]}"
200512_0,12,0.00122088345233351,ERA5_LAND,WA001,2005,"{""type"":""Point"",""coordinates"":[-17.470000000000002,14.73]}"
200512_1,12,0.0011507037561386824,ERA5_LAND,WA002,2005,"{""type"":""Point"",""coordinates"":[-7.949999999999998,12.65]}"
200512_2,12,0.0011507037561386824,ERA5_LAND,WA003,2005,"{""type"":""Point"",""coordinates"":[-1.5200000000000002,12.360000000000001]}"
200512_3,12,0.0011507037561386824,ERA5_LAND,WA004,2005,"{""type"":""Point"",""coordinates"":[2.17,13.51]}"
200512_4,12,0.18125426769256592,ERA5_LAND,WA005,2005,"{""type"":""Point"",""coordinates"":[7.33,9.07]}"
200512_5,12,1.3647505044937134,ERA5_LAND,WA006,2005,"{""type"":""Point"",""coordinates"":[-0.17,5.56]}"
200512_6,12,3.0402028560638428,ERA5_LAND,WA007,2005,"{""type"":""Point"",""coordinates"":[-3.9299999999999997,5.349999999999999]}"
200512_7,12,0.891721785068512,ERA5_LAND,WA008,2005,"{""type"":""Point"",""coordinates"":[-13.67,9.53]}"
200512_8,12,2.652946710586548,ERA5_LAND,WA009,2005,"{""type"":""Point"",""coordinates"":[-13.230000000000002,8.489999999999998]}"
200512_9,12,5.808703422546387,ERA5_LAND,WA010,2005,"{""type"":""Point"",""coordinates"":[-10.799999999999999,6.3]}"
200512_10,12,1.4546692371368408,ERA5_LAND,WA011,2005,"{""type"":""Point"",""coordinates"":[1.22,6.130000000000001]}"
200512_11,12,1.947336196899414,ERA5_LAND,WA012,2005,"{""type"":""Point"",""coordinates"":[2.42,6.37]}"
200512_12,12,0.0011507037561386824,ERA5_LAND,WA013,2005,"{""type"":""Point"",""coordinates"":[8.52,12.05]}"
200512_13,12,0.528231143951416,ERA5_LAND,WA014,2005,"{""type"":""Point"",""coordinates"":[-1.62,6.69]}"
200512_14,12,0.0017630787333473563,ERA5_LAND,WA015,2005,"{""type"":""Point"",""coordinates"":[-16.680000000000003,13.45]}"
200601_0,1,0.019256679341197014,ERA5_LAND,WA001,2006,"{""type"":""Point"",""coordinates"":[-17.470000000000002,14.73]}"
200601_1,1,0.007295940537005663,ERA5_LAND,WA002,2006,"{""type"":""Point"",""coordinates"":[-7.949999999999998,12.65]}"
200601_2,1,8.341232896782458E-4,ERA5_LAND,WA003,2006,"{""type"":""Point"",""coordinates"":[-1.5200000000000002,12.360000000000001]}"
200601_3,1,0.005596382077783346,ERA5_LAND,WA004,2006,"{""type"":""Point"",""coordinates"":[2.17,13.51]}"
200601_4,1,0.20327173173427582,ERA5_LAND,WA005,2006,"{""type"":""Point"",""coordinates"":[7.33,9.07]}"
200601_5,1,1.0855474472045898,ERA5_LAND,WA006,2006,"{""type"":""Point"",""coordinates"":[-0.17,5.56]}"
200601_6,1,3.6746816635131836,ERA5_LAND,WA007,2006,"{""type"":""Point"",""coordinates"":[-3.9299999999999997,5.349999999999999]}"
200601_7,1,0.2999456226825714,ERA5_LAND,WA008,2006,"{""type"":""Point"",""coordinates"":[-13.67,9.53]}"
200601_8,1,0.959079384803772,ERA5_LAND,WA009,2006,"{""type"":""Point"",""coordinates"":[-13.230000000000002,8.489999999999998]}"
200601_9,1,5.451788902282715,ERA5_LAND,WA010,2006,"{""type"":""Point"",""coordinates"":[-10.799999999999999,6.3]}"
200601_10,1,1.1128816604614258,ERA5_LAND,WA011,2006,"{""type"":""Point"",""coordinates"":[1.22,6.130000000000001]}"
200601_11,1,1.7511556148529053,ERA5_LAND,WA012,2006,"{""type"":""Point"",""coordinates"":[2.42,6.37]}"
200601_12,1,7.326127379201353E-4,ERA5_LAND,WA013,2006,"{""type"":""Point"",""coordinates"":[8.52,12.05]}"
200601_13,1,1.3873924016952515,ERA5_LAND,WA014,2006,"{""type"":""Point"",""coordinates"":[-1.62,6.69]}"
200601_14,1,9.323471458628774E-4,ERA5_LAND,WA015,2006,"{""type"":""Point"",""coordinates"":[-16.680000000000003,13.45]}"
200602_0,2,0.020624149590730667,ERA5_LAND,WA001,2006,"{""type"":""Point"",""coordinates"":[-17.470000000000002,14.73]}"
200602_1,2,0.0208649393171072,ERA5_LAND,WA002,2006,"{""type"":""Point"",""coordinates"":[-7.949999999999998,12.65]}"
200602_2,2,0.001373769948258996,ERA5_LAND,WA003,2006,"{""type"":""Point"",""coordinates"":[-1.5200000000000002,12.360000000000001]}"
200602_3,2,0.0024420255795121193,ERA5_LAND,WA004,2006,"{""type"":""Point"",""coordinates"":[2.17,13.51]}"
200602_4,2,0.11758589744567871,ERA5_LAND,WA005,2006,"{""type"":""Point"",""coordinates"":[7.33,9.07]}"
200602_5,2,0.8517197370529175,ERA5_LAND,WA006,2006,"{""type"":""Point"",""coordinates"":[-0.17,5.56]}"
200602_6,2,3.280611276626587,ERA5_LAND,WA007,2006,"{""type"":""Point"",""coordinates"":[-3.9299999999999997,5.349999999999999]}"
200602_7,2,0.050067778676748276,ERA5_LAND,WA008,2006,"{""type"":""Point"",""coordinates"":[-13.67,9.53]}"
200602_8,2,0.574215292930603,ERA5_LAND,WA009,2006,"{""type"":""Point"",""coordinates"":[-13.230000000000002,8.489999999999998]}"
200602_9,2,8.370017051696777,ERA5_LAND,WA010,2006,"{""type"":""Point"",""coordinates"":[-10.799999999999999,6.3]}"
200602_10,2,1.0553133487701416,ERA5_LAND,WA011,2006,"{""type"":""Point"",""coordinates"":[1.22,6.130000000000001]}"
200602_11,2,1.8630642890930176,ERA5_LAND,WA012,2006,"{""type"":""Point"",""coordinates"":[2.42,6.37]}"
200602_12,2,0.0013191623147577047,ERA5_LAND,WA013,2006,"{""type"":""Point"",""coordinates"":[8.52,12.05]}"
200602_13,2,1.6416934728622437,ERA5_LAND,WA014,2006,"{""type"":""Point"",""coordinates"":[-1.62,6.69]}"
200602_14,2,0.015426423400640488,ERA5_LAND,WA015,2006,"{""type"":""Point"",""coordinates"":[-16.680000000000003,13.45]}"
200603_0,3,0.0030598179437220097,ERA5_LAND,WA001,2006,"{""type"":""Point"",""coordinates"":[-17.470000000000002,14.73]}"
200603_1,3,0.011761927977204323,ERA5_LAND,WA002,2006,"{""type"":""Point"",""coordinates"":[-7.949999999999998,12.65]}"
200603_2,3,0.0010555926710367203,ERA5_LAND,WA003,2006,"{""type"":""Point"",""coordinates"":[-1.5200000000000002,12.360000000000001]}"
200603_3,3,0.0010236463276669383,ERA5_LAND,WA004,2006,"{""type"":""Point"",""coordinates"":[2.17,13.51]}"
200603_4,3,0.26927343010902405,ERA5_LAND,WA005,2006,"{""type"":""Point"",""coordinates"":[7.33,9.07]}"
200603_5,3,0.944026529788971,ERA5_LAND,WA006,2006,"{""type"":""Point"",""coordinates"":[-0.17,5.56]}"
200603_6,3,3.857290267944336,ERA5_LAND,WA007,2006,"{""type"":""Point"",""coordinates"":[-3.9299999999999997,5.349999999999999]}"
200603_7,3,0.09330824762582779,ERA5_LAND,WA008,2006,"{""type"":""Point"",""coordinates"":[-13.67,9.53]}"
200603_8,3,0.751649796962738,ERA5_LAND,WA009,2006,"{""type"":""Point"",""coordinates"":[-13.230000000000002,8.489999999999998]}"
200603_9,3,7.945234775543213,ERA5_LAND,WA010,2006,"{""type"":""Point"",""coordinates"":[-10.799999999999999,6.3]}"
200603_10,3,1.2231156826019287,ERA5_LAND,WA011,2006,"{""type"":""Point"",""coordinates"":[1.22,6.130000000000001]}"
200603_11,3,2.0421454906463623,ERA5_LAND,WA012,2006,"{""type"":""Point"",""coordinates"":[2.42,6.37]}"
200603_12,3,0.0010236463276669383,ERA5_LAND,WA013,2006,"{""type"":""Point"",""coordinates"":[8.52,12.05]}"
200603_13,3,2.9662513732910156,ERA5_LAND,WA014,2006,"{""type"":""Point"",""coordinates"":[-1.62,6.69]}"
200603_14,3,0.001667272881604731,ERA5_LAND,WA015,2006,"{""type"":""Point"",""coordinates"":[-16.680000000000003,13.45]}"
200604_0,4,0.0010584756964817643,ERA5_LAND,WA001,2006,"{""type"":""Point"",""coordinates"":[-17.470000000000002,14.73]}"
200604_1,4,0.361845463514328,ERA5_LAND,WA002,2006,"{""type"":""Point"",""coordinates"":[-7.949999999999998,12.65]}"
200604_2,4,0.20431312918663025,ERA5_LAND,WA003,2006,"{""type"":""Point"",""coordinates"":[-1.5200000000000002,12.360000000000001]}"
200604_3,4,0.0012046049814671278,ERA5_LAND,WA004,2006,"{""type"":""Point"",""coordinates"":[2.17,13.51]}"
200604_4,4,1.0693535804748535,ERA5_LAND,WA005,2006,"{""type"":""Point"",""coordinates"":[7.33,9.07]}"
200604_5,4,1.6460545063018799,ERA5_LAND,WA006,2006,"{""type"":""Point"",""coordinates"":[-0.17,5.56]}"
200604_6,4,4.207668781280518,ERA5_LAND,WA007,2006,"{""type"":""Point"",""coordinates"":[-3.9299999999999997,5.349999999999999]}"
200604_7,4,1.0769197940826416,ERA5_LAND,WA008,2006,"{""type"":""Point"",""coordinates"":[-13.67,9.53]}"
200604_8,4,3.511007785797119,ERA5_LAND,WA009,2006,"{""type"":""Point"",""coordinates"":[-13.230000000000002,8.489999999999998]}"
200604_9,4,7.298220157623291,ERA5_LAND,WA010,2006,"{""type"":""Point"",""coordinates"":[-10.799999999999999,6.3]}"
200604_10,4,2.4579739570617676,ERA5_LAND,WA011,2006,"{""type"":""Point"",""coordinates"":[1.22,6.130000000000001]}"
200604_11,4,3.614419937133789,ERA5_LAND,WA012,2006,"{""type"":""Point"",""coordinates"":[2.42,6.37]}"
200604_12,4,0.03672957792878151,ERA5_LAND,WA013,2006,"{""type"":""Point"",""coordinates"":[8.52,12.05]}"
200604_13,4,2.0850605964660645,ERA5_LAND,WA014,2006,"{""type"":""Point"",""coordinates"":[-1.62,6.69]}"
200604_14,4,0.005864668637514114,ERA5_LAND,WA015,2006,"{""type"":""Point"",""coordinates"":[-16.680000000000003,13.45]}"
200605_0,5,0.01011450495570898,ERA5_LAND,WA001,2006,"{""type"":""Point"",""coordinates"":[-17.470000000000002,14.73]}"
200605_1,5,1.1332193613052368,ERA5_LAND,WA002,2006,"{""type"":""Point"",""coordinates"":[-7.949999999999998,12.65]}"
200605_2,5,0.9492477178573608,ERA5_LAND,WA003,2006,"{""type"":""Point"",""coordinates"":[-1.5200000000000002,12.360000000000001]}"
200605_3,5,0.1350637823343277,ERA5_LAND,WA004,2006,"{""type"":""Point"",""coordinates"":[2.17,13.51]}"
200605_4,5,6.215263366699219,ERA5_LAND,WA005,2006,"{""type"":""Point"",""coordinates"":[7.33,9.07]}"
200605_5,5,5.262681484222412,ERA5_LAND,WA006,2006,"{""type"":""Point"",""coordinates"":[-0.17,5.56]}"
200605_6,5,8.85279655456543,ERA5_LAND,WA007,2006,"{""type"":""Point"",""coordinates"":[-3.9299999999999997,5.349999999999999]}"
200605_7,5,2.2356202602386475,ERA5_LAND,WA008,2006,"{""type"":""Point"",""coordinates"":[-13.67,9.53]}"
200605_8,5,5.545445919036865,ERA5_LAND,WA009,2006,"{""type"":""Point"",""coordinates"":[-13.230000000000002,8.489999999999998]}"
200605_9,5,9.661584854125977,ERA5_LAND,WA010,2006,"{""type"":""Point"",""coordinates"":[-10.799999999999999,6.3]}"
200605_10,5,6.057728290557861,ERA5_LAND,WA011,2006,"{""type"":""Point"",""coordinates"":[1.22,6.130000000000001]}"
200605_11,5,6.873235702514648,ERA5_LAND,WA012,2006,"{""type"":""Point"",""coordinates"":[2.42,6.37]}"
200605_12,5,0.9430503249168396,ERA5_LAND,WA013,2006,"{""type"":""Point"",""coordinates"":[8.52,12.05]}"
200605_13,5,3.706303834915161,ERA5_LAND,WA014,2006,"{""type"":""Point"",""coordinates"":[-1.62,6.69]}"
200605_14,5,0.0015527288196608424,ERA5_LAND,WA015,2006,"{""type"":""Point"",""coordinates"":[-16.680000000000003,13.45]}"
200606_0,6,0.002378171542659402,ERA5_LAND,WA001,2006,"{""type"":""Point"",""coordinates"":[-17.470000000000002,14.73]}"
200606_1,6,1.612011432647705,ERA5_LAND,WA002,2006,"{""type"":""Point"",""coordinates"":[-7.949999999999998,12.65]}"
200606_2,6,0.7952206134796143,ERA5_LAND,WA003,2006,"{""type"":""Point"",""coordinates"":[-1.5200000000000002,12.360000000000001]}"
200606_3,6,0.23065884411334991,ERA5_LAND,WA004,2006,"{""type"":""Point"",""coordinates"":[2.17,13.51]}"
200606_4,6,5.949810981750488,ERA5_LAND,WA005,2006,"{""type"":""Point"",""coordinates"":[7.33,9.07]}"
200606_5,6,4.716267108917236,ERA5_LAND,WA006,2006,"{""type"":""Point"",""coordinates"":[-0.17,5.56]}"
200606_6,6,7.1142191886901855,ERA5_LAND,WA007,2006,"{""type"":""Point"",""coordinates"":[-3.9299999999999997,5.349999999999999]}"
200606_7,6,13.074445724487305,ERA5_LAND,WA008,2006,"{""type"":""Point"",""coordinates"":[-13.67,9.53]}"
200606_8,6,13.07392406463623,ERA5_LAND,WA009,2006,"{""type"":""Point"",""coordinates"":[-13.230000000000002,8.489999999999998]}"
200606_9,6,12.995414733886719,ERA5_LAND,WA010,2006,"{""type"":""Point"",""coordinates"":[-10.799999999999999,6.3]}"
200606_10,6,5.067727565765381,ERA5_LAND,WA011,2006,"{""type"":""Point"",""coordinates"":[1.22,6.130000000000001]}"
200606_11,6,8.931426048278809,ERA5_LAND,WA012,2006,"{""type"":""Point"",""coordinates"":[2.42,6.37]}"
200606_12,6,1.3292205333709717,ERA5_LAND,WA013,2006,"{""type"":""Point"",""coordinates"":[8.52,12.05]}"
200606_13,6,3.807243585586548,ERA5_LAND,WA014,2006,"{""type"":""Point"",""coordinates"":[-1.62,6.69]}"
200606_14,6,0.4333246350288391,ERA5_LAND,WA015,2006,"{""type"":""Point"",""coordinates"":[-16.680000000000003,13.45]}"
200607_0,7,0.9410079121589661,ERA5_LAND,WA001,2006,"{""type"":""Point"",""coordinates"":[-17.470000000000002,14.73]}"
200607_1,7,4.937341213226318,ERA5_LAND,WA002,2006,"{""type"":""Point"",""coordinates"":[-7.949999999999998,12.65]}"
200607_2,7,3.3130338191986084,ERA5_LAND,WA003,2006,"{""type"":""Point"",""coordinates"":[-1.5200000000000002,12.360000000000001]}"
200607_3,7,1.3878862857818604,ERA5_LAND,WA004,2006,"{""type"":""Point"",""coordinates"":[2.17,13.51]}"
200607_4,7,9.244157791137695,ERA5_LAND,WA005,2006,"{""type"":""Point"",""coordinates"":[7.33,9.07]}"
200607_5,7,1.6644642353057861,ERA5_LAND,WA006,2006,"{""type"":""Point"",""coordinates"":[-0.17,5.56]}"
200607_6,7,6.394627094268799,ERA5_LAND,WA007,2006,"{""type"":""Point"",""coordinates"":[-3.9299999999999997,5.349999999999999]}"
200607_7,7,14.954239845275879,ERA5_LAND,WA008,2006,"{""type"":""Point"",""coordinates"":[-13.67,9.53]}"
200607_8,7,18.055747985839844,ERA5_LAND,WA009,2006,"{""type"":""Point"",""coordinates"":[-13.230000000000002,8.489999999999998]}"
200607_9,7,12.899592399597168,ERA5_LAND,WA010,2006,"{""type"":""Point"",""coordinates"":[-10.799999999999999,6.3]}"
200607_10,7,2.7910685539245605,ERA5_LAND,WA011,2006,"{""type"":""Point"",""coordinates"":[1.22,6.130000000000001]}"
200607_11,7,4.246044635772705,ERA5_LAND,WA012,2006,"{""type"":""Point"",""coordinates"":[2.42,6.37]}"
200607_12,7,4.722676753997803,ERA5_LAND,WA013,2006,"{""type"":""Point"",""coordinates"":[8.52,12.05]}"
200607_13,7,3.1066341400146484,ERA5_LAND,WA014,2006,"{""type"":""Point"",""coordinates"":[-1.62,6.69]}"
200607_14,7,3.4332680702209473,ERA5_LAND,WA015,2006,"{""type"":""Point"",""coordinates"":[-16.680000000000003,13.45]}"
200608_0,8,3.977550506591797,ERA5_LAND,WA001,2006,"{""type"":""Point"",""coordinates"":[-17.470000000000002,14.73]}"
200608_1,8,5.7568559646606445,ERA5_LAND,WA002,2006,"{""type"":""Point"",""coordinates"":[-7.949999999999998,12.65]}"
200608_2,8,5.664105415344238,ERA5_LAND,WA003,2006,"{""type"":""Point"",""coordinates"":[-1.5200000000000002,12.360000000000001]}"
200608_3,8,4.630939483642578,ERA5_LAND,WA004,2006,"{""type"":""Point"",""coordinates"":[2.17,13.51]}"
200608_4,8,10.74413013458252,ERA5_LAND,WA005,2006,"{""type"":""Point"",""coordinates"":[7.33,9.07]}"
200608_5,8,1.2611868381500244,ERA5_LAND,WA006,2006,"{""type"":""Point"",""coordinates"":[-0.17,5.56]}"
200608_6,8,3.7288637161254883,ERA5_LAND,WA007,2006,"{""type"":""Point"",""coordinates"":[-3.9299999999999997,5.349999999999999]}"
200608_7,8,20.563386917114258,ERA5_LAND,WA008,2006,"{""type"":""Point"",""coordinates"":[-13.67,9.53]}"
200608_8,8,27.83096694946289,ERA5_LAND,WA009,2006,"{""type"":""Point"",""coordinates"":[-13.230000000000002,8.489999999999998]}"
200608_9,8,19.763778686523438,ERA5_LAND,WA010,2006,"{""type"":""Point"",""coordinates"":[-10.799999999999999,6.3]}"
200608_10,8,1.8598309755325317,ERA5_LAND,WA011,2006,"{""type"":""Point"",""coordinates"":[1.22,6.130000000000001]}"
200608_11,8,2.733940601348877,ERA5_LAND,WA012,2006,"{""type"":""Point"",""coordinates"":[2.42,6.37]}"
200608_12,8,6.313347816467285,ERA5_LAND,WA013,2006,"{""type"":""Point"",""coordinates"":[8.52,12.05]}"
200608_13,8,1.9791698455810547,ERA5_LAND,WA014,2006,"{""type"":""Point"",""coordinates"":[-1.62,6.69]}"
200608_14,8,7.540318489074707,ERA5_LAND,WA015,2006,"{""type"":""Point"",""coordinates"":[-16.680000000000003,13.45]}"
200609_0,9,3.878619909286499,ERA5_LAND,WA001,2006,"{""type"":""Point"",""coordinates"":[-17.470000000000002,14.73]}"
200609_1,9,6.880074977874756,ERA5_LAND,WA002,2006,"{""type"":""Point"",""coordinates"":[-7.949999999999998,12.65]}"
200609_2,9,4.1683783531188965,ERA5_LAND,WA003,2006,"{""type"":""Point"",""coordinates"":[-1.5200000000000002,12.360000000000001]}"
200609_3,9,0.7156082391738892,ERA5_LAND,WA004,2006,"{""type"":""Point"",""coordinates"":[2.17,13.51]}"
200609_4,9,9.017083168029785,ERA5_LAND,WA005,2006,"{""type"":""Point"",""coordinates"":[7.33,9.07]}"
200609_5,9,3.195516347885132,ERA5_LAND,WA006,2006,"{""type"":""Point"",""coordinates"":[-0.17,5.56]}"
200609_6,9,4.400178909301758,ERA5_LAND,WA007,2006,"{""type"":""Point"",""coordinates"":[-3.9299999999999997,5.349999999999999]}"
200609_7,9,15.903070449829102,ERA5_LAND,WA008,2006,"{""type"":""Point"",""coordinates"":[-13.67,9.53]}"
200609_8,9,9.645784378051758,ERA5_LAND,WA009,2006,"{""type"":""Point"",""coordinates"":[-13.230000000000002,8.489999999999998]}"
200609_9,9,11.8997802734375,ERA5_LAND,WA010,2006,"{""type"":""Point"",""coordinates"":[-10.799999999999999,6.3]}"
200609_10,9,5.845706939697266,ERA5_LAND,WA011,2006,"{""type"":""Point"",""coordinates"":[1.22,6.130000000000001]}"
200609_11,9,5.807010650634766,ERA5_LAND,WA012,2006,"{""type"":""Point"",""coordinates"":[2.42,6.37]}"
200609_12,9,3.9018266201019287,ERA5_LAND,WA013,2006,"{""type"":""Point"",""coordinates"":[8.52,12.05]}"
200609_13,9,4.475829601287842,ERA5_LAND,WA014,2006,"{""type"":""Point"",""coordinates"":[-1.62,6.69]}"
200609_14,9,6.603676795959473,ERA5_LAND,WA015,2006,"{""type"":""Point"",""coordinates"":[-16.680000000000003,13.45]}"
200610_0,10,0.4907306730747223,ERA5_LAND,WA001,2006,"{""type"":""Point"",""coordinates"":[-17.470000000000002,14.73]}"
200610_1,10,1.4112852811813354,ERA5_LAND,WA002,2006,"{""type"":""Point"",""coordinates"":[-7.949999999999998,12.65]}"
200610_2,10,1.2277472019195557,ERA5_LAND,WA003,2006,"{""type"":""Point"",""coordinates"":[-1.5200000000000002,12.360000000000001]}"
200610_3,10,0.10185791552066803,ERA5_LAND,WA004,2006,"{""type"":""Point"",""coordinates"":[2.17,13.51]}"
200610_4,10,6.708133220672607,ERA5_LAND,WA005,2006,"{""type"":""Point"",""coordinates"":[7.33,9.07]}"
200610_5,10,2.3642215728759766,ERA5_LAND,WA006,2006,"{""type"":""Point"",""coordinates"":[-0.17,5.56]}"
200610_6,10,3.946229934692383,ERA5_LAND,WA007,2006,"{""type"":""Point"",""coordinates"":[-3.9299999999999997,5.349999999999999]}"
200610_7,10,6.892175674438477,ERA5_LAND,WA008,2006,"{""type"":""Point"",""coordinates"":[-13.67,9.53]}"
200610_8,10,7.423094749450684,ERA5_LAND,WA009,2006,"{""type"":""Point"",""coordinates"":[-13.230000000000002,8.489999999999998]}"
200610_9,10,9.528728485107422,ERA5_LAND,WA010,2006,"{""type"":""Point"",""coordinates"":[-10.799999999999999,6.3]}"
200610_10,10,3.4655919075012207,ERA5_LAND,WA011,2006,"{""type"":""Point"",""coordinates"":[1.22,6.130000000000001]}"
200610_11,10,3.9607043266296387,ERA5_LAND,WA012,2006,"{""type"":""Point"",""coordinates"":[2.42,6.37]}"
200610_12,10,0.21582673490047455,ERA5_LAND,WA013,2006,"{""type"":""Point"",""coordinates"":[8.52,12.05]}"
200610_13,10,3.0895159244537354,ERA5_LAND,WA014,2006,"{""type"":""Point"",""coordinates"":[-1.62,6.69]}"
200610_14,10,1.8315151929855347,ERA5_LAND,WA015,2006,"{""type"":""Point"",""coordinates"":[-16.680000000000003,13.45]}"
200611_0,11,0.0013674963265657425,ERA5_LAND,WA001,2006,"{""type"":""Point"",""coordinates"":[-17.470000000000002,14.73]}"
200611_1,11,9.313890477642417E-4,ERA5_LAND,WA002,2006,"{""type"":""Point"",""coordinates"":[-7.949999999999998,12.65]}"
200611_2,11,9.313890477642417E-4,ERA5_LAND,WA003,2006,"{""type"":""Point"",""coordinates"":[-1.5200000000000002,12.360000000000001]}"
200611_3,11,9.334739297628403E-4,ERA5_LAND,WA004,2006,"{""type"":""Point"",""coordinates"":[2.17,13.51]}"
200611_4,11,0.20298489928245544,ERA5_LAND,WA005,2006,"{""type"":""Point"",""coordinates"":[7.33,9.07]}"
200611_5,11,1.6194519996643066,ERA5_LAND,WA006,2006,"{""type"":""Point"",""coordinates"":[-0.17,5.56]}"
200611_6,11,3.4582550525665283,ERA5_LAND,WA007,2006,"{""type"":""Point"",""coordinates"":[-3.9299999999999997,5.349999999999999]}"
200611_7,11,0.9399085640907288,ERA5_LAND,WA008,2006,"{""type"":""Point"",""coordinates"":[-13.67,9.53]}"
200611_8,11,1.9534615278244019,ERA5_LAND,WA009,2006,"{""type"":""Point"",""coordinates"":[-13.230000000000002,8.489999999999998]}"
200611_9,11,3.5008010864257812,ERA5_LAND,WA010,2006,"{""type"":""Point"",""coordinates"":[-10.799999999999999,6.3]}"
200611_10,11,1.605832576751709,ERA5_LAND,WA011,2006,"{""type"":""Point"",""coordinates"":[1.22,6.130000000000001]}"
200611_11,11,1.649969220161438,ERA5_LAND,WA012,2006,"{""type"":""Point"",""coordinates"":[2.42,6.37]}"
200611_12,11,9.313890477642417E-4,ERA5_LAND,WA013,2006,"{""type"":""Point"",""coordinates"":[8.52,12.05]}"
200611_13,11,0.9317496418952942,ERA5_LAND,WA014,2006,"{""type"":""Point"",""coordinates"":[-1.62,6.69]}"
200611_14,11,0.029081284999847412,ERA5_LAND,WA015,2006,"{""type"":""Point"",""coordinates"":[-16.680000000000003,13.45]}"
200612_0,12,0.006527694407850504,ERA5_LAND,WA001,2006,"{""type"":""Point"",""coordinates"":[-17.470000000000002,14.73]}"
200612_1,12,0.0012584517244249582,ERA5_LAND,WA002,2006,"{""type"":""Point"",""coordinates"":[-7.949999999999998,12.65]}"
200612_2,12,0.0012584517244249582,ERA5_LAND,WA003,2006,"{""type"":""Point"",""coordinates"":[-1.5200000000000002,12.360000000000001]}"
200612_3,12,0.0012584517244249582,ERA5_LAND,WA004,2006,"{""type"":""Point"",""coordinates"":[2.17,13.51]}"
200612_4,12,0.0012584517244249582,ERA5_LAND,WA005,2006,"{""type"":""Point"",""coordinates"":[7.33,9.07]}"
200612_5,12,0.6630989909172058,ERA5_LAND,WA006,2006,"{""type"":""Point"",""coordinates"":[-0.17,5.56]}"
200612_6,12,1.9783759117126465,ERA5_LAND,WA007,2006,"{""type"":""Point"",""coordinates"":[-3.9299999999999997,5.349999999999999]}"
200612_7,12,0.03720512241125107,ERA5_LAND,WA008,2006,"{""type"":""Point"",""coordinates"":[-13.67,9.53]}"
200612_8,12,0.37357550859451294,ERA5_LAND,WA009,2006,"{""type"":""Point"",""coordinates"":[-13.230000000000002,8.489999999999998]}"
200612_9,12,2.143264055252075,ERA5_LAND,WA010,2006,"{""type"":""Point"",""coordinates"":[-10.799999999999999,6.3]}"
200612_10,12,0.44603440165519714,ERA5_LAND,WA011,2006,"{""type"":""Point"",""coordinates"":[1.22,6.130000000000001]}"
200612_11,12,0.5615912675857544,ERA5_LAND,WA012,2006,"{""type"":""Point"",""coordinates"":[2.42,6.37]}"
200612_12,12,0.0012584517244249582,ERA5_LAND,WA013,2006,"{""type"":""Point"",""coordinates"":[8.52,12.05]}"
200612_13,12,0.07831348478794098,ERA5_LAND,WA014,2006,"{""type"":""Point"",""coordinates"":[-1.62,6.69]}"
200612_14,12,0.0014958515530452132,ERA5_LAND,WA015,2006,"{""type"":""Point"",""coordinates"":[-16.680000000000003,13.45]}"
200701_0,1,9.653109591454268E-4,ERA5_LAND,WA001,2007,"{""type"":""Point"",""coordinates"":[-17.470000000000002,14.73]}"
200701_1,1,8.859983645379543E-4,ERA5_LAND,WA002,2007,"{""type"":""Point"",""coordinates"":[-7.949999999999998,12.65]}"
200701_2,1,8.942147833295166E-4,ERA5_LAND,WA003,2007,"{""type"":""Point"",""coordinates"":[-1.5200000000000002,12.360000000000001]}"
200701_3,1,8.859983645379543E-4,ERA5_LAND,WA004,2007,"{""type"":""Point"",""coordinates"":[2.17,13.51]}"
200701_4,1,8.859983645379543E-4,ERA5_LAND,WA005,2007,"{""type"":""Point"",""coordinates"":[7.33,9.07]}"
200701_5,1,0.09307682514190674,ERA5_LAND,WA006,2007,"{""type"":""Point"",""coordinates"":[-0.17,5.56]}"
200701_6,1,0.602582573890686,ERA5_LAND,WA007,2007,"{""type"":""Point"",""coordinates"":[-3.9299999999999997,5.349999999999999]}"
200701_7,1,0.0030770672019571066,ERA5_LAND,WA008,2007,"{""type"":""Point"",""coordinates"":[-13.67,9.53]}"
200701_8,1,0.012144944630563259,ERA5_LAND,WA009,2007,"{""type"":""Point"",""coordinates"":[-13.230000000000002,8.489999999999998]}"
200701_9,1,1.1655092239379883,ERA5_LAND,WA010,2007,"{""type"":""Point"",""coordinates"":[-10.799999999999999,6.3]}"
200701_10,1,0.08135005831718445,ERA5_LAND,WA011,2007,"{""type"":""Point"",""coordinates"":[1.22,6.130000000000001]}"
200701_11,1,0.09044744819402695,ERA5_LAND,WA012,2007,"{""type"":""Point"",""coordinates"":[2.42,6.37]}"
200701_12,1,8.859983645379543E-4,ERA5_LAND,WA013,2007,"{""type"":""Point"",""coordinates"":[8.52,12.05]}"
200701_13,1,0.2973579168319702,ERA5_LAND,WA014,2007,"{""type"":""Point"",""coordinates"":[-1.62,6.69]}"
200701_14,1,9.308059234172106E-4,ERA5_LAND,WA015,2007,"{""type"":""Point"",""coordinates"":[-16.680000000000003,13.45]}"
200702_0,2,0.0011347897816449404,ERA5_LAND,WA001,2007,"{""type"":""Point"",""coordinates"":[-17.470000000000002,14.73]}"
200702_1,2,0.0011347897816449404,ERA5_LAND,WA002,2007,"{""type"":""Point"",""coordinates"":[-7.949999999999998,12.65]}"
200702_2,2,0.0011347897816449404,ERA5_LAND,WA003,2007,"{""type"":""Point"",""coordinates"":[-1.5200000000000002,12.360000000000001]}"
200702_3,2,0.0011347897816449404,ERA5_LAND,WA004,2007,"{""type"":""Point"",""coordinates"":[2.17,13.51]}"
200702_4,2,0.043171513825654984,ERA5_LAND,WA005,2007,"{""type"":""Point"",""coordinates"":[7.33,9.07]}"
200702_5,2,0.7078101634979248,ERA5_LAND,WA006,2007,"{""type"":""Point"",""coordinates"":[-0.17,5.56]}"
200702_6,2,2.7379322052001953,ERA5_LAND,WA007,2007,"{""type"":""Point"",""coordinates"":[-3.9299999999999997,5.349999999999999]}"
200702_7,2,0.12949615716934204,ERA5_LAND,WA008,2007,"{""type"":""Point"",""coordinates"":[-13.67,9.53]}"
200702_8,2,0.8260416984558105,ERA5_LAND,WA009,2007,"{""type"":""Point"",""coordinates"":[-13.230000000000002,8.489999999999998]}"
200702_9,2,3.8965084552764893,ERA5_LAND,WA010,2007,"{""type"":""Point"",""coordinates"":[-10.799999999999999,6.3]}"
200702_10,2,0.9594008326530457,ERA5_LAND,WA011,2007,"{""type"":""Point"",""coordinates"":[1.22,6.130000000000001]}"
200702_11,2,1.6332807540893555,ERA5_LAND,WA012,2007,"{""type"":""Point"",""coordinates"":[2.42,6.37]}"
200702_12,2,0.0011347897816449404,ERA5_LAND,WA013,2007,"{""type"":""Point"",""coordinates"":[8.52,12.05]}"
200702_13,2,1.8543652296066284,ERA5_LAND,WA014,2007,"{""type"":""Point"",""coordinates"":[-1.62,6.69]}"
200702_14,2,0.0011360355420038104,ERA5_LAND,WA015,2007,"{""type"":""Point"",""coordinates"":[-16.680000000000003,13.45]}"
200703_0,3,0.0011429673759266734,ERA5_LAND,WA001,2007,"{""type"":""Point"",""coordinates"":[-17.470000000000002,14.73]}"
200703_1,3,0.0013626503059640527,ERA5_LAND,WA002,2007,"{""type"":""Point"",""coordinates"":[-7.949999999999998,12.65]}"
200703_2,3,0.00143565668258816,ERA5_LAND,WA003,2007,"{""type"":""Point"",""coordinates"":[-1.5200000000000002,12.360000000000001]}"
200703_3,3,0.0012897202977910638,ERA5_LAND,WA004,2007,"{""type"":""Point"",""coordinates"":[2.17,13.51]}"
200703_4,3,0.14053547382354736,ERA5_LAND,WA005,2007,"{""type"":""Point"",""coordinates"":[7.33,9.07]}"
200703_5,3,0.6019300222396851,ERA5_LAND,WA006,2007,"{""type"":""Point"",""coordinates"":[-0.17,5.56]}"
200703_6,3,2.925893783569336,ERA5_LAND,WA007,2007,"{""type"":""Point"",""coordinates"":[-3.9299999999999997,5.349999999999999]}"
200703_7,3,0.03203090280294418,ERA5_LAND,WA008,2007,"{""type"":""Point"",""coordinates"":[-13.67,9.53]}"
200703_8,3,0.9711874127388,ERA5_LAND,WA009,2007,"{""type"":""Point"",""coordinates"":[-13.230000000000002,8.489999999999998]}"
200703_9,3,4.542746067047119,ERA5_LAND,WA010,2007,"{""type"":""Point"",""coordinates"":[-10.799999999999999,6.3]}"
200703_10,3,0.8054338097572327,ERA5_LAND,WA011,2007,"{""type"":""Point"",""coordinates"":[1.22,6.130000000000001]}"
200703_11,3,1.0324724912643433,ERA5_LAND,WA012,2007,"{""type"":""Point"",""coordinates"":[2.42,6.37]}"
200703_12,3,0.0011720225447788835,ERA5_LAND,WA013,2007,"{""type"":""Point"",""coordinates"":[8.52,12.05]}"
200703_13,3,1.3675693273544312,ERA5_LAND,WA014,2007,"{""type"":""Point"",""coordinates"":[-1.62,6.69]}"
200703_14,3,0.0011544181033968925,ERA5_LAND,WA015,2007,"{""type"":""Point"",""coordinates"":[-16.680000000000003,13.45]}"
200704_0,4,0.001874644891358912,ERA5_LAND,WA001,2007,"{""type"":""Point"",""coordinates"":[-17.470000000000002,14.73]}"
200704_1,4,0.1286361664533615,ERA5_LAND,WA002,2007,"{""type"":""Point"",""coordinates"":[-7.949999999999998,12.65]}"
200704_2,4,0.44529855251312256,ERA5_LAND,WA003,2007,"{""type"":""Point"",""coordinates"":[-1.5200000000000002,12.360000000000001]}"
200704_3,4,0.025181550532579422,ERA5_LAND,WA004,2007,"{""type"":""Point"",""coordinates"":[2.17,13.51]}"
200704_4,4,1.4811203479766846,ERA5_LAND,WA005,2007,"{""type"":""Point"",""coordinates"":[7.33,9.07]}"
200704_5,4,1.8540871143341064,ERA5_LAND,WA006,2007,"{""type"":""Point"",""coordinates"":[-0.17,5.56]}"
200704_6,4,4.502346038818359,ERA5_LAND,WA007,2007,"{""type"":""Point"",""coordinates"":[-3.9299999999999997,5.349999999999999]}"
200704_7,4,0.09104086458683014,ERA5_LAND,WA008,2007,"{""type"":""Point"",""coordinates"":[-13.67,9.53]}"
200704_8,4,0.9036970138549805,ERA5_LAND,WA009,2007,"{""type"":""Point"",""coordinates"":[-13.230000000000002,8.489999999999998]}"
200704_9,4,9.554365158081055,ERA5_LAND,WA010,2007,"{""type"":""Point"",""coordinates"":[-10.799999999999999,6.3]}"
200704_10,4,1.9469375610351562,ERA5_LAND,WA011,2007,"{""type"":""Point"",""coordinates"":[1.22,6.130000000000001]}"
200704_11,4,2.86761212348938,ERA5_LAND,WA012,2007,"{""type"":""Point"",""coordinates"":[2.42,6.37]}"
200704_12,4,0.04116307199001312,ERA5_LAND,WA013,2007,"{""type"":""Point"",""coordinates"":[8.52,12.05]}"
200704_13,4,2.6998157501220703,ERA5_LAND,WA014,2007,"{""type"":""Point"",""coordinates"":[-1.62,6.69]}"
200704_14,4,0.002269089687615633,ERA5_LAND,WA015,2007,"{""type"":""Point"",""coordinates"":[-16.680000000000003,13.45]}"
200705_0,5,0.001081068185158074,ERA5_LAND,WA001,2007,"{""type"":""Point"",""coordinates"":[-17.470000000000002,14.73]}"
200705_1,5,0.2857997715473175,ERA5_LAND,WA002,2007,"{""type"":""Point"",""coordinates"":[-7.949999999999998,12.65]}"
200705_2,5,0.5107645988464355,ERA5_LAND,WA003,2007,"{""type"":""Point"",""coordinates"":[-1.5200000000000002,12.360000000000001]}"
200705_3,5,0.1366383284330368,ERA5_LAND,WA004,2007,"{""type"":""Point"",""coordinates"":[2.17,13.51]}"
200705_4,5,3.07595157623291,ERA5_LAND,WA005,2007,"{""type"":""Point"",""coordinates"":[7.33,9.07]}"
200705_5,5,1.745504379272461,ERA5_LAND,WA006,2007,"{""type"":""Point"",""coordinates"":[-0.17,5.56]}"
200705_6,5,5.551689147949219,ERA5_LAND,WA007,2007,"{""type"":""Point"",""coordinates"":[-3.9299999999999997,5.349999999999999]}"
200705_7,5,2.2733967304229736,ERA5_LAND,WA008,2007,"{""type"":""Point"",""coordinates"":[-13.67,9.53]}"
200705_8,5,5.2803449630737305,ERA5_LAND,WA009,2007,"{""type"":""Point"",""coordinates"":[-13.230000000000002,8.489999999999998]}"
200705_9,5,8.904122352600098,ERA5_LAND,WA010,2007,"{""type"":""Point"",""coordinates"":[-10.799999999999999,6.3]}"
200705_10,5,2.071950674057007,ERA5_LAND,WA011,2007,"{""type"":""Point"",""coordinates"":[1.22,6.130000000000001]}"
200705_11,5,2.5735831260681152,ERA5_LAND,WA012,2007,"{""type"":""Point"",""coordinates"":[2.42,6.37]}"
200705_12,5,0.21843524277210236,ERA5_LAND,WA013,2007,"{""type"":""Point"",""coordinates"":[8.52,12.05]}"
200705_13,5,3.667100191116333,ERA5_LAND,WA014,2007,"{""type"":""Point"",""coordinates"":[-1.62,6.69]}"
200705_14,5,0.0033969630021601915,ERA5_LAND,WA015,2007,"{""type"":""Point"",""coordinates"":[-16.680000000000003,13.45]}"
200706_0,6,0.05733650550246239,ERA5_LAND,WA001,2007,"{""type"":""Point"",""coordinates"":[-17.470000000000002,14.73]}"
200706_1,6,1.2290898561477661,ERA5_LAND,WA002,2007,"{""type"":""Point"",""coordinates"":[-7.949999999999998,12.65]}"
200706_2,6,1.006747841835022,ERA5_LAND,WA003,2007,"{""type"":""Point"",""coordinates"":[-1.5200000000000002,12.360000000000001]}"
200706_3,6,0.7452709674835205,ERA5_LAND,WA004,2007,"{""type"":""Point"",""coordinates"":[2.17,13.51]}"
200706_4,6,4.067519187927246,ERA5_LAND,WA005,2007,"{""type"":""Point"",""coordinates"":[7.33,9.07]}"
200706_5,6,7.889095306396484,ERA5_LAND,WA006,2007,"{""type"":""Point"",""coordinates"":[-0.17,5.56]}"
200706_6,6,7.627844333648682,ERA5_LAND,WA007,2007,"{""type"":""Point"",""coordinates"":[-3.9299999999999997,5.349999999999999]}"
200706_7,6,12.651140213012695,ERA5_LAND,WA008,2007,"{""type"":""Point"",""coordinates"":[-13.67,9.53]}"
200706_8,6,16.862638473510742,ERA5_LAND,WA009,2007,"{""type"":""Point"",""coordinates"":[-13.230000000000002,8.489999999999998]}"
200706_9,6,22.681812286376953,ERA5_LAND,WA010,2007,"{""type"":""Point"",""coordinates"":[-10.799999999999999,6.3]}"
200706_10,6,7.592207431793213,ERA5_LAND,WA011,2007,"{""type"":""Point"",""coordinates"":[1.22,6.130000000000001]}"
200706_11,6,9.314169883728027,ERA5_LAND,WA012,2007,"{""type"":""Point"",""coordinates"":[2.42,6.37]}"
200706_12,6,2.124797821044922,ERA5_LAND,WA013,2007,"{""type"":""Point"",""coordinates"":[8.52,12.05]}"
200706_13,6,4.299931049346924,ERA5_LAND,WA014,2007,"{""type"":""Point"",""coordinates"":[-1.62,6.69]}"
200706_14,6,0.017163965851068497,ERA5_LAND,WA015,2007,"{""type"":""Point"",""coordinates"":[-16.680000000000003,13.45]}"
200707_0,7,4.227782726287842,ERA5_LAND,WA001,2007,"{""type"":""Point"",""coordinates"":[-17.470000000000002,14.73]}"
200707_1,7,5.861041069030762,ERA5_LAND,WA002,2007,"{""type"":""Point"",""coordinates"":[-7.949999999999998,12.65]}"
200707_2,7,3.3000643253326416,ERA5_LAND,WA003,2007,"{""type"":""Point"",""coordinates"":[-1.5200000000000002,12.360000000000001]}"
200707_3,7,2.919984817504883,ERA5_LAND,WA004,2007,"{""type"":""Point"",""coordinates"":[2.17,13.51]}"
200707_4,7,8.668330192565918,ERA5_LAND,WA005,2007,"{""type"":""Point"",""coordinates"":[7.33,9.07]}"
200707_5,7,4.102825164794922,ERA5_LAND,WA006,2007,"{""type"":""Point"",""coordinates"":[-0.17,5.56]}"
200707_6,7,4.607216835021973,ERA5_LAND,WA007,2007,"{""type"":""Point"",""coordinates"":[-3.9299999999999997,5.349999999999999]}"
200707_7,7,26.484819412231445,ERA5_LAND,WA008,2007,"{""type"":""Point"",""coordinates"":[-13.67,9.53]}"
200707_8,7,27.799909591674805,ERA5_LAND,WA009,2007,"{""type"":""Point"",""coordinates"":[-13.230000000000002,8.489999999999998]}"
200707_9,7,21.242399215698242,ERA5_LAND,WA010,2007,"{""type"":""Point"",""coordinates"":[-10.799999999999999,6.3]}"
200707_10,7,5.976329326629639,ERA5_LAND,WA011,2007,"{""type"":""Point"",""coordinates"":[1.22,6.130000000000001]}"
200707_11,7,6.4416046142578125,ERA5_LAND,WA012,2007,"{""type"":""Point"",""coordinates"":[2.42,6.37]}"
200707_12,7,4.321354389190674,ERA5_LAND,WA013,2007,"{""type"":""Point"",""coordinates"":[8.52,12.05]}"
200707_13,7,4.602942943572998,ERA5_LAND,WA014,2007,"{""type"":""Point"",""coordinates"":[-1.62,6.69]}"
200707_14,7,3.3157758712768555,ERA5_LAND,WA015,2007,"{""type"":""Point"",""coordinates"":[-16.680000000000003,13.45]}"
200708_0,8,5.772003173828125,ERA5_LAND,WA001,2007,"{""type"":""Point"",""coordinates"":[-17.470000000000002,14.73]}"
200708_1,8,8.279709815979004,ERA5_LAND,WA002,2007,"{""type"":""Point"",""coordinates"":[-7.949999999999998,12.65]}"
200708_2,8,6.351574897766113,ERA5_LAND,WA003,2007,"{""type"":""Point"",""coordinates"":[-1.5200000000000002,12.360000000000001]}"
200708_3,8,4.269223690032959,ERA5_LAND,WA004,2007,"{""type"":""Point"",""coordinates"":[2.17,13.51]}"
200708_4,8,13.13759708404541,ERA5_LAND,WA005,2007,"{""type"":""Point"",""coordinates"":[7.33,9.07]}"
200708_5,8,1.7882970571517944,ERA5_LAND,WA006,2007,"{""type"":""Point"",""coordinates"":[-0.17,5.56]}"
200708_6,8,2.933406114578247,ERA5_LAND,WA007,2007,"{""type"":""Point"",""coordinates"":[-3.9299999999999997,5.349999999999999]}"
200708_7,8,34.6506233215332,ERA5_LAND,WA008,2007,"{""type"":""Point"",""coordinates"":[-13.67,9.53]}"
200708_8,8,28.449378967285156,ERA5_LAND,WA009,2007,"{""type"":""Point"",""coordinates"":[-13.230000000000002,8.489999999999998]}"
200708_9,8,18.622339248657227,ERA5_LAND,WA010,2007,"{""type"":""Point"",""coordinates"":[-10.799999999999999,6.3]}"
200708_10,8,3.220449447631836,ERA5_LAND,WA011,2007,"{""type"":""Point"",""coordinates"":[1.22,6.130000000000001]}"
200708_11,8,4.467826843261719,ERA5_LAND,WA012,2007,"{""type"":""Point"",""coordinates"":[2.42,6.37]}"
200708_12,8,5.722167015075684,ERA5_LAND,WA013,2007,"{""type"":""Point"",""coordinates"":[8.52,12.05]}"
200708_13,8,3.593412160873413,ERA5_LAND,WA014,2007,"{""type"":""Point"",""coordinates"":[-1.62,6.69]}"
200708_14,8,8.289509773254395,ERA5_LAND,WA015,2007,"{""type"":""Point"",""coordinates"":[-16.680000000000003,13.45]}"
200709_0,9,1.9556342363357544,ERA5_LAND,WA001,2007,"{""type"":""Point"",""coordinates"":[-17.470000000000002,14.73]}"
200709_1,9,3.9973435401916504,ERA5_LAND,WA002,2007,"{""type"":""Point"",""coordinates"":[-7.949999999999998,12.65]}"
200709_2,9,2.274747133255005,ERA5_LAND,WA003,2007,"{""type"":""Point"",""coordinates"":[-1.5200000000000002,12.360000000000001]}"
200709_3,9,2.035358190536499,ERA5_LAND,WA004,2007,"{""type"":""Point"",""coordinates"":[2.17,13.51]}"
200709_4,9,8.742443084716797,ERA5_LAND,WA005,2007,"{""type"":""Point"",""coordinates"":[7.33,9.07]}"
200709_5,9,3.492072582244873,ERA5_LAND,WA006,2007,"{""type"":""Point"",""coordinates"":[-0.17,5.56]}"
200709_6,9,5.278871536254883,ERA5_LAND,WA007,2007,"{""type"":""Point"",""coordinates"":[-3.9299999999999997,5.349999999999999]}"
200709_7,9,14.025162696838379,ERA5_LAND,WA008,2007,"{""type"":""Point"",""coordinates"":[-13.67,9.53]}"
200709_8,9,13.92162036895752,ERA5_LAND,WA009,2007,"{""type"":""Point"",""coordinates"":[-13.230000000000002,8.489999999999998]}"
200709_9,9,13.261571884155273,ERA5_LAND,WA010,2007,"{""type"":""Point"",""coordinates"":[-10.799999999999999,6.3]}"
200709_10,9,4.1690287590026855,ERA5_LAND,WA011,2007,"{""type"":""Point"",""coordinates"":[1.22,6.130000000000001]}"
200709_11,9,5.188392162322998,ERA5_LAND,WA012,2007,"{""type"":""Point"",""coordinates"":[2.42,6.37]}"
200709_12,9,2.534700632095337,ERA5_LAND,WA013,2007,"{""type"":""Point"",""coordinates"":[8.52,12.05]}"
200709_13,9,5.973031044006348,ERA5_LAND,WA014,2007,"{""type"":""Point"",""coordinates"":[-1.62,6.69]}"
200709_14,9,5.594470500946045,ERA5_LAND,WA015,2007,"{""type"":""Point"",""coordinates"":[-16.680000000000003,13.45]}"
200710_0,10,0.20824994146823883,ERA5_LAND,WA001,2007,"{""type"":""Point"",""coordinates"":[-17.470000000000002,14.73]}"
200710_1,10,1.9835402965545654,ERA5_LAND,WA002,2007,"{""type"":""Point"",""coordinates"":[-7.949999999999998,12.65]}"
200710_2,10,0.2017042487859726,ERA5_LAND,WA003,2007,"{""type"":""Point"",""coordinates"":[-1.5200000000000002,12.360000000000001]}"
200710_3,10,0.0015646254178136587,ERA5_LAND,WA004,2007,"{""type"":""Point"",""coordinates"":[2.17,13.51]}"
200710_4,10,4.568843841552734,ERA5_LAND,WA005,2007,"{""type"":""Point"",""coordinates"":[7.33,9.07]}"
200710_5,10,3.347226619720459,ERA5_LAND,WA006,2007,"{""type"":""Point"",""coordinates"":[-0.17,5.56]}"
200710_6,10,6.560305118560791,ERA5_LAND,WA007,2007,"{""type"":""Point"",""coordinates"":[-3.9299999999999997,5.349999999999999]}"
200710_7,10,5.839924335479736,ERA5_LAND,WA008,2007,"{""type"":""Point"",""coordinates"":[-13.67,9.53]}"
200710_8,10,6.551323413848877,ERA5_LAND,WA009,2007,"{""type"":""Point"",""coordinates"":[-13.230000000000002,8.489999999999998]}"
200710_9,10,9.642739295959473,ERA5_LAND,WA010,2007,"{""type"":""Point"",""coordinates"":[-10.799999999999999,6.3]}"
200710_10,10,3.9826409816741943,ERA5_LAND,WA011,2007,"{""type"":""Point"",""coordinates"":[1.22,6.130000000000001]}"
200710_11,10,4.577628135681152,ERA5_LAND,WA012,2007,"{""type"":""Point"",""coordinates"":[2.42,6.37]}"
200710_12,10,0.0029367259703576565,ERA5_LAND,WA013,2007,"{""type"":""Point"",""coordinates"":[8.52,12.05]}"
200710_13,10,4.581976413726807,ERA5_LAND,WA014,2007,"{""type"":""Point"",""coordinates"":[-1.62,6.69]}"
200710_14,10,0.534630298614502,ERA5_LAND,WA015,2007,"{""type"":""Point"",""coordinates"":[-16.680000000000003,13.45]}"
200711_0,11,8.891134057193995E-4,ERA5_LAND,WA001,2007,"{""type"":""Point"",""coordinates"":[-17.470000000000002,14.73]}"
200711_1,11,0.04488660767674446,ERA5_LAND,WA002,2007,"{""type"":""Point"",""coordinates"":[-7.949999999999998,12.65]}"
200711_2,11,0.004520539194345474,ERA5_LAND,WA003,2007,"{""type"":""Point"",""coordinates"":[-1.5200000000000002,12.360000000000001]}"
200711_3,11,0.0018149269744753838,ERA5_LAND,WA004,2007,"{""type"":""Point"",""coordinates"":[2.17,13.51]}"
200711_4,11,0.34139755368232727,ERA5_LAND,WA005,2007,"{""type"":""Point"",""coordinates"":[7.33,9.07]}"
200711_5,11,1.9134632349014282,ERA5_LAND,WA006,2007,"{""type"":""Point"",""coordinates"":[-0.17,5.56]}"
200711_6,11,5.735567092895508,ERA5_LAND,WA007,2007,"{""type"":""Point"",""coordinates"":[-3.9299999999999997,5.349999999999999]}"
200711_7,11,2.4535720348358154,ERA5_LAND,WA008,2007,"{""type"":""Point"",""coordinates"":[-13.67,9.53]}"
200711_8,11,3.299260139465332,ERA5_LAND,WA009,2007,"{""type"":""Point"",""coordinates"":[-13.230000000000002,8.489999999999998]}"
200711_9,11,6.130105018615723,ERA5_LAND,WA010,2007,"{""type"":""Point"",""coordinates"":[-10.799999999999999,6.3]}"
200711_10,11,2.541508197784424,ERA5_LAND,WA011,2007,"{""type"":""Point"",""coordinates"":[1.22,6.130000000000001]}"
200711_11,11,2.521916389465332,ERA5_LAND,WA012,2007,"{""type"":""Point"",""coordinates"":[2.42,6.37]}"
200711_12,11,9.40376368816942E-4,ERA5_LAND,WA013,2007,"{""type"":""Point"",""coordinates"":[8.52,12.05]}"
200711_13,11,2.3642938137054443,ERA5_LAND,WA014,2007,"{""type"":""Point"",""coordinates"":[-1.62,6.69]}"
200711_14,11,0.07793307304382324,ERA5_LAND,WA015,2007,"{""type"":""Point"",""coordinates"":[-16.680000000000003,13.45]}"
200712_0,12,6.365173612721264E-4,ERA5_LAND,WA001,2007,"{""type"":""Point"",""coordinates"":[-17.470000000000002,14.73]}"
200712_1,12,0.03252032399177551,ERA5_LAND,WA002,2007,"{""type"":""Point"",""coordinates"":[-7.949999999999998,12.65]}"
200712_2,12,0.0010634538484737277,ERA5_LAND,WA003,2007,"{""type"":""Point"",""coordinates"":[-1.5200000000000002,12.360000000000001]}"
200712_3,12,0.016160765662789345,ERA5_LAND,WA004,2007,"{""type"":""Point"",""coordinates"":[2.17,13.51]}"
200712_4,12,0.03724736347794533,ERA5_LAND,WA005,2007,"{""type"":""Point"",""coordinates"":[7.33,9.07]}"
200712_5,12,0.9286830425262451,ERA5_LAND,WA006,2007,"{""type"":""Point"",""coordinates"":[-0.17,5.56]}"
200712_6,12,3.540611743927002,ERA5_LAND,WA007,2007,"{""type"":""Point"",""coordinates"":[-3.9299999999999997,5.349999999999999]}"
200712_7,12,1.3226829767227173,ERA5_LAND,WA008,2007,"{""type"":""Point"",""coordinates"":[-13.67,9.53]}"
200712_8,12,1.7202788591384888,ERA5_LAND,WA009,2007,"{""type"":""Point"",""coordinates"":[-13.230000000000002,8.489999999999998]}"
200712_9,12,3.315202236175537,ERA5_LAND,WA010,2007,"{""type"":""Point"",""coordinates"":[-10.799999999999999,6.3]}"
200712_10,12,0.8402231931686401,ERA5_LAND,WA011,2007,"{""type"":""Point"",""coordinates"":[1.22,6.130000000000001]}"
200712_11,12,1.1817845106124878,ERA5_LAND,WA012,2007,"{""type"":""Point"",""coordinates"":[2.42,6.37]}"
200712_12,12,6.365173612721264E-4,ERA5_LAND,WA013,2007,"{""type"":""Point"",""coordinates"":[8.52,12.05]}"
200712_13,12,0.9119866490364075,ERA5_LAND,WA014,2007,"{""type"":""Point"",""coordinates"":[-1.62,6.69]}"
200712_14,12,0.004408075474202633,ERA5_LAND,WA015,2007,"{""type"":""Point"",""coordinates"":[-16.680000000000003,13.45]}"
200801_0,1,0.002249309793114662,ERA5_LAND,WA001,2008,"{""type"":""Point"",""coordinates"":[-17.470000000000002,14.73]}"
200801_1,1,0.0012466058833524585,ERA5_LAND,WA002,2008,"{""type"":""Point"",""coordinates"":[-7.949999999999998,12.65]}"
200801_2,1,0.0012466058833524585,ERA5_LAND,WA003,2008,"{""type"":""Point"",""coordinates"":[-1.5200000000000002,12.360000000000001]}"
200801_3,1,0.0012466058833524585,ERA5_LAND,WA004,2008,"{""type"":""Point"",""coordinates"":[2.17,13.51]}"
200801_4,1,0.038246236741542816,ERA5_LAND,WA005,2008,"{""type"":""Point"",""coordinates"":[7.33,9.07]}"
200801_5,1,0.40450966358184814,ERA5_LAND,WA006,2008,"{""type"":""Point"",""coordinates"":[-0.17,5.56]}"
200801_6,1,0.8288044333457947,ERA5_LAND,WA007,2008,"{""type"":""Point"",""coordinates"":[-3.9299999999999997,5.349999999999999]}"
200801_7,1,0.0028265188448131084,ERA5_LAND,WA008,2008,"{""type"":""Point"",""coordinates"":[-13.67,9.53]}"
200801_8,1,0.14459116756916046,ERA5_LAND,WA009,2008,"{""type"":""Point"",""coordinates"":[-13.230000000000002,8.489999999999998]}"
200801_9,1,1.4018199443817139,ERA5_LAND,WA010,2008,"{""type"":""Point"",""coordinates"":[-10.799999999999999,6.3]}"
200801_10,1,0.31508398056030273,ERA5_LAND,WA011,2008,"{""type"":""Point"",""coordinates"":[1.22,6.130000000000001]}"
200801_11,1,0.7156581878662109,ERA5_LAND,WA012,2008,"{""type"":""Point"",""coordinates"":[2.42,6.37]}"
200801_12,1,0.0012466058833524585,ERA5_LAND,WA013,2008,"{""type"":""Point"",""coordinates"":[8.52,12.05]}"
200801_13,1,0.027550986036658287,ERA5_LAND,WA014,2008,"{""type"":""Point"",""coordinates"":[-1.62,6.69]}"
200801_14,1,0.001500490470789373,ERA5_LAND,WA015,2008,"{""type"":""Point"",""coordinates"":[-16.680000000000003,13.45]}"
200802_0,2,0.06825268268585205,ERA5_LAND,WA001,2008,"{""type"":""Point"",""coordinates"":[-17.470000000000002,14.73]}"
200802_1,2,0.0011106166057288647,ERA5_LAND,WA002,2008,"{""type"":""Point"",""coordinates"":[-7.949999999999998,12.65]}"
200802_2,2,0.0011106166057288647,ERA5_LAND,WA003,2008,"{""type"":""Point"",""coordinates"":[-1.5200000000000002,12.360000000000001]}"
200802_3,2,0.0011106166057288647,ERA5_LAND,WA004,2008,"{""type"":""Point"",""coordinates"":[2.17,13.51]}"
200802_4,2,0.0011106166057288647,ERA5_LAND,WA005,2008,"{""type"":""Point"",""coordinates"":[7.33,9.07]}"
200802_5,2,0.396666020154953,ERA5_LAND,WA006,2008,"{""type"":""Point"",""coordinates"":[-0.17,5.56]}"
200802_6,2,2.056215763092041,ERA5_LAND,WA007,2008,"{""type"":""Point"",""coordinates"":[-3.9299999999999997,5.349999999999999]}"
200802_7,2,0.33467260003089905,ERA5_LAND,WA008,2008,"{""type"":""Point"",""coordinates"":[-13.67,9.53]}"
200802_8,2,1.545227289199829,ERA5_LAND,WA009,2008,"{""type"":""Point"",""coordinates"":[-13.230000000000002,8.489999999999998]}"
200802_9,2,3.9817538261413574,ERA5_LAND,WA010,2008,"{""type"":""Point"",""coordinates"":[-10.799999999999999,6.3]}"
200802_10,2,0.35882067680358887,ERA5_LAND,WA011,2008,"{""type"":""Point"",""coordinates"":[1.22,6.130000000000001]}"
200802_11,2,0.3926761746406555,ERA5_LAND,WA012,2008,"{""type"":""Point"",""coordinates"":[2.42,6.37]}"
200802_12,2,0.0011106166057288647,ERA5_LAND,WA013,2008,"{""type"":""Point"",""coordinates"":[8.52,12.05]}"
200802_13,2,0.9896025657653809,ERA5_LAND,WA014,2008,"{""type"":""Point"",""coordinates"":[-1.62,6.69]}"
200802_14,2,0.017438393086194992,ERA5_LAND,WA015,2008,"{""type"":""Point"",""coordinates"":[-16.680000000000003,13.45]}"
200803_0,3,8.466742583550513E-4,ERA5_LAND,WA001,2008,"{""type"":""Point"",""coordinates"":[-17.470000000000002,14.73]}"
200803_1,3,0.19940175116062164,ERA5_LAND,WA002,2008,"{""type"":""Point"",""coordinates"":[-7.949999999999998,12.65]}"
200803_2,3,0.09229819476604462,ERA5_LAND,WA003,2008,"{""type"":""Point"",""coordinates"":[-1.5200000000000002,12.360000000000001]}"
200803_3,3,8.034128113649786E-4,ERA5_LAND,WA004,2008,"{""type"":""Point"",""coordinates"":[2.17,13.51]}"
200803_4,3,0.19175821542739868,ERA5_LAND,WA005,2008,"{""type"":""Point"",""coordinates"":[7.33,9.07]}"
200803_5,3,1.7627581357955933,ERA5_LAND,WA006,2008,"{""type"":""Point"",""coordinates"":[-0.17,5.56]}"
200803_6,3,4.206275939941406,ERA5_LAND,WA007,2008,"{""type"":""Point"",""coordinates"":[-3.9299999999999997,5.349999999999999]}"
200803_7,3,0.07849180698394775,ERA5_LAND,WA008,2008,"{""type"":""Point"",""coordinates"":[-13.67,9.53]}"
200803_8,3,1.2083568572998047,ERA5_LAND,WA009,2008,"{""type"":""Point"",""coordinates"":[-13.230000000000002,8.489999999999998]}"
200803_9,3,6.3884501457214355,ERA5_LAND,WA010,2008,"{""type"":""Point"",""coordinates"":[-10.799999999999999,6.3]}"
200803_10,3,2.1080162525177,ERA5_LAND,WA011,2008,"{""type"":""Point"",""coordinates"":[1.22,6.130000000000001]}"
200803_11,3,2.773393392562866,ERA5_LAND,WA012,2008,"{""type"":""Point"",""coordinates"":[2.42,6.37]}"
200803_12,3,8.034128113649786E-4,ERA5_LAND,WA013,2008,"{""type"":""Point"",""coordinates"":[8.52,12.05]}"
200803_13,3,3.03981614112854,ERA5_LAND,WA014,2008,"{""type"":""Point"",""coordinates"":[-1.62,6.69]}"
200803_14,3,0.0015307285357266665,ERA5_LAND,WA015,2008,"{""type"":""Point"",""coordinates"":[-16.680000000000003,13.45]}"
200804_0,4,0.0031444423366338015,ERA5_LAND,WA001,2008,"{""type"":""Point"",""coordinates"":[-17.470000000000002,14.73]}"
200804_1,4,0.26782482862472534,ERA5_LAND,WA002,2008,"{""type"":""Point"",""coordinates"":[-7.949999999999998,12.65]}"
200804_2,4,0.03526661545038223,ERA5_LAND,WA003,2008,"{""type"":""Point"",""coordinates"":[-1.5200000000000002,12.360000000000001]}"
200804_3,4,0.0038467077538371086,ERA5_LAND,WA004,2008,"{""type"":""Point"",""coordinates"":[2.17,13.51]}"
200804_4,4,1.9111987352371216,ERA5_LAND,WA005,2008,"{""type"":""Point"",""coordinates"":[7.33,9.07]}"
200804_5,4,2.0910210609436035,ERA5_LAND,WA006,2008,"{""type"":""Point"",""coordinates"":[-0.17,5.56]}"
200804_6,4,5.688418865203857,ERA5_LAND,WA007,2008,"{""type"":""Point"",""coordinates"":[-3.9299999999999997,5.349999999999999]}"
200804_7,4,0.21544744074344635,ERA5_LAND,WA008,2008,"{""type"":""Point"",""coordinates"":[-13.67,9.53]}"
200804_8,4,1.694354772567749,ERA5_LAND,WA009,2008,"{""type"":""Point"",""coordinates"":[-13.230000000000002,8.489999999999998]}"
200804_9,4,7.579502105712891,ERA5_LAND,WA010,2008,"{""type"":""Point"",""coordinates"":[-10.799999999999999,6.3]}"
200804_10,4,2.1940267086029053,ERA5_LAND,WA011,2008,"{""type"":""Point"",""coordinates"":[1.22,6.130000000000001]}"
200804_11,4,2.7302744388580322,ERA5_LAND,WA012,2008,"{""type"":""Point"",""coordinates"":[2.42,6.37]}"
200804_12,4,0.062162306159734726,ERA5_LAND,WA013,2008,"{""type"":""Point"",""coordinates"":[8.52,12.05]}"
200804_13,4,3.102491855621338,ERA5_LAND,WA014,2008,"{""type"":""Point"",""coordinates"":[-1.62,6.69]}"
200804_14,4,0.006656340789049864,ERA5_LAND,WA015,2008,"{""type"":""Point"",""coordinates"":[-16.680000000000003,13.45]}"
200805_0,5,7.196345832198858E-4,ERA5_LAND,WA001,2008,"{""type"":""Point"",""coordinates"":[-17.470000000000002,14.73]}"
200805_1,5,0.8366658687591553,ERA5_LAND,WA002,2008,"{""type"":""Point"",""coordinates"":[-7.949999999999998,12.65]}"
200805_2,5,0.45026877522468567,ERA5_LAND,WA003,2008,"{""type"":""Point"",""coordinates"":[-1.5200000000000002,12.360000000000001]}"
200805_3,5,0.15319252014160156,ERA5_LAND,WA004,2008,"{""type"":""Point"",""coordinates"":[2.17,13.51]}"
200805_4,5,5.178802490234375,ERA5_LAND,WA005,2008,"{""type"":""Point"",""coordinates"":[7.33,9.07]}"
200805_5,5,4.0547194480896,ERA5_LAND,WA006,2008,"{""type"":""Point"",""coordinates"":[-0.17,5.56]}"
200805_6,5,8.762835502624512,ERA5_LAND,WA007,2008,"{""type"":""Point"",""coordinates"":[-3.9299999999999997,5.349999999999999]}"
200805_7,5,3.1218957901000977,ERA5_LAND,WA008,2008,"{""type"":""Point"",""coordinates"":[-13.67,9.53]}"
200805_8,5,7.800832748413086,ERA5_LAND,WA009,2008,"{""type"":""Point"",""coordinates"":[-13.230000000000002,8.489999999999998]}"
200805_9,5,11.16285228729248,ERA5_LAND,WA010,2008,"{""type"":""Point"",""coordinates"":[-10.799999999999999,6.3]}"
200805_10,5,4.241302490234375,ERA5_LAND,WA011,2008,"{""type"":""Point"",""coordinates"":[1.22,6.130000000000001]}"
200805_11,5,5.381033420562744,ERA5_LAND,WA012,2008,"{""type"":""Point"",""coordinates"":[2.42,6.37]}"
200805_12,5,0.3168025314807892,ERA5_LAND,WA013,2008,"{""type"":""Point"",""coordinates"":[8.52,12.05]}"
200805_13,5,4.888966083526611,ERA5_LAND,WA014,2008,"{""type"":""Point"",""coordinates"":[-1.62,6.69]}"
200805_14,5,0.006309677381068468,ERA5_LAND,WA015,2008,"{""type"":""Point"",""coordinates"":[-16.680000000000003,13.45]}"
200806_0,6,0.029352951794862747,ERA5_LAND,WA001,2008,"{""type"":""Point"",""coordinates"":[-17.470000000000002,14.73]}"
200806_1,6,4.490807056427002,ERA5_LAND,WA002,2008,"{""type"":""Point"",""coordinates"":[-7.949999999999998,12.65]}"
200806_2,6,1.5910414457321167,ERA5_LAND,WA003,2008,"{""type"":""Point"",""coordinates"":[-1.5200000000000002,12.360000000000001]}"
200806_3,6,1.843394160270691,ERA5_LAND,WA004,2008,"{""type"":""Point"",""coordinates"":[2.17,13.51]}"
200806_4,6,6.6751389503479,ERA5_LAND,WA005,2008,"{""type"":""Point"",""coordinates"":[7.33,9.07]}"
200806_5,6,4.788074970245361,ERA5_LAND,WA006,2008,"{""type"":""Point"",""coordinates"":[-0.17,5.56]}"
200806_6,6,8.135784149169922,ERA5_LAND,WA007,2008,"{""type"":""Point"",""coordinates"":[-3.9299999999999997,5.349999999999999]}"
200806_7,6,12.39525032043457,ERA5_LAND,WA008,2008,"{""type"":""Point"",""coordinates"":[-13.67,9.53]}"
200806_8,6,12.213582992553711,ERA5_LAND,WA009,2008,"{""type"":""Point"",""coordinates"":[-13.230000000000002,8.489999999999998]}"
200806_9,6,18.077346801757812,ERA5_LAND,WA010,2008,"{""type"":""Point"",""coordinates"":[-10.799999999999999,6.3]}"
200806_10,6,5.437571048736572,ERA5_LAND,WA011,2008,"{""type"":""Point"",""coordinates"":[1.22,6.130000000000001]}"
200806_11,6,7.360229969024658,ERA5_LAND,WA012,2008,"{""type"":""Point"",""coordinates"":[2.42,6.37]}"
200806_12,6,2.3884031772613525,ERA5_LAND,WA013,2008,"{""type"":""Point"",""coordinates"":[8.52,12.05]}"
200806_13,6,4.196649074554443,ERA5_LAND,WA014,2008,"{""type"":""Point"",""coordinates"":[-1.62,6.69]}"
200806_14,6,2.3080849647521973,ERA5_LAND,WA015,2008,"{""type"":""Point"",""coordinates"":[-16.680000000000003,13.45]}"
200807_0,7,2.3260059356689453,ERA5_LAND,WA001,2008,"{""type"":""Point"",""coordinates"":[-17.470000000000002,14.73]}"
200807_1,7,7.086754322052002,ERA5_LAND,WA002,2008,"{""type"":""Point"",""coordinates"":[-7.949999999999998,12.65]}"
200807_2,7,5.1356201171875,ERA5_LAND,WA003,2008,"{""type"":""Point"",""coordinates"":[-1.5200000000000002,12.360000000000001]}"
200807_3,7,0.9726734161376953,ERA5_LAND,WA004,2008,"{""type"":""Point"",""coordinates"":[2.17,13.51]}"
200807_4,7,7.544890880584717,ERA5_LAND,WA005,2008,"{""type"":""Point"",""coordinates"":[7.33,9.07]}"
200807_5,7,3.8479809761047363,ERA5_LAND,WA006,2008,"{""type"":""Point"",""coordinates"":[-0.17,5.56]}"
200807_6,7,12.617653846740723,ERA5_LAND,WA007,2008,"{""type"":""Point"",""coordinates"":[-3.9299999999999997,5.349999999999999]}"
200807_7,7,20.787723541259766,ERA5_LAND,WA008,2008,"{""type"":""Point"",""coordinates"":[-13.67,9.53]}"
200807_8,7,26.80122184753418,ERA5_LAND,WA009,2008,"{""type"":""Point"",""coordinates"":[-13.230000000000002,8.489999999999998]}"
200807_9,7,17.434450149536133,ERA5_LAND,WA010,2008,"{""type"":""Point"",""coordinates"":[-10.799999999999999,6.3]}"
200807_10,7,4.2046217918396,ERA5_LAND,WA011,2008,"{""type"":""Point"",""coordinates"":[1.22,6.130000000000001]}"
200807_11,7,7.619852066040039,ERA5_LAND,WA012,2008,"{""type"":""Point"",""coordinates"":[2.42,6.37]}"
200807_12,7,4.950315952301025,ERA5_LAND,WA013,2008,"{""type"":""Point"",""coordinates"":[8.52,12.05]}"
200807_13,7,5.7015061378479,ERA5_LAND,WA014,2008,"{""type"":""Point"",""coordinates"":[-1.62,6.69]}"
200807_14,7,7.320284366607666,ERA5_LAND,WA015,2008,"{""type"":""Point"",""coordinates"":[-16.680000000000003,13.45]}"
200808_0,8,5.452236652374268,ERA5_LAND,WA001,2008,"{""type"":""Point"",""coordinates"":[-17.470000000000002,14.73]}"
200808_1,8,7.462532997131348,ERA5_LAND,WA002,2008,"{""type"":""Point"",""coordinates"":[-7.949999999999998,12.65]}"
200808_2,8,6.4986443519592285,ERA5_LAND,WA003,2008,"{""type"":""Point"",""coordinates"":[-1.5200000000000002,12.360000000000001]}"
200808_3,8,3.82731294631958,ERA5_LAND,WA004,2008,"{""type"":""Point"",""coordinates"":[2.17,13.51]}"
200808_4,8,11.384551048278809,ERA5_LAND,WA005,2008,"{""type"":""Point"",""coordinates"":[7.33,9.07]}"
200808_5,8,2.6016340255737305,ERA5_LAND,WA006,2008,"{""type"":""Point"",""coordinates"":[-0.17,5.56]}"
200808_6,8,3.9668755531311035,ERA5_LAND,WA007,2008,"{""type"":""Point"",""coordinates"":[-3.9299999999999997,5.349999999999999]}"
200808_7,8,28.02690887451172,ERA5_LAND,WA008,2008,"{""type"":""Point"",""coordinates"":[-13.67,9.53]}"
200808_8,8,17.654802322387695,ERA5_LAND,WA009,2008,"{""type"":""Point"",""coordinates"":[-13.230000000000002,8.489999999999998]}"
200808_9,8,13.236307144165039,ERA5_LAND,WA010,2008,"{""type"":""Point"",""coordinates"":[-10.799999999999999,6.3]}"
200808_10,8,3.415306568145752,ERA5_LAND,WA011,2008,"{""type"":""Point"",""coordinates"":[1.22,6.130000000000001]}"
200808_11,8,5.12169075012207,ERA5_LAND,WA012,2008,"{""type"":""Point"",""coordinates"":[2.42,6.37]}"
200808_12,8,7.699405670166016,ERA5_LAND,WA013,2008,"{""type"":""Point"",""coordinates"":[8.52,12.05]}"
200808_13,8,4.866038799285889,ERA5_LAND,WA014,2008,"{""type"":""Point"",""coordinates"":[-1.62,6.69]}"
200808_14,8,12.07314395904541,ERA5_LAND,WA015,2008,"{""type"":""Point"",""coordinates"":[-16.680000000000003,13.45]}"
200809_0,9,1.9600560665130615,ERA5_LAND,WA001,2008,"{""type"":""Point"",""coordinates"":[-17.470000000000002,14.73]}"
200809_1,9,4.9425506591796875,ERA5_LAND,WA002,2008,"{""type"":""Point"",""coordinates"":[-7.949999999999998,12.65]}"
200809_2,9,3.05810284614563,ERA5_LAND,WA003,2008,"{""type"":""Point"",""coordinates"":[-1.5200000000000002,12.360000000000001]}"
200809_3,9,0.7007935643196106,ERA5_LAND,WA004,2008,"{""type"":""Point"",""coordinates"":[2.17,13.51]}"
200809_4,9,8.37259292602539,ERA5_LAND,WA005,2008,"{""type"":""Point"",""coordinates"":[7.33,9.07]}"
200809_5,9,3.1966845989227295,ERA5_LAND,WA006,2008,"{""type"":""Point"",""coordinates"":[-0.17,5.56]}"
200809_6,9,6.051064968109131,ERA5_LAND,WA007,2008,"{""type"":""Point"",""coordinates"":[-3.9299999999999997,5.349999999999999]}"
200809_7,9,12.790166854858398,ERA5_LAND,WA008,2008,"{""type"":""Point"",""coordinates"":[-13.67,9.53]}"
200809_8,9,12.392504692077637,ERA5_LAND,WA009,2008,"{""type"":""Point"",""coordinates"":[-13.230000000000002,8.489999999999998]}"
200809_9,9,16.425596237182617,ERA5_LAND,WA010,2008,"{""type"":""Point"",""coordinates"":[-10.799999999999999,6.3]}"
200809_10,9,3.8092422485351562,ERA5_LAND,WA011,2008,"{""type"":""Point"",""coordinates"":[1.22,6.130000000000001]}"
200809_11,9,4.626603603363037,ERA5_LAND,WA012,2008,"{""type"":""Point"",""coordinates"":[2.42,6.37]}"
200809_12,9,3.223848819732666,ERA5_LAND,WA013,2008,"{""type"":""Point"",""coordinates"":[8.52,12.05]}"
200809_13,9,5.898921012878418,ERA5_LAND,WA014,2008,"{""type"":""Point"",""coordinates"":[-1.62,6.69]}"
200809_14,9,5.626850128173828,ERA5_LAND,WA015,2008,"{""type"":""Point"",""coordinates"":[-16.680000000000003,13.45]}"
200810_0,10,0.5585305094718933,ERA5_LAND,WA001,2008,"{""type"":""Point"",""coordinates"":[-17.470000000000002,14.73]}"
200810_1,10,1.8462486267089844,ERA5_LAND,WA002,2008,"{""type"":""Point"",""coordinates"":[-7.949999999999998,12.65]}"
200810_2,10,1.498823642730713,ERA5_LAND,WA003,2008,"{""type"":""Point"",""coordinates"":[-1.5200000000000002,12.360000000000001]}"
200810_3,10,0.3798027038574219,ERA5_LAND,WA004,2008,"{""type"":""Point"",""coordinates"":[2.17,13.51]}"
200810_4,10,4.645218372344971,ERA5_LAND,WA005,2008,"{""type"":""Point"",""coordinates"":[7.33,9.07]}"
200810_5,10,2.35687518119812,ERA5_LAND,WA006,2008,"{""type"":""Point"",""coordinates"":[-0.17,5.56]}"
200810_6,10,4.0927863121032715,ERA5_LAND,WA007,2008,"{""type"":""Point"",""coordinates"":[-3.9299999999999997,5.349999999999999]}"
200810_7,10,7.555538177490234,ERA5_LAND,WA008,2008,"{""type"":""Point"",""coordinates"":[-13.67,9.53]}"
200810_8,10,8.444750785827637,ERA5_LAND,WA009,2008,"{""type"":""Point"",""coordinates"":[-13.230000000000002,8.489999999999998]}"
200810_9,10,14.48089599609375,ERA5_LAND,WA010,2008,"{""type"":""Point"",""coordinates"":[-10.799999999999999,6.3]}"
200810_10,10,2.7564597129821777,ERA5_LAND,WA011,2008,"{""type"":""Point"",""coordinates"":[1.22,6.130000000000001]}"
200810_11,10,3.6849937438964844,ERA5_LAND,WA012,2008,"{""type"":""Point"",""coordinates"":[2.42,6.37]}"
200810_12,10,0.22645626962184906,ERA5_LAND,WA013,2008,"{""type"":""Point"",""coordinates"":[8.52,12.05]}"
200810_13,10,3.098522663116455,ERA5_LAND,WA014,2008,"{""type"":""Point"",""coordinates"":[-1.62,6.69]}"
200810_14,10,2.275817632675171,ERA5_LAND,WA015,2008,"{""type"":""Point"",""coordinates"":[-16.680000000000003,13.45]}"
200811_0,11,9.890001965686679E-4,ERA5_LAND,WA001,2008,"{""type"":""Point"",""coordinates"":[-17.470000000000002,14.73]}"
200811_1,11,0.0027557609137147665,ERA5_LAND,WA002,2008,"{""type"":""Point"",""coordinates"":[-7.949999999999998,12.65]}"
200811_2,11,9.890001965686679E-4,ERA5_LAND,WA003,2008,"{""type"":""Point"",""coordinates"":[-1.5200000000000002,12.360000000000001]}"
200811_3,11,9.890001965686679E-4,ERA5_LAND,WA004,2008,"{""type"":""Point"",""coordinates"":[2.17,13.51]}"
200811_4,11,0.024282781407237053,ERA5_LAND,WA005,2008,"{""type"":""Point"",""coordinates"":[7.33,9.07]}"
200811_5,11,1.2624468803405762,ERA5_LAND,WA006,2008,"{""type"":""Point"",""coordinates"":[-0.17,5.56]}"
200811_6,11,3.8836586475372314,ERA5_LAND,WA007,2008,"{""type"":""Point"",""coordinates"":[-3.9299999999999997,5.349999999999999]}"
200811_7,11,1.4992228746414185,ERA5_LAND,WA008,2008,"{""type"":""Point"",""coordinates"":[-13.67,9.53]}"
200811_8,11,2.098947286605835,ERA5_LAND,WA009,2008,"{""type"":""Point"",""coordinates"":[-13.230000000000002,8.489999999999998]}"
200811_9,11,4.60988187789917,ERA5_LAND,WA010,2008,"{""type"":""Point"",""coordinates"":[-10.799999999999999,6.3]}"
200811_10,11,1.466567873954773,ERA5_LAND,WA011,2008,"{""type"":""Point"",""coordinates"":[1.22,6.130000000000001]}"
200811_11,11,1.850451946258545,ERA5_LAND,WA012,2008,"{""type"":""Point"",""coordinates"":[2.42,6.37]}"
200811_12,11,9.890001965686679E-4,ERA5_LAND,WA013,2008,"{""type"":""Point"",""coordinates"":[8.52,12.05]}"
200811_13,11,1.3035255670547485,ERA5_LAND,WA014,2008,"{""type"":""Point"",""coordinates"":[-1.62,6.69]}"
200811_14,11,0.001002186443656683,ERA5_LAND,WA015,2008,"{""type"":""Point"",""coordinates"":[-16.680000000000003,13.45]}"
200812_0,12,0.0023300033062696457,ERA5_LAND,WA001,2008,"{""type"":""Point"",""coordinates"":[-17.470000000000002,14.73]}"
200812_1,12,0.009720465168356895,ERA5_LAND,WA002,2008,"{""type"":""Point"",""coordinates"":[-7.949999999999998,12.65]}"
200812_2,12,7.792033138684928E-4,ERA5_LAND,WA003,2008,"{""type"":""Point"",""coordinates"":[-1.5200000000000002,12.360000000000001]}"
200812_3,12,7.754757534712553E-4,ERA5_LAND,WA004,2008,"{""type"":""Point"",""coordinates"":[2.17,13.51]}"
200812_4,12,0.6664188504219055,ERA5_LAND,WA005,2008,"{""type"":""Point"",""coordinates"":[7.33,9.07]}"
200812_5,12,1.4537568092346191,ERA5_LAND,WA006,2008,"{""type"":""Point"",""coordinates"":[-0.17,5.56]}"
200812_6,12,4.821652889251709,ERA5_LAND,WA007,2008,"{""type"":""Point"",""coordinates"":[-3.9299999999999997,5.349999999999999]}"
200812_7,12,0.7483872771263123,ERA5_LAND,WA008,2008,"{""type"":""Point"",""coordinates"":[-13.67,9.53]}"
200812_8,12,2.4136765003204346,ERA5_LAND,WA009,2008,"{""type"":""Point"",""coordinates"":[-13.230000000000002,8.489999999999998]}"
200812_9,12,5.486110687255859,ERA5_LAND,WA010,2008,"{""type"":""Point"",""coordinates"":[-10.799999999999999,6.3]}"
200812_10,12,1.597246527671814,ERA5_LAND,WA011,2008,"{""type"":""Point"",""coordinates"":[1.22,6.130000000000001]}"
200812_11,12,2.20359206199646,ERA5_LAND,WA012,2008,"{""type"":""Point"",""coordinates"":[2.42,6.37]}"
200812_12,12,0.0018560918979346752,ERA5_LAND,WA013,2008,"{""type"":""Point"",""coordinates"":[8.52,12.05]}"
200812_13,12,1.6819987297058105,ERA5_LAND,WA014,2008,"{""type"":""Point"",""coordinates"":[-1.62,6.69]}"
200812_14,12,9.149392135441303E-4,ERA5_LAND,WA015,2008,"{""type"":""Point"",""coordinates"":[-16.680000000000003,13.45]}"
200901_0,1,0.0010936347534880042,ERA5_LAND,WA001,2009,"{""type"":""Point"",""coordinates"":[-17.470000000000002,14.73]}"
200901_1,1,0.0010936347534880042,ERA5_LAND,WA002,2009,"{""type"":""Point"",""coordinates"":[-7.949999999999998,12.65]}"
200901_2,1,0.0010936347534880042,ERA5_LAND,WA003,2009,"{""type"":""Point"",""coordinates"":[-1.5200000000000002,12.360000000000001]}"
200901_3,1,0.0011313443537801504,ERA5_LAND,WA004,2009,"{""type"":""Point"",""coordinates"":[2.17,13.51]}"
200901_4,1,0.06396277248859406,ERA5_LAND,WA005,2009,"{""type"":""Point"",""coordinates"":[7.33,9.07]}"
200901_5,1,0.6015701293945312,ERA5_LAND,WA006,2009,"{""type"":""Point"",""coordinates"":[-0.17,5.56]}"
200901_6,1,2.8696248531341553,ERA5_LAND,WA007,2009,"{""type"":""Point"",""coordinates"":[-3.9299999999999997,5.349999999999999]}"
200901_7,1,0.16031421720981598,ERA5_LAND,WA008,2009,"{""type"":""Point"",""coordinates"":[-13.67,9.53]}"
200901_8,1,0.5043581128120422,ERA5_LAND,WA009,2009,"{""type"":""Point"",""coordinates"":[-13.230000000000002,8.489999999999998]}"
200901_9,1,2.8079171180725098,ERA5_LAND,WA010,2009,"{""type"":""Point"",""coordinates"":[-10.799999999999999,6.3]}"
200901_10,1,0.943906307220459,ERA5_LAND,WA011,2009,"{""type"":""Point"",""coordinates"":[1.22,6.130000000000001]}"
200901_11,1,1.2924026250839233,ERA5_LAND,WA012,2009,"{""type"":""Point"",""coordinates"":[2.42,6.37]}"
200901_12,1,0.0010936347534880042,ERA5_LAND,WA013,2009,"{""type"":""Point"",""coordinates"":[8.52,12.05]}"
200901_13,1,0.351516991853714,ERA5_LAND,WA014,2009,"{""type"":""Point"",""coordinates"":[-1.62,6.69]}"
200901_14,1,0.00489074969664216,ERA5_LAND,WA015,2009,"{""type"":""Point"",""coordinates"":[-16.680000000000003,13.45]}"
200902_0,2,0.0010577779030427337,ERA5_LAND,WA001,2009,"{""type"":""Point"",""coordinates"":[-17.470000000000002,14.73]}"
200902_1,2,0.46003299951553345,ERA5_LAND,WA002,2009,"{""type"":""Point"",""coordinates"":[-7.949999999999998,12.65]}"
200902_2,2,0.3229094445705414,ERA5_LAND,WA003,2009,"{""type"":""Point"",""coordinates"":[-1.5200000000000002,12.360000000000001]}"
200902_3,2,0.0010577779030427337,ERA5_LAND,WA004,2009,"{""type"":""Point"",""coordinates"":[2.17,13.51]}"
200902_4,2,0.037838757038116455,ERA5_LAND,WA005,2009,"{""type"":""Point"",""coordinates"":[7.33,9.07]}"
200902_5,2,0.822654664516449,ERA5_LAND,WA006,2009,"{""type"":""Point"",""coordinates"":[-0.17,5.56]}"
200902_6,2,4.007845401763916,ERA5_LAND,WA007,2009,"{""type"":""Point"",""coordinates"":[-3.9299999999999997,5.349999999999999]}"
200902_7,2,0.006093755830079317,ERA5_LAND,WA008,2009,"{""type"":""Point"",""coordinates"":[-13.67,9.53]}"
200902_8,2,0.030738208442926407,ERA5_LAND,WA009,2009,"{""type"":""Point"",""coordinates"":[-13.230000000000002,8.489999999999998]}"
200902_9,2,4.048604965209961,ERA5_LAND,WA010,2009,"{""type"":""Point"",""coordinates"":[-10.799999999999999,6.3]}"
200902_10,2,0.8232527375221252,ERA5_LAND,WA011,2009,"{""type"":""Point"",""coordinates"":[1.22,6.130000000000001]}"
200902_11,2,1.29905366897583,ERA5_LAND,WA012,2009,"{""type"":""Point"",""coordinates"":[2.42,6.37]}"
200902_12,2,0.0010577779030427337,ERA5_LAND,WA013,2009,"{""type"":""Point"",""coordinates"":[8.52,12.05]}"
200902_13,2,2.400818347930908,ERA5_LAND,WA014,2009,"{""type"":""Point"",""coordinates"":[-1.62,6.69]}"
200902_14,2,0.012028646655380726,ERA5_LAND,WA015,2009,"{""type"":""Point"",""coordinates"":[-16.680000000000003,13.45]}"
200903_0,3,0.003320258343592286,ERA5_LAND,WA001,2009,"{""type"":""Point"",""coordinates"":[-17.470000000000002,14.73]}"
200903_1,3,0.1833270639181137,ERA5_LAND,WA002,2009,"{""type"":""Point"",""coordinates"":[-7.949999999999998,12.65]}"
200903_2,3,0.01729765720665455,ERA5_LAND,WA003,2009,"{""type"":""Point"",""coordinates"":[-1.5200000000000002,12.360000000000001]}"
200903_3,3,0.002178579568862915,ERA5_LAND,WA004,2009,"{""type"":""Point"",""coordinates"":[2.17,13.51]}"
200903_4,3,0.1604112684726715,ERA5_LAND,WA005,2009,"{""type"":""Point"",""coordinates"":[7.33,9.07]}"
200903_5,3,1.1945645809173584,ERA5_LAND,WA006,2009,"{""type"":""Point"",""coordinates"":[-0.17,5.56]}"
200903_6,3,4.577436447143555,ERA5_LAND,WA007,2009,"{""type"":""Point"",""coordinates"":[-3.9299999999999997,5.349999999999999]}"
200903_7,3,0.0288813766092062,ERA5_LAND,WA008,2009,"{""type"":""Point"",""coordinates"":[-13.67,9.53]}"
200903_8,3,0.15726111829280853,ERA5_LAND,WA009,2009,"{""type"":""Point"",""coordinates"":[-13.230000000000002,8.489999999999998]}"
200903_9,3,3.024186849594116,ERA5_LAND,WA010,2009,"{""type"":""Point"",""coordinates"":[-10.799999999999999,6.3]}"
200903_10,3,1.179539680480957,ERA5_LAND,WA011,2009,"{""type"":""Point"",""coordinates"":[1.22,6.130000000000001]}"
200903_11,3,1.470089316368103,ERA5_LAND,WA012,2009,"{""type"":""Point"",""coordinates"":[2.42,6.37]}"
200903_12,3,9.675571927800775E-4,ERA5_LAND,WA013,2009,"{""type"":""Point"",""coordinates"":[8.52,12.05]}"
200903_13,3,3.3824987411499023,ERA5_LAND,WA014,2009,"{""type"":""Point"",""coordinates"":[-1.62,6.69]}"
200903_14,3,0.020094849169254303,ERA5_LAND,WA015,2009,"{""type"":""Point"",""coordinates"":[-16.680000000000003,13.45]}"
200904_0,4,0.0010138357756659389,ERA5_LAND,WA001,2009,"{""type"":""Point"",""coordinates"":[-17.470000000000002,14.73]}"
200904_1,4,0.0969638079404831,ERA5_LAND,WA002,2009,"{""type"":""Point"",""coordinates"":[-7.949999999999998,12.65]}"
200904_2,4,0.10525502264499664,ERA5_LAND,WA003,2009,"{""type"":""Point"",""coordinates"":[-1.5200000000000002,12.360000000000001]}"
200904_3,4,0.003953416366130114,ERA5_LAND,WA004,2009,"{""type"":""Point"",""coordinates"":[2.17,13.51]}"
200904_4,4,3.482879638671875,ERA5_LAND,WA005,2009,"{""type"":""Point"",""coordinates"":[7.33,9.07]}"
200904_5,4,1.052489161491394,ERA5_LAND,WA006,2009,"{""type"":""Point"",""coordinates"":[-0.17,5.56]}"
200904_6,4,3.2899584770202637,ERA5_LAND,WA007,2009,"{""type"":""Point"",""coordinates"":[-3.9299999999999997,5.349999999999999]}"
200904_7,4,0.005762768443673849,ERA5_LAND,WA008,2009,"{""type"":""Point"",""coordinates"":[-13.67,9.53]}"
200904_8,4,0.08277113735675812,ERA5_LAND,WA009,2009,"{""type"":""Point"",""coordinates"":[-13.230000000000002,8.489999999999998]}"
200904_9,4,2.7220542430877686,ERA5_LAND,WA010,2009,"{""type"":""Point"",""coordinates"":[-10.799999999999999,6.3]}"
200904_10,4,1.6542540788650513,ERA5_LAND,WA011,2009,"{""type"":""Point"",""coordinates"":[1.22,6.130000000000001]}"
200904_11,4,1.8937684297561646,ERA5_LAND,WA012,2009,"{""type"":""Point"",""coordinates"":[2.42,6.37]}"
200904_12,4,0.039072390645742416,ERA5_LAND,WA013,2009,"{""type"":""Point"",""coordinates"":[8.52,12.05]}"
200904_13,4,2.704040050506592,ERA5_LAND,WA014,2009,"{""type"":""Point"",""coordinates"":[-1.62,6.69]}"
200904_14,4,0.0010149780428037047,ERA5_LAND,WA015,2009,"{""type"":""Point"",""coordinates"":[-16.680000000000003,13.45]}"
200905_0,5,0.006060097366571426,ERA5_LAND,WA001,2009,"{""type"":""Point"",""coordinates"":[-17.470000000000002,14.73]}"
200905_1,5,0.3439945876598358,ERA5_LAND,WA002,2009,"{""type"":""Point"",""coordinates"":[-7.949999999999998,12.65]}"
200905_2,5,0.38761985301971436,ERA5_LAND,WA003,2009,"{""type"":""Point"",""coordinates"":[-1.5200000000000002,12.360000000000001]}"
200905_3,5,0.06176001951098442,ERA5_LAND,WA004,2009,"{""type"":""Point"",""coordinates"":[2.17,13.51]}"
200905_4,5,4.658829212188721,ERA5_LAND,WA005,2009,"{""type"":""Point"",""coordinates"":[7.33,9.07]}"
200905_5,5,3.7721941471099854,ERA5_LAND,WA006,2009,"{""type"":""Point"",""coordinates"":[-0.17,5.56]}"
200905_6,5,8.042230606079102,ERA5_LAND,WA007,2009,"{""type"":""Point"",""coordinates"":[-3.9299999999999997,5.349999999999999]}"
200905_7,5,0.5899989008903503,ERA5_LAND,WA008,2009,"{""type"":""Point"",""coordinates"":[-13.67,9.53]}"
200905_8,5,1.5311435461044312,ERA5_LAND,WA009,2009,"{""type"":""Point"",""coordinates"":[-13.230000000000002,8.489999999999998]}"
200905_9,5,6.617663383483887,ERA5_LAND,WA010,2009,"{""type"":""Point"",""coordinates"":[-10.799999999999999,6.3]}"
200905_10,5,4.460278511047363,ERA5_LAND,WA011,2009,"{""type"":""Point"",""coordinates"":[1.22,6.130000000000001]}"
200905_11,5,4.33400297164917,ERA5_LAND,WA012,2009,"{""type"":""Point"",""coordinates"":[2.42,6.37]}"
200905_12,5,0.46272486448287964,ERA5_LAND,WA013,2009,"{""type"":""Point"",""coordinates"":[8.52,12.05]}"
200905_13,5,3.894378423690796,ERA5_LAND,WA014,2009,"{""type"":""Point"",""coordinates"":[-1.62,6.69]}"
200905_14,5,0.001854922971688211,ERA5_LAND,WA015,2009,"{""type"":""Point"",""coordinates"":[-16.680000000000003,13.45]}"
200906_0,6,0.013978183269500732,ERA5_LAND,WA001,2009,"{""type"":""Point"",""coordinates"":[-17.470000000000002,14.73]}"
200906_1,6,3.2955431938171387,ERA5_LAND,WA002,2009,"{""type"":""Point"",""coordinates"":[-7.949999999999998,12.65]}"
200906_2,6,1.5747802257537842,ERA5_LAND,WA003,2009,"{""type"":""Point"",""coordinates"":[-1.5200000000000002,12.360000000000001]}"
200906_3,6,0.8591881394386292,ERA5_LAND,WA004,2009,"{""type"":""Point"",""coordinates"":[2.17,13.51]}"
200906_4,6,7.6026153564453125,ERA5_LAND,WA005,2009,"{""type"":""Point"",""coordinates"":[7.33,9.07]}"
200906_5,6,8.866682052612305,ERA5_LAND,WA006,2009,"{""type"":""Point"",""coordinates"":[-0.17,5.56]}"
200906_6,6,9.669342994689941,ERA5_LAND,WA007,2009,"{""type"":""Point"",""coordinates"":[-3.9299999999999997,5.349999999999999]}"
200906_7,6,8.825121879577637,ERA5_LAND,WA008,2009,"{""type"":""Point"",""coordinates"":[-13.67,9.53]}"
200906_8,6,13.122932434082031,ERA5_LAND,WA009,2009,"{""type"":""Point"",""coordinates"":[-13.230000000000002,8.489999999999998]}"
200906_9,6,12.631268501281738,ERA5_LAND,WA010,2009,"{""type"":""Point"",""coordinates"":[-10.799999999999999,6.3]}"
200906_10,6,10.513848304748535,ERA5_LAND,WA011,2009,"{""type"":""Point"",""coordinates"":[1.22,6.130000000000001]}"
200906_11,6,11.605864524841309,ERA5_LAND,WA012,2009,"{""type"":""Point"",""coordinates"":[2.42,6.37]}"
200906_12,6,1.4767117500305176,ERA5_LAND,WA013,2009,"{""type"":""Point"",""coordinates"":[8.52,12.05]}"
200906_13,6,6.504269599914551,ERA5_LAND,WA014,2009,"{""type"":""Point"",""coordinates"":[-1.62,6.69]}"
200906_14,6,0.6047303080558777,ERA5_LAND,WA015,2009,"{""type"":""Point"",""coordinates"":[-16.680000000000003,13.45]}"
200907_0,7,1.1685258150100708,ERA5_LAND,WA001,2009,"{""type"":""Point"",""coordinates"":[-17.470000000000002,14.73]}"
200907_1,7,6.047983169555664,ERA5_LAND,WA002,2009,"{""type"":""Point"",""coordinates"":[-7.949999999999998,12.65]}"
200907_2,7,2.7791903018951416,ERA5_LAND,WA003,2009,"{""type"":""Point"",""coordinates"":[-1.5200000000000002,12.360000000000001]}"
200907_3,7,0.7041164040565491,ERA5_LAND,WA004,2009,"{""type"":""Point"",""coordinates"":[2.17,13.51]}"
200907_4,7,8.66987133026123,ERA5_LAND,WA005,2009,"{""type"":""Point"",""coordinates"":[7.33,9.07]}"
200907_5,7,3.7475929260253906,ERA5_LAND,WA006,2009,"{""type"":""Point"",""coordinates"":[-0.17,5.56]}"
200907_6,7,6.80012845993042,ERA5_LAND,WA007,2009,"{""type"":""Point"",""coordinates"":[-3.9299999999999997,5.349999999999999]}"
200907_7,7,10.889756202697754,ERA5_LAND,WA008,2009,"{""type"":""Point"",""coordinates"":[-13.67,9.53]}"
200907_8,7,11.988893508911133,ERA5_LAND,WA009,2009,"{""type"":""Point"",""coordinates"":[-13.230000000000002,8.489999999999998]}"
200907_9,7,8.423460006713867,ERA5_LAND,WA010,2009,"{""type"":""Point"",""coordinates"":[-10.799999999999999,6.3]}"
200907_10,7,4.568576812744141,ERA5_LAND,WA011,2009,"{""type"":""Point"",""coordinates"":[1.22,6.130000000000001]}"
200907_11,7,4.4485087394714355,ERA5_LAND,WA012,2009,"{""type"":""Point"",""coordinates"":[2.42,6.37]}"
200907_12,7,3.933349370956421,ERA5_LAND,WA013,2009,"{""type"":""Point"",""coordinates"":[8.52,12.05]}"
200907_13,7,9.467198371887207,ERA5_LAND,WA014,2009,"{""type"":""Point"",""coordinates"":[-1.62,6.69]}"
200907_14,7,4.407662868499756,ERA5_LAND,WA015,2009,"{""type"":""Point"",""coordinates"":[-16.680000000000003,13.45]}"
200908_0,8,4.161882400512695,ERA5_LAND,WA001,2009,"{""type"":""Point"",""coordinates"":[-17.470000000000002,14.73]}"
200908_1,8,8.655362129211426,ERA5_LAND,WA002,2009,"{""type"":""Point"",""coordinates"":[-7.949999999999998,12.65]}"
200908_2,8,4.849936485290527,ERA5_LAND,WA003,2009,"{""type"":""Point"",""coordinates"":[-1.5200000000000002,12.360000000000001]}"
200908_3,8,2.1627655029296875,ERA5_LAND,WA004,2009,"{""type"":""Point"",""coordinates"":[2.17,13.51]}"
200908_4,8,13.802413940429688,ERA5_LAND,WA005,2009,"{""type"":""Point"",""coordinates"":[7.33,9.07]}"
200908_5,8,1.8810889720916748,ERA5_LAND,WA006,2009,"{""type"":""Point"",""coordinates"":[-0.17,5.56]}"
200908_6,8,2.2169413566589355,ERA5_LAND,WA007,2009,"{""type"":""Point"",""coordinates"":[-3.9299999999999997,5.349999999999999]}"
200908_7,8,29.166406631469727,ERA5_LAND,WA008,2009,"{""type"":""Point"",""coordinates"":[-13.67,9.53]}"
200908_8,8,25.84239959716797,ERA5_LAND,WA009,2009,"{""type"":""Point"",""coordinates"":[-13.230000000000002,8.489999999999998]}"
200908_9,8,17.69366455078125,ERA5_LAND,WA010,2009,"{""type"":""Point"",""coordinates"":[-10.799999999999999,6.3]}"
200908_10,8,1.6717246770858765,ERA5_LAND,WA011,2009,"{""type"":""Point"",""coordinates"":[1.22,6.130000000000001]}"
200908_11,8,1.5852130651474,ERA5_LAND,WA012,2009,"{""type"":""Point"",""coordinates"":[2.42,6.37]}"
200908_12,8,7.065846920013428,ERA5_LAND,WA013,2009,"{""type"":""Point"",""coordinates"":[8.52,12.05]}"
200908_13,8,3.452828884124756,ERA5_LAND,WA014,2009,"{""type"":""Point"",""coordinates"":[-1.62,6.69]}"
200908_14,8,10.45253849029541,ERA5_LAND,WA015,2009,"{""type"":""Point"",""coordinates"":[-16.680000000000003,13.45]}"
200909_0,9,3.252626895904541,ERA5_LAND,WA001,2009,"{""type"":""Point"",""coordinates"":[-17.470000000000002,14.73]}"
200909_1,9,5.34342622756958,ERA5_LAND,WA002,2009,"{""type"":""Point"",""coordinates"":[-7.949999999999998,12.65]}"
200909_2,9,5.4585041999816895,ERA5_LAND,WA003,2009,"{""type"":""Point"",""coordinates"":[-1.5200000000000002,12.360000000000001]}"
200909_3,9,1.7298190593719482,ERA5_LAND,WA004,2009,"{""type"":""Point"",""coordinates"":[2.17,13.51]}"
200909_4,9,9.2769775390625,ERA5_LAND,WA005,2009,"{""type"":""Point"",""coordinates"":[7.33,9.07]}"
200909_5,9,1.1140854358673096,ERA5_LAND,WA006,2009,"{""type"":""Point"",""coordinates"":[-0.17,5.56]}"
200909_6,9,2.165757417678833,ERA5_LAND,WA007,2009,"{""type"":""Point"",""coordinates"":[-3.9299999999999997,5.349999999999999]}"
200909_7,9,21.001848220825195,ERA5_LAND,WA008,2009,"{""type"":""Point"",""coordinates"":[-13.67,9.53]}"
200909_8,9,12.506143569946289,ERA5_LAND,WA009,2009,"{""type"":""Point"",""coordinates"":[-13.230000000000002,8.489999999999998]}"
200909_9,9,10.839896202087402,ERA5_LAND,WA010,2009,"{""type"":""Point"",""coordinates"":[-10.799999999999999,6.3]}"
200909_10,9,2.137199640274048,ERA5_LAND,WA011,2009,"{""type"":""Point"",""coordinates"":[1.22,6.130000000000001]}"
200909_11,9,1.9359170198440552,ERA5_LAND,WA012,2009,"{""type"":""Point"",""coordinates"":[2.42,6.37]}"
200909_12,9,2.3628151416778564,ERA5_LAND,WA013,2009,"{""type"":""Point"",""coordinates"":[8.52,12.05]}"
200909_13,9,2.5932252407073975,ERA5_LAND,WA014,2009,"{""type"":""Point"",""coordinates"":[-1.62,6.69]}"
200909_14,9,8.105171203613281,ERA5_LAND,WA015,2009,"{""type"":""Point"",""coordinates"":[-16.680000000000003,13.45]}"
200910_0,10,0.9333142638206482,ERA5_LAND,WA001,2009,"{""type"":""Point"",""coordinates"":[-17.470000000000002,14.73]}"
200910_1,10,1.4401514530181885,ERA5_LAND,WA002,2009,"{""type"":""Point"",""coordinates"":[-7.949999999999998,12.65]}"
200910_2,10,1.1852805614471436,ERA5_LAND,WA003,2009,"{""type"":""Point"",""coordinates"":[-1.5200000000000002,12.360000000000001]}"
200910_3,10,0.5733606815338135,ERA5_LAND,WA004,2009,"{""type"":""Point"",""coordinates"":[2.17,13.51]}"
200910_4,10,5.771938800811768,ERA5_LAND,WA005,2009,"{""type"":""Point"",""coordinates"":[7.33,9.07]}"
200910_5,10,1.8306834697723389,ERA5_LAND,WA006,2009,"{""type"":""Point"",""coordinates"":[-0.17,5.56]}"
200910_6,10,3.068570137023926,ERA5_LAND,WA007,2009,"{""type"":""Point"",""coordinates"":[-3.9299999999999997,5.349999999999999]}"
200910_7,10,7.4686689376831055,ERA5_LAND,WA008,2009,"{""type"":""Point"",""coordinates"":[-13.67,9.53]}"
200910_8,10,12.567741394042969,ERA5_LAND,WA009,2009,"{""type"":""Point"",""coordinates"":[-13.230000000000002,8.489999999999998]}"
200910_9,10,8.37192440032959,ERA5_LAND,WA010,2009,"{""type"":""Point"",""coordinates"":[-10.799999999999999,6.3]}"
200910_10,10,2.8104686737060547,ERA5_LAND,WA011,2009,"{""type"":""Point"",""coordinates"":[1.22,6.130000000000001]}"
200910_11,10,3.9225425720214844,ERA5_LAND,WA012,2009,"{""type"":""Point"",""coordinates"":[2.42,6.37]}"
200910_12,10,0.3895212411880493,ERA5_LAND,WA013,2009,"{""type"":""Point"",""coordinates"":[8.52,12.05]}"
200910_13,10,2.9714739322662354,ERA5_LAND,WA014,2009,"{""type"":""Point"",""coordinates"":[-1.62,6.69]}"
200910_14,10,2.045750379562378,ERA5_LAND,WA015,2009,"{""type"":""Point"",""coordinates"":[-16.680000000000003,13.45]}"
200911_0,11,0.19208605587482452,ERA5_LAND,WA001,2009,"{""type"":""Point"",""coordinates"":[-17.470000000000002,14.73]}"
200911_1,11,0.822690486907959,ERA5_LAND,WA002,2009,"{""type"":""Point"",""coordinates"":[-7.949999999999998,12.65]}"
200911_2,11,0.0010840307222679257,ERA5_LAND,WA003,2009,"{""type"":""Point"",""coordinates"":[-1.5200000000000002,12.360000000000001]}"
200911_3,11,7.278291159309447E-4,ERA5_LAND,WA004,2009,"{""type"":""Point"",""coordinates"":[2.17,13.51]}"
200911_4,11,0.6175907850265503,ERA5_LAND,WA005,2009,"{""type"":""Point"",""coordinates"":[7.33,9.07]}"
200911_5,11,0.9506640434265137,ERA5_LAND,WA006,2009,"{""type"":""Point"",""coordinates"":[-0.17,5.56]}"
200911_6,11,3.597907066345215,ERA5_LAND,WA007,2009,"{""type"":""Point"",""coordinates"":[-3.9299999999999997,5.349999999999999]}"
200911_7,11,2.66251277923584,ERA5_LAND,WA008,2009,"{""type"":""Point"",""coordinates"":[-13.67,9.53]}"
200911_8,11,4.616888046264648,ERA5_LAND,WA009,2009,"{""type"":""Point"",""coordinates"":[-13.230000000000002,8.489999999999998]}"
200911_9,11,5.841668128967285,ERA5_LAND,WA010,2009,"{""type"":""Point"",""coordinates"":[-10.799999999999999,6.3]}"
200911_10,11,1.2139686346054077,ERA5_LAND,WA011,2009,"{""type"":""Point"",""coordinates"":[1.22,6.130000000000001]}"
200911_11,11,1.6703190803527832,ERA5_LAND,WA012,2009,"{""type"":""Point"",""coordinates"":[2.42,6.37]}"
200911_12,11,7.278291159309447E-4,ERA5_LAND,WA013,2009,"{""type"":""Point"",""coordinates"":[8.52,12.05]}"
200911_13,11,1.9342913627624512,ERA5_LAND,WA014,2009,"{""type"":""Point"",""coordinates"":[-1.62,6.69]}"
200911_14,11,0.26063650846481323,ERA5_LAND,WA015,2009,"{""type"":""Point"",""coordinates"":[-16.680000000000003,13.45]}"
200912_0,12,0.0021707662381231785,ERA5_LAND,WA001,2009,"{""type"":""Point"",""coordinates"":[-17.470000000000002,14.73]}"
200912_1,12,0.0010313636157661676,ERA5_LAND,WA002,2009,"{""type"":""Point"",""coordinates"":[-7.949999999999998,12.65]}"
200912_2,12,9.844416053965688E-4,ERA5_LAND,WA003,2009,"{""type"":""Point"",""coordinates"":[-1.5200000000000002,12.360000000000001]}"
200912_3,12,9.844416053965688E-4,ERA5_LAND,WA004,2009,"{""type"":""Point"",""coordinates"":[2.17,13.51]}"
200912_4,12,0.00403160136193037,ERA5_LAND,WA005,2009,"{""type"":""Point"",""coordinates"":[7.33,9.07]}"
200912_5,12,1.0494471788406372,ERA5_LAND,WA006,2009,"{""type"":""Point"",""coordinates"":[-0.17,5.56]}"
200912_6,12,3.47655987739563,ERA5_LAND,WA007,2009,"{""type"":""Point"",""coordinates"":[-3.9299999999999997,5.349999999999999]}"
200912_7,12,0.03660450503230095,ERA5_LAND,WA008,2009,"{""type"":""Point"",""coordinates"":[-13.67,9.53]}"
200912_8,12,0.6397672891616821,ERA5_LAND,WA009,2009,"{""type"":""Point"",""coordinates"":[-13.230000000000002,8.489999999999998]}"
200912_9,12,2.3457021713256836,ERA5_LAND,WA010,2009,"{""type"":""Point"",""coordinates"":[-10.799999999999999,6.3]}"
200912_10,12,1.1057007312774658,ERA5_LAND,WA011,2009,"{""type"":""Point"",""coordinates"":[1.22,6.130000000000001]}"
200912_11,12,1.2650156021118164,ERA5_LAND,WA012,2009,"{""type"":""Point"",""coordinates"":[2.42,6.37]}"
200912_12,12,9.844416053965688E-4,ERA5_LAND,WA013,2009,"{""type"":""Point"",""coordinates"":[8.52,12.05]}"
200912_13,12,0.42692461609840393,ERA5_LAND,WA014,2009,"{""type"":""Point"",""coordinates"":[-1.62,6.69]}"
200912_14,12,0.005167309660464525,ERA5_LAND,WA015,2009,"{""type"":""Point"",""coordinates"":[-16.680000000000003,13.45]}"
201001_0,1,0.004043201450258493,ERA5_LAND,WA001,2010,"{""type"":""Point"",""coordinates"":[-17.470000000000002,14.73]}"
201001_1,1,8.675187127664685E-4,ERA5_LAND,WA002,2010,"{""type"":""Point"",""coordinates"":[-7.949999999999998,12.65]}"
201001_2,1,8.428164292126894E-4,ERA5_LAND,WA003,2010,"{""type"":""Point"",""coordinates"":[-1.5200000000000002,12.360000000000001]}"
201001_3,1,8.428164292126894E-4,ERA5_LAND,WA004,2010,"{""type"":""Point"",""coordinates"":[2.17,13.51]}"
201001_4,1,0.0016095400787889957,ERA5_LAND,WA005,2010,"{""type"":""Point"",""coordinates"":[7.33,9.07]}"
201001_5,1,0.6148301362991333,ERA5_LAND,WA006,2010,"{""type"":""Point"",""coordinates"":[-0.17,5.56]}"
201001_6,1,1.8102443218231201,ERA5_LAND,WA007,2010,"{""type"":""Point"",""coordinates"":[-3.9299999999999997,5.349999999999999]}"
201001_7,1,0.019449299201369286,ERA5_LAND,WA008,2010,"{""type"":""Point"",""coordinates"":[-13.67,9.53]}"
201001_8,1,0.30742979049682617,ERA5_LAND,WA009,2010,"{""type"":""Point"",""coordinates"":[-13.230000000000002,8.489999999999998]}"
201001_9,1,2.8185172080993652,ERA5_LAND,WA010,2010,"{""type"":""Point"",""coordinates"":[-10.799999999999999,6.3]}"
201001_10,1,0.694807767868042,ERA5_LAND,WA011,2010,"{""type"":""Point"",""coordinates"":[1.22,6.130000000000001]}"
201001_11,1,0.9360729455947876,ERA5_LAND,WA012,2010,"{""type"":""Point"",""coordinates"":[2.42,6.37]}"
201001_12,1,8.428164292126894E-4,ERA5_LAND,WA013,2010,"{""type"":""Point"",""coordinates"":[8.52,12.05]}"
201001_13,1,0.328486829996109,ERA5_LAND,WA014,2010,"{""type"":""Point"",""coordinates"":[-1.62,6.69]}"
201001_14,1,0.007380823139101267,ERA5_LAND,WA015,2010,"{""type"":""Point"",""coordinates"":[-16.680000000000003,13.45]}"
201002_0,2,0.0017649198416620493,ERA5_LAND,WA001,2010,"{""type"":""Point"",""coordinates"":[-17.470000000000002,14.73]}"
201002_1,2,0.005070836748927832,ERA5_LAND,WA002,2010,"{""type"":""Point"",""coordinates"":[-7.949999999999998,12.65]}"
201002_2,2,0.0013189493911340833,ERA5_LAND,WA003,2010,"{""type"":""Point"",""coordinates"":[-1.5200000000000002,12.360000000000001]}"
201002_3,2,0.0013189493911340833,ERA5_LAND,WA004,2010,"{""type"":""Point"",""coordinates"":[2.17,13.51]}"
201002_4,2,0.009986109100282192,ERA5_LAND,WA005,2010,"{""type"":""Point"",""coordinates"":[7.33,9.07]}"
201002_5,2,1.1733639240264893,ERA5_LAND,WA006,2010,"{""type"":""Point"",""coordinates"":[-0.17,5.56]}"
201002_6,2,3.0025241374969482,ERA5_LAND,WA007,2010,"{""type"":""Point"",""coordinates"":[-3.9299999999999997,5.349999999999999]}"
201002_7,2,0.019112426787614822,ERA5_LAND,WA008,2010,"{""type"":""Point"",""coordinates"":[-13.67,9.53]}"
201002_8,2,0.12601393461227417,ERA5_LAND,WA009,2010,"{""type"":""Point"",""coordinates"":[-13.230000000000002,8.489999999999998]}"
201002_9,2,3.62375545501709,ERA5_LAND,WA010,2010,"{""type"":""Point"",""coordinates"":[-10.799999999999999,6.3]}"
201002_10,2,1.088189721107483,ERA5_LAND,WA011,2010,"{""type"":""Point"",""coordinates"":[1.22,6.130000000000001]}"
201002_11,2,1.079579472541809,ERA5_LAND,WA012,2010,"{""type"":""Point"",""coordinates"":[2.42,6.37]}"
201002_12,2,0.0013536819024011493,ERA5_LAND,WA013,2010,"{""type"":""Point"",""coordinates"":[8.52,12.05]}"
201002_13,2,1.4512455463409424,ERA5_LAND,WA014,2010,"{""type"":""Point"",""coordinates"":[-1.62,6.69]}"
201002_14,2,0.001966998912394047,ERA5_LAND,WA015,2010,"{""type"":""Point"",""coordinates"":[-16.680000000000003,13.45]}"
201003_0,3,6.92943052854389E-4,ERA5_LAND,WA001,2010,"{""type"":""Point"",""coordinates"":[-17.470000000000002,14.73]}"
201003_1,3,0.005473373457789421,ERA5_LAND,WA002,2010,"{""type"":""Point"",""coordinates"":[-7.949999999999998,12.65]}"
201003_2,3,6.934161065146327E-4,ERA5_LAND,WA003,2010,"{""type"":""Point"",""coordinates"":[-1.5200000000000002,12.360000000000001]}"
201003_3,3,6.92943052854389E-4,ERA5_LAND,WA004,2010,"{""type"":""Point"",""coordinates"":[2.17,13.51]}"
201003_4,3,0.17393134534358978,ERA5_LAND,WA005,2010,"{""type"":""Point"",""coordinates"":[7.33,9.07]}"
201003_5,3,1.2692606449127197,ERA5_LAND,WA006,2010,"{""type"":""Point"",""coordinates"":[-0.17,5.56]}"
201003_6,3,4.0647430419921875,ERA5_LAND,WA007,2010,"{""type"":""Point"",""coordinates"":[-3.9299999999999997,5.349999999999999]}"
201003_7,3,0.075096495449543,ERA5_LAND,WA008,2010,"{""type"":""Point"",""coordinates"":[-13.67,9.53]}"
201003_8,3,1.5320338010787964,ERA5_LAND,WA009,2010,"{""type"":""Point"",""coordinates"":[-13.230000000000002,8.489999999999998]}"
201003_9,3,6.308019161224365,ERA5_LAND,WA010,2010,"{""type"":""Point"",""coordinates"":[-10.799999999999999,6.3]}"
201003_10,3,1.4937005043029785,ERA5_LAND,WA011,2010,"{""type"":""Point"",""coordinates"":[1.22,6.130000000000001]}"
201003_11,3,1.5582002401351929,ERA5_LAND,WA012,2010,"{""type"":""Point"",""coordinates"":[2.42,6.37]}"
201003_12,3,6.92943052854389E-4,ERA5_LAND,WA013,2010,"{""type"":""Point"",""coordinates"":[8.52,12.05]}"
201003_13,3,3.0590617656707764,ERA5_LAND,WA014,2010,"{""type"":""Point"",""coordinates"":[-1.62,6.69]}"
201003_14,3,9.316760115325451E-4,ERA5_LAND,WA015,2010,"{""type"":""Point"",""coordinates"":[-16.680000000000003,13.45]}"
201004_0,4,0.006717007607221603,ERA5_LAND,WA001,2010,"{""type"":""Point"",""coordinates"":[-17.470000000000002,14.73]}"
201004_1,4,0.4296322166919708,ERA5_LAND,WA002,2010,"{""type"":""Point"",""coordinates"":[-7.949999999999998,12.65]}"
201004_2,4,0.2087341696023941,ERA5_LAND,WA003,2010,"{""type"":""Point"",""coordinates"":[-1.5200000000000002,12.360000000000001]}"
201004_3,4,0.03904019668698311,ERA5_LAND,WA004,2010,"{""type"":""Point"",""coordinates"":[2.17,13.51]}"
201004_4,4,1.1556730270385742,ERA5_LAND,WA005,2010,"{""type"":""Point"",""coordinates"":[7.33,9.07]}"
201004_5,4,2.6495182514190674,ERA5_LAND,WA006,2010,"{""type"":""Point"",""coordinates"":[-0.17,5.56]}"
201004_6,4,5.795568466186523,ERA5_LAND,WA007,2010,"{""type"":""Point"",""coordinates"":[-3.9299999999999997,5.349999999999999]}"
201004_7,4,0.9372554421424866,ERA5_LAND,WA008,2010,"{""type"":""Point"",""coordinates"":[-13.67,9.53]}"
201004_8,4,2.9846673011779785,ERA5_LAND,WA009,2010,"{""type"":""Point"",""coordinates"":[-13.230000000000002,8.489999999999998]}"
201004_9,4,9.039230346679688,ERA5_LAND,WA010,2010,"{""type"":""Point"",""coordinates"":[-10.799999999999999,6.3]}"
201004_10,4,2.3653564453125,ERA5_LAND,WA011,2010,"{""type"":""Point"",""coordinates"":[1.22,6.130000000000001]}"
201004_11,4,2.9668595790863037,ERA5_LAND,WA012,2010,"{""type"":""Point"",""coordinates"":[2.42,6.37]}"
201004_12,4,0.07576456665992737,ERA5_LAND,WA013,2010,"{""type"":""Point"",""coordinates"":[8.52,12.05]}"
201004_13,4,4.064829349517822,ERA5_LAND,WA014,2010,"{""type"":""Point"",""coordinates"":[-1.62,6.69]}"
201004_14,4,0.0018780098762363195,ERA5_LAND,WA015,2010,"{""type"":""Point"",""coordinates"":[-16.680000000000003,13.45]}"
201005_0,5,0.0024107417557388544,ERA5_LAND,WA001,2010,"{""type"":""Point"",""coordinates"":[-17.470000000000002,14.73]}"
201005_1,5,1.4880236387252808,ERA5_LAND,WA002,2010,"{""type"":""Point"",""coordinates"":[-7.949999999999998,12.65]}"
201005_2,5,0.5259848833084106,ERA5_LAND,WA003,2010,"{""type"":""Point"",""coordinates"":[-1.5200000000000002,12.360000000000001]}"
201005_3,5,0.22243143618106842,ERA5_LAND,WA004,2010,"{""type"":""Point"",""coordinates"":[2.17,13.51]}"
201005_4,5,4.551490783691406,ERA5_LAND,WA005,2010,"{""type"":""Point"",""coordinates"":[7.33,9.07]}"
201005_5,5,2.9593899250030518,ERA5_LAND,WA006,2010,"{""type"":""Point"",""coordinates"":[-0.17,5.56]}"
201005_6,5,7.170122146606445,ERA5_LAND,WA007,2010,"{""type"":""Point"",""coordinates"":[-3.9299999999999997,5.349999999999999]}"
201005_7,5,4.319702625274658,ERA5_LAND,WA008,2010,"{""type"":""Point"",""coordinates"":[-13.67,9.53]}"
201005_8,5,8.41968822479248,ERA5_LAND,WA009,2010,"{""type"":""Point"",""coordinates"":[-13.230000000000002,8.489999999999998]}"
201005_9,5,8.801064491271973,ERA5_LAND,WA010,2010,"{""type"":""Point"",""coordinates"":[-10.799999999999999,6.3]}"
201005_10,5,3.6826765537261963,ERA5_LAND,WA011,2010,"{""type"":""Point"",""coordinates"":[1.22,6.130000000000001]}"
201005_11,5,5.154013633728027,ERA5_LAND,WA012,2010,"{""type"":""Point"",""coordinates"":[2.42,6.37]}"
201005_12,5,0.5996668934822083,ERA5_LAND,WA013,2010,"{""type"":""Point"",""coordinates"":[8.52,12.05]}"
201005_13,5,3.671006679534912,ERA5_LAND,WA014,2010,"{""type"":""Point"",""coordinates"":[-1.62,6.69]}"
201005_14,5,0.025588402524590492,ERA5_LAND,WA015,2010,"{""type"":""Point"",""coordinates"":[-16.680000000000003,13.45]}"
201006_0,6,0.12912818789482117,ERA5_LAND,WA001,2010,"{""type"":""Point"",""coordinates"":[-17.470000000000002,14.73]}"
201006_1,6,2.677072286605835,ERA5_LAND,WA002,2010,"{""type"":""Point"",""coordinates"":[-7.949999999999998,12.65]}"
201006_2,6,1.6949125528335571,ERA5_LAND,WA003,2010,"{""type"":""Point"",""coordinates"":[-1.5200000000000002,12.360000000000001]}"
201006_3,6,1.1874350309371948,ERA5_LAND,WA004,2010,"{""type"":""Point"",""coordinates"":[2.17,13.51]}"
201006_4,6,4.94788932800293,ERA5_LAND,WA005,2010,"{""type"":""Point"",""coordinates"":[7.33,9.07]}"
201006_5,6,6.156468868255615,ERA5_LAND,WA006,2010,"{""type"":""Point"",""coordinates"":[-0.17,5.56]}"
201006_6,6,8.146024703979492,ERA5_LAND,WA007,2010,"{""type"":""Point"",""coordinates"":[-3.9299999999999997,5.349999999999999]}"
201006_7,6,10.326990127563477,ERA5_LAND,WA008,2010,"{""type"":""Point"",""coordinates"":[-13.67,9.53]}"
201006_8,6,15.887441635131836,ERA5_LAND,WA009,2010,"{""type"":""Point"",""coordinates"":[-13.230000000000002,8.489999999999998]}"
201006_9,6,13.748226165771484,ERA5_LAND,WA010,2010,"{""type"":""Point"",""coordinates"":[-10.799999999999999,6.3]}"
201006_10,6,5.813559055328369,ERA5_LAND,WA011,2010,"{""type"":""Point"",""coordinates"":[1.22,6.130000000000001]}"
201006_11,6,9.0410737991333,ERA5_LAND,WA012,2010,"{""type"":""Point"",""coordinates"":[2.42,6.37]}"
201006_12,6,2.4132964611053467,ERA5_LAND,WA013,2010,"{""type"":""Point"",""coordinates"":[8.52,12.05]}"
201006_13,6,5.931002616882324,ERA5_LAND,WA014,2010,"{""type"":""Point"",""coordinates"":[-1.62,6.69]}"
201006_14,6,0.2907283306121826,ERA5_LAND,WA015,2010,"{""type"":""Point"",""coordinates"":[-16.680000000000003,13.45]}"
201007_0,7,0.5898835062980652,ERA5_LAND,WA001,2010,"{""type"":""Point"",""coordinates"":[-17.470000000000002,14.73]}"
201007_1,7,7.065332889556885,ERA5_LAND,WA002,2010,"{""type"":""Point"",""coordinates"":[-7.949999999999998,12.65]}"
201007_2,7,3.2904608249664307,ERA5_LAND,WA003,2010,"{""type"":""Point"",""coordinates"":[-1.5200000000000002,12.360000000000001]}"
201007_3,7,2.528294324874878,ERA5_LAND,WA004,2010,"{""type"":""Point"",""coordinates"":[2.17,13.51]}"
201007_4,7,10.167586326599121,ERA5_LAND,WA005,2010,"{""type"":""Point"",""coordinates"":[7.33,9.07]}"
201007_5,7,1.7560795545578003,ERA5_LAND,WA006,2010,"{""type"":""Point"",""coordinates"":[-0.17,5.56]}"
201007_6,7,3.6922993659973145,ERA5_LAND,WA007,2010,"{""type"":""Point"",""coordinates"":[-3.9299999999999997,5.349999999999999]}"
201007_7,7,15.796944618225098,ERA5_LAND,WA008,2010,"{""type"":""Point"",""coordinates"":[-13.67,9.53]}"
201007_8,7,15.82856559753418,ERA5_LAND,WA009,2010,"{""type"":""Point"",""coordinates"":[-13.230000000000002,8.489999999999998]}"
201007_9,7,15.287976264953613,ERA5_LAND,WA010,2010,"{""type"":""Point"",""coordinates"":[-10.799999999999999,6.3]}"
201007_10,7,2.817014694213867,ERA5_LAND,WA011,2010,"{""type"":""Point"",""coordinates"":[1.22,6.130000000000001]}"
201007_11,7,4.287474632263184,ERA5_LAND,WA012,2010,"{""type"":""Point"",""coordinates"":[2.42,6.37]}"
201007_12,7,8.353418350219727,ERA5_LAND,WA013,2010,"{""type"":""Point"",""coordinates"":[8.52,12.05]}"
201007_13,7,2.9975640773773193,ERA5_LAND,WA014,2010,"{""type"":""Point"",""coordinates"":[-1.62,6.69]}"
201007_14,7,3.4399495124816895,ERA5_LAND,WA015,2010,"{""type"":""Point"",""coordinates"":[-16.680000000000003,13.45]}"
201008_0,8,3.258349895477295,ERA5_LAND,WA001,2010,"{""type"":""Point"",""coordinates"":[-17.470000000000002,14.73]}"
201008_1,8,8.598785400390625,ERA5_LAND,WA002,2010,"{""type"":""Point"",""coordinates"":[-7.949999999999998,12.65]}"
201008_2,8,7.515485763549805,ERA5_LAND,WA003,2010,"{""type"":""Point"",""coordinates"":[-1.5200000000000002,12.360000000000001]}"
201008_3,8,3.6935040950775146,ERA5_LAND,WA004,2010,"{""type"":""Point"",""coordinates"":[2.17,13.51]}"
201008_4,8,9.40001392364502,ERA5_LAND,WA005,2010,"{""type"":""Point"",""coordinates"":[7.33,9.07]}"
201008_5,8,2.027678966522217,ERA5_LAND,WA006,2010,"{""type"":""Point"",""coordinates"":[-0.17,5.56]}"
201008_6,8,4.606049060821533,ERA5_LAND,WA007,2010,"{""type"":""Point"",""coordinates"":[-3.9299999999999997,5.349999999999999]}"
201008_7,8,21.70557403564453,ERA5_LAND,WA008,2010,"{""type"":""Point"",""coordinates"":[-13.67,9.53]}"
201008_8,8,20.558603286743164,ERA5_LAND,WA009,2010,"{""type"":""Point"",""coordinates"":[-13.230000000000002,8.489999999999998]}"
201008_9,8,26.781970977783203,ERA5_LAND,WA010,2010,"{""type"":""Point"",""coordinates"":[-10.799999999999999,6.3]}"
201008_10,8,4.6871418952941895,ERA5_LAND,WA011,2010,"{""type"":""Point"",""coordinates"":[1.22,6.130000000000001]}"
201008_11,8,3.402125358581543,ERA5_LAND,WA012,2010,"{""type"":""Point"",""coordinates"":[2.42,6.37]}"
201008_12,8,6.566309452056885,ERA5_LAND,WA013,2010,"{""type"":""Point"",""coordinates"":[8.52,12.05]}"
201008_13,8,4.172599792480469,ERA5_LAND,WA014,2010,"{""type"":""Point"",""coordinates"":[-1.62,6.69]}"
201008_14,8,10.092141151428223,ERA5_LAND,WA015,2010,"{""type"":""Point"",""coordinates"":[-16.680000000000003,13.45]}"
201009_0,9,5.323704242706299,ERA5_LAND,WA001,2010,"{""type"":""Point"",""coordinates"":[-17.470000000000002,14.73]}"
201009_1,9,7.931935787200928,ERA5_LAND,WA002,2010,"{""type"":""Point"",""coordinates"":[-7.949999999999998,12.65]}"
201009_2,9,5.788211345672607,ERA5_LAND,WA003,2010,"{""type"":""Point"",""coordinates"":[-1.5200000000000002,12.360000000000001]}"
201009_3,9,1.269055962562561,ERA5_LAND,WA004,2010,"{""type"":""Point"",""coordinates"":[2.17,13.51]}"
201009_4,9,11.303413391113281,ERA5_LAND,WA005,2010,"{""type"":""Point"",""coordinates"":[7.33,9.07]}"
201009_5,9,4.49078369140625,ERA5_LAND,WA006,2010,"{""type"":""Point"",""coordinates"":[-0.17,5.56]}"
201009_6,9,6.662751197814941,ERA5_LAND,WA007,2010,"{""type"":""Point"",""coordinates"":[-3.9299999999999997,5.349999999999999]}"
201009_7,9,22.694093704223633,ERA5_LAND,WA008,2010,"{""type"":""Point"",""coordinates"":[-13.67,9.53]}"
201009_8,9,18.82276725769043,ERA5_LAND,WA009,2010,"{""type"":""Point"",""coordinates"":[-13.230000000000002,8.489999999999998]}"
201009_9,9,14.341248512268066,ERA5_LAND,WA010,2010,"{""type"":""Point"",""coordinates"":[-10.799999999999999,6.3]}"
201009_10,9,8.150431632995605,ERA5_LAND,WA011,2010,"{""type"":""Point"",""coordinates"":[1.22,6.130000000000001]}"
201009_11,9,6.933202743530273,ERA5_LAND,WA012,2010,"{""type"":""Point"",""coordinates"":[2.42,6.37]}"
201009_12,9,3.0448975563049316,ERA5_LAND,WA013,2010,"{""type"":""Point"",""coordinates"":[8.52,12.05]}"
201009_13,9,3.9924802780151367,ERA5_LAND,WA014,2010,"{""type"":""Point"",""coordinates"":[-1.62,6.69]}"
201009_14,9,12.500394821166992,ERA5_LAND,WA015,2010,"{""type"":""Point"",""coordinates"":[-16.680000000000003,13.45]}"
201010_0,10,1.2791088819503784,ERA5_LAND,WA001,2010,"{""type"":""Point"",""coordinates"":[-17.470000000000002,14.73]}"
201010_1,10,2.354511260986328,ERA5_LAND,WA002,2010,"{""type"":""Point"",""coordinates"":[-7.949999999999998,12.65]}"
201010_2,10,2.3309338092803955,ERA5_LAND,WA003,2010,"{""type"":""Point"",""coordinates"":[-1.5200000000000002,12.360000000000001]}"
201010_3,10,0.6272961497306824,ERA5_LAND,WA004,2010,"{""type"":""Point"",""coordinates"":[2.17,13.51]}"
201010_4,10,6.808879852294922,ERA5_LAND,WA005,2010,"{""type"":""Point"",""coordinates"":[7.33,9.07]}"
201010_5,10,2.843240737915039,ERA5_LAND,WA006,2010,"{""type"":""Point"",""coordinates"":[-0.17,5.56]}"
201010_6,10,7.532352447509766,ERA5_LAND,WA007,2010,"{""type"":""Point"",""coordinates"":[-3.9299999999999997,5.349999999999999]}"
201010_7,10,8.917644500732422,ERA5_LAND,WA008,2010,"{""type"":""Point"",""coordinates"":[-13.67,9.53]}"
201010_8,10,10.258070945739746,ERA5_LAND,WA009,2010,"{""type"":""Point"",""coordinates"":[-13.230000000000002,8.489999999999998]}"
201010_9,10,12.563267707824707,ERA5_LAND,WA010,2010,"{""type"":""Point"",""coordinates"":[-10.799999999999999,6.3]}"
201010_10,10,4.514732360839844,ERA5_LAND,WA011,2010,"{""type"":""Point"",""coordinates"":[1.22,6.130000000000001]}"
201010_11,10,4.7774224281311035,ERA5_LAND,WA012,2010,"{""type"":""Point"",""coordinates"":[2.42,6.37]}"
201010_12,10,1.3197565078735352,ERA5_LAND,WA013,2010,"{""type"":""Point"",""coordinates"":[8.52,12.05]}"
201010_13,10,5.099365711212158,ERA5_LAND,WA014,2010,"{""type"":""Point"",""coordinates"":[-1.62,6.69]}"
201010_14,10,3.3470985889434814,ERA5_LAND,WA015,2010,"{""type"":""Point"",""coordinates"":[-16.680000000000003,13.45]}"
201011_0,11,0.0025554189924150705,ERA5_LAND,WA001,2010,"{""type"":""Point"",""coordinates"":[-17.470000000000002,14.73]}"
201011_1,11,0.07628858834505081,ERA5_LAND,WA002,2010,"{""type"":""Point"",""coordinates"":[-7.949999999999998,12.65]}"
201011_2,11,0.06865421682596207,ERA5_LAND,WA003,2010,"{""type"":""Point"",""coordinates"":[-1.5200000000000002,12.360000000000001]}"
201011_3,11,0.0012075445847585797,ERA5_LAND,WA004,2010,"{""type"":""Point"",""coordinates"":[2.17,13.51]}"
201011_4,11,0.8864135146141052,ERA5_LAND,WA005,2010,"{""type"":""Point"",""coordinates"":[7.33,9.07]}"
201011_5,11,1.6790695190429688,ERA5_LAND,WA006,2010,"{""type"":""Point"",""coordinates"":[-0.17,5.56]}"
201011_6,11,5.723474502563477,ERA5_LAND,WA007,2010,"{""type"":""Point"",""coordinates"":[-3.9299999999999997,5.349999999999999]}"
201011_7,11,1.951324462890625,ERA5_LAND,WA008,2010,"{""type"":""Point"",""coordinates"":[-13.67,9.53]}"
201011_8,11,4.069912433624268,ERA5_LAND,WA009,2010,"{""type"":""Point"",""coordinates"":[-13.230000000000002,8.489999999999998]}"
201011_9,11,6.937081813812256,ERA5_LAND,WA010,2010,"{""type"":""Point"",""coordinates"":[-10.799999999999999,6.3]}"
201011_10,11,2.4199540615081787,ERA5_LAND,WA011,2010,"{""type"":""Point"",""coordinates"":[1.22,6.130000000000001]}"
201011_11,11,2.6442086696624756,ERA5_LAND,WA012,2010,"{""type"":""Point"",""coordinates"":[2.42,6.37]}"
201011_12,11,9.013902163133025E-4,ERA5_LAND,WA013,2010,"{""type"":""Point"",""coordinates"":[8.52,12.05]}"
201011_13,11,2.0041022300720215,ERA5_LAND,WA014,2010,"{""type"":""Point"",""coordinates"":[-1.62,6.69]}"
201011_14,11,0.019036855548620224,ERA5_LAND,WA015,2010,"{""type"":""Point"",""coordinates"":[-16.680000000000003,13.45]}"
201012_0,12,9.254504111595452E-4,ERA5_LAND,WA001,2010,"{""type"":""Point"",""coordinates"":[-17.470000000000002,14.73]}"
201012_1,12,8.855537744238973E-4,ERA5_LAND,WA002,2010,"{""type"":""Point"",""coordinates"":[-7.949999999999998,12.65]}"
201012_2,12,8.855537744238973E-4,ERA5_LAND,WA003,2010,"{""type"":""Point"",""coordinates"":[-1.5200000000000002,12.360000000000001]}"
201012_3,12,8.855537744238973E-4,ERA5_LAND,WA004,2010,"{""type"":""Point"",""coordinates"":[2.17,13.51]}"
201012_4,12,0.0033674845471978188,ERA5_LAND,WA005,2010,"{""type"":""Point"",""coordinates"":[7.33,9.07]}"
201012_5,12,1.318823218345642,ERA5_LAND,WA006,2010,"{""type"":""Point"",""coordinates"":[-0.17,5.56]}"
201012_6,12,3.1449475288391113,ERA5_LAND,WA007,2010,"{""type"":""Point"",""coordinates"":[-3.9299999999999997,5.349999999999999]}"
201012_7,12,0.9694437384605408,ERA5_LAND,WA008,2010,"{""type"":""Point"",""coordinates"":[-13.67,9.53]}"
201012_8,12,1.9012147188186646,ERA5_LAND,WA009,2010,"{""type"":""Point"",""coordinates"":[-13.230000000000002,8.489999999999998]}"
201012_9,12,3.8494839668273926,ERA5_LAND,WA010,2010,"{""type"":""Point"",""coordinates"":[-10.799999999999999,6.3]}"
201012_10,12,1.1461236476898193,ERA5_LAND,WA011,2010,"{""type"":""Point"",""coordinates"":[1.22,6.130000000000001]}"
201012_11,12,1.416011929512024,ERA5_LAND,WA012,2010,"{""type"":""Point"",""coordinates"":[2.42,6.37]}"
201012_12,12,8.855537744238973E-4,ERA5_LAND,WA013,2010,"{""type"":""Point"",""coordinates"":[8.52,12.05]}"
201012_13,12,1.0141569375991821,ERA5_LAND,WA014,2010,"{""type"":""Point"",""coordinates"":[-1.62,6.69]}"
201012_14,12,8.936412632465363E-4,ERA5_LAND,WA015,2010,"{""type"":""Point"",""coordinates"":[-16.680000000000003,13.45]}"
201101_0,1,0.0018525933846831322,ERA5_LAND,WA001,2011,"{""type"":""Point"",""coordinates"":[-17.470000000000002,14.73]}"
201101_1,1,0.001094076200388372,ERA5_LAND,WA002,2011,"{""type"":""Point"",""coordinates"":[-7.949999999999998,12.65]}"
201101_2,1,0.001094076200388372,ERA5_LAND,WA003,2011,"{""type"":""Point"",""coordinates"":[-1.5200000000000002,12.360000000000001]}"
201101_3,1,0.001094076200388372,ERA5_LAND,WA004,2011,"{""type"":""Point"",""coordinates"":[2.17,13.51]}"
201101_4,1,0.0010966460686177015,ERA5_LAND,WA005,2011,"{""type"":""Point"",""coordinates"":[7.33,9.07]}"
201101_5,1,0.3413945734500885,ERA5_LAND,WA006,2011,"{""type"":""Point"",""coordinates"":[-0.17,5.56]}"
201101_6,1,1.6151009798049927,ERA5_LAND,WA007,2011,"{""type"":""Point"",""coordinates"":[-3.9299999999999997,5.349999999999999]}"
201101_7,1,0.005865615792572498,ERA5_LAND,WA008,2011,"{""type"":""Point"",""coordinates"":[-13.67,9.53]}"
201101_8,1,0.05237913876771927,ERA5_LAND,WA009,2011,"{""type"":""Point"",""coordinates"":[-13.230000000000002,8.489999999999998]}"
201101_9,1,2.632990598678589,ERA5_LAND,WA010,2011,"{""type"":""Point"",""coordinates"":[-10.799999999999999,6.3]}"
201101_10,1,0.30796799063682556,ERA5_LAND,WA011,2011,"{""type"":""Point"",""coordinates"":[1.22,6.130000000000001]}"
201101_11,1,0.42082479596138,ERA5_LAND,WA012,2011,"{""type"":""Point"",""coordinates"":[2.42,6.37]}"
201101_12,1,0.001094076200388372,ERA5_LAND,WA013,2011,"{""type"":""Point"",""coordinates"":[8.52,12.05]}"
201101_13,1,0.5153404474258423,ERA5_LAND,WA014,2011,"{""type"":""Point"",""coordinates"":[-1.62,6.69]}"
201101_14,1,0.0011046127183362842,ERA5_LAND,WA015,2011,"{""type"":""Point"",""coordinates"":[-16.680000000000003,13.45]}"
201102_0,2,0.0010129198199138045,ERA5_LAND,WA001,2011,"{""type"":""Point"",""coordinates"":[-17.470000000000002,14.73]}"
201102_1,2,0.0010430352995172143,ERA5_LAND,WA002,2011,"{""type"":""Point"",""coordinates"":[-7.949999999999998,12.65]}"
201102_2,2,0.0015071461675688624,ERA5_LAND,WA003,2011,"{""type"":""Point"",""coordinates"":[-1.5200000000000002,12.360000000000001]}"
201102_3,2,0.02858666703104973,ERA5_LAND,WA004,2011,"{""type"":""Point"",""coordinates"":[2.17,13.51]}"
201102_4,2,0.19348011910915375,ERA5_LAND,WA005,2011,"{""type"":""Point"",""coordinates"":[7.33,9.07]}"
201102_5,2,2.2561826705932617,ERA5_LAND,WA006,2011,"{""type"":""Point"",""coordinates"":[-0.17,5.56]}"
201102_6,2,4.03211784362793,ERA5_LAND,WA007,2011,"{""type"":""Point"",""coordinates"":[-3.9299999999999997,5.349999999999999]}"
201102_7,2,0.03310287371277809,ERA5_LAND,WA008,2011,"{""type"":""Point"",""coordinates"":[-13.67,9.53]}"
201102_8,2,0.25213390588760376,ERA5_LAND,WA009,2011,"{""type"":""Point"",""coordinates"":[-13.230000000000002,8.489999999999998]}"
201102_9,2,4.473569393157959,ERA5_LAND,WA010,2011,"{""type"":""Point"",""coordinates"":[-10.799999999999999,6.3]}"
201102_10,2,2.617255210876465,ERA5_LAND,WA011,2011,"{""type"":""Point"",""coordinates"":[1.22,6.130000000000001]}"
201102_11,2,2.887012481689453,ERA5_LAND,WA012,2011,"{""type"":""Point"",""coordinates"":[2.42,6.37]}"
201102_12,2,0.00417318195104599,ERA5_LAND,WA013,2011,"{""type"":""Point"",""coordinates"":[8.52,12.05]}"
201102_13,2,2.927962303161621,ERA5_LAND,WA014,2011,"{""type"":""Point"",""coordinates"":[-1.62,6.69]}"
201102_14,2,0.0010043333750218153,ERA5_LAND,WA015,2011,"{""type"":""Point"",""coordinates"":[-16.680000000000003,13.45]}"
201103_0,3,8.194940746761858E-4,ERA5_LAND,WA001,2011,"{""type"":""Point"",""coordinates"":[-17.470000000000002,14.73]}"
201103_1,3,0.04807858169078827,ERA5_LAND,WA002,2011,"{""type"":""Point"",""coordinates"":[-7.949999999999998,12.65]}"
201103_2,3,0.004820197820663452,ERA5_LAND,WA003,2011,"{""type"":""Point"",""coordinates"":[-1.5200000000000002,12.360000000000001]}"
201103_3,3,8.292028214782476E-4,ERA5_LAND,WA004,2011,"{""type"":""Point"",""coordinates"":[2.17,13.51]}"
201103_4,3,0.016494369134306908,ERA5_LAND,WA005,2011,"{""type"":""Point"",""coordinates"":[7.33,9.07]}"
201103_5,3,0.7503858208656311,ERA5_LAND,WA006,2011,"{""type"":""Point"",""coordinates"":[-0.17,5.56]}"
201103_6,3,3.270778179168701,ERA5_LAND,WA007,2011,"{""type"":""Point"",""coordinates"":[-3.9299999999999997,5.349999999999999]}"
201103_7,3,0.08286818116903305,ERA5_LAND,WA008,2011,"{""type"":""Point"",""coordinates"":[-13.67,9.53]}"
201103_8,3,0.7031899690628052,ERA5_LAND,WA009,2011,"{""type"":""Point"",""coordinates"":[-13.230000000000002,8.489999999999998]}"
201103_9,3,5.8319854736328125,ERA5_LAND,WA010,2011,"{""type"":""Point"",""coordinates"":[-10.799999999999999,6.3]}"
201103_10,3,0.913132905960083,ERA5_LAND,WA011,2011,"{""type"":""Point"",""coordinates"":[1.22,6.130000000000001]}"
201103_11,3,1.40586519241333,ERA5_LAND,WA012,2011,"{""type"":""Point"",""coordinates"":[2.42,6.37]}"
201103_12,3,8.194940746761858E-4,ERA5_LAND,WA013,2011,"{""type"":""Point"",""coordinates"":[8.52,12.05]}"
201103_13,3,1.7423224449157715,ERA5_LAND,WA014,2011,"{""type"":""Point"",""coordinates"":[-1.62,6.69]}"
201103_14,3,9.438309352844954E-4,ERA5_LAND,WA015,2011,"{""type"":""Point"",""coordinates"":[-16.680000000000003,13.45]}"
201104_0,4,0.002760958392173052,ERA5_LAND,WA001,2011,"{""type"":""Point"",""coordinates"":[-17.470000000000002,14.73]}"
201104_1,4,0.2548045217990875,ERA5_LAND,WA002,2011,"{""type"":""Point"",""coordinates"":[-7.949999999999998,12.65]}"
201104_2,4,0.4830983281135559,ERA5_LAND,WA003,2011,"{""type"":""Point"",""coordinates"":[-1.5200000000000002,12.360000000000001]}"
201104_3,4,0.0280610341578722,ERA5_LAND,WA004,2011,"{""type"":""Point"",""coordinates"":[2.17,13.51]}"
201104_4,4,0.709865152835846,ERA5_LAND,WA005,2011,"{""type"":""Point"",""coordinates"":[7.33,9.07]}"
201104_5,4,1.5642082691192627,ERA5_LAND,WA006,2011,"{""type"":""Point"",""coordinates"":[-0.17,5.56]}"
201104_6,4,4.6517815589904785,ERA5_LAND,WA007,2011,"{""type"":""Point"",""coordinates"":[-3.9299999999999997,5.349999999999999]}"
201104_7,4,0.2982877194881439,ERA5_LAND,WA008,2011,"{""type"":""Point"",""coordinates"":[-13.67,9.53]}"
201104_8,4,1.011693000793457,ERA5_LAND,WA009,2011,"{""type"":""Point"",""coordinates"":[-13.230000000000002,8.489999999999998]}"
201104_9,4,6.550497531890869,ERA5_LAND,WA010,2011,"{""type"":""Point"",""coordinates"":[-10.799999999999999,6.3]}"
201104_10,4,1.9393080472946167,ERA5_LAND,WA011,2011,"{""type"":""Point"",""coordinates"":[1.22,6.130000000000001]}"
201104_11,4,2.369065284729004,ERA5_LAND,WA012,2011,"{""type"":""Point"",""coordinates"":[2.42,6.37]}"
201104_12,4,0.0026767393574118614,ERA5_LAND,WA013,2011,"{""type"":""Point"",""coordinates"":[8.52,12.05]}"
201104_13,4,2.881058931350708,ERA5_LAND,WA014,2011,"{""type"":""Point"",""coordinates"":[-1.62,6.69]}"
201104_14,4,0.001734379562549293,ERA5_LAND,WA015,2011,"{""type"":""Point"",""coordinates"":[-16.680000000000003,13.45]}"
201105_0,5,0.001026713871397078,ERA5_LAND,WA001,2011,"{""type"":""Point"",""coordinates"":[-17.470000000000002,14.73]}"
201105_1,5,1.3313355445861816,ERA5_LAND,WA002,2011,"{""type"":""Point"",""coordinates"":[-7.949999999999998,12.65]}"
201105_2,5,0.8498947620391846,ERA5_LAND,WA003,2011,"{""type"":""Point"",""coordinates"":[-1.5200000000000002,12.360000000000001]}"
201105_3,5,0.06894584000110626,ERA5_LAND,WA004,2011,"{""type"":""Point"",""coordinates"":[2.17,13.51]}"
201105_4,5,4.980295658111572,ERA5_LAND,WA005,2011,"{""type"":""Point"",""coordinates"":[7.33,9.07]}"
201105_5,5,3.585855007171631,ERA5_LAND,WA006,2011,"{""type"":""Point"",""coordinates"":[-0.17,5.56]}"
201105_6,5,4.640127658843994,ERA5_LAND,WA007,2011,"{""type"":""Point"",""coordinates"":[-3.9299999999999997,5.349999999999999]}"
201105_7,5,2.687112808227539,ERA5_LAND,WA008,2011,"{""type"":""Point"",""coordinates"":[-13.67,9.53]}"
201105_8,5,7.271890163421631,ERA5_LAND,WA009,2011,"{""type"":""Point"",""coordinates"":[-13.230000000000002,8.489999999999998]}"
201105_9,5,8.22020435333252,ERA5_LAND,WA010,2011,"{""type"":""Point"",""coordinates"":[-10.799999999999999,6.3]}"
201105_10,5,6.93898344039917,ERA5_LAND,WA011,2011,"{""type"":""Point"",""coordinates"":[1.22,6.130000000000001]}"
201105_11,5,5.554765224456787,ERA5_LAND,WA012,2011,"{""type"":""Point"",""coordinates"":[2.42,6.37]}"
201105_12,5,0.5820364356040955,ERA5_LAND,WA013,2011,"{""type"":""Point"",""coordinates"":[8.52,12.05]}"
201105_13,5,3.1573214530944824,ERA5_LAND,WA014,2011,"{""type"":""Point"",""coordinates"":[-1.62,6.69]}"
201105_14,5,0.03867964819073677,ERA5_LAND,WA015,2011,"{""type"":""Point"",""coordinates"":[-16.680000000000003,13.45]}"
201106_0,6,0.018696174025535583,ERA5_LAND,WA001,2011,"{""type"":""Point"",""coordinates"":[-17.470000000000002,14.73]}"
201106_1,6,2.4125304222106934,ERA5_LAND,WA002,2011,"{""type"":""Point"",""coordinates"":[-7.949999999999998,12.65]}"
201106_2,6,1.7205147743225098,ERA5_LAND,WA003,2011,"{""type"":""Point"",""coordinates"":[-1.5200000000000002,12.360000000000001]}"
201106_3,6,0.6247389912605286,ERA5_LAND,WA004,2011,"{""type"":""Point"",""coordinates"":[2.17,13.51]}"
201106_4,6,6.9400410652160645,ERA5_LAND,WA005,2011,"{""type"":""Point"",""coordinates"":[7.33,9.07]}"
201106_5,6,3.770392894744873,ERA5_LAND,WA006,2011,"{""type"":""Point"",""coordinates"":[-0.17,5.56]}"
201106_6,6,10.655299186706543,ERA5_LAND,WA007,2011,"{""type"":""Point"",""coordinates"":[-3.9299999999999997,5.349999999999999]}"
201106_7,6,12.55213737487793,ERA5_LAND,WA008,2011,"{""type"":""Point"",""coordinates"":[-13.67,9.53]}"
201106_8,6,10.546429634094238,ERA5_LAND,WA009,2011,"{""type"":""Point"",""coordinates"":[-13.230000000000002,8.489999999999998]}"
201106_9,6,10.727611541748047,ERA5_LAND,WA010,2011,"{""type"":""Point"",""coordinates"":[-10.799999999999999,6.3]}"
201106_10,6,4.894611835479736,ERA5_LAND,WA011,2011,"{""type"":""Point"",""coordinates"":[1.22,6.130000000000001]}"
201106_11,6,5.1437883377075195,ERA5_LAND,WA012,2011,"{""type"":""Point"",""coordinates"":[2.42,6.37]}"
201106_12,6,1.8346680402755737,ERA5_LAND,WA013,2011,"{""type"":""Point"",""coordinates"":[8.52,12.05]}"
201106_13,6,4.063755512237549,ERA5_LAND,WA014,2011,"{""type"":""Point"",""coordinates"":[-1.62,6.69]}"
201106_14,6,0.35783982276916504,ERA5_LAND,WA015,2011,"{""type"":""Point"",""coordinates"":[-16.680000000000003,13.45]}"
201107_0,7,0.7272303700447083,ERA5_LAND,WA001,2011,"{""type"":""Point"",""coordinates"":[-17.470000000000002,14.73]}"
201107_1,7,4.791079521179199,ERA5_LAND,WA002,2011,"{""type"":""Point"",""coordinates"":[-7.949999999999998,12.65]}"
201107_2,7,3.9794044494628906,ERA5_LAND,WA003,2011,"{""type"":""Point"",""coordinates"":[-1.5200000000000002,12.360000000000001]}"
201107_3,7,0.7146505117416382,ERA5_LAND,WA004,2011,"{""type"":""Point"",""coordinates"":[2.17,13.51]}"
201107_4,7,6.422520160675049,ERA5_LAND,WA005,2011,"{""type"":""Point"",""coordinates"":[7.33,9.07]}"
201107_5,7,2.1378705501556396,ERA5_LAND,WA006,2011,"{""type"":""Point"",""coordinates"":[-0.17,5.56]}"
201107_6,7,4.7674174308776855,ERA5_LAND,WA007,2011,"{""type"":""Point"",""coordinates"":[-3.9299999999999997,5.349999999999999]}"
201107_7,7,18.488737106323242,ERA5_LAND,WA008,2011,"{""type"":""Point"",""coordinates"":[-13.67,9.53]}"
201107_8,7,11.882275581359863,ERA5_LAND,WA009,2011,"{""type"":""Point"",""coordinates"":[-13.230000000000002,8.489999999999998]}"
201107_9,7,8.161373138427734,ERA5_LAND,WA010,2011,"{""type"":""Point"",""coordinates"":[-10.799999999999999,6.3]}"
201107_10,7,4.16671085357666,ERA5_LAND,WA011,2011,"{""type"":""Point"",""coordinates"":[1.22,6.130000000000001]}"
201107_11,7,6.063973903656006,ERA5_LAND,WA012,2011,"{""type"":""Point"",""coordinates"":[2.42,6.37]}"
201107_12,7,4.263844013214111,ERA5_LAND,WA013,2011,"{""type"":""Point"",""coordinates"":[8.52,12.05]}"
201107_13,7,3.9660613536834717,ERA5_LAND,WA014,2011,"{""type"":""Point"",""coordinates"":[-1.62,6.69]}"
201107_14,7,2.6925857067108154,ERA5_LAND,WA015,2011,"{""type"":""Point"",""coordinates"":[-16.680000000000003,13.45]}"
201108_0,8,5.710165023803711,ERA5_LAND,WA001,2011,"{""type"":""Point"",""coordinates"":[-17.470000000000002,14.73]}"
201108_1,8,9.08751106262207,ERA5_LAND,WA002,2011,"{""type"":""Point"",""coordinates"":[-7.949999999999998,12.65]}"
201108_2,8,4.05385684967041,ERA5_LAND,WA003,2011,"{""type"":""Point"",""coordinates"":[-1.5200000000000002,12.360000000000001]}"
201108_3,8,2.196387529373169,ERA5_LAND,WA004,2011,"{""type"":""Point"",""coordinates"":[2.17,13.51]}"
201108_4,8,9.729570388793945,ERA5_LAND,WA005,2011,"{""type"":""Point"",""coordinates"":[7.33,9.07]}"
201108_5,8,1.3375521898269653,ERA5_LAND,WA006,2011,"{""type"":""Point"",""coordinates"":[-0.17,5.56]}"
201108_6,8,2.235661268234253,ERA5_LAND,WA007,2011,"{""type"":""Point"",""coordinates"":[-3.9299999999999997,5.349999999999999]}"
201108_7,8,24.16482162475586,ERA5_LAND,WA008,2011,"{""type"":""Point"",""coordinates"":[-13.67,9.53]}"
201108_8,8,25.417062759399414,ERA5_LAND,WA009,2011,"{""type"":""Point"",""coordinates"":[-13.230000000000002,8.489999999999998]}"
201108_9,8,14.599305152893066,ERA5_LAND,WA010,2011,"{""type"":""Point"",""coordinates"":[-10.799999999999999,6.3]}"
201108_10,8,1.7329930067062378,ERA5_LAND,WA011,2011,"{""type"":""Point"",""coordinates"":[1.22,6.130000000000001]}"
201108_11,8,2.3803064823150635,ERA5_LAND,WA012,2011,"{""type"":""Point"",""coordinates"":[2.42,6.37]}"
201108_12,8,12.215070724487305,ERA5_LAND,WA013,2011,"{""type"":""Point"",""coordinates"":[8.52,12.05]}"
201108_13,8,2.7826082706451416,ERA5_LAND,WA014,2011,"{""type"":""Point"",""coordinates"":[-1.62,6.69]}"
201108_14,8,9.433221817016602,ERA5_LAND,WA015,2011,"{""type"":""Point"",""coordinates"":[-16.680000000000003,13.45]}"
201109_0,9,1.6344751119613647,ERA5_LAND,WA001,2011,"{""type"":""Point"",""coordinates"":[-17.470000000000002,14.73]}"
201109_1,9,3.7976009845733643,ERA5_LAND,WA002,2011,"{""type"":""Point"",""coordinates"":[-7.949999999999998,12.65]}"
201109_2,9,2.137648820877075,ERA5_LAND,WA003,2011,"{""type"":""Point"",""coordinates"":[-1.5200000000000002,12.360000000000001]}"
201109_3,9,0.4983547627925873,ERA5_LAND,WA004,2011,"{""type"":""Point"",""coordinates"":[2.17,13.51]}"
201109_4,9,8.756701469421387,ERA5_LAND,WA005,2011,"{""type"":""Point"",""coordinates"":[7.33,9.07]}"
201109_5,9,2.5062828063964844,ERA5_LAND,WA006,2011,"{""type"":""Point"",""coordinates"":[-0.17,5.56]}"
201109_6,9,5.039684295654297,ERA5_LAND,WA007,2011,"{""type"":""Point"",""coordinates"":[-3.9299999999999997,5.349999999999999]}"
201109_7,9,12.004545211791992,ERA5_LAND,WA008,2011,"{""type"":""Point"",""coordinates"":[-13.67,9.53]}"
201109_8,9,13.20250129699707,ERA5_LAND,WA009,2011,"{""type"":""Point"",""coordinates"":[-13.230000000000002,8.489999999999998]}"
201109_9,9,28.18670082092285,ERA5_LAND,WA010,2011,"{""type"":""Point"",""coordinates"":[-10.799999999999999,6.3]}"
201109_10,9,4.707767486572266,ERA5_LAND,WA011,2011,"{""type"":""Point"",""coordinates"":[1.22,6.130000000000001]}"
201109_11,9,4.487720489501953,ERA5_LAND,WA012,2011,"{""type"":""Point"",""coordinates"":[2.42,6.37]}"
201109_12,9,4.95448112487793,ERA5_LAND,WA013,2011,"{""type"":""Point"",""coordinates"":[8.52,12.05]}"
201109_13,9,3.8862850666046143,ERA5_LAND,WA014,2011,"{""type"":""Point"",""coordinates"":[-1.62,6.69]}"
201109_14,9,5.156181812286377,ERA5_LAND,WA015,2011,"{""type"":""Point"",""coordinates"":[-16.680000000000003,13.45]}"
201110_0,10,0.5386744737625122,ERA5_LAND,WA001,2011,"{""type"":""Point"",""coordinates"":[-17.470000000000002,14.73]}"
201110_1,10,0.4495307505130768,ERA5_LAND,WA002,2011,"{""type"":""Point"",""coordinates"":[-7.949999999999998,12.65]}"
201110_2,10,0.4855162501335144,ERA5_LAND,WA003,2011,"{""type"":""Point"",""coordinates"":[-1.5200000000000002,12.360000000000001]}"
201110_3,10,0.24805113673210144,ERA5_LAND,WA004,2011,"{""type"":""Point"",""coordinates"":[2.17,13.51]}"
201110_4,10,5.638014316558838,ERA5_LAND,WA005,2011,"{""type"":""Point"",""coordinates"":[7.33,9.07]}"
201110_5,10,4.2472429275512695,ERA5_LAND,WA006,2011,"{""type"":""Point"",""coordinates"":[-0.17,5.56]}"
201110_6,10,6.623725414276123,ERA5_LAND,WA007,2011,"{""type"":""Point"",""coordinates"":[-3.9299999999999997,5.349999999999999]}"
201110_7,10,5.871516704559326,ERA5_LAND,WA008,2011,"{""type"":""Point"",""coordinates"":[-13.67,9.53]}"
201110_8,10,9.216300010681152,ERA5_LAND,WA009,2011,"{""type"":""Point"",""coordinates"":[-13.230000000000002,8.489999999999998]}"
201110_9,10,16.3894100189209,ERA5_LAND,WA010,2011,"{""type"":""Point"",""coordinates"":[-10.799999999999999,6.3]}"
201110_10,10,5.458898067474365,ERA5_LAND,WA011,2011,"{""type"":""Point"",""coordinates"":[1.22,6.130000000000001]}"
201110_11,10,5.073011875152588,ERA5_LAND,WA012,2011,"{""type"":""Point"",""coordinates"":[2.42,6.37]}"
201110_12,10,0.4196697473526001,ERA5_LAND,WA013,2011,"{""type"":""Point"",""coordinates"":[8.52,12.05]}"
201110_13,10,6.109348773956299,ERA5_LAND,WA014,2011,"{""type"":""Point"",""coordinates"":[-1.62,6.69]}"
201110_14,10,1.2754913568496704,ERA5_LAND,WA015,2011,"{""type"":""Point"",""coordinates"":[-16.680000000000003,13.45]}"
201111_0,11,0.0012468673521652818,ERA5_LAND,WA001,2011,"{""type"":""Point"",""coordinates"":[-17.470000000000002,14.73]}"
201111_1,11,9.324863203801215E-4,ERA5_LAND,WA002,2011,"{""type"":""Point"",""coordinates"":[-7.949999999999998,12.65]}"
201111_2,11,9.006637264974415E-4,ERA5_LAND,WA003,2011,"{""type"":""Point"",""coordinates"":[-1.5200000000000002,12.360000000000001]}"
201111_3,11,9.006637264974415E-4,ERA5_LAND,WA004,2011,"{""type"":""Point"",""coordinates"":[2.17,13.51]}"
201111_4,11,0.028597215190529823,ERA5_LAND,WA005,2011,"{""type"":""Point"",""coordinates"":[7.33,9.07]}"
201111_5,11,1.5724955797195435,ERA5_LAND,WA006,2011,"{""type"":""Point"",""coordinates"":[-0.17,5.56]}"
201111_6,11,3.604732036590576,ERA5_LAND,WA007,2011,"{""type"":""Point"",""coordinates"":[-3.9299999999999997,5.349999999999999]}"
201111_7,11,3.323585271835327,ERA5_LAND,WA008,2011,"{""type"":""Point"",""coordinates"":[-13.67,9.53]}"
201111_8,11,5.124434947967529,ERA5_LAND,WA009,2011,"{""type"":""Point"",""coordinates"":[-13.230000000000002,8.489999999999998]}"
201111_9,11,6.928088665008545,ERA5_LAND,WA010,2011,"{""type"":""Point"",""coordinates"":[-10.799999999999999,6.3]}"
201111_10,11,1.7202802896499634,ERA5_LAND,WA011,2011,"{""type"":""Point"",""coordinates"":[1.22,6.130000000000001]}"
201111_11,11,1.9627079963684082,ERA5_LAND,WA012,2011,"{""type"":""Point"",""coordinates"":[2.42,6.37]}"
201111_12,11,9.006637264974415E-4,ERA5_LAND,WA013,2011,"{""type"":""Point"",""coordinates"":[8.52,12.05]}"
201111_13,11,0.7112202048301697,ERA5_LAND,WA014,2011,"{""type"":""Point"",""coordinates"":[-1.62,6.69]}"
201111_14,11,0.007274308241903782,ERA5_LAND,WA015,2011,"{""type"":""Point"",""coordinates"":[-16.680000000000003,13.45]}"
201112_0,12,0.001045256620272994,ERA5_LAND,WA001,2011,"{""type"":""Point"",""coordinates"":[-17.470000000000002,14.73]}"
201112_1,12,8.039539097808301E-4,ERA5_LAND,WA002,2011,"{""type"":""Point"",""coordinates"":[-7.949999999999998,12.65]}"
201112_2,12,8.039539097808301E-4,ERA5_LAND,WA003,2011,"{""type"":""Point"",""coordinates"":[-1.5200000000000002,12.360000000000001]}"
201112_3,12,8.039539097808301E-4,ERA5_LAND,WA004,2011,"{""type"":""Point"",""coordinates"":[2.17,13.51]}"
201112_4,12,8.094282238744199E-4,ERA5_LAND,WA005,2011,"{""type"":""Point"",""coordinates"":[7.33,9.07]}"
201112_5,12,0.6943052411079407,ERA5_LAND,WA006,2011,"{""type"":""Point"",""coordinates"":[-0.17,5.56]}"
201112_6,12,2.220309019088745,ERA5_LAND,WA007,2011,"{""type"":""Point"",""coordinates"":[-3.9299999999999997,5.349999999999999]}"
201112_7,12,0.14879445731639862,ERA5_LAND,WA008,2011,"{""type"":""Point"",""coordinates"":[-13.67,9.53]}"
201112_8,12,0.6708863377571106,ERA5_LAND,WA009,2011,"{""type"":""Point"",""coordinates"":[-13.230000000000002,8.489999999999998]}"
201112_9,12,2.1796562671661377,ERA5_LAND,WA010,2011,"{""type"":""Point"",""coordinates"":[-10.799999999999999,6.3]}"
201112_10,12,0.536820113658905,ERA5_LAND,WA011,2011,"{""type"":""Point"",""coordinates"":[1.22,6.130000000000001]}"
201112_11,12,0.648601233959198,ERA5_LAND,WA012,2011,"{""type"":""Point"",""coordinates"":[2.42,6.37]}"
201112_12,12,8.039539097808301E-4,ERA5_LAND,WA013,2011,"{""type"":""Point"",""coordinates"":[8.52,12.05]}"
201112_13,12,0.07488705962896347,ERA5_LAND,WA014,2011,"{""type"":""Point"",""coordinates"":[-1.62,6.69]}"
201112_14,12,0.0011274534044787288,ERA5_LAND,WA015,2011,"{""type"":""Point"",""coordinates"":[-16.680000000000003,13.45]}"
201201_0,1,0.0019840486347675323,ERA5_LAND,WA001,2012,"{""type"":""Point"",""coordinates"":[-17.470000000000002,14.73]}"
201201_1,1,8.587705669924617E-4,ERA5_LAND,WA002,2012,"{""type"":""Point"",""coordinates"":[-7.949999999999998,12.65]}"
201201_2,1,9.992707055062056E-4,ERA5_LAND,WA003,2012,"{""type"":""Point"",""coordinates"":[-1.5200000000000002,12.360000000000001]}"
201201_3,1,8.587705669924617E-4,ERA5_LAND,WA004,2012,"{""type"":""Point"",""coordinates"":[2.17,13.51]}"
201201_4,1,0.0015542100882157683,ERA5_LAND,WA005,2012,"{""type"":""Point"",""coordinates"":[7.33,9.07]}"
201201_5,1,0.9182897806167603,ERA5_LAND,WA006,2012,"{""type"":""Point"",""coordinates"":[-0.17,5.56]}"
201201_6,1,2.1410233974456787,ERA5_LAND,WA007,2012,"{""type"":""Point"",""coordinates"":[-3.9299999999999997,5.349999999999999]}"
201201_7,1,0.08604781329631805,ERA5_LAND,WA008,2012,"{""type"":""Point"",""coordinates"":[-13.67,9.53]}"
201201_8,1,0.8235395550727844,ERA5_LAND,WA009,2012,"{""type"":""Point"",""coordinates"":[-13.230000000000002,8.489999999999998]}"
201201_9,1,2.3062877655029297,ERA5_LAND,WA010,2012,"{""type"":""Point"",""coordinates"":[-10.799999999999999,6.3]}"
201201_10,1,0.8098452091217041,ERA5_LAND,WA011,2012,"{""type"":""Point"",""coordinates"":[1.22,6.130000000000001]}"
201201_11,1,0.6857785582542419,ERA5_LAND,WA012,2012,"{""type"":""Point"",""coordinates"":[2.42,6.37]}"
201201_12,1,8.587705669924617E-4,ERA5_LAND,WA013,2012,"{""type"":""Point"",""coordinates"":[8.52,12.05]}"
201201_13,1,0.7430183291435242,ERA5_LAND,WA014,2012,"{""type"":""Point"",""coordinates"":[-1.62,6.69]}"
201201_14,1,0.0187265332788229,ERA5_LAND,WA015,2012,"{""type"":""Point"",""coordinates"":[-16.680000000000003,13.45]}"
201202_0,2,0.00529085285961628,ERA5_LAND,WA001,2012,"{""type"":""Point"",""coordinates"":[-17.470000000000002,14.73]}"
201202_1,2,0.0027819378301501274,ERA5_LAND,WA002,2012,"{""type"":""Point"",""coordinates"":[-7.949999999999998,12.65]}"
201202_2,2,0.09603913873434067,ERA5_LAND,WA003,2012,"{""type"":""Point"",""coordinates"":[-1.5200000000000002,12.360000000000001]}"
201202_3,2,0.043820563703775406,ERA5_LAND,WA004,2012,"{""type"":""Point"",""coordinates"":[2.17,13.51]}"
201202_4,2,0.27854135632514954,ERA5_LAND,WA005,2012,"{""type"":""Point"",""coordinates"":[7.33,9.07]}"
201202_5,2,1.2629035711288452,ERA5_LAND,WA006,2012,"{""type"":""Point"",""coordinates"":[-0.17,5.56]}"
201202_6,2,4.004349231719971,ERA5_LAND,WA007,2012,"{""type"":""Point"",""coordinates"":[-3.9299999999999997,5.349999999999999]}"
201202_7,2,0.0033659683540463448,ERA5_LAND,WA008,2012,"{""type"":""Point"",""coordinates"":[-13.67,9.53]}"
201202_8,2,0.019107570871710777,ERA5_LAND,WA009,2012,"{""type"":""Point"",""coordinates"":[-13.230000000000002,8.489999999999998]}"
201202_9,2,2.9936656951904297,ERA5_LAND,WA010,2012,"{""type"":""Point"",""coordinates"":[-10.799999999999999,6.3]}"
201202_10,2,1.3708866834640503,ERA5_LAND,WA011,2012,"{""type"":""Point"",""coordinates"":[1.22,6.130000000000001]}"
201202_11,2,1.7510780096054077,ERA5_LAND,WA012,2012,"{""type"":""Point"",""coordinates"":[2.42,6.37]}"
201202_12,2,0.0010933500016108155,ERA5_LAND,WA013,2012,"{""type"":""Point"",""coordinates"":[8.52,12.05]}"
201202_13,2,3.425935983657837,ERA5_LAND,WA014,2012,"{""type"":""Point"",""coordinates"":[-1.62,6.69]}"
201202_14,2,0.0010933500016108155,ERA5_LAND,WA015,2012,"{""type"":""Point"",""coordinates"":[-16.680000000000003,13.45]}"
201203_0,3,0.06325796246528625,ERA5_LAND,WA001,2012,"{""type"":""Point"",""coordinates"":[-17.470000000000002,14.73]}"
201203_1,3,0.05191245675086975,ERA5_LAND,WA002,2012,"{""type"":""Point"",""coordinates"":[-7.949999999999998,12.65]}"
201203_2,3,0.02842901460826397,ERA5_LAND,WA003,2012,"{""type"":""Point"",""coordinates"":[-1.5200000000000002,12.360000000000001]}"
201203_3,3,0.024065392091870308,ERA5_LAND,WA004,2012,"{""type"":""Point"",""coordinates"":[2.17,13.51]}"
201203_4,3,0.12769700586795807,ERA5_LAND,WA005,2012,"{""type"":""Point"",""coordinates"":[7.33,9.07]}"
201203_5,3,1.4414302110671997,ERA5_LAND,WA006,2012,"{""type"":""Point"",""coordinates"":[-0.17,5.56]}"
201203_6,3,3.2203195095062256,ERA5_LAND,WA007,2012,"{""type"":""Point"",""coordinates"":[-3.9299999999999997,5.349999999999999]}"
201203_7,3,0.039469413459300995,ERA5_LAND,WA008,2012,"{""type"":""Point"",""coordinates"":[-13.67,9.53]}"
201203_8,3,0.20198525488376617,ERA5_LAND,WA009,2012,"{""type"":""Point"",""coordinates"":[-13.230000000000002,8.489999999999998]}"
201203_9,3,3.2617251873016357,ERA5_LAND,WA010,2012,"{""type"":""Point"",""coordinates"":[-10.799999999999999,6.3]}"
201203_10,3,1.65366530418396,ERA5_LAND,WA011,2012,"{""type"":""Point"",""coordinates"":[1.22,6.130000000000001]}"
201203_11,3,1.8611236810684204,ERA5_LAND,WA012,2012,"{""type"":""Point"",""coordinates"":[2.42,6.37]}"
201203_12,3,0.0012186585227027535,ERA5_LAND,WA013,2012,"{""type"":""Point"",""coordinates"":[8.52,12.05]}"
201203_13,3,2.5447657108306885,ERA5_LAND,WA014,2012,"{""type"":""Point"",""coordinates"":[-1.62,6.69]}"
201203_14,3,0.1706448346376419,ERA5_LAND,WA015,2012,"{""type"":""Point"",""coordinates"":[-16.680000000000003,13.45]}"
201204_0,4,0.025832511484622955,ERA5_LAND,WA001,2012,"{""type"":""Point"",""coordinates"":[-17.470000000000002,14.73]}"
201204_1,4,0.27689334750175476,ERA5_LAND,WA002,2012,"{""type"":""Point"",""coordinates"":[-7.949999999999998,12.65]}"
201204_2,4,0.7006931304931641,ERA5_LAND,WA003,2012,"{""type"":""Point"",""coordinates"":[-1.5200000000000002,12.360000000000001]}"
201204_3,4,0.06188773363828659,ERA5_LAND,WA004,2012,"{""type"":""Point"",""coordinates"":[2.17,13.51]}"
201204_4,4,2.4739022254943848,ERA5_LAND,WA005,2012,"{""type"":""Point"",""coordinates"":[7.33,9.07]}"
201204_5,4,2.078350782394409,ERA5_LAND,WA006,2012,"{""type"":""Point"",""coordinates"":[-0.17,5.56]}"
201204_6,4,3.9866936206817627,ERA5_LAND,WA007,2012,"{""type"":""Point"",""coordinates"":[-3.9299999999999997,5.349999999999999]}"
201204_7,4,0.24735808372497559,ERA5_LAND,WA008,2012,"{""type"":""Point"",""coordinates"":[-13.67,9.53]}"
201204_8,4,0.5943619012832642,ERA5_LAND,WA009,2012,"{""type"":""Point"",""coordinates"":[-13.230000000000002,8.489999999999998]}"
201204_9,4,6.695317268371582,ERA5_LAND,WA010,2012,"{""type"":""Point"",""coordinates"":[-10.799999999999999,6.3]}"
201204_10,4,2.8282229900360107,ERA5_LAND,WA011,2012,"{""type"":""Point"",""coordinates"":[1.22,6.130000000000001]}"
201204_11,4,3.6015512943267822,ERA5_LAND,WA012,2012,"{""type"":""Point"",""coordinates"":[2.42,6.37]}"
201204_12,4,0.016715511679649353,ERA5_LAND,WA013,2012,"{""type"":""Point"",""coordinates"":[8.52,12.05]}"
201204_13,4,3.5944344997406006,ERA5_LAND,WA014,2012,"{""type"":""Point"",""coordinates"":[-1.62,6.69]}"
201204_14,4,0.020292028784751892,ERA5_LAND,WA015,2012,"{""type"":""Point"",""coordinates"":[-16.680000000000003,13.45]}"
201205_0,5,0.0046201045624911785,ERA5_LAND,WA001,2012,"{""type"":""Point"",""coordinates"":[-17.470000000000002,14.73]}"
201205_1,5,1.548219919204712,ERA5_LAND,WA002,2012,"{""type"":""Point"",""coordinates"":[-7.949999999999998,12.65]}"
201205_2,5,1.4785016775131226,ERA5_LAND,WA003,2012,"{""type"":""Point"",""coordinates"":[-1.5200000000000002,12.360000000000001]}"
201205_3,5,0.4726234972476959,ERA5_LAND,WA004,2012,"{""type"":""Point"",""coordinates"":[2.17,13.51]}"
201205_4,5,6.235433101654053,ERA5_LAND,WA005,2012,"{""type"":""Point"",""coordinates"":[7.33,9.07]}"
201205_5,5,5.251245975494385,ERA5_LAND,WA006,2012,"{""type"":""Point"",""coordinates"":[-0.17,5.56]}"
201205_6,5,7.845398426055908,ERA5_LAND,WA007,2012,"{""type"":""Point"",""coordinates"":[-3.9299999999999997,5.349999999999999]}"
201205_7,5,3.8111302852630615,ERA5_LAND,WA008,2012,"{""type"":""Point"",""coordinates"":[-13.67,9.53]}"
201205_8,5,5.67050838470459,ERA5_LAND,WA009,2012,"{""type"":""Point"",""coordinates"":[-13.230000000000002,8.489999999999998]}"
201205_9,5,9.429669380187988,ERA5_LAND,WA010,2012,"{""type"":""Point"",""coordinates"":[-10.799999999999999,6.3]}"
201205_10,5,5.516092777252197,ERA5_LAND,WA011,2012,"{""type"":""Point"",""coordinates"":[1.22,6.130000000000001]}"
201205_11,5,6.212218761444092,ERA5_LAND,WA012,2012,"{""type"":""Point"",""coordinates"":[2.42,6.37]}"
201205_12,5,1.000579833984375,ERA5_LAND,WA013,2012,"{""type"":""Point"",""coordinates"":[8.52,12.05]}"
201205_13,5,5.56229305267334,ERA5_LAND,WA014,2012,"{""type"":""Point"",""coordinates"":[-1.62,6.69]}"
201205_14,5,0.10984411090612411,ERA5_LAND,WA015,2012,"{""type"":""Point"",""coordinates"":[-16.680000000000003,13.45]}"
201206_0,6,0.025082316249608994,ERA5_LAND,WA001,2012,"{""type"":""Point"",""coordinates"":[-17.470000000000002,14.73]}"
201206_1,6,4.5967607498168945,ERA5_LAND,WA002,2012,"{""type"":""Point"",""coordinates"":[-7.949999999999998,12.65]}"
201206_2,6,1.5758225917816162,ERA5_LAND,WA003,2012,"{""type"":""Point"",""coordinates"":[-1.5200000000000002,12.360000000000001]}"
201206_3,6,0.7145004272460938,ERA5_LAND,WA004,2012,"{""type"":""Point"",""coordinates"":[2.17,13.51]}"
201206_4,6,7.755724906921387,ERA5_LAND,WA005,2012,"{""type"":""Point"",""coordinates"":[7.33,9.07]}"
201206_5,6,4.776595592498779,ERA5_LAND,WA006,2012,"{""type"":""Point"",""coordinates"":[-0.17,5.56]}"
201206_6,6,8.610241889953613,ERA5_LAND,WA007,2012,"{""type"":""Point"",""coordinates"":[-3.9299999999999997,5.349999999999999]}"
201206_7,6,10.25688362121582,ERA5_LAND,WA008,2012,"{""type"":""Point"",""coordinates"":[-13.67,9.53]}"
201206_8,6,13.506185531616211,ERA5_LAND,WA009,2012,"{""type"":""Point"",""coordinates"":[-13.230000000000002,8.489999999999998]}"
201206_9,6,15.271065711975098,ERA5_LAND,WA010,2012,"{""type"":""Point"",""coordinates"":[-10.799999999999999,6.3]}"
201206_10,6,7.049485683441162,ERA5_LAND,WA011,2012,"{""type"":""Point"",""coordinates"":[1.22,6.130000000000001]}"
201206_11,6,10.989890098571777,ERA5_LAND,WA012,2012,"{""type"":""Point"",""coordinates"":[2.42,6.37]}"
201206_12,6,2.0806612968444824,ERA5_LAND,WA013,2012,"{""type"":""Point"",""coordinates"":[8.52,12.05]}"
201206_13,6,5.539883136749268,ERA5_LAND,WA014,2012,"{""type"":""Point"",""coordinates"":[-1.62,6.69]}"
201206_14,6,0.7112541198730469,ERA5_LAND,WA015,2012,"{""type"":""Point"",""coordinates"":[-16.680000000000003,13.45]}"
201207_0,7,1.5309430360794067,ERA5_LAND,WA001,2012,"{""type"":""Point"",""coordinates"":[-17.470000000000002,14.73]}"
201207_1,7,6.545091152191162,ERA5_LAND,WA002,2012,"{""type"":""Point"",""coordinates"":[-7.949999999999998,12.65]}"
201207_2,7,5.24829626083374,ERA5_LAND,WA003,2012,"{""type"":""Point"",""coordinates"":[-1.5200000000000002,12.360000000000001]}"
201207_3,7,2.5461745262145996,ERA5_LAND,WA004,2012,"{""type"":""Point"",""coordinates"":[2.17,13.51]}"
201207_4,7,11.61567211151123,ERA5_LAND,WA005,2012,"{""type"":""Point"",""coordinates"":[7.33,9.07]}"
201207_5,7,1.8439081907272339,ERA5_LAND,WA006,2012,"{""type"":""Point"",""coordinates"":[-0.17,5.56]}"
201207_6,7,3.3466742038726807,ERA5_LAND,WA007,2012,"{""type"":""Point"",""coordinates"":[-3.9299999999999997,5.349999999999999]}"
201207_7,7,23.013099670410156,ERA5_LAND,WA008,2012,"{""type"":""Point"",""coordinates"":[-13.67,9.53]}"
201207_8,7,28.498321533203125,ERA5_LAND,WA009,2012,"{""type"":""Point"",""coordinates"":[-13.230000000000002,8.489999999999998]}"
201207_9,7,12.47472095489502,ERA5_LAND,WA010,2012,"{""type"":""Point"",""coordinates"":[-10.799999999999999,6.3]}"
201207_10,7,2.6526541709899902,ERA5_LAND,WA011,2012,"{""type"":""Point"",""coordinates"":[1.22,6.130000000000001]}"
201207_11,7,4.7772603034973145,ERA5_LAND,WA012,2012,"{""type"":""Point"",""coordinates"":[2.42,6.37]}"
201207_12,7,5.812109470367432,ERA5_LAND,WA013,2012,"{""type"":""Point"",""coordinates"":[8.52,12.05]}"
201207_13,7,2.5697460174560547,ERA5_LAND,WA014,2012,"{""type"":""Point"",""coordinates"":[-1.62,6.69]}"
201207_14,7,7.261724472045898,ERA5_LAND,WA015,2012,"{""type"":""Point"",""coordinates"":[-16.680000000000003,13.45]}"
201208_0,8,5.3287129402160645,ERA5_LAND,WA001,2012,"{""type"":""Point"",""coordinates"":[-17.470000000000002,14.73]}"
201208_1,8,5.384799480438232,ERA5_LAND,WA002,2012,"{""type"":""Point"",""coordinates"":[-7.949999999999998,12.65]}"
201208_2,8,7.057915687561035,ERA5_LAND,WA003,2012,"{""type"":""Point"",""coordinates"":[-1.5200000000000002,12.360000000000001]}"
201208_3,8,6.203701972961426,ERA5_LAND,WA004,2012,"{""type"":""Point"",""coordinates"":[2.17,13.51]}"
201208_4,8,12.708858489990234,ERA5_LAND,WA005,2012,"{""type"":""Point"",""coordinates"":[7.33,9.07]}"
201208_5,8,1.4126125574111938,ERA5_LAND,WA006,2012,"{""type"":""Point"",""coordinates"":[-0.17,5.56]}"
201208_6,8,2.52618670463562,ERA5_LAND,WA007,2012,"{""type"":""Point"",""coordinates"":[-3.9299999999999997,5.349999999999999]}"
201208_7,8,32.654720306396484,ERA5_LAND,WA008,2012,"{""type"":""Point"",""coordinates"":[-13.67,9.53]}"
201208_8,8,35.10118865966797,ERA5_LAND,WA009,2012,"{""type"":""Point"",""coordinates"":[-13.230000000000002,8.489999999999998]}"
201208_9,8,13.887600898742676,ERA5_LAND,WA010,2012,"{""type"":""Point"",""coordinates"":[-10.799999999999999,6.3]}"
201208_10,8,1.5329853296279907,ERA5_LAND,WA011,2012,"{""type"":""Point"",""coordinates"":[1.22,6.130000000000001]}"
201208_11,8,2.6989834308624268,ERA5_LAND,WA012,2012,"{""type"":""Point"",""coordinates"":[2.42,6.37]}"
201208_12,8,8.327104568481445,ERA5_LAND,WA013,2012,"{""type"":""Point"",""coordinates"":[8.52,12.05]}"
201208_13,8,2.396193265914917,ERA5_LAND,WA014,2012,"{""type"":""Point"",""coordinates"":[-1.62,6.69]}"
201208_14,8,9.160391807556152,ERA5_LAND,WA015,2012,"{""type"":""Point"",""coordinates"":[-16.680000000000003,13.45]}"
201209_0,9,4.66041898727417,ERA5_LAND,WA001,2012,"{""type"":""Point"",""coordinates"":[-17.470000000000002,14.73]}"
201209_1,9,5.027886867523193,ERA5_LAND,WA002,2012,"{""type"":""Point"",""coordinates"":[-7.949999999999998,12.65]}"
201209_2,9,3.100782632827759,ERA5_LAND,WA003,2012,"{""type"":""Point"",""coordinates"":[-1.5200000000000002,12.360000000000001]}"
201209_3,9,4.231196880340576,ERA5_LAND,WA004,2012,"{""type"":""Point"",""coordinates"":[2.17,13.51]}"
201209_4,9,17.32352638244629,ERA5_LAND,WA005,2012,"{""type"":""Point"",""coordinates"":[7.33,9.07]}"
201209_5,9,3.2360169887542725,ERA5_LAND,WA006,2012,"{""type"":""Point"",""coordinates"":[-0.17,5.56]}"
201209_6,9,4.261602401733398,ERA5_LAND,WA007,2012,"{""type"":""Point"",""coordinates"":[-3.9299999999999997,5.349999999999999]}"
201209_7,9,17.478130340576172,ERA5_LAND,WA008,2012,"{""type"":""Point"",""coordinates"":[-13.67,9.53]}"
201209_8,9,12.674596786499023,ERA5_LAND,WA009,2012,"{""type"":""Point"",""coordinates"":[-13.230000000000002,8.489999999999998]}"
201209_9,9,18.683504104614258,ERA5_LAND,WA010,2012,"{""type"":""Point"",""coordinates"":[-10.799999999999999,6.3]}"
201209_10,9,5.417140007019043,ERA5_LAND,WA011,2012,"{""type"":""Point"",""coordinates"":[1.22,6.130000000000001]}"
201209_11,9,6.722550392150879,ERA5_LAND,WA012,2012,"{""type"":""Point"",""coordinates"":[2.42,6.37]}"
201209_12,9,6.41504430770874,ERA5_LAND,WA013,2012,"{""type"":""Point"",""coordinates"":[8.52,12.05]}"
201209_13,9,5.297519683837891,ERA5_LAND,WA014,2012,"{""type"":""Point"",""coordinates"":[-1.62,6.69]}"
201209_14,9,8.5158109664917,ERA5_LAND,WA015,2012,"{""type"":""Point"",""coordinates"":[-16.680000000000003,13.45]}"
201210_0,10,0.6999475359916687,ERA5_LAND,WA001,2012,"{""type"":""Point"",""coordinates"":[-17.470000000000002,14.73]}"
201210_1,10,1.8383913040161133,ERA5_LAND,WA002,2012,"{""type"":""Point"",""coordinates"":[-7.949999999999998,12.65]}"
201210_2,10,1.2442981004714966,ERA5_LAND,WA003,2012,"{""type"":""Point"",""coordinates"":[-1.5200000000000002,12.360000000000001]}"
201210_3,10,0.3794770836830139,ERA5_LAND,WA004,2012,"{""type"":""Point"",""coordinates"":[2.17,13.51]}"
201210_4,10,5.77570104598999,ERA5_LAND,WA005,2012,"{""type"":""Point"",""coordinates"":[7.33,9.07]}"
201210_5,10,3.2388975620269775,ERA5_LAND,WA006,2012,"{""type"":""Point"",""coordinates"":[-0.17,5.56]}"
201210_6,10,6.498743534088135,ERA5_LAND,WA007,2012,"{""type"":""Point"",""coordinates"":[-3.9299999999999997,5.349999999999999]}"
201210_7,10,5.7537994384765625,ERA5_LAND,WA008,2012,"{""type"":""Point"",""coordinates"":[-13.67,9.53]}"
201210_8,10,8.124655723571777,ERA5_LAND,WA009,2012,"{""type"":""Point"",""coordinates"":[-13.230000000000002,8.489999999999998]}"
201210_9,10,10.459123611450195,ERA5_LAND,WA010,2012,"{""type"":""Point"",""coordinates"":[-10.799999999999999,6.3]}"
201210_10,10,3.7611780166625977,ERA5_LAND,WA011,2012,"{""type"":""Point"",""coordinates"":[1.22,6.130000000000001]}"
201210_11,10,4.229648590087891,ERA5_LAND,WA012,2012,"{""type"":""Point"",""coordinates"":[2.42,6.37]}"
201210_12,10,0.11073245108127594,ERA5_LAND,WA013,2012,"{""type"":""Point"",""coordinates"":[8.52,12.05]}"
201210_13,10,3.8766098022460938,ERA5_LAND,WA014,2012,"{""type"":""Point"",""coordinates"":[-1.62,6.69]}"
201210_14,10,3.2530627250671387,ERA5_LAND,WA015,2012,"{""type"":""Point"",""coordinates"":[-16.680000000000003,13.45]}"
201211_0,11,0.0017932275077328086,ERA5_LAND,WA001,2012,"{""type"":""Point"",""coordinates"":[-17.470000000000002,14.73]}"
201211_1,11,0.14686113595962524,ERA5_LAND,WA002,2012,"{""type"":""Point"",""coordinates"":[-7.949999999999998,12.65]}"
201211_2,11,0.03705733269453049,ERA5_LAND,WA003,2012,"{""type"":""Point"",""coordinates"":[-1.5200000000000002,12.360000000000001]}"
201211_3,11,8.152146474458277E-4,ERA5_LAND,WA004,2012,"{""type"":""Point"",""coordinates"":[2.17,13.51]}"
201211_4,11,0.2237517386674881,ERA5_LAND,WA005,2012,"{""type"":""Point"",""coordinates"":[7.33,9.07]}"
201211_5,11,1.6671860218048096,ERA5_LAND,WA006,2012,"{""type"":""Point"",""coordinates"":[-0.17,5.56]}"
201211_6,11,4.398618221282959,ERA5_LAND,WA007,2012,"{""type"":""Point"",""coordinates"":[-3.9299999999999997,5.349999999999999]}"
201211_7,11,4.356980323791504,ERA5_LAND,WA008,2012,"{""type"":""Point"",""coordinates"":[-13.67,9.53]}"
201211_8,11,4.949576377868652,ERA5_LAND,WA009,2012,"{""type"":""Point"",""coordinates"":[-13.230000000000002,8.489999999999998]}"
201211_9,11,5.417097091674805,ERA5_LAND,WA010,2012,"{""type"":""Point"",""coordinates"":[-10.799999999999999,6.3]}"
201211_10,11,1.8717477321624756,ERA5_LAND,WA011,2012,"{""type"":""Point"",""coordinates"":[1.22,6.130000000000001]}"
201211_11,11,2.4785282611846924,ERA5_LAND,WA012,2012,"{""type"":""Point"",""coordinates"":[2.42,6.37]}"
201211_12,11,8.152146474458277E-4,ERA5_LAND,WA013,2012,"{""type"":""Point"",""coordinates"":[8.52,12.05]}"
201211_13,11,1.9624801874160767,ERA5_LAND,WA014,2012,"{""type"":""Point"",""coordinates"":[-1.62,6.69]}"
201211_14,11,0.20105382800102234,ERA5_LAND,WA015,2012,"{""type"":""Point"",""coordinates"":[-16.680000000000003,13.45]}"
201212_0,12,0.08019150793552399,ERA5_LAND,WA001,2012,"{""type"":""Point"",""coordinates"":[-17.470000000000002,14.73]}"
201212_1,12,8.735882584005594E-4,ERA5_LAND,WA002,2012,"{""type"":""Point"",""coordinates"":[-7.949999999999998,12.65]}"
201212_2,12,0.002199939452111721,ERA5_LAND,WA003,2012,"{""type"":""Point"",""coordinates"":[-1.5200000000000002,12.360000000000001]}"
201212_3,12,8.735882584005594E-4,ERA5_LAND,WA004,2012,"{""type"":""Point"",""coordinates"":[2.17,13.51]}"
201212_4,12,0.018572481349110603,ERA5_LAND,WA005,2012,"{""type"":""Point"",""coordinates"":[7.33,9.07]}"
201212_5,12,1.2482013702392578,ERA5_LAND,WA006,2012,"{""type"":""Point"",""coordinates"":[-0.17,5.56]}"
201212_6,12,3.0964150428771973,ERA5_LAND,WA007,2012,"{""type"":""Point"",""coordinates"":[-3.9299999999999997,5.349999999999999]}"
201212_7,12,0.7401544451713562,ERA5_LAND,WA008,2012,"{""type"":""Point"",""coordinates"":[-13.67,9.53]}"
201212_8,12,1.054594874382019,ERA5_LAND,WA009,2012,"{""type"":""Point"",""coordinates"":[-13.230000000000002,8.489999999999998]}"
201212_9,12,3.4703567028045654,ERA5_LAND,WA010,2012,"{""type"":""Point"",""coordinates"":[-10.799999999999999,6.3]}"
201212_10,12,1.1499193906784058,ERA5_LAND,WA011,2012,"{""type"":""Point"",""coordinates"":[1.22,6.130000000000001]}"
201212_11,12,1.347394347190857,ERA5_LAND,WA012,2012,"{""type"":""Point"",""coordinates"":[2.42,6.37]}"
201212_12,12,8.735882584005594E-4,ERA5_LAND,WA013,2012,"{""type"":""Point"",""coordinates"":[8.52,12.05]}"
201212_13,12,0.6119197010993958,ERA5_LAND,WA014,2012,"{""type"":""Point"",""coordinates"":[-1.62,6.69]}"
201212_14,12,8.767902036197484E-4,ERA5_LAND,WA015,2012,"{""type"":""Point"",""coordinates"":[-16.680000000000003,13.45]}"
201301_0,1,0.0019165360135957599,ERA5_LAND,WA001,2013,"{""type"":""Point"",""coordinates"":[-17.470000000000002,14.73]}"
201301_1,1,0.02265228144824505,ERA5_LAND,WA002,2013,"{""type"":""Point"",""coordinates"":[-7.949999999999998,12.65]}"
201301_2,1,0.001478124293498695,ERA5_LAND,WA003,2013,"{""type"":""Point"",""coordinates"":[-1.5200000000000002,12.360000000000001]}"
201301_3,1,0.0011419433867558837,ERA5_LAND,WA004,2013,"{""type"":""Point"",""coordinates"":[2.17,13.51]}"
201301_4,1,0.16093438863754272,ERA5_LAND,WA005,2013,"{""type"":""Point"",""coordinates"":[7.33,9.07]}"
201301_5,1,0.4718654751777649,ERA5_LAND,WA006,2013,"{""type"":""Point"",""coordinates"":[-0.17,5.56]}"
201301_6,1,1.3687810897827148,ERA5_LAND,WA007,2013,"{""type"":""Point"",""coordinates"":[-3.9299999999999997,5.349999999999999]}"
201301_7,1,0.01736256293952465,ERA5_LAND,WA008,2013,"{""type"":""Point"",""coordinates"":[-13.67,9.53]}"
201301_8,1,0.02188018150627613,ERA5_LAND,WA009,2013,"{""type"":""Point"",""coordinates"":[-13.230000000000002,8.489999999999998]}"
201301_9,1,1.293725848197937,ERA5_LAND,WA010,2013,"{""type"":""Point"",""coordinates"":[-10.799999999999999,6.3]}"
201301_10,1,0.44953808188438416,ERA5_LAND,WA011,2013,"{""type"":""Point"",""coordinates"":[1.22,6.130000000000001]}"
201301_11,1,0.8201233744621277,ERA5_LAND,WA012,2013,"{""type"":""Point"",""coordinates"":[2.42,6.37]}"
201301_12,1,9.402696159668267E-4,ERA5_LAND,WA013,2013,"{""type"":""Point"",""coordinates"":[8.52,12.05]}"
201301_13,1,0.4628877639770508,ERA5_LAND,WA014,2013,"{""type"":""Point"",""coordinates"":[-1.62,6.69]}"
201301_14,1,0.051298145204782486,ERA5_LAND,WA015,2013,"{""type"":""Point"",""coordinates"":[-16.680000000000003,13.45]}"
201302_0,2,0.004731704480946064,ERA5_LAND,WA001,2013,"{""type"":""Point"",""coordinates"":[-17.470000000000002,14.73]}"
201302_1,2,0.001322063966654241,ERA5_LAND,WA002,2013,"{""type"":""Point"",""coordinates"":[-7.949999999999998,12.65]}"
201302_2,2,0.0013188808225095272,ERA5_LAND,WA003,2013,"{""type"":""Point"",""coordinates"":[-1.5200000000000002,12.360000000000001]}"
201302_3,2,0.0013039050390943885,ERA5_LAND,WA004,2013,"{""type"":""Point"",""coordinates"":[2.17,13.51]}"
201302_4,2,0.0538165345788002,ERA5_LAND,WA005,2013,"{""type"":""Point"",""coordinates"":[7.33,9.07]}"
201302_5,2,0.6703627705574036,ERA5_LAND,WA006,2013,"{""type"":""Point"",""coordinates"":[-0.17,5.56]}"
201302_6,2,2.9515018463134766,ERA5_LAND,WA007,2013,"{""type"":""Point"",""coordinates"":[-3.9299999999999997,5.349999999999999]}"
201302_7,2,0.004551906604319811,ERA5_LAND,WA008,2013,"{""type"":""Point"",""coordinates"":[-13.67,9.53]}"
201302_8,2,0.13738751411437988,ERA5_LAND,WA009,2013,"{""type"":""Point"",""coordinates"":[-13.230000000000002,8.489999999999998]}"
201302_9,2,3.5055503845214844,ERA5_LAND,WA010,2013,"{""type"":""Point"",""coordinates"":[-10.799999999999999,6.3]}"
201302_10,2,0.7603033781051636,ERA5_LAND,WA011,2013,"{""type"":""Point"",""coordinates"":[1.22,6.130000000000001]}"
201302_11,2,0.7297341823577881,ERA5_LAND,WA012,2013,"{""type"":""Point"",""coordinates"":[2.42,6.37]}"
201302_12,2,0.0013039050390943885,ERA5_LAND,WA013,2013,"{""type"":""Point"",""coordinates"":[8.52,12.05]}"
201302_13,2,0.8422822952270508,ERA5_LAND,WA014,2013,"{""type"":""Point"",""coordinates"":[-1.62,6.69]}"
201302_14,2,0.0020312380511313677,ERA5_LAND,WA015,2013,"{""type"":""Point"",""coordinates"":[-16.680000000000003,13.45]}"
201303_0,3,0.0025908718816936016,ERA5_LAND,WA001,2013,"{""type"":""Point"",""coordinates"":[-17.470000000000002,14.73]}"
201303_1,3,0.004533907864242792,ERA5_LAND,WA002,2013,"{""type"":""Point"",""coordinates"":[-7.949999999999998,12.65]}"
201303_2,3,0.0448278971016407,ERA5_LAND,WA003,2013,"{""type"":""Point"",""coordinates"":[-1.5200000000000002,12.360000000000001]}"
201303_3,3,9.401783463545144E-4,ERA5_LAND,WA004,2013,"{""type"":""Point"",""coordinates"":[2.17,13.51]}"
201303_4,3,0.44595280289649963,ERA5_LAND,WA005,2013,"{""type"":""Point"",""coordinates"":[7.33,9.07]}"
201303_5,3,1.020767331123352,ERA5_LAND,WA006,2013,"{""type"":""Point"",""coordinates"":[-0.17,5.56]}"
201303_6,3,3.3286631107330322,ERA5_LAND,WA007,2013,"{""type"":""Point"",""coordinates"":[-3.9299999999999997,5.349999999999999]}"
201303_7,3,0.08064720779657364,ERA5_LAND,WA008,2013,"{""type"":""Point"",""coordinates"":[-13.67,9.53]}"
201303_8,3,0.6722911596298218,ERA5_LAND,WA009,2013,"{""type"":""Point"",""coordinates"":[-13.230000000000002,8.489999999999998]}"
201303_9,3,6.917695999145508,ERA5_LAND,WA010,2013,"{""type"":""Point"",""coordinates"":[-10.799999999999999,6.3]}"
201303_10,3,0.9772960543632507,ERA5_LAND,WA011,2013,"{""type"":""Point"",""coordinates"":[1.22,6.130000000000001]}"
201303_11,3,1.5277297496795654,ERA5_LAND,WA012,2013,"{""type"":""Point"",""coordinates"":[2.42,6.37]}"
201303_12,3,0.0014151900541037321,ERA5_LAND,WA013,2013,"{""type"":""Point"",""coordinates"":[8.52,12.05]}"
201303_13,3,3.4196629524230957,ERA5_LAND,WA014,2013,"{""type"":""Point"",""coordinates"":[-1.62,6.69]}"
201303_14,3,0.0012963073095306754,ERA5_LAND,WA015,2013,"{""type"":""Point"",""coordinates"":[-16.680000000000003,13.45]}"
201304_0,4,0.004578859079629183,ERA5_LAND,WA001,2013,"{""type"":""Point"",""coordinates"":[-17.470000000000002,14.73]}"
201304_1,4,0.07438325136899948,ERA5_LAND,WA002,2013,"{""type"":""Point"",""coordinates"":[-7.949999999999998,12.65]}"
201304_2,4,1.0774281024932861,ERA5_LAND,WA003,2013,"{""type"":""Point"",""coordinates"":[-1.5200000000000002,12.360000000000001]}"
201304_3,4,0.35864636301994324,ERA5_LAND,WA004,2013,"{""type"":""Point"",""coordinates"":[2.17,13.51]}"
201304_4,4,5.15018892288208,ERA5_LAND,WA005,2013,"{""type"":""Point"",""coordinates"":[7.33,9.07]}"
201304_5,4,2.296457052230835,ERA5_LAND,WA006,2013,"{""type"":""Point"",""coordinates"":[-0.17,5.56]}"
201304_6,4,4.696386337280273,ERA5_LAND,WA007,2013,"{""type"":""Point"",""coordinates"":[-3.9299999999999997,5.349999999999999]}"
201304_7,4,0.03911968693137169,ERA5_LAND,WA008,2013,"{""type"":""Point"",""coordinates"":[-13.67,9.53]}"
201304_8,4,0.31508326530456543,ERA5_LAND,WA009,2013,"{""type"":""Point"",""coordinates"":[-13.230000000000002,8.489999999999998]}"
201304_9,4,6.61930513381958,ERA5_LAND,WA010,2013,"{""type"":""Point"",""coordinates"":[-10.799999999999999,6.3]}"
201304_10,4,2.5763769149780273,ERA5_LAND,WA011,2013,"{""type"":""Point"",""coordinates"":[1.22,6.130000000000001]}"
201304_11,4,3.5774993896484375,ERA5_LAND,WA012,2013,"{""type"":""Point"",""coordinates"":[2.42,6.37]}"
201304_12,4,0.20445455610752106,ERA5_LAND,WA013,2013,"{""type"":""Point"",""coordinates"":[8.52,12.05]}"
201304_13,4,3.1497933864593506,ERA5_LAND,WA014,2013,"{""type"":""Point"",""coordinates"":[-1.62,6.69]}"
201304_14,4,0.004266450647264719,ERA5_LAND,WA015,2013,"{""type"":""Point"",""coordinates"":[-16.680000000000003,13.45]}"
201305_0,5,0.00954965129494667,ERA5_LAND,WA001,2013,"{""type"":""Point"",""coordinates"":[-17.470000000000002,14.73]}"
201305_1,5,0.9395391345024109,ERA5_LAND,WA002,2013,"{""type"":""Point"",""coordinates"":[-7.949999999999998,12.65]}"
201305_2,5,0.7588531970977783,ERA5_LAND,WA003,2013,"{""type"":""Point"",""coordinates"":[-1.5200000000000002,12.360000000000001]}"
201305_3,5,0.11568383872509003,ERA5_LAND,WA004,2013,"{""type"":""Point"",""coordinates"":[2.17,13.51]}"
201305_4,5,6.269484519958496,ERA5_LAND,WA005,2013,"{""type"":""Point"",""coordinates"":[7.33,9.07]}"
201305_5,5,3.750654935836792,ERA5_LAND,WA006,2013,"{""type"":""Point"",""coordinates"":[-0.17,5.56]}"
201305_6,5,9.735819816589355,ERA5_LAND,WA007,2013,"{""type"":""Point"",""coordinates"":[-3.9299999999999997,5.349999999999999]}"
201305_7,5,4.095895290374756,ERA5_LAND,WA008,2013,"{""type"":""Point"",""coordinates"":[-13.67,9.53]}"
201305_8,5,6.601949691772461,ERA5_LAND,WA009,2013,"{""type"":""Point"",""coordinates"":[-13.230000000000002,8.489999999999998]}"
201305_9,5,13.505742073059082,ERA5_LAND,WA010,2013,"{""type"":""Point"",""coordinates"":[-10.799999999999999,6.3]}"
201305_10,5,4.059373378753662,ERA5_LAND,WA011,2013,"{""type"":""Point"",""coordinates"":[1.22,6.130000000000001]}"
201305_11,5,3.8193092346191406,ERA5_LAND,WA012,2013,"{""type"":""Point"",""coordinates"":[2.42,6.37]}"
201305_12,5,0.4570320248603821,ERA5_LAND,WA013,2013,"{""type"":""Point"",""coordinates"":[8.52,12.05]}"
201305_13,5,3.6411821842193604,ERA5_LAND,WA014,2013,"{""type"":""Point"",""coordinates"":[-1.62,6.69]}"
201305_14,5,0.003143138950690627,ERA5_LAND,WA015,2013,"{""type"":""Point"",""coordinates"":[-16.680000000000003,13.45]}"
201306_0,6,0.08578331768512726,ERA5_LAND,WA001,2013,"{""type"":""Point"",""coordinates"":[-17.470000000000002,14.73]}"
201306_1,6,3.4184060096740723,ERA5_LAND,WA002,2013,"{""type"":""Point"",""coordinates"":[-7.949999999999998,12.65]}"
201306_2,6,1.8520126342773438,ERA5_LAND,WA003,2013,"{""type"":""Point"",""coordinates"":[-1.5200000000000002,12.360000000000001]}"
201306_3,6,1.0457223653793335,ERA5_LAND,WA004,2013,"{""type"":""Point"",""coordinates"":[2.17,13.51]}"
201306_4,6,5.199392795562744,ERA5_LAND,WA005,2013,"{""type"":""Point"",""coordinates"":[7.33,9.07]}"
201306_5,6,2.6967780590057373,ERA5_LAND,WA006,2013,"{""type"":""Point"",""coordinates"":[-0.17,5.56]}"
201306_6,6,6.046384811401367,ERA5_LAND,WA007,2013,"{""type"":""Point"",""coordinates"":[-3.9299999999999997,5.349999999999999]}"
201306_7,6,9.015236854553223,ERA5_LAND,WA008,2013,"{""type"":""Point"",""coordinates"":[-13.67,9.53]}"
201306_8,6,10.36512279510498,ERA5_LAND,WA009,2013,"{""type"":""Point"",""coordinates"":[-13.230000000000002,8.489999999999998]}"
201306_9,6,11.281408309936523,ERA5_LAND,WA010,2013,"{""type"":""Point"",""coordinates"":[-10.799999999999999,6.3]}"
201306_10,6,3.2881128787994385,ERA5_LAND,WA011,2013,"{""type"":""Point"",""coordinates"":[1.22,6.130000000000001]}"
201306_11,6,4.878006935119629,ERA5_LAND,WA012,2013,"{""type"":""Point"",""coordinates"":[2.42,6.37]}"
201306_12,6,1.8566137552261353,ERA5_LAND,WA013,2013,"{""type"":""Point"",""coordinates"":[8.52,12.05]}"
201306_13,6,3.3312058448791504,ERA5_LAND,WA014,2013,"{""type"":""Point"",""coordinates"":[-1.62,6.69]}"
201306_14,6,0.28486305475234985,ERA5_LAND,WA015,2013,"{""type"":""Point"",""coordinates"":[-16.680000000000003,13.45]}"
201307_0,7,1.085509181022644,ERA5_LAND,WA001,2013,"{""type"":""Point"",""coordinates"":[-17.470000000000002,14.73]}"
201307_1,7,5.93363618850708,ERA5_LAND,WA002,2013,"{""type"":""Point"",""coordinates"":[-7.949999999999998,12.65]}"
201307_2,7,2.7677879333496094,ERA5_LAND,WA003,2013,"{""type"":""Point"",""coordinates"":[-1.5200000000000002,12.360000000000001]}"
201307_3,7,1.3025338649749756,ERA5_LAND,WA004,2013,"{""type"":""Point"",""coordinates"":[2.17,13.51]}"
201307_4,7,7.252537727355957,ERA5_LAND,WA005,2013,"{""type"":""Point"",""coordinates"":[7.33,9.07]}"
201307_5,7,2.4189090728759766,ERA5_LAND,WA006,2013,"{""type"":""Point"",""coordinates"":[-0.17,5.56]}"
201307_6,7,4.212001800537109,ERA5_LAND,WA007,2013,"{""type"":""Point"",""coordinates"":[-3.9299999999999997,5.349999999999999]}"
201307_7,7,16.195505142211914,ERA5_LAND,WA008,2013,"{""type"":""Point"",""coordinates"":[-13.67,9.53]}"
201307_8,7,16.841772079467773,ERA5_LAND,WA009,2013,"{""type"":""Point"",""coordinates"":[-13.230000000000002,8.489999999999998]}"
201307_9,7,8.152932167053223,ERA5_LAND,WA010,2013,"{""type"":""Point"",""coordinates"":[-10.799999999999999,6.3]}"
201307_10,7,2.341674327850342,ERA5_LAND,WA011,2013,"{""type"":""Point"",""coordinates"":[1.22,6.130000000000001]}"
201307_11,7,4.112528324127197,ERA5_LAND,WA012,2013,"{""type"":""Point"",""coordinates"":[2.42,6.37]}"
201307_12,7,3.2644405364990234,ERA5_LAND,WA013,2013,"{""type"":""Point"",""coordinates"":[8.52,12.05]}"
201307_13,7,3.4602081775665283,ERA5_LAND,WA014,2013,"{""type"":""Point"",""coordinates"":[-1.62,6.69]}"
201307_14,7,3.352426052093506,ERA5_LAND,WA015,2013,"{""type"":""Point"",""coordinates"":[-16.680000000000003,13.45]}"
201308_0,8,10.811532974243164,ERA5_LAND,WA001,2013,"{""type"":""Point"",""coordinates"":[-17.470000000000002,14.73]}"
201308_1,8,8.656560897827148,ERA5_LAND,WA002,2013,"{""type"":""Point"",""coordinates"":[-7.949999999999998,12.65]}"
201308_2,8,7.7203264236450195,ERA5_LAND,WA003,2013,"{""type"":""Point"",""coordinates"":[-1.5200000000000002,12.360000000000001]}"
201308_3,8,4.910802364349365,ERA5_LAND,WA004,2013,"{""type"":""Point"",""coordinates"":[2.17,13.51]}"
201308_4,8,8.308573722839355,ERA5_LAND,WA005,2013,"{""type"":""Point"",""coordinates"":[7.33,9.07]}"
201308_5,8,1.0604482889175415,ERA5_LAND,WA006,2013,"{""type"":""Point"",""coordinates"":[-0.17,5.56]}"
201308_6,8,2.0614476203918457,ERA5_LAND,WA007,2013,"{""type"":""Point"",""coordinates"":[-3.9299999999999997,5.349999999999999]}"
201308_7,8,27.229812622070312,ERA5_LAND,WA008,2013,"{""type"":""Point"",""coordinates"":[-13.67,9.53]}"
201308_8,8,32.12776565551758,ERA5_LAND,WA009,2013,"{""type"":""Point"",""coordinates"":[-13.230000000000002,8.489999999999998]}"
201308_9,8,12.090505599975586,ERA5_LAND,WA010,2013,"{""type"":""Point"",""coordinates"":[-10.799999999999999,6.3]}"
201308_10,8,0.8038873672485352,ERA5_LAND,WA011,2013,"{""type"":""Point"",""coordinates"":[1.22,6.130000000000001]}"
201308_11,8,1.3808361291885376,ERA5_LAND,WA012,2013,"{""type"":""Point"",""coordinates"":[2.42,6.37]}"
201308_12,8,8.772298812866211,ERA5_LAND,WA013,2013,"{""type"":""Point"",""coordinates"":[8.52,12.05]}"
201308_13,8,1.836130976676941,ERA5_LAND,WA014,2013,"{""type"":""Point"",""coordinates"":[-1.62,6.69]}"
201308_14,8,18.138214111328125,ERA5_LAND,WA015,2013,"{""type"":""Point"",""coordinates"":[-16.680000000000003,13.45]}"
201309_0,9,4.173846244812012,ERA5_LAND,WA001,2013,"{""type"":""Point"",""coordinates"":[-17.470000000000002,14.73]}"
201309_1,9,3.184673309326172,ERA5_LAND,WA002,2013,"{""type"":""Point"",""coordinates"":[-7.949999999999998,12.65]}"
201309_2,9,3.585956335067749,ERA5_LAND,WA003,2013,"{""type"":""Point"",""coordinates"":[-1.5200000000000002,12.360000000000001]}"
201309_3,9,1.0697095394134521,ERA5_LAND,WA004,2013,"{""type"":""Point"",""coordinates"":[2.17,13.51]}"
201309_4,9,16.5708065032959,ERA5_LAND,WA005,2013,"{""type"":""Point"",""coordinates"":[7.33,9.07]}"
201309_5,9,2.4263064861297607,ERA5_LAND,WA006,2013,"{""type"":""Point"",""coordinates"":[-0.17,5.56]}"
201309_6,9,6.207761764526367,ERA5_LAND,WA007,2013,"{""type"":""Point"",""coordinates"":[-3.9299999999999997,5.349999999999999]}"
201309_7,9,12.211579322814941,ERA5_LAND,WA008,2013,"{""type"":""Point"",""coordinates"":[-13.67,9.53]}"
201309_8,9,19.523250579833984,ERA5_LAND,WA009,2013,"{""type"":""Point"",""coordinates"":[-13.230000000000002,8.489999999999998]}"
201309_9,9,20.90617561340332,ERA5_LAND,WA010,2013,"{""type"":""Point"",""coordinates"":[-10.799999999999999,6.3]}"
201309_10,9,4.1316375732421875,ERA5_LAND,WA011,2013,"{""type"":""Point"",""coordinates"":[1.22,6.130000000000001]}"
201309_11,9,4.0328474044799805,ERA5_LAND,WA012,2013,"{""type"":""Point"",""coordinates"":[2.42,6.37]}"
201309_12,9,3.047633647918701,ERA5_LAND,WA013,2013,"{""type"":""Point"",""coordinates"":[8.52,12.05]}"
201309_13,9,4.001431941986084,ERA5_LAND,WA014,2013,"{""type"":""Point"",""coordinates"":[-1.62,6.69]}"
201309_14,9,5.7455925941467285,ERA5_LAND,WA015,2013,"{""type"":""Point"",""coordinates"":[-16.680000000000003,13.45]}"
201310_0,10,0.34622588753700256,ERA5_LAND,WA001,2013,"{""type"":""Point"",""coordinates"":[-17.470000000000002,14.73]}"
201310_1,10,0.6948069930076599,ERA5_LAND,WA002,2013,"{""type"":""Point"",""coordinates"":[-7.949999999999998,12.65]}"
201310_2,10,0.43901392817497253,ERA5_LAND,WA003,2013,"{""type"":""Point"",""coordinates"":[-1.5200000000000002,12.360000000000001]}"
201310_3,10,0.08384864032268524,ERA5_LAND,WA004,2013,"{""type"":""Point"",""coordinates"":[2.17,13.51]}"
201310_4,10,4.592683792114258,ERA5_LAND,WA005,2013,"{""type"":""Point"",""coordinates"":[7.33,9.07]}"
201310_5,10,2.015393018722534,ERA5_LAND,WA006,2013,"{""type"":""Point"",""coordinates"":[-0.17,5.56]}"
201310_6,10,3.7383956909179688,ERA5_LAND,WA007,2013,"{""type"":""Point"",""coordinates"":[-3.9299999999999997,5.349999999999999]}"
201310_7,10,6.584518909454346,ERA5_LAND,WA008,2013,"{""type"":""Point"",""coordinates"":[-13.67,9.53]}"
201310_8,10,8.862910270690918,ERA5_LAND,WA009,2013,"{""type"":""Point"",""coordinates"":[-13.230000000000002,8.489999999999998]}"
201310_9,10,13.640116691589355,ERA5_LAND,WA010,2013,"{""type"":""Point"",""coordinates"":[-10.799999999999999,6.3]}"
201310_10,10,2.464434862136841,ERA5_LAND,WA011,2013,"{""type"":""Point"",""coordinates"":[1.22,6.130000000000001]}"
201310_11,10,3.7988269329071045,ERA5_LAND,WA012,2013,"{""type"":""Point"",""coordinates"":[2.42,6.37]}"
201310_12,10,0.8059949278831482,ERA5_LAND,WA013,2013,"{""type"":""Point"",""coordinates"":[8.52,12.05]}"
201310_13,10,4.731695652008057,ERA5_LAND,WA014,2013,"{""type"":""Point"",""coordinates"":[-1.62,6.69]}"
201310_14,10,2.6164815425872803,ERA5_LAND,WA015,2013,"{""type"":""Point"",""coordinates"":[-16.680000000000003,13.45]}"
201311_0,11,0.057407088577747345,ERA5_LAND,WA001,2013,"{""type"":""Point"",""coordinates"":[-17.470000000000002,14.73]}"
201311_1,11,0.0036891892086714506,ERA5_LAND,WA002,2013,"{""type"":""Point"",""coordinates"":[-7.949999999999998,12.65]}"
201311_2,11,9.922707686200738E-4,ERA5_LAND,WA003,2013,"{""type"":""Point"",""coordinates"":[-1.5200000000000002,12.360000000000001]}"
201311_3,11,8.020466193556786E-4,ERA5_LAND,WA004,2013,"{""type"":""Point"",""coordinates"":[2.17,13.51]}"
201311_4,11,0.07002294063568115,ERA5_LAND,WA005,2013,"{""type"":""Point"",""coordinates"":[7.33,9.07]}"
201311_5,11,2.1569433212280273,ERA5_LAND,WA006,2013,"{""type"":""Point"",""coordinates"":[-0.17,5.56]}"
201311_6,11,5.053793907165527,ERA5_LAND,WA007,2013,"{""type"":""Point"",""coordinates"":[-3.9299999999999997,5.349999999999999]}"
201311_7,11,2.290053606033325,ERA5_LAND,WA008,2013,"{""type"":""Point"",""coordinates"":[-13.67,9.53]}"
201311_8,11,4.144991397857666,ERA5_LAND,WA009,2013,"{""type"":""Point"",""coordinates"":[-13.230000000000002,8.489999999999998]}"
201311_9,11,6.717609882354736,ERA5_LAND,WA010,2013,"{""type"":""Point"",""coordinates"":[-10.799999999999999,6.3]}"
201311_10,11,2.5569815635681152,ERA5_LAND,WA011,2013,"{""type"":""Point"",""coordinates"":[1.22,6.130000000000001]}"
201311_11,11,2.993189573287964,ERA5_LAND,WA012,2013,"{""type"":""Point"",""coordinates"":[2.42,6.37]}"
201311_12,11,8.020466193556786E-4,ERA5_LAND,WA013,2013,"{""type"":""Point"",""coordinates"":[8.52,12.05]}"
201311_13,11,1.9526220560073853,ERA5_LAND,WA014,2013,"{""type"":""Point"",""coordinates"":[-1.62,6.69]}"
201311_14,11,0.07368867844343185,ERA5_LAND,WA015,2013,"{""type"":""Point"",""coordinates"":[-16.680000000000003,13.45]}"
201312_0,12,0.036216072738170624,ERA5_LAND,WA001,2013,"{""type"":""Point"",""coordinates"":[-17.470000000000002,14.73]}"
201312_1,12,0.030436037108302116,ERA5_LAND,WA002,2013,"{""type"":""Point"",""coordinates"":[-7.949999999999998,12.65]}"
201312_2,12,8.719617617316544E-4,ERA5_LAND,WA003,2013,"{""type"":""Point"",""coordinates"":[-1.5200000000000002,12.360000000000001]}"
201312_3,12,8.719617617316544E-4,ERA5_LAND,WA004,2013,"{""type"":""Point"",""coordinates"":[2.17,13.51]}"
201312_4,12,0.02557869628071785,ERA5_LAND,WA005,2013,"{""type"":""Point"",""coordinates"":[7.33,9.07]}"
201312_5,12,1.0222610235214233,ERA5_LAND,WA006,2013,"{""type"":""Point"",""coordinates"":[-0.17,5.56]}"
201312_6,12,2.626943826675415,ERA5_LAND,WA007,2013,"{""type"":""Point"",""coordinates"":[-3.9299999999999997,5.349999999999999]}"
201312_7,12,0.3682408630847931,ERA5_LAND,WA008,2013,"{""type"":""Point"",""coordinates"":[-13.67,9.53]}"
201312_8,12,0.9304904937744141,ERA5_LAND,WA009,2013,"{""type"":""Point"",""coordinates"":[-13.230000000000002,8.489999999999998]}"
201312_9,12,1.932503581047058,ERA5_LAND,WA010,2013,"{""type"":""Point"",""coordinates"":[-10.799999999999999,6.3]}"
201312_10,12,1.1284064054489136,ERA5_LAND,WA011,2013,"{""type"":""Point"",""coordinates"":[1.22,6.130000000000001]}"
201312_11,12,1.0006428956985474,ERA5_LAND,WA012,2013,"{""type"":""Point"",""coordinates"":[2.42,6.37]}"
201312_12,12,8.719617617316544E-4,ERA5_LAND,WA013,2013,"{""type"":""Point"",""coordinates"":[8.52,12.05]}"
201312_13,12,0.5615001916885376,ERA5_LAND,WA014,2013,"{""type"":""Point"",""coordinates"":[-1.62,6.69]}"
201312_14,12,0.04530516639351845,ERA5_LAND,WA015,2013,"{""type"":""Point"",""coordinates"":[-16.680000000000003,13.45]}"
201401_0,1,0.0072204722091555595,ERA5_LAND,WA001,2014,"{""type"":""Point"",""coordinates"":[-17.470000000000002,14.73]}"
201401_1,1,0.008439174853265285,ERA5_LAND,WA002,2014,"{""type"":""Point"",""coordinates"":[-7.949999999999998,12.65]}"
201401_2,1,0.013828950934112072,ERA5_LAND,WA003,2014,"{""type"":""Point"",""coordinates"":[-1.5200000000000002,12.360000000000001]}"
201401_3,1,0.007781819440424442,ERA5_LAND,WA004,2014,"{""type"":""Point"",""coordinates"":[2.17,13.51]}"
201401_4,1,0.153660386800766,ERA5_LAND,WA005,2014,"{""type"":""Point"",""coordinates"":[7.33,9.07]}"
201401_5,1,1.1674916744232178,ERA5_LAND,WA006,2014,"{""type"":""Point"",""coordinates"":[-0.17,5.56]}"
201401_6,1,2.1182644367218018,ERA5_LAND,WA007,2014,"{""type"":""Point"",""coordinates"":[-3.9299999999999997,5.349999999999999]}"
201401_7,1,0.1594935655593872,ERA5_LAND,WA008,2014,"{""type"":""Point"",""coordinates"":[-13.67,9.53]}"
201401_8,1,1.102341890335083,ERA5_LAND,WA009,2014,"{""type"":""Point"",""coordinates"":[-13.230000000000002,8.489999999999998]}"
201401_9,1,5.636109352111816,ERA5_LAND,WA010,2014,"{""type"":""Point"",""coordinates"":[-10.799999999999999,6.3]}"
201401_10,1,1.3333146572113037,ERA5_LAND,WA011,2014,"{""type"":""Point"",""coordinates"":[1.22,6.130000000000001]}"
201401_11,1,1.445574164390564,ERA5_LAND,WA012,2014,"{""type"":""Point"",""coordinates"":[2.42,6.37]}"
201401_12,1,0.0014923133421689272,ERA5_LAND,WA013,2014,"{""type"":""Point"",""coordinates"":[8.52,12.05]}"
201401_13,1,1.0307732820510864,ERA5_LAND,WA014,2014,"{""type"":""Point"",""coordinates"":[-1.62,6.69]}"
201401_14,1,0.0013946191174909472,ERA5_LAND,WA015,2014,"{""type"":""Point"",""coordinates"":[-16.680000000000003,13.45]}"
201402_0,2,8.438267977908254E-4,ERA5_LAND,WA001,2014,"{""type"":""Point"",""coordinates"":[-17.470000000000002,14.73]}"
201402_1,2,8.438267977908254E-4,ERA5_LAND,WA002,2014,"{""type"":""Point"",""coordinates"":[-7.949999999999998,12.65]}"
201402_2,2,0.021106472238898277,ERA5_LAND,WA003,2014,"{""type"":""Point"",""coordinates"":[-1.5200000000000002,12.360000000000001]}"
201402_3,2,0.031779684126377106,ERA5_LAND,WA004,2014,"{""type"":""Point"",""coordinates"":[2.17,13.51]}"
201402_4,2,0.24196426570415497,ERA5_LAND,WA005,2014,"{""type"":""Point"",""coordinates"":[7.33,9.07]}"
201402_5,2,1.6656712293624878,ERA5_LAND,WA006,2014,"{""type"":""Point"",""coordinates"":[-0.17,5.56]}"
201402_6,2,3.848780870437622,ERA5_LAND,WA007,2014,"{""type"":""Point"",""coordinates"":[-3.9299999999999997,5.349999999999999]}"
201402_7,2,0.011179998517036438,ERA5_LAND,WA008,2014,"{""type"":""Point"",""coordinates"":[-13.67,9.53]}"
201402_8,2,0.1354537159204483,ERA5_LAND,WA009,2014,"{""type"":""Point"",""coordinates"":[-13.230000000000002,8.489999999999998]}"
201402_9,2,5.048474311828613,ERA5_LAND,WA010,2014,"{""type"":""Point"",""coordinates"":[-10.799999999999999,6.3]}"
201402_10,2,1.649741291999817,ERA5_LAND,WA011,2014,"{""type"":""Point"",""coordinates"":[1.22,6.130000000000001]}"
201402_11,2,1.3420367240905762,ERA5_LAND,WA012,2014,"{""type"":""Point"",""coordinates"":[2.42,6.37]}"
201402_12,2,8.438267977908254E-4,ERA5_LAND,WA013,2014,"{""type"":""Point"",""coordinates"":[8.52,12.05]}"
201402_13,2,1.283653974533081,ERA5_LAND,WA014,2014,"{""type"":""Point"",""coordinates"":[-1.62,6.69]}"
201402_14,2,8.438267977908254E-4,ERA5_LAND,WA015,2014,"{""type"":""Point"",""coordinates"":[-16.680000000000003,13.45]}"
201403_0,3,9.107847581617534E-4,ERA5_LAND,WA001,2014,"{""type"":""Point"",""coordinates"":[-17.470000000000002,14.73]}"
201403_1,3,0.00371742295101285,ERA5_LAND,WA002,2014,"{""type"":""Point"",""coordinates"":[-7.949999999999998,12.65]}"
201403_2,3,0.006272060796618462,ERA5_LAND,WA003,2014,"{""type"":""Point"",""coordinates"":[-1.5200000000000002,12.360000000000001]}"
201403_3,3,9.317108197137713E-4,ERA5_LAND,WA004,2014,"{""type"":""Point"",""coordinates"":[2.17,13.51]}"
201403_4,3,1.0820951461791992,ERA5_LAND,WA005,2014,"{""type"":""Point"",""coordinates"":[7.33,9.07]}"
201403_5,3,1.6447370052337646,ERA5_LAND,WA006,2014,"{""type"":""Point"",""coordinates"":[-0.17,5.56]}"
201403_6,3,3.0989325046539307,ERA5_LAND,WA007,2014,"{""type"":""Point"",""coordinates"":[-3.9299999999999997,5.349999999999999]}"
201403_7,3,0.01652587205171585,ERA5_LAND,WA008,2014,"{""type"":""Point"",""coordinates"":[-13.67,9.53]}"
201403_8,3,0.23487217724323273,ERA5_LAND,WA009,2014,"{""type"":""Point"",""coordinates"":[-13.230000000000002,8.489999999999998]}"
201403_9,3,2.8833978176116943,ERA5_LAND,WA010,2014,"{""type"":""Point"",""coordinates"":[-10.799999999999999,6.3]}"
201403_10,3,1.728599190711975,ERA5_LAND,WA011,2014,"{""type"":""Point"",""coordinates"":[1.22,6.130000000000001]}"
201403_11,3,2.164879083633423,ERA5_LAND,WA012,2014,"{""type"":""Point"",""coordinates"":[2.42,6.37]}"
201403_12,3,8.984549203887582E-4,ERA5_LAND,WA013,2014,"{""type"":""Point"",""coordinates"":[8.52,12.05]}"
201403_13,3,3.890239715576172,ERA5_LAND,WA014,2014,"{""type"":""Point"",""coordinates"":[-1.62,6.69]}"
201403_14,3,8.653972181491554E-4,ERA5_LAND,WA015,2014,"{""type"":""Point"",""coordinates"":[-16.680000000000003,13.45]}"
201404_0,4,0.0010885082883760333,ERA5_LAND,WA001,2014,"{""type"":""Point"",""coordinates"":[-17.470000000000002,14.73]}"
201404_1,4,0.059858374297618866,ERA5_LAND,WA002,2014,"{""type"":""Point"",""coordinates"":[-7.949999999999998,12.65]}"
201404_2,4,0.249916210770607,ERA5_LAND,WA003,2014,"{""type"":""Point"",""coordinates"":[-1.5200000000000002,12.360000000000001]}"
201404_3,4,0.049350202083587646,ERA5_LAND,WA004,2014,"{""type"":""Point"",""coordinates"":[2.17,13.51]}"
201404_4,4,2.389268159866333,ERA5_LAND,WA005,2014,"{""type"":""Point"",""coordinates"":[7.33,9.07]}"
201404_5,4,2.918807029724121,ERA5_LAND,WA006,2014,"{""type"":""Point"",""coordinates"":[-0.17,5.56]}"
201404_6,4,4.843318462371826,ERA5_LAND,WA007,2014,"{""type"":""Point"",""coordinates"":[-3.9299999999999997,5.349999999999999]}"
201404_7,4,0.06039614975452423,ERA5_LAND,WA008,2014,"{""type"":""Point"",""coordinates"":[-13.67,9.53]}"
201404_8,4,0.4681467115879059,ERA5_LAND,WA009,2014,"{""type"":""Point"",""coordinates"":[-13.230000000000002,8.489999999999998]}"
201404_9,4,5.338447093963623,ERA5_LAND,WA010,2014,"{""type"":""Point"",""coordinates"":[-10.799999999999999,6.3]}"
201404_10,4,2.7626402378082275,ERA5_LAND,WA011,2014,"{""type"":""Point"",""coordinates"":[1.22,6.130000000000001]}"
201404_11,4,2.5218706130981445,ERA5_LAND,WA012,2014,"{""type"":""Point"",""coordinates"":[2.42,6.37]}"
201404_12,4,0.061443038284778595,ERA5_LAND,WA013,2014,"{""type"":""Point"",""coordinates"":[8.52,12.05]}"
201404_13,4,3.858170509338379,ERA5_LAND,WA014,2014,"{""type"":""Point"",""coordinates"":[-1.62,6.69]}"
201404_14,4,8.750171982683241E-4,ERA5_LAND,WA015,2014,"{""type"":""Point"",""coordinates"":[-16.680000000000003,13.45]}"
201405_0,5,0.015096830204129219,ERA5_LAND,WA001,2014,"{""type"":""Point"",""coordinates"":[-17.470000000000002,14.73]}"
201405_1,5,2.1763927936553955,ERA5_LAND,WA002,2014,"{""type"":""Point"",""coordinates"":[-7.949999999999998,12.65]}"
201405_2,5,1.0668671131134033,ERA5_LAND,WA003,2014,"{""type"":""Point"",""coordinates"":[-1.5200000000000002,12.360000000000001]}"
201405_3,5,0.27458593249320984,ERA5_LAND,WA004,2014,"{""type"":""Point"",""coordinates"":[2.17,13.51]}"
201405_4,5,8.319599151611328,ERA5_LAND,WA005,2014,"{""type"":""Point"",""coordinates"":[7.33,9.07]}"
201405_5,5,4.087109565734863,ERA5_LAND,WA006,2014,"{""type"":""Point"",""coordinates"":[-0.17,5.56]}"
201405_6,5,12.50598430633545,ERA5_LAND,WA007,2014,"{""type"":""Point"",""coordinates"":[-3.9299999999999997,5.349999999999999]}"
201405_7,5,2.874850034713745,ERA5_LAND,WA008,2014,"{""type"":""Point"",""coordinates"":[-13.67,9.53]}"
201405_8,5,8.267088890075684,ERA5_LAND,WA009,2014,"{""type"":""Point"",""coordinates"":[-13.230000000000002,8.489999999999998]}"
201405_9,5,10.0162935256958,ERA5_LAND,WA010,2014,"{""type"":""Point"",""coordinates"":[-10.799999999999999,6.3]}"
201405_10,5,5.493951797485352,ERA5_LAND,WA011,2014,"{""type"":""Point"",""coordinates"":[1.22,6.130000000000001]}"
201405_11,5,6.749056816101074,ERA5_LAND,WA012,2014,"{""type"":""Point"",""coordinates"":[2.42,6.37]}"
201405_12,5,1.6298561096191406,ERA5_LAND,WA013,2014,"{""type"":""Point"",""coordinates"":[8.52,12.05]}"
201405_13,5,5.208310127258301,ERA5_LAND,WA014,2014,"{""type"":""Point"",""coordinates"":[-1.62,6.69]}"
201405_14,5,0.005373060237616301,ERA5_LAND,WA015,2014,"{""type"":""Point"",""coordinates"":[-16.680000000000003,13.45]}"
201406_0,6,0.001993467565625906,ERA5_LAND,WA001,2014,"{""type"":""Point"",""coordinates"":[-17.470000000000002,14.73]}"
201406_1,6,2.952364206314087,ERA5_LAND,WA002,2014,"{""type"":""Point"",""coordinates"":[-7.949999999999998,12.65]}"
201406_2,6,1.063246488571167,ERA5_LAND,WA003,2014,"{""type"":""Point"",""coordinates"":[-1.5200000000000002,12.360000000000001]}"
201406_3,6,0.3281989097595215,ERA5_LAND,WA004,2014,"{""type"":""Point"",""coordinates"":[2.17,13.51]}"
201406_4,6,6.384291648864746,ERA5_LAND,WA005,2014,"{""type"":""Point"",""coordinates"":[7.33,9.07]}"
201406_5,6,7.770639419555664,ERA5_LAND,WA006,2014,"{""type"":""Point"",""coordinates"":[-0.17,5.56]}"
201406_6,6,12.404759407043457,ERA5_LAND,WA007,2014,"{""type"":""Point"",""coordinates"":[-3.9299999999999997,5.349999999999999]}"
201406_7,6,7.576145648956299,ERA5_LAND,WA008,2014,"{""type"":""Point"",""coordinates"":[-13.67,9.53]}"
201406_8,6,10.638638496398926,ERA5_LAND,WA009,2014,"{""type"":""Point"",""coordinates"":[-13.230000000000002,8.489999999999998]}"
201406_9,6,13.074020385742188,ERA5_LAND,WA010,2014,"{""type"":""Point"",""coordinates"":[-10.799999999999999,6.3]}"
201406_10,6,8.668396949768066,ERA5_LAND,WA011,2014,"{""type"":""Point"",""coordinates"":[1.22,6.130000000000001]}"
201406_11,6,11.377198219299316,ERA5_LAND,WA012,2014,"{""type"":""Point"",""coordinates"":[2.42,6.37]}"
201406_12,6,0.9993772506713867,ERA5_LAND,WA013,2014,"{""type"":""Point"",""coordinates"":[8.52,12.05]}"
201406_13,6,6.283623695373535,ERA5_LAND,WA014,2014,"{""type"":""Point"",""coordinates"":[-1.62,6.69]}"
201406_14,6,0.37425824999809265,ERA5_LAND,WA015,2014,"{""type"":""Point"",""coordinates"":[-16.680000000000003,13.45]}"
201407_0,7,0.125510573387146,ERA5_LAND,WA001,2014,"{""type"":""Point"",""coordinates"":[-17.470000000000002,14.73]}"
201407_1,7,4.1590046882629395,ERA5_LAND,WA002,2014,"{""type"":""Point"",""coordinates"":[-7.949999999999998,12.65]}"
201407_2,7,3.3884315490722656,ERA5_LAND,WA003,2014,"{""type"":""Point"",""coordinates"":[-1.5200000000000002,12.360000000000001]}"
201407_3,7,1.7480382919311523,ERA5_LAND,WA004,2014,"{""type"":""Point"",""coordinates"":[2.17,13.51]}"
201407_4,7,7.537994384765625,ERA5_LAND,WA005,2014,"{""type"":""Point"",""coordinates"":[7.33,9.07]}"
201407_5,7,4.324163913726807,ERA5_LAND,WA006,2014,"{""type"":""Point"",""coordinates"":[-0.17,5.56]}"
201407_6,7,6.806222438812256,ERA5_LAND,WA007,2014,"{""type"":""Point"",""coordinates"":[-3.9299999999999997,5.349999999999999]}"
201407_7,7,12.347599029541016,ERA5_LAND,WA008,2014,"{""type"":""Point"",""coordinates"":[-13.67,9.53]}"
201407_8,7,21.19428062438965,ERA5_LAND,WA009,2014,"{""type"":""Point"",""coordinates"":[-13.230000000000002,8.489999999999998]}"
201407_9,7,19.757539749145508,ERA5_LAND,WA010,2014,"{""type"":""Point"",""coordinates"":[-10.799999999999999,6.3]}"
201407_10,7,4.092405319213867,ERA5_LAND,WA011,2014,"{""type"":""Point"",""coordinates"":[1.22,6.130000000000001]}"
201407_11,7,4.980898857116699,ERA5_LAND,WA012,2014,"{""type"":""Point"",""coordinates"":[2.42,6.37]}"
201407_12,7,4.837553024291992,ERA5_LAND,WA013,2014,"{""type"":""Point"",""coordinates"":[8.52,12.05]}"
201407_13,7,3.505556344985962,ERA5_LAND,WA014,2014,"{""type"":""Point"",""coordinates"":[-1.62,6.69]}"
201407_14,7,3.1816599369049072,ERA5_LAND,WA015,2014,"{""type"":""Point"",""coordinates"":[-16.680000000000003,13.45]}"
201408_0,8,2.0498030185699463,ERA5_LAND,WA001,2014,"{""type"":""Point"",""coordinates"":[-17.470000000000002,14.73]}"
201408_1,8,5.713430881500244,ERA5_LAND,WA002,2014,"{""type"":""Point"",""coordinates"":[-7.949999999999998,12.65]}"
201408_2,8,4.777766227722168,ERA5_LAND,WA003,2014,"{""type"":""Point"",""coordinates"":[-1.5200000000000002,12.360000000000001]}"
201408_3,8,6.568378448486328,ERA5_LAND,WA004,2014,"{""type"":""Point"",""coordinates"":[2.17,13.51]}"
201408_4,8,10.97276496887207,ERA5_LAND,WA005,2014,"{""type"":""Point"",""coordinates"":[7.33,9.07]}"
201408_5,8,2.276189088821411,ERA5_LAND,WA006,2014,"{""type"":""Point"",""coordinates"":[-0.17,5.56]}"
201408_6,8,3.0454585552215576,ERA5_LAND,WA007,2014,"{""type"":""Point"",""coordinates"":[-3.9299999999999997,5.349999999999999]}"
201408_7,8,30.435321807861328,ERA5_LAND,WA008,2014,"{""type"":""Point"",""coordinates"":[-13.67,9.53]}"
201408_8,8,31.05970001220703,ERA5_LAND,WA009,2014,"{""type"":""Point"",""coordinates"":[-13.230000000000002,8.489999999999998]}"
201408_9,8,14.980585098266602,ERA5_LAND,WA010,2014,"{""type"":""Point"",""coordinates"":[-10.799999999999999,6.3]}"
201408_10,8,2.584172010421753,ERA5_LAND,WA011,2014,"{""type"":""Point"",""coordinates"":[1.22,6.130000000000001]}"
201408_11,8,8.688678741455078,ERA5_LAND,WA012,2014,"{""type"":""Point"",""coordinates"":[2.42,6.37]}"
201408_12,8,12.62568473815918,ERA5_LAND,WA013,2014,"{""type"":""Point"",""coordinates"":[8.52,12.05]}"
201408_13,8,4.301721572875977,ERA5_LAND,WA014,2014,"{""type"":""Point"",""coordinates"":[-1.62,6.69]}"
201408_14,8,8.108882904052734,ERA5_LAND,WA015,2014,"{""type"":""Point"",""coordinates"":[-16.680000000000003,13.45]}"
201409_0,9,1.853818655014038,ERA5_LAND,WA001,2014,"{""type"":""Point"",""coordinates"":[-17.470000000000002,14.73]}"
201409_1,9,6.856905460357666,ERA5_LAND,WA002,2014,"{""type"":""Point"",""coordinates"":[-7.949999999999998,12.65]}"
201409_2,9,3.5689961910247803,ERA5_LAND,WA003,2014,"{""type"":""Point"",""coordinates"":[-1.5200000000000002,12.360000000000001]}"
201409_3,9,1.1437933444976807,ERA5_LAND,WA004,2014,"{""type"":""Point"",""coordinates"":[2.17,13.51]}"
201409_4,9,12.385880470275879,ERA5_LAND,WA005,2014,"{""type"":""Point"",""coordinates"":[7.33,9.07]}"
201409_5,9,3.2348978519439697,ERA5_LAND,WA006,2014,"{""type"":""Point"",""coordinates"":[-0.17,5.56]}"
201409_6,9,3.8723015785217285,ERA5_LAND,WA007,2014,"{""type"":""Point"",""coordinates"":[-3.9299999999999997,5.349999999999999]}"
201409_7,9,15.182931900024414,ERA5_LAND,WA008,2014,"{""type"":""Point"",""coordinates"":[-13.67,9.53]}"
201409_8,9,13.87005615234375,ERA5_LAND,WA009,2014,"{""type"":""Point"",""coordinates"":[-13.230000000000002,8.489999999999998]}"
201409_9,9,21.26045036315918,ERA5_LAND,WA010,2014,"{""type"":""Point"",""coordinates"":[-10.799999999999999,6.3]}"
201409_10,9,5.198550701141357,ERA5_LAND,WA011,2014,"{""type"":""Point"",""coordinates"":[1.22,6.130000000000001]}"
201409_11,9,4.635091304779053,ERA5_LAND,WA012,2014,"{""type"":""Point"",""coordinates"":[2.42,6.37]}"
201409_12,9,3.14437198638916,ERA5_LAND,WA013,2014,"{""type"":""Point"",""coordinates"":[8.52,12.05]}"
201409_13,9,4.9414191246032715,ERA5_LAND,WA014,2014,"{""type"":""Point"",""coordinates"":[-1.62,6.69]}"
201409_14,9,5.3568925857543945,ERA5_LAND,WA015,2014,"{""type"":""Point"",""coordinates"":[-16.680000000000003,13.45]}"
201410_0,10,0.13035710155963898,ERA5_LAND,WA001,2014,"{""type"":""Point"",""coordinates"":[-17.470000000000002,14.73]}"
201410_1,10,1.2960115671157837,ERA5_LAND,WA002,2014,"{""type"":""Point"",""coordinates"":[-7.949999999999998,12.65]}"
201410_2,10,1.3500291109085083,ERA5_LAND,WA003,2014,"{""type"":""Point"",""coordinates"":[-1.5200000000000002,12.360000000000001]}"
201410_3,10,0.018742242828011513,ERA5_LAND,WA004,2014,"{""type"":""Point"",""coordinates"":[2.17,13.51]}"
201410_4,10,5.176492691040039,ERA5_LAND,WA005,2014,"{""type"":""Point"",""coordinates"":[7.33,9.07]}"
201410_5,10,2.978381633758545,ERA5_LAND,WA006,2014,"{""type"":""Point"",""coordinates"":[-0.17,5.56]}"
201410_6,10,4.7095112800598145,ERA5_LAND,WA007,2014,"{""type"":""Point"",""coordinates"":[-3.9299999999999997,5.349999999999999]}"
201410_7,10,6.337611675262451,ERA5_LAND,WA008,2014,"{""type"":""Point"",""coordinates"":[-13.67,9.53]}"
201410_8,10,8.720417022705078,ERA5_LAND,WA009,2014,"{""type"":""Point"",""coordinates"":[-13.230000000000002,8.489999999999998]}"
201410_9,10,10.431200981140137,ERA5_LAND,WA010,2014,"{""type"":""Point"",""coordinates"":[-10.799999999999999,6.3]}"
201410_10,10,4.012081146240234,ERA5_LAND,WA011,2014,"{""type"":""Point"",""coordinates"":[1.22,6.130000000000001]}"
201410_11,10,3.712768077850342,ERA5_LAND,WA012,2014,"{""type"":""Point"",""coordinates"":[2.42,6.37]}"
201410_12,10,0.514931857585907,ERA5_LAND,WA013,2014,"{""type"":""Point"",""coordinates"":[8.52,12.05]}"
201410_13,10,4.158551216125488,ERA5_LAND,WA014,2014,"{""type"":""Point"",""coordinates"":[-1.62,6.69]}"
201410_14,10,1.0631310939788818,ERA5_LAND,WA015,2014,"{""type"":""Point"",""coordinates"":[-16.680000000000003,13.45]}"
201411_0,11,0.004109385423362255,ERA5_LAND,WA001,2014,"{""type"":""Point"",""coordinates"":[-17.470000000000002,14.73]}"
201411_1,11,0.08370615541934967,ERA5_LAND,WA002,2014,"{""type"":""Point"",""coordinates"":[-7.949999999999998,12.65]}"
201411_2,11,0.0032574248034507036,ERA5_LAND,WA003,2014,"{""type"":""Point"",""coordinates"":[-1.5200000000000002,12.360000000000001]}"
201411_3,11,0.0013437593588605523,ERA5_LAND,WA004,2014,"{""type"":""Point"",""coordinates"":[2.17,13.51]}"
201411_4,11,0.9171238541603088,ERA5_LAND,WA005,2014,"{""type"":""Point"",""coordinates"":[7.33,9.07]}"
201411_5,11,2.2290055751800537,ERA5_LAND,WA006,2014,"{""type"":""Point"",""coordinates"":[-0.17,5.56]}"
201411_6,11,4.733978271484375,ERA5_LAND,WA007,2014,"{""type"":""Point"",""coordinates"":[-3.9299999999999997,5.349999999999999]}"
201411_7,11,4.638081073760986,ERA5_LAND,WA008,2014,"{""type"":""Point"",""coordinates"":[-13.67,9.53]}"
201411_8,11,4.980214595794678,ERA5_LAND,WA009,2014,"{""type"":""Point"",""coordinates"":[-13.230000000000002,8.489999999999998]}"
201411_9,11,6.269535064697266,ERA5_LAND,WA010,2014,"{""type"":""Point"",""coordinates"":[-10.799999999999999,6.3]}"
201411_10,11,2.701888084411621,ERA5_LAND,WA011,2014,"{""type"":""Point"",""coordinates"":[1.22,6.130000000000001]}"
201411_11,11,3.196253776550293,ERA5_LAND,WA012,2014,"{""type"":""Point"",""coordinates"":[2.42,6.37]}"
201411_12,11,0.0010869333054870367,ERA5_LAND,WA013,2014,"{""type"":""Point"",""coordinates"":[8.52,12.05]}"
201411_13,11,2.3981618881225586,ERA5_LAND,WA014,2014,"{""type"":""Point"",""coordinates"":[-1.62,6.69]}"
201411_14,11,0.0475638210773468,ERA5_LAND,WA015,2014,"{""type"":""Point"",""coordinates"":[-16.680000000000003,13.45]}"
201412_0,12,0.010232154279947281,ERA5_LAND,WA001,2014,"{""type"":""Point"",""coordinates"":[-17.470000000000002,14.73]}"
201412_1,12,0.0036216804292052984,ERA5_LAND,WA002,2014,"{""type"":""Point"",""coordinates"":[-7.949999999999998,12.65]}"
201412_2,12,0.0010237169917672873,ERA5_LAND,WA003,2014,"{""type"":""Point"",""coordinates"":[-1.5200000000000002,12.360000000000001]}"
201412_3,12,0.0010237169917672873,ERA5_LAND,WA004,2014,"{""type"":""Point"",""coordinates"":[2.17,13.51]}"
201412_4,12,0.014961139298975468,ERA5_LAND,WA005,2014,"{""type"":""Point"",""coordinates"":[7.33,9.07]}"
201412_5,12,1.022988200187683,ERA5_LAND,WA006,2014,"{""type"":""Point"",""coordinates"":[-0.17,5.56]}"
201412_6,12,2.9438252449035645,ERA5_LAND,WA007,2014,"{""type"":""Point"",""coordinates"":[-3.9299999999999997,5.349999999999999]}"
201412_7,12,0.6035962700843811,ERA5_LAND,WA008,2014,"{""type"":""Point"",""coordinates"":[-13.67,9.53]}"
201412_8,12,1.047037959098816,ERA5_LAND,WA009,2014,"{""type"":""Point"",""coordinates"":[-13.230000000000002,8.489999999999998]}"
201412_9,12,3.199967861175537,ERA5_LAND,WA010,2014,"{""type"":""Point"",""coordinates"":[-10.799999999999999,6.3]}"
201412_10,12,1.0090065002441406,ERA5_LAND,WA011,2014,"{""type"":""Point"",""coordinates"":[1.22,6.130000000000001]}"
201412_11,12,1.318664789199829,ERA5_LAND,WA012,2014,"{""type"":""Point"",""coordinates"":[2.42,6.37]}"
201412_12,12,0.0010237169917672873,ERA5_LAND,WA013,2014,"{""type"":""Point"",""coordinates"":[8.52,12.05]}"
201412_13,12,0.7262696027755737,ERA5_LAND,WA014,2014,"{""type"":""Point"",""coordinates"":[-1.62,6.69]}"
201412_14,12,0.08402923494577408,ERA5_LAND,WA015,2014,"{""type"":""Point"",""coordinates"":[-16.680000000000003,13.45]}"
201501_0,1,0.0026718517765402794,ERA5_LAND,WA001,2015,"{""type"":""Point"",""coordinates"":[-17.470000000000002,14.73]}"
201501_1,1,0.0012192289577797055,ERA5_LAND,WA002,2015,"{""type"":""Point"",""coordinates"":[-7.949999999999998,12.65]}"
201501_2,1,0.0012192289577797055,ERA5_LAND,WA003,2015,"{""type"":""Point"",""coordinates"":[-1.5200000000000002,12.360000000000001]}"
201501_3,1,0.0012192289577797055,ERA5_LAND,WA004,2015,"{""type"":""Point"",""coordinates"":[2.17,13.51]}"
201501_4,1,0.01802246645092964,ERA5_LAND,WA005,2015,"{""type"":""Point"",""coordinates"":[7.33,9.07]}"
201501_5,1,0.6254487633705139,ERA5_LAND,WA006,2015,"{""type"":""Point"",""coordinates"":[-0.17,5.56]}"
201501_6,1,1.5639489889144897,ERA5_LAND,WA007,2015,"{""type"":""Point"",""coordinates"":[-3.9299999999999997,5.349999999999999]}"
201501_7,1,0.009487437084317207,ERA5_LAND,WA008,2015,"{""type"":""Point"",""coordinates"":[-13.67,9.53]}"
201501_8,1,0.45174089074134827,ERA5_LAND,WA009,2015,"{""type"":""Point"",""coordinates"":[-13.230000000000002,8.489999999999998]}"
201501_9,1,3.0096888542175293,ERA5_LAND,WA010,2015,"{""type"":""Point"",""coordinates"":[-10.799999999999999,6.3]}"
201501_10,1,0.5974018573760986,ERA5_LAND,WA011,2015,"{""type"":""Point"",""coordinates"":[1.22,6.130000000000001]}"
201501_11,1,0.5397943258285522,ERA5_LAND,WA012,2015,"{""type"":""Point"",""coordinates"":[2.42,6.37]}"
201501_12,1,0.0012192289577797055,ERA5_LAND,WA013,2015,"{""type"":""Point"",""coordinates"":[8.52,12.05]}"
201501_13,1,0.30555427074432373,ERA5_LAND,WA014,2015,"{""type"":""Point"",""coordinates"":[-1.62,6.69]}"
201501_14,1,0.0012192289577797055,ERA5_LAND,WA015,2015,"{""type"":""Point"",""coordinates"":[-16.680000000000003,13.45]}"
201502_0,2,0.003436769125983119,ERA5_LAND,WA001,2015,"{""type"":""Point"",""coordinates"":[-17.470000000000002,14.73]}"
201502_1,2,0.003651011036708951,ERA5_LAND,WA002,2015,"{""type"":""Point"",""coordinates"":[-7.949999999999998,12.65]}"
201502_2,2,0.04114052280783653,ERA5_LAND,WA003,2015,"{""type"":""Point"",""coordinates"":[-1.5200000000000002,12.360000000000001]}"
201502_3,2,0.06706960499286652,ERA5_LAND,WA004,2015,"{""type"":""Point"",""coordinates"":[2.17,13.51]}"
201502_4,2,0.671608567237854,ERA5_LAND,WA005,2015,"{""type"":""Point"",""coordinates"":[7.33,9.07]}"
201502_5,2,1.4384785890579224,ERA5_LAND,WA006,2015,"{""type"":""Point"",""coordinates"":[-0.17,5.56]}"
201502_6,2,3.8960068225860596,ERA5_LAND,WA007,2015,"{""type"":""Point"",""coordinates"":[-3.9299999999999997,5.349999999999999]}"
201502_7,2,0.13423363864421844,ERA5_LAND,WA008,2015,"{""type"":""Point"",""coordinates"":[-13.67,9.53]}"
201502_8,2,0.8525647521018982,ERA5_LAND,WA009,2015,"{""type"":""Point"",""coordinates"":[-13.230000000000002,8.489999999999998]}"
201502_9,2,3.969919204711914,ERA5_LAND,WA010,2015,"{""type"":""Point"",""coordinates"":[-10.799999999999999,6.3]}"
201502_10,2,1.6988768577575684,ERA5_LAND,WA011,2015,"{""type"":""Point"",""coordinates"":[1.22,6.130000000000001]}"
201502_11,2,2.3307113647460938,ERA5_LAND,WA012,2015,"{""type"":""Point"",""coordinates"":[2.42,6.37]}"
201502_12,2,9.642407530918717E-4,ERA5_LAND,WA013,2015,"{""type"":""Point"",""coordinates"":[8.52,12.05]}"
201502_13,2,1.7907367944717407,ERA5_LAND,WA014,2015,"{""type"":""Point"",""coordinates"":[-1.62,6.69]}"
201502_14,2,0.003598251612856984,ERA5_LAND,WA015,2015,"{""type"":""Point"",""coordinates"":[-16.680000000000003,13.45]}"
201503_0,3,0.001202975632622838,ERA5_LAND,WA001,2015,"{""type"":""Point"",""coordinates"":[-17.470000000000002,14.73]}"
201503_1,3,0.005149949807673693,ERA5_LAND,WA002,2015,"{""type"":""Point"",""coordinates"":[-7.949999999999998,12.65]}"
201503_2,3,0.021514572203159332,ERA5_LAND,WA003,2015,"{""type"":""Point"",""coordinates"":[-1.5200000000000002,12.360000000000001]}"
201503_3,3,0.021785099059343338,ERA5_LAND,WA004,2015,"{""type"":""Point"",""coordinates"":[2.17,13.51]}"
201503_4,3,1.0939459800720215,ERA5_LAND,WA005,2015,"{""type"":""Point"",""coordinates"":[7.33,9.07]}"
201503_5,3,2.128323554992676,ERA5_LAND,WA006,2015,"{""type"":""Point"",""coordinates"":[-0.17,5.56]}"
201503_6,3,4.118866920471191,ERA5_LAND,WA007,2015,"{""type"":""Point"",""coordinates"":[-3.9299999999999997,5.349999999999999]}"
201503_7,3,0.042492691427469254,ERA5_LAND,WA008,2015,"{""type"":""Point"",""coordinates"":[-13.67,9.53]}"
201503_8,3,0.1414227932691574,ERA5_LAND,WA009,2015,"{""type"":""Point"",""coordinates"":[-13.230000000000002,8.489999999999998]}"
201503_9,3,3.16534161567688,ERA5_LAND,WA010,2015,"{""type"":""Point"",""coordinates"":[-10.799999999999999,6.3]}"
201503_10,3,2.6609420776367188,ERA5_LAND,WA011,2015,"{""type"":""Point"",""coordinates"":[1.22,6.130000000000001]}"
201503_11,3,3.063602924346924,ERA5_LAND,WA012,2015,"{""type"":""Point"",""coordinates"":[2.42,6.37]}"
201503_12,3,0.004878724925220013,ERA5_LAND,WA013,2015,"{""type"":""Point"",""coordinates"":[8.52,12.05]}"
201503_13,3,3.481842041015625,ERA5_LAND,WA014,2015,"{""type"":""Point"",""coordinates"":[-1.62,6.69]}"
201503_14,3,0.0022138843778520823,ERA5_LAND,WA015,2015,"{""type"":""Point"",""coordinates"":[-16.680000000000003,13.45]}"
201504_0,4,0.0017655112314969301,ERA5_LAND,WA001,2015,"{""type"":""Point"",""coordinates"":[-17.470000000000002,14.73]}"
201504_1,4,0.04228968545794487,ERA5_LAND,WA002,2015,"{""type"":""Point"",""coordinates"":[-7.949999999999998,12.65]}"
201504_2,4,0.0011895459610968828,ERA5_LAND,WA003,2015,"{""type"":""Point"",""coordinates"":[-1.5200000000000002,12.360000000000001]}"
201504_3,4,0.0011714515276253223,ERA5_LAND,WA004,2015,"{""type"":""Point"",""coordinates"":[2.17,13.51]}"
201504_4,4,0.16788269579410553,ERA5_LAND,WA005,2015,"{""type"":""Point"",""coordinates"":[7.33,9.07]}"
201504_5,4,1.7610828876495361,ERA5_LAND,WA006,2015,"{""type"":""Point"",""coordinates"":[-0.17,5.56]}"
201504_6,4,4.570240497589111,ERA5_LAND,WA007,2015,"{""type"":""Point"",""coordinates"":[-3.9299999999999997,5.349999999999999]}"
201504_7,4,0.21220237016677856,ERA5_LAND,WA008,2015,"{""type"":""Point"",""coordinates"":[-13.67,9.53]}"
201504_8,4,1.1011916399002075,ERA5_LAND,WA009,2015,"{""type"":""Point"",""coordinates"":[-13.230000000000002,8.489999999999998]}"
201504_9,4,5.195000171661377,ERA5_LAND,WA010,2015,"{""type"":""Point"",""coordinates"":[-10.799999999999999,6.3]}"
201504_10,4,1.274427890777588,ERA5_LAND,WA011,2015,"{""type"":""Point"",""coordinates"":[1.22,6.130000000000001]}"
201504_11,4,1.5765405893325806,ERA5_LAND,WA012,2015,"{""type"":""Point"",""coordinates"":[2.42,6.37]}"
201504_12,4,0.0024629845283925533,ERA5_LAND,WA013,2015,"{""type"":""Point"",""coordinates"":[8.52,12.05]}"
201504_13,4,2.3206963539123535,ERA5_LAND,WA014,2015,"{""type"":""Point"",""coordinates"":[-1.62,6.69]}"
201504_14,4,0.0016244600992649794,ERA5_LAND,WA015,2015,"{""type"":""Point"",""coordinates"":[-16.680000000000003,13.45]}"
201505_0,5,0.01122912298887968,ERA5_LAND,WA001,2015,"{""type"":""Point"",""coordinates"":[-17.470000000000002,14.73]}"
201505_1,5,0.28628575801849365,ERA5_LAND,WA002,2015,"{""type"":""Point"",""coordinates"":[-7.949999999999998,12.65]}"
201505_2,5,0.1812148541212082,ERA5_LAND,WA003,2015,"{""type"":""Point"",""coordinates"":[-1.5200000000000002,12.360000000000001]}"
201505_3,5,0.030467301607131958,ERA5_LAND,WA004,2015,"{""type"":""Point"",""coordinates"":[2.17,13.51]}"
201505_4,5,2.2270617485046387,ERA5_LAND,WA005,2015,"{""type"":""Point"",""coordinates"":[7.33,9.07]}"
201505_5,5,4.4002814292907715,ERA5_LAND,WA006,2015,"{""type"":""Point"",""coordinates"":[-0.17,5.56]}"
201505_6,5,6.79073429107666,ERA5_LAND,WA007,2015,"{""type"":""Point"",""coordinates"":[-3.9299999999999997,5.349999999999999]}"
201505_7,5,2.3962278366088867,ERA5_LAND,WA008,2015,"{""type"":""Point"",""coordinates"":[-13.67,9.53]}"
201505_8,5,5.852834224700928,ERA5_LAND,WA009,2015,"{""type"":""Point"",""coordinates"":[-13.230000000000002,8.489999999999998]}"
201505_9,5,9.681014060974121,ERA5_LAND,WA010,2015,"{""type"":""Point"",""coordinates"":[-10.799999999999999,6.3]}"
201505_10,5,7.236635684967041,ERA5_LAND,WA011,2015,"{""type"":""Point"",""coordinates"":[1.22,6.130000000000001]}"
201505_11,5,5.613420486450195,ERA5_LAND,WA012,2015,"{""type"":""Point"",""coordinates"":[2.42,6.37]}"
201505_12,5,0.06713216751813889,ERA5_LAND,WA013,2015,"{""type"":""Point"",""coordinates"":[8.52,12.05]}"
201505_13,5,2.826327085494995,ERA5_LAND,WA014,2015,"{""type"":""Point"",""coordinates"":[-1.62,6.69]}"
201505_14,5,0.001849838299676776,ERA5_LAND,WA015,2015,"{""type"":""Point"",""coordinates"":[-16.680000000000003,13.45]}"
201506_0,6,0.0010664891451597214,ERA5_LAND,WA001,2015,"{""type"":""Point"",""coordinates"":[-17.470000000000002,14.73]}"
201506_1,6,1.1667767763137817,ERA5_LAND,WA002,2015,"{""type"":""Point"",""coordinates"":[-7.949999999999998,12.65]}"
201506_2,6,1.1152116060256958,ERA5_LAND,WA003,2015,"{""type"":""Point"",""coordinates"":[-1.5200000000000002,12.360000000000001]}"
201506_3,6,0.6662872433662415,ERA5_LAND,WA004,2015,"{""type"":""Point"",""coordinates"":[2.17,13.51]}"
201506_4,6,3.2878966331481934,ERA5_LAND,WA005,2015,"{""type"":""Point"",""coordinates"":[7.33,9.07]}"
201506_5,6,5.919373512268066,ERA5_LAND,WA006,2015,"{""type"":""Point"",""coordinates"":[-0.17,5.56]}"
201506_6,6,12.744266510009766,ERA5_LAND,WA007,2015,"{""type"":""Point"",""coordinates"":[-3.9299999999999997,5.349999999999999]}"
201506_7,6,7.302868366241455,ERA5_LAND,WA008,2015,"{""type"":""Point"",""coordinates"":[-13.67,9.53]}"
201506_8,6,11.517849922180176,ERA5_LAND,WA009,2015,"{""type"":""Point"",""coordinates"":[-13.230000000000002,8.489999999999998]}"
201506_9,6,17.483762741088867,ERA5_LAND,WA010,2015,"{""type"":""Point"",""coordinates"":[-10.799999999999999,6.3]}"
201506_10,6,4.951836109161377,ERA5_LAND,WA011,2015,"{""type"":""Point"",""coordinates"":[1.22,6.130000000000001]}"
201506_11,6,6.207992076873779,ERA5_LAND,WA012,2015,"{""type"":""Point"",""coordinates"":[2.42,6.37]}"
201506_12,6,1.1317744255065918,ERA5_LAND,WA013,2015,"{""type"":""Point"",""coordinates"":[8.52,12.05]}"
201506_13,6,5.4290876388549805,ERA5_LAND,WA014,2015,"{""type"":""Point"",""coordinates"":[-1.62,6.69]}"
201506_14,6,0.00777277210727334,ERA5_LAND,WA015,2015,"{""type"":""Point"",""coordinates"":[-16.680000000000003,13.45]}"
201507_0,7,1.4279104471206665,ERA5_LAND,WA001,2015,"{""type"":""Point"",""coordinates"":[-17.470000000000002,14.73]}"
201507_1,7,6.300062656402588,ERA5_LAND,WA002,2015,"{""type"":""Point"",""coordinates"":[-7.949999999999998,12.65]}"
201507_2,7,5.08819055557251,ERA5_LAND,WA003,2015,"{""type"":""Point"",""coordinates"":[-1.5200000000000002,12.360000000000001]}"
201507_3,7,1.1171263456344604,ERA5_LAND,WA004,2015,"{""type"":""Point"",""coordinates"":[2.17,13.51]}"
201507_4,7,9.25157356262207,ERA5_LAND,WA005,2015,"{""type"":""Point"",""coordinates"":[7.33,9.07]}"
201507_5,7,5.100741863250732,ERA5_LAND,WA006,2015,"{""type"":""Point"",""coordinates"":[-0.17,5.56]}"
201507_6,7,2.5808677673339844,ERA5_LAND,WA007,2015,"{""type"":""Point"",""coordinates"":[-3.9299999999999997,5.349999999999999]}"
201507_7,7,18.75716209411621,ERA5_LAND,WA008,2015,"{""type"":""Point"",""coordinates"":[-13.67,9.53]}"
201507_8,7,15.972161293029785,ERA5_LAND,WA009,2015,"{""type"":""Point"",""coordinates"":[-13.230000000000002,8.489999999999998]}"
201507_9,7,11.31373405456543,ERA5_LAND,WA010,2015,"{""type"":""Point"",""coordinates"":[-10.799999999999999,6.3]}"
201507_10,7,5.017477035522461,ERA5_LAND,WA011,2015,"{""type"":""Point"",""coordinates"":[1.22,6.130000000000001]}"
201507_11,7,4.449034690856934,ERA5_LAND,WA012,2015,"{""type"":""Point"",""coordinates"":[2.42,6.37]}"
201507_12,7,5.384520530700684,ERA5_LAND,WA013,2015,"{""type"":""Point"",""coordinates"":[8.52,12.05]}"
201507_13,7,2.613624095916748,ERA5_LAND,WA014,2015,"{""type"":""Point"",""coordinates"":[-1.62,6.69]}"
201507_14,7,5.399166584014893,ERA5_LAND,WA015,2015,"{""type"":""Point"",""coordinates"":[-16.680000000000003,13.45]}"
201508_0,8,8.137681007385254,ERA5_LAND,WA001,2015,"{""type"":""Point"",""coordinates"":[-17.470000000000002,14.73]}"
201508_1,8,9.132561683654785,ERA5_LAND,WA002,2015,"{""type"":""Point"",""coordinates"":[-7.949999999999998,12.65]}"
201508_2,8,10.994524002075195,ERA5_LAND,WA003,2015,"{""type"":""Point"",""coordinates"":[-1.5200000000000002,12.360000000000001]}"
201508_3,8,5.57763671875,ERA5_LAND,WA004,2015,"{""type"":""Point"",""coordinates"":[2.17,13.51]}"
201508_4,8,14.229499816894531,ERA5_LAND,WA005,2015,"{""type"":""Point"",""coordinates"":[7.33,9.07]}"
201508_5,8,1.2481727600097656,ERA5_LAND,WA006,2015,"{""type"":""Point"",""coordinates"":[-0.17,5.56]}"
201508_6,8,2.862975835800171,ERA5_LAND,WA007,2015,"{""type"":""Point"",""coordinates"":[-3.9299999999999997,5.349999999999999]}"
201508_7,8,26.77284049987793,ERA5_LAND,WA008,2015,"{""type"":""Point"",""coordinates"":[-13.67,9.53]}"
201508_8,8,26.529590606689453,ERA5_LAND,WA009,2015,"{""type"":""Point"",""coordinates"":[-13.230000000000002,8.489999999999998]}"
201508_9,8,16.182191848754883,ERA5_LAND,WA010,2015,"{""type"":""Point"",""coordinates"":[-10.799999999999999,6.3]}"
201508_10,8,1.6088579893112183,ERA5_LAND,WA011,2015,"{""type"":""Point"",""coordinates"":[1.22,6.130000000000001]}"
201508_11,8,2.5960659980773926,ERA5_LAND,WA012,2015,"{""type"":""Point"",""coordinates"":[2.42,6.37]}"
201508_12,8,9.299437522888184,ERA5_LAND,WA013,2015,"{""type"":""Point"",""coordinates"":[8.52,12.05]}"
201508_13,8,1.823214054107666,ERA5_LAND,WA014,2015,"{""type"":""Point"",""coordinates"":[-1.62,6.69]}"
201508_14,8,8.812872886657715,ERA5_LAND,WA015,2015,"{""type"":""Point"",""coordinates"":[-16.680000000000003,13.45]}"
201509_0,9,4.215678691864014,ERA5_LAND,WA001,2015,"{""type"":""Point"",""coordinates"":[-17.470000000000002,14.73]}"
201509_1,9,5.765353202819824,ERA5_LAND,WA002,2015,"{""type"":""Point"",""coordinates"":[-7.949999999999998,12.65]}"
201509_2,9,3.4022810459136963,ERA5_LAND,WA003,2015,"{""type"":""Point"",""coordinates"":[-1.5200000000000002,12.360000000000001]}"
201509_3,9,2.386960029602051,ERA5_LAND,WA004,2015,"{""type"":""Point"",""coordinates"":[2.17,13.51]}"
201509_4,9,8.938273429870605,ERA5_LAND,WA005,2015,"{""type"":""Point"",""coordinates"":[7.33,9.07]}"
201509_5,9,1.4486137628555298,ERA5_LAND,WA006,2015,"{""type"":""Point"",""coordinates"":[-0.17,5.56]}"
201509_6,9,1.8770414590835571,ERA5_LAND,WA007,2015,"{""type"":""Point"",""coordinates"":[-3.9299999999999997,5.349999999999999]}"
201509_7,9,24.23529815673828,ERA5_LAND,WA008,2015,"{""type"":""Point"",""coordinates"":[-13.67,9.53]}"
201509_8,9,21.718568801879883,ERA5_LAND,WA009,2015,"{""type"":""Point"",""coordinates"":[-13.230000000000002,8.489999999999998]}"
201509_9,9,21.74612808227539,ERA5_LAND,WA010,2015,"{""type"":""Point"",""coordinates"":[-10.799999999999999,6.3]}"
201509_10,9,1.9747716188430786,ERA5_LAND,WA011,2015,"{""type"":""Point"",""coordinates"":[1.22,6.130000000000001]}"
201509_11,9,3.5111989974975586,ERA5_LAND,WA012,2015,"{""type"":""Point"",""coordinates"":[2.42,6.37]}"
201509_12,9,3.922872304916382,ERA5_LAND,WA013,2015,"{""type"":""Point"",""coordinates"":[8.52,12.05]}"
201509_13,9,2.466050386428833,ERA5_LAND,WA014,2015,"{""type"":""Point"",""coordinates"":[-1.62,6.69]}"
201509_14,9,7.7904372215271,ERA5_LAND,WA015,2015,"{""type"":""Point"",""coordinates"":[-16.680000000000003,13.45]}"
201510_0,10,1.0712021589279175,ERA5_LAND,WA001,2015,"{""type"":""Point"",""coordinates"":[-17.470000000000002,14.73]}"
201510_1,10,2.3404126167297363,ERA5_LAND,WA002,2015,"{""type"":""Point"",""coordinates"":[-7.949999999999998,12.65]}"
201510_2,10,1.6671961545944214,ERA5_LAND,WA003,2015,"{""type"":""Point"",""coordinates"":[-1.5200000000000002,12.360000000000001]}"
201510_3,10,0.1168045848608017,ERA5_LAND,WA004,2015,"{""type"":""Point"",""coordinates"":[2.17,13.51]}"
201510_4,10,6.227445602416992,ERA5_LAND,WA005,2015,"{""type"":""Point"",""coordinates"":[7.33,9.07]}"
201510_5,10,3.1242589950561523,ERA5_LAND,WA006,2015,"{""type"":""Point"",""coordinates"":[-0.17,5.56]}"
201510_6,10,4.9314117431640625,ERA5_LAND,WA007,2015,"{""type"":""Point"",""coordinates"":[-3.9299999999999997,5.349999999999999]}"
201510_7,10,7.9780426025390625,ERA5_LAND,WA008,2015,"{""type"":""Point"",""coordinates"":[-13.67,9.53]}"
201510_8,10,9.594388961791992,ERA5_LAND,WA009,2015,"{""type"":""Point"",""coordinates"":[-13.230000000000002,8.489999999999998]}"
201510_9,10,10.198271751403809,ERA5_LAND,WA010,2015,"{""type"":""Point"",""coordinates"":[-10.799999999999999,6.3]}"
201510_10,10,3.3475894927978516,ERA5_LAND,WA011,2015,"{""type"":""Point"",""coordinates"":[1.22,6.130000000000001]}"
201510_11,10,4.171135425567627,ERA5_LAND,WA012,2015,"{""type"":""Point"",""coordinates"":[2.42,6.37]}"
201510_12,10,0.4607253074645996,ERA5_LAND,WA013,2015,"{""type"":""Point"",""coordinates"":[8.52,12.05]}"
201510_13,10,4.046970844268799,ERA5_LAND,WA014,2015,"{""type"":""Point"",""coordinates"":[-1.62,6.69]}"
201510_14,10,2.974611520767212,ERA5_LAND,WA015,2015,"{""type"":""Point"",""coordinates"":[-16.680000000000003,13.45]}"
201511_0,11,0.008640270680189133,ERA5_LAND,WA001,2015,"{""type"":""Point"",""coordinates"":[-17.470000000000002,14.73]}"
201511_1,11,0.031706731766462326,ERA5_LAND,WA002,2015,"{""type"":""Point"",""coordinates"":[-7.949999999999998,12.65]}"
201511_2,11,0.039202913641929626,ERA5_LAND,WA003,2015,"{""type"":""Point"",""coordinates"":[-1.5200000000000002,12.360000000000001]}"
201511_3,11,9.890212677419186E-4,ERA5_LAND,WA004,2015,"{""type"":""Point"",""coordinates"":[2.17,13.51]}"
201511_4,11,0.09454701095819473,ERA5_LAND,WA005,2015,"{""type"":""Point"",""coordinates"":[7.33,9.07]}"
201511_5,11,1.79927396774292,ERA5_LAND,WA006,2015,"{""type"":""Point"",""coordinates"":[-0.17,5.56]}"
201511_6,11,5.434695243835449,ERA5_LAND,WA007,2015,"{""type"":""Point"",""coordinates"":[-3.9299999999999997,5.349999999999999]}"
201511_7,11,2.599165439605713,ERA5_LAND,WA008,2015,"{""type"":""Point"",""coordinates"":[-13.67,9.53]}"
201511_8,11,3.9958395957946777,ERA5_LAND,WA009,2015,"{""type"":""Point"",""coordinates"":[-13.230000000000002,8.489999999999998]}"
201511_9,11,7.672484874725342,ERA5_LAND,WA010,2015,"{""type"":""Point"",""coordinates"":[-10.799999999999999,6.3]}"
201511_10,11,2.303048610687256,ERA5_LAND,WA011,2015,"{""type"":""Point"",""coordinates"":[1.22,6.130000000000001]}"
201511_11,11,2.9698312282562256,ERA5_LAND,WA012,2015,"{""type"":""Point"",""coordinates"":[2.42,6.37]}"
201511_12,11,9.890212677419186E-4,ERA5_LAND,WA013,2015,"{""type"":""Point"",""coordinates"":[8.52,12.05]}"
201511_13,11,2.0960772037506104,ERA5_LAND,WA014,2015,"{""type"":""Point"",""coordinates"":[-1.62,6.69]}"
201511_14,11,0.3758973777294159,ERA5_LAND,WA015,2015,"{""type"":""Point"",""coordinates"":[-16.680000000000003,13.45]}"
201512_0,12,0.0017525801667943597,ERA5_LAND,WA001,2015,"{""type"":""Point"",""coordinates"":[-17.470000000000002,14.73]}"
201512_1,12,8.13326274510473E-4,ERA5_LAND,WA002,2015,"{""type"":""Point"",""coordinates"":[-7.949999999999998,12.65]}"
201512_2,12,8.13326274510473E-4,ERA5_LAND,WA003,2015,"{""type"":""Point"",""coordinates"":[-1.5200000000000002,12.360000000000001]}"
201512_3,12,8.13326274510473E-4,ERA5_LAND,WA004,2015,"{""type"":""Point"",""coordinates"":[2.17,13.51]}"
201512_4,12,8.13326274510473E-4,ERA5_LAND,WA005,2015,"{""type"":""Point"",""coordinates"":[7.33,9.07]}"
201512_5,12,0.25692376494407654,ERA5_LAND,WA006,2015,"{""type"":""Point"",""coordinates"":[-0.17,5.56]}"
201512_6,12,0.9435037970542908,ERA5_LAND,WA007,2015,"{""type"":""Point"",""coordinates"":[-3.9299999999999997,5.349999999999999]}"
201512_7,12,0.038123950362205505,ERA5_LAND,WA008,2015,"{""type"":""Point"",""coordinates"":[-13.67,9.53]}"
201512_8,12,0.2559663653373718,ERA5_LAND,WA009,2015,"{""type"":""Point"",""coordinates"":[-13.230000000000002,8.489999999999998]}"
201512_9,12,1.054856300354004,ERA5_LAND,WA010,2015,"{""type"":""Point"",""coordinates"":[-10.799999999999999,6.3]}"
201512_10,12,0.17606014013290405,ERA5_LAND,WA011,2015,"{""type"":""Point"",""coordinates"":[1.22,6.130000000000001]}"
201512_11,12,0.2083900272846222,ERA5_LAND,WA012,2015,"{""type"":""Point"",""coordinates"":[2.42,6.37]}"
201512_12,12,8.13326274510473E-4,ERA5_LAND,WA013,2015,"{""type"":""Point"",""coordinates"":[8.52,12.05]}"
201512_13,12,0.059592023491859436,ERA5_LAND,WA014,2015,"{""type"":""Point"",""coordinates"":[-1.62,6.69]}"
201512_14,12,0.0031911309342831373,ERA5_LAND,WA015,2015,"{""type"":""Point"",""coordinates"":[-16.680000000000003,13.45]}"
201601_0,1,7.578395307064056E-4,ERA5_LAND,WA001,2016,"{""type"":""Point"",""coordinates"":[-17.470000000000002,14.73]}"
201601_1,1,0.41291600465774536,ERA5_LAND,WA002,2016,"{""type"":""Point"",""coordinates"":[-7.949999999999998,12.65]}"
201601_2,1,0.0021040907595306635,ERA5_LAND,WA003,2016,"{""type"":""Point"",""coordinates"":[-1.5200000000000002,12.360000000000001]}"
201601_3,1,0.0013496127212420106,ERA5_LAND,WA004,2016,"{""type"":""Point"",""coordinates"":[2.17,13.51]}"
201601_4,1,6.895826081745327E-4,ERA5_LAND,WA005,2016,"{""type"":""Point"",""coordinates"":[7.33,9.07]}"
201601_5,1,0.4909733533859253,ERA5_LAND,WA006,2016,"{""type"":""Point"",""coordinates"":[-0.17,5.56]}"
201601_6,1,0.833961546421051,ERA5_LAND,WA007,2016,"{""type"":""Point"",""coordinates"":[-3.9299999999999997,5.349999999999999]}"
201601_7,1,0.1591387242078781,ERA5_LAND,WA008,2016,"{""type"":""Point"",""coordinates"":[-13.67,9.53]}"
201601_8,1,0.41626664996147156,ERA5_LAND,WA009,2016,"{""type"":""Point"",""coordinates"":[-13.230000000000002,8.489999999999998]}"
201601_9,1,1.587119221687317,ERA5_LAND,WA010,2016,"{""type"":""Point"",""coordinates"":[-10.799999999999999,6.3]}"
201601_10,1,0.5209600925445557,ERA5_LAND,WA011,2016,"{""type"":""Point"",""coordinates"":[1.22,6.130000000000001]}"
201601_11,1,0.44382545351982117,ERA5_LAND,WA012,2016,"{""type"":""Point"",""coordinates"":[2.42,6.37]}"
201601_12,1,6.895826081745327E-4,ERA5_LAND,WA013,2016,"{""type"":""Point"",""coordinates"":[8.52,12.05]}"
201601_13,1,0.088194839656353,ERA5_LAND,WA014,2016,"{""type"":""Point"",""coordinates"":[-1.62,6.69]}"
201601_14,1,0.0040993900038301945,ERA5_LAND,WA015,2016,"{""type"":""Point"",""coordinates"":[-16.680000000000003,13.45]}"
201602_0,2,0.0011527877068147063,ERA5_LAND,WA001,2016,"{""type"":""Point"",""coordinates"":[-17.470000000000002,14.73]}"
201602_1,2,0.0011527877068147063,ERA5_LAND,WA002,2016,"{""type"":""Point"",""coordinates"":[-7.949999999999998,12.65]}"
201602_2,2,0.006709450855851173,ERA5_LAND,WA003,2016,"{""type"":""Point"",""coordinates"":[-1.5200000000000002,12.360000000000001]}"
201602_3,2,0.0012434822274371982,ERA5_LAND,WA004,2016,"{""type"":""Point"",""coordinates"":[2.17,13.51]}"
201602_4,2,0.0016289405757561326,ERA5_LAND,WA005,2016,"{""type"":""Point"",""coordinates"":[7.33,9.07]}"
201602_5,2,0.41892266273498535,ERA5_LAND,WA006,2016,"{""type"":""Point"",""coordinates"":[-0.17,5.56]}"
201602_6,2,1.7439321279525757,ERA5_LAND,WA007,2016,"{""type"":""Point"",""coordinates"":[-3.9299999999999997,5.349999999999999]}"
201602_7,2,0.0062195612117648125,ERA5_LAND,WA008,2016,"{""type"":""Point"",""coordinates"":[-13.67,9.53]}"
201602_8,2,0.03456270322203636,ERA5_LAND,WA009,2016,"{""type"":""Point"",""coordinates"":[-13.230000000000002,8.489999999999998]}"
201602_9,2,1.2831062078475952,ERA5_LAND,WA010,2016,"{""type"":""Point"",""coordinates"":[-10.799999999999999,6.3]}"
201602_10,2,0.2792195975780487,ERA5_LAND,WA011,2016,"{""type"":""Point"",""coordinates"":[1.22,6.130000000000001]}"
201602_11,2,0.40956205129623413,ERA5_LAND,WA012,2016,"{""type"":""Point"",""coordinates"":[2.42,6.37]}"
201602_12,2,0.0011527877068147063,ERA5_LAND,WA013,2016,"{""type"":""Point"",""coordinates"":[8.52,12.05]}"
201602_13,2,0.5901052355766296,ERA5_LAND,WA014,2016,"{""type"":""Point"",""coordinates"":[-1.62,6.69]}"
201602_14,2,0.0012671803124248981,ERA5_LAND,WA015,2016,"{""type"":""Point"",""coordinates"":[-16.680000000000003,13.45]}"
201603_0,3,0.0010947557166218758,ERA5_LAND,WA001,2016,"{""type"":""Point"",""coordinates"":[-17.470000000000002,14.73]}"
201603_1,3,0.0015588444657623768,ERA5_LAND,WA002,2016,"{""type"":""Point"",""coordinates"":[-7.949999999999998,12.65]}"
201603_2,3,0.053949300199747086,ERA5_LAND,WA003,2016,"{""type"":""Point"",""coordinates"":[-1.5200000000000002,12.360000000000001]}"
201603_3,3,0.28738921880722046,ERA5_LAND,WA004,2016,"{""type"":""Point"",""coordinates"":[2.17,13.51]}"
201603_4,3,2.3917551040649414,ERA5_LAND,WA005,2016,"{""type"":""Point"",""coordinates"":[7.33,9.07]}"
201603_5,3,2.3867075443267822,ERA5_LAND,WA006,2016,"{""type"":""Point"",""coordinates"":[-0.17,5.56]}"
201603_6,3,4.20670747756958,ERA5_LAND,WA007,2016,"{""type"":""Point"",""coordinates"":[-3.9299999999999997,5.349999999999999]}"
201603_7,3,0.0070933992974460125,ERA5_LAND,WA008,2016,"{""type"":""Point"",""coordinates"":[-13.67,9.53]}"
201603_8,3,0.3601718246936798,ERA5_LAND,WA009,2016,"{""type"":""Point"",""coordinates"":[-13.230000000000002,8.489999999999998]}"
201603_9,3,5.332240581512451,ERA5_LAND,WA010,2016,"{""type"":""Point"",""coordinates"":[-10.799999999999999,6.3]}"
201603_10,3,2.6342122554779053,ERA5_LAND,WA011,2016,"{""type"":""Point"",""coordinates"":[1.22,6.130000000000001]}"
201603_11,3,3.434088706970215,ERA5_LAND,WA012,2016,"{""type"":""Point"",""coordinates"":[2.42,6.37]}"
201603_12,3,0.02743471786379814,ERA5_LAND,WA013,2016,"{""type"":""Point"",""coordinates"":[8.52,12.05]}"
201603_13,3,4.839007377624512,ERA5_LAND,WA014,2016,"{""type"":""Point"",""coordinates"":[-1.62,6.69]}"
201603_14,3,0.0010848656529560685,ERA5_LAND,WA015,2016,"{""type"":""Point"",""coordinates"":[-16.680000000000003,13.45]}"
201604_0,4,9.575922158546746E-4,ERA5_LAND,WA001,2016,"{""type"":""Point"",""coordinates"":[-17.470000000000002,14.73]}"
201604_1,4,0.043800488114356995,ERA5_LAND,WA002,2016,"{""type"":""Point"",""coordinates"":[-7.949999999999998,12.65]}"
201604_2,4,0.6258594989776611,ERA5_LAND,WA003,2016,"{""type"":""Point"",""coordinates"":[-1.5200000000000002,12.360000000000001]}"
201604_3,4,0.23977263271808624,ERA5_LAND,WA004,2016,"{""type"":""Point"",""coordinates"":[2.17,13.51]}"
201604_4,4,2.7802367210388184,ERA5_LAND,WA005,2016,"{""type"":""Point"",""coordinates"":[7.33,9.07]}"
201604_5,4,1.3972134590148926,ERA5_LAND,WA006,2016,"{""type"":""Point"",""coordinates"":[-0.17,5.56]}"
201604_6,4,4.565754413604736,ERA5_LAND,WA007,2016,"{""type"":""Point"",""coordinates"":[-3.9299999999999997,5.349999999999999]}"
201604_7,4,0.23343952000141144,ERA5_LAND,WA008,2016,"{""type"":""Point"",""coordinates"":[-13.67,9.53]}"
201604_8,4,0.7427920699119568,ERA5_LAND,WA009,2016,"{""type"":""Point"",""coordinates"":[-13.230000000000002,8.489999999999998]}"
201604_9,4,6.324938774108887,ERA5_LAND,WA010,2016,"{""type"":""Point"",""coordinates"":[-10.799999999999999,6.3]}"
201604_10,4,1.9623816013336182,ERA5_LAND,WA011,2016,"{""type"":""Point"",""coordinates"":[1.22,6.130000000000001]}"
201604_11,4,2.606300115585327,ERA5_LAND,WA012,2016,"{""type"":""Point"",""coordinates"":[2.42,6.37]}"
201604_12,4,0.07682136446237564,ERA5_LAND,WA013,2016,"{""type"":""Point"",""coordinates"":[8.52,12.05]}"
201604_13,4,2.7368695735931396,ERA5_LAND,WA014,2016,"{""type"":""Point"",""coordinates"":[-1.62,6.69]}"
201604_14,4,9.644373203627765E-4,ERA5_LAND,WA015,2016,"{""type"":""Point"",""coordinates"":[-16.680000000000003,13.45]}"
201605_0,5,0.0018311775056645274,ERA5_LAND,WA001,2016,"{""type"":""Point"",""coordinates"":[-17.470000000000002,14.73]}"
201605_1,5,0.3548215925693512,ERA5_LAND,WA002,2016,"{""type"":""Point"",""coordinates"":[-7.949999999999998,12.65]}"
201605_2,5,1.3026602268218994,ERA5_LAND,WA003,2016,"{""type"":""Point"",""coordinates"":[-1.5200000000000002,12.360000000000001]}"
201605_3,5,0.3543108403682709,ERA5_LAND,WA004,2016,"{""type"":""Point"",""coordinates"":[2.17,13.51]}"
201605_4,5,4.600166320800781,ERA5_LAND,WA005,2016,"{""type"":""Point"",""coordinates"":[7.33,9.07]}"
201605_5,5,4.3890380859375,ERA5_LAND,WA006,2016,"{""type"":""Point"",""coordinates"":[-0.17,5.56]}"
201605_6,5,9.941049575805664,ERA5_LAND,WA007,2016,"{""type"":""Point"",""coordinates"":[-3.9299999999999997,5.349999999999999]}"
201605_7,5,1.144313931465149,ERA5_LAND,WA008,2016,"{""type"":""Point"",""coordinates"":[-13.67,9.53]}"
201605_8,5,4.132497310638428,ERA5_LAND,WA009,2016,"{""type"":""Point"",""coordinates"":[-13.230000000000002,8.489999999999998]}"
201605_9,5,10.786802291870117,ERA5_LAND,WA010,2016,"{""type"":""Point"",""coordinates"":[-10.799999999999999,6.3]}"
201605_10,5,5.400690078735352,ERA5_LAND,WA011,2016,"{""type"":""Point"",""coordinates"":[1.22,6.130000000000001]}"
201605_11,5,6.881178855895996,ERA5_LAND,WA012,2016,"{""type"":""Point"",""coordinates"":[2.42,6.37]}"
201605_12,5,0.5050556063652039,ERA5_LAND,WA013,2016,"{""type"":""Point"",""coordinates"":[8.52,12.05]}"
201605_13,5,5.0931501388549805,ERA5_LAND,WA014,2016,"{""type"":""Point"",""coordinates"":[-1.62,6.69]}"
201605_14,5,0.031273823231458664,ERA5_LAND,WA015,2016,"{""type"":""Point"",""coordinates"":[-16.680000000000003,13.45]}"
201606_0,6,0.022285096347332,ERA5_LAND,WA001,2016,"{""type"":""Point"",""coordinates"":[-17.470000000000002,14.73]}"
201606_1,6,3.079420328140259,ERA5_LAND,WA002,2016,"{""type"":""Point"",""coordinates"":[-7.949999999999998,12.65]}"
201606_2,6,1.974273920059204,ERA5_LAND,WA003,2016,"{""type"":""Point"",""coordinates"":[-1.5200000000000002,12.360000000000001]}"
201606_3,6,0.9812303781509399,ERA5_LAND,WA004,2016,"{""type"":""Point"",""coordinates"":[2.17,13.51]}"
201606_4,6,8.369621276855469,ERA5_LAND,WA005,2016,"{""type"":""Point"",""coordinates"":[7.33,9.07]}"
201606_5,6,6.733458995819092,ERA5_LAND,WA006,2016,"{""type"":""Point"",""coordinates"":[-0.17,5.56]}"
201606_6,6,10.815323829650879,ERA5_LAND,WA007,2016,"{""type"":""Point"",""coordinates"":[-3.9299999999999997,5.349999999999999]}"
201606_7,6,7.622612476348877,ERA5_LAND,WA008,2016,"{""type"":""Point"",""coordinates"":[-13.67,9.53]}"
201606_8,6,15.951923370361328,ERA5_LAND,WA009,2016,"{""type"":""Point"",""coordinates"":[-13.230000000000002,8.489999999999998]}"
201606_9,6,19.683156967163086,ERA5_LAND,WA010,2016,"{""type"":""Point"",""coordinates"":[-10.799999999999999,6.3]}"
201606_10,6,8.073922157287598,ERA5_LAND,WA011,2016,"{""type"":""Point"",""coordinates"":[1.22,6.130000000000001]}"
201606_11,6,7.124090671539307,ERA5_LAND,WA012,2016,"{""type"":""Point"",""coordinates"":[2.42,6.37]}"
201606_12,6,2.874229907989502,ERA5_LAND,WA013,2016,"{""type"":""Point"",""coordinates"":[8.52,12.05]}"
201606_13,6,5.702150821685791,ERA5_LAND,WA014,2016,"{""type"":""Point"",""coordinates"":[-1.62,6.69]}"
201606_14,6,0.07214783132076263,ERA5_LAND,WA015,2016,"{""type"":""Point"",""coordinates"":[-16.680000000000003,13.45]}"
201607_0,7,1.6072531938552856,ERA5_LAND,WA001,2016,"{""type"":""Point"",""coordinates"":[-17.470000000000002,14.73]}"
201607_1,7,5.816065788269043,ERA5_LAND,WA002,2016,"{""type"":""Point"",""coordinates"":[-7.949999999999998,12.65]}"
201607_2,7,10.143717765808105,ERA5_LAND,WA003,2016,"{""type"":""Point"",""coordinates"":[-1.5200000000000002,12.360000000000001]}"
201607_3,7,3.3386142253875732,ERA5_LAND,WA004,2016,"{""type"":""Point"",""coordinates"":[2.17,13.51]}"
201607_4,7,9.069927215576172,ERA5_LAND,WA005,2016,"{""type"":""Point"",""coordinates"":[7.33,9.07]}"
201607_5,7,2.2799289226531982,ERA5_LAND,WA006,2016,"{""type"":""Point"",""coordinates"":[-0.17,5.56]}"
201607_6,7,2.322117805480957,ERA5_LAND,WA007,2016,"{""type"":""Point"",""coordinates"":[-3.9299999999999997,5.349999999999999]}"
201607_7,7,31.44961166381836,ERA5_LAND,WA008,2016,"{""type"":""Point"",""coordinates"":[-13.67,9.53]}"
201607_8,7,33.85470199584961,ERA5_LAND,WA009,2016,"{""type"":""Point"",""coordinates"":[-13.230000000000002,8.489999999999998]}"
201607_9,7,12.418108940124512,ERA5_LAND,WA010,2016,"{""type"":""Point"",""coordinates"":[-10.799999999999999,6.3]}"
201607_10,7,2.3306031227111816,ERA5_LAND,WA011,2016,"{""type"":""Point"",""coordinates"":[1.22,6.130000000000001]}"
201607_11,7,3.01628041267395,ERA5_LAND,WA012,2016,"{""type"":""Point"",""coordinates"":[2.42,6.37]}"
201607_12,7,6.159549236297607,ERA5_LAND,WA013,2016,"{""type"":""Point"",""coordinates"":[8.52,12.05]}"
201607_13,7,2.6379120349884033,ERA5_LAND,WA014,2016,"{""type"":""Point"",""coordinates"":[-1.62,6.69]}"
201607_14,7,8.20821475982666,ERA5_LAND,WA015,2016,"{""type"":""Point"",""coordinates"":[-16.680000000000003,13.45]}"
201608_0,8,4.9640793800354,ERA5_LAND,WA001,2016,"{""type"":""Point"",""coordinates"":[-17.470000000000002,14.73]}"
201608_1,8,7.4497504234313965,ERA5_LAND,WA002,2016,"{""type"":""Point"",""coordinates"":[-7.949999999999998,12.65]}"
201608_2,8,6.812822341918945,ERA5_LAND,WA003,2016,"{""type"":""Point"",""coordinates"":[-1.5200000000000002,12.360000000000001]}"
201608_3,8,4.45377779006958,ERA5_LAND,WA004,2016,"{""type"":""Point"",""coordinates"":[2.17,13.51]}"
201608_4,8,11.706435203552246,ERA5_LAND,WA005,2016,"{""type"":""Point"",""coordinates"":[7.33,9.07]}"
201608_5,8,1.5419842004776,ERA5_LAND,WA006,2016,"{""type"":""Point"",""coordinates"":[-0.17,5.56]}"
201608_6,8,2.2413322925567627,ERA5_LAND,WA007,2016,"{""type"":""Point"",""coordinates"":[-3.9299999999999997,5.349999999999999]}"
201608_7,8,29.516000747680664,ERA5_LAND,WA008,2016,"{""type"":""Point"",""coordinates"":[-13.67,9.53]}"
201608_8,8,36.875423431396484,ERA5_LAND,WA009,2016,"{""type"":""Point"",""coordinates"":[-13.230000000000002,8.489999999999998]}"
201608_9,8,19.883892059326172,ERA5_LAND,WA010,2016,"{""type"":""Point"",""coordinates"":[-10.799999999999999,6.3]}"
201608_10,8,2.672668695449829,ERA5_LAND,WA011,2016,"{""type"":""Point"",""coordinates"":[1.22,6.130000000000001]}"
201608_11,8,2.364957809448242,ERA5_LAND,WA012,2016,"{""type"":""Point"",""coordinates"":[2.42,6.37]}"
201608_12,8,5.431675910949707,ERA5_LAND,WA013,2016,"{""type"":""Point"",""coordinates"":[8.52,12.05]}"
201608_13,8,3.1113011837005615,ERA5_LAND,WA014,2016,"{""type"":""Point"",""coordinates"":[-1.62,6.69]}"
201608_14,8,7.239980697631836,ERA5_LAND,WA015,2016,"{""type"":""Point"",""coordinates"":[-16.680000000000003,13.45]}"
201609_0,9,4.309267520904541,ERA5_LAND,WA001,2016,"{""type"":""Point"",""coordinates"":[-17.470000000000002,14.73]}"
201609_1,9,5.345815658569336,ERA5_LAND,WA002,2016,"{""type"":""Point"",""coordinates"":[-7.949999999999998,12.65]}"
201609_2,9,2.885896921157837,ERA5_LAND,WA003,2016,"{""type"":""Point"",""coordinates"":[-1.5200000000000002,12.360000000000001]}"
201609_3,9,1.0772207975387573,ERA5_LAND,WA004,2016,"{""type"":""Point"",""coordinates"":[2.17,13.51]}"
201609_4,9,11.903820991516113,ERA5_LAND,WA005,2016,"{""type"":""Point"",""coordinates"":[7.33,9.07]}"
201609_5,9,3.7061522006988525,ERA5_LAND,WA006,2016,"{""type"":""Point"",""coordinates"":[-0.17,5.56]}"
201609_6,9,4.303618431091309,ERA5_LAND,WA007,2016,"{""type"":""Point"",""coordinates"":[-3.9299999999999997,5.349999999999999]}"
201609_7,9,24.667558670043945,ERA5_LAND,WA008,2016,"{""type"":""Point"",""coordinates"":[-13.67,9.53]}"
201609_8,9,33.21766662597656,ERA5_LAND,WA009,2016,"{""type"":""Point"",""coordinates"":[-13.230000000000002,8.489999999999998]}"
201609_9,9,19.782758712768555,ERA5_LAND,WA010,2016,"{""type"":""Point"",""coordinates"":[-10.799999999999999,6.3]}"
201609_10,9,4.892564296722412,ERA5_LAND,WA011,2016,"{""type"":""Point"",""coordinates"":[1.22,6.130000000000001]}"
201609_11,9,6.417609214782715,ERA5_LAND,WA012,2016,"{""type"":""Point"",""coordinates"":[2.42,6.37]}"
201609_12,9,2.9949288368225098,ERA5_LAND,WA013,2016,"{""type"":""Point"",""coordinates"":[8.52,12.05]}"
201609_13,9,4.722544193267822,ERA5_LAND,WA014,2016,"{""type"":""Point"",""coordinates"":[-1.62,6.69]}"
201609_14,9,6.552041530609131,ERA5_LAND,WA015,2016,"{""type"":""Point"",""coordinates"":[-16.680000000000003,13.45]}"
201610_0,10,0.013675396330654621,ERA5_LAND,WA001,2016,"{""type"":""Point"",""coordinates"":[-17.470000000000002,14.73]}"
201610_1,10,1.0958247184753418,ERA5_LAND,WA002,2016,"{""type"":""Point"",""coordinates"":[-7.949999999999998,12.65]}"
201610_2,10,0.7586638331413269,ERA5_LAND,WA003,2016,"{""type"":""Point"",""coordinates"":[-1.5200000000000002,12.360000000000001]}"
201610_3,10,0.01788579672574997,ERA5_LAND,WA004,2016,"{""type"":""Point"",""coordinates"":[2.17,13.51]}"
201610_4,10,4.615324974060059,ERA5_LAND,WA005,2016,"{""type"":""Point"",""coordinates"":[7.33,9.07]}"
201610_5,10,4.556015968322754,ERA5_LAND,WA006,2016,"{""type"":""Point"",""coordinates"":[-0.17,5.56]}"
201610_6,10,5.638697147369385,ERA5_LAND,WA007,2016,"{""type"":""Point"",""coordinates"":[-3.9299999999999997,5.349999999999999]}"
201610_7,10,6.391178131103516,ERA5_LAND,WA008,2016,"{""type"":""Point"",""coordinates"":[-13.67,9.53]}"
201610_8,10,7.600085735321045,ERA5_LAND,WA009,2016,"{""type"":""Point"",""coordinates"":[-13.230000000000002,8.489999999999998]}"
201610_9,10,12.36630630493164,ERA5_LAND,WA010,2016,"{""type"":""Point"",""coordinates"":[-10.799999999999999,6.3]}"
201610_10,10,4.846145153045654,ERA5_LAND,WA011,2016,"{""type"":""Point"",""coordinates"":[1.22,6.130000000000001]}"
201610_11,10,4.439313888549805,ERA5_LAND,WA012,2016,"{""type"":""Point"",""coordinates"":[2.42,6.37]}"
201610_12,10,0.03687383979558945,ERA5_LAND,WA013,2016,"{""type"":""Point"",""coordinates"":[8.52,12.05]}"
201610_13,10,4.933308124542236,ERA5_LAND,WA014,2016,"{""type"":""Point"",""coordinates"":[-1.62,6.69]}"
201610_14,10,0.8441016674041748,ERA5_LAND,WA015,2016,"{""type"":""Point"",""coordinates"":[-16.680000000000003,13.45]}"
201611_0,11,0.06177184730768204,ERA5_LAND,WA001,2016,"{""type"":""Point"",""coordinates"":[-17.470000000000002,14.73]}"
201611_1,11,0.06093543395400047,ERA5_LAND,WA002,2016,"{""type"":""Point"",""coordinates"":[-7.949999999999998,12.65]}"
201611_2,11,0.003179386490955949,ERA5_LAND,WA003,2016,"{""type"":""Point"",""coordinates"":[-1.5200000000000002,12.360000000000001]}"
201611_3,11,9.299085359089077E-4,ERA5_LAND,WA004,2016,"{""type"":""Point"",""coordinates"":[2.17,13.51]}"
201611_4,11,0.06444447487592697,ERA5_LAND,WA005,2016,"{""type"":""Point"",""coordinates"":[7.33,9.07]}"
201611_5,11,1.758541464805603,ERA5_LAND,WA006,2016,"{""type"":""Point"",""coordinates"":[-0.17,5.56]}"
201611_6,11,3.8148300647735596,ERA5_LAND,WA007,2016,"{""type"":""Point"",""coordinates"":[-3.9299999999999997,5.349999999999999]}"
201611_7,11,2.762397289276123,ERA5_LAND,WA008,2016,"{""type"":""Point"",""coordinates"":[-13.67,9.53]}"
201611_8,11,4.5668559074401855,ERA5_LAND,WA009,2016,"{""type"":""Point"",""coordinates"":[-13.230000000000002,8.489999999999998]}"
201611_9,11,5.174503326416016,ERA5_LAND,WA010,2016,"{""type"":""Point"",""coordinates"":[-10.799999999999999,6.3]}"
201611_10,11,2.0609400272369385,ERA5_LAND,WA011,2016,"{""type"":""Point"",""coordinates"":[1.22,6.130000000000001]}"
201611_11,11,1.901293396949768,ERA5_LAND,WA012,2016,"{""type"":""Point"",""coordinates"":[2.42,6.37]}"
201611_12,11,9.299085359089077E-4,ERA5_LAND,WA013,2016,"{""type"":""Point"",""coordinates"":[8.52,12.05]}"
201611_13,11,1.9630951881408691,ERA5_LAND,WA014,2016,"{""type"":""Point"",""coordinates"":[-1.62,6.69]}"
201611_14,11,0.22571051120758057,ERA5_LAND,WA015,2016,"{""type"":""Point"",""coordinates"":[-16.680000000000003,13.45]}"
201612_0,12,8.435866329818964E-4,ERA5_LAND,WA001,2016,"{""type"":""Point"",""coordinates"":[-17.470000000000002,14.73]}"
201612_1,12,0.004061177838593721,ERA5_LAND,WA002,2016,"{""type"":""Point"",""coordinates"":[-7.949999999999998,12.65]}"
201612_2,12,8.435866329818964E-4,ERA5_LAND,WA003,2016,"{""type"":""Point"",""coordinates"":[-1.5200000000000002,12.360000000000001]}"
201612_3,12,8.435866329818964E-4,ERA5_LAND,WA004,2016,"{""type"":""Point"",""coordinates"":[2.17,13.51]}"
201612_4,12,8.638829458504915E-4,ERA5_LAND,WA005,2016,"{""type"":""Point"",""coordinates"":[7.33,9.07]}"
201612_5,12,1.1263760328292847,ERA5_LAND,WA006,2016,"{""type"":""Point"",""coordinates"":[-0.17,5.56]}"
201612_6,12,3.202267646789551,ERA5_LAND,WA007,2016,"{""type"":""Point"",""coordinates"":[-3.9299999999999997,5.349999999999999]}"
201612_7,12,0.3982396721839905,ERA5_LAND,WA008,2016,"{""type"":""Point"",""coordinates"":[-13.67,9.53]}"
201612_8,12,1.0609911680221558,ERA5_LAND,WA009,2016,"{""type"":""Point"",""coordinates"":[-13.230000000000002,8.489999999999998]}"
201612_9,12,3.946648359298706,ERA5_LAND,WA010,2016,"{""type"":""Point"",""coordinates"":[-10.799999999999999,6.3]}"
201612_10,12,1.0578027963638306,ERA5_LAND,WA011,2016,"{""type"":""Point"",""coordinates"":[1.22,6.130000000000001]}"
201612_11,12,1.0907179117202759,ERA5_LAND,WA012,2016,"{""type"":""Point"",""coordinates"":[2.42,6.37]}"
201612_12,12,8.435866329818964E-4,ERA5_LAND,WA013,2016,"{""type"":""Point"",""coordinates"":[8.52,12.05]}"
201612_13,12,1.1200884580612183,ERA5_LAND,WA014,2016,"{""type"":""Point"",""coordinates"":[-1.62,6.69]}"
201612_14,12,8.435866329818964E-4,ERA5_LAND,WA015,2016,"{""type"":""Point"",""coordinates"":[-16.680000000000003,13.45]}"
201701_0,1,8.870360907167196E-4,ERA5_LAND,WA001,2017,"{""type"":""Point"",""coordinates"":[-17.470000000000002,14.73]}"
201701_1,1,9.090472594834864E-4,ERA5_LAND,WA002,2017,"{""type"":""Point"",""coordinates"":[-7.949999999999998,12.65]}"
201701_2,1,8.870360907167196E-4,ERA5_LAND,WA003,2017,"{""type"":""Point"",""coordinates"":[-1.5200000000000002,12.360000000000001]}"
201701_3,1,8.870360907167196E-4,ERA5_LAND,WA004,2017,"{""type"":""Point"",""coordinates"":[2.17,13.51]}"
201701_4,1,0.004692652728408575,ERA5_LAND,WA005,2017,"{""type"":""Point"",""coordinates"":[7.33,9.07]}"
201701_5,1,0.7117282152175903,ERA5_LAND,WA006,2017,"{""type"":""Point"",""coordinates"":[-0.17,5.56]}"
201701_6,1,1.9202767610549927,ERA5_LAND,WA007,2017,"{""type"":""Point"",""coordinates"":[-3.9299999999999997,5.349999999999999]}"
201701_7,1,0.023614143952727318,ERA5_LAND,WA008,2017,"{""type"":""Point"",""coordinates"":[-13.67,9.53]}"
201701_8,1,0.49728086590766907,ERA5_LAND,WA009,2017,"{""type"":""Point"",""coordinates"":[-13.230000000000002,8.489999999999998]}"
201701_9,1,3.988114595413208,ERA5_LAND,WA010,2017,"{""type"":""Point"",""coordinates"":[-10.799999999999999,6.3]}"
201701_10,1,0.5610589981079102,ERA5_LAND,WA011,2017,"{""type"":""Point"",""coordinates"":[1.22,6.130000000000001]}"
201701_11,1,0.6461424827575684,ERA5_LAND,WA012,2017,"{""type"":""Point"",""coordinates"":[2.42,6.37]}"
201701_12,1,8.870360907167196E-4,ERA5_LAND,WA013,2017,"{""type"":""Point"",""coordinates"":[8.52,12.05]}"
201701_13,1,0.5551305413246155,ERA5_LAND,WA014,2017,"{""type"":""Point"",""coordinates"":[-1.62,6.69]}"
201701_14,1,8.870360907167196E-4,ERA5_LAND,WA015,2017,"{""type"":""Point"",""coordinates"":[-16.680000000000003,13.45]}"
201702_0,2,0.007210468873381615,ERA5_LAND,WA001,2017,"{""type"":""Point"",""coordinates"":[-17.470000000000002,14.73]}"
201702_1,2,0.001817443291656673,ERA5_LAND,WA002,2017,"{""type"":""Point"",""coordinates"":[-7.949999999999998,12.65]}"
201702_2,2,0.0011041860561817884,ERA5_LAND,WA003,2017,"{""type"":""Point"",""coordinates"":[-1.5200000000000002,12.360000000000001]}"
201702_3,2,0.0011041860561817884,ERA5_LAND,WA004,2017,"{""type"":""Point"",""coordinates"":[2.17,13.51]}"
201702_4,2,0.001274320762604475,ERA5_LAND,WA005,2017,"{""type"":""Point"",""coordinates"":[7.33,9.07]}"
201702_5,2,1.10185706615448,ERA5_LAND,WA006,2017,"{""type"":""Point"",""coordinates"":[-0.17,5.56]}"
201702_6,2,2.835493803024292,ERA5_LAND,WA007,2017,"{""type"":""Point"",""coordinates"":[-3.9299999999999997,5.349999999999999]}"
201702_7,2,0.028225809335708618,ERA5_LAND,WA008,2017,"{""type"":""Point"",""coordinates"":[-13.67,9.53]}"
201702_8,2,0.553899347782135,ERA5_LAND,WA009,2017,"{""type"":""Point"",""coordinates"":[-13.230000000000002,8.489999999999998]}"
201702_9,2,5.706845760345459,ERA5_LAND,WA010,2017,"{""type"":""Point"",""coordinates"":[-10.799999999999999,6.3]}"
201702_10,2,1.265112042427063,ERA5_LAND,WA011,2017,"{""type"":""Point"",""coordinates"":[1.22,6.130000000000001]}"
201702_11,2,1.3470264673233032,ERA5_LAND,WA012,2017,"{""type"":""Point"",""coordinates"":[2.42,6.37]}"
201702_12,2,0.0011041860561817884,ERA5_LAND,WA013,2017,"{""type"":""Point"",""coordinates"":[8.52,12.05]}"
201702_13,2,0.9123579859733582,ERA5_LAND,WA014,2017,"{""type"":""Point"",""coordinates"":[-1.62,6.69]}"
201702_14,2,0.0017472371691837907,ERA5_LAND,WA015,2017,"{""type"":""Point"",""coordinates"":[-16.680000000000003,13.45]}"
201703_0,3,0.003289359388872981,ERA5_LAND,WA001,2017,"{""type"":""Point"",""coordinates"":[-17.470000000000002,14.73]}"
201703_1,3,0.06037098169326782,ERA5_LAND,WA002,2017,"{""type"":""Point"",""coordinates"":[-7.949999999999998,12.65]}"
201703_2,3,0.0027191273402422667,ERA5_LAND,WA003,2017,"{""type"":""Point"",""coordinates"":[-1.5200000000000002,12.360000000000001]}"
201703_3,3,0.0010104430839419365,ERA5_LAND,WA004,2017,"{""type"":""Point"",""coordinates"":[2.17,13.51]}"
201703_4,3,0.14796333014965057,ERA5_LAND,WA005,2017,"{""type"":""Point"",""coordinates"":[7.33,9.07]}"
201703_5,3,1.3385599851608276,ERA5_LAND,WA006,2017,"{""type"":""Point"",""coordinates"":[-0.17,5.56]}"
201703_6,3,3.033079147338867,ERA5_LAND,WA007,2017,"{""type"":""Point"",""coordinates"":[-3.9299999999999997,5.349999999999999]}"
201703_7,3,0.07377321273088455,ERA5_LAND,WA008,2017,"{""type"":""Point"",""coordinates"":[-13.67,9.53]}"
201703_8,3,0.48151466250419617,ERA5_LAND,WA009,2017,"{""type"":""Point"",""coordinates"":[-13.230000000000002,8.489999999999998]}"
201703_9,3,4.674477577209473,ERA5_LAND,WA010,2017,"{""type"":""Point"",""coordinates"":[-10.799999999999999,6.3]}"
201703_10,3,1.616715908050537,ERA5_LAND,WA011,2017,"{""type"":""Point"",""coordinates"":[1.22,6.130000000000001]}"
201703_11,3,1.8035978078842163,ERA5_LAND,WA012,2017,"{""type"":""Point"",""coordinates"":[2.42,6.37]}"
201703_12,3,0.0010104430839419365,ERA5_LAND,WA013,2017,"{""type"":""Point"",""coordinates"":[8.52,12.05]}"
201703_13,3,2.1899845600128174,ERA5_LAND,WA014,2017,"{""type"":""Point"",""coordinates"":[-1.62,6.69]}"
201703_14,3,0.0025740962009876966,ERA5_LAND,WA015,2017,"{""type"":""Point"",""coordinates"":[-16.680000000000003,13.45]}"
201704_0,4,9.442698210477829E-4,ERA5_LAND,WA001,2017,"{""type"":""Point"",""coordinates"":[-17.470000000000002,14.73]}"
201704_1,4,0.4115924537181854,ERA5_LAND,WA002,2017,"{""type"":""Point"",""coordinates"":[-7.949999999999998,12.65]}"
201704_2,4,0.1794274002313614,ERA5_LAND,WA003,2017,"{""type"":""Point"",""coordinates"":[-1.5200000000000002,12.360000000000001]}"
201704_3,4,0.013822393491864204,ERA5_LAND,WA004,2017,"{""type"":""Point"",""coordinates"":[2.17,13.51]}"
201704_4,4,1.4698978662490845,ERA5_LAND,WA005,2017,"{""type"":""Point"",""coordinates"":[7.33,9.07]}"
201704_5,4,2.2376372814178467,ERA5_LAND,WA006,2017,"{""type"":""Point"",""coordinates"":[-0.17,5.56]}"
201704_6,4,4.670060634613037,ERA5_LAND,WA007,2017,"{""type"":""Point"",""coordinates"":[-3.9299999999999997,5.349999999999999]}"
201704_7,4,0.19649800658226013,ERA5_LAND,WA008,2017,"{""type"":""Point"",""coordinates"":[-13.67,9.53]}"
201704_8,4,1.158286452293396,ERA5_LAND,WA009,2017,"{""type"":""Point"",""coordinates"":[-13.230000000000002,8.489999999999998]}"
201704_9,4,6.243072509765625,ERA5_LAND,WA010,2017,"{""type"":""Point"",""coordinates"":[-10.799999999999999,6.3]}"
201704_10,4,2.9152438640594482,ERA5_LAND,WA011,2017,"{""type"":""Point"",""coordinates"":[1.22,6.130000000000001]}"
201704_11,4,2.7347166538238525,ERA5_LAND,WA012,2017,"{""type"":""Point"",""coordinates"":[2.42,6.37]}"
201704_12,4,0.01466244924813509,ERA5_LAND,WA013,2017,"{""type"":""Point"",""coordinates"":[8.52,12.05]}"
201704_13,4,3.1227099895477295,ERA5_LAND,WA014,2017,"{""type"":""Point"",""coordinates"":[-1.62,6.69]}"
201704_14,4,0.0012655197642743587,ERA5_LAND,WA015,2017,"{""type"":""Point"",""coordinates"":[-16.680000000000003,13.45]}"
201705_0,5,0.011389577761292458,ERA5_LAND,WA001,2017,"{""type"":""Point"",""coordinates"":[-17.470000000000002,14.73]}"
201705_1,5,1.4116491079330444,ERA5_LAND,WA002,2017,"{""type"":""Point"",""coordinates"":[-7.949999999999998,12.65]}"
201705_2,5,1.86097252368927,ERA5_LAND,WA003,2017,"{""type"":""Point"",""coordinates"":[-1.5200000000000002,12.360000000000001]}"
201705_3,5,0.43240705132484436,ERA5_LAND,WA004,2017,"{""type"":""Point"",""coordinates"":[2.17,13.51]}"
201705_4,5,4.591566562652588,ERA5_LAND,WA005,2017,"{""type"":""Point"",""coordinates"":[7.33,9.07]}"
201705_5,5,3.8093199729919434,ERA5_LAND,WA006,2017,"{""type"":""Point"",""coordinates"":[-0.17,5.56]}"
201705_6,5,7.2636799812316895,ERA5_LAND,WA007,2017,"{""type"":""Point"",""coordinates"":[-3.9299999999999997,5.349999999999999]}"
201705_7,5,5.747284889221191,ERA5_LAND,WA008,2017,"{""type"":""Point"",""coordinates"":[-13.67,9.53]}"
201705_8,5,7.752632141113281,ERA5_LAND,WA009,2017,"{""type"":""Point"",""coordinates"":[-13.230000000000002,8.489999999999998]}"
201705_9,5,10.910148620605469,ERA5_LAND,WA010,2017,"{""type"":""Point"",""coordinates"":[-10.799999999999999,6.3]}"
201705_10,5,4.5342302322387695,ERA5_LAND,WA011,2017,"{""type"":""Point"",""coordinates"":[1.22,6.130000000000001]}"
201705_11,5,5.198277473449707,ERA5_LAND,WA012,2017,"{""type"":""Point"",""coordinates"":[2.42,6.37]}"
201705_12,5,0.5457599759101868,ERA5_LAND,WA013,2017,"{""type"":""Point"",""coordinates"":[8.52,12.05]}"
201705_13,5,3.9713168144226074,ERA5_LAND,WA014,2017,"{""type"":""Point"",""coordinates"":[-1.62,6.69]}"
201705_14,5,0.017823021858930588,ERA5_LAND,WA015,2017,"{""type"":""Point"",""coordinates"":[-16.680000000000003,13.45]}"
201706_0,6,0.1103227511048317,ERA5_LAND,WA001,2017,"{""type"":""Point"",""coordinates"":[-17.470000000000002,14.73]}"
201706_1,6,3.8707447052001953,ERA5_LAND,WA002,2017,"{""type"":""Point"",""coordinates"":[-7.949999999999998,12.65]}"
201706_2,6,3.275679588317871,ERA5_LAND,WA003,2017,"{""type"":""Point"",""coordinates"":[-1.5200000000000002,12.360000000000001]}"
201706_3,6,1.4218369722366333,ERA5_LAND,WA004,2017,"{""type"":""Point"",""coordinates"":[2.17,13.51]}"
201706_4,6,8.42737865447998,ERA5_LAND,WA005,2017,"{""type"":""Point"",""coordinates"":[7.33,9.07]}"
201706_5,6,5.8885016441345215,ERA5_LAND,WA006,2017,"{""type"":""Point"",""coordinates"":[-0.17,5.56]}"
201706_6,6,13.989150047302246,ERA5_LAND,WA007,2017,"{""type"":""Point"",""coordinates"":[-3.9299999999999997,5.349999999999999]}"
201706_7,6,13.310327529907227,ERA5_LAND,WA008,2017,"{""type"":""Point"",""coordinates"":[-13.67,9.53]}"
201706_8,6,20.071290969848633,ERA5_LAND,WA009,2017,"{""type"":""Point"",""coordinates"":[-13.230000000000002,8.489999999999998]}"
201706_9,6,41.763633728027344,ERA5_LAND,WA010,2017,"{""type"":""Point"",""coordinates"":[-10.799999999999999,6.3]}"
201706_10,6,6.294828414916992,ERA5_LAND,WA011,2017,"{""type"":""Point"",""coordinates"":[1.22,6.130000000000001]}"
201706_11,6,8.051612854003906,ERA5_LAND,WA012,2017,"{""type"":""Point"",""coordinates"":[2.42,6.37]}"
201706_12,6,4.606679916381836,ERA5_LAND,WA013,2017,"{""type"":""Point"",""coordinates"":[8.52,12.05]}"
201706_13,6,4.98346471786499,ERA5_LAND,WA014,2017,"{""type"":""Point"",""coordinates"":[-1.62,6.69]}"
201706_14,6,1.1923754215240479,ERA5_LAND,WA015,2017,"{""type"":""Point"",""coordinates"":[-16.680000000000003,13.45]}"
201707_0,7,0.6188162565231323,ERA5_LAND,WA001,2017,"{""type"":""Point"",""coordinates"":[-17.470000000000002,14.73]}"
201707_1,7,3.672234058380127,ERA5_LAND,WA002,2017,"{""type"":""Point"",""coordinates"":[-7.949999999999998,12.65]}"
201707_2,7,3.237696409225464,ERA5_LAND,WA003,2017,"{""type"":""Point"",""coordinates"":[-1.5200000000000002,12.360000000000001]}"
201707_3,7,2.024416208267212,ERA5_LAND,WA004,2017,"{""type"":""Point"",""coordinates"":[2.17,13.51]}"
201707_4,7,5.555637836456299,ERA5_LAND,WA005,2017,"{""type"":""Point"",""coordinates"":[7.33,9.07]}"
201707_5,7,7.240354537963867,ERA5_LAND,WA006,2017,"{""type"":""Point"",""coordinates"":[-0.17,5.56]}"
201707_6,7,4.3476481437683105,ERA5_LAND,WA007,2017,"{""type"":""Point"",""coordinates"":[-3.9299999999999997,5.349999999999999]}"
201707_7,7,26.879362106323242,ERA5_LAND,WA008,2017,"{""type"":""Point"",""coordinates"":[-13.67,9.53]}"
201707_8,7,24.530488967895508,ERA5_LAND,WA009,2017,"{""type"":""Point"",""coordinates"":[-13.230000000000002,8.489999999999998]}"
201707_9,7,16.87376594543457,ERA5_LAND,WA010,2017,"{""type"":""Point"",""coordinates"":[-10.799999999999999,6.3]}"
201707_10,7,4.107236385345459,ERA5_LAND,WA011,2017,"{""type"":""Point"",""coordinates"":[1.22,6.130000000000001]}"
201707_11,7,3.8860416412353516,ERA5_LAND,WA012,2017,"{""type"":""Point"",""coordinates"":[2.42,6.37]}"
201707_12,7,4.960101127624512,ERA5_LAND,WA013,2017,"{""type"":""Point"",""coordinates"":[8.52,12.05]}"
201707_13,7,5.123233318328857,ERA5_LAND,WA014,2017,"{""type"":""Point"",""coordinates"":[-1.62,6.69]}"
201707_14,7,6.005653381347656,ERA5_LAND,WA015,2017,"{""type"":""Point"",""coordinates"":[-16.680000000000003,13.45]}"
201708_0,8,4.205578327178955,ERA5_LAND,WA001,2017,"{""type"":""Point"",""coordinates"":[-17.470000000000002,14.73]}"
201708_1,8,7.049252510070801,ERA5_LAND,WA002,2017,"{""type"":""Point"",""coordinates"":[-7.949999999999998,12.65]}"
201708_2,8,6.960962295532227,ERA5_LAND,WA003,2017,"{""type"":""Point"",""coordinates"":[-1.5200000000000002,12.360000000000001]}"
201708_3,8,4.390674591064453,ERA5_LAND,WA004,2017,"{""type"":""Point"",""coordinates"":[2.17,13.51]}"
201708_4,8,8.941555976867676,ERA5_LAND,WA005,2017,"{""type"":""Point"",""coordinates"":[7.33,9.07]}"
201708_5,8,2.371095895767212,ERA5_LAND,WA006,2017,"{""type"":""Point"",""coordinates"":[-0.17,5.56]}"
201708_6,8,3.8084521293640137,ERA5_LAND,WA007,2017,"{""type"":""Point"",""coordinates"":[-3.9299999999999997,5.349999999999999]}"
201708_7,8,20.01258659362793,ERA5_LAND,WA008,2017,"{""type"":""Point"",""coordinates"":[-13.67,9.53]}"
201708_8,8,16.567461013793945,ERA5_LAND,WA009,2017,"{""type"":""Point"",""coordinates"":[-13.230000000000002,8.489999999999998]}"
201708_9,8,20.40413475036621,ERA5_LAND,WA010,2017,"{""type"":""Point"",""coordinates"":[-10.799999999999999,6.3]}"
201708_10,8,2.9019973278045654,ERA5_LAND,WA011,2017,"{""type"":""Point"",""coordinates"":[1.22,6.130000000000001]}"
201708_11,8,5.0943379402160645,ERA5_LAND,WA012,2017,"{""type"":""Point"",""coordinates"":[2.42,6.37]}"
201708_12,8,5.813380718231201,ERA5_LAND,WA013,2017,"{""type"":""Point"",""coordinates"":[8.52,12.05]}"
201708_13,8,3.552211046218872,ERA5_LAND,WA014,2017,"{""type"":""Point"",""coordinates"":[-1.62,6.69]}"
201708_14,8,10.025733947753906,ERA5_LAND,WA015,2017,"{""type"":""Point"",""coordinates"":[-16.680000000000003,13.45]}"
201709_0,9,2.1654679775238037,ERA5_LAND,WA001,2017,"{""type"":""Point"",""coordinates"":[-17.470000000000002,14.73]}"
201709_1,9,4.7899651527404785,ERA5_LAND,WA002,2017,"{""type"":""Point"",""coordinates"":[-7.949999999999998,12.65]}"
201709_2,9,4.485893249511719,ERA5_LAND,WA003,2017,"{""type"":""Point"",""coordinates"":[-1.5200000000000002,12.360000000000001]}"
201709_3,9,2.6694259643554688,ERA5_LAND,WA004,2017,"{""type"":""Point"",""coordinates"":[2.17,13.51]}"
201709_4,9,8.718003273010254,ERA5_LAND,WA005,2017,"{""type"":""Point"",""coordinates"":[7.33,9.07]}"
201709_5,9,4.700953483581543,ERA5_LAND,WA006,2017,"{""type"":""Point"",""coordinates"":[-0.17,5.56]}"
201709_6,9,3.8153316974639893,ERA5_LAND,WA007,2017,"{""type"":""Point"",""coordinates"":[-3.9299999999999997,5.349999999999999]}"
201709_7,9,22.0157470703125,ERA5_LAND,WA008,2017,"{""type"":""Point"",""coordinates"":[-13.67,9.53]}"
201709_8,9,22.374860763549805,ERA5_LAND,WA009,2017,"{""type"":""Point"",""coordinates"":[-13.230000000000002,8.489999999999998]}"
201709_9,9,25.91107940673828,ERA5_LAND,WA010,2017,"{""type"":""Point"",""coordinates"":[-10.799999999999999,6.3]}"
201709_10,9,2.816118001937866,ERA5_LAND,WA011,2017,"{""type"":""Point"",""coordinates"":[1.22,6.130000000000001]}"
201709_11,9,2.9385197162628174,ERA5_LAND,WA012,2017,"{""type"":""Point"",""coordinates"":[2.42,6.37]}"
201709_12,9,3.8621277809143066,ERA5_LAND,WA013,2017,"{""type"":""Point"",""coordinates"":[8.52,12.05]}"
201709_13,9,5.52896785736084,ERA5_LAND,WA014,2017,"{""type"":""Point"",""coordinates"":[-1.62,6.69]}"
201709_14,9,3.840681791305542,ERA5_LAND,WA015,2017,"{""type"":""Point"",""coordinates"":[-16.680000000000003,13.45]}"
201710_0,10,0.003534875111654401,ERA5_LAND,WA001,2017,"{""type"":""Point"",""coordinates"":[-17.470000000000002,14.73]}"
201710_1,10,0.5928603410720825,ERA5_LAND,WA002,2017,"{""type"":""Point"",""coordinates"":[-7.949999999999998,12.65]}"
201710_2,10,0.06430690735578537,ERA5_LAND,WA003,2017,"{""type"":""Point"",""coordinates"":[-1.5200000000000002,12.360000000000001]}"
201710_3,10,0.1638539731502533,ERA5_LAND,WA004,2017,"{""type"":""Point"",""coordinates"":[2.17,13.51]}"
201710_4,10,2.4082305431365967,ERA5_LAND,WA005,2017,"{""type"":""Point"",""coordinates"":[7.33,9.07]}"
201710_5,10,3.217237710952759,ERA5_LAND,WA006,2017,"{""type"":""Point"",""coordinates"":[-0.17,5.56]}"
201710_6,10,5.999469757080078,ERA5_LAND,WA007,2017,"{""type"":""Point"",""coordinates"":[-3.9299999999999997,5.349999999999999]}"
201710_7,10,4.226597785949707,ERA5_LAND,WA008,2017,"{""type"":""Point"",""coordinates"":[-13.67,9.53]}"
201710_8,10,6.922631740570068,ERA5_LAND,WA009,2017,"{""type"":""Point"",""coordinates"":[-13.230000000000002,8.489999999999998]}"
201710_9,10,11.938186645507812,ERA5_LAND,WA010,2017,"{""type"":""Point"",""coordinates"":[-10.799999999999999,6.3]}"
201710_10,10,3.763753890991211,ERA5_LAND,WA011,2017,"{""type"":""Point"",""coordinates"":[1.22,6.130000000000001]}"
201710_11,10,3.9743382930755615,ERA5_LAND,WA012,2017,"{""type"":""Point"",""coordinates"":[2.42,6.37]}"
201710_12,10,0.031223304569721222,ERA5_LAND,WA013,2017,"{""type"":""Point"",""coordinates"":[8.52,12.05]}"
201710_13,10,3.6929752826690674,ERA5_LAND,WA014,2017,"{""type"":""Point"",""coordinates"":[-1.62,6.69]}"
201710_14,10,0.5126721858978271,ERA5_LAND,WA015,2017,"{""type"":""Point"",""coordinates"":[-16.680000000000003,13.45]}"
201711_0,11,8.580036228522658E-4,ERA5_LAND,WA001,2017,"{""type"":""Point"",""coordinates"":[-17.470000000000002,14.73]}"
201711_1,11,0.013904795981943607,ERA5_LAND,WA002,2017,"{""type"":""Point"",""coordinates"":[-7.949999999999998,12.65]}"
201711_2,11,0.00214268546551466,ERA5_LAND,WA003,2017,"{""type"":""Point"",""coordinates"":[-1.5200000000000002,12.360000000000001]}"
201711_3,11,8.306848467327654E-4,ERA5_LAND,WA004,2017,"{""type"":""Point"",""coordinates"":[2.17,13.51]}"
201711_4,11,0.33590537309646606,ERA5_LAND,WA005,2017,"{""type"":""Point"",""coordinates"":[7.33,9.07]}"
201711_5,11,2.37125563621521,ERA5_LAND,WA006,2017,"{""type"":""Point"",""coordinates"":[-0.17,5.56]}"
201711_6,11,6.646304607391357,ERA5_LAND,WA007,2017,"{""type"":""Point"",""coordinates"":[-3.9299999999999997,5.349999999999999]}"
201711_7,11,2.8140459060668945,ERA5_LAND,WA008,2017,"{""type"":""Point"",""coordinates"":[-13.67,9.53]}"
201711_8,11,3.9997520446777344,ERA5_LAND,WA009,2017,"{""type"":""Point"",""coordinates"":[-13.230000000000002,8.489999999999998]}"
201711_9,11,6.9187331199646,ERA5_LAND,WA010,2017,"{""type"":""Point"",""coordinates"":[-10.799999999999999,6.3]}"
201711_10,11,2.6943254470825195,ERA5_LAND,WA011,2017,"{""type"":""Point"",""coordinates"":[1.22,6.130000000000001]}"
201711_11,11,2.9363162517547607,ERA5_LAND,WA012,2017,"{""type"":""Point"",""coordinates"":[2.42,6.37]}"
201711_12,11,8.306848467327654E-4,ERA5_LAND,WA013,2017,"{""type"":""Point"",""coordinates"":[8.52,12.05]}"
201711_13,11,2.565680980682373,ERA5_LAND,WA014,2017,"{""type"":""Point"",""coordinates"":[-1.62,6.69]}"
201711_14,11,0.004947456065565348,ERA5_LAND,WA015,2017,"{""type"":""Point"",""coordinates"":[-16.680000000000003,13.45]}"
201712_0,12,8.444145787507296E-4,ERA5_LAND,WA001,2017,"{""type"":""Point"",""coordinates"":[-17.470000000000002,14.73]}"
201712_1,12,8.444145787507296E-4,ERA5_LAND,WA002,2017,"{""type"":""Point"",""coordinates"":[-7.949999999999998,12.65]}"
201712_2,12,9.752566693350673E-4,ERA5_LAND,WA003,2017,"{""type"":""Point"",""coordinates"":[-1.5200000000000002,12.360000000000001]}"
201712_3,12,8.877735817804933E-4,ERA5_LAND,WA004,2017,"{""type"":""Point"",""coordinates"":[2.17,13.51]}"
201712_4,12,0.017475523054599762,ERA5_LAND,WA005,2017,"{""type"":""Point"",""coordinates"":[7.33,9.07]}"
201712_5,12,0.6076695322990417,ERA5_LAND,WA006,2017,"{""type"":""Point"",""coordinates"":[-0.17,5.56]}"
201712_6,12,3.2479312419891357,ERA5_LAND,WA007,2017,"{""type"":""Point"",""coordinates"":[-3.9299999999999997,5.349999999999999]}"
201712_7,12,0.10471032559871674,ERA5_LAND,WA008,2017,"{""type"":""Point"",""coordinates"":[-13.67,9.53]}"
201712_8,12,0.5228321552276611,ERA5_LAND,WA009,2017,"{""type"":""Point"",""coordinates"":[-13.230000000000002,8.489999999999998]}"
201712_9,12,2.750622510910034,ERA5_LAND,WA010,2017,"{""type"":""Point"",""coordinates"":[-10.799999999999999,6.3]}"
201712_10,12,1.2403150796890259,ERA5_LAND,WA011,2017,"{""type"":""Point"",""coordinates"":[1.22,6.130000000000001]}"
201712_11,12,1.394921064376831,ERA5_LAND,WA012,2017,"{""type"":""Point"",""coordinates"":[2.42,6.37]}"
201712_12,12,0.004000516142696142,ERA5_LAND,WA013,2017,"{""type"":""Point"",""coordinates"":[8.52,12.05]}"
201712_13,12,0.7518779039382935,ERA5_LAND,WA014,2017,"{""type"":""Point"",""coordinates"":[-1.62,6.69]}"
201712_14,12,9.778140811249614E-4,ERA5_LAND,WA015,2017,"{""type"":""Point"",""coordinates"":[-16.680000000000003,13.45]}"
201801_0,1,8.174238610081375E-4,ERA5_LAND,WA001,2018,"{""type"":""Point"",""coordinates"":[-17.470000000000002,14.73]}"
201801_1,1,0.004634716082364321,ERA5_LAND,WA002,2018,"{""type"":""Point"",""coordinates"":[-7.949999999999998,12.65]}"
201801_2,1,8.493750938214362E-4,ERA5_LAND,WA003,2018,"{""type"":""Point"",""coordinates"":[-1.5200000000000002,12.360000000000001]}"
201801_3,1,8.174238610081375E-4,ERA5_LAND,WA004,2018,"{""type"":""Point"",""coordinates"":[2.17,13.51]}"
201801_4,1,8.174238610081375E-4,ERA5_LAND,WA005,2018,"{""type"":""Point"",""coordinates"":[7.33,9.07]}"
201801_5,1,0.2638755738735199,ERA5_LAND,WA006,2018,"{""type"":""Point"",""coordinates"":[-0.17,5.56]}"
201801_6,1,1.9486967325210571,ERA5_LAND,WA007,2018,"{""type"":""Point"",""coordinates"":[-3.9299999999999997,5.349999999999999]}"
201801_7,1,0.009557497687637806,ERA5_LAND,WA008,2018,"{""type"":""Point"",""coordinates"":[-13.67,9.53]}"
201801_8,1,0.03999076038599014,ERA5_LAND,WA009,2018,"{""type"":""Point"",""coordinates"":[-13.230000000000002,8.489999999999998]}"
201801_9,1,2.339542865753174,ERA5_LAND,WA010,2018,"{""type"":""Point"",""coordinates"":[-10.799999999999999,6.3]}"
201801_10,1,0.2368273138999939,ERA5_LAND,WA011,2018,"{""type"":""Point"",""coordinates"":[1.22,6.130000000000001]}"
201801_11,1,0.2859247922897339,ERA5_LAND,WA012,2018,"{""type"":""Point"",""coordinates"":[2.42,6.37]}"
201801_12,1,8.174238610081375E-4,ERA5_LAND,WA013,2018,"{""type"":""Point"",""coordinates"":[8.52,12.05]}"
201801_13,1,0.1145777702331543,ERA5_LAND,WA014,2018,"{""type"":""Point"",""coordinates"":[-1.62,6.69]}"
201801_14,1,8.174238610081375E-4,ERA5_LAND,WA015,2018,"{""type"":""Point"",""coordinates"":[-16.680000000000003,13.45]}"
201802_0,2,0.027860127389431,ERA5_LAND,WA001,2018,"{""type"":""Point"",""coordinates"":[-17.470000000000002,14.73]}"
201802_1,2,0.07260478287935257,ERA5_LAND,WA002,2018,"{""type"":""Point"",""coordinates"":[-7.949999999999998,12.65]}"
201802_2,2,0.2154024988412857,ERA5_LAND,WA003,2018,"{""type"":""Point"",""coordinates"":[-1.5200000000000002,12.360000000000001]}"
201802_3,2,0.011278337799012661,ERA5_LAND,WA004,2018,"{""type"":""Point"",""coordinates"":[2.17,13.51]}"
201802_4,2,1.4184762239456177,ERA5_LAND,WA005,2018,"{""type"":""Point"",""coordinates"":[7.33,9.07]}"
201802_5,2,1.0677497386932373,ERA5_LAND,WA006,2018,"{""type"":""Point"",""coordinates"":[-0.17,5.56]}"
201802_6,2,2.7699317932128906,ERA5_LAND,WA007,2018,"{""type"":""Point"",""coordinates"":[-3.9299999999999997,5.349999999999999]}"
201802_7,2,0.028645355254411697,ERA5_LAND,WA008,2018,"{""type"":""Point"",""coordinates"":[-13.67,9.53]}"
201802_8,2,0.021312277764081955,ERA5_LAND,WA009,2018,"{""type"":""Point"",""coordinates"":[-13.230000000000002,8.489999999999998]}"
201802_9,2,3.265669584274292,ERA5_LAND,WA010,2018,"{""type"":""Point"",""coordinates"":[-10.799999999999999,6.3]}"
201802_10,2,1.3505518436431885,ERA5_LAND,WA011,2018,"{""type"":""Point"",""coordinates"":[1.22,6.130000000000001]}"
201802_11,2,1.8506803512573242,ERA5_LAND,WA012,2018,"{""type"":""Point"",""coordinates"":[2.42,6.37]}"
201802_12,2,0.017539553344249725,ERA5_LAND,WA013,2018,"{""type"":""Point"",""coordinates"":[8.52,12.05]}"
201802_13,2,2.9085235595703125,ERA5_LAND,WA014,2018,"{""type"":""Point"",""coordinates"":[-1.62,6.69]}"
201802_14,2,0.017604557797312737,ERA5_LAND,WA015,2018,"{""type"":""Point"",""coordinates"":[-16.680000000000003,13.45]}"
201803_0,3,0.008672197349369526,ERA5_LAND,WA001,2018,"{""type"":""Point"",""coordinates"":[-17.470000000000002,14.73]}"
201803_1,3,0.16237854957580566,ERA5_LAND,WA002,2018,"{""type"":""Point"",""coordinates"":[-7.949999999999998,12.65]}"
201803_2,3,0.0123835988342762,ERA5_LAND,WA003,2018,"{""type"":""Point"",""coordinates"":[-1.5200000000000002,12.360000000000001]}"
201803_3,3,9.045369806699455E-4,ERA5_LAND,WA004,2018,"{""type"":""Point"",""coordinates"":[2.17,13.51]}"
201803_4,3,0.7174577713012695,ERA5_LAND,WA005,2018,"{""type"":""Point"",""coordinates"":[7.33,9.07]}"
201803_5,3,1.2806447744369507,ERA5_LAND,WA006,2018,"{""type"":""Point"",""coordinates"":[-0.17,5.56]}"
201803_6,3,3.5750746726989746,ERA5_LAND,WA007,2018,"{""type"":""Point"",""coordinates"":[-3.9299999999999997,5.349999999999999]}"
201803_7,3,0.06116637587547302,ERA5_LAND,WA008,2018,"{""type"":""Point"",""coordinates"":[-13.67,9.53]}"
201803_8,3,0.5320605635643005,ERA5_LAND,WA009,2018,"{""type"":""Point"",""coordinates"":[-13.230000000000002,8.489999999999998]}"
201803_9,3,5.084669589996338,ERA5_LAND,WA010,2018,"{""type"":""Point"",""coordinates"":[-10.799999999999999,6.3]}"
201803_10,3,1.5627351999282837,ERA5_LAND,WA011,2018,"{""type"":""Point"",""coordinates"":[1.22,6.130000000000001]}"
201803_11,3,2.010474443435669,ERA5_LAND,WA012,2018,"{""type"":""Point"",""coordinates"":[2.42,6.37]}"
201803_12,3,9.189092088490725E-4,ERA5_LAND,WA013,2018,"{""type"":""Point"",""coordinates"":[8.52,12.05]}"
201803_13,3,3.3897664546966553,ERA5_LAND,WA014,2018,"{""type"":""Point"",""coordinates"":[-1.62,6.69]}"
201803_14,3,0.0012355081271380186,ERA5_LAND,WA015,2018,"{""type"":""Point"",""coordinates"":[-16.680000000000003,13.45]}"
201804_0,4,0.0010128971189260483,ERA5_LAND,WA001,2018,"{""type"":""Point"",""coordinates"":[-17.470000000000002,14.73]}"
201804_1,4,0.07367049157619476,ERA5_LAND,WA002,2018,"{""type"":""Point"",""coordinates"":[-7.949999999999998,12.65]}"
201804_2,4,0.047413699328899384,ERA5_LAND,WA003,2018,"{""type"":""Point"",""coordinates"":[-1.5200000000000002,12.360000000000001]}"
201804_3,4,0.0026621920987963676,ERA5_LAND,WA004,2018,"{""type"":""Point"",""coordinates"":[2.17,13.51]}"
201804_4,4,0.937228798866272,ERA5_LAND,WA005,2018,"{""type"":""Point"",""coordinates"":[7.33,9.07]}"
201804_5,4,2.2410924434661865,ERA5_LAND,WA006,2018,"{""type"":""Point"",""coordinates"":[-0.17,5.56]}"
201804_6,4,4.5912909507751465,ERA5_LAND,WA007,2018,"{""type"":""Point"",""coordinates"":[-3.9299999999999997,5.349999999999999]}"
201804_7,4,0.061106737703084946,ERA5_LAND,WA008,2018,"{""type"":""Point"",""coordinates"":[-13.67,9.53]}"
201804_8,4,0.8524490594863892,ERA5_LAND,WA009,2018,"{""type"":""Point"",""coordinates"":[-13.230000000000002,8.489999999999998]}"
201804_9,4,9.662189483642578,ERA5_LAND,WA010,2018,"{""type"":""Point"",""coordinates"":[-10.799999999999999,6.3]}"
201804_10,4,1.9016327857971191,ERA5_LAND,WA011,2018,"{""type"":""Point"",""coordinates"":[1.22,6.130000000000001]}"
201804_11,4,2.703986644744873,ERA5_LAND,WA012,2018,"{""type"":""Point"",""coordinates"":[2.42,6.37]}"
201804_12,4,0.0026615518145263195,ERA5_LAND,WA013,2018,"{""type"":""Point"",""coordinates"":[8.52,12.05]}"
201804_13,4,2.407052755355835,ERA5_LAND,WA014,2018,"{""type"":""Point"",""coordinates"":[-1.62,6.69]}"
201804_14,4,0.0010170928435400128,ERA5_LAND,WA015,2018,"{""type"":""Point"",""coordinates"":[-16.680000000000003,13.45]}"
201805_0,5,9.80875687673688E-4,ERA5_LAND,WA001,2018,"{""type"":""Point"",""coordinates"":[-17.470000000000002,14.73]}"
201805_1,5,0.7068224549293518,ERA5_LAND,WA002,2018,"{""type"":""Point"",""coordinates"":[-7.949999999999998,12.65]}"
201805_2,5,0.5744375586509705,ERA5_LAND,WA003,2018,"{""type"":""Point"",""coordinates"":[-1.5200000000000002,12.360000000000001]}"
201805_3,5,0.22396938502788544,ERA5_LAND,WA004,2018,"{""type"":""Point"",""coordinates"":[2.17,13.51]}"
201805_4,5,4.072412014007568,ERA5_LAND,WA005,2018,"{""type"":""Point"",""coordinates"":[7.33,9.07]}"
201805_5,5,6.500860214233398,ERA5_LAND,WA006,2018,"{""type"":""Point"",""coordinates"":[-0.17,5.56]}"
201805_6,5,8.33251953125,ERA5_LAND,WA007,2018,"{""type"":""Point"",""coordinates"":[-3.9299999999999997,5.349999999999999]}"
201805_7,5,0.9387266635894775,ERA5_LAND,WA008,2018,"{""type"":""Point"",""coordinates"":[-13.67,9.53]}"
201805_8,5,2.6089251041412354,ERA5_LAND,WA009,2018,"{""type"":""Point"",""coordinates"":[-13.230000000000002,8.489999999999998]}"
201805_9,5,11.530478477478027,ERA5_LAND,WA010,2018,"{""type"":""Point"",""coordinates"":[-10.799999999999999,6.3]}"
201805_10,5,4.895734786987305,ERA5_LAND,WA011,2018,"{""type"":""Point"",""coordinates"":[1.22,6.130000000000001]}"
201805_11,5,5.706780910491943,ERA5_LAND,WA012,2018,"{""type"":""Point"",""coordinates"":[2.42,6.37]}"
201805_12,5,0.4290412962436676,ERA5_LAND,WA013,2018,"{""type"":""Point"",""coordinates"":[8.52,12.05]}"
201805_13,5,7.322810173034668,ERA5_LAND,WA014,2018,"{""type"":""Point"",""coordinates"":[-1.62,6.69]}"
201805_14,5,9.80875687673688E-4,ERA5_LAND,WA015,2018,"{""type"":""Point"",""coordinates"":[-16.680000000000003,13.45]}"
201806_0,6,0.13105161488056183,ERA5_LAND,WA001,2018,"{""type"":""Point"",""coordinates"":[-17.470000000000002,14.73]}"
201806_1,6,2.3630294799804688,ERA5_LAND,WA002,2018,"{""type"":""Point"",""coordinates"":[-7.949999999999998,12.65]}"
201806_2,6,2.1669957637786865,ERA5_LAND,WA003,2018,"{""type"":""Point"",""coordinates"":[-1.5200000000000002,12.360000000000001]}"
201806_3,6,0.63485187292099,ERA5_LAND,WA004,2018,"{""type"":""Point"",""coordinates"":[2.17,13.51]}"
201806_4,6,7.116769790649414,ERA5_LAND,WA005,2018,"{""type"":""Point"",""coordinates"":[7.33,9.07]}"
201806_5,6,5.382253646850586,ERA5_LAND,WA006,2018,"{""type"":""Point"",""coordinates"":[-0.17,5.56]}"
201806_6,6,10.09096908569336,ERA5_LAND,WA007,2018,"{""type"":""Point"",""coordinates"":[-3.9299999999999997,5.349999999999999]}"
201806_7,6,11.069964408874512,ERA5_LAND,WA008,2018,"{""type"":""Point"",""coordinates"":[-13.67,9.53]}"
201806_8,6,19.389129638671875,ERA5_LAND,WA009,2018,"{""type"":""Point"",""coordinates"":[-13.230000000000002,8.489999999999998]}"
201806_9,6,27.47658348083496,ERA5_LAND,WA010,2018,"{""type"":""Point"",""coordinates"":[-10.799999999999999,6.3]}"
201806_10,6,6.303781032562256,ERA5_LAND,WA011,2018,"{""type"":""Point"",""coordinates"":[1.22,6.130000000000001]}"
201806_11,6,7.9988603591918945,ERA5_LAND,WA012,2018,"{""type"":""Point"",""coordinates"":[2.42,6.37]}"
201806_12,6,2.6873912811279297,ERA5_LAND,WA013,2018,"{""type"":""Point"",""coordinates"":[8.52,12.05]}"
201806_13,6,3.747865915298462,ERA5_LAND,WA014,2018,"{""type"":""Point"",""coordinates"":[-1.62,6.69]}"
201806_14,6,0.17895041406154633,ERA5_LAND,WA015,2018,"{""type"":""Point"",""coordinates"":[-16.680000000000003,13.45]}"
201807_0,7,0.23974920809268951,ERA5_LAND,WA001,2018,"{""type"":""Point"",""coordinates"":[-17.470000000000002,14.73]}"
201807_1,7,6.24222993850708,ERA5_LAND,WA002,2018,"{""type"":""Point"",""coordinates"":[-7.949999999999998,12.65]}"
201807_2,7,3.449563503265381,ERA5_LAND,WA003,2018,"{""type"":""Point"",""coordinates"":[-1.5200000000000002,12.360000000000001]}"
201807_3,7,1.535915732383728,ERA5_LAND,WA004,2018,"{""type"":""Point"",""coordinates"":[2.17,13.51]}"
201807_4,7,6.956981182098389,ERA5_LAND,WA005,2018,"{""type"":""Point"",""coordinates"":[7.33,9.07]}"
201807_5,7,3.0310893058776855,ERA5_LAND,WA006,2018,"{""type"":""Point"",""coordinates"":[-0.17,5.56]}"
201807_6,7,7.020608901977539,ERA5_LAND,WA007,2018,"{""type"":""Point"",""coordinates"":[-3.9299999999999997,5.349999999999999]}"
201807_7,7,35.901710510253906,ERA5_LAND,WA008,2018,"{""type"":""Point"",""coordinates"":[-13.67,9.53]}"
201807_8,7,23.996416091918945,ERA5_LAND,WA009,2018,"{""type"":""Point"",""coordinates"":[-13.230000000000002,8.489999999999998]}"
201807_9,7,18.246721267700195,ERA5_LAND,WA010,2018,"{""type"":""Point"",""coordinates"":[-10.799999999999999,6.3]}"
201807_10,7,3.0212953090667725,ERA5_LAND,WA011,2018,"{""type"":""Point"",""coordinates"":[1.22,6.130000000000001]}"
201807_11,7,4.634727954864502,ERA5_LAND,WA012,2018,"{""type"":""Point"",""coordinates"":[2.42,6.37]}"
201807_12,7,4.6532673835754395,ERA5_LAND,WA013,2018,"{""type"":""Point"",""coordinates"":[8.52,12.05]}"
201807_13,7,5.300379753112793,ERA5_LAND,WA014,2018,"{""type"":""Point"",""coordinates"":[-1.62,6.69]}"
201807_14,7,3.6835830211639404,ERA5_LAND,WA015,2018,"{""type"":""Point"",""coordinates"":[-16.680000000000003,13.45]}"
201808_0,8,1.7617703676223755,ERA5_LAND,WA001,2018,"{""type"":""Point"",""coordinates"":[-17.470000000000002,14.73]}"
201808_1,8,9.325533866882324,ERA5_LAND,WA002,2018,"{""type"":""Point"",""coordinates"":[-7.949999999999998,12.65]}"
201808_2,8,6.933040142059326,ERA5_LAND,WA003,2018,"{""type"":""Point"",""coordinates"":[-1.5200000000000002,12.360000000000001]}"
201808_3,8,3.926250696182251,ERA5_LAND,WA004,2018,"{""type"":""Point"",""coordinates"":[2.17,13.51]}"
201808_4,8,8.756706237792969,ERA5_LAND,WA005,2018,"{""type"":""Point"",""coordinates"":[7.33,9.07]}"
201808_5,8,2.2023215293884277,ERA5_LAND,WA006,2018,"{""type"":""Point"",""coordinates"":[-0.17,5.56]}"
201808_6,8,2.5559241771698,ERA5_LAND,WA007,2018,"{""type"":""Point"",""coordinates"":[-3.9299999999999997,5.349999999999999]}"
201808_7,8,30.813289642333984,ERA5_LAND,WA008,2018,"{""type"":""Point"",""coordinates"":[-13.67,9.53]}"
201808_8,8,14.317436218261719,ERA5_LAND,WA009,2018,"{""type"":""Point"",""coordinates"":[-13.230000000000002,8.489999999999998]}"
201808_9,8,19.4276123046875,ERA5_LAND,WA010,2018,"{""type"":""Point"",""coordinates"":[-10.799999999999999,6.3]}"
201808_10,8,2.9761252403259277,ERA5_LAND,WA011,2018,"{""type"":""Point"",""coordinates"":[1.22,6.130000000000001]}"
201808_11,8,4.326286792755127,ERA5_LAND,WA012,2018,"{""type"":""Point"",""coordinates"":[2.42,6.37]}"
201808_12,8,6.8225555419921875,ERA5_LAND,WA013,2018,"{""type"":""Point"",""coordinates"":[8.52,12.05]}"
201808_13,8,4.6447296142578125,ERA5_LAND,WA014,2018,"{""type"":""Point"",""coordinates"":[-1.62,6.69]}"
201808_14,8,7.617693901062012,ERA5_LAND,WA015,2018,"{""type"":""Point"",""coordinates"":[-16.680000000000003,13.45]}"
201809_0,9,4.035614967346191,ERA5_LAND,WA001,2018,"{""type"":""Point"",""coordinates"":[-17.470000000000002,14.73]}"
201809_1,9,5.720490455627441,ERA5_LAND,WA002,2018,"{""type"":""Point"",""coordinates"":[-7.949999999999998,12.65]}"
201809_2,9,5.1405463218688965,ERA5_LAND,WA003,2018,"{""type"":""Point"",""coordinates"":[-1.5200000000000002,12.360000000000001]}"
201809_3,9,1.8394302129745483,ERA5_LAND,WA004,2018,"{""type"":""Point"",""coordinates"":[2.17,13.51]}"
201809_4,9,8.83658504486084,ERA5_LAND,WA005,2018,"{""type"":""Point"",""coordinates"":[7.33,9.07]}"
201809_5,9,3.812138557434082,ERA5_LAND,WA006,2018,"{""type"":""Point"",""coordinates"":[-0.17,5.56]}"
201809_6,9,8.072559356689453,ERA5_LAND,WA007,2018,"{""type"":""Point"",""coordinates"":[-3.9299999999999997,5.349999999999999]}"
201809_7,9,15.610371589660645,ERA5_LAND,WA008,2018,"{""type"":""Point"",""coordinates"":[-13.67,9.53]}"
201809_8,9,24.517776489257812,ERA5_LAND,WA009,2018,"{""type"":""Point"",""coordinates"":[-13.230000000000002,8.489999999999998]}"
201809_9,9,22.024715423583984,ERA5_LAND,WA010,2018,"{""type"":""Point"",""coordinates"":[-10.799999999999999,6.3]}"
201809_10,9,5.425858497619629,ERA5_LAND,WA011,2018,"{""type"":""Point"",""coordinates"":[1.22,6.130000000000001]}"
201809_11,9,6.990025043487549,ERA5_LAND,WA012,2018,"{""type"":""Point"",""coordinates"":[2.42,6.37]}"
201809_12,9,3.7757728099823,ERA5_LAND,WA013,2018,"{""type"":""Point"",""coordinates"":[8.52,12.05]}"
201809_13,9,8.169205665588379,ERA5_LAND,WA014,2018,"{""type"":""Point"",""coordinates"":[-1.62,6.69]}"
201809_14,9,8.315281867980957,ERA5_LAND,WA015,2018,"{""type"":""Point"",""coordinates"":[-16.680000000000003,13.45]}"
201810_0,10,0.15279819071292877,ERA5_LAND,WA001,2018,"{""type"":""Point"",""coordinates"":[-17.470000000000002,14.73]}"
201810_1,10,1.5710402727127075,ERA5_LAND,WA002,2018,"{""type"":""Point"",""coordinates"":[-7.949999999999998,12.65]}"
201810_2,10,0.9972147345542908,ERA5_LAND,WA003,2018,"{""type"":""Point"",""coordinates"":[-1.5200000000000002,12.360000000000001]}"
201810_3,10,0.2562312185764313,ERA5_LAND,WA004,2018,"{""type"":""Point"",""coordinates"":[2.17,13.51]}"
201810_4,10,4.63424015045166,ERA5_LAND,WA005,2018,"{""type"":""Point"",""coordinates"":[7.33,9.07]}"
201810_5,10,3.878465414047241,ERA5_LAND,WA006,2018,"{""type"":""Point"",""coordinates"":[-0.17,5.56]}"
201810_6,10,6.205596923828125,ERA5_LAND,WA007,2018,"{""type"":""Point"",""coordinates"":[-3.9299999999999997,5.349999999999999]}"
201810_7,10,7.135840892791748,ERA5_LAND,WA008,2018,"{""type"":""Point"",""coordinates"":[-13.67,9.53]}"
201810_8,10,7.267140865325928,ERA5_LAND,WA009,2018,"{""type"":""Point"",""coordinates"":[-13.230000000000002,8.489999999999998]}"
201810_9,10,8.813015937805176,ERA5_LAND,WA010,2018,"{""type"":""Point"",""coordinates"":[-10.799999999999999,6.3]}"
201810_10,10,5.279720783233643,ERA5_LAND,WA011,2018,"{""type"":""Point"",""coordinates"":[1.22,6.130000000000001]}"
201810_11,10,4.496297359466553,ERA5_LAND,WA012,2018,"{""type"":""Point"",""coordinates"":[2.42,6.37]}"
201810_12,10,0.15206310153007507,ERA5_LAND,WA013,2018,"{""type"":""Point"",""coordinates"":[8.52,12.05]}"
201810_13,10,4.354163646697998,ERA5_LAND,WA014,2018,"{""type"":""Point"",""coordinates"":[-1.62,6.69]}"
201810_14,10,1.6274422407150269,ERA5_LAND,WA015,2018,"{""type"":""Point"",""coordinates"":[-16.680000000000003,13.45]}"
201811_0,11,0.07865201681852341,ERA5_LAND,WA001,2018,"{""type"":""Point"",""coordinates"":[-17.470000000000002,14.73]}"
201811_1,11,0.03315235301852226,ERA5_LAND,WA002,2018,"{""type"":""Point"",""coordinates"":[-7.949999999999998,12.65]}"
201811_2,11,0.006957617122679949,ERA5_LAND,WA003,2018,"{""type"":""Point"",""coordinates"":[-1.5200000000000002,12.360000000000001]}"
201811_3,11,8.153073722496629E-4,ERA5_LAND,WA004,2018,"{""type"":""Point"",""coordinates"":[2.17,13.51]}"
201811_4,11,0.2148928940296173,ERA5_LAND,WA005,2018,"{""type"":""Point"",""coordinates"":[7.33,9.07]}"
201811_5,11,1.6543433666229248,ERA5_LAND,WA006,2018,"{""type"":""Point"",""coordinates"":[-0.17,5.56]}"
201811_6,11,4.790602684020996,ERA5_LAND,WA007,2018,"{""type"":""Point"",""coordinates"":[-3.9299999999999997,5.349999999999999]}"
201811_7,11,3.6794986724853516,ERA5_LAND,WA008,2018,"{""type"":""Point"",""coordinates"":[-13.67,9.53]}"
201811_8,11,4.440911293029785,ERA5_LAND,WA009,2018,"{""type"":""Point"",""coordinates"":[-13.230000000000002,8.489999999999998]}"
201811_9,11,6.484144687652588,ERA5_LAND,WA010,2018,"{""type"":""Point"",""coordinates"":[-10.799999999999999,6.3]}"
201811_10,11,2.2508997917175293,ERA5_LAND,WA011,2018,"{""type"":""Point"",""coordinates"":[1.22,6.130000000000001]}"
201811_11,11,2.0969648361206055,ERA5_LAND,WA012,2018,"{""type"":""Point"",""coordinates"":[2.42,6.37]}"
201811_12,11,8.153073722496629E-4,ERA5_LAND,WA013,2018,"{""type"":""Point"",""coordinates"":[8.52,12.05]}"
201811_13,11,2.302676200866699,ERA5_LAND,WA014,2018,"{""type"":""Point"",""coordinates"":[-1.62,6.69]}"
201811_14,11,0.10128109902143478,ERA5_LAND,WA015,2018,"{""type"":""Point"",""coordinates"":[-16.680000000000003,13.45]}"
201812_0,12,0.0023450199514627457,ERA5_LAND,WA001,2018,"{""type"":""Point"",""coordinates"":[-17.470000000000002,14.73]}"
201812_1,12,8.851868333294988E-4,ERA5_LAND,WA002,2018,"{""type"":""Point"",""coordinates"":[-7.949999999999998,12.65]}"
201812_2,12,8.851868333294988E-4,ERA5_LAND,WA003,2018,"{""type"":""Point"",""coordinates"":[-1.5200000000000002,12.360000000000001]}"
201812_3,12,8.851868333294988E-4,ERA5_LAND,WA004,2018,"{""type"":""Point"",""coordinates"":[2.17,13.51]}"
201812_4,12,0.017501099035143852,ERA5_LAND,WA005,2018,"{""type"":""Point"",""coordinates"":[7.33,9.07]}"
201812_5,12,1.1773658990859985,ERA5_LAND,WA006,2018,"{""type"":""Point"",""coordinates"":[-0.17,5.56]}"
201812_6,12,2.5965092182159424,ERA5_LAND,WA007,2018,"{""type"":""Point"",""coordinates"":[-3.9299999999999997,5.349999999999999]}"
201812_7,12,0.09678302705287933,ERA5_LAND,WA008,2018,"{""type"":""Point"",""coordinates"":[-13.67,9.53]}"
201812_8,12,0.6744334697723389,ERA5_LAND,WA009,2018,"{""type"":""Point"",""coordinates"":[-13.230000000000002,8.489999999999998]}"
201812_9,12,3.1042139530181885,ERA5_LAND,WA010,2018,"{""type"":""Point"",""coordinates"":[-10.799999999999999,6.3]}"
201812_10,12,1.1163290739059448,ERA5_LAND,WA011,2018,"{""type"":""Point"",""coordinates"":[1.22,6.130000000000001]}"
201812_11,12,0.9714733362197876,ERA5_LAND,WA012,2018,"{""type"":""Point"",""coordinates"":[2.42,6.37]}"
201812_12,12,8.852262399159372E-4,ERA5_LAND,WA013,2018,"{""type"":""Point"",""coordinates"":[8.52,12.05]}"
201812_13,12,0.4497714340686798,ERA5_LAND,WA014,2018,"{""type"":""Point"",""coordinates"":[-1.62,6.69]}"
201812_14,12,0.001168635906651616,ERA5_LAND,WA015,2018,"{""type"":""Point"",""coordinates"":[-16.680000000000003,13.45]}"
201901_0,1,9.677759953774512E-4,ERA5_LAND,WA001,2019,"{""type"":""Point"",""coordinates"":[-17.470000000000002,14.73]}"
201901_1,1,9.677759953774512E-4,ERA5_LAND,WA002,2019,"{""type"":""Point"",""coordinates"":[-7.949999999999998,12.65]}"
201901_2,1,9.677759953774512E-4,ERA5_LAND,WA003,2019,"{""type"":""Point"",""coordinates"":[-1.5200000000000002,12.360000000000001]}"
201901_3,1,9.677759953774512E-4,ERA5_LAND,WA004,2019,"{""type"":""Point"",""coordinates"":[2.17,13.51]}"
201901_4,1,0.05601324141025543,ERA5_LAND,WA005,2019,"{""type"":""Point"",""coordinates"":[7.33,9.07]}"
201901_5,1,0.8290966749191284,ERA5_LAND,WA006,2019,"{""type"":""Point"",""coordinates"":[-0.17,5.56]}"
201901_6,1,2.9283287525177,ERA5_LAND,WA007,2019,"{""type"":""Point"",""coordinates"":[-3.9299999999999997,5.349999999999999]}"
201901_7,1,0.0032571302726864815,ERA5_LAND,WA008,2019,"{""type"":""Point"",""coordinates"":[-13.67,9.53]}"
201901_8,1,0.062217868864536285,ERA5_LAND,WA009,2019,"{""type"":""Point"",""coordinates"":[-13.230000000000002,8.489999999999998]}"
201901_9,1,2.419013738632202,ERA5_LAND,WA010,2019,"{""type"":""Point"",""coordinates"":[-10.799999999999999,6.3]}"
201901_10,1,0.698548436164856,ERA5_LAND,WA011,2019,"{""type"":""Point"",""coordinates"":[1.22,6.130000000000001]}"
201901_11,1,1.2998827695846558,ERA5_LAND,WA012,2019,"{""type"":""Point"",""coordinates"":[2.42,6.37]}"
201901_12,1,9.677759953774512E-4,ERA5_LAND,WA013,2019,"{""type"":""Point"",""coordinates"":[8.52,12.05]}"
201901_13,1,0.6232762336730957,ERA5_LAND,WA014,2019,"{""type"":""Point"",""coordinates"":[-1.62,6.69]}"
201901_14,1,9.677759953774512E-4,ERA5_LAND,WA015,2019,"{""type"":""Point"",""coordinates"":[-16.680000000000003,13.45]}"
201902_0,2,0.0012714732438325882,ERA5_LAND,WA001,2019,"{""type"":""Point"",""coordinates"":[-17.470000000000002,14.73]}"
201902_1,2,0.0012714732438325882,ERA5_LAND,WA002,2019,"{""type"":""Point"",""coordinates"":[-7.949999999999998,12.65]}"
201902_2,2,0.0012761518592014909,ERA5_LAND,WA003,2019,"{""type"":""Point"",""coordinates"":[-1.5200000000000002,12.360000000000001]}"
201902_3,2,0.0012714732438325882,ERA5_LAND,WA004,2019,"{""type"":""Point"",""coordinates"":[2.17,13.51]}"
201902_4,2,0.5471077561378479,ERA5_LAND,WA005,2019,"{""type"":""Point"",""coordinates"":[7.33,9.07]}"
201902_5,2,2.1979928016662598,ERA5_LAND,WA006,2019,"{""type"":""Point"",""coordinates"":[-0.17,5.56]}"
201902_6,2,3.784576177597046,ERA5_LAND,WA007,2019,"{""type"":""Point"",""coordinates"":[-3.9299999999999997,5.349999999999999]}"
201902_7,2,0.00245283474214375,ERA5_LAND,WA008,2019,"{""type"":""Point"",""coordinates"":[-13.67,9.53]}"
201902_8,2,0.0064002289436757565,ERA5_LAND,WA009,2019,"{""type"":""Point"",""coordinates"":[-13.230000000000002,8.489999999999998]}"
201902_9,2,3.027484655380249,ERA5_LAND,WA010,2019,"{""type"":""Point"",""coordinates"":[-10.799999999999999,6.3]}"
201902_10,2,2.073129415512085,ERA5_LAND,WA011,2019,"{""type"":""Point"",""coordinates"":[1.22,6.130000000000001]}"
201902_11,2,2.6532840728759766,ERA5_LAND,WA012,2019,"{""type"":""Point"",""coordinates"":[2.42,6.37]}"
201902_12,2,0.014390918426215649,ERA5_LAND,WA013,2019,"{""type"":""Point"",""coordinates"":[8.52,12.05]}"
201902_13,2,1.9120222330093384,ERA5_LAND,WA014,2019,"{""type"":""Point"",""coordinates"":[-1.62,6.69]}"
201902_14,2,0.003397406777366996,ERA5_LAND,WA015,2019,"{""type"":""Point"",""coordinates"":[-16.680000000000003,13.45]}"
201903_0,3,0.031240083277225494,ERA5_LAND,WA001,2019,"{""type"":""Point"",""coordinates"":[-17.470000000000002,14.73]}"
201903_1,3,0.08343393355607986,ERA5_LAND,WA002,2019,"{""type"":""Point"",""coordinates"":[-7.949999999999998,12.65]}"
201903_2,3,0.1992039829492569,ERA5_LAND,WA003,2019,"{""type"":""Point"",""coordinates"":[-1.5200000000000002,12.360000000000001]}"
201903_3,3,0.0012732583563774824,ERA5_LAND,WA004,2019,"{""type"":""Point"",""coordinates"":[2.17,13.51]}"
201903_4,3,0.6156302690505981,ERA5_LAND,WA005,2019,"{""type"":""Point"",""coordinates"":[7.33,9.07]}"
201903_5,3,1.4490998983383179,ERA5_LAND,WA006,2019,"{""type"":""Point"",""coordinates"":[-0.17,5.56]}"
201903_6,3,3.2356057167053223,ERA5_LAND,WA007,2019,"{""type"":""Point"",""coordinates"":[-3.9299999999999997,5.349999999999999]}"
201903_7,3,0.014119630679488182,ERA5_LAND,WA008,2019,"{""type"":""Point"",""coordinates"":[-13.67,9.53]}"
201903_8,3,0.21200472116470337,ERA5_LAND,WA009,2019,"{""type"":""Point"",""coordinates"":[-13.230000000000002,8.489999999999998]}"
201903_9,3,4.3572096824646,ERA5_LAND,WA010,2019,"{""type"":""Point"",""coordinates"":[-10.799999999999999,6.3]}"
201903_10,3,1.4968324899673462,ERA5_LAND,WA011,2019,"{""type"":""Point"",""coordinates"":[1.22,6.130000000000001]}"
201903_11,3,1.7392123937606812,ERA5_LAND,WA012,2019,"{""type"":""Point"",""coordinates"":[2.42,6.37]}"
201903_12,3,0.004930810537189245,ERA5_LAND,WA013,2019,"{""type"":""Point"",""coordinates"":[8.52,12.05]}"
201903_13,3,3.7093231678009033,ERA5_LAND,WA014,2019,"{""type"":""Point"",""coordinates"":[-1.62,6.69]}"
201903_14,3,0.009769942611455917,ERA5_LAND,WA015,2019,"{""type"":""Point"",""coordinates"":[-16.680000000000003,13.45]}"
201904_0,4,0.0014555808156728745,ERA5_LAND,WA001,2019,"{""type"":""Point"",""coordinates"":[-17.470000000000002,14.73]}"
201904_1,4,0.16241903603076935,ERA5_LAND,WA002,2019,"{""type"":""Point"",""coordinates"":[-7.949999999999998,12.65]}"
201904_2,4,0.17044012248516083,ERA5_LAND,WA003,2019,"{""type"":""Point"",""coordinates"":[-1.5200000000000002,12.360000000000001]}"
201904_3,4,0.008572742342948914,ERA5_LAND,WA004,2019,"{""type"":""Point"",""coordinates"":[2.17,13.51]}"
201904_4,4,1.4116965532302856,ERA5_LAND,WA005,2019,"{""type"":""Point"",""coordinates"":[7.33,9.07]}"
201904_5,4,2.1099095344543457,ERA5_LAND,WA006,2019,"{""type"":""Point"",""coordinates"":[-0.17,5.56]}"
201904_6,4,6.3104681968688965,ERA5_LAND,WA007,2019,"{""type"":""Point"",""coordinates"":[-3.9299999999999997,5.349999999999999]}"
201904_7,4,0.41202279925346375,ERA5_LAND,WA008,2019,"{""type"":""Point"",""coordinates"":[-13.67,9.53]}"
201904_8,4,1.9905729293823242,ERA5_LAND,WA009,2019,"{""type"":""Point"",""coordinates"":[-13.230000000000002,8.489999999999998]}"
201904_9,4,7.427918434143066,ERA5_LAND,WA010,2019,"{""type"":""Point"",""coordinates"":[-10.799999999999999,6.3]}"
201904_10,4,2.9487431049346924,ERA5_LAND,WA011,2019,"{""type"":""Point"",""coordinates"":[1.22,6.130000000000001]}"
201904_11,4,2.8387742042541504,ERA5_LAND,WA012,2019,"{""type"":""Point"",""coordinates"":[2.42,6.37]}"
201904_12,4,0.00163512013386935,ERA5_LAND,WA013,2019,"{""type"":""Point"",""coordinates"":[8.52,12.05]}"
201904_13,4,4.255690097808838,ERA5_LAND,WA014,2019,"{""type"":""Point"",""coordinates"":[-1.62,6.69]}"
201904_14,4,0.010790860280394554,ERA5_LAND,WA015,2019,"{""type"":""Point"",""coordinates"":[-16.680000000000003,13.45]}"
201905_0,5,0.010478166863322258,ERA5_LAND,WA001,2019,"{""type"":""Point"",""coordinates"":[-17.470000000000002,14.73]}"
201905_1,5,0.8071855902671814,ERA5_LAND,WA002,2019,"{""type"":""Point"",""coordinates"":[-7.949999999999998,12.65]}"
201905_2,5,1.1648558378219604,ERA5_LAND,WA003,2019,"{""type"":""Point"",""coordinates"":[-1.5200000000000002,12.360000000000001]}"
201905_3,5,0.3735908269882202,ERA5_LAND,WA004,2019,"{""type"":""Point"",""coordinates"":[2.17,13.51]}"
201905_4,5,5.712029933929443,ERA5_LAND,WA005,2019,"{""type"":""Point"",""coordinates"":[7.33,9.07]}"
201905_5,5,4.914164066314697,ERA5_LAND,WA006,2019,"{""type"":""Point"",""coordinates"":[-0.17,5.56]}"
201905_6,5,9.335911750793457,ERA5_LAND,WA007,2019,"{""type"":""Point"",""coordinates"":[-3.9299999999999997,5.349999999999999]}"
201905_7,5,1.557457447052002,ERA5_LAND,WA008,2019,"{""type"":""Point"",""coordinates"":[-13.67,9.53]}"
201905_8,5,6.5659661293029785,ERA5_LAND,WA009,2019,"{""type"":""Point"",""coordinates"":[-13.230000000000002,8.489999999999998]}"
201905_9,5,13.478857040405273,ERA5_LAND,WA010,2019,"{""type"":""Point"",""coordinates"":[-10.799999999999999,6.3]}"
201905_10,5,4.468613147735596,ERA5_LAND,WA011,2019,"{""type"":""Point"",""coordinates"":[1.22,6.130000000000001]}"
201905_11,5,5.4398627281188965,ERA5_LAND,WA012,2019,"{""type"":""Point"",""coordinates"":[2.42,6.37]}"
201905_12,5,2.0522267818450928,ERA5_LAND,WA013,2019,"{""type"":""Point"",""coordinates"":[8.52,12.05]}"
201905_13,5,4.252879619598389,ERA5_LAND,WA014,2019,"{""type"":""Point"",""coordinates"":[-1.62,6.69]}"
201905_14,5,0.009998065419495106,ERA5_LAND,WA015,2019,"{""type"":""Point"",""coordinates"":[-16.680000000000003,13.45]}"
201906_0,6,0.0010721039725467563,ERA5_LAND,WA001,2019,"{""type"":""Point"",""coordinates"":[-17.470000000000002,14.73]}"
201906_1,6,2.949204683303833,ERA5_LAND,WA002,2019,"{""type"":""Point"",""coordinates"":[-7.949999999999998,12.65]}"
201906_2,6,2.1833388805389404,ERA5_LAND,WA003,2019,"{""type"":""Point"",""coordinates"":[-1.5200000000000002,12.360000000000001]}"
201906_3,6,0.9056887030601501,ERA5_LAND,WA004,2019,"{""type"":""Point"",""coordinates"":[2.17,13.51]}"
201906_4,6,6.439561367034912,ERA5_LAND,WA005,2019,"{""type"":""Point"",""coordinates"":[7.33,9.07]}"
201906_5,6,4.795762538909912,ERA5_LAND,WA006,2019,"{""type"":""Point"",""coordinates"":[-0.17,5.56]}"
201906_6,6,7.14856481552124,ERA5_LAND,WA007,2019,"{""type"":""Point"",""coordinates"":[-3.9299999999999997,5.349999999999999]}"
201906_7,6,6.582441329956055,ERA5_LAND,WA008,2019,"{""type"":""Point"",""coordinates"":[-13.67,9.53]}"
201906_8,6,16.190025329589844,ERA5_LAND,WA009,2019,"{""type"":""Point"",""coordinates"":[-13.230000000000002,8.489999999999998]}"
201906_9,6,13.118948936462402,ERA5_LAND,WA010,2019,"{""type"":""Point"",""coordinates"":[-10.799999999999999,6.3]}"
201906_10,6,5.777085304260254,ERA5_LAND,WA011,2019,"{""type"":""Point"",""coordinates"":[1.22,6.130000000000001]}"
201906_11,6,9.069591522216797,ERA5_LAND,WA012,2019,"{""type"":""Point"",""coordinates"":[2.42,6.37]}"
201906_12,6,2.7527778148651123,ERA5_LAND,WA013,2019,"{""type"":""Point"",""coordinates"":[8.52,12.05]}"
201906_13,6,4.506069183349609,ERA5_LAND,WA014,2019,"{""type"":""Point"",""coordinates"":[-1.62,6.69]}"
201906_14,6,0.007503787521272898,ERA5_LAND,WA015,2019,"{""type"":""Point"",""coordinates"":[-16.680000000000003,13.45]}"
201907_0,7,0.055637989193201065,ERA5_LAND,WA001,2019,"{""type"":""Point"",""coordinates"":[-17.470000000000002,14.73]}"
201907_1,7,7.722714900970459,ERA5_LAND,WA002,2019,"{""type"":""Point"",""coordinates"":[-7.949999999999998,12.65]}"
201907_2,7,4.996777534484863,ERA5_LAND,WA003,2019,"{""type"":""Point"",""coordinates"":[-1.5200000000000002,12.360000000000001]}"
201907_3,7,1.6272177696228027,ERA5_LAND,WA004,2019,"{""type"":""Point"",""coordinates"":[2.17,13.51]}"
201907_4,7,10.617081642150879,ERA5_LAND,WA005,2019,"{""type"":""Point"",""coordinates"":[7.33,9.07]}"
201907_5,7,2.5273258686065674,ERA5_LAND,WA006,2019,"{""type"":""Point"",""coordinates"":[-0.17,5.56]}"
201907_6,7,3.2765142917633057,ERA5_LAND,WA007,2019,"{""type"":""Point"",""coordinates"":[-3.9299999999999997,5.349999999999999]}"
201907_7,7,36.698936462402344,ERA5_LAND,WA008,2019,"{""type"":""Point"",""coordinates"":[-13.67,9.53]}"
201907_8,7,28.031707763671875,ERA5_LAND,WA009,2019,"{""type"":""Point"",""coordinates"":[-13.230000000000002,8.489999999999998]}"
201907_9,7,17.73137092590332,ERA5_LAND,WA010,2019,"{""type"":""Point"",""coordinates"":[-10.799999999999999,6.3]}"
201907_10,7,4.763427734375,ERA5_LAND,WA011,2019,"{""type"":""Point"",""coordinates"":[1.22,6.130000000000001]}"
201907_11,7,3.806107997894287,ERA5_LAND,WA012,2019,"{""type"":""Point"",""coordinates"":[2.42,6.37]}"
201907_12,7,7.594513416290283,ERA5_LAND,WA013,2019,"{""type"":""Point"",""coordinates"":[8.52,12.05]}"
201907_13,7,3.613401412963867,ERA5_LAND,WA014,2019,"{""type"":""Point"",""coordinates"":[-1.62,6.69]}"
201907_14,7,2.3117358684539795,ERA5_LAND,WA015,2019,"{""type"":""Point"",""coordinates"":[-16.680000000000003,13.45]}"
201908_0,8,4.631108283996582,ERA5_LAND,WA001,2019,"{""type"":""Point"",""coordinates"":[-17.470000000000002,14.73]}"
201908_1,8,11.244175910949707,ERA5_LAND,WA002,2019,"{""type"":""Point"",""coordinates"":[-7.949999999999998,12.65]}"
201908_2,8,6.108060836791992,ERA5_LAND,WA003,2019,"{""type"":""Point"",""coordinates"":[-1.5200000000000002,12.360000000000001]}"
201908_3,8,5.722825527191162,ERA5_LAND,WA004,2019,"{""type"":""Point"",""coordinates"":[2.17,13.51]}"
201908_4,8,10.406896591186523,ERA5_LAND,WA005,2019,"{""type"":""Point"",""coordinates"":[7.33,9.07]}"
201908_5,8,1.1224853992462158,ERA5_LAND,WA006,2019,"{""type"":""Point"",""coordinates"":[-0.17,5.56]}"
201908_6,8,1.92402184009552,ERA5_LAND,WA007,2019,"{""type"":""Point"",""coordinates"":[-3.9299999999999997,5.349999999999999]}"
201908_7,8,32.350555419921875,ERA5_LAND,WA008,2019,"{""type"":""Point"",""coordinates"":[-13.67,9.53]}"
201908_8,8,34.4503288269043,ERA5_LAND,WA009,2019,"{""type"":""Point"",""coordinates"":[-13.230000000000002,8.489999999999998]}"
201908_9,8,23.66783905029297,ERA5_LAND,WA010,2019,"{""type"":""Point"",""coordinates"":[-10.799999999999999,6.3]}"
201908_10,8,1.563402533531189,ERA5_LAND,WA011,2019,"{""type"":""Point"",""coordinates"":[1.22,6.130000000000001]}"
201908_11,8,2.4880335330963135,ERA5_LAND,WA012,2019,"{""type"":""Point"",""coordinates"":[2.42,6.37]}"
201908_12,8,7.223847389221191,ERA5_LAND,WA013,2019,"{""type"":""Point"",""coordinates"":[8.52,12.05]}"
201908_13,8,2.434626340866089,ERA5_LAND,WA014,2019,"{""type"":""Point"",""coordinates"":[-1.62,6.69]}"
201908_14,8,9.798088073730469,ERA5_LAND,WA015,2019,"{""type"":""Point"",""coordinates"":[-16.680000000000003,13.45]}"
201909_0,9,2.668057441711426,ERA5_LAND,WA001,2019,"{""type"":""Point"",""coordinates"":[-17.470000000000002,14.73]}"
201909_1,9,4.865198135375977,ERA5_LAND,WA002,2019,"{""type"":""Point"",""coordinates"":[-7.949999999999998,12.65]}"
201909_2,9,2.993743658065796,ERA5_LAND,WA003,2019,"{""type"":""Point"",""coordinates"":[-1.5200000000000002,12.360000000000001]}"
201909_3,9,0.8156819939613342,ERA5_LAND,WA004,2019,"{""type"":""Point"",""coordinates"":[2.17,13.51]}"
201909_4,9,10.990424156188965,ERA5_LAND,WA005,2019,"{""type"":""Point"",""coordinates"":[7.33,9.07]}"
201909_5,9,3.7117741107940674,ERA5_LAND,WA006,2019,"{""type"":""Point"",""coordinates"":[-0.17,5.56]}"
201909_6,9,8.878700256347656,ERA5_LAND,WA007,2019,"{""type"":""Point"",""coordinates"":[-3.9299999999999997,5.349999999999999]}"
201909_7,9,15.83022403717041,ERA5_LAND,WA008,2019,"{""type"":""Point"",""coordinates"":[-13.67,9.53]}"
201909_8,9,19.054353713989258,ERA5_LAND,WA009,2019,"{""type"":""Point"",""coordinates"":[-13.230000000000002,8.489999999999998]}"
201909_9,9,24.941877365112305,ERA5_LAND,WA010,2019,"{""type"":""Point"",""coordinates"":[-10.799999999999999,6.3]}"
201909_10,9,5.14387845993042,ERA5_LAND,WA011,2019,"{""type"":""Point"",""coordinates"":[1.22,6.130000000000001]}"
201909_11,9,5.880398750305176,ERA5_LAND,WA012,2019,"{""type"":""Point"",""coordinates"":[2.42,6.37]}"
201909_12,9,3.2227790355682373,ERA5_LAND,WA013,2019,"{""type"":""Point"",""coordinates"":[8.52,12.05]}"
201909_13,9,7.997359752655029,ERA5_LAND,WA014,2019,"{""type"":""Point"",""coordinates"":[-1.62,6.69]}"
201909_14,9,5.879029750823975,ERA5_LAND,WA015,2019,"{""type"":""Point"",""coordinates"":[-16.680000000000003,13.45]}"
201910_0,10,2.478464126586914,ERA5_LAND,WA001,2019,"{""type"":""Point"",""coordinates"":[-17.470000000000002,14.73]}"
201910_1,10,2.3243906497955322,ERA5_LAND,WA002,2019,"{""type"":""Point"",""coordinates"":[-7.949999999999998,12.65]}"
201910_2,10,3.073917865753174,ERA5_LAND,WA003,2019,"{""type"":""Point"",""coordinates"":[-1.5200000000000002,12.360000000000001]}"
201910_3,10,1.1209990978240967,ERA5_LAND,WA004,2019,"{""type"":""Point"",""coordinates"":[2.17,13.51]}"
201910_4,10,10.254685401916504,ERA5_LAND,WA005,2019,"{""type"":""Point"",""coordinates"":[7.33,9.07]}"
201910_5,10,6.99003267288208,ERA5_LAND,WA006,2019,"{""type"":""Point"",""coordinates"":[-0.17,5.56]}"
201910_6,10,8.800529479980469,ERA5_LAND,WA007,2019,"{""type"":""Point"",""coordinates"":[-3.9299999999999997,5.349999999999999]}"
201910_7,10,6.389770984649658,ERA5_LAND,WA008,2019,"{""type"":""Point"",""coordinates"":[-13.67,9.53]}"
201910_8,10,9.06477165222168,ERA5_LAND,WA009,2019,"{""type"":""Point"",""coordinates"":[-13.230000000000002,8.489999999999998]}"
201910_9,10,14.893861770629883,ERA5_LAND,WA010,2019,"{""type"":""Point"",""coordinates"":[-10.799999999999999,6.3]}"
201910_10,10,13.085153579711914,ERA5_LAND,WA011,2019,"{""type"":""Point"",""coordinates"":[1.22,6.130000000000001]}"
201910_11,10,14.473808288574219,ERA5_LAND,WA012,2019,"{""type"":""Point"",""coordinates"":[2.42,6.37]}"
201910_12,10,2.7273671627044678,ERA5_LAND,WA013,2019,"{""type"":""Point"",""coordinates"":[8.52,12.05]}"
201910_13,10,9.068012237548828,ERA5_LAND,WA014,2019,"{""type"":""Point"",""coordinates"":[-1.62,6.69]}"
201910_14,10,2.950080633163452,ERA5_LAND,WA015,2019,"{""type"":""Point"",""coordinates"":[-16.680000000000003,13.45]}"
201911_0,11,7.276067044585943E-4,ERA5_LAND,WA001,2019,"{""type"":""Point"",""coordinates"":[-17.470000000000002,14.73]}"
201911_1,11,0.030498163774609566,ERA5_LAND,WA002,2019,"{""type"":""Point"",""coordinates"":[-7.949999999999998,12.65]}"
201911_2,11,0.0012608733959496021,ERA5_LAND,WA003,2019,"{""type"":""Point"",""coordinates"":[-1.5200000000000002,12.360000000000001]}"
201911_3,11,7.276067044585943E-4,ERA5_LAND,WA004,2019,"{""type"":""Point"",""coordinates"":[2.17,13.51]}"
201911_4,11,0.9991466999053955,ERA5_LAND,WA005,2019,"{""type"":""Point"",""coordinates"":[7.33,9.07]}"
201911_5,11,2.1937379837036133,ERA5_LAND,WA006,2019,"{""type"":""Point"",""coordinates"":[-0.17,5.56]}"
201911_6,11,4.975033760070801,ERA5_LAND,WA007,2019,"{""type"":""Point"",""coordinates"":[-3.9299999999999997,5.349999999999999]}"
201911_7,11,3.0855424404144287,ERA5_LAND,WA008,2019,"{""type"":""Point"",""coordinates"":[-13.67,9.53]}"
201911_8,11,4.793151378631592,ERA5_LAND,WA009,2019,"{""type"":""Point"",""coordinates"":[-13.230000000000002,8.489999999999998]}"
201911_9,11,7.135105133056641,ERA5_LAND,WA010,2019,"{""type"":""Point"",""coordinates"":[-10.799999999999999,6.3]}"
201911_10,11,2.424781322479248,ERA5_LAND,WA011,2019,"{""type"":""Point"",""coordinates"":[1.22,6.130000000000001]}"
201911_11,11,2.2723333835601807,ERA5_LAND,WA012,2019,"{""type"":""Point"",""coordinates"":[2.42,6.37]}"
201911_12,11,7.303946185857058E-4,ERA5_LAND,WA013,2019,"{""type"":""Point"",""coordinates"":[8.52,12.05]}"
201911_13,11,3.5433952808380127,ERA5_LAND,WA014,2019,"{""type"":""Point"",""coordinates"":[-1.62,6.69]}"
201911_14,11,0.0242568738758564,ERA5_LAND,WA015,2019,"{""type"":""Point"",""coordinates"":[-16.680000000000003,13.45]}"
201912_0,12,0.0010733276139944792,ERA5_LAND,WA001,2019,"{""type"":""Point"",""coordinates"":[-17.470000000000002,14.73]}"
201912_1,12,7.464633672498167E-4,ERA5_LAND,WA002,2019,"{""type"":""Point"",""coordinates"":[-7.949999999999998,12.65]}"
201912_2,12,7.464633672498167E-4,ERA5_LAND,WA003,2019,"{""type"":""Point"",""coordinates"":[-1.5200000000000002,12.360000000000001]}"
201912_3,12,7.464633672498167E-4,ERA5_LAND,WA004,2019,"{""type"":""Point"",""coordinates"":[2.17,13.51]}"
201912_4,12,7.932911394163966E-4,ERA5_LAND,WA005,2019,"{""type"":""Point"",""coordinates"":[7.33,9.07]}"
201912_5,12,1.0290640592575073,ERA5_LAND,WA006,2019,"{""type"":""Point"",""coordinates"":[-0.17,5.56]}"
201912_6,12,3.4501359462738037,ERA5_LAND,WA007,2019,"{""type"":""Point"",""coordinates"":[-3.9299999999999997,5.349999999999999]}"
201912_7,12,0.09619937092065811,ERA5_LAND,WA008,2019,"{""type"":""Point"",""coordinates"":[-13.67,9.53]}"
201912_8,12,0.7074897885322571,ERA5_LAND,WA009,2019,"{""type"":""Point"",""coordinates"":[-13.230000000000002,8.489999999999998]}"
201912_9,12,3.403005838394165,ERA5_LAND,WA010,2019,"{""type"":""Point"",""coordinates"":[-10.799999999999999,6.3]}"
201912_10,12,1.2027943134307861,ERA5_LAND,WA011,2019,"{""type"":""Point"",""coordinates"":[1.22,6.130000000000001]}"
201912_11,12,1.2118070125579834,ERA5_LAND,WA012,2019,"{""type"":""Point"",""coordinates"":[2.42,6.37]}"
201912_12,12,7.464633672498167E-4,ERA5_LAND,WA013,2019,"{""type"":""Point"",""coordinates"":[8.52,12.05]}"
201912_13,12,0.8134046196937561,ERA5_LAND,WA014,2019,"{""type"":""Point"",""coordinates"":[-1.62,6.69]}"
201912_14,12,7.464633672498167E-4,ERA5_LAND,WA015,2019,"{""type"":""Point"",""coordinates"":[-16.680000000000003,13.45]}"
202001_0,1,0.0037971134297549725,ERA5_LAND,WA001,2020,"{""type"":""Point"",""coordinates"":[-17.470000000000002,14.73]}"
202001_1,1,0.0010514543391764164,ERA5_LAND,WA002,2020,"{""type"":""Point"",""coordinates"":[-7.949999999999998,12.65]}"
202001_2,1,0.0010514543391764164,ERA5_LAND,WA003,2020,"{""type"":""Point"",""coordinates"":[-1.5200000000000002,12.360000000000001]}"
202001_3,1,0.0010514543391764164,ERA5_LAND,WA004,2020,"{""type"":""Point"",""coordinates"":[2.17,13.51]}"
202001_4,1,0.0014039125526323915,ERA5_LAND,WA005,2020,"{""type"":""Point"",""coordinates"":[7.33,9.07]}"
202001_5,1,0.22296813130378723,ERA5_LAND,WA006,2020,"{""type"":""Point"",""coordinates"":[-0.17,5.56]}"
202001_6,1,1.0289461612701416,ERA5_LAND,WA007,2020,"{""type"":""Point"",""coordinates"":[-3.9299999999999997,5.349999999999999]}"
202001_7,1,0.005567251704633236,ERA5_LAND,WA008,2020,"{""type"":""Point"",""coordinates"":[-13.67,9.53]}"
202001_8,1,0.13802917301654816,ERA5_LAND,WA009,2020,"{""type"":""Point"",""coordinates"":[-13.230000000000002,8.489999999999998]}"
202001_9,1,2.0223519802093506,ERA5_LAND,WA010,2020,"{""type"":""Point"",""coordinates"":[-10.799999999999999,6.3]}"
202001_10,1,0.20042915642261505,ERA5_LAND,WA011,2020,"{""type"":""Point"",""coordinates"":[1.22,6.130000000000001]}"
202001_11,1,0.1539452224969864,ERA5_LAND,WA012,2020,"{""type"":""Point"",""coordinates"":[2.42,6.37]}"
202001_12,1,0.0010514543391764164,ERA5_LAND,WA013,2020,"{""type"":""Point"",""coordinates"":[8.52,12.05]}"
202001_13,1,0.16406789422035217,ERA5_LAND,WA014,2020,"{""type"":""Point"",""coordinates"":[-1.62,6.69]}"
202001_14,1,0.0019952214788645506,ERA5_LAND,WA015,2020,"{""type"":""Point"",""coordinates"":[-16.680000000000003,13.45]}"
202002_0,2,0.0011526437010616064,ERA5_LAND,WA001,2020,"{""type"":""Point"",""coordinates"":[-17.470000000000002,14.73]}"
202002_1,2,0.013583414256572723,ERA5_LAND,WA002,2020,"{""type"":""Point"",""coordinates"":[-7.949999999999998,12.65]}"
202002_2,2,9.759190725162625E-4,ERA5_LAND,WA003,2020,"{""type"":""Point"",""coordinates"":[-1.5200000000000002,12.360000000000001]}"
202002_3,2,9.748574229888618E-4,ERA5_LAND,WA004,2020,"{""type"":""Point"",""coordinates"":[2.17,13.51]}"
202002_4,2,0.0011803124798461795,ERA5_LAND,WA005,2020,"{""type"":""Point"",""coordinates"":[7.33,9.07]}"
202002_5,2,0.3550407290458679,ERA5_LAND,WA006,2020,"{""type"":""Point"",""coordinates"":[-0.17,5.56]}"
202002_6,2,2.2791731357574463,ERA5_LAND,WA007,2020,"{""type"":""Point"",""coordinates"":[-3.9299999999999997,5.349999999999999]}"
202002_7,2,0.010551119223237038,ERA5_LAND,WA008,2020,"{""type"":""Point"",""coordinates"":[-13.67,9.53]}"
202002_8,2,0.15198580920696259,ERA5_LAND,WA009,2020,"{""type"":""Point"",""coordinates"":[-13.230000000000002,8.489999999999998]}"
202002_9,2,3.132674217224121,ERA5_LAND,WA010,2020,"{""type"":""Point"",""coordinates"":[-10.799999999999999,6.3]}"
202002_10,2,0.45120397210121155,ERA5_LAND,WA011,2020,"{""type"":""Point"",""coordinates"":[1.22,6.130000000000001]}"
202002_11,2,0.369397908449173,ERA5_LAND,WA012,2020,"{""type"":""Point"",""coordinates"":[2.42,6.37]}"
202002_12,2,0.00777948135510087,ERA5_LAND,WA013,2020,"{""type"":""Point"",""coordinates"":[8.52,12.05]}"
202002_13,2,0.2603940963745117,ERA5_LAND,WA014,2020,"{""type"":""Point"",""coordinates"":[-1.62,6.69]}"
202002_14,2,0.00214592763222754,ERA5_LAND,WA015,2020,"{""type"":""Point"",""coordinates"":[-16.680000000000003,13.45]}"
202003_0,3,6.652130978181958E-4,ERA5_LAND,WA001,2020,"{""type"":""Point"",""coordinates"":[-17.470000000000002,14.73]}"
202003_1,3,0.06711248308420181,ERA5_LAND,WA002,2020,"{""type"":""Point"",""coordinates"":[-7.949999999999998,12.65]}"
202003_2,3,0.10349110513925552,ERA5_LAND,WA003,2020,"{""type"":""Point"",""coordinates"":[-1.5200000000000002,12.360000000000001]}"
202003_3,3,0.020702365785837173,ERA5_LAND,WA004,2020,"{""type"":""Point"",""coordinates"":[2.17,13.51]}"
202003_4,3,1.2468936443328857,ERA5_LAND,WA005,2020,"{""type"":""Point"",""coordinates"":[7.33,9.07]}"
202003_5,3,1.4970128536224365,ERA5_LAND,WA006,2020,"{""type"":""Point"",""coordinates"":[-0.17,5.56]}"
202003_6,3,4.807934284210205,ERA5_LAND,WA007,2020,"{""type"":""Point"",""coordinates"":[-3.9299999999999997,5.349999999999999]}"
202003_7,3,0.11595773696899414,ERA5_LAND,WA008,2020,"{""type"":""Point"",""coordinates"":[-13.67,9.53]}"
202003_8,3,1.056016206741333,ERA5_LAND,WA009,2020,"{""type"":""Point"",""coordinates"":[-13.230000000000002,8.489999999999998]}"
202003_9,3,6.709646701812744,ERA5_LAND,WA010,2020,"{""type"":""Point"",""coordinates"":[-10.799999999999999,6.3]}"
202003_10,3,1.7910869121551514,ERA5_LAND,WA011,2020,"{""type"":""Point"",""coordinates"":[1.22,6.130000000000001]}"
202003_11,3,1.8681986331939697,ERA5_LAND,WA012,2020,"{""type"":""Point"",""coordinates"":[2.42,6.37]}"
202003_12,3,0.015223488211631775,ERA5_LAND,WA013,2020,"{""type"":""Point"",""coordinates"":[8.52,12.05]}"
202003_13,3,4.280736446380615,ERA5_LAND,WA014,2020,"{""type"":""Point"",""coordinates"":[-1.62,6.69]}"
202003_14,3,6.652130978181958E-4,ERA5_LAND,WA015,2020,"{""type"":""Point"",""coordinates"":[-16.680000000000003,13.45]}"
202004_0,4,0.0011853023897856474,ERA5_LAND,WA001,2020,"{""type"":""Point"",""coordinates"":[-17.470000000000002,14.73]}"
202004_1,4,0.711031436920166,ERA5_LAND,WA002,2020,"{""type"":""Point"",""coordinates"":[-7.949999999999998,12.65]}"
202004_2,4,0.3740226626396179,ERA5_LAND,WA003,2020,"{""type"":""Point"",""coordinates"":[-1.5200000000000002,12.360000000000001]}"
202004_3,4,0.003455315949395299,ERA5_LAND,WA004,2020,"{""type"":""Point"",""coordinates"":[2.17,13.51]}"
202004_4,4,1.10662043094635,ERA5_LAND,WA005,2020,"{""type"":""Point"",""coordinates"":[7.33,9.07]}"
202004_5,4,1.3346195220947266,ERA5_LAND,WA006,2020,"{""type"":""Point"",""coordinates"":[-0.17,5.56]}"
202004_6,4,3.6698708534240723,ERA5_LAND,WA007,2020,"{""type"":""Point"",""coordinates"":[-3.9299999999999997,5.349999999999999]}"
202004_7,4,1.3656073808670044,ERA5_LAND,WA008,2020,"{""type"":""Point"",""coordinates"":[-13.67,9.53]}"
202004_8,4,3.4414570331573486,ERA5_LAND,WA009,2020,"{""type"":""Point"",""coordinates"":[-13.230000000000002,8.489999999999998]}"
202004_9,4,6.578969955444336,ERA5_LAND,WA010,2020,"{""type"":""Point"",""coordinates"":[-10.799999999999999,6.3]}"
202004_10,4,2.046933650970459,ERA5_LAND,WA011,2020,"{""type"":""Point"",""coordinates"":[1.22,6.130000000000001]}"
202004_11,4,2.254396677017212,ERA5_LAND,WA012,2020,"{""type"":""Point"",""coordinates"":[2.42,6.37]}"
202004_12,4,0.0014576709363609552,ERA5_LAND,WA013,2020,"{""type"":""Point"",""coordinates"":[8.52,12.05]}"
202004_13,4,2.876807928085327,ERA5_LAND,WA014,2020,"{""type"":""Point"",""coordinates"":[-1.62,6.69]}"
202004_14,4,0.0016149574657902122,ERA5_LAND,WA015,2020,"{""type"":""Point"",""coordinates"":[-16.680000000000003,13.45]}"
202005_0,5,6.89129636157304E-4,ERA5_LAND,WA001,2020,"{""type"":""Point"",""coordinates"":[-17.470000000000002,14.73]}"
202005_1,5,0.45329830050468445,ERA5_LAND,WA002,2020,"{""type"":""Point"",""coordinates"":[-7.949999999999998,12.65]}"
202005_2,5,0.2732168436050415,ERA5_LAND,WA003,2020,"{""type"":""Point"",""coordinates"":[-1.5200000000000002,12.360000000000001]}"
202005_3,5,0.0655253455042839,ERA5_LAND,WA004,2020,"{""type"":""Point"",""coordinates"":[2.17,13.51]}"
202005_4,5,3.3541808128356934,ERA5_LAND,WA005,2020,"{""type"":""Point"",""coordinates"":[7.33,9.07]}"
202005_5,5,3.699375629425049,ERA5_LAND,WA006,2020,"{""type"":""Point"",""coordinates"":[-0.17,5.56]}"
202005_6,5,8.45034408569336,ERA5_LAND,WA007,2020,"{""type"":""Point"",""coordinates"":[-3.9299999999999997,5.349999999999999]}"
202005_7,5,2.5409634113311768,ERA5_LAND,WA008,2020,"{""type"":""Point"",""coordinates"":[-13.67,9.53]}"
202005_8,5,7.755434513092041,ERA5_LAND,WA009,2020,"{""type"":""Point"",""coordinates"":[-13.230000000000002,8.489999999999998]}"
202005_9,5,13.115572929382324,ERA5_LAND,WA010,2020,"{""type"":""Point"",""coordinates"":[-10.799999999999999,6.3]}"
202005_10,5,3.8592605590820312,ERA5_LAND,WA011,2020,"{""type"":""Point"",""coordinates"":[1.22,6.130000000000001]}"
202005_11,5,4.041008949279785,ERA5_LAND,WA012,2020,"{""type"":""Point"",""coordinates"":[2.42,6.37]}"
202005_12,5,0.6186879277229309,ERA5_LAND,WA013,2020,"{""type"":""Point"",""coordinates"":[8.52,12.05]}"
202005_13,5,3.202073335647583,ERA5_LAND,WA014,2020,"{""type"":""Point"",""coordinates"":[-1.62,6.69]}"
202005_14,5,6.528082303702831E-4,ERA5_LAND,WA015,2020,"{""type"":""Point"",""coordinates"":[-16.680000000000003,13.45]}"
202006_0,6,0.0030893892981112003,ERA5_LAND,WA001,2020,"{""type"":""Point"",""coordinates"":[-17.470000000000002,14.73]}"
202006_1,6,1.6880460977554321,ERA5_LAND,WA002,2020,"{""type"":""Point"",""coordinates"":[-7.949999999999998,12.65]}"
202006_2,6,0.785037100315094,ERA5_LAND,WA003,2020,"{""type"":""Point"",""coordinates"":[-1.5200000000000002,12.360000000000001]}"
202006_3,6,0.3646063804626465,ERA5_LAND,WA004,2020,"{""type"":""Point"",""coordinates"":[2.17,13.51]}"
202006_4,6,5.060702800750732,ERA5_LAND,WA005,2020,"{""type"":""Point"",""coordinates"":[7.33,9.07]}"
202006_5,6,5.654338836669922,ERA5_LAND,WA006,2020,"{""type"":""Point"",""coordinates"":[-0.17,5.56]}"
202006_6,6,7.122480869293213,ERA5_LAND,WA007,2020,"{""type"":""Point"",""coordinates"":[-3.9299999999999997,5.349999999999999]}"
202006_7,6,10.533259391784668,ERA5_LAND,WA008,2020,"{""type"":""Point"",""coordinates"":[-13.67,9.53]}"
202006_8,6,10.619341850280762,ERA5_LAND,WA009,2020,"{""type"":""Point"",""coordinates"":[-13.230000000000002,8.489999999999998]}"
202006_9,6,11.895760536193848,ERA5_LAND,WA010,2020,"{""type"":""Point"",""coordinates"":[-10.799999999999999,6.3]}"
202006_10,6,8.15981388092041,ERA5_LAND,WA011,2020,"{""type"":""Point"",""coordinates"":[1.22,6.130000000000001]}"
202006_11,6,8.611346244812012,ERA5_LAND,WA012,2020,"{""type"":""Point"",""coordinates"":[2.42,6.37]}"
202006_12,6,1.2175089120864868,ERA5_LAND,WA013,2020,"{""type"":""Point"",""coordinates"":[8.52,12.05]}"
202006_13,6,4.776065349578857,ERA5_LAND,WA014,2020,"{""type"":""Point"",""coordinates"":[-1.62,6.69]}"
202006_14,6,0.16362254321575165,ERA5_LAND,WA015,2020,"{""type"":""Point"",""coordinates"":[-16.680000000000003,13.45]}"
202007_0,7,2.3296220302581787,ERA5_LAND,WA001,2020,"{""type"":""Point"",""coordinates"":[-17.470000000000002,14.73]}"
202007_1,7,11.725022315979004,ERA5_LAND,WA002,2020,"{""type"":""Point"",""coordinates"":[-7.949999999999998,12.65]}"
202007_2,7,4.632491111755371,ERA5_LAND,WA003,2020,"{""type"":""Point"",""coordinates"":[-1.5200000000000002,12.360000000000001]}"
202007_3,7,1.6359946727752686,ERA5_LAND,WA004,2020,"{""type"":""Point"",""coordinates"":[2.17,13.51]}"
202007_4,7,8.741405487060547,ERA5_LAND,WA005,2020,"{""type"":""Point"",""coordinates"":[7.33,9.07]}"
202007_5,7,1.278673529624939,ERA5_LAND,WA006,2020,"{""type"":""Point"",""coordinates"":[-0.17,5.56]}"
202007_6,7,2.4000937938690186,ERA5_LAND,WA007,2020,"{""type"":""Point"",""coordinates"":[-3.9299999999999997,5.349999999999999]}"
202007_7,7,42.61502456665039,ERA5_LAND,WA008,2020,"{""type"":""Point"",""coordinates"":[-13.67,9.53]}"
202007_8,7,29.116539001464844,ERA5_LAND,WA009,2020,"{""type"":""Point"",""coordinates"":[-13.230000000000002,8.489999999999998]}"
202007_9,7,13.776322364807129,ERA5_LAND,WA010,2020,"{""type"":""Point"",""coordinates"":[-10.799999999999999,6.3]}"
202007_10,7,2.0969440937042236,ERA5_LAND,WA011,2020,"{""type"":""Point"",""coordinates"":[1.22,6.130000000000001]}"
202007_11,7,4.747095584869385,ERA5_LAND,WA012,2020,"{""type"":""Point"",""coordinates"":[2.42,6.37]}"
202007_12,7,5.42051887512207,ERA5_LAND,WA013,2020,"{""type"":""Point"",""coordinates"":[8.52,12.05]}"
202007_13,7,2.7667407989501953,ERA5_LAND,WA014,2020,"{""type"":""Point"",""coordinates"":[-1.62,6.69]}"
202007_14,7,12.58208179473877,ERA5_LAND,WA015,2020,"{""type"":""Point"",""coordinates"":[-16.680000000000003,13.45]}"
202008_0,8,2.78039813041687,ERA5_LAND,WA001,2020,"{""type"":""Point"",""coordinates"":[-17.470000000000002,14.73]}"
202008_1,8,9.940655708312988,ERA5_LAND,WA002,2020,"{""type"":""Point"",""coordinates"":[-7.949999999999998,12.65]}"
202008_2,8,10.486004829406738,ERA5_LAND,WA003,2020,"{""type"":""Point"",""coordinates"":[-1.5200000000000002,12.360000000000001]}"
202008_3,8,6.027259349822998,ERA5_LAND,WA004,2020,"{""type"":""Point"",""coordinates"":[2.17,13.51]}"
202008_4,8,7.125051498413086,ERA5_LAND,WA005,2020,"{""type"":""Point"",""coordinates"":[7.33,9.07]}"
202008_5,8,0.5712317228317261,ERA5_LAND,WA006,2020,"{""type"":""Point"",""coordinates"":[-0.17,5.56]}"
202008_6,8,1.2144516706466675,ERA5_LAND,WA007,2020,"{""type"":""Point"",""coordinates"":[-3.9299999999999997,5.349999999999999]}"
202008_7,8,25.930402755737305,ERA5_LAND,WA008,2020,"{""type"":""Point"",""coordinates"":[-13.67,9.53]}"
202008_8,8,27.695266723632812,ERA5_LAND,WA009,2020,"{""type"":""Point"",""coordinates"":[-13.230000000000002,8.489999999999998]}"
202008_9,8,9.741793632507324,ERA5_LAND,WA010,2020,"{""type"":""Point"",""coordinates"":[-10.799999999999999,6.3]}"
202008_10,8,0.5585247874259949,ERA5_LAND,WA011,2020,"{""type"":""Point"",""coordinates"":[1.22,6.130000000000001]}"
202008_11,8,0.8141506314277649,ERA5_LAND,WA012,2020,"{""type"":""Point"",""coordinates"":[2.42,6.37]}"
202008_12,8,8.912121772766113,ERA5_LAND,WA013,2020,"{""type"":""Point"",""coordinates"":[8.52,12.05]}"
202008_13,8,1.0300031900405884,ERA5_LAND,WA014,2020,"{""type"":""Point"",""coordinates"":[-1.62,6.69]}"
202008_14,8,7.445898056030273,ERA5_LAND,WA015,2020,"{""type"":""Point"",""coordinates"":[-16.680000000000003,13.45]}"
202009_0,9,7.588530540466309,ERA5_LAND,WA001,2020,"{""type"":""Point"",""coordinates"":[-17.470000000000002,14.73]}"
202009_1,9,6.909673690795898,ERA5_LAND,WA002,2020,"{""type"":""Point"",""coordinates"":[-7.949999999999998,12.65]}"
202009_2,9,5.698794841766357,ERA5_LAND,WA003,2020,"{""type"":""Point"",""coordinates"":[-1.5200000000000002,12.360000000000001]}"
202009_3,9,1.0665473937988281,ERA5_LAND,WA004,2020,"{""type"":""Point"",""coordinates"":[2.17,13.51]}"
202009_4,9,10.810029983520508,ERA5_LAND,WA005,2020,"{""type"":""Point"",""coordinates"":[7.33,9.07]}"
202009_5,9,1.649863839149475,ERA5_LAND,WA006,2020,"{""type"":""Point"",""coordinates"":[-0.17,5.56]}"
202009_6,9,3.516765594482422,ERA5_LAND,WA007,2020,"{""type"":""Point"",""coordinates"":[-3.9299999999999997,5.349999999999999]}"
202009_7,9,17.00877571105957,ERA5_LAND,WA008,2020,"{""type"":""Point"",""coordinates"":[-13.67,9.53]}"
202009_8,9,17.928630828857422,ERA5_LAND,WA009,2020,"{""type"":""Point"",""coordinates"":[-13.230000000000002,8.489999999999998]}"
202009_9,9,16.72686195373535,ERA5_LAND,WA010,2020,"{""type"":""Point"",""coordinates"":[-10.799999999999999,6.3]}"
202009_10,9,2.4213345050811768,ERA5_LAND,WA011,2020,"{""type"":""Point"",""coordinates"":[1.22,6.130000000000001]}"
202009_11,9,3.543532133102417,ERA5_LAND,WA012,2020,"{""type"":""Point"",""coordinates"":[2.42,6.37]}"
202009_12,9,4.169943809509277,ERA5_LAND,WA013,2020,"{""type"":""Point"",""coordinates"":[8.52,12.05]}"
202009_13,9,3.766883373260498,ERA5_LAND,WA014,2020,"{""type"":""Point"",""coordinates"":[-1.62,6.69]}"
202009_14,9,11.94644546508789,ERA5_LAND,WA015,2020,"{""type"":""Point"",""coordinates"":[-16.680000000000003,13.45]}"
202010_0,10,0.682427167892456,ERA5_LAND,WA001,2020,"{""type"":""Point"",""coordinates"":[-17.470000000000002,14.73]}"
202010_1,10,2.097317934036255,ERA5_LAND,WA002,2020,"{""type"":""Point"",""coordinates"":[-7.949999999999998,12.65]}"
202010_2,10,1.7694220542907715,ERA5_LAND,WA003,2020,"{""type"":""Point"",""coordinates"":[-1.5200000000000002,12.360000000000001]}"
202010_3,10,0.19697152078151703,ERA5_LAND,WA004,2020,"{""type"":""Point"",""coordinates"":[2.17,13.51]}"
202010_4,10,2.331059455871582,ERA5_LAND,WA005,2020,"{""type"":""Point"",""coordinates"":[7.33,9.07]}"
202010_5,10,2.5218002796173096,ERA5_LAND,WA006,2020,"{""type"":""Point"",""coordinates"":[-0.17,5.56]}"
202010_6,10,5.757363319396973,ERA5_LAND,WA007,2020,"{""type"":""Point"",""coordinates"":[-3.9299999999999997,5.349999999999999]}"
202010_7,10,8.68117618560791,ERA5_LAND,WA008,2020,"{""type"":""Point"",""coordinates"":[-13.67,9.53]}"
202010_8,10,8.360689163208008,ERA5_LAND,WA009,2020,"{""type"":""Point"",""coordinates"":[-13.230000000000002,8.489999999999998]}"
202010_9,10,10.583826065063477,ERA5_LAND,WA010,2020,"{""type"":""Point"",""coordinates"":[-10.799999999999999,6.3]}"
202010_10,10,6.847630977630615,ERA5_LAND,WA011,2020,"{""type"":""Point"",""coordinates"":[1.22,6.130000000000001]}"
202010_11,10,5.152383327484131,ERA5_LAND,WA012,2020,"{""type"":""Point"",""coordinates"":[2.42,6.37]}"
202010_12,10,0.3521830141544342,ERA5_LAND,WA013,2020,"{""type"":""Point"",""coordinates"":[8.52,12.05]}"
202010_13,10,4.412832736968994,ERA5_LAND,WA014,2020,"{""type"":""Point"",""coordinates"":[-1.62,6.69]}"
202010_14,10,1.4226763248443604,ERA5_LAND,WA015,2020,"{""type"":""Point"",""coordinates"":[-16.680000000000003,13.45]}"
202011_0,11,0.0010412768460810184,ERA5_LAND,WA001,2020,"{""type"":""Point"",""coordinates"":[-17.470000000000002,14.73]}"
202011_1,11,9.946131613105536E-4,ERA5_LAND,WA002,2020,"{""type"":""Point"",""coordinates"":[-7.949999999999998,12.65]}"
202011_2,11,8.882915135473013E-4,ERA5_LAND,WA003,2020,"{""type"":""Point"",""coordinates"":[-1.5200000000000002,12.360000000000001]}"
202011_3,11,8.882915135473013E-4,ERA5_LAND,WA004,2020,"{""type"":""Point"",""coordinates"":[2.17,13.51]}"
202011_4,11,0.013027734123170376,ERA5_LAND,WA005,2020,"{""type"":""Point"",""coordinates"":[7.33,9.07]}"
202011_5,11,1.6911115646362305,ERA5_LAND,WA006,2020,"{""type"":""Point"",""coordinates"":[-0.17,5.56]}"
202011_6,11,6.843502998352051,ERA5_LAND,WA007,2020,"{""type"":""Point"",""coordinates"":[-3.9299999999999997,5.349999999999999]}"
202011_7,11,1.9693790674209595,ERA5_LAND,WA008,2020,"{""type"":""Point"",""coordinates"":[-13.67,9.53]}"
202011_8,11,3.234516143798828,ERA5_LAND,WA009,2020,"{""type"":""Point"",""coordinates"":[-13.230000000000002,8.489999999999998]}"
202011_9,11,5.34056282043457,ERA5_LAND,WA010,2020,"{""type"":""Point"",""coordinates"":[-10.799999999999999,6.3]}"
202011_10,11,1.830834150314331,ERA5_LAND,WA011,2020,"{""type"":""Point"",""coordinates"":[1.22,6.130000000000001]}"
202011_11,11,2.532409906387329,ERA5_LAND,WA012,2020,"{""type"":""Point"",""coordinates"":[2.42,6.37]}"
202011_12,11,8.882915135473013E-4,ERA5_LAND,WA013,2020,"{""type"":""Point"",""coordinates"":[8.52,12.05]}"
202011_13,11,2.0849642753601074,ERA5_LAND,WA014,2020,"{""type"":""Point"",""coordinates"":[-1.62,6.69]}"
202011_14,11,0.1259480118751526,ERA5_LAND,WA015,2020,"{""type"":""Point"",""coordinates"":[-16.680000000000003,13.45]}"
202012_0,12,7.887203246355057E-4,ERA5_LAND,WA001,2020,"{""type"":""Point"",""coordinates"":[-17.470000000000002,14.73]}"
202012_1,12,7.875812007114291E-4,ERA5_LAND,WA002,2020,"{""type"":""Point"",""coordinates"":[-7.949999999999998,12.65]}"
202012_2,12,7.799839368090034E-4,ERA5_LAND,WA003,2020,"{""type"":""Point"",""coordinates"":[-1.5200000000000002,12.360000000000001]}"
202012_3,12,7.747805211693048E-4,ERA5_LAND,WA004,2020,"{""type"":""Point"",""coordinates"":[2.17,13.51]}"
202012_4,12,0.0010469061089679599,ERA5_LAND,WA005,2020,"{""type"":""Point"",""coordinates"":[7.33,9.07]}"
202012_5,12,0.8387334942817688,ERA5_LAND,WA006,2020,"{""type"":""Point"",""coordinates"":[-0.17,5.56]}"
202012_6,12,3.3062422275543213,ERA5_LAND,WA007,2020,"{""type"":""Point"",""coordinates"":[-3.9299999999999997,5.349999999999999]}"
202012_7,12,0.6204922795295715,ERA5_LAND,WA008,2020,"{""type"":""Point"",""coordinates"":[-13.67,9.53]}"
202012_8,12,2.5715136528015137,ERA5_LAND,WA009,2020,"{""type"":""Point"",""coordinates"":[-13.230000000000002,8.489999999999998]}"
202012_9,12,4.280221939086914,ERA5_LAND,WA010,2020,"{""type"":""Point"",""coordinates"":[-10.799999999999999,6.3]}"
202012_10,12,0.8893424868583679,ERA5_LAND,WA011,2020,"{""type"":""Point"",""coordinates"":[1.22,6.130000000000001]}"
202012_11,12,1.375246524810791,ERA5_LAND,WA012,2020,"{""type"":""Point"",""coordinates"":[2.42,6.37]}"
202012_12,12,7.747805211693048E-4,ERA5_LAND,WA013,2020,"{""type"":""Point"",""coordinates"":[8.52,12.05]}"
202012_13,12,1.3108609914779663,ERA5_LAND,WA014,2020,"{""type"":""Point"",""coordinates"":[-1.62,6.69]}"
202012_14,12,7.747805211693048E-4,ERA5_LAND,WA015,2020,"{""type"":""Point"",""coordinates"":[-16.680000000000003,13.45]}"
