system:index,month,precip_mm_day,product,station_id,year,.geo
0_0,1,0.02392910234630108,CHIRPS,WA001,2000,"{""type"":""Point"",""coordinates"":[-17.470000000000002,14.73]}"
0_1,1,0.0011240608291700482,CHIRPS,WA002,2000,"{""type"":""Point"",""coordinates"":[-7.949999999999998,12.65]}"
0_2,1,0.0021507430355995893,CHIRPS,WA003,2000,"{""type"":""Point"",""coordinates"":[-1.5200000000000002,12.360000000000001]}"
0_3,1,4.930952854920179E-7,CHIRPS,WA004,2000,"{""type"":""Point"",""coordinates"":[2.17,13.51]}"
0_4,1,0.014692390337586403,CHIRPS,WA005,2000,"{""type"":""Point"",""coordinates"":[7.33,9.07]}"
0_5,1,0.5667020082473755,CHIRPS,WA006,2000,"{""type"":""Point"",""coordinates"":[-0.17,5.56]}"
0_6,1,1.3135279417037964,CHIRPS,WA007,2000,"{""type"":""Point"",""coordinates"":[-3.9299999999999997,5.349999999999999]}"
0_7,1,0.023587582632899284,CHIRPS,WA008,2000,"{""type"":""Point"",""coordinates"":[-13.67,9.53]}"
0_8,1,0.18732185661792755,CHIRPS,WA009,2000,"{""type"":""Point"",""coordinates"":[-13.230000000000002,8.489999999999998]}"
0_9,1,2.3924872875213623,CHIRPS,WA010,2000,"{""type"":""Point"",""coordinates"":[-10.799999999999999,6.3]}"
0_10,1,0.3501834273338318,CHIRPS,WA011,2000,"{""type"":""Point"",""coordinates"":[1.22,6.130000000000001]}"
0_11,1,0.27186617255210876,CHIRPS,WA012,2000,"{""type"":""Point"",""coordinates"":[2.42,6.37]}"
0_12,1,2.689265529625118E-4,CHIRPS,WA013,2000,"{""type"":""Point"",""coordinates"":[8.52,12.05]}"
0_13,1,0.7555223107337952,CHIRPS,WA014,2000,"{""type"":""Point"",""coordinates"":[-1.62,6.69]}"
0_14,1,0.0041488963179290295,CHIRPS,WA015,2000,"{""type"":""Point"",""coordinates"":[-16.680000000000003,13.45]}"
1_0,2,0.004474782384932041,CHIRPS,WA001,2000,"{""type"":""Point"",""coordinates"":[-17.470000000000002,14.73]}"
1_1,2,1.056408291333355E-4,CHIRPS,WA002,2000,"{""type"":""Point"",""coordinates"":[-7.949999999999998,12.65]}"
1_2,2,6.998929166002199E-5,CHIRPS,WA003,2000,"{""type"":""Point"",""coordinates"":[-1.5200000000000002,12.360000000000001]}"
1_3,2,1.4818179749909177E-7,CHIRPS,WA004,2000,"{""type"":""Point"",""coordinates"":[2.17,13.51]}"
1_4,2,0.0,CHIRPS,WA005,2000,"{""type"":""Point"",""coordinates"":[7.33,9.07]}"
1_5,2,0.6069578528404236,CHIRPS,WA006,2000,"{""type"":""Point"",""coordinates"":[-0.17,5.56]}"
1_6,2,1.288642168045044,CHIRPS,WA007,2000,"{""type"":""Point"",""coordinates"":[-3.9299999999999997,5.349999999999999]}"
1_7,2,0.029372254386544228,CHIRPS,WA008,2000,"{""type"":""Point"",""coordinates"":[-13.67,9.53]}"
1_8,2,0.16411975026130676,CHIRPS,WA009,2000,"{""type"":""Point"",""coordinates"":[-13.230000000000002,8.489999999999998]}"
1_9,2,0.9145553708076477,CHIRPS,WA010,2000,"{""type"":""Point"",""coordinates"":[-10.799999999999999,6.3]}"
1_10,2,0.32627615332603455,CHIRPS,WA011,2000,"{""type"":""Point"",""coordinates"":[1.22,6.130000000000001]}"
1_11,2,0.32281580567359924,CHIRPS,WA012,2000,"{""type"":""Point"",""coordinates"":[2.42,6.37]}"
1_12,2,0.0010795951820909977,CHIRPS,WA013,2000,"{""type"":""Point"",""coordinates"":[8.52,12.05]}"
1_13,2,0.7767736911773682,CHIRPS,WA014,2000,"{""type"":""Point"",""coordinates"":[-1.62,6.69]}"
1_14,2,5.273710121400654E-4,CHIRPS,WA015,2000,"{""type"":""Point"",""coordinates"":[-16.680000000000003,13.45]}"
2_0,3,2.09156311825609E-7,CHIRPS,WA001,2000,"{""type"":""Point"",""coordinates"":[-17.470000000000002,14.73]}"
2_1,3,0.060806598514318466,CHIRPS,WA002,2000,"{""type"":""Point"",""coordinates"":[-7.949999999999998,12.65]}"
2_2,3,0.02881797030568123,CHIRPS,WA003,2000,"{""type"":""Point"",""coordinates"":[-1.5200000000000002,12.360000000000001]}"
2_3,3,0.003343215910717845,CHIRPS,WA004,2000,"{""type"":""Point"",""coordinates"":[2.17,13.51]}"
2_4,3,0.30948102474212646,CHIRPS,WA005,2000,"{""type"":""Point"",""coordinates"":[7.33,9.07]}"
2_5,3,2.444406270980835,CHIRPS,WA006,2000,"{""type"":""Point"",""coordinates"":[-0.17,5.56]}"
2_6,3,2.7036333084106445,CHIRPS,WA007,2000,"{""type"":""Point"",""coordinates"":[-3.9299999999999997,5.349999999999999]}"
2_7,3,0.1980307251214981,CHIRPS,WA008,2000,"{""type"":""Point"",""coordinates"":[-13.67,9.53]}"
2_8,3,0.40469634532928467,CHIRPS,WA009,2000,"{""type"":""Point"",""coordinates"":[-13.230000000000002,8.489999999999998]}"
2_9,3,2.9142119884490967,CHIRPS,WA010,2000,"{""type"":""Point"",""coordinates"":[-10.799999999999999,6.3]}"
2_10,3,2.3801403045654297,CHIRPS,WA011,2000,"{""type"":""Point"",""coordinates"":[1.22,6.130000000000001]}"
2_11,3,2.1543691158294678,CHIRPS,WA012,2000,"{""type"":""Point"",""coordinates"":[2.42,6.37]}"
2_12,3,0.007091591600328684,CHIRPS,WA013,2000,"{""type"":""Point"",""coordinates"":[8.52,12.05]}"
2_13,3,3.6747398376464844,CHIRPS,WA014,2000,"{""type"":""Point"",""coordinates"":[-1.62,6.69]}"
2_14,3,0.0,CHIRPS,WA015,2000,"{""type"":""Point"",""coordinates"":[-16.680000000000003,13.45]}"
3_0,4,4.253291990607977E-4,CHIRPS,WA001,2000,"{""type"":""Point"",""coordinates"":[-17.470000000000002,14.73]}"
3_1,4,0.5269561409950256,CHIRPS,WA002,2000,"{""type"":""Point"",""coordinates"":[-7.949999999999998,12.65]}"
3_2,4,0.3941972553730011,CHIRPS,WA003,2000,"{""type"":""Point"",""coordinates"":[-1.5200000000000002,12.360000000000001]}"
3_3,4,0.11005575209856033,CHIRPS,WA004,2000,"{""type"":""Point"",""coordinates"":[2.17,13.51]}"
3_4,4,2.0824639797210693,CHIRPS,WA005,2000,"{""type"":""Point"",""coordinates"":[7.33,9.07]}"
3_5,4,3.516141891479492,CHIRPS,WA006,2000,"{""type"":""Point"",""coordinates"":[-0.17,5.56]}"
3_6,4,4.937845230102539,CHIRPS,WA007,2000,"{""type"":""Point"",""coordinates"":[-3.9299999999999997,5.349999999999999]}"
3_7,4,2.7356486320495605,CHIRPS,WA008,2000,"{""type"":""Point"",""coordinates"":[-13.67,9.53]}"
3_8,4,3.7148680686950684,CHIRPS,WA009,2000,"{""type"":""Point"",""coordinates"":[-13.230000000000002,8.489999999999998]}"
3_9,4,6.553769588470459,CHIRPS,WA010,2000,"{""type"":""Point"",""coordinates"":[-10.799999999999999,6.3]}"
3_10,4,3.3237180709838867,CHIRPS,WA011,2000,"{""type"":""Point"",""coordinates"":[1.22,6.130000000000001]}"
3_11,4,3.6755244731903076,CHIRPS,WA012,2000,"{""type"":""Point"",""coordinates"":[2.42,6.37]}"
3_12,4,0.15703082084655762,CHIRPS,WA013,2000,"{""type"":""Point"",""coordinates"":[8.52,12.05]}"
3_13,4,5.017006874084473,CHIRPS,WA014,2000,"{""type"":""Point"",""coordinates"":[-1.62,6.69]}"
3_14,4,0.005767321214079857,CHIRPS,WA015,2000,"{""type"":""Point"",""coordinates"":[-16.680000000000003,13.45]}"
4_0,5,0.0029951101168990135,CHIRPS,WA001,2000,"{""type"":""Point"",""coordinates"":[-17.470000000000002,14.73]}"
4_1,5,1.2470237016677856,CHIRPS,WA002,2000,"{""type"":""Point"",""coordinates"":[-7.949999999999998,12.65]}"
4_2,5,1.623803973197937,CHIRPS,WA003,2000,"{""type"":""Point"",""coordinates"":[-1.5200000000000002,12.360000000000001]}"
4_3,5,0.2617473900318146,CHIRPS,WA004,2000,"{""type"":""Point"",""coordinates"":[2.17,13.51]}"
4_4,5,5.095355987548828,CHIRPS,WA005,2000,"{""type"":""Point"",""coordinates"":[7.33,9.07]}"
4_5,5,4.814990043640137,CHIRPS,WA006,2000,"{""type"":""Point"",""coordinates"":[-0.17,5.56]}"
4_6,5,8.811298370361328,CHIRPS,WA007,2000,"{""type"":""Point"",""coordinates"":[-3.9299999999999997,5.349999999999999]}"
4_7,5,4.1007513999938965,CHIRPS,WA008,2000,"{""type"":""Point"",""coordinates"":[-13.67,9.53]}"
4_8,5,6.244341850280762,CHIRPS,WA009,2000,"{""type"":""Point"",""coordinates"":[-13.230000000000002,8.489999999999998]}"
4_9,5,9.359090805053711,CHIRPS,WA010,2000,"{""type"":""Point"",""coordinates"":[-10.799999999999999,6.3]}"
4_10,5,4.2527031898498535,CHIRPS,WA011,2000,"{""type"":""Point"",""coordinates"":[1.22,6.130000000000001]}"
4_11,5,4.343213081359863,CHIRPS,WA012,2000,"{""type"":""Point"",""coordinates"":[2.42,6.37]}"
4_12,5,0.7650372982025146,CHIRPS,WA013,2000,"{""type"":""Point"",""coordinates"":[8.52,12.05]}"
4_13,5,5.735771656036377,CHIRPS,WA014,2000,"{""type"":""Point"",""coordinates"":[-1.62,6.69]}"
4_14,5,0.01180011685937643,CHIRPS,WA015,2000,"{""type"":""Point"",""coordinates"":[-16.680000000000003,13.45]}"
5_0,6,0.3982625901699066,CHIRPS,WA001,2000,"{""type"":""Point"",""coordinates"":[-17.470000000000002,14.73]}"
5_1,6,4.049719333648682,CHIRPS,WA002,2000,"{""type"":""Point"",""coordinates"":[-7.949999999999998,12.65]}"
5_2,6,3.5563178062438965,CHIRPS,WA003,2000,"{""type"":""Point"",""coordinates"":[-1.5200000000000002,12.360000000000001]}"
5_3,6,1.7860130071640015,CHIRPS,WA004,2000,"{""type"":""Point"",""coordinates"":[2.17,13.51]}"
5_4,6,5.704188823699951,CHIRPS,WA005,2000,"{""type"":""Point"",""coordinates"":[7.33,9.07]}"
5_5,6,4.60177755355835,CHIRPS,WA006,2000,"{""type"":""Point"",""coordinates"":[-0.17,5.56]}"
5_6,6,14.809099197387695,CHIRPS,WA007,2000,"{""type"":""Point"",""coordinates"":[-3.9299999999999997,5.349999999999999]}"
5_7,6,10.577614784240723,CHIRPS,WA008,2000,"{""type"":""Point"",""coordinates"":[-13.67,9.53]}"
5_8,6,12.459431648254395,CHIRPS,WA009,2000,"{""type"":""Point"",""coordinates"":[-13.230000000000002,8.489999999999998]}"
5_9,6,20.06721305847168,CHIRPS,WA010,2000,"{""type"":""Point"",""coordinates"":[-10.799999999999999,6.3]}"
5_10,6,4.342752933502197,CHIRPS,WA011,2000,"{""type"":""Point"",""coordinates"":[1.22,6.130000000000001]}"
5_11,6,7.284584999084473,CHIRPS,WA012,2000,"{""type"":""Point"",""coordinates"":[2.42,6.37]}"
5_12,6,2.5161209106445312,CHIRPS,WA013,2000,"{""type"":""Point"",""coordinates"":[8.52,12.05]}"
5_13,6,7.860373020172119,CHIRPS,WA014,2000,"{""type"":""Point"",""coordinates"":[-1.62,6.69]}"
5_14,6,2.198298215866089,CHIRPS,WA015,2000,"{""type"":""Point"",""coordinates"":[-16.680000000000003,13.45]}"
6_0,7,2.4823813438415527,CHIRPS,WA001,2000,"{""type"":""Point"",""coordinates"":[-17.470000000000002,14.73]}"
6_1,7,6.549013137817383,CHIRPS,WA002,2000,"{""type"":""Point"",""coordinates"":[-7.949999999999998,12.65]}"
6_2,7,5.790445804595947,CHIRPS,WA003,2000,"{""type"":""Point"",""coordinates"":[-1.5200000000000002,12.360000000000001]}"
6_3,7,5.770078659057617,CHIRPS,WA004,2000,"{""type"":""Point"",""coordinates"":[2.17,13.51]}"
6_4,7,6.455947399139404,CHIRPS,WA005,2000,"{""type"":""Point"",""coordinates"":[7.33,9.07]}"
6_5,7,1.6336010694503784,CHIRPS,WA006,2000,"{""type"":""Point"",""coordinates"":[-0.17,5.56]}"
6_6,7,4.39084005355835,CHIRPS,WA007,2000,"{""type"":""Point"",""coordinates"":[-3.9299999999999997,5.349999999999999]}"
6_7,7,21.522611618041992,CHIRPS,WA008,2000,"{""type"":""Point"",""coordinates"":[-13.67,9.53]}"
6_8,7,17.710317611694336,CHIRPS,WA009,2000,"{""type"":""Point"",""coordinates"":[-13.230000000000002,8.489999999999998]}"
6_9,7,13.926209449768066,CHIRPS,WA010,2000,"{""type"":""Point"",""coordinates"":[-10.799999999999999,6.3]}"
6_10,7,1.9853671789169312,CHIRPS,WA011,2000,"{""type"":""Point"",""coordinates"":[1.22,6.130000000000001]}"
6_11,7,3.297243118286133,CHIRPS,WA012,2000,"{""type"":""Point"",""coordinates"":[2.42,6.37]}"
6_12,7,6.794354438781738,CHIRPS,WA013,2000,"{""type"":""Point"",""coordinates"":[8.52,12.05]}"
6_13,7,3.1122212409973145,CHIRPS,WA014,2000,"{""type"":""Point"",""coordinates"":[-1.62,6.69]}"
6_14,7,7.879748344421387,CHIRPS,WA015,2000,"{""type"":""Point"",""coordinates"":[-16.680000000000003,13.45]}"
7_0,8,5.763256072998047,CHIRPS,WA001,2000,"{""type"":""Point"",""coordinates"":[-17.470000000000002,14.73]}"
7_1,8,7.460817813873291,CHIRPS,WA002,2000,"{""type"":""Point"",""coordinates"":[-7.949999999999998,12.65]}"
7_2,8,5.331557750701904,CHIRPS,WA003,2000,"{""type"":""Point"",""coordinates"":[-1.5200000000000002,12.360000000000001]}"
7_3,8,3.887599468231201,CHIRPS,WA004,2000,"{""type"":""Point"",""coordinates"":[2.17,13.51]}"
7_4,8,11.238698959350586,CHIRPS,WA005,2000,"{""type"":""Point"",""coordinates"":[7.33,9.07]}"
7_5,8,2.0811662673950195,CHIRPS,WA006,2000,"{""type"":""Point"",""coordinates"":[-0.17,5.56]}"
7_6,8,1.122385025024414,CHIRPS,WA007,2000,"{""type"":""Point"",""coordinates"":[-3.9299999999999997,5.349999999999999]}"
7_7,8,20.033300399780273,CHIRPS,WA008,2000,"{""type"":""Point"",""coordinates"":[-13.67,9.53]}"
7_8,8,17.46685791015625,CHIRPS,WA009,2000,"{""type"":""Point"",""coordinates"":[-13.230000000000002,8.489999999999998]}"
7_9,8,12.491905212402344,CHIRPS,WA010,2000,"{""type"":""Point"",""coordinates"":[-10.799999999999999,6.3]}"
7_10,8,2.054074287414551,CHIRPS,WA011,2000,"{""type"":""Point"",""coordinates"":[1.22,6.130000000000001]}"
7_11,8,2.585879325866699,CHIRPS,WA012,2000,"{""type"":""Point"",""coordinates"":[2.42,6.37]}"
7_12,8,6.97168493270874,CHIRPS,WA013,2000,"{""type"":""Point"",""coordinates"":[8.52,12.05]}"
7_13,8,3.1986160278320312,CHIRPS,WA014,2000,"{""type"":""Point"",""coordinates"":[-1.62,6.69]}"
7_14,8,8.286940574645996,CHIRPS,WA015,2000,"{""type"":""Point"",""coordinates"":[-16.680000000000003,13.45]}"
8_0,9,3.5650553703308105,CHIRPS,WA001,2000,"{""type"":""Point"",""coordinates"":[-17.470000000000002,14.73]}"
8_1,9,3.419901132583618,CHIRPS,WA002,2000,"{""type"":""Point"",""coordinates"":[-7.949999999999998,12.65]}"
8_2,9,2.8114898204803467,CHIRPS,WA003,2000,"{""type"":""Point"",""coordinates"":[-1.5200000000000002,12.360000000000001]}"
8_3,9,1.6926848888397217,CHIRPS,WA004,2000,"{""type"":""Point"",""coordinates"":[2.17,13.51]}"
8_4,9,8.983976364135742,CHIRPS,WA005,2000,"{""type"":""Point"",""coordinates"":[7.33,9.07]}"
8_5,9,2.703749895095825,CHIRPS,WA006,2000,"{""type"":""Point"",""coordinates"":[-0.17,5.56]}"
8_6,9,2.627974033355713,CHIRPS,WA007,2000,"{""type"":""Point"",""coordinates"":[-3.9299999999999997,5.349999999999999]}"
8_7,9,13.12179183959961,CHIRPS,WA008,2000,"{""type"":""Point"",""coordinates"":[-13.67,9.53]}"
8_8,9,13.598634719848633,CHIRPS,WA009,2000,"{""type"":""Point"",""coordinates"":[-13.230000000000002,8.489999999999998]}"
8_9,9,16.105051040649414,CHIRPS,WA010,2000,"{""type"":""Point"",""coordinates"":[-10.799999999999999,6.3]}"
8_10,9,3.1258678436279297,CHIRPS,WA011,2000,"{""type"":""Point"",""coordinates"":[1.22,6.130000000000001]}"
8_11,9,5.745038032531738,CHIRPS,WA012,2000,"{""type"":""Point"",""coordinates"":[2.42,6.37]}"
8_12,9,4.809696674346924,CHIRPS,WA013,2000,"{""type"":""Point"",""coordinates"":[8.52,12.05]}"
8_13,9,3.939042806625366,CHIRPS,WA014,2000,"{""type"":""Point"",""coordinates"":[-1.62,6.69]}"
8_14,9,7.499737739562988,CHIRPS,WA015,2000,"{""type"":""Point"",""coordinates"":[-16.680000000000003,13.45]}"
9_0,10,2.202451705932617,CHIRPS,WA001,2000,"{""type"":""Point"",""coordinates"":[-17.470000000000002,14.73]}"
9_1,10,1.065018892288208,CHIRPS,WA002,2000,"{""type"":""Point"",""coordinates"":[-7.949999999999998,12.65]}"
9_2,10,0.9130247235298157,CHIRPS,WA003,2000,"{""type"":""Point"",""coordinates"":[-1.5200000000000002,12.360000000000001]}"
9_3,10,0.2107861191034317,CHIRPS,WA004,2000,"{""type"":""Point"",""coordinates"":[2.17,13.51]}"
9_4,10,4.871733665466309,CHIRPS,WA005,2000,"{""type"":""Point"",""coordinates"":[7.33,9.07]}"
9_5,10,3.6551859378814697,CHIRPS,WA006,2000,"{""type"":""Point"",""coordinates"":[-0.17,5.56]}"
9_6,10,2.1991562843322754,CHIRPS,WA007,2000,"{""type"":""Point"",""coordinates"":[-3.9299999999999997,5.349999999999999]}"
9_7,10,8.17106819152832,CHIRPS,WA008,2000,"{""type"":""Point"",""coordinates"":[-13.67,9.53]}"
9_8,10,9.647651672363281,CHIRPS,WA009,2000,"{""type"":""Point"",""coordinates"":[-13.230000000000002,8.489999999999998]}"
9_9,10,9.62398624420166,CHIRPS,WA010,2000,"{""type"":""Point"",""coordinates"":[-10.799999999999999,6.3]}"
9_10,10,3.9617459774017334,CHIRPS,WA011,2000,"{""type"":""Point"",""coordinates"":[1.22,6.130000000000001]}"
9_11,10,4.698123931884766,CHIRPS,WA012,2000,"{""type"":""Point"",""coordinates"":[2.42,6.37]}"
9_12,10,0.688231885433197,CHIRPS,WA013,2000,"{""type"":""Point"",""coordinates"":[8.52,12.05]}"
9_13,10,4.658518314361572,CHIRPS,WA014,2000,"{""type"":""Point"",""coordinates"":[-1.62,6.69]}"
9_14,10,3.5446202754974365,CHIRPS,WA015,2000,"{""type"":""Point"",""coordinates"":[-16.680000000000003,13.45]}"
10_0,11,0.030787786468863487,CHIRPS,WA001,2000,"{""type"":""Point"",""coordinates"":[-17.470000000000002,14.73]}"
10_1,11,0.05744866654276848,CHIRPS,WA002,2000,"{""type"":""Point"",""coordinates"":[-7.949999999999998,12.65]}"
10_2,11,0.011395200155675411,CHIRPS,WA003,2000,"{""type"":""Point"",""coordinates"":[-1.5200000000000002,12.360000000000001]}"
10_3,11,0.001596473273821175,CHIRPS,WA004,2000,"{""type"":""Point"",""coordinates"":[2.17,13.51]}"
10_4,11,0.021996131166815758,CHIRPS,WA005,2000,"{""type"":""Point"",""coordinates"":[7.33,9.07]}"
10_5,11,1.9912503957748413,CHIRPS,WA006,2000,"{""type"":""Point"",""coordinates"":[-0.17,5.56]}"
10_6,11,3.575000047683716,CHIRPS,WA007,2000,"{""type"":""Point"",""coordinates"":[-3.9299999999999997,5.349999999999999]}"
10_7,11,2.2356410026550293,CHIRPS,WA008,2000,"{""type"":""Point"",""coordinates"":[-13.67,9.53]}"
10_8,11,2.638183832168579,CHIRPS,WA009,2000,"{""type"":""Point"",""coordinates"":[-13.230000000000002,8.489999999999998]}"
10_9,11,3.8900434970855713,CHIRPS,WA010,2000,"{""type"":""Point"",""coordinates"":[-10.799999999999999,6.3]}"
10_10,11,1.257094144821167,CHIRPS,WA011,2000,"{""type"":""Point"",""coordinates"":[1.22,6.130000000000001]}"
10_11,11,1.060023307800293,CHIRPS,WA012,2000,"{""type"":""Point"",""coordinates"":[2.42,6.37]}"
10_12,11,0.002230486599728465,CHIRPS,WA013,2000,"{""type"":""Point"",""coordinates"":[8.52,12.05]}"
10_13,11,1.7367615699768066,CHIRPS,WA014,2000,"{""type"":""Point"",""coordinates"":[-1.62,6.69]}"
10_14,11,0.06606460362672806,CHIRPS,WA015,2000,"{""type"":""Point"",""coordinates"":[-16.680000000000003,13.45]}"
11_0,12,0.032585788518190384,CHIRPS,WA001,2000,"{""type"":""Point"",""coordinates"":[-17.470000000000002,14.73]}"
11_1,12,0.008281919173896313,CHIRPS,WA002,2000,"{""type"":""Point"",""coordinates"":[-7.949999999999998,12.65]}"
11_2,12,0.025765230879187584,CHIRPS,WA003,2000,"{""type"":""Point"",""coordinates"":[-1.5200000000000002,12.360000000000001]}"
11_3,12,3.356054949108511E-4,CHIRPS,WA004,2000,"{""type"":""Point"",""coordinates"":[2.17,13.51]}"
11_4,12,0.040317829698324203,CHIRPS,WA005,2000,"{""type"":""Point"",""coordinates"":[7.33,9.07]}"
11_5,12,0.908191442489624,CHIRPS,WA006,2000,"{""type"":""Point"",""coordinates"":[-0.17,5.56]}"
11_6,12,1.438886284828186,CHIRPS,WA007,2000,"{""type"":""Point"",""coordinates"":[-3.9299999999999997,5.349999999999999]}"
11_7,12,0.09300725907087326,CHIRPS,WA008,2000,"{""type"":""Point"",""coordinates"":[-13.67,9.53]}"
11_8,12,0.338619589805603,CHIRPS,WA009,2000,"{""type"":""Point"",""coordinates"":[-13.230000000000002,8.489999999999998]}"
11_9,12,0.9601899981498718,CHIRPS,WA010,2000,"{""type"":""Point"",""coordinates"":[-10.799999999999999,6.3]}"
11_10,12,0.4348055422306061,CHIRPS,WA011,2000,"{""type"":""Point"",""coordinates"":[1.22,6.130000000000001]}"
11_11,12,0.43574780225753784,CHIRPS,WA012,2000,"{""type"":""Point"",""coordinates"":[2.42,6.37]}"
11_12,12,0.002425695303827524,CHIRPS,WA013,2000,"{""type"":""Point"",""coordinates"":[8.52,12.05]}"
11_13,12,0.6496371626853943,CHIRPS,WA014,2000,"{""type"":""Point"",""coordinates"":[-1.62,6.69]}"
11_14,12,0.03138812258839607,CHIRPS,WA015,2000,"{""type"":""Point"",""coordinates"":[-16.680000000000003,13.45]}"
12_0,1,0.017153015360236168,CHIRPS,WA001,2001,"{""type"":""Point"",""coordinates"":[-17.470000000000002,14.73]}"
12_1,1,0.0016357172280550003,CHIRPS,WA002,2001,"{""type"":""Point"",""coordinates"":[-7.949999999999998,12.65]}"
12_2,1,3.49002075381577E-4,CHIRPS,WA003,2001,"{""type"":""Point"",""coordinates"":[-1.5200000000000002,12.360000000000001]}"
12_3,1,1.9925200831494294E-6,CHIRPS,WA004,2001,"{""type"":""Point"",""coordinates"":[2.17,13.51]}"
12_4,1,0.025493234395980835,CHIRPS,WA005,2001,"{""type"":""Point"",""coordinates"":[7.33,9.07]}"
12_5,1,0.3518029749393463,CHIRPS,WA006,2001,"{""type"":""Point"",""coordinates"":[-0.17,5.56]}"
12_6,1,0.41989168524742126,CHIRPS,WA007,2001,"{""type"":""Point"",""coordinates"":[-3.9299999999999997,5.349999999999999]}"
12_7,1,0.026462383568286896,CHIRPS,WA008,2001,"{""type"":""Point"",""coordinates"":[-13.67,9.53]}"
12_8,1,0.07935623824596405,CHIRPS,WA009,2001,"{""type"":""Point"",""coordinates"":[-13.230000000000002,8.489999999999998]}"
12_9,1,0.6772333383560181,CHIRPS,WA010,2001,"{""type"":""Point"",""coordinates"":[-10.799999999999999,6.3]}"
12_10,1,0.20660485327243805,CHIRPS,WA011,2001,"{""type"":""Point"",""coordinates"":[1.22,6.130000000000001]}"
12_11,1,0.25132399797439575,CHIRPS,WA012,2001,"{""type"":""Point"",""coordinates"":[2.42,6.37]}"
12_12,1,0.0013301379512995481,CHIRPS,WA013,2001,"{""type"":""Point"",""coordinates"":[8.52,12.05]}"
12_13,1,0.2689192295074463,CHIRPS,WA014,2001,"{""type"":""Point"",""coordinates"":[-1.62,6.69]}"
12_14,1,0.009460692293941975,CHIRPS,WA015,2001,"{""type"":""Point"",""coordinates"":[-16.680000000000003,13.45]}"
13_0,2,0.009707624092698097,CHIRPS,WA001,2001,"{""type"":""Point"",""coordinates"":[-17.470000000000002,14.73]}"
13_1,2,0.0070769828744232655,CHIRPS,WA002,2001,"{""type"":""Point"",""coordinates"":[-7.949999999999998,12.65]}"
13_2,2,0.015482616610825062,CHIRPS,WA003,2001,"{""type"":""Point"",""coordinates"":[-1.5200000000000002,12.360000000000001]}"
13_3,2,8.328565745614469E-4,CHIRPS,WA004,2001,"{""type"":""Point"",""coordinates"":[2.17,13.51]}"
13_4,2,0.049728408455848694,CHIRPS,WA005,2001,"{""type"":""Point"",""coordinates"":[7.33,9.07]}"
13_5,2,0.7167052626609802,CHIRPS,WA006,2001,"{""type"":""Point"",""coordinates"":[-0.17,5.56]}"
13_6,2,1.1579564809799194,CHIRPS,WA007,2001,"{""type"":""Point"",""coordinates"":[-3.9299999999999997,5.349999999999999]}"
13_7,2,0.07957389205694199,CHIRPS,WA008,2001,"{""type"":""Point"",""coordinates"":[-13.67,9.53]}"
13_8,2,0.16765454411506653,CHIRPS,WA009,2001,"{""type"":""Point"",""coordinates"":[-13.230000000000002,8.489999999999998]}"
13_9,2,0.7740667462348938,CHIRPS,WA010,2001,"{""type"":""Point"",""coordinates"":[-10.799999999999999,6.3]}"
13_10,2,0.4162053167819977,CHIRPS,WA011,2001,"{""type"":""Point"",""coordinates"":[1.22,6.130000000000001]}"
13_11,2,0.36495473980903625,CHIRPS,WA012,2001,"{""type"":""Point"",""coordinates"":[2.42,6.37]}"
13_12,2,0.005522630643099546,CHIRPS,WA013,2001,"{""type"":""Point"",""coordinates"":[8.52,12.05]}"
13_13,2,0.8574107885360718,CHIRPS,WA014,2001,"{""type"":""Point"",""coordinates"":[-1.62,6.69]}"
13_14,2,0.003410572186112404,CHIRPS,WA015,2001,"{""type"":""Point"",""coordinates"":[-16.680000000000003,13.45]}"
14_0,3,4.132660251343623E-6,CHIRPS,WA001,2001,"{""type"":""Point"",""coordinates"":[-17.470000000000002,14.73]}"
14_1,3,0.009481542743742466,CHIRPS,WA002,2001,"{""type"":""Point"",""coordinates"":[-7.949999999999998,12.65]}"
14_2,3,0.05053514242172241,CHIRPS,WA003,2001,"{""type"":""Point"",""coordinates"":[-1.5200000000000002,12.360000000000001]}"
14_3,3,0.005926523357629776,CHIRPS,WA004,2001,"{""type"":""Point"",""coordinates"":[2.17,13.51]}"
14_4,3,0.2836666405200958,CHIRPS,WA005,2001,"{""type"":""Point"",""coordinates"":[7.33,9.07]}"
14_5,3,3.0354390144348145,CHIRPS,WA006,2001,"{""type"":""Point"",""coordinates"":[-0.17,5.56]}"
14_6,3,3.75384259223938,CHIRPS,WA007,2001,"{""type"":""Point"",""coordinates"":[-3.9299999999999997,5.349999999999999]}"
14_7,3,0.14879359304904938,CHIRPS,WA008,2001,"{""type"":""Point"",""coordinates"":[-13.67,9.53]}"
14_8,3,0.46855059266090393,CHIRPS,WA009,2001,"{""type"":""Point"",""coordinates"":[-13.230000000000002,8.489999999999998]}"
14_9,3,3.602303981781006,CHIRPS,WA010,2001,"{""type"":""Point"",""coordinates"":[-10.799999999999999,6.3]}"
14_10,3,2.3685598373413086,CHIRPS,WA011,2001,"{""type"":""Point"",""coordinates"":[1.22,6.130000000000001]}"
14_11,3,1.5991297960281372,CHIRPS,WA012,2001,"{""type"":""Point"",""coordinates"":[2.42,6.37]}"
14_12,3,0.02938041277229786,CHIRPS,WA013,2001,"{""type"":""Point"",""coordinates"":[8.52,12.05]}"
14_13,3,4.163877487182617,CHIRPS,WA014,2001,"{""type"":""Point"",""coordinates"":[-1.62,6.69]}"
14_14,3,4.5414977648761123E-5,CHIRPS,WA015,2001,"{""type"":""Point"",""coordinates"":[-16.680000000000003,13.45]}"
15_0,4,0.0,CHIRPS,WA001,2001,"{""type"":""Point"",""coordinates"":[-17.470000000000002,14.73]}"
15_1,4,0.41089868545532227,CHIRPS,WA002,2001,"{""type"":""Point"",""coordinates"":[-7.949999999999998,12.65]}"
15_2,4,0.24204088747501373,CHIRPS,WA003,2001,"{""type"":""Point"",""coordinates"":[-1.5200000000000002,12.360000000000001]}"
15_3,4,0.09009028226137161,CHIRPS,WA004,2001,"{""type"":""Point"",""coordinates"":[2.17,13.51]}"
15_4,4,3.0611796379089355,CHIRPS,WA005,2001,"{""type"":""Point"",""coordinates"":[7.33,9.07]}"
15_5,4,5.109521389007568,CHIRPS,WA006,2001,"{""type"":""Point"",""coordinates"":[-0.17,5.56]}"
15_6,4,8.290449142456055,CHIRPS,WA007,2001,"{""type"":""Point"",""coordinates"":[-3.9299999999999997,5.349999999999999]}"
15_7,4,0.5987752676010132,CHIRPS,WA008,2001,"{""type"":""Point"",""coordinates"":[-13.67,9.53]}"
15_8,4,1.5780354738235474,CHIRPS,WA009,2001,"{""type"":""Point"",""coordinates"":[-13.230000000000002,8.489999999999998]}"
15_9,4,5.866223335266113,CHIRPS,WA010,2001,"{""type"":""Point"",""coordinates"":[-10.799999999999999,6.3]}"
15_10,4,5.120960235595703,CHIRPS,WA011,2001,"{""type"":""Point"",""coordinates"":[1.22,6.130000000000001]}"
15_11,4,4.193216323852539,CHIRPS,WA012,2001,"{""type"":""Point"",""coordinates"":[2.42,6.37]}"
15_12,4,0.7628141641616821,CHIRPS,WA013,2001,"{""type"":""Point"",""coordinates"":[8.52,12.05]}"
15_13,4,5.9394402503967285,CHIRPS,WA014,2001,"{""type"":""Point"",""coordinates"":[-1.62,6.69]}"
15_14,4,3.464168403297663E-4,CHIRPS,WA015,2001,"{""type"":""Point"",""coordinates"":[-16.680000000000003,13.45]}"
16_0,5,0.0,CHIRPS,WA001,2001,"{""type"":""Point"",""coordinates"":[-17.470000000000002,14.73]}"
16_1,5,1.3407914638519287,CHIRPS,WA002,2001,"{""type"":""Point"",""coordinates"":[-7.949999999999998,12.65]}"
16_2,5,1.9673576354980469,CHIRPS,WA003,2001,"{""type"":""Point"",""coordinates"":[-1.5200000000000002,12.360000000000001]}"
16_3,5,0.5046969652175903,CHIRPS,WA004,2001,"{""type"":""Point"",""coordinates"":[2.17,13.51]}"
16_4,5,5.144418716430664,CHIRPS,WA005,2001,"{""type"":""Point"",""coordinates"":[7.33,9.07]}"
16_5,5,5.909971714019775,CHIRPS,WA006,2001,"{""type"":""Point"",""coordinates"":[-0.17,5.56]}"
16_6,5,8.56161117553711,CHIRPS,WA007,2001,"{""type"":""Point"",""coordinates"":[-3.9299999999999997,5.349999999999999]}"
16_7,5,3.2448923587799072,CHIRPS,WA008,2001,"{""type"":""Point"",""coordinates"":[-13.67,9.53]}"
16_8,5,3.7504491806030273,CHIRPS,WA009,2001,"{""type"":""Point"",""coordinates"":[-13.230000000000002,8.489999999999998]}"
16_9,5,10.159920692443848,CHIRPS,WA010,2001,"{""type"":""Point"",""coordinates"":[-10.799999999999999,6.3]}"
16_10,5,5.988603591918945,CHIRPS,WA011,2001,"{""type"":""Point"",""coordinates"":[1.22,6.130000000000001]}"
16_11,5,6.80101203918457,CHIRPS,WA012,2001,"{""type"":""Point"",""coordinates"":[2.42,6.37]}"
16_12,5,2.2370991706848145,CHIRPS,WA013,2001,"{""type"":""Point"",""coordinates"":[8.52,12.05]}"
16_13,5,6.5553717613220215,CHIRPS,WA014,2001,"{""type"":""Point"",""coordinates"":[-1.62,6.69]}"
16_14,5,0.003915796056389809,CHIRPS,WA015,2001,"{""type"":""Point"",""coordinates"":[-16.680000000000003,13.45]}"
17_0,6,0.6090785264968872,CHIRPS,WA001,2001,"{""type"":""Point"",""coordinates"":[-17.470000000000002,14.73]}"
17_1,6,3.5135490894317627,CHIRPS,WA002,2001,"{""type"":""Point"",""coordinates"":[-7.949999999999998,12.65]}"
17_2,6,3.374856948852539,CHIRPS,WA003,2001,"{""type"":""Point"",""coordinates"":[-1.5200000000000002,12.360000000000001]}"
17_3,6,2.485626220703125,CHIRPS,WA004,2001,"{""type"":""Point"",""coordinates"":[2.17,13.51]}"
17_4,6,5.472012996673584,CHIRPS,WA005,2001,"{""type"":""Point"",""coordinates"":[7.33,9.07]}"
17_5,6,6.390014171600342,CHIRPS,WA006,2001,"{""type"":""Point"",""coordinates"":[-0.17,5.56]}"
17_6,6,12.382485389709473,CHIRPS,WA007,2001,"{""type"":""Point"",""coordinates"":[-3.9299999999999997,5.349999999999999]}"
17_7,6,10.111560821533203,CHIRPS,WA008,2001,"{""type"":""Point"",""coordinates"":[-13.67,9.53]}"
17_8,6,11.591163635253906,CHIRPS,WA009,2001,"{""type"":""Point"",""coordinates"":[-13.230000000000002,8.489999999999998]}"
17_9,6,19.16890525817871,CHIRPS,WA010,2001,"{""type"":""Point"",""coordinates"":[-10.799999999999999,6.3]}"
17_10,6,5.633682727813721,CHIRPS,WA011,2001,"{""type"":""Point"",""coordinates"":[1.22,6.130000000000001]}"
17_11,6,8.4899320602417,CHIRPS,WA012,2001,"{""type"":""Point"",""coordinates"":[2.42,6.37]}"
17_12,6,3.3650319576263428,CHIRPS,WA013,2001,"{""type"":""Point"",""coordinates"":[8.52,12.05]}"
17_13,6,6.436731815338135,CHIRPS,WA014,2001,"{""type"":""Point"",""coordinates"":[-1.62,6.69]}"
17_14,6,2.701166868209839,CHIRPS,WA015,2001,"{""type"":""Point"",""coordinates"":[-16.680000000000003,13.45]}"
18_0,7,1.4273078441619873,CHIRPS,WA001,2001,"{""type"":""Point"",""coordinates"":[-17.470000000000002,14.73]}"
18_1,7,5.683224678039551,CHIRPS,WA002,2001,"{""type"":""Point"",""coordinates"":[-7.949999999999998,12.65]}"
18_2,7,6.166501045227051,CHIRPS,WA003,2001,"{""type"":""Point"",""coordinates"":[-1.5200000000000002,12.360000000000001]}"
18_3,7,5.354114532470703,CHIRPS,WA004,2001,"{""type"":""Point"",""coordinates"":[2.17,13.51]}"
18_4,7,6.988081932067871,CHIRPS,WA005,2001,"{""type"":""Point"",""coordinates"":[7.33,9.07]}"
18_5,7,1.2238489389419556,CHIRPS,WA006,2001,"{""type"":""Point"",""coordinates"":[-0.17,5.56]}"
18_6,7,5.90029239654541,CHIRPS,WA007,2001,"{""type"":""Point"",""coordinates"":[-3.9299999999999997,5.349999999999999]}"
18_7,7,21.117101669311523,CHIRPS,WA008,2001,"{""type"":""Point"",""coordinates"":[-13.67,9.53]}"
18_8,7,18.819862365722656,CHIRPS,WA009,2001,"{""type"":""Point"",""coordinates"":[-13.230000000000002,8.489999999999998]}"
18_9,7,17.819244384765625,CHIRPS,WA010,2001,"{""type"":""Point"",""coordinates"":[-10.799999999999999,6.3]}"
18_10,7,0.9669204950332642,CHIRPS,WA011,2001,"{""type"":""Point"",""coordinates"":[1.22,6.130000000000001]}"
18_11,7,2.2872326374053955,CHIRPS,WA012,2001,"{""type"":""Point"",""coordinates"":[2.42,6.37]}"
18_12,7,6.883808135986328,CHIRPS,WA013,2001,"{""type"":""Point"",""coordinates"":[8.52,12.05]}"
18_13,7,2.5994133949279785,CHIRPS,WA014,2001,"{""type"":""Point"",""coordinates"":[-1.62,6.69]}"
18_14,7,7.609451770782471,CHIRPS,WA015,2001,"{""type"":""Point"",""coordinates"":[-16.680000000000003,13.45]}"
19_0,8,6.43035364151001,CHIRPS,WA001,2001,"{""type"":""Point"",""coordinates"":[-17.470000000000002,14.73]}"
19_1,8,7.074719429016113,CHIRPS,WA002,2001,"{""type"":""Point"",""coordinates"":[-7.949999999999998,12.65]}"
19_2,8,6.144731044769287,CHIRPS,WA003,2001,"{""type"":""Point"",""coordinates"":[-1.5200000000000002,12.360000000000001]}"
19_3,8,3.5507454872131348,CHIRPS,WA004,2001,"{""type"":""Point"",""coordinates"":[2.17,13.51]}"
19_4,8,8.611767768859863,CHIRPS,WA005,2001,"{""type"":""Point"",""coordinates"":[7.33,9.07]}"
19_5,8,0.683748185634613,CHIRPS,WA006,2001,"{""type"":""Point"",""coordinates"":[-0.17,5.56]}"
19_6,8,0.6420349478721619,CHIRPS,WA007,2001,"{""type"":""Point"",""coordinates"":[-3.9299999999999997,5.349999999999999]}"
19_7,8,19.09722328186035,CHIRPS,WA008,2001,"{""type"":""Point"",""coordinates"":[-13.67,9.53]}"
19_8,8,19.783769607543945,CHIRPS,WA009,2001,"{""type"":""Point"",""coordinates"":[-13.230000000000002,8.489999999999998]}"
19_9,8,12.195439338684082,CHIRPS,WA010,2001,"{""type"":""Point"",""coordinates"":[-10.799999999999999,6.3]}"
19_10,8,0.5642752647399902,CHIRPS,WA011,2001,"{""type"":""Point"",""coordinates"":[1.22,6.130000000000001]}"
19_11,8,0.6761919260025024,CHIRPS,WA012,2001,"{""type"":""Point"",""coordinates"":[2.42,6.37]}"
19_12,8,8.046256065368652,CHIRPS,WA013,2001,"{""type"":""Point"",""coordinates"":[8.52,12.05]}"
19_13,8,1.0318282842636108,CHIRPS,WA014,2001,"{""type"":""Point"",""coordinates"":[-1.62,6.69]}"
19_14,8,8.279718399047852,CHIRPS,WA015,2001,"{""type"":""Point"",""coordinates"":[-16.680000000000003,13.45]}"
20_0,9,5.485469341278076,CHIRPS,WA001,2001,"{""type"":""Point"",""coordinates"":[-17.470000000000002,14.73]}"
20_1,9,3.170710563659668,CHIRPS,WA002,2001,"{""type"":""Point"",""coordinates"":[-7.949999999999998,12.65]}"
20_2,9,3.1700658798217773,CHIRPS,WA003,2001,"{""type"":""Point"",""coordinates"":[-1.5200000000000002,12.360000000000001]}"
20_3,9,2.8575456142425537,CHIRPS,WA004,2001,"{""type"":""Point"",""coordinates"":[2.17,13.51]}"
20_4,9,7.877236366271973,CHIRPS,WA005,2001,"{""type"":""Point"",""coordinates"":[7.33,9.07]}"
20_5,9,2.738050699234009,CHIRPS,WA006,2001,"{""type"":""Point"",""coordinates"":[-0.17,5.56]}"
20_6,9,3.6207430362701416,CHIRPS,WA007,2001,"{""type"":""Point"",""coordinates"":[-3.9299999999999997,5.349999999999999]}"
20_7,9,16.517187118530273,CHIRPS,WA008,2001,"{""type"":""Point"",""coordinates"":[-13.67,9.53]}"
20_8,9,15.438992500305176,CHIRPS,WA009,2001,"{""type"":""Point"",""coordinates"":[-13.230000000000002,8.489999999999998]}"
20_9,9,14.972681999206543,CHIRPS,WA010,2001,"{""type"":""Point"",""coordinates"":[-10.799999999999999,6.3]}"
20_10,9,3.3141930103302,CHIRPS,WA011,2001,"{""type"":""Point"",""coordinates"":[1.22,6.130000000000001]}"
20_11,9,3.6721200942993164,CHIRPS,WA012,2001,"{""type"":""Point"",""coordinates"":[2.42,6.37]}"
20_12,9,4.582753658294678,CHIRPS,WA013,2001,"{""type"":""Point"",""coordinates"":[8.52,12.05]}"
20_13,9,5.461050033569336,CHIRPS,WA014,2001,"{""type"":""Point"",""coordinates"":[-1.62,6.69]}"
20_14,9,6.881712436676025,CHIRPS,WA015,2001,"{""type"":""Point"",""coordinates"":[-16.680000000000003,13.45]}"
21_0,10,0.4966833293437958,CHIRPS,WA001,2001,"{""type"":""Point"",""coordinates"":[-17.470000000000002,14.73]}"
21_1,10,1.0715659856796265,CHIRPS,WA002,2001,"{""type"":""Point"",""coordinates"":[-7.949999999999998,12.65]}"
21_2,10,0.5083831548690796,CHIRPS,WA003,2001,"{""type"":""Point"",""coordinates"":[-1.5200000000000002,12.360000000000001]}"
21_3,10,0.09142845869064331,CHIRPS,WA004,2001,"{""type"":""Point"",""coordinates"":[2.17,13.51]}"
21_4,10,2.1800384521484375,CHIRPS,WA005,2001,"{""type"":""Point"",""coordinates"":[7.33,9.07]}"
21_5,10,2.874380588531494,CHIRPS,WA006,2001,"{""type"":""Point"",""coordinates"":[-0.17,5.56]}"
21_6,10,6.197398662567139,CHIRPS,WA007,2001,"{""type"":""Point"",""coordinates"":[-3.9299999999999997,5.349999999999999]}"
21_7,10,10.551569938659668,CHIRPS,WA008,2001,"{""type"":""Point"",""coordinates"":[-13.67,9.53]}"
21_8,10,12.1456937789917,CHIRPS,WA009,2001,"{""type"":""Point"",""coordinates"":[-13.230000000000002,8.489999999999998]}"
21_9,10,13.086423873901367,CHIRPS,WA010,2001,"{""type"":""Point"",""coordinates"":[-10.799999999999999,6.3]}"
21_10,10,2.307300329208374,CHIRPS,WA011,2001,"{""type"":""Point"",""coordinates"":[1.22,6.130000000000001]}"
21_11,10,3.2016382217407227,CHIRPS,WA012,2001,"{""type"":""Point"",""coordinates"":[2.42,6.37]}"
21_12,10,0.0766492411494255,CHIRPS,WA013,2001,"{""type"":""Point"",""coordinates"":[8.52,12.05]}"
21_13,10,4.082072734832764,CHIRPS,WA014,2001,"{""type"":""Point"",""coordinates"":[-1.62,6.69]}"
21_14,10,1.6830369234085083,CHIRPS,WA015,2001,"{""type"":""Point"",""coordinates"":[-16.680000000000003,13.45]}"
22_0,11,0.08227261900901794,CHIRPS,WA001,2001,"{""type"":""Point"",""coordinates"":[-17.470000000000002,14.73]}"
22_1,11,0.02672833949327469,CHIRPS,WA002,2001,"{""type"":""Point"",""coordinates"":[-7.949999999999998,12.65]}"
22_2,11,0.003447392489761114,CHIRPS,WA003,2001,"{""type"":""Point"",""coordinates"":[-1.5200000000000002,12.360000000000001]}"
22_3,11,2.5168519641738385E-6,CHIRPS,WA004,2001,"{""type"":""Point"",""coordinates"":[2.17,13.51]}"
22_4,11,4.514419415500015E-4,CHIRPS,WA005,2001,"{""type"":""Point"",""coordinates"":[7.33,9.07]}"
22_5,11,1.9332056045532227,CHIRPS,WA006,2001,"{""type"":""Point"",""coordinates"":[-0.17,5.56]}"
22_6,11,5.113789081573486,CHIRPS,WA007,2001,"{""type"":""Point"",""coordinates"":[-3.9299999999999997,5.349999999999999]}"
22_7,11,3.555593729019165,CHIRPS,WA008,2001,"{""type"":""Point"",""coordinates"":[-13.67,9.53]}"
22_8,11,6.484705924987793,CHIRPS,WA009,2001,"{""type"":""Point"",""coordinates"":[-13.230000000000002,8.489999999999998]}"
22_9,11,6.2394185066223145,CHIRPS,WA010,2001,"{""type"":""Point"",""coordinates"":[-10.799999999999999,6.3]}"
22_10,11,1.8510431051254272,CHIRPS,WA011,2001,"{""type"":""Point"",""coordinates"":[1.22,6.130000000000001]}"
22_11,11,1.0836642980575562,CHIRPS,WA012,2001,"{""type"":""Point"",""coordinates"":[2.42,6.37]}"
22_12,11,2.0408544514793903E-4,CHIRPS,WA013,2001,"{""type"":""Point"",""coordinates"":[8.52,12.05]}"
22_13,11,2.2937722206115723,CHIRPS,WA014,2001,"{""type"":""Point"",""coordinates"":[-1.62,6.69]}"
22_14,11,0.0946633517742157,CHIRPS,WA015,2001,"{""type"":""Point"",""coordinates"":[-16.680000000000003,13.45]}"
23_0,12,0.03481350094079971,CHIRPS,WA001,2001,"{""type"":""Point"",""coordinates"":[-17.470000000000002,14.73]}"
23_1,12,0.008049771189689636,CHIRPS,WA002,2001,"{""type"":""Point"",""coordinates"":[-7.949999999999998,12.65]}"
23_2,12,0.017645062878727913,CHIRPS,WA003,2001,"{""type"":""Point"",""coordinates"":[-1.5200000000000002,12.360000000000001]}"
23_3,12,1.1666110367514193E-4,CHIRPS,WA004,2001,"{""type"":""Point"",""coordinates"":[2.17,13.51]}"
23_4,12,0.00956033170223236,CHIRPS,WA005,2001,"{""type"":""Point"",""coordinates"":[7.33,9.07]}"
23_5,12,0.5606352686882019,CHIRPS,WA006,2001,"{""type"":""Point"",""coordinates"":[-0.17,5.56]}"
23_6,12,1.7011017799377441,CHIRPS,WA007,2001,"{""type"":""Point"",""coordinates"":[-3.9299999999999997,5.349999999999999]}"
23_7,12,0.342863529920578,CHIRPS,WA008,2001,"{""type"":""Point"",""coordinates"":[-13.67,9.53]}"
23_8,12,0.572481632232666,CHIRPS,WA009,2001,"{""type"":""Point"",""coordinates"":[-13.230000000000002,8.489999999999998]}"
23_9,12,2.1841585636138916,CHIRPS,WA010,2001,"{""type"":""Point"",""coordinates"":[-10.799999999999999,6.3]}"
23_10,12,0.300352543592453,CHIRPS,WA011,2001,"{""type"":""Point"",""coordinates"":[1.22,6.130000000000001]}"
23_11,12,0.3622468113899231,CHIRPS,WA012,2001,"{""type"":""Point"",""coordinates"":[2.42,6.37]}"
23_12,12,0.001680200919508934,CHIRPS,WA013,2001,"{""type"":""Point"",""coordinates"":[8.52,12.05]}"
23_13,12,0.6896182298660278,CHIRPS,WA014,2001,"{""type"":""Point"",""coordinates"":[-1.62,6.69]}"
23_14,12,0.032448362559080124,CHIRPS,WA015,2001,"{""type"":""Point"",""coordinates"":[-16.680000000000003,13.45]}"
24_0,1,0.03461676463484764,CHIRPS,WA001,2002,"{""type"":""Point"",""coordinates"":[-17.470000000000002,14.73]}"
24_1,1,9.500411688350141E-4,CHIRPS,WA002,2002,"{""type"":""Point"",""coordinates"":[-7.949999999999998,12.65]}"
24_2,1,0.0019011119147762656,CHIRPS,WA003,2002,"{""type"":""Point"",""coordinates"":[-1.5200000000000002,12.360000000000001]}"
24_3,1,1.945896292454563E-5,CHIRPS,WA004,2002,"{""type"":""Point"",""coordinates"":[2.17,13.51]}"
24_4,1,5.598174757324159E-4,CHIRPS,WA005,2002,"{""type"":""Point"",""coordinates"":[7.33,9.07]}"
24_5,1,0.7536614537239075,CHIRPS,WA006,2002,"{""type"":""Point"",""coordinates"":[-0.17,5.56]}"
24_6,1,0.7989889979362488,CHIRPS,WA007,2002,"{""type"":""Point"",""coordinates"":[-3.9299999999999997,5.349999999999999]}"
24_7,1,0.024014510214328766,CHIRPS,WA008,2002,"{""type"":""Point"",""coordinates"":[-13.67,9.53]}"
24_8,1,0.13178689777851105,CHIRPS,WA009,2002,"{""type"":""Point"",""coordinates"":[-13.230000000000002,8.489999999999998]}"
24_9,1,2.429163932800293,CHIRPS,WA010,2002,"{""type"":""Point"",""coordinates"":[-10.799999999999999,6.3]}"
24_10,1,0.7541593909263611,CHIRPS,WA011,2002,"{""type"":""Point"",""coordinates"":[1.22,6.130000000000001]}"
24_11,1,0.4397200345993042,CHIRPS,WA012,2002,"{""type"":""Point"",""coordinates"":[2.42,6.37]}"
24_12,1,2.2181258827913553E-4,CHIRPS,WA013,2002,"{""type"":""Point"",""coordinates"":[8.52,12.05]}"
24_13,1,0.6853940486907959,CHIRPS,WA014,2002,"{""type"":""Point"",""coordinates"":[-1.62,6.69]}"
24_14,1,0.018784724175930023,CHIRPS,WA015,2002,"{""type"":""Point"",""coordinates"":[-16.680000000000003,13.45]}"
25_0,2,0.010579134337604046,CHIRPS,WA001,2002,"{""type"":""Point"",""coordinates"":[-17.470000000000002,14.73]}"
25_1,2,0.005336991045624018,CHIRPS,WA002,2002,"{""type"":""Point"",""coordinates"":[-7.949999999999998,12.65]}"
25_2,2,0.019579747691750526,CHIRPS,WA003,2002,"{""type"":""Point"",""coordinates"":[-1.5200000000000002,12.360000000000001]}"
25_3,2,4.328536306275055E-5,CHIRPS,WA004,2002,"{""type"":""Point"",""coordinates"":[2.17,13.51]}"
25_4,2,0.10192927718162537,CHIRPS,WA005,2002,"{""type"":""Point"",""coordinates"":[7.33,9.07]}"
25_5,2,1.0912748575210571,CHIRPS,WA006,2002,"{""type"":""Point"",""coordinates"":[-0.17,5.56]}"
25_6,2,0.9113866686820984,CHIRPS,WA007,2002,"{""type"":""Point"",""coordinates"":[-3.9299999999999997,5.349999999999999]}"
25_7,2,0.010353391990065575,CHIRPS,WA008,2002,"{""type"":""Point"",""coordinates"":[-13.67,9.53]}"
25_8,2,0.08817271143198013,CHIRPS,WA009,2002,"{""type"":""Point"",""coordinates"":[-13.230000000000002,8.489999999999998]}"
25_9,2,0.9950734376907349,CHIRPS,WA010,2002,"{""type"":""Point"",""coordinates"":[-10.799999999999999,6.3]}"
25_10,2,0.6192067265510559,CHIRPS,WA011,2002,"{""type"":""Point"",""coordinates"":[1.22,6.130000000000001]}"
25_11,2,0.4097745716571808,CHIRPS,WA012,2002,"{""type"":""Point"",""coordinates"":[2.42,6.37]}"
25_12,2,0.011801503598690033,CHIRPS,WA013,2002,"{""type"":""Point"",""coordinates"":[8.52,12.05]}"
25_13,2,1.066120982170105,CHIRPS,WA014,2002,"{""type"":""Point"",""coordinates"":[-1.62,6.69]}"
25_14,2,0.0039357817731797695,CHIRPS,WA015,2002,"{""type"":""Point"",""coordinates"":[-16.680000000000003,13.45]}"
26_0,3,1.364342460874468E-4,CHIRPS,WA001,2002,"{""type"":""Point"",""coordinates"":[-17.470000000000002,14.73]}"
26_1,3,0.022555885836482048,CHIRPS,WA002,2002,"{""type"":""Point"",""coordinates"":[-7.949999999999998,12.65]}"
26_2,3,0.027289779856801033,CHIRPS,WA003,2002,"{""type"":""Point"",""coordinates"":[-1.5200000000000002,12.360000000000001]}"
26_3,3,0.008499217219650745,CHIRPS,WA004,2002,"{""type"":""Point"",""coordinates"":[2.17,13.51]}"
26_4,3,1.0430585145950317,CHIRPS,WA005,2002,"{""type"":""Point"",""coordinates"":[7.33,9.07]}"
26_5,3,2.1445014476776123,CHIRPS,WA006,2002,"{""type"":""Point"",""coordinates"":[-0.17,5.56]}"
26_6,3,2.5866613388061523,CHIRPS,WA007,2002,"{""type"":""Point"",""coordinates"":[-3.9299999999999997,5.349999999999999]}"
26_7,3,0.23157860338687897,CHIRPS,WA008,2002,"{""type"":""Point"",""coordinates"":[-13.67,9.53]}"
26_8,3,0.5718858242034912,CHIRPS,WA009,2002,"{""type"":""Point"",""coordinates"":[-13.230000000000002,8.489999999999998]}"
26_9,3,2.1004014015197754,CHIRPS,WA010,2002,"{""type"":""Point"",""coordinates"":[-10.799999999999999,6.3]}"
26_10,3,2.162808418273926,CHIRPS,WA011,2002,"{""type"":""Point"",""coordinates"":[1.22,6.130000000000001]}"
26_11,3,2.3445239067077637,CHIRPS,WA012,2002,"{""type"":""Point"",""coordinates"":[2.42,6.37]}"
26_12,3,0.09072749316692352,CHIRPS,WA013,2002,"{""type"":""Point"",""coordinates"":[8.52,12.05]}"
26_13,3,2.7421131134033203,CHIRPS,WA014,2002,"{""type"":""Point"",""coordinates"":[-1.62,6.69]}"
26_14,3,0.0017466895515099168,CHIRPS,WA015,2002,"{""type"":""Point"",""coordinates"":[-16.680000000000003,13.45]}"
27_0,4,7.278651901287958E-5,CHIRPS,WA001,2002,"{""type"":""Point"",""coordinates"":[-17.470000000000002,14.73]}"
27_1,4,0.32856911420822144,CHIRPS,WA002,2002,"{""type"":""Point"",""coordinates"":[-7.949999999999998,12.65]}"
27_2,4,0.6187572479248047,CHIRPS,WA003,2002,"{""type"":""Point"",""coordinates"":[-1.5200000000000002,12.360000000000001]}"
27_3,4,0.06962431222200394,CHIRPS,WA004,2002,"{""type"":""Point"",""coordinates"":[2.17,13.51]}"
27_4,4,3.495365619659424,CHIRPS,WA005,2002,"{""type"":""Point"",""coordinates"":[7.33,9.07]}"
27_5,4,5.35710334777832,CHIRPS,WA006,2002,"{""type"":""Point"",""coordinates"":[-0.17,5.56]}"
27_6,4,6.255039215087891,CHIRPS,WA007,2002,"{""type"":""Point"",""coordinates"":[-3.9299999999999997,5.349999999999999]}"
27_7,4,0.631057620048523,CHIRPS,WA008,2002,"{""type"":""Point"",""coordinates"":[-13.67,9.53]}"
27_8,4,0.8463025093078613,CHIRPS,WA009,2002,"{""type"":""Point"",""coordinates"":[-13.230000000000002,8.489999999999998]}"
27_9,4,3.3104608058929443,CHIRPS,WA010,2002,"{""type"":""Point"",""coordinates"":[-10.799999999999999,6.3]}"
27_10,4,4.770110130310059,CHIRPS,WA011,2002,"{""type"":""Point"",""coordinates"":[1.22,6.130000000000001]}"
27_11,4,3.946896553039551,CHIRPS,WA012,2002,"{""type"":""Point"",""coordinates"":[2.42,6.37]}"
27_12,4,0.5868827104568481,CHIRPS,WA013,2002,"{""type"":""Point"",""coordinates"":[8.52,12.05]}"
27_13,4,7.318195343017578,CHIRPS,WA014,2002,"{""type"":""Point"",""coordinates"":[-1.62,6.69]}"
27_14,4,0.00316466367803514,CHIRPS,WA015,2002,"{""type"":""Point"",""coordinates"":[-16.680000000000003,13.45]}"
28_0,5,0.0,CHIRPS,WA001,2002,"{""type"":""Point"",""coordinates"":[-17.470000000000002,14.73]}"
28_1,5,0.9862107634544373,CHIRPS,WA002,2002,"{""type"":""Point"",""coordinates"":[-7.949999999999998,12.65]}"
28_2,5,1.2813454866409302,CHIRPS,WA003,2002,"{""type"":""Point"",""coordinates"":[-1.5200000000000002,12.360000000000001]}"
28_3,5,0.4069127142429352,CHIRPS,WA004,2002,"{""type"":""Point"",""coordinates"":[2.17,13.51]}"
28_4,5,4.239658832550049,CHIRPS,WA005,2002,"{""type"":""Point"",""coordinates"":[7.33,9.07]}"
28_5,5,5.266371726989746,CHIRPS,WA006,2002,"{""type"":""Point"",""coordinates"":[-0.17,5.56]}"
28_6,5,7.354554176330566,CHIRPS,WA007,2002,"{""type"":""Point"",""coordinates"":[-3.9299999999999997,5.349999999999999]}"
28_7,5,1.9107333421707153,CHIRPS,WA008,2002,"{""type"":""Point"",""coordinates"":[-13.67,9.53]}"
28_8,5,3.0828821659088135,CHIRPS,WA009,2002,"{""type"":""Point"",""coordinates"":[-13.230000000000002,8.489999999999998]}"
28_9,5,8.600309371948242,CHIRPS,WA010,2002,"{""type"":""Point"",""coordinates"":[-10.799999999999999,6.3]}"
28_10,5,5.171598434448242,CHIRPS,WA011,2002,"{""type"":""Point"",""coordinates"":[1.22,6.130000000000001]}"
28_11,5,3.9119415283203125,CHIRPS,WA012,2002,"{""type"":""Point"",""coordinates"":[2.42,6.37]}"
28_12,5,0.6585061550140381,CHIRPS,WA013,2002,"{""type"":""Point"",""coordinates"":[8.52,12.05]}"
28_13,5,6.535758018493652,CHIRPS,WA014,2002,"{""type"":""Point"",""coordinates"":[-1.62,6.69]}"
28_14,5,0.0037161214277148247,CHIRPS,WA015,2002,"{""type"":""Point"",""coordinates"":[-16.680000000000003,13.45]}"
29_0,6,0.3932664096355438,CHIRPS,WA001,2002,"{""type"":""Point"",""coordinates"":[-17.470000000000002,14.73]}"
29_1,6,3.606548547744751,CHIRPS,WA002,2002,"{""type"":""Point"",""coordinates"":[-7.949999999999998,12.65]}"
29_2,6,2.858811140060425,CHIRPS,WA003,2002,"{""type"":""Point"",""coordinates"":[-1.5200000000000002,12.360000000000001]}"
29_3,6,2.3010926246643066,CHIRPS,WA004,2002,"{""type"":""Point"",""coordinates"":[2.17,13.51]}"
29_4,6,6.268788814544678,CHIRPS,WA005,2002,"{""type"":""Point"",""coordinates"":[7.33,9.07]}"
29_5,6,8.580171585083008,CHIRPS,WA006,2002,"{""type"":""Point"",""coordinates"":[-0.17,5.56]}"
29_6,6,13.506409645080566,CHIRPS,WA007,2002,"{""type"":""Point"",""coordinates"":[-3.9299999999999997,5.349999999999999]}"
29_7,6,7.051437854766846,CHIRPS,WA008,2002,"{""type"":""Point"",""coordinates"":[-13.67,9.53]}"
29_8,6,8.527029037475586,CHIRPS,WA009,2002,"{""type"":""Point"",""coordinates"":[-13.230000000000002,8.489999999999998]}"
29_9,6,20.041074752807617,CHIRPS,WA010,2002,"{""type"":""Point"",""coordinates"":[-10.799999999999999,6.3]}"
29_10,6,8.796860694885254,CHIRPS,WA011,2002,"{""type"":""Point"",""coordinates"":[1.22,6.130000000000001]}"
29_11,6,13.919838905334473,CHIRPS,WA012,2002,"{""type"":""Point"",""coordinates"":[2.42,6.37]}"
29_12,6,3.5486035346984863,CHIRPS,WA013,2002,"{""type"":""Point"",""coordinates"":[8.52,12.05]}"
29_13,6,7.29737663269043,CHIRPS,WA014,2002,"{""type"":""Point"",""coordinates"":[-1.62,6.69]}"
29_14,6,2.056867837905884,CHIRPS,WA015,2002,"{""type"":""Point"",""coordinates"":[-16.680000000000003,13.45]}"
30_0,7,2.250347375869751,CHIRPS,WA001,2002,"{""type"":""Point"",""coordinates"":[-17.470000000000002,14.73]}"
30_1,7,6.564751625061035,CHIRPS,WA002,2002,"{""type"":""Point"",""coordinates"":[-7.949999999999998,12.65]}"
30_2,7,5.3101983070373535,CHIRPS,WA003,2002,"{""type"":""Point"",""coordinates"":[-1.5200000000000002,12.360000000000001]}"
30_3,7,3.3434834480285645,CHIRPS,WA004,2002,"{""type"":""Point"",""coordinates"":[2.17,13.51]}"
30_4,7,9.25091552734375,CHIRPS,WA005,2002,"{""type"":""Point"",""coordinates"":[7.33,9.07]}"
30_5,7,2.467379570007324,CHIRPS,WA006,2002,"{""type"":""Point"",""coordinates"":[-0.17,5.56]}"
30_6,7,7.794405460357666,CHIRPS,WA007,2002,"{""type"":""Point"",""coordinates"":[-3.9299999999999997,5.349999999999999]}"
30_7,7,20.74965476989746,CHIRPS,WA008,2002,"{""type"":""Point"",""coordinates"":[-13.67,9.53]}"
30_8,7,21.501054763793945,CHIRPS,WA009,2002,"{""type"":""Point"",""coordinates"":[-13.230000000000002,8.489999999999998]}"
30_9,7,23.970989227294922,CHIRPS,WA010,2002,"{""type"":""Point"",""coordinates"":[-10.799999999999999,6.3]}"
30_10,7,2.5086538791656494,CHIRPS,WA011,2002,"{""type"":""Point"",""coordinates"":[1.22,6.130000000000001]}"
30_11,7,5.66910457611084,CHIRPS,WA012,2002,"{""type"":""Point"",""coordinates"":[2.42,6.37]}"
30_12,7,7.399642467498779,CHIRPS,WA013,2002,"{""type"":""Point"",""coordinates"":[8.52,12.05]}"
30_13,7,6.196466445922852,CHIRPS,WA014,2002,"{""type"":""Point"",""coordinates"":[-1.62,6.69]}"
30_14,7,4.51077127456665,CHIRPS,WA015,2002,"{""type"":""Point"",""coordinates"":[-16.680000000000003,13.45]}"
31_0,8,7.197800636291504,CHIRPS,WA001,2002,"{""type"":""Point"",""coordinates"":[-17.470000000000002,14.73]}"
31_1,8,7.7226948738098145,CHIRPS,WA002,2002,"{""type"":""Point"",""coordinates"":[-7.949999999999998,12.65]}"
31_2,8,5.496788501739502,CHIRPS,WA003,2002,"{""type"":""Point"",""coordinates"":[-1.5200000000000002,12.360000000000001]}"
31_3,8,4.4149298667907715,CHIRPS,WA004,2002,"{""type"":""Point"",""coordinates"":[2.17,13.51]}"
31_4,8,9.03026008605957,CHIRPS,WA005,2002,"{""type"":""Point"",""coordinates"":[7.33,9.07]}"
31_5,8,1.4411396980285645,CHIRPS,WA006,2002,"{""type"":""Point"",""coordinates"":[-0.17,5.56]}"
31_6,8,3.1026124954223633,CHIRPS,WA007,2002,"{""type"":""Point"",""coordinates"":[-3.9299999999999997,5.349999999999999]}"
31_7,8,26.120576858520508,CHIRPS,WA008,2002,"{""type"":""Point"",""coordinates"":[-13.67,9.53]}"
31_8,8,27.352352142333984,CHIRPS,WA009,2002,"{""type"":""Point"",""coordinates"":[-13.230000000000002,8.489999999999998]}"
31_9,8,19.084089279174805,CHIRPS,WA010,2002,"{""type"":""Point"",""coordinates"":[-10.799999999999999,6.3]}"
31_10,8,1.4327607154846191,CHIRPS,WA011,2002,"{""type"":""Point"",""coordinates"":[1.22,6.130000000000001]}"
31_11,8,1.3570762872695923,CHIRPS,WA012,2002,"{""type"":""Point"",""coordinates"":[2.42,6.37]}"
31_12,8,6.964335918426514,CHIRPS,WA013,2002,"{""type"":""Point"",""coordinates"":[8.52,12.05]}"
31_13,8,2.909396171569824,CHIRPS,WA014,2002,"{""type"":""Point"",""coordinates"":[-1.62,6.69]}"
31_14,8,8.489114761352539,CHIRPS,WA015,2002,"{""type"":""Point"",""coordinates"":[-16.680000000000003,13.45]}"
32_0,9,4.342318058013916,CHIRPS,WA001,2002,"{""type"":""Point"",""coordinates"":[-17.470000000000002,14.73]}"
32_1,9,3.062452554702759,CHIRPS,WA002,2002,"{""type"":""Point"",""coordinates"":[-7.949999999999998,12.65]}"
32_2,9,4.095663547515869,CHIRPS,WA003,2002,"{""type"":""Point"",""coordinates"":[-1.5200000000000002,12.360000000000001]}"
32_3,9,3.1856234073638916,CHIRPS,WA004,2002,"{""type"":""Point"",""coordinates"":[2.17,13.51]}"
32_4,9,7.256505489349365,CHIRPS,WA005,2002,"{""type"":""Point"",""coordinates"":[7.33,9.07]}"
32_5,9,1.6843245029449463,CHIRPS,WA006,2002,"{""type"":""Point"",""coordinates"":[-0.17,5.56]}"
32_6,9,1.2430732250213623,CHIRPS,WA007,2002,"{""type"":""Point"",""coordinates"":[-3.9299999999999997,5.349999999999999]}"
32_7,9,6.6623077392578125,CHIRPS,WA008,2002,"{""type"":""Point"",""coordinates"":[-13.67,9.53]}"
32_8,9,9.188282012939453,CHIRPS,WA009,2002,"{""type"":""Point"",""coordinates"":[-13.230000000000002,8.489999999999998]}"
32_9,9,12.608448028564453,CHIRPS,WA010,2002,"{""type"":""Point"",""coordinates"":[-10.799999999999999,6.3]}"
32_10,9,1.7993754148483276,CHIRPS,WA011,2002,"{""type"":""Point"",""coordinates"":[1.22,6.130000000000001]}"
32_11,9,2.410471200942993,CHIRPS,WA012,2002,"{""type"":""Point"",""coordinates"":[2.42,6.37]}"
32_12,9,6.508242130279541,CHIRPS,WA013,2002,"{""type"":""Point"",""coordinates"":[8.52,12.05]}"
32_13,9,2.7699081897735596,CHIRPS,WA014,2002,"{""type"":""Point"",""coordinates"":[-1.62,6.69]}"
32_14,9,6.4171366691589355,CHIRPS,WA015,2002,"{""type"":""Point"",""coordinates"":[-16.680000000000003,13.45]}"
33_0,10,1.642272710800171,CHIRPS,WA001,2002,"{""type"":""Point"",""coordinates"":[-17.470000000000002,14.73]}"
33_1,10,1.2332484722137451,CHIRPS,WA002,2002,"{""type"":""Point"",""coordinates"":[-7.949999999999998,12.65]}"
33_2,10,1.4157577753067017,CHIRPS,WA003,2002,"{""type"":""Point"",""coordinates"":[-1.5200000000000002,12.360000000000001]}"
33_3,10,0.48369070887565613,CHIRPS,WA004,2002,"{""type"":""Point"",""coordinates"":[2.17,13.51]}"
33_4,10,5.657962322235107,CHIRPS,WA005,2002,"{""type"":""Point"",""coordinates"":[7.33,9.07]}"
33_5,10,4.8250956535339355,CHIRPS,WA006,2002,"{""type"":""Point"",""coordinates"":[-0.17,5.56]}"
33_6,10,9.246905326843262,CHIRPS,WA007,2002,"{""type"":""Point"",""coordinates"":[-3.9299999999999997,5.349999999999999]}"
33_7,10,4.020053863525391,CHIRPS,WA008,2002,"{""type"":""Point"",""coordinates"":[-13.67,9.53]}"
33_8,10,5.457615852355957,CHIRPS,WA009,2002,"{""type"":""Point"",""coordinates"":[-13.230000000000002,8.489999999999998]}"
33_9,10,13.235798835754395,CHIRPS,WA010,2002,"{""type"":""Point"",""coordinates"":[-10.799999999999999,6.3]}"
33_10,10,5.283310890197754,CHIRPS,WA011,2002,"{""type"":""Point"",""coordinates"":[1.22,6.130000000000001]}"
33_11,10,7.182095050811768,CHIRPS,WA012,2002,"{""type"":""Point"",""coordinates"":[2.42,6.37]}"
33_12,10,0.9621798396110535,CHIRPS,WA013,2002,"{""type"":""Point"",""coordinates"":[8.52,12.05]}"
33_13,10,7.774629592895508,CHIRPS,WA014,2002,"{""type"":""Point"",""coordinates"":[-1.62,6.69]}"
33_14,10,2.3943943977355957,CHIRPS,WA015,2002,"{""type"":""Point"",""coordinates"":[-16.680000000000003,13.45]}"
34_0,11,0.029110504314303398,CHIRPS,WA001,2002,"{""type"":""Point"",""coordinates"":[-17.470000000000002,14.73]}"
34_1,11,0.08503274619579315,CHIRPS,WA002,2002,"{""type"":""Point"",""coordinates"":[-7.949999999999998,12.65]}"
34_2,11,0.035826411098241806,CHIRPS,WA003,2002,"{""type"":""Point"",""coordinates"":[-1.5200000000000002,12.360000000000001]}"
34_3,11,0.00621876772493124,CHIRPS,WA004,2002,"{""type"":""Point"",""coordinates"":[2.17,13.51]}"
34_4,11,0.06519859284162521,CHIRPS,WA005,2002,"{""type"":""Point"",""coordinates"":[7.33,9.07]}"
34_5,11,1.8732765913009644,CHIRPS,WA006,2002,"{""type"":""Point"",""coordinates"":[-0.17,5.56]}"
34_6,11,4.3216776847839355,CHIRPS,WA007,2002,"{""type"":""Point"",""coordinates"":[-3.9299999999999997,5.349999999999999]}"
34_7,11,1.2033456563949585,CHIRPS,WA008,2002,"{""type"":""Point"",""coordinates"":[-13.67,9.53]}"
34_8,11,2.8849050998687744,CHIRPS,WA009,2002,"{""type"":""Point"",""coordinates"":[-13.230000000000002,8.489999999999998]}"
34_9,11,4.855602264404297,CHIRPS,WA010,2002,"{""type"":""Point"",""coordinates"":[-10.799999999999999,6.3]}"
34_10,11,1.787169337272644,CHIRPS,WA011,2002,"{""type"":""Point"",""coordinates"":[1.22,6.130000000000001]}"
34_11,11,1.224216103553772,CHIRPS,WA012,2002,"{""type"":""Point"",""coordinates"":[2.42,6.37]}"
34_12,11,0.013309111818671227,CHIRPS,WA013,2002,"{""type"":""Point"",""coordinates"":[8.52,12.05]}"
34_13,11,3.545661687850952,CHIRPS,WA014,2002,"{""type"":""Point"",""coordinates"":[-1.62,6.69]}"
34_14,11,0.03467006981372833,CHIRPS,WA015,2002,"{""type"":""Point"",""coordinates"":[-16.680000000000003,13.45]}"
35_0,12,0.042566169053316116,CHIRPS,WA001,2002,"{""type"":""Point"",""coordinates"":[-17.470000000000002,14.73]}"
35_1,12,0.005965167190879583,CHIRPS,WA002,2002,"{""type"":""Point"",""coordinates"":[-7.949999999999998,12.65]}"
35_2,12,0.010544725693762302,CHIRPS,WA003,2002,"{""type"":""Point"",""coordinates"":[-1.5200000000000002,12.360000000000001]}"
35_3,12,2.3702901671640575E-4,CHIRPS,WA004,2002,"{""type"":""Point"",""coordinates"":[2.17,13.51]}"
35_4,12,0.029039865359663963,CHIRPS,WA005,2002,"{""type"":""Point"",""coordinates"":[7.33,9.07]}"
35_5,12,0.6925675868988037,CHIRPS,WA006,2002,"{""type"":""Point"",""coordinates"":[-0.17,5.56]}"
35_6,12,1.6249303817749023,CHIRPS,WA007,2002,"{""type"":""Point"",""coordinates"":[-3.9299999999999997,5.349999999999999]}"
35_7,12,0.13610167801380157,CHIRPS,WA008,2002,"{""type"":""Point"",""coordinates"":[-13.67,9.53]}"
35_8,12,0.39826902747154236,CHIRPS,WA009,2002,"{""type"":""Point"",""coordinates"":[-13.230000000000002,8.489999999999998]}"
35_9,12,1.8013477325439453,CHIRPS,WA010,2002,"{""type"":""Point"",""coordinates"":[-10.799999999999999,6.3]}"
35_10,12,0.43900471925735474,CHIRPS,WA011,2002,"{""type"":""Point"",""coordinates"":[1.22,6.130000000000001]}"
35_11,12,0.2745102047920227,CHIRPS,WA012,2002,"{""type"":""Point"",""coordinates"":[2.42,6.37]}"
35_12,12,0.0015578491147607565,CHIRPS,WA013,2002,"{""type"":""Point"",""coordinates"":[8.52,12.05]}"
35_13,12,0.6840221285820007,CHIRPS,WA014,2002,"{""type"":""Point"",""coordinates"":[-1.62,6.69]}"
35_14,12,0.03547913581132889,CHIRPS,WA015,2002,"{""type"":""Point"",""coordinates"":[-16.680000000000003,13.45]}"
36_0,1,0.01669057086110115,CHIRPS,WA001,2003,"{""type"":""Point"",""coordinates"":[-17.470000000000002,14.73]}"
36_1,1,0.0013899612240493298,CHIRPS,WA002,2003,"{""type"":""Point"",""coordinates"":[-7.949999999999998,12.65]}"
36_2,1,0.0013379610609263182,CHIRPS,WA003,2003,"{""type"":""Point"",""coordinates"":[-1.5200000000000002,12.360000000000001]}"
36_3,1,3.694478436955251E-5,CHIRPS,WA004,2003,"{""type"":""Point"",""coordinates"":[2.17,13.51]}"
36_4,1,0.018739771097898483,CHIRPS,WA005,2003,"{""type"":""Point"",""coordinates"":[7.33,9.07]}"
36_5,1,0.3838173449039459,CHIRPS,WA006,2003,"{""type"":""Point"",""coordinates"":[-0.17,5.56]}"
36_6,1,0.5370998978614807,CHIRPS,WA007,2003,"{""type"":""Point"",""coordinates"":[-3.9299999999999997,5.349999999999999]}"
36_7,1,0.031167341396212578,CHIRPS,WA008,2003,"{""type"":""Point"",""coordinates"":[-13.67,9.53]}"
36_8,1,0.08413838595151901,CHIRPS,WA009,2003,"{""type"":""Point"",""coordinates"":[-13.230000000000002,8.489999999999998]}"
36_9,1,0.737943172454834,CHIRPS,WA010,2003,"{""type"":""Point"",""coordinates"":[-10.799999999999999,6.3]}"
36_10,1,0.4888046681880951,CHIRPS,WA011,2003,"{""type"":""Point"",""coordinates"":[1.22,6.130000000000001]}"
36_11,1,0.9166328310966492,CHIRPS,WA012,2003,"{""type"":""Point"",""coordinates"":[2.42,6.37]}"
36_12,1,0.0020233492832630873,CHIRPS,WA013,2003,"{""type"":""Point"",""coordinates"":[8.52,12.05]}"
36_13,1,0.5798400044441223,CHIRPS,WA014,2003,"{""type"":""Point"",""coordinates"":[-1.62,6.69]}"
36_14,1,0.011759880930185318,CHIRPS,WA015,2003,"{""type"":""Point"",""coordinates"":[-16.680000000000003,13.45]}"
37_0,2,0.006885545793920755,CHIRPS,WA001,2003,"{""type"":""Point"",""coordinates"":[-17.470000000000002,14.73]}"
37_1,2,0.0021263533271849155,CHIRPS,WA002,2003,"{""type"":""Point"",""coordinates"":[-7.949999999999998,12.65]}"
37_2,2,0.0294633861631155,CHIRPS,WA003,2003,"{""type"":""Point"",""coordinates"":[-1.5200000000000002,12.360000000000001]}"
37_3,2,1.5616262680850923E-4,CHIRPS,WA004,2003,"{""type"":""Point"",""coordinates"":[2.17,13.51]}"
37_4,2,0.15688756108283997,CHIRPS,WA005,2003,"{""type"":""Point"",""coordinates"":[7.33,9.07]}"
37_5,2,1.647739052772522,CHIRPS,WA006,2003,"{""type"":""Point"",""coordinates"":[-0.17,5.56]}"
37_6,2,2.0501134395599365,CHIRPS,WA007,2003,"{""type"":""Point"",""coordinates"":[-3.9299999999999997,5.349999999999999]}"
37_7,2,2.4555064737796783E-4,CHIRPS,WA008,2003,"{""type"":""Point"",""coordinates"":[-13.67,9.53]}"
37_8,2,0.033060427755117416,CHIRPS,WA009,2003,"{""type"":""Point"",""coordinates"":[-13.230000000000002,8.489999999999998]}"
37_9,2,1.1154674291610718,CHIRPS,WA010,2003,"{""type"":""Point"",""coordinates"":[-10.799999999999999,6.3]}"
37_10,2,1.216446042060852,CHIRPS,WA011,2003,"{""type"":""Point"",""coordinates"":[1.22,6.130000000000001]}"
37_11,2,1.2351619005203247,CHIRPS,WA012,2003,"{""type"":""Point"",""coordinates"":[2.42,6.37]}"
37_12,2,0.009501967579126358,CHIRPS,WA013,2003,"{""type"":""Point"",""coordinates"":[8.52,12.05]}"
37_13,2,2.430115222930908,CHIRPS,WA014,2003,"{""type"":""Point"",""coordinates"":[-1.62,6.69]}"
37_14,2,0.001571669359691441,CHIRPS,WA015,2003,"{""type"":""Point"",""coordinates"":[-16.680000000000003,13.45]}"
38_0,3,9.334521018899977E-4,CHIRPS,WA001,2003,"{""type"":""Point"",""coordinates"":[-17.470000000000002,14.73]}"
38_1,3,0.009319835342466831,CHIRPS,WA002,2003,"{""type"":""Point"",""coordinates"":[-7.949999999999998,12.65]}"
38_2,3,0.192971870303154,CHIRPS,WA003,2003,"{""type"":""Point"",""coordinates"":[-1.5200000000000002,12.360000000000001]}"
38_3,3,0.01572755165398121,CHIRPS,WA004,2003,"{""type"":""Point"",""coordinates"":[2.17,13.51]}"
38_4,3,0.5222361087799072,CHIRPS,WA005,2003,"{""type"":""Point"",""coordinates"":[7.33,9.07]}"
38_5,3,2.6072025299072266,CHIRPS,WA006,2003,"{""type"":""Point"",""coordinates"":[-0.17,5.56]}"
38_6,3,3.688889741897583,CHIRPS,WA007,2003,"{""type"":""Point"",""coordinates"":[-3.9299999999999997,5.349999999999999]}"
38_7,3,0.06486150622367859,CHIRPS,WA008,2003,"{""type"":""Point"",""coordinates"":[-13.67,9.53]}"
38_8,3,0.20621488988399506,CHIRPS,WA009,2003,"{""type"":""Point"",""coordinates"":[-13.230000000000002,8.489999999999998]}"
38_9,3,1.8760430812835693,CHIRPS,WA010,2003,"{""type"":""Point"",""coordinates"":[-10.799999999999999,6.3]}"
38_10,3,1.8813834190368652,CHIRPS,WA011,2003,"{""type"":""Point"",""coordinates"":[1.22,6.130000000000001]}"
38_11,3,1.233707308769226,CHIRPS,WA012,2003,"{""type"":""Point"",""coordinates"":[2.42,6.37]}"
38_12,3,0.005607287865132093,CHIRPS,WA013,2003,"{""type"":""Point"",""coordinates"":[8.52,12.05]}"
38_13,3,2.9331486225128174,CHIRPS,WA014,2003,"{""type"":""Point"",""coordinates"":[-1.62,6.69]}"
38_14,3,5.276960437186062E-4,CHIRPS,WA015,2003,"{""type"":""Point"",""coordinates"":[-16.680000000000003,13.45]}"
39_0,4,1.9685192091856152E-4,CHIRPS,WA001,2003,"{""type"":""Point"",""coordinates"":[-17.470000000000002,14.73]}"
39_1,4,0.43129703402519226,CHIRPS,WA002,2003,"{""type"":""Point"",""coordinates"":[-7.949999999999998,12.65]}"
39_2,4,0.491303026676178,CHIRPS,WA003,2003,"{""type"":""Point"",""coordinates"":[-1.5200000000000002,12.360000000000001]}"
39_3,4,0.07189246267080307,CHIRPS,WA004,2003,"{""type"":""Point"",""coordinates"":[2.17,13.51]}"
39_4,4,2.6823372840881348,CHIRPS,WA005,2003,"{""type"":""Point"",""coordinates"":[7.33,9.07]}"
39_5,4,5.6402411460876465,CHIRPS,WA006,2003,"{""type"":""Point"",""coordinates"":[-0.17,5.56]}"
39_6,4,5.704312324523926,CHIRPS,WA007,2003,"{""type"":""Point"",""coordinates"":[-3.9299999999999997,5.349999999999999]}"
39_7,4,1.3624721765518188,CHIRPS,WA008,2003,"{""type"":""Point"",""coordinates"":[-13.67,9.53]}"
39_8,4,1.5085519552230835,CHIRPS,WA009,2003,"{""type"":""Point"",""coordinates"":[-13.230000000000002,8.489999999999998]}"
39_9,4,4.506250381469727,CHIRPS,WA010,2003,"{""type"":""Point"",""coordinates"":[-10.799999999999999,6.3]}"
39_10,4,6.850918769836426,CHIRPS,WA011,2003,"{""type"":""Point"",""coordinates"":[1.22,6.130000000000001]}"
39_11,4,8.657522201538086,CHIRPS,WA012,2003,"{""type"":""Point"",""coordinates"":[2.42,6.37]}"
39_12,4,0.48304808139801025,CHIRPS,WA013,2003,"{""type"":""Point"",""coordinates"":[8.52,12.05]}"
39_13,4,5.282573699951172,CHIRPS,WA014,2003,"{""type"":""Point"",""coordinates"":[-1.62,6.69]}"
39_14,4,0.008892889134585857,CHIRPS,WA015,2003,"{""type"":""Point"",""coordinates"":[-16.680000000000003,13.45]}"
40_0,5,0.028732558712363243,CHIRPS,WA001,2003,"{""type"":""Point"",""coordinates"":[-17.470000000000002,14.73]}"
40_1,5,1.3822981119155884,CHIRPS,WA002,2003,"{""type"":""Point"",""coordinates"":[-7.949999999999998,12.65]}"
40_2,5,1.5023136138916016,CHIRPS,WA003,2003,"{""type"":""Point"",""coordinates"":[-1.5200000000000002,12.360000000000001]}"
40_3,5,0.7126620411872864,CHIRPS,WA004,2003,"{""type"":""Point"",""coordinates"":[2.17,13.51]}"
40_4,5,4.052463054656982,CHIRPS,WA005,2003,"{""type"":""Point"",""coordinates"":[7.33,9.07]}"
40_5,5,3.157731771469116,CHIRPS,WA006,2003,"{""type"":""Point"",""coordinates"":[-0.17,5.56]}"
40_6,5,6.638827800750732,CHIRPS,WA007,2003,"{""type"":""Point"",""coordinates"":[-3.9299999999999997,5.349999999999999]}"
40_7,5,3.097982168197632,CHIRPS,WA008,2003,"{""type"":""Point"",""coordinates"":[-13.67,9.53]}"
40_8,5,5.155190467834473,CHIRPS,WA009,2003,"{""type"":""Point"",""coordinates"":[-13.230000000000002,8.489999999999998]}"
40_9,5,9.10501480102539,CHIRPS,WA010,2003,"{""type"":""Point"",""coordinates"":[-10.799999999999999,6.3]}"
40_10,5,2.5377652645111084,CHIRPS,WA011,2003,"{""type"":""Point"",""coordinates"":[1.22,6.130000000000001]}"
40_11,5,3.8379461765289307,CHIRPS,WA012,2003,"{""type"":""Point"",""coordinates"":[2.42,6.37]}"
40_12,5,1.9004226922988892,CHIRPS,WA013,2003,"{""type"":""Point"",""coordinates"":[8.52,12.05]}"
40_13,5,4.449945449829102,CHIRPS,WA014,2003,"{""type"":""Point"",""coordinates"":[-1.62,6.69]}"
40_14,5,0.037314485758543015,CHIRPS,WA015,2003,"{""type"":""Point"",""coordinates"":[-16.680000000000003,13.45]}"
41_0,6,0.3119247257709503,CHIRPS,WA001,2003,"{""type"":""Point"",""coordinates"":[-17.470000000000002,14.73]}"
41_1,6,4.1037139892578125,CHIRPS,WA002,2003,"{""type"":""Point"",""coordinates"":[-7.949999999999998,12.65]}"
41_2,6,5.788708209991455,CHIRPS,WA003,2003,"{""type"":""Point"",""coordinates"":[-1.5200000000000002,12.360000000000001]}"
41_3,6,3.0139496326446533,CHIRPS,WA004,2003,"{""type"":""Point"",""coordinates"":[2.17,13.51]}"
41_4,6,6.160894870758057,CHIRPS,WA005,2003,"{""type"":""Point"",""coordinates"":[7.33,9.07]}"
41_5,6,7.625053405761719,CHIRPS,WA006,2003,"{""type"":""Point"",""coordinates"":[-0.17,5.56]}"
41_6,6,12.556328773498535,CHIRPS,WA007,2003,"{""type"":""Point"",""coordinates"":[-3.9299999999999997,5.349999999999999]}"
41_7,6,7.927651405334473,CHIRPS,WA008,2003,"{""type"":""Point"",""coordinates"":[-13.67,9.53]}"
41_8,6,9.489831924438477,CHIRPS,WA009,2003,"{""type"":""Point"",""coordinates"":[-13.230000000000002,8.489999999999998]}"
41_9,6,24.028228759765625,CHIRPS,WA010,2003,"{""type"":""Point"",""coordinates"":[-10.799999999999999,6.3]}"
41_10,6,6.512548446655273,CHIRPS,WA011,2003,"{""type"":""Point"",""coordinates"":[1.22,6.130000000000001]}"
41_11,6,8.430160522460938,CHIRPS,WA012,2003,"{""type"":""Point"",""coordinates"":[2.42,6.37]}"
41_12,6,3.1008353233337402,CHIRPS,WA013,2003,"{""type"":""Point"",""coordinates"":[8.52,12.05]}"
41_13,6,7.496049880981445,CHIRPS,WA014,2003,"{""type"":""Point"",""coordinates"":[-1.62,6.69]}"
41_14,6,2.327435255050659,CHIRPS,WA015,2003,"{""type"":""Point"",""coordinates"":[-16.680000000000003,13.45]}"
42_0,7,3.9738271236419678,CHIRPS,WA001,2003,"{""type"":""Point"",""coordinates"":[-17.470000000000002,14.73]}"
42_1,7,9.293551445007324,CHIRPS,WA002,2003,"{""type"":""Point"",""coordinates"":[-7.949999999999998,12.65]}"
42_2,7,5.869591236114502,CHIRPS,WA003,2003,"{""type"":""Point"",""coordinates"":[-1.5200000000000002,12.360000000000001]}"
42_3,7,3.8287365436553955,CHIRPS,WA004,2003,"{""type"":""Point"",""coordinates"":[2.17,13.51]}"
42_4,7,7.253164768218994,CHIRPS,WA005,2003,"{""type"":""Point"",""coordinates"":[7.33,9.07]}"
42_5,7,1.5903385877609253,CHIRPS,WA006,2003,"{""type"":""Point"",""coordinates"":[-0.17,5.56]}"
42_6,7,2.905507802963257,CHIRPS,WA007,2003,"{""type"":""Point"",""coordinates"":[-3.9299999999999997,5.349999999999999]}"
42_7,7,25.238733291625977,CHIRPS,WA008,2003,"{""type"":""Point"",""coordinates"":[-13.67,9.53]}"
42_8,7,22.88999366760254,CHIRPS,WA009,2003,"{""type"":""Point"",""coordinates"":[-13.230000000000002,8.489999999999998]}"
42_9,7,18.395658493041992,CHIRPS,WA010,2003,"{""type"":""Point"",""coordinates"":[-10.799999999999999,6.3]}"
42_10,7,1.4473870992660522,CHIRPS,WA011,2003,"{""type"":""Point"",""coordinates"":[1.22,6.130000000000001]}"
42_11,7,1.6425551176071167,CHIRPS,WA012,2003,"{""type"":""Point"",""coordinates"":[2.42,6.37]}"
42_12,7,7.617094993591309,CHIRPS,WA013,2003,"{""type"":""Point"",""coordinates"":[8.52,12.05]}"
42_13,7,2.667417526245117,CHIRPS,WA014,2003,"{""type"":""Point"",""coordinates"":[-1.62,6.69]}"
42_14,7,6.206859111785889,CHIRPS,WA015,2003,"{""type"":""Point"",""coordinates"":[-16.680000000000003,13.45]}"
43_0,8,4.753374099731445,CHIRPS,WA001,2003,"{""type"":""Point"",""coordinates"":[-17.470000000000002,14.73]}"
43_1,8,7.470118045806885,CHIRPS,WA002,2003,"{""type"":""Point"",""coordinates"":[-7.949999999999998,12.65]}"
43_2,8,7.818676471710205,CHIRPS,WA003,2003,"{""type"":""Point"",""coordinates"":[-1.5200000000000002,12.360000000000001]}"
43_3,8,5.582320690155029,CHIRPS,WA004,2003,"{""type"":""Point"",""coordinates"":[2.17,13.51]}"
43_4,8,9.130404472351074,CHIRPS,WA005,2003,"{""type"":""Point"",""coordinates"":[7.33,9.07]}"
43_5,8,1.0522414445877075,CHIRPS,WA006,2003,"{""type"":""Point"",""coordinates"":[-0.17,5.56]}"
43_6,8,0.545077383518219,CHIRPS,WA007,2003,"{""type"":""Point"",""coordinates"":[-3.9299999999999997,5.349999999999999]}"
43_7,8,17.299875259399414,CHIRPS,WA008,2003,"{""type"":""Point"",""coordinates"":[-13.67,9.53]}"
43_8,8,16.747652053833008,CHIRPS,WA009,2003,"{""type"":""Point"",""coordinates"":[-13.230000000000002,8.489999999999998]}"
43_9,8,11.16494083404541,CHIRPS,WA010,2003,"{""type"":""Point"",""coordinates"":[-10.799999999999999,6.3]}"
43_10,8,0.9417865872383118,CHIRPS,WA011,2003,"{""type"":""Point"",""coordinates"":[1.22,6.130000000000001]}"
43_11,8,0.9275680184364319,CHIRPS,WA012,2003,"{""type"":""Point"",""coordinates"":[2.42,6.37]}"
43_12,8,9.422163963317871,CHIRPS,WA013,2003,"{""type"":""Point"",""coordinates"":[8.52,12.05]}"
43_13,8,1.7958110570907593,CHIRPS,WA014,2003,"{""type"":""Point"",""coordinates"":[-1.62,6.69]}"
43_14,8,8.737574577331543,CHIRPS,WA015,2003,"{""type"":""Point"",""coordinates"":[-16.680000000000003,13.45]}"
44_0,9,5.697887420654297,CHIRPS,WA001,2003,"{""type"":""Point"",""coordinates"":[-17.470000000000002,14.73]}"
44_1,9,6.283415794372559,CHIRPS,WA002,2003,"{""type"":""Point"",""coordinates"":[-7.949999999999998,12.65]}"
44_2,9,5.39100980758667,CHIRPS,WA003,2003,"{""type"":""Point"",""coordinates"":[-1.5200000000000002,12.360000000000001]}"
44_3,9,3.245739221572876,CHIRPS,WA004,2003,"{""type"":""Point"",""coordinates"":[2.17,13.51]}"
44_4,9,8.293405532836914,CHIRPS,WA005,2003,"{""type"":""Point"",""coordinates"":[7.33,9.07]}"
44_5,9,2.506267786026001,CHIRPS,WA006,2003,"{""type"":""Point"",""coordinates"":[-0.17,5.56]}"
44_6,9,4.018816947937012,CHIRPS,WA007,2003,"{""type"":""Point"",""coordinates"":[-3.9299999999999997,5.349999999999999]}"
44_7,9,16.330095291137695,CHIRPS,WA008,2003,"{""type"":""Point"",""coordinates"":[-13.67,9.53]}"
44_8,9,15.997180938720703,CHIRPS,WA009,2003,"{""type"":""Point"",""coordinates"":[-13.230000000000002,8.489999999999998]}"
44_9,9,21.38819122314453,CHIRPS,WA010,2003,"{""type"":""Point"",""coordinates"":[-10.799999999999999,6.3]}"
44_10,9,3.799337387084961,CHIRPS,WA011,2003,"{""type"":""Point"",""coordinates"":[1.22,6.130000000000001]}"
44_11,9,6.293686866760254,CHIRPS,WA012,2003,"{""type"":""Point"",""coordinates"":[2.42,6.37]}"
44_12,9,5.377027988433838,CHIRPS,WA013,2003,"{""type"":""Point"",""coordinates"":[8.52,12.05]}"
44_13,9,5.330685138702393,CHIRPS,WA014,2003,"{""type"":""Point"",""coordinates"":[-1.62,6.69]}"
44_14,9,7.302184581756592,CHIRPS,WA015,2003,"{""type"":""Point"",""coordinates"":[-16.680000000000003,13.45]}"
45_0,10,0.9256572127342224,CHIRPS,WA001,2003,"{""type"":""Point"",""coordinates"":[-17.470000000000002,14.73]}"
45_1,10,1.5425981283187866,CHIRPS,WA002,2003,"{""type"":""Point"",""coordinates"":[-7.949999999999998,12.65]}"
45_2,10,0.8491712808609009,CHIRPS,WA003,2003,"{""type"":""Point"",""coordinates"":[-1.5200000000000002,12.360000000000001]}"
45_3,10,0.15832410752773285,CHIRPS,WA004,2003,"{""type"":""Point"",""coordinates"":[2.17,13.51]}"
45_4,10,3.9085350036621094,CHIRPS,WA005,2003,"{""type"":""Point"",""coordinates"":[7.33,9.07]}"
45_5,10,5.190088748931885,CHIRPS,WA006,2003,"{""type"":""Point"",""coordinates"":[-0.17,5.56]}"
45_6,10,8.344661712646484,CHIRPS,WA007,2003,"{""type"":""Point"",""coordinates"":[-3.9299999999999997,5.349999999999999]}"
45_7,10,3.6939284801483154,CHIRPS,WA008,2003,"{""type"":""Point"",""coordinates"":[-13.67,9.53]}"
45_8,10,5.165067195892334,CHIRPS,WA009,2003,"{""type"":""Point"",""coordinates"":[-13.230000000000002,8.489999999999998]}"
45_9,10,13.034269332885742,CHIRPS,WA010,2003,"{""type"":""Point"",""coordinates"":[-10.799999999999999,6.3]}"
45_10,10,5.297211647033691,CHIRPS,WA011,2003,"{""type"":""Point"",""coordinates"":[1.22,6.130000000000001]}"
45_11,10,6.320092678070068,CHIRPS,WA012,2003,"{""type"":""Point"",""coordinates"":[2.42,6.37]}"
45_12,10,0.3280739188194275,CHIRPS,WA013,2003,"{""type"":""Point"",""coordinates"":[8.52,12.05]}"
45_13,10,8.572042465209961,CHIRPS,WA014,2003,"{""type"":""Point"",""coordinates"":[-1.62,6.69]}"
45_14,10,2.11426043510437,CHIRPS,WA015,2003,"{""type"":""Point"",""coordinates"":[-16.680000000000003,13.45]}"
46_0,11,0.006574863567948341,CHIRPS,WA001,2003,"{""type"":""Point"",""coordinates"":[-17.470000000000002,14.73]}"
46_1,11,0.14872777462005615,CHIRPS,WA002,2003,"{""type"":""Point"",""coordinates"":[-7.949999999999998,12.65]}"
46_2,11,0.012486539781093597,CHIRPS,WA003,2003,"{""type"":""Point"",""coordinates"":[-1.5200000000000002,12.360000000000001]}"
46_3,11,5.771873111370951E-5,CHIRPS,WA004,2003,"{""type"":""Point"",""coordinates"":[2.17,13.51]}"
46_4,11,0.45002228021621704,CHIRPS,WA005,2003,"{""type"":""Point"",""coordinates"":[7.33,9.07]}"
46_5,11,2.9184584617614746,CHIRPS,WA006,2003,"{""type"":""Point"",""coordinates"":[-0.17,5.56]}"
46_6,11,5.261279106140137,CHIRPS,WA007,2003,"{""type"":""Point"",""coordinates"":[-3.9299999999999997,5.349999999999999]}"
46_7,11,2.2505481243133545,CHIRPS,WA008,2003,"{""type"":""Point"",""coordinates"":[-13.67,9.53]}"
46_8,11,4.217398166656494,CHIRPS,WA009,2003,"{""type"":""Point"",""coordinates"":[-13.230000000000002,8.489999999999998]}"
46_9,11,4.8946356773376465,CHIRPS,WA010,2003,"{""type"":""Point"",""coordinates"":[-10.799999999999999,6.3]}"
46_10,11,2.2499818801879883,CHIRPS,WA011,2003,"{""type"":""Point"",""coordinates"":[1.22,6.130000000000001]}"
46_11,11,2.3178329467773438,CHIRPS,WA012,2003,"{""type"":""Point"",""coordinates"":[2.42,6.37]}"
46_12,11,0.011228002607822418,CHIRPS,WA013,2003,"{""type"":""Point"",""coordinates"":[8.52,12.05]}"
46_13,11,5.092912197113037,CHIRPS,WA014,2003,"{""type"":""Point"",""coordinates"":[-1.62,6.69]}"
46_14,11,0.010739581659436226,CHIRPS,WA015,2003,"{""type"":""Point"",""coordinates"":[-16.680000000000003,13.45]}"
47_0,12,0.03486725315451622,CHIRPS,WA001,2003,"{""type"":""Point"",""coordinates"":[-17.470000000000002,14.73]}"
47_1,12,0.007365154102444649,CHIRPS,WA002,2003,"{""type"":""Point"",""coordinates"":[-7.949999999999998,12.65]}"
47_2,12,0.022513944655656815,CHIRPS,WA003,2003,"{""type"":""Point"",""coordinates"":[-1.5200000000000002,12.360000000000001]}"
47_3,12,3.2095229835249484E-4,CHIRPS,WA004,2003,"{""type"":""Point"",""coordinates"":[2.17,13.51]}"
47_4,12,5.431243334896863E-4,CHIRPS,WA005,2003,"{""type"":""Point"",""coordinates"":[7.33,9.07]}"
47_5,12,1.0953633785247803,CHIRPS,WA006,2003,"{""type"":""Point"",""coordinates"":[-0.17,5.56]}"
47_6,12,2.4974231719970703,CHIRPS,WA007,2003,"{""type"":""Point"",""coordinates"":[-3.9299999999999997,5.349999999999999]}"
47_7,12,0.11053770035505295,CHIRPS,WA008,2003,"{""type"":""Point"",""coordinates"":[-13.67,9.53]}"
47_8,12,0.39479970932006836,CHIRPS,WA009,2003,"{""type"":""Point"",""coordinates"":[-13.230000000000002,8.489999999999998]}"
47_9,12,1.680333137512207,CHIRPS,WA010,2003,"{""type"":""Point"",""coordinates"":[-10.799999999999999,6.3]}"
47_10,12,0.6733474731445312,CHIRPS,WA011,2003,"{""type"":""Point"",""coordinates"":[1.22,6.130000000000001]}"
47_11,12,0.36080512404441833,CHIRPS,WA012,2003,"{""type"":""Point"",""coordinates"":[2.42,6.37]}"
47_12,12,6.567419040948153E-4,CHIRPS,WA013,2003,"{""type"":""Point"",""coordinates"":[8.52,12.05]}"
47_13,12,1.227893590927124,CHIRPS,WA014,2003,"{""type"":""Point"",""coordinates"":[-1.62,6.69]}"
47_14,12,0.03151362016797066,CHIRPS,WA015,2003,"{""type"":""Point"",""coordinates"":[-16.680000000000003,13.45]}"
48_0,1,0.022027773782610893,CHIRPS,WA001,2004,"{""type"":""Point"",""coordinates"":[-17.470000000000002,14.73]}"
48_1,1,0.0011880501406267285,CHIRPS,WA002,2004,"{""type"":""Point"",""coordinates"":[-7.949999999999998,12.65]}"
48_2,1,7.300759898498654E-4,CHIRPS,WA003,2004,"{""type"":""Point"",""coordinates"":[-1.5200000000000002,12.360000000000001]}"
48_3,1,4.194541907054372E-5,CHIRPS,WA004,2004,"{""type"":""Point"",""coordinates"":[2.17,13.51]}"
48_4,1,0.021334409713745117,CHIRPS,WA005,2004,"{""type"":""Point"",""coordinates"":[7.33,9.07]}"
48_5,1,0.7813483476638794,CHIRPS,WA006,2004,"{""type"":""Point"",""coordinates"":[-0.17,5.56]}"
48_6,1,0.935084342956543,CHIRPS,WA007,2004,"{""type"":""Point"",""coordinates"":[-3.9299999999999997,5.349999999999999]}"
48_7,1,0.032564107328653336,CHIRPS,WA008,2004,"{""type"":""Point"",""coordinates"":[-13.67,9.53]}"
48_8,1,0.0774182379245758,CHIRPS,WA009,2004,"{""type"":""Point"",""coordinates"":[-13.230000000000002,8.489999999999998]}"
48_9,1,0.3518029451370239,CHIRPS,WA010,2004,"{""type"":""Point"",""coordinates"":[-10.799999999999999,6.3]}"
48_10,1,0.525107741355896,CHIRPS,WA011,2004,"{""type"":""Point"",""coordinates"":[1.22,6.130000000000001]}"
48_11,1,0.8188958764076233,CHIRPS,WA012,2004,"{""type"":""Point"",""coordinates"":[2.42,6.37]}"
48_12,1,2.0078607485629618E-4,CHIRPS,WA013,2004,"{""type"":""Point"",""coordinates"":[8.52,12.05]}"
48_13,1,0.6662381291389465,CHIRPS,WA014,2004,"{""type"":""Point"",""coordinates"":[-1.62,6.69]}"
48_14,1,0.014556114561855793,CHIRPS,WA015,2004,"{""type"":""Point"",""coordinates"":[-16.680000000000003,13.45]}"
49_0,2,0.0013087037950754166,CHIRPS,WA001,2004,"{""type"":""Point"",""coordinates"":[-17.470000000000002,14.73]}"
49_1,2,0.0030277706682682037,CHIRPS,WA002,2004,"{""type"":""Point"",""coordinates"":[-7.949999999999998,12.65]}"
49_2,2,0.021753042936325073,CHIRPS,WA003,2004,"{""type"":""Point"",""coordinates"":[-1.5200000000000002,12.360000000000001]}"
49_3,2,2.9042173991911113E-4,CHIRPS,WA004,2004,"{""type"":""Point"",""coordinates"":[2.17,13.51]}"
49_4,2,0.005841237027198076,CHIRPS,WA005,2004,"{""type"":""Point"",""coordinates"":[7.33,9.07]}"
49_5,2,1.8244367837905884,CHIRPS,WA006,2004,"{""type"":""Point"",""coordinates"":[-0.17,5.56]}"
49_6,2,1.9141606092453003,CHIRPS,WA007,2004,"{""type"":""Point"",""coordinates"":[-3.9299999999999997,5.349999999999999]}"
49_7,2,0.058555133640766144,CHIRPS,WA008,2004,"{""type"":""Point"",""coordinates"":[-13.67,9.53]}"
49_8,2,0.14173273742198944,CHIRPS,WA009,2004,"{""type"":""Point"",""coordinates"":[-13.230000000000002,8.489999999999998]}"
49_9,2,1.105934739112854,CHIRPS,WA010,2004,"{""type"":""Point"",""coordinates"":[-10.799999999999999,6.3]}"
49_10,2,1.4190536737442017,CHIRPS,WA011,2004,"{""type"":""Point"",""coordinates"":[1.22,6.130000000000001]}"
49_11,2,1.1530855894088745,CHIRPS,WA012,2004,"{""type"":""Point"",""coordinates"":[2.42,6.37]}"
49_12,2,0.005057884380221367,CHIRPS,WA013,2004,"{""type"":""Point"",""coordinates"":[8.52,12.05]}"
49_13,2,2.7391343116760254,CHIRPS,WA014,2004,"{""type"":""Point"",""coordinates"":[-1.62,6.69]}"
49_14,2,0.0011356760514900088,CHIRPS,WA015,2004,"{""type"":""Point"",""coordinates"":[-16.680000000000003,13.45]}"
50_0,3,1.6984768080874346E-5,CHIRPS,WA001,2004,"{""type"":""Point"",""coordinates"":[-17.470000000000002,14.73]}"
50_1,3,0.03130524605512619,CHIRPS,WA002,2004,"{""type"":""Point"",""coordinates"":[-7.949999999999998,12.65]}"
50_2,3,0.13801120221614838,CHIRPS,WA003,2004,"{""type"":""Point"",""coordinates"":[-1.5200000000000002,12.360000000000001]}"
50_3,3,0.010236160829663277,CHIRPS,WA004,2004,"{""type"":""Point"",""coordinates"":[2.17,13.51]}"
50_4,3,0.2952367961406708,CHIRPS,WA005,2004,"{""type"":""Point"",""coordinates"":[7.33,9.07]}"
50_5,3,2.365321159362793,CHIRPS,WA006,2004,"{""type"":""Point"",""coordinates"":[-0.17,5.56]}"
50_6,3,3.1188788414001465,CHIRPS,WA007,2004,"{""type"":""Point"",""coordinates"":[-3.9299999999999997,5.349999999999999]}"
50_7,3,0.16087615489959717,CHIRPS,WA008,2004,"{""type"":""Point"",""coordinates"":[-13.67,9.53]}"
50_8,3,0.39700937271118164,CHIRPS,WA009,2004,"{""type"":""Point"",""coordinates"":[-13.230000000000002,8.489999999999998]}"
50_9,3,2.773366689682007,CHIRPS,WA010,2004,"{""type"":""Point"",""coordinates"":[-10.799999999999999,6.3]}"
50_10,3,1.6457910537719727,CHIRPS,WA011,2004,"{""type"":""Point"",""coordinates"":[1.22,6.130000000000001]}"
50_11,3,1.259238600730896,CHIRPS,WA012,2004,"{""type"":""Point"",""coordinates"":[2.42,6.37]}"
50_12,3,0.010831731371581554,CHIRPS,WA013,2004,"{""type"":""Point"",""coordinates"":[8.52,12.05]}"
50_13,3,3.245687961578369,CHIRPS,WA014,2004,"{""type"":""Point"",""coordinates"":[-1.62,6.69]}"
50_14,3,8.493894711136818E-5,CHIRPS,WA015,2004,"{""type"":""Point"",""coordinates"":[-16.680000000000003,13.45]}"
51_0,4,8.901117835193872E-4,CHIRPS,WA001,2004,"{""type"":""Point"",""coordinates"":[-17.470000000000002,14.73]}"
51_1,4,0.7052993178367615,CHIRPS,WA002,2004,"{""type"":""Point"",""coordinates"":[-7.949999999999998,12.65]}"
51_2,4,0.8750803470611572,CHIRPS,WA003,2004,"{""type"":""Point"",""coordinates"":[-1.5200000000000002,12.360000000000001]}"
51_3,4,0.22988401353359222,CHIRPS,WA004,2004,"{""type"":""Point"",""coordinates"":[2.17,13.51]}"
51_4,4,2.576735019683838,CHIRPS,WA005,2004,"{""type"":""Point"",""coordinates"":[7.33,9.07]}"
51_5,4,2.637648820877075,CHIRPS,WA006,2004,"{""type"":""Point"",""coordinates"":[-0.17,5.56]}"
51_6,4,4.631782531738281,CHIRPS,WA007,2004,"{""type"":""Point"",""coordinates"":[-3.9299999999999997,5.349999999999999]}"
51_7,4,1.6719547510147095,CHIRPS,WA008,2004,"{""type"":""Point"",""coordinates"":[-13.67,9.53]}"
51_8,4,2.0284934043884277,CHIRPS,WA009,2004,"{""type"":""Point"",""coordinates"":[-13.230000000000002,8.489999999999998]}"
51_9,4,6.1143388748168945,CHIRPS,WA010,2004,"{""type"":""Point"",""coordinates"":[-10.799999999999999,6.3]}"
51_10,4,3.3651885986328125,CHIRPS,WA011,2004,"{""type"":""Point"",""coordinates"":[1.22,6.130000000000001]}"
51_11,4,3.644904851913452,CHIRPS,WA012,2004,"{""type"":""Point"",""coordinates"":[2.42,6.37]}"
51_12,4,0.23895962536334991,CHIRPS,WA013,2004,"{""type"":""Point"",""coordinates"":[8.52,12.05]}"
51_13,4,3.345241069793701,CHIRPS,WA014,2004,"{""type"":""Point"",""coordinates"":[-1.62,6.69]}"
51_14,4,0.010355638340115547,CHIRPS,WA015,2004,"{""type"":""Point"",""coordinates"":[-16.680000000000003,13.45]}"
52_0,5,0.02055913768708706,CHIRPS,WA001,2004,"{""type"":""Point"",""coordinates"":[-17.470000000000002,14.73]}"
52_1,5,0.704369306564331,CHIRPS,WA002,2004,"{""type"":""Point"",""coordinates"":[-7.949999999999998,12.65]}"
52_2,5,1.3899637460708618,CHIRPS,WA003,2004,"{""type"":""Point"",""coordinates"":[-1.5200000000000002,12.360000000000001]}"
52_3,5,0.6770820021629333,CHIRPS,WA004,2004,"{""type"":""Point"",""coordinates"":[2.17,13.51]}"
52_4,5,5.547122478485107,CHIRPS,WA005,2004,"{""type"":""Point"",""coordinates"":[7.33,9.07]}"
52_5,5,4.938324928283691,CHIRPS,WA006,2004,"{""type"":""Point"",""coordinates"":[-0.17,5.56]}"
52_6,5,5.974238395690918,CHIRPS,WA007,2004,"{""type"":""Point"",""coordinates"":[-3.9299999999999997,5.349999999999999]}"
52_7,5,1.7008732557296753,CHIRPS,WA008,2004,"{""type"":""Point"",""coordinates"":[-13.67,9.53]}"
52_8,5,2.4534192085266113,CHIRPS,WA009,2004,"{""type"":""Point"",""coordinates"":[-13.230000000000002,8.489999999999998]}"
52_9,5,6.67349100112915,CHIRPS,WA010,2004,"{""type"":""Point"",""coordinates"":[-10.799999999999999,6.3]}"
52_10,5,5.7223219871521,CHIRPS,WA011,2004,"{""type"":""Point"",""coordinates"":[1.22,6.130000000000001]}"
52_11,5,7.2388129234313965,CHIRPS,WA012,2004,"{""type"":""Point"",""coordinates"":[2.42,6.37]}"
52_12,5,3.003297805786133,CHIRPS,WA013,2004,"{""type"":""Point"",""coordinates"":[8.52,12.05]}"
52_13,5,4.376367092132568,CHIRPS,WA014,2004,"{""type"":""Point"",""coordinates"":[-1.62,6.69]}"
52_14,5,0.03939001262187958,CHIRPS,WA015,2004,"{""type"":""Point"",""coordinates"":[-16.680000000000003,13.45]}"
53_0,6,0.43313005566596985,CHIRPS,WA001,2004,"{""type"":""Point"",""coordinates"":[-17.470000000000002,14.73]}"
53_1,6,4.438830375671387,CHIRPS,WA002,2004,"{""type"":""Point"",""coordinates"":[-7.949999999999998,12.65]}"
53_2,6,2.378235340118408,CHIRPS,WA003,2004,"{""type"":""Point"",""coordinates"":[-1.5200000000000002,12.360000000000001]}"
53_3,6,1.5851508378982544,CHIRPS,WA004,2004,"{""type"":""Point"",""coordinates"":[2.17,13.51]}"
53_4,6,5.5186309814453125,CHIRPS,WA005,2004,"{""type"":""Point"",""coordinates"":[7.33,9.07]}"
53_5,6,3.5012054443359375,CHIRPS,WA006,2004,"{""type"":""Point"",""coordinates"":[-0.17,5.56]}"
53_6,6,10.167170524597168,CHIRPS,WA007,2004,"{""type"":""Point"",""coordinates"":[-3.9299999999999997,5.349999999999999]}"
53_7,6,7.629141807556152,CHIRPS,WA008,2004,"{""type"":""Point"",""coordinates"":[-13.67,9.53]}"
53_8,6,9.158343315124512,CHIRPS,WA009,2004,"{""type"":""Point"",""coordinates"":[-13.230000000000002,8.489999999999998]}"
53_9,6,16.00008201599121,CHIRPS,WA010,2004,"{""type"":""Point"",""coordinates"":[-10.799999999999999,6.3]}"
53_10,6,4.291723251342773,CHIRPS,WA011,2004,"{""type"":""Point"",""coordinates"":[1.22,6.130000000000001]}"
53_11,6,6.340317726135254,CHIRPS,WA012,2004,"{""type"":""Point"",""coordinates"":[2.42,6.37]}"
53_12,6,3.7178478240966797,CHIRPS,WA013,2004,"{""type"":""Point"",""coordinates"":[8.52,12.05]}"
53_13,6,3.4864273071289062,CHIRPS,WA014,2004,"{""type"":""Point"",""coordinates"":[-1.62,6.69]}"
53_14,6,1.9399226903915405,CHIRPS,WA015,2004,"{""type"":""Point"",""coordinates"":[-16.680000000000003,13.45]}"
54_0,7,3.88344407081604,CHIRPS,WA001,2004,"{""type"":""Point"",""coordinates"":[-17.470000000000002,14.73]}"
54_1,7,6.682317733764648,CHIRPS,WA002,2004,"{""type"":""Point"",""coordinates"":[-7.949999999999998,12.65]}"
54_2,7,6.2775678634643555,CHIRPS,WA003,2004,"{""type"":""Point"",""coordinates"":[-1.5200000000000002,12.360000000000001]}"
54_3,7,4.009990692138672,CHIRPS,WA004,2004,"{""type"":""Point"",""coordinates"":[2.17,13.51]}"
54_4,7,8.05272102355957,CHIRPS,WA005,2004,"{""type"":""Point"",""coordinates"":[7.33,9.07]}"
54_5,7,1.8014718294143677,CHIRPS,WA006,2004,"{""type"":""Point"",""coordinates"":[-0.17,5.56]}"
54_6,7,2.3077924251556396,CHIRPS,WA007,2004,"{""type"":""Point"",""coordinates"":[-3.9299999999999997,5.349999999999999]}"
54_7,7,20.404495239257812,CHIRPS,WA008,2004,"{""type"":""Point"",""coordinates"":[-13.67,9.53]}"
54_8,7,19.852296829223633,CHIRPS,WA009,2004,"{""type"":""Point"",""coordinates"":[-13.230000000000002,8.489999999999998]}"
54_9,7,22.38135528564453,CHIRPS,WA010,2004,"{""type"":""Point"",""coordinates"":[-10.799999999999999,6.3]}"
54_10,7,1.9368685483932495,CHIRPS,WA011,2004,"{""type"":""Point"",""coordinates"":[1.22,6.130000000000001]}"
54_11,7,3.4915919303894043,CHIRPS,WA012,2004,"{""type"":""Point"",""coordinates"":[2.42,6.37]}"
54_12,7,6.631810188293457,CHIRPS,WA013,2004,"{""type"":""Point"",""coordinates"":[8.52,12.05]}"
54_13,7,4.840561389923096,CHIRPS,WA014,2004,"{""type"":""Point"",""coordinates"":[-1.62,6.69]}"
54_14,7,6.259037017822266,CHIRPS,WA015,2004,"{""type"":""Point"",""coordinates"":[-16.680000000000003,13.45]}"
55_0,8,3.956041097640991,CHIRPS,WA001,2004,"{""type"":""Point"",""coordinates"":[-17.470000000000002,14.73]}"
55_1,8,8.789864540100098,CHIRPS,WA002,2004,"{""type"":""Point"",""coordinates"":[-7.949999999999998,12.65]}"
55_2,8,4.967409610748291,CHIRPS,WA003,2004,"{""type"":""Point"",""coordinates"":[-1.5200000000000002,12.360000000000001]}"
55_3,8,4.844262599945068,CHIRPS,WA004,2004,"{""type"":""Point"",""coordinates"":[2.17,13.51]}"
55_4,8,8.165364265441895,CHIRPS,WA005,2004,"{""type"":""Point"",""coordinates"":[7.33,9.07]}"
55_5,8,1.0177509784698486,CHIRPS,WA006,2004,"{""type"":""Point"",""coordinates"":[-0.17,5.56]}"
55_6,8,1.2873421907424927,CHIRPS,WA007,2004,"{""type"":""Point"",""coordinates"":[-3.9299999999999997,5.349999999999999]}"
55_7,8,23.252946853637695,CHIRPS,WA008,2004,"{""type"":""Point"",""coordinates"":[-13.67,9.53]}"
55_8,8,22.556827545166016,CHIRPS,WA009,2004,"{""type"":""Point"",""coordinates"":[-13.230000000000002,8.489999999999998]}"
55_9,8,16.565942764282227,CHIRPS,WA010,2004,"{""type"":""Point"",""coordinates"":[-10.799999999999999,6.3]}"
55_10,8,1.2278419733047485,CHIRPS,WA011,2004,"{""type"":""Point"",""coordinates"":[1.22,6.130000000000001]}"
55_11,8,1.40255606174469,CHIRPS,WA012,2004,"{""type"":""Point"",""coordinates"":[2.42,6.37]}"
55_12,8,9.355698585510254,CHIRPS,WA013,2004,"{""type"":""Point"",""coordinates"":[8.52,12.05]}"
55_13,8,3.1579833030700684,CHIRPS,WA014,2004,"{""type"":""Point"",""coordinates"":[-1.62,6.69]}"
55_14,8,7.4951043128967285,CHIRPS,WA015,2004,"{""type"":""Point"",""coordinates"":[-16.680000000000003,13.45]}"
56_0,9,2.99832820892334,CHIRPS,WA001,2004,"{""type"":""Point"",""coordinates"":[-17.470000000000002,14.73]}"
56_1,9,3.7662782669067383,CHIRPS,WA002,2004,"{""type"":""Point"",""coordinates"":[-7.949999999999998,12.65]}"
56_2,9,3.4421799182891846,CHIRPS,WA003,2004,"{""type"":""Point"",""coordinates"":[-1.5200000000000002,12.360000000000001]}"
56_3,9,2.2567734718322754,CHIRPS,WA004,2004,"{""type"":""Point"",""coordinates"":[2.17,13.51]}"
56_4,9,8.445651054382324,CHIRPS,WA005,2004,"{""type"":""Point"",""coordinates"":[7.33,9.07]}"
56_5,9,6.194267749786377,CHIRPS,WA006,2004,"{""type"":""Point"",""coordinates"":[-0.17,5.56]}"
56_6,9,9.03222942352295,CHIRPS,WA007,2004,"{""type"":""Point"",""coordinates"":[-3.9299999999999997,5.349999999999999]}"
56_7,9,14.78930377960205,CHIRPS,WA008,2004,"{""type"":""Point"",""coordinates"":[-13.67,9.53]}"
56_8,9,14.385132789611816,CHIRPS,WA009,2004,"{""type"":""Point"",""coordinates"":[-13.230000000000002,8.489999999999998]}"
56_9,9,17.63841438293457,CHIRPS,WA010,2004,"{""type"":""Point"",""coordinates"":[-10.799999999999999,6.3]}"
56_10,9,5.885968208312988,CHIRPS,WA011,2004,"{""type"":""Point"",""coordinates"":[1.22,6.130000000000001]}"
56_11,9,7.988828659057617,CHIRPS,WA012,2004,"{""type"":""Point"",""coordinates"":[2.42,6.37]}"
56_12,9,3.191850423812866,CHIRPS,WA013,2004,"{""type"":""Point"",""coordinates"":[8.52,12.05]}"
56_13,9,9.141294479370117,CHIRPS,WA014,2004,"{""type"":""Point"",""coordinates"":[-1.62,6.69]}"
56_14,9,6.533388614654541,CHIRPS,WA015,2004,"{""type"":""Point"",""coordinates"":[-16.680000000000003,13.45]}"
57_0,10,0.37521955370903015,CHIRPS,WA001,2004,"{""type"":""Point"",""coordinates"":[-17.470000000000002,14.73]}"
57_1,10,0.7958959341049194,CHIRPS,WA002,2004,"{""type"":""Point"",""coordinates"":[-7.949999999999998,12.65]}"
57_2,10,0.4639574885368347,CHIRPS,WA003,2004,"{""type"":""Point"",""coordinates"":[-1.5200000000000002,12.360000000000001]}"
57_3,10,0.12422847002744675,CHIRPS,WA004,2004,"{""type"":""Point"",""coordinates"":[2.17,13.51]}"
57_4,10,4.578557014465332,CHIRPS,WA005,2004,"{""type"":""Point"",""coordinates"":[7.33,9.07]}"
57_5,10,4.869903087615967,CHIRPS,WA006,2004,"{""type"":""Point"",""coordinates"":[-0.17,5.56]}"
57_6,10,7.586558818817139,CHIRPS,WA007,2004,"{""type"":""Point"",""coordinates"":[-3.9299999999999997,5.349999999999999]}"
57_7,10,5.055152416229248,CHIRPS,WA008,2004,"{""type"":""Point"",""coordinates"":[-13.67,9.53]}"
57_8,10,5.956432342529297,CHIRPS,WA009,2004,"{""type"":""Point"",""coordinates"":[-13.230000000000002,8.489999999999998]}"
57_9,10,12.019878387451172,CHIRPS,WA010,2004,"{""type"":""Point"",""coordinates"":[-10.799999999999999,6.3]}"
57_10,10,4.432327747344971,CHIRPS,WA011,2004,"{""type"":""Point"",""coordinates"":[1.22,6.130000000000001]}"
57_11,10,6.578231334686279,CHIRPS,WA012,2004,"{""type"":""Point"",""coordinates"":[2.42,6.37]}"
57_12,10,0.24475914239883423,CHIRPS,WA013,2004,"{""type"":""Point"",""coordinates"":[8.52,12.05]}"
57_13,10,6.604219436645508,CHIRPS,WA014,2004,"{""type"":""Point"",""coordinates"":[-1.62,6.69]}"
57_14,10,0.8606600761413574,CHIRPS,WA015,2004,"{""type"":""Point"",""coordinates"":[-16.680000000000003,13.45]}"
58_0,11,0.030874326825141907,CHIRPS,WA001,2004,"{""type"":""Point"",""coordinates"":[-17.470000000000002,14.73]}"
58_1,11,0.02382882498204708,CHIRPS,WA002,2004,"{""type"":""Point"",""coordinates"":[-7.949999999999998,12.65]}"
58_2,11,0.06864418089389801,CHIRPS,WA003,2004,"{""type"":""Point"",""coordinates"":[-1.5200000000000002,12.360000000000001]}"
58_3,11,0.003670336911454797,CHIRPS,WA004,2004,"{""type"":""Point"",""coordinates"":[2.17,13.51]}"
58_4,11,0.12089444696903229,CHIRPS,WA005,2004,"{""type"":""Point"",""coordinates"":[7.33,9.07]}"
58_5,11,1.7612712383270264,CHIRPS,WA006,2004,"{""type"":""Point"",""coordinates"":[-0.17,5.56]}"
58_6,11,5.060506820678711,CHIRPS,WA007,2004,"{""type"":""Point"",""coordinates"":[-3.9299999999999997,5.349999999999999]}"
58_7,11,2.5020058155059814,CHIRPS,WA008,2004,"{""type"":""Point"",""coordinates"":[-13.67,9.53]}"
58_8,11,3.7002973556518555,CHIRPS,WA009,2004,"{""type"":""Point"",""coordinates"":[-13.230000000000002,8.489999999999998]}"
58_9,11,4.466893672943115,CHIRPS,WA010,2004,"{""type"":""Point"",""coordinates"":[-10.799999999999999,6.3]}"
58_10,11,1.418183445930481,CHIRPS,WA011,2004,"{""type"":""Point"",""coordinates"":[1.22,6.130000000000001]}"
58_11,11,1.9684858322143555,CHIRPS,WA012,2004,"{""type"":""Point"",""coordinates"":[2.42,6.37]}"
58_12,11,0.0014638348948210478,CHIRPS,WA013,2004,"{""type"":""Point"",""coordinates"":[8.52,12.05]}"
58_13,11,2.3634586334228516,CHIRPS,WA014,2004,"{""type"":""Point"",""coordinates"":[-1.62,6.69]}"
58_14,11,0.04894476383924484,CHIRPS,WA015,2004,"{""type"":""Point"",""coordinates"":[-16.680000000000003,13.45]}"
59_0,12,0.03148937225341797,CHIRPS,WA001,2004,"{""type"":""Point"",""coordinates"":[-17.470000000000002,14.73]}"
59_1,12,0.001342559466138482,CHIRPS,WA002,2004,"{""type"":""Point"",""coordinates"":[-7.949999999999998,12.65]}"
59_2,12,0.006334673147648573,CHIRPS,WA003,2004,"{""type"":""Point"",""coordinates"":[-1.5200000000000002,12.360000000000001]}"
59_3,12,8.371323201572523E-5,CHIRPS,WA004,2004,"{""type"":""Point"",""coordinates"":[2.17,13.51]}"
59_4,12,0.016402991488575935,CHIRPS,WA005,2004,"{""type"":""Point"",""coordinates"":[7.33,9.07]}"
59_5,12,1.0701652765274048,CHIRPS,WA006,2004,"{""type"":""Point"",""coordinates"":[-0.17,5.56]}"
59_6,12,1.3239519596099854,CHIRPS,WA007,2004,"{""type"":""Point"",""coordinates"":[-3.9299999999999997,5.349999999999999]}"
59_7,12,0.11980815976858139,CHIRPS,WA008,2004,"{""type"":""Point"",""coordinates"":[-13.67,9.53]}"
59_8,12,0.5119165778160095,CHIRPS,WA009,2004,"{""type"":""Point"",""coordinates"":[-13.230000000000002,8.489999999999998]}"
59_9,12,3.129189968109131,CHIRPS,WA010,2004,"{""type"":""Point"",""coordinates"":[-10.799999999999999,6.3]}"
59_10,12,0.5883520841598511,CHIRPS,WA011,2004,"{""type"":""Point"",""coordinates"":[1.22,6.130000000000001]}"
59_11,12,0.26340270042419434,CHIRPS,WA012,2004,"{""type"":""Point"",""coordinates"":[2.42,6.37]}"
59_12,12,1.2808227438654285E-5,CHIRPS,WA013,2004,"{""type"":""Point"",""coordinates"":[8.52,12.05]}"
59_13,12,1.5392168760299683,CHIRPS,WA014,2004,"{""type"":""Point"",""coordinates"":[-1.62,6.69]}"
59_14,12,0.030940955504775047,CHIRPS,WA015,2004,"{""type"":""Point"",""coordinates"":[-16.680000000000003,13.45]}"
60_0,1,0.026623845100402832,CHIRPS,WA001,2005,"{""type"":""Point"",""coordinates"":[-17.470000000000002,14.73]}"
60_1,1,9.653009474277496E-4,CHIRPS,WA002,2005,"{""type"":""Point"",""coordinates"":[-7.949999999999998,12.65]}"
60_2,1,0.0012427263427525759,CHIRPS,WA003,2005,"{""type"":""Point"",""coordinates"":[-1.5200000000000002,12.360000000000001]}"
60_3,1,6.769823812646791E-5,CHIRPS,WA004,2005,"{""type"":""Point"",""coordinates"":[2.17,13.51]}"
60_4,1,0.0250802431255579,CHIRPS,WA005,2005,"{""type"":""Point"",""coordinates"":[7.33,9.07]}"
60_5,1,0.2682594358921051,CHIRPS,WA006,2005,"{""type"":""Point"",""coordinates"":[-0.17,5.56]}"
60_6,1,0.6249977946281433,CHIRPS,WA007,2005,"{""type"":""Point"",""coordinates"":[-3.9299999999999997,5.349999999999999]}"
60_7,1,0.026032879948616028,CHIRPS,WA008,2005,"{""type"":""Point"",""coordinates"":[-13.67,9.53]}"
60_8,1,0.09777156263589859,CHIRPS,WA009,2005,"{""type"":""Point"",""coordinates"":[-13.230000000000002,8.489999999999998]}"
60_9,1,0.6278029084205627,CHIRPS,WA010,2005,"{""type"":""Point"",""coordinates"":[-10.799999999999999,6.3]}"
60_10,1,0.22163483500480652,CHIRPS,WA011,2005,"{""type"":""Point"",""coordinates"":[1.22,6.130000000000001]}"
60_11,1,0.06955476105213165,CHIRPS,WA012,2005,"{""type"":""Point"",""coordinates"":[2.42,6.37]}"
60_12,1,2.768012636806816E-4,CHIRPS,WA013,2005,"{""type"":""Point"",""coordinates"":[8.52,12.05]}"
60_13,1,0.33170926570892334,CHIRPS,WA014,2005,"{""type"":""Point"",""coordinates"":[-1.62,6.69]}"
60_14,1,0.011543667875230312,CHIRPS,WA015,2005,"{""type"":""Point"",""coordinates"":[-16.680000000000003,13.45]}"
61_0,2,0.01024454366415739,CHIRPS,WA001,2005,"{""type"":""Point"",""coordinates"":[-17.470000000000002,14.73]}"
61_1,2,0.002929595299065113,CHIRPS,WA002,2005,"{""type"":""Point"",""coordinates"":[-7.949999999999998,12.65]}"
61_2,2,0.011174393817782402,CHIRPS,WA003,2005,"{""type"":""Point"",""coordinates"":[-1.5200000000000002,12.360000000000001]}"
61_3,2,1.783948828233406E-4,CHIRPS,WA004,2005,"{""type"":""Point"",""coordinates"":[2.17,13.51]}"
61_4,2,0.182209774851799,CHIRPS,WA005,2005,"{""type"":""Point"",""coordinates"":[7.33,9.07]}"
61_5,2,1.4528721570968628,CHIRPS,WA006,2005,"{""type"":""Point"",""coordinates"":[-0.17,5.56]}"
61_6,2,1.9168505668640137,CHIRPS,WA007,2005,"{""type"":""Point"",""coordinates"":[-3.9299999999999997,5.349999999999999]}"
61_7,2,0.05904649570584297,CHIRPS,WA008,2005,"{""type"":""Point"",""coordinates"":[-13.67,9.53]}"
61_8,2,0.25087836384773254,CHIRPS,WA009,2005,"{""type"":""Point"",""coordinates"":[-13.230000000000002,8.489999999999998]}"
61_9,2,2.5853137969970703,CHIRPS,WA010,2005,"{""type"":""Point"",""coordinates"":[-10.799999999999999,6.3]}"
61_10,2,1.5088038444519043,CHIRPS,WA011,2005,"{""type"":""Point"",""coordinates"":[1.22,6.130000000000001]}"
61_11,2,1.2178901433944702,CHIRPS,WA012,2005,"{""type"":""Point"",""coordinates"":[2.42,6.37]}"
61_12,2,0.006223277188837528,CHIRPS,WA013,2005,"{""type"":""Point"",""coordinates"":[8.52,12.05]}"
61_13,2,2.024167776107788,CHIRPS,WA014,2005,"{""type"":""Point"",""coordinates"":[-1.62,6.69]}"
61_14,2,0.0025076952297240496,CHIRPS,WA015,2005,"{""type"":""Point"",""coordinates"":[-16.680000000000003,13.45]}"
62_0,3,0.0,CHIRPS,WA001,2005,"{""type"":""Point"",""coordinates"":[-17.470000000000002,14.73]}"
62_1,3,0.07267493009567261,CHIRPS,WA002,2005,"{""type"":""Point"",""coordinates"":[-7.949999999999998,12.65]}"
62_2,3,0.04177618399262428,CHIRPS,WA003,2005,"{""type"":""Point"",""coordinates"":[-1.5200000000000002,12.360000000000001]}"
62_3,3,0.004655198659747839,CHIRPS,WA004,2005,"{""type"":""Point"",""coordinates"":[2.17,13.51]}"
62_4,3,0.7585139870643616,CHIRPS,WA005,2005,"{""type"":""Point"",""coordinates"":[7.33,9.07]}"
62_5,3,5.319894313812256,CHIRPS,WA006,2005,"{""type"":""Point"",""coordinates"":[-0.17,5.56]}"
62_6,3,4.279250621795654,CHIRPS,WA007,2005,"{""type"":""Point"",""coordinates"":[-3.9299999999999997,5.349999999999999]}"
62_7,3,0.3664443790912628,CHIRPS,WA008,2005,"{""type"":""Point"",""coordinates"":[-13.67,9.53]}"
62_8,3,1.0389857292175293,CHIRPS,WA009,2005,"{""type"":""Point"",""coordinates"":[-13.230000000000002,8.489999999999998]}"
62_9,3,3.112175226211548,CHIRPS,WA010,2005,"{""type"":""Point"",""coordinates"":[-10.799999999999999,6.3]}"
62_10,3,4.9123125076293945,CHIRPS,WA011,2005,"{""type"":""Point"",""coordinates"":[1.22,6.130000000000001]}"
62_11,3,4.554443359375,CHIRPS,WA012,2005,"{""type"":""Point"",""coordinates"":[2.42,6.37]}"
62_12,3,0.018828120082616806,CHIRPS,WA013,2005,"{""type"":""Point"",""coordinates"":[8.52,12.05]}"
62_13,3,4.530355453491211,CHIRPS,WA014,2005,"{""type"":""Point"",""coordinates"":[-1.62,6.69]}"
62_14,3,3.5679461234394694E-6,CHIRPS,WA015,2005,"{""type"":""Point"",""coordinates"":[-16.680000000000003,13.45]}"
63_0,4,0.0012255903566256166,CHIRPS,WA001,2005,"{""type"":""Point"",""coordinates"":[-17.470000000000002,14.73]}"
63_1,4,0.47902360558509827,CHIRPS,WA002,2005,"{""type"":""Point"",""coordinates"":[-7.949999999999998,12.65]}"
63_2,4,0.8528714776039124,CHIRPS,WA003,2005,"{""type"":""Point"",""coordinates"":[-1.5200000000000002,12.360000000000001]}"
63_3,4,0.08118601888418198,CHIRPS,WA004,2005,"{""type"":""Point"",""coordinates"":[2.17,13.51]}"
63_4,4,2.4226815700531006,CHIRPS,WA005,2005,"{""type"":""Point"",""coordinates"":[7.33,9.07]}"
63_5,4,3.0180318355560303,CHIRPS,WA006,2005,"{""type"":""Point"",""coordinates"":[-0.17,5.56]}"
63_6,4,6.088695049285889,CHIRPS,WA007,2005,"{""type"":""Point"",""coordinates"":[-3.9299999999999997,5.349999999999999]}"
63_7,4,1.850917935371399,CHIRPS,WA008,2005,"{""type"":""Point"",""coordinates"":[-13.67,9.53]}"
63_8,4,3.032958745956421,CHIRPS,WA009,2005,"{""type"":""Point"",""coordinates"":[-13.230000000000002,8.489999999999998]}"
63_9,4,5.970836639404297,CHIRPS,WA010,2005,"{""type"":""Point"",""coordinates"":[-10.799999999999999,6.3]}"
63_10,4,4.297542572021484,CHIRPS,WA011,2005,"{""type"":""Point"",""coordinates"":[1.22,6.130000000000001]}"
63_11,4,3.349491596221924,CHIRPS,WA012,2005,"{""type"":""Point"",""coordinates"":[2.42,6.37]}"
63_12,4,0.3550735116004944,CHIRPS,WA013,2005,"{""type"":""Point"",""coordinates"":[8.52,12.05]}"
63_13,4,4.5457258224487305,CHIRPS,WA014,2005,"{""type"":""Point"",""coordinates"":[-1.62,6.69]}"
63_14,4,0.012843487784266472,CHIRPS,WA015,2005,"{""type"":""Point"",""coordinates"":[-16.680000000000003,13.45]}"
64_0,5,0.027398288249969482,CHIRPS,WA001,2005,"{""type"":""Point"",""coordinates"":[-17.470000000000002,14.73]}"
64_1,5,0.9916276931762695,CHIRPS,WA002,2005,"{""type"":""Point"",""coordinates"":[-7.949999999999998,12.65]}"
64_2,5,1.2797391414642334,CHIRPS,WA003,2005,"{""type"":""Point"",""coordinates"":[-1.5200000000000002,12.360000000000001]}"
64_3,5,0.6966437101364136,CHIRPS,WA004,2005,"{""type"":""Point"",""coordinates"":[2.17,13.51]}"
64_4,5,4.552227973937988,CHIRPS,WA005,2005,"{""type"":""Point"",""coordinates"":[7.33,9.07]}"
64_5,5,5.277549743652344,CHIRPS,WA006,2005,"{""type"":""Point"",""coordinates"":[-0.17,5.56]}"
64_6,5,7.637955188751221,CHIRPS,WA007,2005,"{""type"":""Point"",""coordinates"":[-3.9299999999999997,5.349999999999999]}"
64_7,5,3.8607144355773926,CHIRPS,WA008,2005,"{""type"":""Point"",""coordinates"":[-13.67,9.53]}"
64_8,5,4.526918411254883,CHIRPS,WA009,2005,"{""type"":""Point"",""coordinates"":[-13.230000000000002,8.489999999999998]}"
64_9,5,9.556026458740234,CHIRPS,WA010,2005,"{""type"":""Point"",""coordinates"":[-10.799999999999999,6.3]}"
64_10,5,4.989830493927002,CHIRPS,WA011,2005,"{""type"":""Point"",""coordinates"":[1.22,6.130000000000001]}"
64_11,5,6.4980363845825195,CHIRPS,WA012,2005,"{""type"":""Point"",""coordinates"":[2.42,6.37]}"
64_12,5,1.8965730667114258,CHIRPS,WA013,2005,"{""type"":""Point"",""coordinates"":[8.52,12.05]}"
64_13,5,5.530043601989746,CHIRPS,WA014,2005,"{""type"":""Point"",""coordinates"":[-1.62,6.69]}"
64_14,5,0.0593736357986927,CHIRPS,WA015,2005,"{""type"":""Point"",""coordinates"":[-16.680000000000003,13.45]}"
65_0,6,0.7550278902053833,CHIRPS,WA001,2005,"{""type"":""Point"",""coordinates"":[-17.470000000000002,14.73]}"
65_1,6,5.193018436431885,CHIRPS,WA002,2005,"{""type"":""Point"",""coordinates"":[-7.949999999999998,12.65]}"
65_2,6,2.9991159439086914,CHIRPS,WA003,2005,"{""type"":""Point"",""coordinates"":[-1.5200000000000002,12.360000000000001]}"
65_3,6,3.0162272453308105,CHIRPS,WA004,2005,"{""type"":""Point"",""coordinates"":[2.17,13.51]}"
65_4,6,5.680316925048828,CHIRPS,WA005,2005,"{""type"":""Point"",""coordinates"":[7.33,9.07]}"
65_5,6,4.646068096160889,CHIRPS,WA006,2005,"{""type"":""Point"",""coordinates"":[-0.17,5.56]}"
65_6,6,10.797530174255371,CHIRPS,WA007,2005,"{""type"":""Point"",""coordinates"":[-3.9299999999999997,5.349999999999999]}"
65_7,6,5.865626811981201,CHIRPS,WA008,2005,"{""type"":""Point"",""coordinates"":[-13.67,9.53]}"
65_8,6,6.767566680908203,CHIRPS,WA009,2005,"{""type"":""Point"",""coordinates"":[-13.230000000000002,8.489999999999998]}"
65_9,6,14.188530921936035,CHIRPS,WA010,2005,"{""type"":""Point"",""coordinates"":[-10.799999999999999,6.3]}"
65_10,6,3.983912467956543,CHIRPS,WA011,2005,"{""type"":""Point"",""coordinates"":[1.22,6.130000000000001]}"
65_11,6,9.25652027130127,CHIRPS,WA012,2005,"{""type"":""Point"",""coordinates"":[2.42,6.37]}"
65_12,6,4.047910690307617,CHIRPS,WA013,2005,"{""type"":""Point"",""coordinates"":[8.52,12.05]}"
65_13,6,6.326404094696045,CHIRPS,WA014,2005,"{""type"":""Point"",""coordinates"":[-1.62,6.69]}"
65_14,6,2.164003372192383,CHIRPS,WA015,2005,"{""type"":""Point"",""coordinates"":[-16.680000000000003,13.45]}"
66_0,7,4.306536674499512,CHIRPS,WA001,2005,"{""type"":""Point"",""coordinates"":[-17.470000000000002,14.73]}"
66_1,7,6.2005181312561035,CHIRPS,WA002,2005,"{""type"":""Point"",""coordinates"":[-7.949999999999998,12.65]}"
66_2,7,6.15635871887207,CHIRPS,WA003,2005,"{""type"":""Point"",""coordinates"":[-1.5200000000000002,12.360000000000001]}"
66_3,7,4.226215839385986,CHIRPS,WA004,2005,"{""type"":""Point"",""coordinates"":[2.17,13.51]}"
66_4,7,7.5026421546936035,CHIRPS,WA005,2005,"{""type"":""Point"",""coordinates"":[7.33,9.07]}"
66_5,7,1.328019618988037,CHIRPS,WA006,2005,"{""type"":""Point"",""coordinates"":[-0.17,5.56]}"
66_6,7,1.7443137168884277,CHIRPS,WA007,2005,"{""type"":""Point"",""coordinates"":[-3.9299999999999997,5.349999999999999]}"
66_7,7,15.63149642944336,CHIRPS,WA008,2005,"{""type"":""Point"",""coordinates"":[-13.67,9.53]}"
66_8,7,16.431928634643555,CHIRPS,WA009,2005,"{""type"":""Point"",""coordinates"":[-13.230000000000002,8.489999999999998]}"
66_9,7,26.53969955444336,CHIRPS,WA010,2005,"{""type"":""Point"",""coordinates"":[-10.799999999999999,6.3]}"
66_10,7,1.5581072568893433,CHIRPS,WA011,2005,"{""type"":""Point"",""coordinates"":[1.22,6.130000000000001]}"
66_11,7,3.9975836277008057,CHIRPS,WA012,2005,"{""type"":""Point"",""coordinates"":[2.42,6.37]}"
66_12,7,6.296204090118408,CHIRPS,WA013,2005,"{""type"":""Point"",""coordinates"":[8.52,12.05]}"
66_13,7,1.802439570426941,CHIRPS,WA014,2005,"{""type"":""Point"",""coordinates"":[-1.62,6.69]}"
66_14,7,7.643365383148193,CHIRPS,WA015,2005,"{""type"":""Point"",""coordinates"":[-16.680000000000003,13.45]}"
67_0,8,9.621611595153809,CHIRPS,WA001,2005,"{""type"":""Point"",""coordinates"":[-17.470000000000002,14.73]}"
67_1,8,10.735260009765625,CHIRPS,WA002,2005,"{""type"":""Point"",""coordinates"":[-7.949999999999998,12.65]}"
67_2,8,8.221899032592773,CHIRPS,WA003,2005,"{""type"":""Point"",""coordinates"":[-1.5200000000000002,12.360000000000001]}"
67_3,8,5.471937656402588,CHIRPS,WA004,2005,"{""type"":""Point"",""coordinates"":[2.17,13.51]}"
67_4,8,9.987595558166504,CHIRPS,WA005,2005,"{""type"":""Point"",""coordinates"":[7.33,9.07]}"
67_5,8,1.8154246807098389,CHIRPS,WA006,2005,"{""type"":""Point"",""coordinates"":[-0.17,5.56]}"
67_6,8,0.8038896918296814,CHIRPS,WA007,2005,"{""type"":""Point"",""coordinates"":[-3.9299999999999997,5.349999999999999]}"
67_7,8,19.948087692260742,CHIRPS,WA008,2005,"{""type"":""Point"",""coordinates"":[-13.67,9.53]}"
67_8,8,17.087535858154297,CHIRPS,WA009,2005,"{""type"":""Point"",""coordinates"":[-13.230000000000002,8.489999999999998]}"
67_9,8,12.964492797851562,CHIRPS,WA010,2005,"{""type"":""Point"",""coordinates"":[-10.799999999999999,6.3]}"
67_10,8,1.8798229694366455,CHIRPS,WA011,2005,"{""type"":""Point"",""coordinates"":[1.22,6.130000000000001]}"
67_11,8,1.4899014234542847,CHIRPS,WA012,2005,"{""type"":""Point"",""coordinates"":[2.42,6.37]}"
67_12,8,7.666606903076172,CHIRPS,WA013,2005,"{""type"":""Point"",""coordinates"":[8.52,12.05]}"
67_13,8,1.7222436666488647,CHIRPS,WA014,2005,"{""type"":""Point"",""coordinates"":[-1.62,6.69]}"
67_14,8,9.537477493286133,CHIRPS,WA015,2005,"{""type"":""Point"",""coordinates"":[-16.680000000000003,13.45]}"
68_0,9,5.0945916175842285,CHIRPS,WA001,2005,"{""type"":""Point"",""coordinates"":[-17.470000000000002,14.73]}"
68_1,9,4.765071392059326,CHIRPS,WA002,2005,"{""type"":""Point"",""coordinates"":[-7.949999999999998,12.65]}"
68_2,9,3.5648443698883057,CHIRPS,WA003,2005,"{""type"":""Point"",""coordinates"":[-1.5200000000000002,12.360000000000001]}"
68_3,9,2.337644338607788,CHIRPS,WA004,2005,"{""type"":""Point"",""coordinates"":[2.17,13.51]}"
68_4,9,8.211613655090332,CHIRPS,WA005,2005,"{""type"":""Point"",""coordinates"":[7.33,9.07]}"
68_5,9,2.130385160446167,CHIRPS,WA006,2005,"{""type"":""Point"",""coordinates"":[-0.17,5.56]}"
68_6,9,2.715217113494873,CHIRPS,WA007,2005,"{""type"":""Point"",""coordinates"":[-3.9299999999999997,5.349999999999999]}"
68_7,9,10.542329788208008,CHIRPS,WA008,2005,"{""type"":""Point"",""coordinates"":[-13.67,9.53]}"
68_8,9,13.184593200683594,CHIRPS,WA009,2005,"{""type"":""Point"",""coordinates"":[-13.230000000000002,8.489999999999998]}"
68_9,9,18.24411964416504,CHIRPS,WA010,2005,"{""type"":""Point"",""coordinates"":[-10.799999999999999,6.3]}"
68_10,9,2.8448379039764404,CHIRPS,WA011,2005,"{""type"":""Point"",""coordinates"":[1.22,6.130000000000001]}"
68_11,9,3.1478261947631836,CHIRPS,WA012,2005,"{""type"":""Point"",""coordinates"":[2.42,6.37]}"
68_12,9,4.00178861618042,CHIRPS,WA013,2005,"{""type"":""Point"",""coordinates"":[8.52,12.05]}"
68_13,9,4.349991798400879,CHIRPS,WA014,2005,"{""type"":""Point"",""coordinates"":[-1.62,6.69]}"
68_14,9,7.258065700531006,CHIRPS,WA015,2005,"{""type"":""Point"",""coordinates"":[-16.680000000000003,13.45]}"
69_0,10,1.5921950340270996,CHIRPS,WA001,2005,"{""type"":""Point"",""coordinates"":[-17.470000000000002,14.73]}"
69_1,10,1.4933279752731323,CHIRPS,WA002,2005,"{""type"":""Point"",""coordinates"":[-7.949999999999998,12.65]}"
69_2,10,0.6906153559684753,CHIRPS,WA003,2005,"{""type"":""Point"",""coordinates"":[-1.5200000000000002,12.360000000000001]}"
69_3,10,0.6065126657485962,CHIRPS,WA004,2005,"{""type"":""Point"",""coordinates"":[2.17,13.51]}"
69_4,10,4.360854148864746,CHIRPS,WA005,2005,"{""type"":""Point"",""coordinates"":[7.33,9.07]}"
69_5,10,5.040815830230713,CHIRPS,WA006,2005,"{""type"":""Point"",""coordinates"":[-0.17,5.56]}"
69_6,10,8.457266807556152,CHIRPS,WA007,2005,"{""type"":""Point"",""coordinates"":[-3.9299999999999997,5.349999999999999]}"
69_7,10,19.138837814331055,CHIRPS,WA008,2005,"{""type"":""Point"",""coordinates"":[-13.67,9.53]}"
69_8,10,17.72406768798828,CHIRPS,WA009,2005,"{""type"":""Point"",""coordinates"":[-13.230000000000002,8.489999999999998]}"
69_9,10,11.52975845336914,CHIRPS,WA010,2005,"{""type"":""Point"",""coordinates"":[-10.799999999999999,6.3]}"
69_10,10,4.102630615234375,CHIRPS,WA011,2005,"{""type"":""Point"",""coordinates"":[1.22,6.130000000000001]}"
69_11,10,3.855126142501831,CHIRPS,WA012,2005,"{""type"":""Point"",""coordinates"":[2.42,6.37]}"
69_12,10,0.3249382972717285,CHIRPS,WA013,2005,"{""type"":""Point"",""coordinates"":[8.52,12.05]}"
69_13,10,8.263055801391602,CHIRPS,WA014,2005,"{""type"":""Point"",""coordinates"":[-1.62,6.69]}"
69_14,10,3.515317916870117,CHIRPS,WA015,2005,"{""type"":""Point"",""coordinates"":[-16.680000000000003,13.45]}"
70_0,11,0.014996263198554516,CHIRPS,WA001,2005,"{""type"":""Point"",""coordinates"":[-17.470000000000002,14.73]}"
70_1,11,0.01180384773761034,CHIRPS,WA002,2005,"{""type"":""Point"",""coordinates"":[-7.949999999999998,12.65]}"
70_2,11,0.029045239090919495,CHIRPS,WA003,2005,"{""type"":""Point"",""coordinates"":[-1.5200000000000002,12.360000000000001]}"
70_3,11,0.0027190297842025757,CHIRPS,WA004,2005,"{""type"":""Point"",""coordinates"":[2.17,13.51]}"
70_4,11,0.13144414126873016,CHIRPS,WA005,2005,"{""type"":""Point"",""coordinates"":[7.33,9.07]}"
70_5,11,2.916083335876465,CHIRPS,WA006,2005,"{""type"":""Point"",""coordinates"":[-0.17,5.56]}"
70_6,11,5.504032135009766,CHIRPS,WA007,2005,"{""type"":""Point"",""coordinates"":[-3.9299999999999997,5.349999999999999]}"
70_7,11,1.2888659238815308,CHIRPS,WA008,2005,"{""type"":""Point"",""coordinates"":[-13.67,9.53]}"
70_8,11,2.134880304336548,CHIRPS,WA009,2005,"{""type"":""Point"",""coordinates"":[-13.230000000000002,8.489999999999998]}"
70_9,11,3.4691805839538574,CHIRPS,WA010,2005,"{""type"":""Point"",""coordinates"":[-10.799999999999999,6.3]}"
70_10,11,1.7365689277648926,CHIRPS,WA011,2005,"{""type"":""Point"",""coordinates"":[1.22,6.130000000000001]}"
70_11,11,1.3996250629425049,CHIRPS,WA012,2005,"{""type"":""Point"",""coordinates"":[2.42,6.37]}"
70_12,11,1.9710190827026963E-5,CHIRPS,WA013,2005,"{""type"":""Point"",""coordinates"":[8.52,12.05]}"
70_13,11,3.1974141597747803,CHIRPS,WA014,2005,"{""type"":""Point"",""coordinates"":[-1.62,6.69]}"
70_14,11,0.017591938376426697,CHIRPS,WA015,2005,"{""type"":""Point"",""coordinates"":[-16.680000000000003,13.45]}"
71_0,12,0.035620808601379395,CHIRPS,WA001,2005,"{""type"":""Point"",""coordinates"":[-17.470000000000002,14.73]}"
71_1,12,0.0031937065068632364,CHIRPS,WA002,2005,"{""type"":""Point"",""coordinates"":[-7.949999999999998,12.65]}"
71_2,12,0.006234297528862953,CHIRPS,WA003,2005,"{""type"":""Point"",""coordinates"":[-1.5200000000000002,12.360000000000001]}"
71_3,12,1.157701262854971E-4,CHIRPS,WA004,2005,"{""type"":""Point"",""coordinates"":[2.17,13.51]}"
71_4,12,0.019295604899525642,CHIRPS,WA005,2005,"{""type"":""Point"",""coordinates"":[7.33,9.07]}"
71_5,12,1.2665143013000488,CHIRPS,WA006,2005,"{""type"":""Point"",""coordinates"":[-0.17,5.56]}"
71_6,12,2.0760185718536377,CHIRPS,WA007,2005,"{""type"":""Point"",""coordinates"":[-3.9299999999999997,5.349999999999999]}"
71_7,12,0.16302797198295593,CHIRPS,WA008,2005,"{""type"":""Point"",""coordinates"":[-13.67,9.53]}"
71_8,12,0.8590700626373291,CHIRPS,WA009,2005,"{""type"":""Point"",""coordinates"":[-13.230000000000002,8.489999999999998]}"
71_9,12,2.7867491245269775,CHIRPS,WA010,2005,"{""type"":""Point"",""coordinates"":[-10.799999999999999,6.3]}"
71_10,12,0.5860506892204285,CHIRPS,WA011,2005,"{""type"":""Point"",""coordinates"":[1.22,6.130000000000001]}"
71_11,12,0.2869788110256195,CHIRPS,WA012,2005,"{""type"":""Point"",""coordinates"":[2.42,6.37]}"
71_12,12,6.054798723198473E-4,CHIRPS,WA013,2005,"{""type"":""Point"",""coordinates"":[8.52,12.05]}"
71_13,12,0.9270353317260742,CHIRPS,WA014,2005,"{""type"":""Point"",""coordinates"":[-1.62,6.69]}"
71_14,12,0.02717752382159233,CHIRPS,WA015,2005,"{""type"":""Point"",""coordinates"":[-16.680000000000003,13.45]}"
72_0,1,0.02222772315144539,CHIRPS,WA001,2006,"{""type"":""Point"",""coordinates"":[-17.470000000000002,14.73]}"
72_1,1,0.0010440333280712366,CHIRPS,WA002,2006,"{""type"":""Point"",""coordinates"":[-7.949999999999998,12.65]}"
72_2,1,0.0027597686275839806,CHIRPS,WA003,2006,"{""type"":""Point"",""coordinates"":[-1.5200000000000002,12.360000000000001]}"
72_3,1,2.9637201350851683E-6,CHIRPS,WA004,2006,"{""type"":""Point"",""coordinates"":[2.17,13.51]}"
72_4,1,0.05734330043196678,CHIRPS,WA005,2006,"{""type"":""Point"",""coordinates"":[7.33,9.07]}"
72_5,1,0.7560210824012756,CHIRPS,WA006,2006,"{""type"":""Point"",""coordinates"":[-0.17,5.56]}"
72_6,1,1.104185700416565,CHIRPS,WA007,2006,"{""type"":""Point"",""coordinates"":[-3.9299999999999997,5.349999999999999]}"
72_7,1,0.022684965282678604,CHIRPS,WA008,2006,"{""type"":""Point"",""coordinates"":[-13.67,9.53]}"
72_8,1,0.11458279192447662,CHIRPS,WA009,2006,"{""type"":""Point"",""coordinates"":[-13.230000000000002,8.489999999999998]}"
72_9,1,1.0442758798599243,CHIRPS,WA010,2006,"{""type"":""Point"",""coordinates"":[-10.799999999999999,6.3]}"
72_10,1,0.6470708847045898,CHIRPS,WA011,2006,"{""type"":""Point"",""coordinates"":[1.22,6.130000000000001]}"
72_11,1,0.4632810056209564,CHIRPS,WA012,2006,"{""type"":""Point"",""coordinates"":[2.42,6.37]}"
72_12,1,0.010699950158596039,CHIRPS,WA013,2006,"{""type"":""Point"",""coordinates"":[8.52,12.05]}"
72_13,1,1.1273220777511597,CHIRPS,WA014,2006,"{""type"":""Point"",""coordinates"":[-1.62,6.69]}"
72_14,1,0.004260347690433264,CHIRPS,WA015,2006,"{""type"":""Point"",""coordinates"":[-16.680000000000003,13.45]}"
73_0,2,0.009873460978269577,CHIRPS,WA001,2006,"{""type"":""Point"",""coordinates"":[-17.470000000000002,14.73]}"
73_1,2,0.003682646667584777,CHIRPS,WA002,2006,"{""type"":""Point"",""coordinates"":[-7.949999999999998,12.65]}"
73_2,2,0.01688813418149948,CHIRPS,WA003,2006,"{""type"":""Point"",""coordinates"":[-1.5200000000000002,12.360000000000001]}"
73_3,2,5.4705215006833896E-5,CHIRPS,WA004,2006,"{""type"":""Point"",""coordinates"":[2.17,13.51]}"
73_4,2,0.11524747312068939,CHIRPS,WA005,2006,"{""type"":""Point"",""coordinates"":[7.33,9.07]}"
73_5,2,1.206825852394104,CHIRPS,WA006,2006,"{""type"":""Point"",""coordinates"":[-0.17,5.56]}"
73_6,2,1.028543472290039,CHIRPS,WA007,2006,"{""type"":""Point"",""coordinates"":[-3.9299999999999997,5.349999999999999]}"
73_7,2,0.044707488268613815,CHIRPS,WA008,2006,"{""type"":""Point"",""coordinates"":[-13.67,9.53]}"
73_8,2,0.10260564833879471,CHIRPS,WA009,2006,"{""type"":""Point"",""coordinates"":[-13.230000000000002,8.489999999999998]}"
73_9,2,2.8585243225097656,CHIRPS,WA010,2006,"{""type"":""Point"",""coordinates"":[-10.799999999999999,6.3]}"
73_10,2,0.8295604586601257,CHIRPS,WA011,2006,"{""type"":""Point"",""coordinates"":[1.22,6.130000000000001]}"
73_11,2,0.6652455925941467,CHIRPS,WA012,2006,"{""type"":""Point"",""coordinates"":[2.42,6.37]}"
73_12,2,0.006239733658730984,CHIRPS,WA013,2006,"{""type"":""Point"",""coordinates"":[8.52,12.05]}"
73_13,2,2.1645994186401367,CHIRPS,WA014,2006,"{""type"":""Point"",""coordinates"":[-1.62,6.69]}"
73_14,2,0.002727420534938574,CHIRPS,WA015,2006,"{""type"":""Point"",""coordinates"":[-16.680000000000003,13.45]}"
74_0,3,1.2536759186332347E-7,CHIRPS,WA001,2006,"{""type"":""Point"",""coordinates"":[-17.470000000000002,14.73]}"
74_1,3,0.026415135711431503,CHIRPS,WA002,2006,"{""type"":""Point"",""coordinates"":[-7.949999999999998,12.65]}"
74_2,3,0.038975074887275696,CHIRPS,WA003,2006,"{""type"":""Point"",""coordinates"":[-1.5200000000000002,12.360000000000001]}"
74_3,3,0.0032074565533548594,CHIRPS,WA004,2006,"{""type"":""Point"",""coordinates"":[2.17,13.51]}"
74_4,3,0.8805496692657471,CHIRPS,WA005,2006,"{""type"":""Point"",""coordinates"":[7.33,9.07]}"
74_5,3,2.7748897075653076,CHIRPS,WA006,2006,"{""type"":""Point"",""coordinates"":[-0.17,5.56]}"
74_6,3,4.538372993469238,CHIRPS,WA007,2006,"{""type"":""Point"",""coordinates"":[-3.9299999999999997,5.349999999999999]}"
74_7,3,0.1479027420282364,CHIRPS,WA008,2006,"{""type"":""Point"",""coordinates"":[-13.67,9.53]}"
74_8,3,0.38939839601516724,CHIRPS,WA009,2006,"{""type"":""Point"",""coordinates"":[-13.230000000000002,8.489999999999998]}"
74_9,3,1.8904727697372437,CHIRPS,WA010,2006,"{""type"":""Point"",""coordinates"":[-10.799999999999999,6.3]}"
74_10,3,3.5289289951324463,CHIRPS,WA011,2006,"{""type"":""Point"",""coordinates"":[1.22,6.130000000000001]}"
74_11,3,3.561330795288086,CHIRPS,WA012,2006,"{""type"":""Point"",""coordinates"":[2.42,6.37]}"
74_12,3,0.035783033818006516,CHIRPS,WA013,2006,"{""type"":""Point"",""coordinates"":[8.52,12.05]}"
74_13,3,4.1227946281433105,CHIRPS,WA014,2006,"{""type"":""Point"",""coordinates"":[-1.62,6.69]}"
74_14,3,1.8212142458651215E-4,CHIRPS,WA015,2006,"{""type"":""Point"",""coordinates"":[-16.680000000000003,13.45]}"
75_0,4,0.0,CHIRPS,WA001,2006,"{""type"":""Point"",""coordinates"":[-17.470000000000002,14.73]}"
75_1,4,0.8890466690063477,CHIRPS,WA002,2006,"{""type"":""Point"",""coordinates"":[-7.949999999999998,12.65]}"
75_2,4,0.3597414791584015,CHIRPS,WA003,2006,"{""type"":""Point"",""coordinates"":[-1.5200000000000002,12.360000000000001]}"
75_3,4,0.014861577190458775,CHIRPS,WA004,2006,"{""type"":""Point"",""coordinates"":[2.17,13.51]}"
75_4,4,1.444867491722107,CHIRPS,WA005,2006,"{""type"":""Point"",""coordinates"":[7.33,9.07]}"
75_5,4,2.9472827911376953,CHIRPS,WA006,2006,"{""type"":""Point"",""coordinates"":[-0.17,5.56]}"
75_6,4,3.9967234134674072,CHIRPS,WA007,2006,"{""type"":""Point"",""coordinates"":[-3.9299999999999997,5.349999999999999]}"
75_7,4,1.478097677230835,CHIRPS,WA008,2006,"{""type"":""Point"",""coordinates"":[-13.67,9.53]}"
75_8,4,1.7631735801696777,CHIRPS,WA009,2006,"{""type"":""Point"",""coordinates"":[-13.230000000000002,8.489999999999998]}"
75_9,4,4.243027687072754,CHIRPS,WA010,2006,"{""type"":""Point"",""coordinates"":[-10.799999999999999,6.3]}"
75_10,4,2.7371644973754883,CHIRPS,WA011,2006,"{""type"":""Point"",""coordinates"":[1.22,6.130000000000001]}"
75_11,4,2.4523255825042725,CHIRPS,WA012,2006,"{""type"":""Point"",""coordinates"":[2.42,6.37]}"
75_12,4,0.1519714593887329,CHIRPS,WA013,2006,"{""type"":""Point"",""coordinates"":[8.52,12.05]}"
75_13,4,3.663414478302002,CHIRPS,WA014,2006,"{""type"":""Point"",""coordinates"":[-1.62,6.69]}"
75_14,4,3.4506796509958804E-4,CHIRPS,WA015,2006,"{""type"":""Point"",""coordinates"":[-16.680000000000003,13.45]}"
76_0,5,3.990554250776768E-5,CHIRPS,WA001,2006,"{""type"":""Point"",""coordinates"":[-17.470000000000002,14.73]}"
76_1,5,2.7915048599243164,CHIRPS,WA002,2006,"{""type"":""Point"",""coordinates"":[-7.949999999999998,12.65]}"
76_2,5,0.6990771293640137,CHIRPS,WA003,2006,"{""type"":""Point"",""coordinates"":[-1.5200000000000002,12.360000000000001]}"
76_3,5,0.501359224319458,CHIRPS,WA004,2006,"{""type"":""Point"",""coordinates"":[2.17,13.51]}"
76_4,5,5.283560752868652,CHIRPS,WA005,2006,"{""type"":""Point"",""coordinates"":[7.33,9.07]}"
76_5,5,6.805537700653076,CHIRPS,WA006,2006,"{""type"":""Point"",""coordinates"":[-0.17,5.56]}"
76_6,5,9.589571952819824,CHIRPS,WA007,2006,"{""type"":""Point"",""coordinates"":[-3.9299999999999997,5.349999999999999]}"
76_7,5,3.034881591796875,CHIRPS,WA008,2006,"{""type"":""Point"",""coordinates"":[-13.67,9.53]}"
76_8,5,4.190033435821533,CHIRPS,WA009,2006,"{""type"":""Point"",""coordinates"":[-13.230000000000002,8.489999999999998]}"
76_9,5,11.294466018676758,CHIRPS,WA010,2006,"{""type"":""Point"",""coordinates"":[-10.799999999999999,6.3]}"
76_10,5,7.473842620849609,CHIRPS,WA011,2006,"{""type"":""Point"",""coordinates"":[1.22,6.130000000000001]}"
76_11,5,7.966635227203369,CHIRPS,WA012,2006,"{""type"":""Point"",""coordinates"":[2.42,6.37]}"
76_12,5,1.6205681562423706,CHIRPS,WA013,2006,"{""type"":""Point"",""coordinates"":[8.52,12.05]}"
76_13,5,7.108778953552246,CHIRPS,WA014,2006,"{""type"":""Point"",""coordinates"":[-1.62,6.69]}"
76_14,5,0.015018894337117672,CHIRPS,WA015,2006,"{""type"":""Point"",""coordinates"":[-16.680000000000003,13.45]}"
77_0,6,0.6632073521614075,CHIRPS,WA001,2006,"{""type"":""Point"",""coordinates"":[-17.470000000000002,14.73]}"
77_1,6,3.1489031314849854,CHIRPS,WA002,2006,"{""type"":""Point"",""coordinates"":[-7.949999999999998,12.65]}"
77_2,6,2.7969820499420166,CHIRPS,WA003,2006,"{""type"":""Point"",""coordinates"":[-1.5200000000000002,12.360000000000001]}"
77_3,6,1.2522443532943726,CHIRPS,WA004,2006,"{""type"":""Point"",""coordinates"":[2.17,13.51]}"
77_4,6,5.533346652984619,CHIRPS,WA005,2006,"{""type"":""Point"",""coordinates"":[7.33,9.07]}"
77_5,6,5.90894079208374,CHIRPS,WA006,2006,"{""type"":""Point"",""coordinates"":[-0.17,5.56]}"
77_6,6,10.787693977355957,CHIRPS,WA007,2006,"{""type"":""Point"",""coordinates"":[-3.9299999999999997,5.349999999999999]}"
77_7,6,9.167213439941406,CHIRPS,WA008,2006,"{""type"":""Point"",""coordinates"":[-13.67,9.53]}"
77_8,6,10.75844955444336,CHIRPS,WA009,2006,"{""type"":""Point"",""coordinates"":[-13.230000000000002,8.489999999999998]}"
77_9,6,24.4210147857666,CHIRPS,WA010,2006,"{""type"":""Point"",""coordinates"":[-10.799999999999999,6.3]}"
77_10,6,6.126437664031982,CHIRPS,WA011,2006,"{""type"":""Point"",""coordinates"":[1.22,6.130000000000001]}"
77_11,6,7.912353515625,CHIRPS,WA012,2006,"{""type"":""Point"",""coordinates"":[2.42,6.37]}"
77_12,6,2.3421313762664795,CHIRPS,WA013,2006,"{""type"":""Point"",""coordinates"":[8.52,12.05]}"
77_13,6,5.622859954833984,CHIRPS,WA014,2006,"{""type"":""Point"",""coordinates"":[-1.62,6.69]}"
77_14,6,2.02040958404541,CHIRPS,WA015,2006,"{""type"":""Point"",""coordinates"":[-16.680000000000003,13.45]}"
78_0,7,2.094485282897949,CHIRPS,WA001,2006,"{""type"":""Point"",""coordinates"":[-17.470000000000002,14.73]}"
78_1,7,4.0159735679626465,CHIRPS,WA002,2006,"{""type"":""Point"",""coordinates"":[-7.949999999999998,12.65]}"
78_2,7,5.339207649230957,CHIRPS,WA003,2006,"{""type"":""Point"",""coordinates"":[-1.5200000000000002,12.360000000000001]}"
78_3,7,4.999073505401611,CHIRPS,WA004,2006,"{""type"":""Point"",""coordinates"":[2.17,13.51]}"
78_4,7,7.153275489807129,CHIRPS,WA005,2006,"{""type"":""Point"",""coordinates"":[7.33,9.07]}"
78_5,7,2.491274833679199,CHIRPS,WA006,2006,"{""type"":""Point"",""coordinates"":[-0.17,5.56]}"
78_6,7,3.471050262451172,CHIRPS,WA007,2006,"{""type"":""Point"",""coordinates"":[-3.9299999999999997,5.349999999999999]}"
78_7,7,20.586219787597656,CHIRPS,WA008,2006,"{""type"":""Point"",""coordinates"":[-13.67,9.53]}"
78_8,7,21.4111328125,CHIRPS,WA009,2006,"{""type"":""Point"",""coordinates"":[-13.230000000000002,8.489999999999998]}"
78_9,7,26.60938835144043,CHIRPS,WA010,2006,"{""type"":""Point"",""coordinates"":[-10.799999999999999,6.3]}"
78_10,7,2.282682180404663,CHIRPS,WA011,2006,"{""type"":""Point"",""coordinates"":[1.22,6.130000000000001]}"
78_11,7,3.1655876636505127,CHIRPS,WA012,2006,"{""type"":""Point"",""coordinates"":[2.42,6.37]}"
78_12,7,4.875878810882568,CHIRPS,WA013,2006,"{""type"":""Point"",""coordinates"":[8.52,12.05]}"
78_13,7,3.406553268432617,CHIRPS,WA014,2006,"{""type"":""Point"",""coordinates"":[-1.62,6.69]}"
78_14,7,4.3475799560546875,CHIRPS,WA015,2006,"{""type"":""Point"",""coordinates"":[-16.680000000000003,13.45]}"
79_0,8,5.362751007080078,CHIRPS,WA001,2006,"{""type"":""Point"",""coordinates"":[-17.470000000000002,14.73]}"
79_1,8,7.744781017303467,CHIRPS,WA002,2006,"{""type"":""Point"",""coordinates"":[-7.949999999999998,12.65]}"
79_2,8,6.250457286834717,CHIRPS,WA003,2006,"{""type"":""Point"",""coordinates"":[-1.5200000000000002,12.360000000000001]}"
79_3,8,4.873953342437744,CHIRPS,WA004,2006,"{""type"":""Point"",""coordinates"":[2.17,13.51]}"
79_4,8,12.583977699279785,CHIRPS,WA005,2006,"{""type"":""Point"",""coordinates"":[7.33,9.07]}"
79_5,8,0.9945802688598633,CHIRPS,WA006,2006,"{""type"":""Point"",""coordinates"":[-0.17,5.56]}"
79_6,8,0.6855565309524536,CHIRPS,WA007,2006,"{""type"":""Point"",""coordinates"":[-3.9299999999999997,5.349999999999999]}"
79_7,8,39.445735931396484,CHIRPS,WA008,2006,"{""type"":""Point"",""coordinates"":[-13.67,9.53]}"
79_8,8,37.02579879760742,CHIRPS,WA009,2006,"{""type"":""Point"",""coordinates"":[-13.230000000000002,8.489999999999998]}"
79_9,8,17.789579391479492,CHIRPS,WA010,2006,"{""type"":""Point"",""coordinates"":[-10.799999999999999,6.3]}"
79_10,8,1.2114447355270386,CHIRPS,WA011,2006,"{""type"":""Point"",""coordinates"":[1.22,6.130000000000001]}"
79_11,8,1.9231436252593994,CHIRPS,WA012,2006,"{""type"":""Point"",""coordinates"":[2.42,6.37]}"
79_12,8,9.731200218200684,CHIRPS,WA013,2006,"{""type"":""Point"",""coordinates"":[8.52,12.05]}"
79_13,8,1.7371026277542114,CHIRPS,WA014,2006,"{""type"":""Point"",""coordinates"":[-1.62,6.69]}"
79_14,8,9.562775611877441,CHIRPS,WA015,2006,"{""type"":""Point"",""coordinates"":[-16.680000000000003,13.45]}"
80_0,9,5.106888771057129,CHIRPS,WA001,2006,"{""type"":""Point"",""coordinates"":[-17.470000000000002,14.73]}"
80_1,9,7.897745132446289,CHIRPS,WA002,2006,"{""type"":""Point"",""coordinates"":[-7.949999999999998,12.65]}"
80_2,9,4.046438217163086,CHIRPS,WA003,2006,"{""type"":""Point"",""coordinates"":[-1.5200000000000002,12.360000000000001]}"
80_3,9,2.0098795890808105,CHIRPS,WA004,2006,"{""type"":""Point"",""coordinates"":[2.17,13.51]}"
80_4,9,8.971231460571289,CHIRPS,WA005,2006,"{""type"":""Point"",""coordinates"":[7.33,9.07]}"
80_5,9,4.094977378845215,CHIRPS,WA006,2006,"{""type"":""Point"",""coordinates"":[-0.17,5.56]}"
80_6,9,3.703263998031616,CHIRPS,WA007,2006,"{""type"":""Point"",""coordinates"":[-3.9299999999999997,5.349999999999999]}"
80_7,9,14.009664535522461,CHIRPS,WA008,2006,"{""type"":""Point"",""coordinates"":[-13.67,9.53]}"
80_8,9,13.091386795043945,CHIRPS,WA009,2006,"{""type"":""Point"",""coordinates"":[-13.230000000000002,8.489999999999998]}"
80_9,9,15.008391380310059,CHIRPS,WA010,2006,"{""type"":""Point"",""coordinates"":[-10.799999999999999,6.3]}"
80_10,9,4.220060348510742,CHIRPS,WA011,2006,"{""type"":""Point"",""coordinates"":[1.22,6.130000000000001]}"
80_11,9,6.928857803344727,CHIRPS,WA012,2006,"{""type"":""Point"",""coordinates"":[2.42,6.37]}"
80_12,9,6.064056873321533,CHIRPS,WA013,2006,"{""type"":""Point"",""coordinates"":[8.52,12.05]}"
80_13,9,5.941238880157471,CHIRPS,WA014,2006,"{""type"":""Point"",""coordinates"":[-1.62,6.69]}"
80_14,9,8.531539916992188,CHIRPS,WA015,2006,"{""type"":""Point"",""coordinates"":[-16.680000000000003,13.45]}"
81_0,10,1.171194076538086,CHIRPS,WA001,2006,"{""type"":""Point"",""coordinates"":[-17.470000000000002,14.73]}"
81_1,10,1.0321789979934692,CHIRPS,WA002,2006,"{""type"":""Point"",""coordinates"":[-7.949999999999998,12.65]}"
81_2,10,0.9988420009613037,CHIRPS,WA003,2006,"{""type"":""Point"",""coordinates"":[-1.5200000000000002,12.360000000000001]}"
81_3,10,0.2143409699201584,CHIRPS,WA004,2006,"{""type"":""Point"",""coordinates"":[2.17,13.51]}"
81_4,10,6.198984622955322,CHIRPS,WA005,2006,"{""type"":""Point"",""coordinates"":[7.33,9.07]}"
81_5,10,5.066869258880615,CHIRPS,WA006,2006,"{""type"":""Point"",""coordinates"":[-0.17,5.56]}"
81_6,10,5.064693927764893,CHIRPS,WA007,2006,"{""type"":""Point"",""coordinates"":[-3.9299999999999997,5.349999999999999]}"
81_7,10,13.856988906860352,CHIRPS,WA008,2006,"{""type"":""Point"",""coordinates"":[-13.67,9.53]}"
81_8,10,13.825593948364258,CHIRPS,WA009,2006,"{""type"":""Point"",""coordinates"":[-13.230000000000002,8.489999999999998]}"
81_9,10,10.194525718688965,CHIRPS,WA010,2006,"{""type"":""Point"",""coordinates"":[-10.799999999999999,6.3]}"
81_10,10,4.097031593322754,CHIRPS,WA011,2006,"{""type"":""Point"",""coordinates"":[1.22,6.130000000000001]}"
81_11,10,4.363602638244629,CHIRPS,WA012,2006,"{""type"":""Point"",""coordinates"":[2.42,6.37]}"
81_12,10,0.42156481742858887,CHIRPS,WA013,2006,"{""type"":""Point"",""coordinates"":[8.52,12.05]}"
81_13,10,6.95341157913208,CHIRPS,WA014,2006,"{""type"":""Point"",""coordinates"":[-1.62,6.69]}"
81_14,10,1.7852014303207397,CHIRPS,WA015,2006,"{""type"":""Point"",""coordinates"":[-16.680000000000003,13.45]}"
82_0,11,9.457708802074194E-4,CHIRPS,WA001,2006,"{""type"":""Point"",""coordinates"":[-17.470000000000002,14.73]}"
82_1,11,0.007675094064325094,CHIRPS,WA002,2006,"{""type"":""Point"",""coordinates"":[-7.949999999999998,12.65]}"
82_2,11,8.221279131248593E-4,CHIRPS,WA003,2006,"{""type"":""Point"",""coordinates"":[-1.5200000000000002,12.360000000000001]}"
82_3,11,2.0549756300169975E-4,CHIRPS,WA004,2006,"{""type"":""Point"",""coordinates"":[2.17,13.51]}"
82_4,11,0.04534336179494858,CHIRPS,WA005,2006,"{""type"":""Point"",""coordinates"":[7.33,9.07]}"
82_5,11,0.9275463819503784,CHIRPS,WA006,2006,"{""type"":""Point"",""coordinates"":[-0.17,5.56]}"
82_6,11,3.536980390548706,CHIRPS,WA007,2006,"{""type"":""Point"",""coordinates"":[-3.9299999999999997,5.349999999999999]}"
82_7,11,1.6121195554733276,CHIRPS,WA008,2006,"{""type"":""Point"",""coordinates"":[-13.67,9.53]}"
82_8,11,2.796321392059326,CHIRPS,WA009,2006,"{""type"":""Point"",""coordinates"":[-13.230000000000002,8.489999999999998]}"
82_9,11,2.7863705158233643,CHIRPS,WA010,2006,"{""type"":""Point"",""coordinates"":[-10.799999999999999,6.3]}"
82_10,11,0.6410266160964966,CHIRPS,WA011,2006,"{""type"":""Point"",""coordinates"":[1.22,6.130000000000001]}"
82_11,11,1.5673106908798218,CHIRPS,WA012,2006,"{""type"":""Point"",""coordinates"":[2.42,6.37]}"
82_12,11,0.005192520096898079,CHIRPS,WA013,2006,"{""type"":""Point"",""coordinates"":[8.52,12.05]}"
82_13,11,1.3234524726867676,CHIRPS,WA014,2006,"{""type"":""Point"",""coordinates"":[-1.62,6.69]}"
82_14,11,0.005775481462478638,CHIRPS,WA015,2006,"{""type"":""Point"",""coordinates"":[-16.680000000000003,13.45]}"
83_0,12,0.03489254042506218,CHIRPS,WA001,2006,"{""type"":""Point"",""coordinates"":[-17.470000000000002,14.73]}"
83_1,12,0.006948311813175678,CHIRPS,WA002,2006,"{""type"":""Point"",""coordinates"":[-7.949999999999998,12.65]}"
83_2,12,0.0025778398849070072,CHIRPS,WA003,2006,"{""type"":""Point"",""coordinates"":[-1.5200000000000002,12.360000000000001]}"
83_3,12,8.017853542696685E-5,CHIRPS,WA004,2006,"{""type"":""Point"",""coordinates"":[2.17,13.51]}"
83_4,12,0.023470742627978325,CHIRPS,WA005,2006,"{""type"":""Point"",""coordinates"":[7.33,9.07]}"
83_5,12,0.6834000945091248,CHIRPS,WA006,2006,"{""type"":""Point"",""coordinates"":[-0.17,5.56]}"
83_6,12,1.18375825881958,CHIRPS,WA007,2006,"{""type"":""Point"",""coordinates"":[-3.9299999999999997,5.349999999999999]}"
83_7,12,0.040282610803842545,CHIRPS,WA008,2006,"{""type"":""Point"",""coordinates"":[-13.67,9.53]}"
83_8,12,0.17290998995304108,CHIRPS,WA009,2006,"{""type"":""Point"",""coordinates"":[-13.230000000000002,8.489999999999998]}"
83_9,12,0.612395703792572,CHIRPS,WA010,2006,"{""type"":""Point"",""coordinates"":[-10.799999999999999,6.3]}"
83_10,12,0.23770307004451752,CHIRPS,WA011,2006,"{""type"":""Point"",""coordinates"":[1.22,6.130000000000001]}"
83_11,12,0.2168414294719696,CHIRPS,WA012,2006,"{""type"":""Point"",""coordinates"":[2.42,6.37]}"
83_12,12,0.0021159795578569174,CHIRPS,WA013,2006,"{""type"":""Point"",""coordinates"":[8.52,12.05]}"
83_13,12,0.8594633936882019,CHIRPS,WA014,2006,"{""type"":""Point"",""coordinates"":[-1.62,6.69]}"
83_14,12,0.030908919870853424,CHIRPS,WA015,2006,"{""type"":""Point"",""coordinates"":[-16.680000000000003,13.45]}"
84_0,1,0.016490541398525238,CHIRPS,WA001,2007,"{""type"":""Point"",""coordinates"":[-17.470000000000002,14.73]}"
84_1,1,0.0010614895727485418,CHIRPS,WA002,2007,"{""type"":""Point"",""coordinates"":[-7.949999999999998,12.65]}"
84_2,1,0.0010582507820799947,CHIRPS,WA003,2007,"{""type"":""Point"",""coordinates"":[-1.5200000000000002,12.360000000000001]}"
84_3,1,8.489013998769224E-5,CHIRPS,WA004,2007,"{""type"":""Point"",""coordinates"":[2.17,13.51]}"
84_4,1,1.471127470722422E-4,CHIRPS,WA005,2007,"{""type"":""Point"",""coordinates"":[7.33,9.07]}"
84_5,1,0.1601932942867279,CHIRPS,WA006,2007,"{""type"":""Point"",""coordinates"":[-0.17,5.56]}"
84_6,1,0.23765142261981964,CHIRPS,WA007,2007,"{""type"":""Point"",""coordinates"":[-3.9299999999999997,5.349999999999999]}"
84_7,1,0.0077477446757256985,CHIRPS,WA008,2007,"{""type"":""Point"",""coordinates"":[-13.67,9.53]}"
84_8,1,0.011125544086098671,CHIRPS,WA009,2007,"{""type"":""Point"",""coordinates"":[-13.230000000000002,8.489999999999998]}"
84_9,1,0.34930774569511414,CHIRPS,WA010,2007,"{""type"":""Point"",""coordinates"":[-10.799999999999999,6.3]}"
84_10,1,0.0954023227095604,CHIRPS,WA011,2007,"{""type"":""Point"",""coordinates"":[1.22,6.130000000000001]}"
84_11,1,0.006529942620545626,CHIRPS,WA012,2007,"{""type"":""Point"",""coordinates"":[2.42,6.37]}"
84_12,1,9.233759919879958E-5,CHIRPS,WA013,2007,"{""type"":""Point"",""coordinates"":[8.52,12.05]}"
84_13,1,0.2543456256389618,CHIRPS,WA014,2007,"{""type"":""Point"",""coordinates"":[-1.62,6.69]}"
84_14,1,0.009748050943017006,CHIRPS,WA015,2007,"{""type"":""Point"",""coordinates"":[-16.680000000000003,13.45]}"
85_0,2,0.007539122831076384,CHIRPS,WA001,2007,"{""type"":""Point"",""coordinates"":[-17.470000000000002,14.73]}"
85_1,2,0.0020767487585544586,CHIRPS,WA002,2007,"{""type"":""Point"",""coordinates"":[-7.949999999999998,12.65]}"
85_2,2,0.0034646091517060995,CHIRPS,WA003,2007,"{""type"":""Point"",""coordinates"":[-1.5200000000000002,12.360000000000001]}"
85_3,2,4.3558573815971613E-4,CHIRPS,WA004,2007,"{""type"":""Point"",""coordinates"":[2.17,13.51]}"
85_4,2,0.1383214294910431,CHIRPS,WA005,2007,"{""type"":""Point"",""coordinates"":[7.33,9.07]}"
85_5,2,1.7098369598388672,CHIRPS,WA006,2007,"{""type"":""Point"",""coordinates"":[-0.17,5.56]}"
85_6,2,2.164635181427002,CHIRPS,WA007,2007,"{""type"":""Point"",""coordinates"":[-3.9299999999999997,5.349999999999999]}"
85_7,2,0.06133598834276199,CHIRPS,WA008,2007,"{""type"":""Point"",""coordinates"":[-13.67,9.53]}"
85_8,2,0.2611243426799774,CHIRPS,WA009,2007,"{""type"":""Point"",""coordinates"":[-13.230000000000002,8.489999999999998]}"
85_9,2,2.2431788444519043,CHIRPS,WA010,2007,"{""type"":""Point"",""coordinates"":[-10.799999999999999,6.3]}"
85_10,2,1.2702836990356445,CHIRPS,WA011,2007,"{""type"":""Point"",""coordinates"":[1.22,6.130000000000001]}"
85_11,2,1.2485600709915161,CHIRPS,WA012,2007,"{""type"":""Point"",""coordinates"":[2.42,6.37]}"
85_12,2,0.013798018917441368,CHIRPS,WA013,2007,"{""type"":""Point"",""coordinates"":[8.52,12.05]}"
85_13,2,1.8856675624847412,CHIRPS,WA014,2007,"{""type"":""Point"",""coordinates"":[-1.62,6.69]}"
85_14,2,0.00263428152538836,CHIRPS,WA015,2007,"{""type"":""Point"",""coordinates"":[-16.680000000000003,13.45]}"
86_0,3,9.485494229011238E-4,CHIRPS,WA001,2007,"{""type"":""Point"",""coordinates"":[-17.470000000000002,14.73]}"
86_1,3,0.023500801995396614,CHIRPS,WA002,2007,"{""type"":""Point"",""coordinates"":[-7.949999999999998,12.65]}"
86_2,3,0.059823669493198395,CHIRPS,WA003,2007,"{""type"":""Point"",""coordinates"":[-1.5200000000000002,12.360000000000001]}"
86_3,3,0.008489498868584633,CHIRPS,WA004,2007,"{""type"":""Point"",""coordinates"":[2.17,13.51]}"
86_4,3,0.8630634546279907,CHIRPS,WA005,2007,"{""type"":""Point"",""coordinates"":[7.33,9.07]}"
86_5,3,2.2850587368011475,CHIRPS,WA006,2007,"{""type"":""Point"",""coordinates"":[-0.17,5.56]}"
86_6,3,3.026110887527466,CHIRPS,WA007,2007,"{""type"":""Point"",""coordinates"":[-3.9299999999999997,5.349999999999999]}"
86_7,3,0.1734190732240677,CHIRPS,WA008,2007,"{""type"":""Point"",""coordinates"":[-13.67,9.53]}"
86_8,3,0.5706714391708374,CHIRPS,WA009,2007,"{""type"":""Point"",""coordinates"":[-13.230000000000002,8.489999999999998]}"
86_9,3,4.016532897949219,CHIRPS,WA010,2007,"{""type"":""Point"",""coordinates"":[-10.799999999999999,6.3]}"
86_10,3,2.174722194671631,CHIRPS,WA011,2007,"{""type"":""Point"",""coordinates"":[1.22,6.130000000000001]}"
86_11,3,2.097174882888794,CHIRPS,WA012,2007,"{""type"":""Point"",""coordinates"":[2.42,6.37]}"
86_12,3,0.11772753298282623,CHIRPS,WA013,2007,"{""type"":""Point"",""coordinates"":[8.52,12.05]}"
86_13,3,3.1109142303466797,CHIRPS,WA014,2007,"{""type"":""Point"",""coordinates"":[-1.62,6.69]}"
86_14,3,0.0027576922439038754,CHIRPS,WA015,2007,"{""type"":""Point"",""coordinates"":[-16.680000000000003,13.45]}"
87_0,4,0.0011287475936114788,CHIRPS,WA001,2007,"{""type"":""Point"",""coordinates"":[-17.470000000000002,14.73]}"
87_1,4,0.26357442140579224,CHIRPS,WA002,2007,"{""type"":""Point"",""coordinates"":[-7.949999999999998,12.65]}"
87_2,4,1.6504170894622803,CHIRPS,WA003,2007,"{""type"":""Point"",""coordinates"":[-1.5200000000000002,12.360000000000001]}"
87_3,4,0.14725811779499054,CHIRPS,WA004,2007,"{""type"":""Point"",""coordinates"":[2.17,13.51]}"
87_4,4,2.8043205738067627,CHIRPS,WA005,2007,"{""type"":""Point"",""coordinates"":[7.33,9.07]}"
87_5,4,3.656083106994629,CHIRPS,WA006,2007,"{""type"":""Point"",""coordinates"":[-0.17,5.56]}"
87_6,4,5.46754789352417,CHIRPS,WA007,2007,"{""type"":""Point"",""coordinates"":[-3.9299999999999997,5.349999999999999]}"
87_7,4,0.9632799029350281,CHIRPS,WA008,2007,"{""type"":""Point"",""coordinates"":[-13.67,9.53]}"
87_8,4,2.1148757934570312,CHIRPS,WA009,2007,"{""type"":""Point"",""coordinates"":[-13.230000000000002,8.489999999999998]}"
87_9,4,6.468685626983643,CHIRPS,WA010,2007,"{""type"":""Point"",""coordinates"":[-10.799999999999999,6.3]}"
87_10,4,3.3446075916290283,CHIRPS,WA011,2007,"{""type"":""Point"",""coordinates"":[1.22,6.130000000000001]}"
87_11,4,2.44803524017334,CHIRPS,WA012,2007,"{""type"":""Point"",""coordinates"":[2.42,6.37]}"
87_12,4,0.6331507563591003,CHIRPS,WA013,2007,"{""type"":""Point"",""coordinates"":[8.52,12.05]}"
87_13,4,7.729645729064941,CHIRPS,WA014,2007,"{""type"":""Point"",""coordinates"":[-1.62,6.69]}"
87_14,4,9.906557388603687E-4,CHIRPS,WA015,2007,"{""type"":""Point"",""coordinates"":[-16.680000000000003,13.45]}"
88_0,5,0.0026977593079209328,CHIRPS,WA001,2007,"{""type"":""Point"",""coordinates"":[-17.470000000000002,14.73]}"
88_1,5,1.6638151407241821,CHIRPS,WA002,2007,"{""type"":""Point"",""coordinates"":[-7.949999999999998,12.65]}"
88_2,5,1.3307368755340576,CHIRPS,WA003,2007,"{""type"":""Point"",""coordinates"":[-1.5200000000000002,12.360000000000001]}"
88_3,5,0.6558395028114319,CHIRPS,WA004,2007,"{""type"":""Point"",""coordinates"":[2.17,13.51]}"
88_4,5,5.374514579772949,CHIRPS,WA005,2007,"{""type"":""Point"",""coordinates"":[7.33,9.07]}"
88_5,5,4.781833648681641,CHIRPS,WA006,2007,"{""type"":""Point"",""coordinates"":[-0.17,5.56]}"
88_6,5,5.166810512542725,CHIRPS,WA007,2007,"{""type"":""Point"",""coordinates"":[-3.9299999999999997,5.349999999999999]}"
88_7,5,2.3846375942230225,CHIRPS,WA008,2007,"{""type"":""Point"",""coordinates"":[-13.67,9.53]}"
88_8,5,2.725851535797119,CHIRPS,WA009,2007,"{""type"":""Point"",""coordinates"":[-13.230000000000002,8.489999999999998]}"
88_9,5,9.10610580444336,CHIRPS,WA010,2007,"{""type"":""Point"",""coordinates"":[-10.799999999999999,6.3]}"
88_10,5,5.080685138702393,CHIRPS,WA011,2007,"{""type"":""Point"",""coordinates"":[1.22,6.130000000000001]}"
88_11,5,6.1336774826049805,CHIRPS,WA012,2007,"{""type"":""Point"",""coordinates"":[2.42,6.37]}"
88_12,5,1.941198706626892,CHIRPS,WA013,2007,"{""type"":""Point"",""coordinates"":[8.52,12.05]}"
88_13,5,5.059520721435547,CHIRPS,WA014,2007,"{""type"":""Point"",""coordinates"":[-1.62,6.69]}"
88_14,5,0.04272184893488884,CHIRPS,WA015,2007,"{""type"":""Point"",""coordinates"":[-16.680000000000003,13.45]}"
89_0,6,0.31500956416130066,CHIRPS,WA001,2007,"{""type"":""Point"",""coordinates"":[-17.470000000000002,14.73]}"
89_1,6,2.8129446506500244,CHIRPS,WA002,2007,"{""type"":""Point"",""coordinates"":[-7.949999999999998,12.65]}"
89_2,6,1.6668895483016968,CHIRPS,WA003,2007,"{""type"":""Point"",""coordinates"":[-1.5200000000000002,12.360000000000001]}"
89_3,6,1.7724273204803467,CHIRPS,WA004,2007,"{""type"":""Point"",""coordinates"":[2.17,13.51]}"
89_4,6,4.936813831329346,CHIRPS,WA005,2007,"{""type"":""Point"",""coordinates"":[7.33,9.07]}"
89_5,6,6.009153366088867,CHIRPS,WA006,2007,"{""type"":""Point"",""coordinates"":[-0.17,5.56]}"
89_6,6,8.659022331237793,CHIRPS,WA007,2007,"{""type"":""Point"",""coordinates"":[-3.9299999999999997,5.349999999999999]}"
89_7,6,8.025391578674316,CHIRPS,WA008,2007,"{""type"":""Point"",""coordinates"":[-13.67,9.53]}"
89_8,6,10.716032981872559,CHIRPS,WA009,2007,"{""type"":""Point"",""coordinates"":[-13.230000000000002,8.489999999999998]}"
89_9,6,21.200420379638672,CHIRPS,WA010,2007,"{""type"":""Point"",""coordinates"":[-10.799999999999999,6.3]}"
89_10,6,6.30827522277832,CHIRPS,WA011,2007,"{""type"":""Point"",""coordinates"":[1.22,6.130000000000001]}"
89_11,6,11.39989948272705,CHIRPS,WA012,2007,"{""type"":""Point"",""coordinates"":[2.42,6.37]}"
89_12,6,2.78420090675354,CHIRPS,WA013,2007,"{""type"":""Point"",""coordinates"":[8.52,12.05]}"
89_13,6,6.357325077056885,CHIRPS,WA014,2007,"{""type"":""Point"",""coordinates"":[-1.62,6.69]}"
89_14,6,0.7958118915557861,CHIRPS,WA015,2007,"{""type"":""Point"",""coordinates"":[-16.680000000000003,13.45]}"
90_0,7,2.595146894454956,CHIRPS,WA001,2007,"{""type"":""Point"",""coordinates"":[-17.470000000000002,14.73]}"
90_1,7,6.2358832359313965,CHIRPS,WA002,2007,"{""type"":""Point"",""coordinates"":[-7.949999999999998,12.65]}"
90_2,7,4.376068115234375,CHIRPS,WA003,2007,"{""type"":""Point"",""coordinates"":[-1.5200000000000002,12.360000000000001]}"
90_3,7,5.006816387176514,CHIRPS,WA004,2007,"{""type"":""Point"",""coordinates"":[2.17,13.51]}"
90_4,7,5.727309226989746,CHIRPS,WA005,2007,"{""type"":""Point"",""coordinates"":[7.33,9.07]}"
90_5,7,5.305229663848877,CHIRPS,WA006,2007,"{""type"":""Point"",""coordinates"":[-0.17,5.56]}"
90_6,7,5.710583209991455,CHIRPS,WA007,2007,"{""type"":""Point"",""coordinates"":[-3.9299999999999997,5.349999999999999]}"
90_7,7,23.459651947021484,CHIRPS,WA008,2007,"{""type"":""Point"",""coordinates"":[-13.67,9.53]}"
90_8,7,19.986669540405273,CHIRPS,WA009,2007,"{""type"":""Point"",""coordinates"":[-13.230000000000002,8.489999999999998]}"
90_9,7,24.748851776123047,CHIRPS,WA010,2007,"{""type"":""Point"",""coordinates"":[-10.799999999999999,6.3]}"
90_10,7,5.105431079864502,CHIRPS,WA011,2007,"{""type"":""Point"",""coordinates"":[1.22,6.130000000000001]}"
90_11,7,7.760890007019043,CHIRPS,WA012,2007,"{""type"":""Point"",""coordinates"":[2.42,6.37]}"
90_12,7,5.191195011138916,CHIRPS,WA013,2007,"{""type"":""Point"",""coordinates"":[8.52,12.05]}"
90_13,7,7.471272945404053,CHIRPS,WA014,2007,"{""type"":""Point"",""coordinates"":[-1.62,6.69]}"
90_14,7,4.7142744064331055,CHIRPS,WA015,2007,"{""type"":""Point"",""coordinates"":[-16.680000000000003,13.45]}"
91_0,8,3.9215426445007324,CHIRPS,WA001,2007,"{""type"":""Point"",""coordinates"":[-17.470000000000002,14.73]}"
91_1,8,7.85340690612793,CHIRPS,WA002,2007,"{""type"":""Point"",""coordinates"":[-7.949999999999998,12.65]}"
91_2,8,8.636152267456055,CHIRPS,WA003,2007,"{""type"":""Point"",""coordinates"":[-1.5200000000000002,12.360000000000001]}"
91_3,8,6.3826680183410645,CHIRPS,WA004,2007,"{""type"":""Point"",""coordinates"":[2.17,13.51]}"
91_4,8,10.534398078918457,CHIRPS,WA005,2007,"{""type"":""Point"",""coordinates"":[7.33,9.07]}"
91_5,8,2.6548268795013428,CHIRPS,WA006,2007,"{""type"":""Point"",""coordinates"":[-0.17,5.56]}"
91_6,8,1.3261750936508179,CHIRPS,WA007,2007,"{""type"":""Point"",""coordinates"":[-3.9299999999999997,5.349999999999999]}"
91_7,8,29.291446685791016,CHIRPS,WA008,2007,"{""type"":""Point"",""coordinates"":[-13.67,9.53]}"
91_8,8,26.50457191467285,CHIRPS,WA009,2007,"{""type"":""Point"",""coordinates"":[-13.230000000000002,8.489999999999998]}"
91_9,8,20.61557388305664,CHIRPS,WA010,2007,"{""type"":""Point"",""coordinates"":[-10.799999999999999,6.3]}"
91_10,8,2.5483741760253906,CHIRPS,WA011,2007,"{""type"":""Point"",""coordinates"":[1.22,6.130000000000001]}"
91_11,8,2.9468624591827393,CHIRPS,WA012,2007,"{""type"":""Point"",""coordinates"":[2.42,6.37]}"
91_12,8,7.492049217224121,CHIRPS,WA013,2007,"{""type"":""Point"",""coordinates"":[8.52,12.05]}"
91_13,8,4.30368185043335,CHIRPS,WA014,2007,"{""type"":""Point"",""coordinates"":[-1.62,6.69]}"
91_14,8,7.469981670379639,CHIRPS,WA015,2007,"{""type"":""Point"",""coordinates"":[-16.680000000000003,13.45]}"
92_0,9,6.198002338409424,CHIRPS,WA001,2007,"{""type"":""Point"",""coordinates"":[-17.470000000000002,14.73]}"
92_1,9,4.65540885925293,CHIRPS,WA002,2007,"{""type"":""Point"",""coordinates"":[-7.949999999999998,12.65]}"
92_2,9,4.065377235412598,CHIRPS,WA003,2007,"{""type"":""Point"",""coordinates"":[-1.5200000000000002,12.360000000000001]}"
92_3,9,1.747887372970581,CHIRPS,WA004,2007,"{""type"":""Point"",""coordinates"":[2.17,13.51]}"
92_4,9,9.332528114318848,CHIRPS,WA005,2007,"{""type"":""Point"",""coordinates"":[7.33,9.07]}"
92_5,9,7.191802501678467,CHIRPS,WA006,2007,"{""type"":""Point"",""coordinates"":[-0.17,5.56]}"
92_6,9,4.504826068878174,CHIRPS,WA007,2007,"{""type"":""Point"",""coordinates"":[-3.9299999999999997,5.349999999999999]}"
92_7,9,15.867851257324219,CHIRPS,WA008,2007,"{""type"":""Point"",""coordinates"":[-13.67,9.53]}"
92_8,9,15.202783584594727,CHIRPS,WA009,2007,"{""type"":""Point"",""coordinates"":[-13.230000000000002,8.489999999999998]}"
92_9,9,20.150638580322266,CHIRPS,WA010,2007,"{""type"":""Point"",""coordinates"":[-10.799999999999999,6.3]}"
92_10,9,6.930869102478027,CHIRPS,WA011,2007,"{""type"":""Point"",""coordinates"":[1.22,6.130000000000001]}"
92_11,9,7.710160732269287,CHIRPS,WA012,2007,"{""type"":""Point"",""coordinates"":[2.42,6.37]}"
92_12,9,3.040196418762207,CHIRPS,WA013,2007,"{""type"":""Point"",""coordinates"":[8.52,12.05]}"
92_13,9,14.264443397521973,CHIRPS,WA014,2007,"{""type"":""Point"",""coordinates"":[-1.62,6.69]}"
92_14,9,8.219095230102539,CHIRPS,WA015,2007,"{""type"":""Point"",""coordinates"":[-16.680000000000003,13.45]}"
93_0,10,0.17655469477176666,CHIRPS,WA001,2007,"{""type"":""Point"",""coordinates"":[-17.470000000000002,14.73]}"
93_1,10,1.1704342365264893,CHIRPS,WA002,2007,"{""type"":""Point"",""coordinates"":[-7.949999999999998,12.65]}"
93_2,10,0.2027047872543335,CHIRPS,WA003,2007,"{""type"":""Point"",""coordinates"":[-1.5200000000000002,12.360000000000001]}"
93_3,10,0.03009556606411934,CHIRPS,WA004,2007,"{""type"":""Point"",""coordinates"":[2.17,13.51]}"
93_4,10,5.0120134353637695,CHIRPS,WA005,2007,"{""type"":""Point"",""coordinates"":[7.33,9.07]}"
93_5,10,5.2983479499816895,CHIRPS,WA006,2007,"{""type"":""Point"",""coordinates"":[-0.17,5.56]}"
93_6,10,7.047708034515381,CHIRPS,WA007,2007,"{""type"":""Point"",""coordinates"":[-3.9299999999999997,5.349999999999999]}"
93_7,10,8.749838829040527,CHIRPS,WA008,2007,"{""type"":""Point"",""coordinates"":[-13.67,9.53]}"
93_8,10,9.98056697845459,CHIRPS,WA009,2007,"{""type"":""Point"",""coordinates"":[-13.230000000000002,8.489999999999998]}"
93_9,10,11.564364433288574,CHIRPS,WA010,2007,"{""type"":""Point"",""coordinates"":[-10.799999999999999,6.3]}"
93_10,10,4.7469940185546875,CHIRPS,WA011,2007,"{""type"":""Point"",""coordinates"":[1.22,6.130000000000001]}"
93_11,10,6.225439071655273,CHIRPS,WA012,2007,"{""type"":""Point"",""coordinates"":[2.42,6.37]}"
93_12,10,0.14877432584762573,CHIRPS,WA013,2007,"{""type"":""Point"",""coordinates"":[8.52,12.05]}"
93_13,10,7.01662540435791,CHIRPS,WA014,2007,"{""type"":""Point"",""coordinates"":[-1.62,6.69]}"
93_14,10,0.7404635548591614,CHIRPS,WA015,2007,"{""type"":""Point"",""coordinates"":[-16.680000000000003,13.45]}"
94_0,11,0.016663873568177223,CHIRPS,WA001,2007,"{""type"":""Point"",""coordinates"":[-17.470000000000002,14.73]}"
94_1,11,0.05521679297089577,CHIRPS,WA002,2007,"{""type"":""Point"",""coordinates"":[-7.949999999999998,12.65]}"
94_2,11,0.006279016379266977,CHIRPS,WA003,2007,"{""type"":""Point"",""coordinates"":[-1.5200000000000002,12.360000000000001]}"
94_3,11,2.4090662191156298E-4,CHIRPS,WA004,2007,"{""type"":""Point"",""coordinates"":[2.17,13.51]}"
94_4,11,0.06767552345991135,CHIRPS,WA005,2007,"{""type"":""Point"",""coordinates"":[7.33,9.07]}"
94_5,11,1.806694507598877,CHIRPS,WA006,2007,"{""type"":""Point"",""coordinates"":[-0.17,5.56]}"
94_6,11,5.107746601104736,CHIRPS,WA007,2007,"{""type"":""Point"",""coordinates"":[-3.9299999999999997,5.349999999999999]}"
94_7,11,2.637917995452881,CHIRPS,WA008,2007,"{""type"":""Point"",""coordinates"":[-13.67,9.53]}"
94_8,11,5.214993000030518,CHIRPS,WA009,2007,"{""type"":""Point"",""coordinates"":[-13.230000000000002,8.489999999999998]}"
94_9,11,4.548186779022217,CHIRPS,WA010,2007,"{""type"":""Point"",""coordinates"":[-10.799999999999999,6.3]}"
94_10,11,1.0237735509872437,CHIRPS,WA011,2007,"{""type"":""Point"",""coordinates"":[1.22,6.130000000000001]}"
94_11,11,1.400592565536499,CHIRPS,WA012,2007,"{""type"":""Point"",""coordinates"":[2.42,6.37]}"
94_12,11,0.0016612261533737183,CHIRPS,WA013,2007,"{""type"":""Point"",""coordinates"":[8.52,12.05]}"
94_13,11,2.319719076156616,CHIRPS,WA014,2007,"{""type"":""Point"",""coordinates"":[-1.62,6.69]}"
94_14,11,0.03579510748386383,CHIRPS,WA015,2007,"{""type"":""Point"",""coordinates"":[-16.680000000000003,13.45]}"
95_0,12,0.02670128270983696,CHIRPS,WA001,2007,"{""type"":""Point"",""coordinates"":[-17.470000000000002,14.73]}"
95_1,12,2.425114216748625E-4,CHIRPS,WA002,2007,"{""type"":""Point"",""coordinates"":[-7.949999999999998,12.65]}"
95_2,12,0.0018165817018598318,CHIRPS,WA003,2007,"{""type"":""Point"",""coordinates"":[-1.5200000000000002,12.360000000000001]}"
95_3,12,9.080283052753657E-5,CHIRPS,WA004,2007,"{""type"":""Point"",""coordinates"":[2.17,13.51]}"
95_4,12,0.01603507436811924,CHIRPS,WA005,2007,"{""type"":""Point"",""coordinates"":[7.33,9.07]}"
95_5,12,0.8146207928657532,CHIRPS,WA006,2007,"{""type"":""Point"",""coordinates"":[-0.17,5.56]}"
95_6,12,2.7287967205047607,CHIRPS,WA007,2007,"{""type"":""Point"",""coordinates"":[-3.9299999999999997,5.349999999999999]}"
95_7,12,0.43940070271492004,CHIRPS,WA008,2007,"{""type"":""Point"",""coordinates"":[-13.67,9.53]}"
95_8,12,0.934997022151947,CHIRPS,WA009,2007,"{""type"":""Point"",""coordinates"":[-13.230000000000002,8.489999999999998]}"
95_9,12,1.7852811813354492,CHIRPS,WA010,2007,"{""type"":""Point"",""coordinates"":[-10.799999999999999,6.3]}"
95_10,12,0.692766547203064,CHIRPS,WA011,2007,"{""type"":""Point"",""coordinates"":[1.22,6.130000000000001]}"
95_11,12,1.1809182167053223,CHIRPS,WA012,2007,"{""type"":""Point"",""coordinates"":[2.42,6.37]}"
95_12,12,0.0010382493492215872,CHIRPS,WA013,2007,"{""type"":""Point"",""coordinates"":[8.52,12.05]}"
95_13,12,1.060349464416504,CHIRPS,WA014,2007,"{""type"":""Point"",""coordinates"":[-1.62,6.69]}"
95_14,12,0.02449304796755314,CHIRPS,WA015,2007,"{""type"":""Point"",""coordinates"":[-16.680000000000003,13.45]}"
96_0,1,0.025038572028279305,CHIRPS,WA001,2008,"{""type"":""Point"",""coordinates"":[-17.470000000000002,14.73]}"
96_1,1,1.8785803695209324E-4,CHIRPS,WA002,2008,"{""type"":""Point"",""coordinates"":[-7.949999999999998,12.65]}"
96_2,1,0.00135998975019902,CHIRPS,WA003,2008,"{""type"":""Point"",""coordinates"":[-1.5200000000000002,12.360000000000001]}"
96_3,1,3.0871990020386875E-5,CHIRPS,WA004,2008,"{""type"":""Point"",""coordinates"":[2.17,13.51]}"
96_4,1,0.01712006889283657,CHIRPS,WA005,2008,"{""type"":""Point"",""coordinates"":[7.33,9.07]}"
96_5,1,0.2918751835823059,CHIRPS,WA006,2008,"{""type"":""Point"",""coordinates"":[-0.17,5.56]}"
96_6,1,0.16083091497421265,CHIRPS,WA007,2008,"{""type"":""Point"",""coordinates"":[-3.9299999999999997,5.349999999999999]}"
96_7,1,0.007546070031821728,CHIRPS,WA008,2008,"{""type"":""Point"",""coordinates"":[-13.67,9.53]}"
96_8,1,0.0877300351858139,CHIRPS,WA009,2008,"{""type"":""Point"",""coordinates"":[-13.230000000000002,8.489999999999998]}"
96_9,1,0.4190904498100281,CHIRPS,WA010,2008,"{""type"":""Point"",""coordinates"":[-10.799999999999999,6.3]}"
96_10,1,0.22961995005607605,CHIRPS,WA011,2008,"{""type"":""Point"",""coordinates"":[1.22,6.130000000000001]}"
96_11,1,0.26535695791244507,CHIRPS,WA012,2008,"{""type"":""Point"",""coordinates"":[2.42,6.37]}"
96_12,1,0.0016700827982276678,CHIRPS,WA013,2008,"{""type"":""Point"",""coordinates"":[8.52,12.05]}"
96_13,1,0.037093985825777054,CHIRPS,WA014,2008,"{""type"":""Point"",""coordinates"":[-1.62,6.69]}"
96_14,1,0.012694578617811203,CHIRPS,WA015,2008,"{""type"":""Point"",""coordinates"":[-16.680000000000003,13.45]}"
97_0,2,0.007031768560409546,CHIRPS,WA001,2008,"{""type"":""Point"",""coordinates"":[-17.470000000000002,14.73]}"
97_1,2,1.4965135778766125E-4,CHIRPS,WA002,2008,"{""type"":""Point"",""coordinates"":[-7.949999999999998,12.65]}"
97_2,2,5.699432222172618E-4,CHIRPS,WA003,2008,"{""type"":""Point"",""coordinates"":[-1.5200000000000002,12.360000000000001]}"
97_3,2,0.0,CHIRPS,WA004,2008,"{""type"":""Point"",""coordinates"":[2.17,13.51]}"
97_4,2,0.0036079527344554663,CHIRPS,WA005,2008,"{""type"":""Point"",""coordinates"":[7.33,9.07]}"
97_5,2,0.6939896941184998,CHIRPS,WA006,2008,"{""type"":""Point"",""coordinates"":[-0.17,5.56]}"
97_6,2,1.404783844947815,CHIRPS,WA007,2008,"{""type"":""Point"",""coordinates"":[-3.9299999999999997,5.349999999999999]}"
97_7,2,0.06171374395489693,CHIRPS,WA008,2008,"{""type"":""Point"",""coordinates"":[-13.67,9.53]}"
97_8,2,0.2446112185716629,CHIRPS,WA009,2008,"{""type"":""Point"",""coordinates"":[-13.230000000000002,8.489999999999998]}"
97_9,2,2.0514309406280518,CHIRPS,WA010,2008,"{""type"":""Point"",""coordinates"":[-10.799999999999999,6.3]}"
97_10,2,0.43304604291915894,CHIRPS,WA011,2008,"{""type"":""Point"",""coordinates"":[1.22,6.130000000000001]}"
97_11,2,0.22692829370498657,CHIRPS,WA012,2008,"{""type"":""Point"",""coordinates"":[2.42,6.37]}"
97_12,2,8.758682088227943E-5,CHIRPS,WA013,2008,"{""type"":""Point"",""coordinates"":[8.52,12.05]}"
97_13,2,1.1381217241287231,CHIRPS,WA014,2008,"{""type"":""Point"",""coordinates"":[-1.62,6.69]}"
97_14,2,4.0419341530650854E-4,CHIRPS,WA015,2008,"{""type"":""Point"",""coordinates"":[-16.680000000000003,13.45]}"
98_0,3,0.0,CHIRPS,WA001,2008,"{""type"":""Point"",""coordinates"":[-17.470000000000002,14.73]}"
98_1,3,0.04531855508685112,CHIRPS,WA002,2008,"{""type"":""Point"",""coordinates"":[-7.949999999999998,12.65]}"
98_2,3,0.06200290843844414,CHIRPS,WA003,2008,"{""type"":""Point"",""coordinates"":[-1.5200000000000002,12.360000000000001]}"
98_3,3,0.0015929241199046373,CHIRPS,WA004,2008,"{""type"":""Point"",""coordinates"":[2.17,13.51]}"
98_4,3,0.5834192633628845,CHIRPS,WA005,2008,"{""type"":""Point"",""coordinates"":[7.33,9.07]}"
98_5,3,2.8049991130828857,CHIRPS,WA006,2008,"{""type"":""Point"",""coordinates"":[-0.17,5.56]}"
98_6,3,4.613035678863525,CHIRPS,WA007,2008,"{""type"":""Point"",""coordinates"":[-3.9299999999999997,5.349999999999999]}"
98_7,3,0.20422378182411194,CHIRPS,WA008,2008,"{""type"":""Point"",""coordinates"":[-13.67,9.53]}"
98_8,3,0.5642064809799194,CHIRPS,WA009,2008,"{""type"":""Point"",""coordinates"":[-13.230000000000002,8.489999999999998]}"
98_9,3,2.760530710220337,CHIRPS,WA010,2008,"{""type"":""Point"",""coordinates"":[-10.799999999999999,6.3]}"
98_10,3,2.806488037109375,CHIRPS,WA011,2008,"{""type"":""Point"",""coordinates"":[1.22,6.130000000000001]}"
98_11,3,2.906315803527832,CHIRPS,WA012,2008,"{""type"":""Point"",""coordinates"":[2.42,6.37]}"
98_12,3,0.01747015304863453,CHIRPS,WA013,2008,"{""type"":""Point"",""coordinates"":[8.52,12.05]}"
98_13,3,4.622732639312744,CHIRPS,WA014,2008,"{""type"":""Point"",""coordinates"":[-1.62,6.69]}"
98_14,3,5.14508574269712E-4,CHIRPS,WA015,2008,"{""type"":""Point"",""coordinates"":[-16.680000000000003,13.45]}"
99_0,4,3.0427218007389456E-5,CHIRPS,WA001,2008,"{""type"":""Point"",""coordinates"":[-17.470000000000002,14.73]}"
99_1,4,0.8237825036048889,CHIRPS,WA002,2008,"{""type"":""Point"",""coordinates"":[-7.949999999999998,12.65]}"
99_2,4,0.19241444766521454,CHIRPS,WA003,2008,"{""type"":""Point"",""coordinates"":[-1.5200000000000002,12.360000000000001]}"
99_3,4,0.07733666896820068,CHIRPS,WA004,2008,"{""type"":""Point"",""coordinates"":[2.17,13.51]}"
99_4,4,2.340963363647461,CHIRPS,WA005,2008,"{""type"":""Point"",""coordinates"":[7.33,9.07]}"
99_5,4,5.367461681365967,CHIRPS,WA006,2008,"{""type"":""Point"",""coordinates"":[-0.17,5.56]}"
99_6,4,5.256223678588867,CHIRPS,WA007,2008,"{""type"":""Point"",""coordinates"":[-3.9299999999999997,5.349999999999999]}"
99_7,4,0.9269436597824097,CHIRPS,WA008,2008,"{""type"":""Point"",""coordinates"":[-13.67,9.53]}"
99_8,4,1.4055678844451904,CHIRPS,WA009,2008,"{""type"":""Point"",""coordinates"":[-13.230000000000002,8.489999999999998]}"
99_9,4,5.50338888168335,CHIRPS,WA010,2008,"{""type"":""Point"",""coordinates"":[-10.799999999999999,6.3]}"
99_10,4,3.22330641746521,CHIRPS,WA011,2008,"{""type"":""Point"",""coordinates"":[1.22,6.130000000000001]}"
99_11,4,2.763061046600342,CHIRPS,WA012,2008,"{""type"":""Point"",""coordinates"":[2.42,6.37]}"
99_12,4,0.21800170838832855,CHIRPS,WA013,2008,"{""type"":""Point"",""coordinates"":[8.52,12.05]}"
99_13,4,4.664164066314697,CHIRPS,WA014,2008,"{""type"":""Point"",""coordinates"":[-1.62,6.69]}"
99_14,4,4.551877500489354E-4,CHIRPS,WA015,2008,"{""type"":""Point"",""coordinates"":[-16.680000000000003,13.45]}"
100_0,5,5.905484067625366E-5,CHIRPS,WA001,2008,"{""type"":""Point"",""coordinates"":[-17.470000000000002,14.73]}"
100_1,5,1.5249824523925781,CHIRPS,WA002,2008,"{""type"":""Point"",""coordinates"":[-7.949999999999998,12.65]}"
100_2,5,1.6140891313552856,CHIRPS,WA003,2008,"{""type"":""Point"",""coordinates"":[-1.5200000000000002,12.360000000000001]}"
100_3,5,0.7566344738006592,CHIRPS,WA004,2008,"{""type"":""Point"",""coordinates"":[2.17,13.51]}"
100_4,5,5.531554222106934,CHIRPS,WA005,2008,"{""type"":""Point"",""coordinates"":[7.33,9.07]}"
100_5,5,7.321840286254883,CHIRPS,WA006,2008,"{""type"":""Point"",""coordinates"":[-0.17,5.56]}"
100_6,5,10.234102249145508,CHIRPS,WA007,2008,"{""type"":""Point"",""coordinates"":[-3.9299999999999997,5.349999999999999]}"
100_7,5,5.709102630615234,CHIRPS,WA008,2008,"{""type"":""Point"",""coordinates"":[-13.67,9.53]}"
100_8,5,7.211009502410889,CHIRPS,WA009,2008,"{""type"":""Point"",""coordinates"":[-13.230000000000002,8.489999999999998]}"
100_9,5,11.193333625793457,CHIRPS,WA010,2008,"{""type"":""Point"",""coordinates"":[-10.799999999999999,6.3]}"
100_10,5,6.543417930603027,CHIRPS,WA011,2008,"{""type"":""Point"",""coordinates"":[1.22,6.130000000000001]}"
100_11,5,6.706263065338135,CHIRPS,WA012,2008,"{""type"":""Point"",""coordinates"":[2.42,6.37]}"
100_12,5,1.5284802913665771,CHIRPS,WA013,2008,"{""type"":""Point"",""coordinates"":[8.52,12.05]}"
100_13,5,7.095264434814453,CHIRPS,WA014,2008,"{""type"":""Point"",""coordinates"":[-1.62,6.69]}"
100_14,5,0.03551079332828522,CHIRPS,WA015,2008,"{""type"":""Point"",""coordinates"":[-16.680000000000003,13.45]}"
101_0,6,0.8268093466758728,CHIRPS,WA001,2008,"{""type"":""Point"",""coordinates"":[-17.470000000000002,14.73]}"
101_1,6,3.730727434158325,CHIRPS,WA002,2008,"{""type"":""Point"",""coordinates"":[-7.949999999999998,12.65]}"
101_2,6,2.926488161087036,CHIRPS,WA003,2008,"{""type"":""Point"",""coordinates"":[-1.5200000000000002,12.360000000000001]}"
101_3,6,2.523322820663452,CHIRPS,WA004,2008,"{""type"":""Point"",""coordinates"":[2.17,13.51]}"
101_4,6,5.780170440673828,CHIRPS,WA005,2008,"{""type"":""Point"",""coordinates"":[7.33,9.07]}"
101_5,6,7.04050350189209,CHIRPS,WA006,2008,"{""type"":""Point"",""coordinates"":[-0.17,5.56]}"
101_6,6,11.91098403930664,CHIRPS,WA007,2008,"{""type"":""Point"",""coordinates"":[-3.9299999999999997,5.349999999999999]}"
101_7,6,10.5302734375,CHIRPS,WA008,2008,"{""type"":""Point"",""coordinates"":[-13.67,9.53]}"
101_8,6,11.447710037231445,CHIRPS,WA009,2008,"{""type"":""Point"",""coordinates"":[-13.230000000000002,8.489999999999998]}"
101_9,6,23.425825119018555,CHIRPS,WA010,2008,"{""type"":""Point"",""coordinates"":[-10.799999999999999,6.3]}"
101_10,6,6.544445514678955,CHIRPS,WA011,2008,"{""type"":""Point"",""coordinates"":[1.22,6.130000000000001]}"
101_11,6,10.42811107635498,CHIRPS,WA012,2008,"{""type"":""Point"",""coordinates"":[2.42,6.37]}"
101_12,6,2.523042678833008,CHIRPS,WA013,2008,"{""type"":""Point"",""coordinates"":[8.52,12.05]}"
101_13,6,8.602566719055176,CHIRPS,WA014,2008,"{""type"":""Point"",""coordinates"":[-1.62,6.69]}"
101_14,6,3.6475114822387695,CHIRPS,WA015,2008,"{""type"":""Point"",""coordinates"":[-16.680000000000003,13.45]}"
102_0,7,4.820469856262207,CHIRPS,WA001,2008,"{""type"":""Point"",""coordinates"":[-17.470000000000002,14.73]}"
102_1,7,8.824352264404297,CHIRPS,WA002,2008,"{""type"":""Point"",""coordinates"":[-7.949999999999998,12.65]}"
102_2,7,6.516457557678223,CHIRPS,WA003,2008,"{""type"":""Point"",""coordinates"":[-1.5200000000000002,12.360000000000001]}"
102_3,7,3.261586904525757,CHIRPS,WA004,2008,"{""type"":""Point"",""coordinates"":[2.17,13.51]}"
102_4,7,7.945513725280762,CHIRPS,WA005,2008,"{""type"":""Point"",""coordinates"":[7.33,9.07]}"
102_5,7,5.268306732177734,CHIRPS,WA006,2008,"{""type"":""Point"",""coordinates"":[-0.17,5.56]}"
102_6,7,6.8465704917907715,CHIRPS,WA007,2008,"{""type"":""Point"",""coordinates"":[-3.9299999999999997,5.349999999999999]}"
102_7,7,24.927919387817383,CHIRPS,WA008,2008,"{""type"":""Point"",""coordinates"":[-13.67,9.53]}"
102_8,7,24.2381534576416,CHIRPS,WA009,2008,"{""type"":""Point"",""coordinates"":[-13.230000000000002,8.489999999999998]}"
102_9,7,31.271467208862305,CHIRPS,WA010,2008,"{""type"":""Point"",""coordinates"":[-10.799999999999999,6.3]}"
102_10,7,5.410061836242676,CHIRPS,WA011,2008,"{""type"":""Point"",""coordinates"":[1.22,6.130000000000001]}"
102_11,7,7.545225620269775,CHIRPS,WA012,2008,"{""type"":""Point"",""coordinates"":[2.42,6.37]}"
102_12,7,6.601255416870117,CHIRPS,WA013,2008,"{""type"":""Point"",""coordinates"":[8.52,12.05]}"
102_13,7,7.157107353210449,CHIRPS,WA014,2008,"{""type"":""Point"",""coordinates"":[-1.62,6.69]}"
102_14,7,10.78972053527832,CHIRPS,WA015,2008,"{""type"":""Point"",""coordinates"":[-16.680000000000003,13.45]}"
103_0,8,6.267884731292725,CHIRPS,WA001,2008,"{""type"":""Point"",""coordinates"":[-17.470000000000002,14.73]}"
103_1,8,11.524033546447754,CHIRPS,WA002,2008,"{""type"":""Point"",""coordinates"":[-7.949999999999998,12.65]}"
103_2,8,7.305849552154541,CHIRPS,WA003,2008,"{""type"":""Point"",""coordinates"":[-1.5200000000000002,12.360000000000001]}"
103_3,8,6.113236427307129,CHIRPS,WA004,2008,"{""type"":""Point"",""coordinates"":[2.17,13.51]}"
103_4,8,9.988221168518066,CHIRPS,WA005,2008,"{""type"":""Point"",""coordinates"":[7.33,9.07]}"
103_5,8,2.3324837684631348,CHIRPS,WA006,2008,"{""type"":""Point"",""coordinates"":[-0.17,5.56]}"
103_6,8,1.8101348876953125,CHIRPS,WA007,2008,"{""type"":""Point"",""coordinates"":[-3.9299999999999997,5.349999999999999]}"
103_7,8,25.072261810302734,CHIRPS,WA008,2008,"{""type"":""Point"",""coordinates"":[-13.67,9.53]}"
103_8,8,24.60764503479004,CHIRPS,WA009,2008,"{""type"":""Point"",""coordinates"":[-13.230000000000002,8.489999999999998]}"
103_9,8,18.750171661376953,CHIRPS,WA010,2008,"{""type"":""Point"",""coordinates"":[-10.799999999999999,6.3]}"
103_10,8,1.94315505027771,CHIRPS,WA011,2008,"{""type"":""Point"",""coordinates"":[1.22,6.130000000000001]}"
103_11,8,1.9830092191696167,CHIRPS,WA012,2008,"{""type"":""Point"",""coordinates"":[2.42,6.37]}"
103_12,8,9.605743408203125,CHIRPS,WA013,2008,"{""type"":""Point"",""coordinates"":[8.52,12.05]}"
103_13,8,3.6949992179870605,CHIRPS,WA014,2008,"{""type"":""Point"",""coordinates"":[-1.62,6.69]}"
103_14,8,12.495650291442871,CHIRPS,WA015,2008,"{""type"":""Point"",""coordinates"":[-16.680000000000003,13.45]}"
104_0,9,6.136017799377441,CHIRPS,WA001,2008,"{""type"":""Point"",""coordinates"":[-17.470000000000002,14.73]}"
104_1,9,5.041238784790039,CHIRPS,WA002,2008,"{""type"":""Point"",""coordinates"":[-7.949999999999998,12.65]}"
104_2,9,3.629131555557251,CHIRPS,WA003,2008,"{""type"":""Point"",""coordinates"":[-1.5200000000000002,12.360000000000001]}"
104_3,9,1.4755054712295532,CHIRPS,WA004,2008,"{""type"":""Point"",""coordinates"":[2.17,13.51]}"
104_4,9,7.772246837615967,CHIRPS,WA005,2008,"{""type"":""Point"",""coordinates"":[7.33,9.07]}"
104_5,9,3.088864326477051,CHIRPS,WA006,2008,"{""type"":""Point"",""coordinates"":[-0.17,5.56]}"
104_6,9,3.5190935134887695,CHIRPS,WA007,2008,"{""type"":""Point"",""coordinates"":[-3.9299999999999997,5.349999999999999]}"
104_7,9,13.361861228942871,CHIRPS,WA008,2008,"{""type"":""Point"",""coordinates"":[-13.67,9.53]}"
104_8,9,16.64130401611328,CHIRPS,WA009,2008,"{""type"":""Point"",""coordinates"":[-13.230000000000002,8.489999999999998]}"
104_9,9,19.0660343170166,CHIRPS,WA010,2008,"{""type"":""Point"",""coordinates"":[-10.799999999999999,6.3]}"
104_10,9,4.075912952423096,CHIRPS,WA011,2008,"{""type"":""Point"",""coordinates"":[1.22,6.130000000000001]}"
104_11,9,5.846812725067139,CHIRPS,WA012,2008,"{""type"":""Point"",""coordinates"":[2.42,6.37]}"
104_12,9,3.6223576068878174,CHIRPS,WA013,2008,"{""type"":""Point"",""coordinates"":[8.52,12.05]}"
104_13,9,6.613003730773926,CHIRPS,WA014,2008,"{""type"":""Point"",""coordinates"":[-1.62,6.69]}"
104_14,9,6.783532619476318,CHIRPS,WA015,2008,"{""type"":""Point"",""coordinates"":[-16.680000000000003,13.45]}"
105_0,10,0.5982568860054016,CHIRPS,WA001,2008,"{""type"":""Point"",""coordinates"":[-17.470000000000002,14.73]}"
105_1,10,2.977776288986206,CHIRPS,WA002,2008,"{""type"":""Point"",""coordinates"":[-7.949999999999998,12.65]}"
105_2,10,0.8461071848869324,CHIRPS,WA003,2008,"{""type"":""Point"",""coordinates"":[-1.5200000000000002,12.360000000000001]}"
105_3,10,0.20886999368667603,CHIRPS,WA004,2008,"{""type"":""Point"",""coordinates"":[2.17,13.51]}"
105_4,10,2.798823118209839,CHIRPS,WA005,2008,"{""type"":""Point"",""coordinates"":[7.33,9.07]}"
105_5,10,3.427466869354248,CHIRPS,WA006,2008,"{""type"":""Point"",""coordinates"":[-0.17,5.56]}"
105_6,10,4.8725972175598145,CHIRPS,WA007,2008,"{""type"":""Point"",""coordinates"":[-3.9299999999999997,5.349999999999999]}"
105_7,10,8.476033210754395,CHIRPS,WA008,2008,"{""type"":""Point"",""coordinates"":[-13.67,9.53]}"
105_8,10,9.422889709472656,CHIRPS,WA009,2008,"{""type"":""Point"",""coordinates"":[-13.230000000000002,8.489999999999998]}"
105_9,10,10.541594505310059,CHIRPS,WA010,2008,"{""type"":""Point"",""coordinates"":[-10.799999999999999,6.3]}"
105_10,10,3.688596248626709,CHIRPS,WA011,2008,"{""type"":""Point"",""coordinates"":[1.22,6.130000000000001]}"
105_11,10,5.124054908752441,CHIRPS,WA012,2008,"{""type"":""Point"",""coordinates"":[2.42,6.37]}"
105_12,10,0.19015340507030487,CHIRPS,WA013,2008,"{""type"":""Point"",""coordinates"":[8.52,12.05]}"
105_13,10,7.093569278717041,CHIRPS,WA014,2008,"{""type"":""Point"",""coordinates"":[-1.62,6.69]}"
105_14,10,1.9693716764450073,CHIRPS,WA015,2008,"{""type"":""Point"",""coordinates"":[-16.680000000000003,13.45]}"
106_0,11,0.002265908755362034,CHIRPS,WA001,2008,"{""type"":""Point"",""coordinates"":[-17.470000000000002,14.73]}"
106_1,11,0.007052387110888958,CHIRPS,WA002,2008,"{""type"":""Point"",""coordinates"":[-7.949999999999998,12.65]}"
106_2,11,6.234518950805068E-4,CHIRPS,WA003,2008,"{""type"":""Point"",""coordinates"":[-1.5200000000000002,12.360000000000001]}"
106_3,11,1.3363041034608614E-5,CHIRPS,WA004,2008,"{""type"":""Point"",""coordinates"":[2.17,13.51]}"
106_4,11,0.019546153023838997,CHIRPS,WA005,2008,"{""type"":""Point"",""coordinates"":[7.33,9.07]}"
106_5,11,3.8671092987060547,CHIRPS,WA006,2008,"{""type"":""Point"",""coordinates"":[-0.17,5.56]}"
106_6,11,4.348115921020508,CHIRPS,WA007,2008,"{""type"":""Point"",""coordinates"":[-3.9299999999999997,5.349999999999999]}"
106_7,11,1.2148263454437256,CHIRPS,WA008,2008,"{""type"":""Point"",""coordinates"":[-13.67,9.53]}"
106_8,11,2.538466691970825,CHIRPS,WA009,2008,"{""type"":""Point"",""coordinates"":[-13.230000000000002,8.489999999999998]}"
106_9,11,2.7081503868103027,CHIRPS,WA010,2008,"{""type"":""Point"",""coordinates"":[-10.799999999999999,6.3]}"
106_10,11,1.9558448791503906,CHIRPS,WA011,2008,"{""type"":""Point"",""coordinates"":[1.22,6.130000000000001]}"
106_11,11,1.7200915813446045,CHIRPS,WA012,2008,"{""type"":""Point"",""coordinates"":[2.42,6.37]}"
106_12,11,0.0011403103126212955,CHIRPS,WA013,2008,"{""type"":""Point"",""coordinates"":[8.52,12.05]}"
106_13,11,1.9163646697998047,CHIRPS,WA014,2008,"{""type"":""Point"",""coordinates"":[-1.62,6.69]}"
106_14,11,0.007497139275074005,CHIRPS,WA015,2008,"{""type"":""Point"",""coordinates"":[-16.680000000000003,13.45]}"
107_0,12,0.026708807796239853,CHIRPS,WA001,2008,"{""type"":""Point"",""coordinates"":[-17.470000000000002,14.73]}"
107_1,12,4.549765071715228E-5,CHIRPS,WA002,2008,"{""type"":""Point"",""coordinates"":[-7.949999999999998,12.65]}"
107_2,12,0.005099219735711813,CHIRPS,WA003,2008,"{""type"":""Point"",""coordinates"":[-1.5200000000000002,12.360000000000001]}"
107_3,12,8.87605801835889E-6,CHIRPS,WA004,2008,"{""type"":""Point"",""coordinates"":[2.17,13.51]}"
107_4,12,0.06854629516601562,CHIRPS,WA005,2008,"{""type"":""Point"",""coordinates"":[7.33,9.07]}"
107_5,12,2.7030694484710693,CHIRPS,WA006,2008,"{""type"":""Point"",""coordinates"":[-0.17,5.56]}"
107_6,12,2.969308614730835,CHIRPS,WA007,2008,"{""type"":""Point"",""coordinates"":[-3.9299999999999997,5.349999999999999]}"
107_7,12,0.05704531818628311,CHIRPS,WA008,2008,"{""type"":""Point"",""coordinates"":[-13.67,9.53]}"
107_8,12,0.40409934520721436,CHIRPS,WA009,2008,"{""type"":""Point"",""coordinates"":[-13.230000000000002,8.489999999999998]}"
107_9,12,2.0426206588745117,CHIRPS,WA010,2008,"{""type"":""Point"",""coordinates"":[-10.799999999999999,6.3]}"
107_10,12,1.3438185453414917,CHIRPS,WA011,2008,"{""type"":""Point"",""coordinates"":[1.22,6.130000000000001]}"
107_11,12,1.108951210975647,CHIRPS,WA012,2008,"{""type"":""Point"",""coordinates"":[2.42,6.37]}"
107_12,12,0.002667943714186549,CHIRPS,WA013,2008,"{""type"":""Point"",""coordinates"":[8.52,12.05]}"
107_13,12,2.7483041286468506,CHIRPS,WA014,2008,"{""type"":""Point"",""coordinates"":[-1.62,6.69]}"
107_14,12,0.010214334353804588,CHIRPS,WA015,2008,"{""type"":""Point"",""coordinates"":[-16.680000000000003,13.45]}"
108_0,1,0.03297973424196243,CHIRPS,WA001,2009,"{""type"":""Point"",""coordinates"":[-17.470000000000002,14.73]}"
108_1,1,0.0014856260968372226,CHIRPS,WA002,2009,"{""type"":""Point"",""coordinates"":[-7.949999999999998,12.65]}"
108_2,1,0.0024433140642941,CHIRPS,WA003,2009,"{""type"":""Point"",""coordinates"":[-1.5200000000000002,12.360000000000001]}"
108_3,1,4.4560023525264114E-5,CHIRPS,WA004,2009,"{""type"":""Point"",""coordinates"":[2.17,13.51]}"
108_4,1,0.05640988051891327,CHIRPS,WA005,2009,"{""type"":""Point"",""coordinates"":[7.33,9.07]}"
108_5,1,0.5673061609268188,CHIRPS,WA006,2009,"{""type"":""Point"",""coordinates"":[-0.17,5.56]}"
108_6,1,0.9575226902961731,CHIRPS,WA007,2009,"{""type"":""Point"",""coordinates"":[-3.9299999999999997,5.349999999999999]}"
108_7,1,0.03289273381233215,CHIRPS,WA008,2009,"{""type"":""Point"",""coordinates"":[-13.67,9.53]}"
108_8,1,0.1412128359079361,CHIRPS,WA009,2009,"{""type"":""Point"",""coordinates"":[-13.230000000000002,8.489999999999998]}"
108_9,1,1.454119086265564,CHIRPS,WA010,2009,"{""type"":""Point"",""coordinates"":[-10.799999999999999,6.3]}"
108_10,1,0.4505346417427063,CHIRPS,WA011,2009,"{""type"":""Point"",""coordinates"":[1.22,6.130000000000001]}"
108_11,1,0.4410753846168518,CHIRPS,WA012,2009,"{""type"":""Point"",""coordinates"":[2.42,6.37]}"
108_12,1,0.003032614244148135,CHIRPS,WA013,2009,"{""type"":""Point"",""coordinates"":[8.52,12.05]}"
108_13,1,0.370551198720932,CHIRPS,WA014,2009,"{""type"":""Point"",""coordinates"":[-1.62,6.69]}"
108_14,1,0.015316841192543507,CHIRPS,WA015,2009,"{""type"":""Point"",""coordinates"":[-16.680000000000003,13.45]}"
109_0,2,0.0010087890550494194,CHIRPS,WA001,2009,"{""type"":""Point"",""coordinates"":[-17.470000000000002,14.73]}"
109_1,2,1.8703556270338595E-4,CHIRPS,WA002,2009,"{""type"":""Point"",""coordinates"":[-7.949999999999998,12.65]}"
109_2,2,0.020083198323845863,CHIRPS,WA003,2009,"{""type"":""Point"",""coordinates"":[-1.5200000000000002,12.360000000000001]}"
109_3,2,2.4417508393526077E-4,CHIRPS,WA004,2009,"{""type"":""Point"",""coordinates"":[2.17,13.51]}"
109_4,2,0.03933221846818924,CHIRPS,WA005,2009,"{""type"":""Point"",""coordinates"":[7.33,9.07]}"
109_5,2,1.5010647773742676,CHIRPS,WA006,2009,"{""type"":""Point"",""coordinates"":[-0.17,5.56]}"
109_6,2,3.656325101852417,CHIRPS,WA007,2009,"{""type"":""Point"",""coordinates"":[-3.9299999999999997,5.349999999999999]}"
109_7,2,0.01662527024745941,CHIRPS,WA008,2009,"{""type"":""Point"",""coordinates"":[-13.67,9.53]}"
109_8,2,0.07682923227548599,CHIRPS,WA009,2009,"{""type"":""Point"",""coordinates"":[-13.230000000000002,8.489999999999998]}"
109_9,2,1.832831621170044,CHIRPS,WA010,2009,"{""type"":""Point"",""coordinates"":[-10.799999999999999,6.3]}"
109_10,2,1.6556450128555298,CHIRPS,WA011,2009,"{""type"":""Point"",""coordinates"":[1.22,6.130000000000001]}"
109_11,2,1.2605535984039307,CHIRPS,WA012,2009,"{""type"":""Point"",""coordinates"":[2.42,6.37]}"
109_12,2,0.001393223530612886,CHIRPS,WA013,2009,"{""type"":""Point"",""coordinates"":[8.52,12.05]}"
109_13,2,3.3238959312438965,CHIRPS,WA014,2009,"{""type"":""Point"",""coordinates"":[-1.62,6.69]}"
109_14,2,0.0,CHIRPS,WA015,2009,"{""type"":""Point"",""coordinates"":[-16.680000000000003,13.45]}"
110_0,3,2.867868147404806E-7,CHIRPS,WA001,2009,"{""type"":""Point"",""coordinates"":[-17.470000000000002,14.73]}"
110_1,3,0.09654051810503006,CHIRPS,WA002,2009,"{""type"":""Point"",""coordinates"":[-7.949999999999998,12.65]}"
110_2,3,0.05355139076709747,CHIRPS,WA003,2009,"{""type"":""Point"",""coordinates"":[-1.5200000000000002,12.360000000000001]}"
110_3,3,0.0013252979842945933,CHIRPS,WA004,2009,"{""type"":""Point"",""coordinates"":[2.17,13.51]}"
110_4,3,0.2784852683544159,CHIRPS,WA005,2009,"{""type"":""Point"",""coordinates"":[7.33,9.07]}"
110_5,3,3.6352620124816895,CHIRPS,WA006,2009,"{""type"":""Point"",""coordinates"":[-0.17,5.56]}"
110_6,3,3.582404613494873,CHIRPS,WA007,2009,"{""type"":""Point"",""coordinates"":[-3.9299999999999997,5.349999999999999]}"
110_7,3,0.2840249538421631,CHIRPS,WA008,2009,"{""type"":""Point"",""coordinates"":[-13.67,9.53]}"
110_8,3,0.42846256494522095,CHIRPS,WA009,2009,"{""type"":""Point"",""coordinates"":[-13.230000000000002,8.489999999999998]}"
110_9,3,1.3391900062561035,CHIRPS,WA010,2009,"{""type"":""Point"",""coordinates"":[-10.799999999999999,6.3]}"
110_10,3,3.1482737064361572,CHIRPS,WA011,2009,"{""type"":""Point"",""coordinates"":[1.22,6.130000000000001]}"
110_11,3,1.963016152381897,CHIRPS,WA012,2009,"{""type"":""Point"",""coordinates"":[2.42,6.37]}"
110_12,3,0.006790028885006905,CHIRPS,WA013,2009,"{""type"":""Point"",""coordinates"":[8.52,12.05]}"
110_13,3,5.7775702476501465,CHIRPS,WA014,2009,"{""type"":""Point"",""coordinates"":[-1.62,6.69]}"
110_14,3,5.9806028730235994E-5,CHIRPS,WA015,2009,"{""type"":""Point"",""coordinates"":[-16.680000000000003,13.45]}"
111_0,4,0.0,CHIRPS,WA001,2009,"{""type"":""Point"",""coordinates"":[-17.470000000000002,14.73]}"
111_1,4,0.17884613573551178,CHIRPS,WA002,2009,"{""type"":""Point"",""coordinates"":[-7.949999999999998,12.65]}"
111_2,4,0.42471039295196533,CHIRPS,WA003,2009,"{""type"":""Point"",""coordinates"":[-1.5200000000000002,12.360000000000001]}"
111_3,4,0.03130374848842621,CHIRPS,WA004,2009,"{""type"":""Point"",""coordinates"":[2.17,13.51]}"
111_4,4,2.780559778213501,CHIRPS,WA005,2009,"{""type"":""Point"",""coordinates"":[7.33,9.07]}"
111_5,4,3.7438337802886963,CHIRPS,WA006,2009,"{""type"":""Point"",""coordinates"":[-0.17,5.56]}"
111_6,4,3.821674346923828,CHIRPS,WA007,2009,"{""type"":""Point"",""coordinates"":[-3.9299999999999997,5.349999999999999]}"
111_7,4,0.389255166053772,CHIRPS,WA008,2009,"{""type"":""Point"",""coordinates"":[-13.67,9.53]}"
111_8,4,0.7030372023582458,CHIRPS,WA009,2009,"{""type"":""Point"",""coordinates"":[-13.230000000000002,8.489999999999998]}"
111_9,4,1.9513201713562012,CHIRPS,WA010,2009,"{""type"":""Point"",""coordinates"":[-10.799999999999999,6.3]}"
111_10,4,4.637131690979004,CHIRPS,WA011,2009,"{""type"":""Point"",""coordinates"":[1.22,6.130000000000001]}"
111_11,4,6.28076696395874,CHIRPS,WA012,2009,"{""type"":""Point"",""coordinates"":[2.42,6.37]}"
111_12,4,0.4878157079219818,CHIRPS,WA013,2009,"{""type"":""Point"",""coordinates"":[8.52,12.05]}"
111_13,4,4.373695373535156,CHIRPS,WA014,2009,"{""type"":""Point"",""coordinates"":[-1.62,6.69]}"
111_14,4,4.096978809684515E-4,CHIRPS,WA015,2009,"{""type"":""Point"",""coordinates"":[-16.680000000000003,13.45]}"
112_0,5,3.055592969758436E-5,CHIRPS,WA001,2009,"{""type"":""Point"",""coordinates"":[-17.470000000000002,14.73]}"
112_1,5,0.990078330039978,CHIRPS,WA002,2009,"{""type"":""Point"",""coordinates"":[-7.949999999999998,12.65]}"
112_2,5,1.5075401067733765,CHIRPS,WA003,2009,"{""type"":""Point"",""coordinates"":[-1.5200000000000002,12.360000000000001]}"
112_3,5,0.4740970730781555,CHIRPS,WA004,2009,"{""type"":""Point"",""coordinates"":[2.17,13.51]}"
112_4,5,2.7289326190948486,CHIRPS,WA005,2009,"{""type"":""Point"",""coordinates"":[7.33,9.07]}"
112_5,5,4.509402751922607,CHIRPS,WA006,2009,"{""type"":""Point"",""coordinates"":[-0.17,5.56]}"
112_6,5,7.881010055541992,CHIRPS,WA007,2009,"{""type"":""Point"",""coordinates"":[-3.9299999999999997,5.349999999999999]}"
112_7,5,1.6379592418670654,CHIRPS,WA008,2009,"{""type"":""Point"",""coordinates"":[-13.67,9.53]}"
112_8,5,1.7045193910598755,CHIRPS,WA009,2009,"{""type"":""Point"",""coordinates"":[-13.230000000000002,8.489999999999998]}"
112_9,5,6.631679534912109,CHIRPS,WA010,2009,"{""type"":""Point"",""coordinates"":[-10.799999999999999,6.3]}"
112_10,5,4.289294242858887,CHIRPS,WA011,2009,"{""type"":""Point"",""coordinates"":[1.22,6.130000000000001]}"
112_11,5,4.473451137542725,CHIRPS,WA012,2009,"{""type"":""Point"",""coordinates"":[2.42,6.37]}"
112_12,5,1.5756642818450928,CHIRPS,WA013,2009,"{""type"":""Point"",""coordinates"":[8.52,12.05]}"
112_13,5,4.77641487121582,CHIRPS,WA014,2009,"{""type"":""Point"",""coordinates"":[-1.62,6.69]}"
112_14,5,0.005517169367522001,CHIRPS,WA015,2009,"{""type"":""Point"",""coordinates"":[-16.680000000000003,13.45]}"
113_0,6,0.3317979872226715,CHIRPS,WA001,2009,"{""type"":""Point"",""coordinates"":[-17.470000000000002,14.73]}"
113_1,6,3.181060552597046,CHIRPS,WA002,2009,"{""type"":""Point"",""coordinates"":[-7.949999999999998,12.65]}"
113_2,6,3.8726556301116943,CHIRPS,WA003,2009,"{""type"":""Point"",""coordinates"":[-1.5200000000000002,12.360000000000001]}"
113_3,6,2.1697795391082764,CHIRPS,WA004,2009,"{""type"":""Point"",""coordinates"":[2.17,13.51]}"
113_4,6,5.9162468910217285,CHIRPS,WA005,2009,"{""type"":""Point"",""coordinates"":[7.33,9.07]}"
113_5,6,9.870539665222168,CHIRPS,WA006,2009,"{""type"":""Point"",""coordinates"":[-0.17,5.56]}"
113_6,6,15.963314056396484,CHIRPS,WA007,2009,"{""type"":""Point"",""coordinates"":[-3.9299999999999997,5.349999999999999]}"
113_7,6,12.052780151367188,CHIRPS,WA008,2009,"{""type"":""Point"",""coordinates"":[-13.67,9.53]}"
113_8,6,13.901788711547852,CHIRPS,WA009,2009,"{""type"":""Point"",""coordinates"":[-13.230000000000002,8.489999999999998]}"
113_9,6,27.89716339111328,CHIRPS,WA010,2009,"{""type"":""Point"",""coordinates"":[-10.799999999999999,6.3]}"
113_10,6,8.629292488098145,CHIRPS,WA011,2009,"{""type"":""Point"",""coordinates"":[1.22,6.130000000000001]}"
113_11,6,13.462663650512695,CHIRPS,WA012,2009,"{""type"":""Point"",""coordinates"":[2.42,6.37]}"
113_12,6,3.396005392074585,CHIRPS,WA013,2009,"{""type"":""Point"",""coordinates"":[8.52,12.05]}"
113_13,6,9.583091735839844,CHIRPS,WA014,2009,"{""type"":""Point"",""coordinates"":[-1.62,6.69]}"
113_14,6,2.0962343215942383,CHIRPS,WA015,2009,"{""type"":""Point"",""coordinates"":[-16.680000000000003,13.45]}"
114_0,7,3.1443870067596436,CHIRPS,WA001,2009,"{""type"":""Point"",""coordinates"":[-17.470000000000002,14.73]}"
114_1,7,5.997572898864746,CHIRPS,WA002,2009,"{""type"":""Point"",""coordinates"":[-7.949999999999998,12.65]}"
114_2,7,5.234317779541016,CHIRPS,WA003,2009,"{""type"":""Point"",""coordinates"":[-1.5200000000000002,12.360000000000001]}"
114_3,7,3.5304114818573,CHIRPS,WA004,2009,"{""type"":""Point"",""coordinates"":[2.17,13.51]}"
114_4,7,6.587873458862305,CHIRPS,WA005,2009,"{""type"":""Point"",""coordinates"":[7.33,9.07]}"
114_5,7,4.032271385192871,CHIRPS,WA006,2009,"{""type"":""Point"",""coordinates"":[-0.17,5.56]}"
114_6,7,6.254122734069824,CHIRPS,WA007,2009,"{""type"":""Point"",""coordinates"":[-3.9299999999999997,5.349999999999999]}"
114_7,7,17.298851013183594,CHIRPS,WA008,2009,"{""type"":""Point"",""coordinates"":[-13.67,9.53]}"
114_8,7,15.283905982971191,CHIRPS,WA009,2009,"{""type"":""Point"",""coordinates"":[-13.230000000000002,8.489999999999998]}"
114_9,7,11.544510841369629,CHIRPS,WA010,2009,"{""type"":""Point"",""coordinates"":[-10.799999999999999,6.3]}"
114_10,7,4.288895130157471,CHIRPS,WA011,2009,"{""type"":""Point"",""coordinates"":[1.22,6.130000000000001]}"
114_11,7,6.431981563568115,CHIRPS,WA012,2009,"{""type"":""Point"",""coordinates"":[2.42,6.37]}"
114_12,7,6.0154852867126465,CHIRPS,WA013,2009,"{""type"":""Point"",""coordinates"":[8.52,12.05]}"
114_13,7,6.647929668426514,CHIRPS,WA014,2009,"{""type"":""Point"",""coordinates"":[-1.62,6.69]}"
114_14,7,8.149908065795898,CHIRPS,WA015,2009,"{""type"":""Point"",""coordinates"":[-16.680000000000003,13.45]}"
115_0,8,8.589587211608887,CHIRPS,WA001,2009,"{""type"":""Point"",""coordinates"":[-17.470000000000002,14.73]}"
115_1,8,6.945293426513672,CHIRPS,WA002,2009,"{""type"":""Point"",""coordinates"":[-7.949999999999998,12.65]}"
115_2,8,6.80733585357666,CHIRPS,WA003,2009,"{""type"":""Point"",""coordinates"":[-1.5200000000000002,12.360000000000001]}"
115_3,8,4.794923782348633,CHIRPS,WA004,2009,"{""type"":""Point"",""coordinates"":[2.17,13.51]}"
115_4,8,11.743102073669434,CHIRPS,WA005,2009,"{""type"":""Point"",""coordinates"":[7.33,9.07]}"
115_5,8,1.042340636253357,CHIRPS,WA006,2009,"{""type"":""Point"",""coordinates"":[-0.17,5.56]}"
115_6,8,1.2228310108184814,CHIRPS,WA007,2009,"{""type"":""Point"",""coordinates"":[-3.9299999999999997,5.349999999999999]}"
115_7,8,18.641342163085938,CHIRPS,WA008,2009,"{""type"":""Point"",""coordinates"":[-13.67,9.53]}"
115_8,8,19.895572662353516,CHIRPS,WA009,2009,"{""type"":""Point"",""coordinates"":[-13.230000000000002,8.489999999999998]}"
115_9,8,10.489367485046387,CHIRPS,WA010,2009,"{""type"":""Point"",""coordinates"":[-10.799999999999999,6.3]}"
115_10,8,1.6231043338775635,CHIRPS,WA011,2009,"{""type"":""Point"",""coordinates"":[1.22,6.130000000000001]}"
115_11,8,1.5154311656951904,CHIRPS,WA012,2009,"{""type"":""Point"",""coordinates"":[2.42,6.37]}"
115_12,8,6.812941074371338,CHIRPS,WA013,2009,"{""type"":""Point"",""coordinates"":[8.52,12.05]}"
115_13,8,1.2052544355392456,CHIRPS,WA014,2009,"{""type"":""Point"",""coordinates"":[-1.62,6.69]}"
115_14,8,18.202672958374023,CHIRPS,WA015,2009,"{""type"":""Point"",""coordinates"":[-16.680000000000003,13.45]}"
116_0,9,5.895900726318359,CHIRPS,WA001,2009,"{""type"":""Point"",""coordinates"":[-17.470000000000002,14.73]}"
116_1,9,8.50881290435791,CHIRPS,WA002,2009,"{""type"":""Point"",""coordinates"":[-7.949999999999998,12.65]}"
116_2,9,7.915651798248291,CHIRPS,WA003,2009,"{""type"":""Point"",""coordinates"":[-1.5200000000000002,12.360000000000001]}"
116_3,9,2.1238393783569336,CHIRPS,WA004,2009,"{""type"":""Point"",""coordinates"":[2.17,13.51]}"
116_4,9,8.123753547668457,CHIRPS,WA005,2009,"{""type"":""Point"",""coordinates"":[7.33,9.07]}"
116_5,9,1.0516271591186523,CHIRPS,WA006,2009,"{""type"":""Point"",""coordinates"":[-0.17,5.56]}"
116_6,9,1.1065818071365356,CHIRPS,WA007,2009,"{""type"":""Point"",""coordinates"":[-3.9299999999999997,5.349999999999999]}"
116_7,9,13.131170272827148,CHIRPS,WA008,2009,"{""type"":""Point"",""coordinates"":[-13.67,9.53]}"
116_8,9,13.327520370483398,CHIRPS,WA009,2009,"{""type"":""Point"",""coordinates"":[-13.230000000000002,8.489999999999998]}"
116_9,9,10.816206932067871,CHIRPS,WA010,2009,"{""type"":""Point"",""coordinates"":[-10.799999999999999,6.3]}"
116_10,9,1.601098895072937,CHIRPS,WA011,2009,"{""type"":""Point"",""coordinates"":[1.22,6.130000000000001]}"
116_11,9,4.135814666748047,CHIRPS,WA012,2009,"{""type"":""Point"",""coordinates"":[2.42,6.37]}"
116_12,9,3.635124683380127,CHIRPS,WA013,2009,"{""type"":""Point"",""coordinates"":[8.52,12.05]}"
116_13,9,2.5338735580444336,CHIRPS,WA014,2009,"{""type"":""Point"",""coordinates"":[-1.62,6.69]}"
116_14,9,7.780725002288818,CHIRPS,WA015,2009,"{""type"":""Point"",""coordinates"":[-16.680000000000003,13.45]}"
117_0,10,0.4781157672405243,CHIRPS,WA001,2009,"{""type"":""Point"",""coordinates"":[-17.470000000000002,14.73]}"
117_1,10,1.3538222312927246,CHIRPS,WA002,2009,"{""type"":""Point"",""coordinates"":[-7.949999999999998,12.65]}"
117_2,10,0.9448904395103455,CHIRPS,WA003,2009,"{""type"":""Point"",""coordinates"":[-1.5200000000000002,12.360000000000001]}"
117_3,10,0.32793545722961426,CHIRPS,WA004,2009,"{""type"":""Point"",""coordinates"":[2.17,13.51]}"
117_4,10,6.0402374267578125,CHIRPS,WA005,2009,"{""type"":""Point"",""coordinates"":[7.33,9.07]}"
117_5,10,1.6146799325942993,CHIRPS,WA006,2009,"{""type"":""Point"",""coordinates"":[-0.17,5.56]}"
117_6,10,1.461600661277771,CHIRPS,WA007,2009,"{""type"":""Point"",""coordinates"":[-3.9299999999999997,5.349999999999999]}"
117_7,10,9.380330085754395,CHIRPS,WA008,2009,"{""type"":""Point"",""coordinates"":[-13.67,9.53]}"
117_8,10,11.281155586242676,CHIRPS,WA009,2009,"{""type"":""Point"",""coordinates"":[-13.230000000000002,8.489999999999998]}"
117_9,10,11.2493314743042,CHIRPS,WA010,2009,"{""type"":""Point"",""coordinates"":[-10.799999999999999,6.3]}"
117_10,10,2.378405809402466,CHIRPS,WA011,2009,"{""type"":""Point"",""coordinates"":[1.22,6.130000000000001]}"
117_11,10,5.8350982666015625,CHIRPS,WA012,2009,"{""type"":""Point"",""coordinates"":[2.42,6.37]}"
117_12,10,0.3897642493247986,CHIRPS,WA013,2009,"{""type"":""Point"",""coordinates"":[8.52,12.05]}"
117_13,10,4.050222396850586,CHIRPS,WA014,2009,"{""type"":""Point"",""coordinates"":[-1.62,6.69]}"
117_14,10,0.8466615676879883,CHIRPS,WA015,2009,"{""type"":""Point"",""coordinates"":[-16.680000000000003,13.45]}"
118_0,11,0.04501824080944061,CHIRPS,WA001,2009,"{""type"":""Point"",""coordinates"":[-17.470000000000002,14.73]}"
118_1,11,0.16366928815841675,CHIRPS,WA002,2009,"{""type"":""Point"",""coordinates"":[-7.949999999999998,12.65]}"
118_2,11,0.030840493738651276,CHIRPS,WA003,2009,"{""type"":""Point"",""coordinates"":[-1.5200000000000002,12.360000000000001]}"
118_3,11,0.003178234212100506,CHIRPS,WA004,2009,"{""type"":""Point"",""coordinates"":[2.17,13.51]}"
118_4,11,0.233750581741333,CHIRPS,WA005,2009,"{""type"":""Point"",""coordinates"":[7.33,9.07]}"
118_5,11,0.9723841547966003,CHIRPS,WA006,2009,"{""type"":""Point"",""coordinates"":[-0.17,5.56]}"
118_6,11,4.250387191772461,CHIRPS,WA007,2009,"{""type"":""Point"",""coordinates"":[-3.9299999999999997,5.349999999999999]}"
118_7,11,2.709049701690674,CHIRPS,WA008,2009,"{""type"":""Point"",""coordinates"":[-13.67,9.53]}"
118_8,11,4.251166343688965,CHIRPS,WA009,2009,"{""type"":""Point"",""coordinates"":[-13.230000000000002,8.489999999999998]}"
118_9,11,5.54071569442749,CHIRPS,WA010,2009,"{""type"":""Point"",""coordinates"":[-10.799999999999999,6.3]}"
118_10,11,1.1520380973815918,CHIRPS,WA011,2009,"{""type"":""Point"",""coordinates"":[1.22,6.130000000000001]}"
118_11,11,2.089451551437378,CHIRPS,WA012,2009,"{""type"":""Point"",""coordinates"":[2.42,6.37]}"
118_12,11,0.004013600759208202,CHIRPS,WA013,2009,"{""type"":""Point"",""coordinates"":[8.52,12.05]}"
118_13,11,2.673206090927124,CHIRPS,WA014,2009,"{""type"":""Point"",""coordinates"":[-1.62,6.69]}"
118_14,11,0.06407919526100159,CHIRPS,WA015,2009,"{""type"":""Point"",""coordinates"":[-16.680000000000003,13.45]}"
119_0,12,0.03606284409761429,CHIRPS,WA001,2009,"{""type"":""Point"",""coordinates"":[-17.470000000000002,14.73]}"
119_1,12,0.007726994808763266,CHIRPS,WA002,2009,"{""type"":""Point"",""coordinates"":[-7.949999999999998,12.65]}"
119_2,12,0.005673977080732584,CHIRPS,WA003,2009,"{""type"":""Point"",""coordinates"":[-1.5200000000000002,12.360000000000001]}"
119_3,12,2.0784141088370234E-4,CHIRPS,WA004,2009,"{""type"":""Point"",""coordinates"":[2.17,13.51]}"
119_4,12,0.0046792770735919476,CHIRPS,WA005,2009,"{""type"":""Point"",""coordinates"":[7.33,9.07]}"
119_5,12,1.2784830331802368,CHIRPS,WA006,2009,"{""type"":""Point"",""coordinates"":[-0.17,5.56]}"
119_6,12,2.219698429107666,CHIRPS,WA007,2009,"{""type"":""Point"",""coordinates"":[-3.9299999999999997,5.349999999999999]}"
119_7,12,0.10494676232337952,CHIRPS,WA008,2009,"{""type"":""Point"",""coordinates"":[-13.67,9.53]}"
119_8,12,0.24822452664375305,CHIRPS,WA009,2009,"{""type"":""Point"",""coordinates"":[-13.230000000000002,8.489999999999998]}"
119_9,12,1.4151884317398071,CHIRPS,WA010,2009,"{""type"":""Point"",""coordinates"":[-10.799999999999999,6.3]}"
119_10,12,0.6504216194152832,CHIRPS,WA011,2009,"{""type"":""Point"",""coordinates"":[1.22,6.130000000000001]}"
119_11,12,0.1921350657939911,CHIRPS,WA012,2009,"{""type"":""Point"",""coordinates"":[2.42,6.37]}"
119_12,12,0.0010229102335870266,CHIRPS,WA013,2009,"{""type"":""Point"",""coordinates"":[8.52,12.05]}"
119_13,12,1.6863781213760376,CHIRPS,WA014,2009,"{""type"":""Point"",""coordinates"":[-1.62,6.69]}"
119_14,12,0.032109081745147705,CHIRPS,WA015,2009,"{""type"":""Point"",""coordinates"":[-16.680000000000003,13.45]}"
120_0,1,0.017970582470297813,CHIRPS,WA001,2010,"{""type"":""Point"",""coordinates"":[-17.470000000000002,14.73]}"
120_1,1,0.0011131769279018044,CHIRPS,WA002,2010,"{""type"":""Point"",""coordinates"":[-7.949999999999998,12.65]}"
120_2,1,0.0014694444835186005,CHIRPS,WA003,2010,"{""type"":""Point"",""coordinates"":[-1.5200000000000002,12.360000000000001]}"
120_3,1,7.6497599366121E-6,CHIRPS,WA004,2010,"{""type"":""Point"",""coordinates"":[2.17,13.51]}"
120_4,1,0.014741403050720692,CHIRPS,WA005,2010,"{""type"":""Point"",""coordinates"":[7.33,9.07]}"
120_5,1,0.7547791600227356,CHIRPS,WA006,2010,"{""type"":""Point"",""coordinates"":[-0.17,5.56]}"
120_6,1,1.0294764041900635,CHIRPS,WA007,2010,"{""type"":""Point"",""coordinates"":[-3.9299999999999997,5.349999999999999]}"
120_7,1,0.019529415294528008,CHIRPS,WA008,2010,"{""type"":""Point"",""coordinates"":[-13.67,9.53]}"
120_8,1,0.07129529863595963,CHIRPS,WA009,2010,"{""type"":""Point"",""coordinates"":[-13.230000000000002,8.489999999999998]}"
120_9,1,0.8126682639122009,CHIRPS,WA010,2010,"{""type"":""Point"",""coordinates"":[-10.799999999999999,6.3]}"
120_10,1,0.47540563344955444,CHIRPS,WA011,2010,"{""type"":""Point"",""coordinates"":[1.22,6.130000000000001]}"
120_11,1,0.342444509267807,CHIRPS,WA012,2010,"{""type"":""Point"",""coordinates"":[2.42,6.37]}"
120_12,1,1.770274539012462E-4,CHIRPS,WA013,2010,"{""type"":""Point"",""coordinates"":[8.52,12.05]}"
120_13,1,0.7536473274230957,CHIRPS,WA014,2010,"{""type"":""Point"",""coordinates"":[-1.62,6.69]}"
120_14,1,0.016009848564863205,CHIRPS,WA015,2010,"{""type"":""Point"",""coordinates"":[-16.680000000000003,13.45]}"
121_0,2,0.007384770084172487,CHIRPS,WA001,2010,"{""type"":""Point"",""coordinates"":[-17.470000000000002,14.73]}"
121_1,2,0.0013712601503357291,CHIRPS,WA002,2010,"{""type"":""Point"",""coordinates"":[-7.949999999999998,12.65]}"
121_2,2,0.011548787355422974,CHIRPS,WA003,2010,"{""type"":""Point"",""coordinates"":[-1.5200000000000002,12.360000000000001]}"
121_3,2,3.903864126186818E-5,CHIRPS,WA004,2010,"{""type"":""Point"",""coordinates"":[2.17,13.51]}"
121_4,2,0.053094979375600815,CHIRPS,WA005,2010,"{""type"":""Point"",""coordinates"":[7.33,9.07]}"
121_5,2,2.297152042388916,CHIRPS,WA006,2010,"{""type"":""Point"",""coordinates"":[-0.17,5.56]}"
121_6,2,2.6699204444885254,CHIRPS,WA007,2010,"{""type"":""Point"",""coordinates"":[-3.9299999999999997,5.349999999999999]}"
121_7,2,0.0431198813021183,CHIRPS,WA008,2010,"{""type"":""Point"",""coordinates"":[-13.67,9.53]}"
121_8,2,0.1709371656179428,CHIRPS,WA009,2010,"{""type"":""Point"",""coordinates"":[-13.230000000000002,8.489999999999998]}"
121_9,2,2.03550386428833,CHIRPS,WA010,2010,"{""type"":""Point"",""coordinates"":[-10.799999999999999,6.3]}"
121_10,2,1.747944951057434,CHIRPS,WA011,2010,"{""type"":""Point"",""coordinates"":[1.22,6.130000000000001]}"
121_11,2,0.7173630595207214,CHIRPS,WA012,2010,"{""type"":""Point"",""coordinates"":[2.42,6.37]}"
121_12,2,0.0037861729506403208,CHIRPS,WA013,2010,"{""type"":""Point"",""coordinates"":[8.52,12.05]}"
121_13,2,3.5035879611968994,CHIRPS,WA014,2010,"{""type"":""Point"",""coordinates"":[-1.62,6.69]}"
121_14,2,0.0017289971001446247,CHIRPS,WA015,2010,"{""type"":""Point"",""coordinates"":[-16.680000000000003,13.45]}"
122_0,3,1.7476827451901045E-7,CHIRPS,WA001,2010,"{""type"":""Point"",""coordinates"":[-17.470000000000002,14.73]}"
122_1,3,0.007274786476045847,CHIRPS,WA002,2010,"{""type"":""Point"",""coordinates"":[-7.949999999999998,12.65]}"
122_2,3,0.04503033310174942,CHIRPS,WA003,2010,"{""type"":""Point"",""coordinates"":[-1.5200000000000002,12.360000000000001]}"
122_3,3,0.0021878243423998356,CHIRPS,WA004,2010,"{""type"":""Point"",""coordinates"":[2.17,13.51]}"
122_4,3,0.3528348207473755,CHIRPS,WA005,2010,"{""type"":""Point"",""coordinates"":[7.33,9.07]}"
122_5,3,3.540496349334717,CHIRPS,WA006,2010,"{""type"":""Point"",""coordinates"":[-0.17,5.56]}"
122_6,3,4.280398845672607,CHIRPS,WA007,2010,"{""type"":""Point"",""coordinates"":[-3.9299999999999997,5.349999999999999]}"
122_7,3,0.19305968284606934,CHIRPS,WA008,2010,"{""type"":""Point"",""coordinates"":[-13.67,9.53]}"
122_8,3,0.706082284450531,CHIRPS,WA009,2010,"{""type"":""Point"",""coordinates"":[-13.230000000000002,8.489999999999998]}"
122_9,3,4.025963306427002,CHIRPS,WA010,2010,"{""type"":""Point"",""coordinates"":[-10.799999999999999,6.3]}"
122_10,3,4.376523494720459,CHIRPS,WA011,2010,"{""type"":""Point"",""coordinates"":[1.22,6.130000000000001]}"
122_11,3,3.7502682209014893,CHIRPS,WA012,2010,"{""type"":""Point"",""coordinates"":[2.42,6.37]}"
122_12,3,0.05849883705377579,CHIRPS,WA013,2010,"{""type"":""Point"",""coordinates"":[8.52,12.05]}"
122_13,3,4.083756923675537,CHIRPS,WA014,2010,"{""type"":""Point"",""coordinates"":[-1.62,6.69]}"
122_14,3,1.3394467714533675E-5,CHIRPS,WA015,2010,"{""type"":""Point"",""coordinates"":[-16.680000000000003,13.45]}"
123_0,4,7.216871599666774E-4,CHIRPS,WA001,2010,"{""type"":""Point"",""coordinates"":[-17.470000000000002,14.73]}"
123_1,4,0.4614928364753723,CHIRPS,WA002,2010,"{""type"":""Point"",""coordinates"":[-7.949999999999998,12.65]}"
123_2,4,1.102591633796692,CHIRPS,WA003,2010,"{""type"":""Point"",""coordinates"":[-1.5200000000000002,12.360000000000001]}"
123_3,4,0.1536046415567398,CHIRPS,WA004,2010,"{""type"":""Point"",""coordinates"":[2.17,13.51]}"
123_4,4,3.1251327991485596,CHIRPS,WA005,2010,"{""type"":""Point"",""coordinates"":[7.33,9.07]}"
123_5,4,2.4942033290863037,CHIRPS,WA006,2010,"{""type"":""Point"",""coordinates"":[-0.17,5.56]}"
123_6,4,4.992340087890625,CHIRPS,WA007,2010,"{""type"":""Point"",""coordinates"":[-3.9299999999999997,5.349999999999999]}"
123_7,4,2.141023635864258,CHIRPS,WA008,2010,"{""type"":""Point"",""coordinates"":[-13.67,9.53]}"
123_8,4,2.3739254474639893,CHIRPS,WA009,2010,"{""type"":""Point"",""coordinates"":[-13.230000000000002,8.489999999999998]}"
123_9,4,6.043871879577637,CHIRPS,WA010,2010,"{""type"":""Point"",""coordinates"":[-10.799999999999999,6.3]}"
123_10,4,2.9362897872924805,CHIRPS,WA011,2010,"{""type"":""Point"",""coordinates"":[1.22,6.130000000000001]}"
123_11,4,2.2545828819274902,CHIRPS,WA012,2010,"{""type"":""Point"",""coordinates"":[2.42,6.37]}"
123_12,4,0.37443676590919495,CHIRPS,WA013,2010,"{""type"":""Point"",""coordinates"":[8.52,12.05]}"
123_13,4,3.869847297668457,CHIRPS,WA014,2010,"{""type"":""Point"",""coordinates"":[-1.62,6.69]}"
123_14,4,0.002510877326130867,CHIRPS,WA015,2010,"{""type"":""Point"",""coordinates"":[-16.680000000000003,13.45]}"
124_0,5,0.02202483080327511,CHIRPS,WA001,2010,"{""type"":""Point"",""coordinates"":[-17.470000000000002,14.73]}"
124_1,5,2.876030206680298,CHIRPS,WA002,2010,"{""type"":""Point"",""coordinates"":[-7.949999999999998,12.65]}"
124_2,5,1.7461656332015991,CHIRPS,WA003,2010,"{""type"":""Point"",""coordinates"":[-1.5200000000000002,12.360000000000001]}"
124_3,5,0.7630449533462524,CHIRPS,WA004,2010,"{""type"":""Point"",""coordinates"":[2.17,13.51]}"
124_4,5,5.073574542999268,CHIRPS,WA005,2010,"{""type"":""Point"",""coordinates"":[7.33,9.07]}"
124_5,5,5.0159101486206055,CHIRPS,WA006,2010,"{""type"":""Point"",""coordinates"":[-0.17,5.56]}"
124_6,5,6.656475067138672,CHIRPS,WA007,2010,"{""type"":""Point"",""coordinates"":[-3.9299999999999997,5.349999999999999]}"
124_7,5,7.0395965576171875,CHIRPS,WA008,2010,"{""type"":""Point"",""coordinates"":[-13.67,9.53]}"
124_8,5,7.546709060668945,CHIRPS,WA009,2010,"{""type"":""Point"",""coordinates"":[-13.230000000000002,8.489999999999998]}"
124_9,5,9.177404403686523,CHIRPS,WA010,2010,"{""type"":""Point"",""coordinates"":[-10.799999999999999,6.3]}"
124_10,5,5.04569673538208,CHIRPS,WA011,2010,"{""type"":""Point"",""coordinates"":[1.22,6.130000000000001]}"
124_11,5,5.1406989097595215,CHIRPS,WA012,2010,"{""type"":""Point"",""coordinates"":[2.42,6.37]}"
124_12,5,1.370547890663147,CHIRPS,WA013,2010,"{""type"":""Point"",""coordinates"":[8.52,12.05]}"
124_13,5,4.352879047393799,CHIRPS,WA014,2010,"{""type"":""Point"",""coordinates"":[-1.62,6.69]}"
124_14,5,0.04058670997619629,CHIRPS,WA015,2010,"{""type"":""Point"",""coordinates"":[-16.680000000000003,13.45]}"
125_0,6,1.2789199352264404,CHIRPS,WA001,2010,"{""type"":""Point"",""coordinates"":[-17.470000000000002,14.73]}"
125_1,6,3.3780112266540527,CHIRPS,WA002,2010,"{""type"":""Point"",""coordinates"":[-7.949999999999998,12.65]}"
125_2,6,3.6740126609802246,CHIRPS,WA003,2010,"{""type"":""Point"",""coordinates"":[-1.5200000000000002,12.360000000000001]}"
125_3,6,2.673139810562134,CHIRPS,WA004,2010,"{""type"":""Point"",""coordinates"":[2.17,13.51]}"
125_4,6,5.2701945304870605,CHIRPS,WA005,2010,"{""type"":""Point"",""coordinates"":[7.33,9.07]}"
125_5,6,8.36905288696289,CHIRPS,WA006,2010,"{""type"":""Point"",""coordinates"":[-0.17,5.56]}"
125_6,6,11.588204383850098,CHIRPS,WA007,2010,"{""type"":""Point"",""coordinates"":[-3.9299999999999997,5.349999999999999]}"
125_7,6,11.874434471130371,CHIRPS,WA008,2010,"{""type"":""Point"",""coordinates"":[-13.67,9.53]}"
125_8,6,13.166382789611816,CHIRPS,WA009,2010,"{""type"":""Point"",""coordinates"":[-13.230000000000002,8.489999999999998]}"
125_9,6,21.71725082397461,CHIRPS,WA010,2010,"{""type"":""Point"",""coordinates"":[-10.799999999999999,6.3]}"
125_10,6,7.144305229187012,CHIRPS,WA011,2010,"{""type"":""Point"",""coordinates"":[1.22,6.130000000000001]}"
125_11,6,12.061249732971191,CHIRPS,WA012,2010,"{""type"":""Point"",""coordinates"":[2.42,6.37]}"
125_12,6,3.8946762084960938,CHIRPS,WA013,2010,"{""type"":""Point"",""coordinates"":[8.52,12.05]}"
125_13,6,7.57797908782959,CHIRPS,WA014,2010,"{""type"":""Point"",""coordinates"":[-1.62,6.69]}"
125_14,6,2.474702835083008,CHIRPS,WA015,2010,"{""type"":""Point"",""coordinates"":[-16.680000000000003,13.45]}"
126_0,7,1.9768561124801636,CHIRPS,WA001,2010,"{""type"":""Point"",""coordinates"":[-17.470000000000002,14.73]}"
126_1,7,6.049382209777832,CHIRPS,WA002,2010,"{""type"":""Point"",""coordinates"":[-7.949999999999998,12.65]}"
126_2,7,6.550224304199219,CHIRPS,WA003,2010,"{""type"":""Point"",""coordinates"":[-1.5200000000000002,12.360000000000001]}"
126_3,7,3.8923962116241455,CHIRPS,WA004,2010,"{""type"":""Point"",""coordinates"":[2.17,13.51]}"
126_4,7,10.43443489074707,CHIRPS,WA005,2010,"{""type"":""Point"",""coordinates"":[7.33,9.07]}"
126_5,7,2.9460642337799072,CHIRPS,WA006,2010,"{""type"":""Point"",""coordinates"":[-0.17,5.56]}"
126_6,7,5.521753311157227,CHIRPS,WA007,2010,"{""type"":""Point"",""coordinates"":[-3.9299999999999997,5.349999999999999]}"
126_7,7,23.756206512451172,CHIRPS,WA008,2010,"{""type"":""Point"",""coordinates"":[-13.67,9.53]}"
126_8,7,20.064027786254883,CHIRPS,WA009,2010,"{""type"":""Point"",""coordinates"":[-13.230000000000002,8.489999999999998]}"
126_9,7,26.933969497680664,CHIRPS,WA010,2010,"{""type"":""Point"",""coordinates"":[-10.799999999999999,6.3]}"
126_10,7,3.1475908756256104,CHIRPS,WA011,2010,"{""type"":""Point"",""coordinates"":[1.22,6.130000000000001]}"
126_11,7,5.709201812744141,CHIRPS,WA012,2010,"{""type"":""Point"",""coordinates"":[2.42,6.37]}"
126_12,7,5.856671333312988,CHIRPS,WA013,2010,"{""type"":""Point"",""coordinates"":[8.52,12.05]}"
126_13,7,3.832153558731079,CHIRPS,WA014,2010,"{""type"":""Point"",""coordinates"":[-1.62,6.69]}"
126_14,7,6.78764533996582,CHIRPS,WA015,2010,"{""type"":""Point"",""coordinates"":[-16.680000000000003,13.45]}"
127_0,8,5.316079616546631,CHIRPS,WA001,2010,"{""type"":""Point"",""coordinates"":[-17.470000000000002,14.73]}"
127_1,8,9.311992645263672,CHIRPS,WA002,2010,"{""type"":""Point"",""coordinates"":[-7.949999999999998,12.65]}"
127_2,8,8.286212921142578,CHIRPS,WA003,2010,"{""type"":""Point"",""coordinates"":[-1.5200000000000002,12.360000000000001]}"
127_3,8,5.891915798187256,CHIRPS,WA004,2010,"{""type"":""Point"",""coordinates"":[2.17,13.51]}"
127_4,8,9.198773384094238,CHIRPS,WA005,2010,"{""type"":""Point"",""coordinates"":[7.33,9.07]}"
127_5,8,2.095559597015381,CHIRPS,WA006,2010,"{""type"":""Point"",""coordinates"":[-0.17,5.56]}"
127_6,8,2.76762318611145,CHIRPS,WA007,2010,"{""type"":""Point"",""coordinates"":[-3.9299999999999997,5.349999999999999]}"
127_7,8,27.10822868347168,CHIRPS,WA008,2010,"{""type"":""Point"",""coordinates"":[-13.67,9.53]}"
127_8,8,24.351953506469727,CHIRPS,WA009,2010,"{""type"":""Point"",""coordinates"":[-13.230000000000002,8.489999999999998]}"
127_9,8,24.836957931518555,CHIRPS,WA010,2010,"{""type"":""Point"",""coordinates"":[-10.799999999999999,6.3]}"
127_10,8,2.5258846282958984,CHIRPS,WA011,2010,"{""type"":""Point"",""coordinates"":[1.22,6.130000000000001]}"
127_11,8,3.415127754211426,CHIRPS,WA012,2010,"{""type"":""Point"",""coordinates"":[2.42,6.37]}"
127_12,8,9.397210121154785,CHIRPS,WA013,2010,"{""type"":""Point"",""coordinates"":[8.52,12.05]}"
127_13,8,3.6096441745758057,CHIRPS,WA014,2010,"{""type"":""Point"",""coordinates"":[-1.62,6.69]}"
127_14,8,7.385334014892578,CHIRPS,WA015,2010,"{""type"":""Point"",""coordinates"":[-16.680000000000003,13.45]}"
128_0,9,10.319563865661621,CHIRPS,WA001,2010,"{""type"":""Point"",""coordinates"":[-17.470000000000002,14.73]}"
128_1,9,7.817079544067383,CHIRPS,WA002,2010,"{""type"":""Point"",""coordinates"":[-7.949999999999998,12.65]}"
128_2,9,3.808419704437256,CHIRPS,WA003,2010,"{""type"":""Point"",""coordinates"":[-1.5200000000000002,12.360000000000001]}"
128_3,9,2.4824378490448,CHIRPS,WA004,2010,"{""type"":""Point"",""coordinates"":[2.17,13.51]}"
128_4,9,7.7572245597839355,CHIRPS,WA005,2010,"{""type"":""Point"",""coordinates"":[7.33,9.07]}"
128_5,9,4.709597587585449,CHIRPS,WA006,2010,"{""type"":""Point"",""coordinates"":[-0.17,5.56]}"
128_6,9,6.919296741485596,CHIRPS,WA007,2010,"{""type"":""Point"",""coordinates"":[-3.9299999999999997,5.349999999999999]}"
128_7,9,13.865310668945312,CHIRPS,WA008,2010,"{""type"":""Point"",""coordinates"":[-13.67,9.53]}"
128_8,9,13.53630256652832,CHIRPS,WA009,2010,"{""type"":""Point"",""coordinates"":[-13.230000000000002,8.489999999999998]}"
128_9,9,21.152713775634766,CHIRPS,WA010,2010,"{""type"":""Point"",""coordinates"":[-10.799999999999999,6.3]}"
128_10,9,6.697000503540039,CHIRPS,WA011,2010,"{""type"":""Point"",""coordinates"":[1.22,6.130000000000001]}"
128_11,9,8.936627388000488,CHIRPS,WA012,2010,"{""type"":""Point"",""coordinates"":[2.42,6.37]}"
128_12,9,6.1645379066467285,CHIRPS,WA013,2010,"{""type"":""Point"",""coordinates"":[8.52,12.05]}"
128_13,9,6.318149089813232,CHIRPS,WA014,2010,"{""type"":""Point"",""coordinates"":[-1.62,6.69]}"
128_14,9,14.286239624023438,CHIRPS,WA015,2010,"{""type"":""Point"",""coordinates"":[-16.680000000000003,13.45]}"
129_0,10,0.7682226300239563,CHIRPS,WA001,2010,"{""type"":""Point"",""coordinates"":[-17.470000000000002,14.73]}"
129_1,10,1.7046316862106323,CHIRPS,WA002,2010,"{""type"":""Point"",""coordinates"":[-7.949999999999998,12.65]}"
129_2,10,1.5556247234344482,CHIRPS,WA003,2010,"{""type"":""Point"",""coordinates"":[-1.5200000000000002,12.360000000000001]}"
129_3,10,0.6566433310508728,CHIRPS,WA004,2010,"{""type"":""Point"",""coordinates"":[2.17,13.51]}"
129_4,10,8.921347618103027,CHIRPS,WA005,2010,"{""type"":""Point"",""coordinates"":[7.33,9.07]}"
129_5,10,5.098509788513184,CHIRPS,WA006,2010,"{""type"":""Point"",""coordinates"":[-0.17,5.56]}"
129_6,10,7.210391521453857,CHIRPS,WA007,2010,"{""type"":""Point"",""coordinates"":[-3.9299999999999997,5.349999999999999]}"
129_7,10,7.732300758361816,CHIRPS,WA008,2010,"{""type"":""Point"",""coordinates"":[-13.67,9.53]}"
129_8,10,9.338424682617188,CHIRPS,WA009,2010,"{""type"":""Point"",""coordinates"":[-13.230000000000002,8.489999999999998]}"
129_9,10,11.872945785522461,CHIRPS,WA010,2010,"{""type"":""Point"",""coordinates"":[-10.799999999999999,6.3]}"
129_10,10,5.3488593101501465,CHIRPS,WA011,2010,"{""type"":""Point"",""coordinates"":[1.22,6.130000000000001]}"
129_11,10,6.152848720550537,CHIRPS,WA012,2010,"{""type"":""Point"",""coordinates"":[2.42,6.37]}"
129_12,10,0.7504692673683167,CHIRPS,WA013,2010,"{""type"":""Point"",""coordinates"":[8.52,12.05]}"
129_13,10,7.100552082061768,CHIRPS,WA014,2010,"{""type"":""Point"",""coordinates"":[-1.62,6.69]}"
129_14,10,1.649389624595642,CHIRPS,WA015,2010,"{""type"":""Point"",""coordinates"":[-16.680000000000003,13.45]}"
130_0,11,0.0012146801454946399,CHIRPS,WA001,2010,"{""type"":""Point"",""coordinates"":[-17.470000000000002,14.73]}"
130_1,11,0.02047746442258358,CHIRPS,WA002,2010,"{""type"":""Point"",""coordinates"":[-7.949999999999998,12.65]}"
130_2,11,0.005943919066339731,CHIRPS,WA003,2010,"{""type"":""Point"",""coordinates"":[-1.5200000000000002,12.360000000000001]}"
130_3,11,8.133623050525784E-4,CHIRPS,WA004,2010,"{""type"":""Point"",""coordinates"":[2.17,13.51]}"
130_4,11,0.14683139324188232,CHIRPS,WA005,2010,"{""type"":""Point"",""coordinates"":[7.33,9.07]}"
130_5,11,3.869947671890259,CHIRPS,WA006,2010,"{""type"":""Point"",""coordinates"":[-0.17,5.56]}"
130_6,11,4.712291717529297,CHIRPS,WA007,2010,"{""type"":""Point"",""coordinates"":[-3.9299999999999997,5.349999999999999]}"
130_7,11,2.486132860183716,CHIRPS,WA008,2010,"{""type"":""Point"",""coordinates"":[-13.67,9.53]}"
130_8,11,3.4083669185638428,CHIRPS,WA009,2010,"{""type"":""Point"",""coordinates"":[-13.230000000000002,8.489999999999998]}"
130_9,11,4.590144634246826,CHIRPS,WA010,2010,"{""type"":""Point"",""coordinates"":[-10.799999999999999,6.3]}"
130_10,11,3.818692684173584,CHIRPS,WA011,2010,"{""type"":""Point"",""coordinates"":[1.22,6.130000000000001]}"
130_11,11,3.5363025665283203,CHIRPS,WA012,2010,"{""type"":""Point"",""coordinates"":[2.42,6.37]}"
130_12,11,0.003267584601417184,CHIRPS,WA013,2010,"{""type"":""Point"",""coordinates"":[8.52,12.05]}"
130_13,11,4.238090515136719,CHIRPS,WA014,2010,"{""type"":""Point"",""coordinates"":[-1.62,6.69]}"
130_14,11,0.019625911489129066,CHIRPS,WA015,2010,"{""type"":""Point"",""coordinates"":[-16.680000000000003,13.45]}"
131_0,12,0.035144709050655365,CHIRPS,WA001,2010,"{""type"":""Point"",""coordinates"":[-17.470000000000002,14.73]}"
131_1,12,0.0015564300119876862,CHIRPS,WA002,2010,"{""type"":""Point"",""coordinates"":[-7.949999999999998,12.65]}"
131_2,12,0.004065241198986769,CHIRPS,WA003,2010,"{""type"":""Point"",""coordinates"":[-1.5200000000000002,12.360000000000001]}"
131_3,12,6.592270801775157E-5,CHIRPS,WA004,2010,"{""type"":""Point"",""coordinates"":[2.17,13.51]}"
131_4,12,0.013930286280810833,CHIRPS,WA005,2010,"{""type"":""Point"",""coordinates"":[7.33,9.07]}"
131_5,12,1.2761318683624268,CHIRPS,WA006,2010,"{""type"":""Point"",""coordinates"":[-0.17,5.56]}"
131_6,12,2.361633062362671,CHIRPS,WA007,2010,"{""type"":""Point"",""coordinates"":[-3.9299999999999997,5.349999999999999]}"
131_7,12,0.12362948805093765,CHIRPS,WA008,2010,"{""type"":""Point"",""coordinates"":[-13.67,9.53]}"
131_8,12,0.32785511016845703,CHIRPS,WA009,2010,"{""type"":""Point"",""coordinates"":[-13.230000000000002,8.489999999999998]}"
131_9,12,3.91764497756958,CHIRPS,WA010,2010,"{""type"":""Point"",""coordinates"":[-10.799999999999999,6.3]}"
131_10,12,0.45134246349334717,CHIRPS,WA011,2010,"{""type"":""Point"",""coordinates"":[1.22,6.130000000000001]}"
131_11,12,0.9413642287254333,CHIRPS,WA012,2010,"{""type"":""Point"",""coordinates"":[2.42,6.37]}"
131_12,12,1.2138892634538934E-4,CHIRPS,WA013,2010,"{""type"":""Point"",""coordinates"":[8.52,12.05]}"
131_13,12,1.9491491317749023,CHIRPS,WA014,2010,"{""type"":""Point"",""coordinates"":[-1.62,6.69]}"
131_14,12,0.03139926865696907,CHIRPS,WA015,2010,"{""type"":""Point"",""coordinates"":[-16.680000000000003,13.45]}"
132_0,1,0.038716889917850494,CHIRPS,WA001,2011,"{""type"":""Point"",""coordinates"":[-17.470000000000002,14.73]}"
132_1,1,0.0010881992056965828,CHIRPS,WA002,2011,"{""type"":""Point"",""coordinates"":[-7.949999999999998,12.65]}"
132_2,1,2.3957261873874813E-4,CHIRPS,WA003,2011,"{""type"":""Point"",""coordinates"":[-1.5200000000000002,12.360000000000001]}"
132_3,1,1.0907276646321407E-6,CHIRPS,WA004,2011,"{""type"":""Point"",""coordinates"":[2.17,13.51]}"
132_4,1,0.012630664743483067,CHIRPS,WA005,2011,"{""type"":""Point"",""coordinates"":[7.33,9.07]}"
132_5,1,0.4310738444328308,CHIRPS,WA006,2011,"{""type"":""Point"",""coordinates"":[-0.17,5.56]}"
132_6,1,0.8280133008956909,CHIRPS,WA007,2011,"{""type"":""Point"",""coordinates"":[-3.9299999999999997,5.349999999999999]}"
132_7,1,0.010072710923850536,CHIRPS,WA008,2011,"{""type"":""Point"",""coordinates"":[-13.67,9.53]}"
132_8,1,0.035348497331142426,CHIRPS,WA009,2011,"{""type"":""Point"",""coordinates"":[-13.230000000000002,8.489999999999998]}"
132_9,1,0.9313896894454956,CHIRPS,WA010,2011,"{""type"":""Point"",""coordinates"":[-10.799999999999999,6.3]}"
132_10,1,0.17494787275791168,CHIRPS,WA011,2011,"{""type"":""Point"",""coordinates"":[1.22,6.130000000000001]}"
132_11,1,0.09374566376209259,CHIRPS,WA012,2011,"{""type"":""Point"",""coordinates"":[2.42,6.37]}"
132_12,1,6.338246166706085E-4,CHIRPS,WA013,2011,"{""type"":""Point"",""coordinates"":[8.52,12.05]}"
132_13,1,0.8101029992103577,CHIRPS,WA014,2011,"{""type"":""Point"",""coordinates"":[-1.62,6.69]}"
132_14,1,0.011617176234722137,CHIRPS,WA015,2011,"{""type"":""Point"",""coordinates"":[-16.680000000000003,13.45]}"
133_0,2,0.007650015410035849,CHIRPS,WA001,2011,"{""type"":""Point"",""coordinates"":[-17.470000000000002,14.73]}"
133_1,2,0.0,CHIRPS,WA002,2011,"{""type"":""Point"",""coordinates"":[-7.949999999999998,12.65]}"
133_2,2,0.003292079083621502,CHIRPS,WA003,2011,"{""type"":""Point"",""coordinates"":[-1.5200000000000002,12.360000000000001]}"
133_3,2,1.3566187408287078E-4,CHIRPS,WA004,2011,"{""type"":""Point"",""coordinates"":[2.17,13.51]}"
133_4,2,0.20506487786769867,CHIRPS,WA005,2011,"{""type"":""Point"",""coordinates"":[7.33,9.07]}"
133_5,2,4.368475437164307,CHIRPS,WA006,2011,"{""type"":""Point"",""coordinates"":[-0.17,5.56]}"
133_6,2,2.85994815826416,CHIRPS,WA007,2011,"{""type"":""Point"",""coordinates"":[-3.9299999999999997,5.349999999999999]}"
133_7,2,0.015212916769087315,CHIRPS,WA008,2011,"{""type"":""Point"",""coordinates"":[-13.67,9.53]}"
133_8,2,0.08587004244327545,CHIRPS,WA009,2011,"{""type"":""Point"",""coordinates"":[-13.230000000000002,8.489999999999998]}"
133_9,2,1.4762376546859741,CHIRPS,WA010,2011,"{""type"":""Point"",""coordinates"":[-10.799999999999999,6.3]}"
133_10,2,4.936413764953613,CHIRPS,WA011,2011,"{""type"":""Point"",""coordinates"":[1.22,6.130000000000001]}"
133_11,2,5.478797435760498,CHIRPS,WA012,2011,"{""type"":""Point"",""coordinates"":[2.42,6.37]}"
133_12,2,0.009901764802634716,CHIRPS,WA013,2011,"{""type"":""Point"",""coordinates"":[8.52,12.05]}"
133_13,2,4.214834213256836,CHIRPS,WA014,2011,"{""type"":""Point"",""coordinates"":[-1.62,6.69]}"
133_14,2,4.954052274115384E-4,CHIRPS,WA015,2011,"{""type"":""Point"",""coordinates"":[-16.680000000000003,13.45]}"
134_0,3,0.0,CHIRPS,WA001,2011,"{""type"":""Point"",""coordinates"":[-17.470000000000002,14.73]}"
134_1,3,0.008170705288648605,CHIRPS,WA002,2011,"{""type"":""Point"",""coordinates"":[-7.949999999999998,12.65]}"
134_2,3,0.04143628850579262,CHIRPS,WA003,2011,"{""type"":""Point"",""coordinates"":[-1.5200000000000002,12.360000000000001]}"
134_3,3,0.0014379930216819048,CHIRPS,WA004,2011,"{""type"":""Point"",""coordinates"":[2.17,13.51]}"
134_4,3,0.261181116104126,CHIRPS,WA005,2011,"{""type"":""Point"",""coordinates"":[7.33,9.07]}"
134_5,3,2.237410306930542,CHIRPS,WA006,2011,"{""type"":""Point"",""coordinates"":[-0.17,5.56]}"
134_6,3,7.2342209815979,CHIRPS,WA007,2011,"{""type"":""Point"",""coordinates"":[-3.9299999999999997,5.349999999999999]}"
134_7,3,0.15678927302360535,CHIRPS,WA008,2011,"{""type"":""Point"",""coordinates"":[-13.67,9.53]}"
134_8,3,0.6363481879234314,CHIRPS,WA009,2011,"{""type"":""Point"",""coordinates"":[-13.230000000000002,8.489999999999998]}"
134_9,3,4.311036586761475,CHIRPS,WA010,2011,"{""type"":""Point"",""coordinates"":[-10.799999999999999,6.3]}"
134_10,3,1.736751914024353,CHIRPS,WA011,2011,"{""type"":""Point"",""coordinates"":[1.22,6.130000000000001]}"
134_11,3,0.9747198224067688,CHIRPS,WA012,2011,"{""type"":""Point"",""coordinates"":[2.42,6.37]}"
134_12,3,0.016136258840560913,CHIRPS,WA013,2011,"{""type"":""Point"",""coordinates"":[8.52,12.05]}"
134_13,3,5.89795446395874,CHIRPS,WA014,2011,"{""type"":""Point"",""coordinates"":[-1.62,6.69]}"
134_14,3,4.345158959040418E-5,CHIRPS,WA015,2011,"{""type"":""Point"",""coordinates"":[-16.680000000000003,13.45]}"
135_0,4,2.82547659935517E-7,CHIRPS,WA001,2011,"{""type"":""Point"",""coordinates"":[-17.470000000000002,14.73]}"
135_1,4,0.41170835494995117,CHIRPS,WA002,2011,"{""type"":""Point"",""coordinates"":[-7.949999999999998,12.65]}"
135_2,4,0.6561008095741272,CHIRPS,WA003,2011,"{""type"":""Point"",""coordinates"":[-1.5200000000000002,12.360000000000001]}"
135_3,4,0.06717120110988617,CHIRPS,WA004,2011,"{""type"":""Point"",""coordinates"":[2.17,13.51]}"
135_4,4,2.068758249282837,CHIRPS,WA005,2011,"{""type"":""Point"",""coordinates"":[7.33,9.07]}"
135_5,4,3.6282689571380615,CHIRPS,WA006,2011,"{""type"":""Point"",""coordinates"":[-0.17,5.56]}"
135_6,4,4.963501453399658,CHIRPS,WA007,2011,"{""type"":""Point"",""coordinates"":[-3.9299999999999997,5.349999999999999]}"
135_7,4,2.253786325454712,CHIRPS,WA008,2011,"{""type"":""Point"",""coordinates"":[-13.67,9.53]}"
135_8,4,2.258225440979004,CHIRPS,WA009,2011,"{""type"":""Point"",""coordinates"":[-13.230000000000002,8.489999999999998]}"
135_9,4,3.8811793327331543,CHIRPS,WA010,2011,"{""type"":""Point"",""coordinates"":[-10.799999999999999,6.3]}"
135_10,4,3.596505641937256,CHIRPS,WA011,2011,"{""type"":""Point"",""coordinates"":[1.22,6.130000000000001]}"
135_11,4,3.371171236038208,CHIRPS,WA012,2011,"{""type"":""Point"",""coordinates"":[2.42,6.37]}"
135_12,4,0.33895057439804077,CHIRPS,WA013,2011,"{""type"":""Point"",""coordinates"":[8.52,12.05]}"
135_13,4,4.51958703994751,CHIRPS,WA014,2011,"{""type"":""Point"",""coordinates"":[-1.62,6.69]}"
135_14,4,0.00286162830889225,CHIRPS,WA015,2011,"{""type"":""Point"",""coordinates"":[-16.680000000000003,13.45]}"
136_0,5,5.969571648165584E-4,CHIRPS,WA001,2011,"{""type"":""Point"",""coordinates"":[-17.470000000000002,14.73]}"
136_1,5,1.594578742980957,CHIRPS,WA002,2011,"{""type"":""Point"",""coordinates"":[-7.949999999999998,12.65]}"
136_2,5,1.2886261940002441,CHIRPS,WA003,2011,"{""type"":""Point"",""coordinates"":[-1.5200000000000002,12.360000000000001]}"
136_3,5,0.35288891196250916,CHIRPS,WA004,2011,"{""type"":""Point"",""coordinates"":[2.17,13.51]}"
136_4,5,5.203607082366943,CHIRPS,WA005,2011,"{""type"":""Point"",""coordinates"":[7.33,9.07]}"
136_5,5,5.373341083526611,CHIRPS,WA006,2011,"{""type"":""Point"",""coordinates"":[-0.17,5.56]}"
136_6,5,5.456071853637695,CHIRPS,WA007,2011,"{""type"":""Point"",""coordinates"":[-3.9299999999999997,5.349999999999999]}"
136_7,5,3.716891050338745,CHIRPS,WA008,2011,"{""type"":""Point"",""coordinates"":[-13.67,9.53]}"
136_8,5,5.161582946777344,CHIRPS,WA009,2011,"{""type"":""Point"",""coordinates"":[-13.230000000000002,8.489999999999998]}"
136_9,5,10.170967102050781,CHIRPS,WA010,2011,"{""type"":""Point"",""coordinates"":[-10.799999999999999,6.3]}"
136_10,5,5.103201866149902,CHIRPS,WA011,2011,"{""type"":""Point"",""coordinates"":[1.22,6.130000000000001]}"
136_11,5,5.6601762771606445,CHIRPS,WA012,2011,"{""type"":""Point"",""coordinates"":[2.42,6.37]}"
136_12,5,1.481505274772644,CHIRPS,WA013,2011,"{""type"":""Point"",""coordinates"":[8.52,12.05]}"
136_13,5,4.835185527801514,CHIRPS,WA014,2011,"{""type"":""Point"",""coordinates"":[-1.62,6.69]}"
136_14,5,0.007197920698672533,CHIRPS,WA015,2011,"{""type"":""Point"",""coordinates"":[-16.680000000000003,13.45]}"
137_0,6,0.5198646187782288,CHIRPS,WA001,2011,"{""type"":""Point"",""coordinates"":[-17.470000000000002,14.73]}"
137_1,6,3.7658169269561768,CHIRPS,WA002,2011,"{""type"":""Point"",""coordinates"":[-7.949999999999998,12.65]}"
137_2,6,4.18755578994751,CHIRPS,WA003,2011,"{""type"":""Point"",""coordinates"":[-1.5200000000000002,12.360000000000001]}"
137_3,6,1.284780740737915,CHIRPS,WA004,2011,"{""type"":""Point"",""coordinates"":[2.17,13.51]}"
137_4,6,6.384169101715088,CHIRPS,WA005,2011,"{""type"":""Point"",""coordinates"":[7.33,9.07]}"
137_5,6,5.325439453125,CHIRPS,WA006,2011,"{""type"":""Point"",""coordinates"":[-0.17,5.56]}"
137_6,6,11.616716384887695,CHIRPS,WA007,2011,"{""type"":""Point"",""coordinates"":[-3.9299999999999997,5.349999999999999]}"
137_7,6,11.61308479309082,CHIRPS,WA008,2011,"{""type"":""Point"",""coordinates"":[-13.67,9.53]}"
137_8,6,14.32388687133789,CHIRPS,WA009,2011,"{""type"":""Point"",""coordinates"":[-13.230000000000002,8.489999999999998]}"
137_9,6,26.618066787719727,CHIRPS,WA010,2011,"{""type"":""Point"",""coordinates"":[-10.799999999999999,6.3]}"
137_10,6,5.313051700592041,CHIRPS,WA011,2011,"{""type"":""Point"",""coordinates"":[1.22,6.130000000000001]}"
137_11,6,7.539976119995117,CHIRPS,WA012,2011,"{""type"":""Point"",""coordinates"":[2.42,6.37]}"
137_12,6,3.258859872817993,CHIRPS,WA013,2011,"{""type"":""Point"",""coordinates"":[8.52,12.05]}"
137_13,6,8.057530403137207,CHIRPS,WA014,2011,"{""type"":""Point"",""coordinates"":[-1.62,6.69]}"
137_14,6,1.739676594734192,CHIRPS,WA015,2011,"{""type"":""Point"",""coordinates"":[-16.680000000000003,13.45]}"
138_0,7,3.086588144302368,CHIRPS,WA001,2011,"{""type"":""Point"",""coordinates"":[-17.470000000000002,14.73]}"
138_1,7,6.7733869552612305,CHIRPS,WA002,2011,"{""type"":""Point"",""coordinates"":[-7.949999999999998,12.65]}"
138_2,7,6.283039569854736,CHIRPS,WA003,2011,"{""type"":""Point"",""coordinates"":[-1.5200000000000002,12.360000000000001]}"
138_3,7,2.5428237915039062,CHIRPS,WA004,2011,"{""type"":""Point"",""coordinates"":[2.17,13.51]}"
138_4,7,5.414857864379883,CHIRPS,WA005,2011,"{""type"":""Point"",""coordinates"":[7.33,9.07]}"
138_5,7,4.9633283615112305,CHIRPS,WA006,2011,"{""type"":""Point"",""coordinates"":[-0.17,5.56]}"
138_6,7,4.456775665283203,CHIRPS,WA007,2011,"{""type"":""Point"",""coordinates"":[-3.9299999999999997,5.349999999999999]}"
138_7,7,22.48448944091797,CHIRPS,WA008,2011,"{""type"":""Point"",""coordinates"":[-13.67,9.53]}"
138_8,7,19.864919662475586,CHIRPS,WA009,2011,"{""type"":""Point"",""coordinates"":[-13.230000000000002,8.489999999999998]}"
138_9,7,16.754701614379883,CHIRPS,WA010,2011,"{""type"":""Point"",""coordinates"":[-10.799999999999999,6.3]}"
138_10,7,4.574870586395264,CHIRPS,WA011,2011,"{""type"":""Point"",""coordinates"":[1.22,6.130000000000001]}"
138_11,7,6.388611793518066,CHIRPS,WA012,2011,"{""type"":""Point"",""coordinates"":[2.42,6.37]}"
138_12,7,4.884237766265869,CHIRPS,WA013,2011,"{""type"":""Point"",""coordinates"":[8.52,12.05]}"
138_13,7,6.083894729614258,CHIRPS,WA014,2011,"{""type"":""Point"",""coordinates"":[-1.62,6.69]}"
138_14,7,3.7936954498291016,CHIRPS,WA015,2011,"{""type"":""Point"",""coordinates"":[-16.680000000000003,13.45]}"
139_0,8,6.505303859710693,CHIRPS,WA001,2011,"{""type"":""Point"",""coordinates"":[-17.470000000000002,14.73]}"
139_1,8,9.637452125549316,CHIRPS,WA002,2011,"{""type"":""Point"",""coordinates"":[-7.949999999999998,12.65]}"
139_2,8,6.619725704193115,CHIRPS,WA003,2011,"{""type"":""Point"",""coordinates"":[-1.5200000000000002,12.360000000000001]}"
139_3,8,4.747159481048584,CHIRPS,WA004,2011,"{""type"":""Point"",""coordinates"":[2.17,13.51]}"
139_4,8,9.494462013244629,CHIRPS,WA005,2011,"{""type"":""Point"",""coordinates"":[7.33,9.07]}"
139_5,8,1.3047096729278564,CHIRPS,WA006,2011,"{""type"":""Point"",""coordinates"":[-0.17,5.56]}"
139_6,8,1.1648602485656738,CHIRPS,WA007,2011,"{""type"":""Point"",""coordinates"":[-3.9299999999999997,5.349999999999999]}"
139_7,8,27.058185577392578,CHIRPS,WA008,2011,"{""type"":""Point"",""coordinates"":[-13.67,9.53]}"
139_8,8,22.93817138671875,CHIRPS,WA009,2011,"{""type"":""Point"",""coordinates"":[-13.230000000000002,8.489999999999998]}"
139_9,8,16.16253089904785,CHIRPS,WA010,2011,"{""type"":""Point"",""coordinates"":[-10.799999999999999,6.3]}"
139_10,8,1.1729531288146973,CHIRPS,WA011,2011,"{""type"":""Point"",""coordinates"":[1.22,6.130000000000001]}"
139_11,8,1.6115405559539795,CHIRPS,WA012,2011,"{""type"":""Point"",""coordinates"":[2.42,6.37]}"
139_12,8,8.037958145141602,CHIRPS,WA013,2011,"{""type"":""Point"",""coordinates"":[8.52,12.05]}"
139_13,8,3.201695203781128,CHIRPS,WA014,2011,"{""type"":""Point"",""coordinates"":[-1.62,6.69]}"
139_14,8,11.487163543701172,CHIRPS,WA015,2011,"{""type"":""Point"",""coordinates"":[-16.680000000000003,13.45]}"
140_0,9,3.6262855529785156,CHIRPS,WA001,2011,"{""type"":""Point"",""coordinates"":[-17.470000000000002,14.73]}"
140_1,9,3.348926305770874,CHIRPS,WA002,2011,"{""type"":""Point"",""coordinates"":[-7.949999999999998,12.65]}"
140_2,9,3.305929183959961,CHIRPS,WA003,2011,"{""type"":""Point"",""coordinates"":[-1.5200000000000002,12.360000000000001]}"
140_3,9,1.947949767112732,CHIRPS,WA004,2011,"{""type"":""Point"",""coordinates"":[2.17,13.51]}"
140_4,9,7.59290885925293,CHIRPS,WA005,2011,"{""type"":""Point"",""coordinates"":[7.33,9.07]}"
140_5,9,2.3918731212615967,CHIRPS,WA006,2011,"{""type"":""Point"",""coordinates"":[-0.17,5.56]}"
140_6,9,3.6143627166748047,CHIRPS,WA007,2011,"{""type"":""Point"",""coordinates"":[-3.9299999999999997,5.349999999999999]}"
140_7,9,15.78609848022461,CHIRPS,WA008,2011,"{""type"":""Point"",""coordinates"":[-13.67,9.53]}"
140_8,9,17.02079963684082,CHIRPS,WA009,2011,"{""type"":""Point"",""coordinates"":[-13.230000000000002,8.489999999999998]}"
140_9,9,19.331958770751953,CHIRPS,WA010,2011,"{""type"":""Point"",""coordinates"":[-10.799999999999999,6.3]}"
140_10,9,2.889658212661743,CHIRPS,WA011,2011,"{""type"":""Point"",""coordinates"":[1.22,6.130000000000001]}"
140_11,9,3.2526984214782715,CHIRPS,WA012,2011,"{""type"":""Point"",""coordinates"":[2.42,6.37]}"
140_12,9,5.063263416290283,CHIRPS,WA013,2011,"{""type"":""Point"",""coordinates"":[8.52,12.05]}"
140_13,9,6.337011337280273,CHIRPS,WA014,2011,"{""type"":""Point"",""coordinates"":[-1.62,6.69]}"
140_14,9,5.332381725311279,CHIRPS,WA015,2011,"{""type"":""Point"",""coordinates"":[-16.680000000000003,13.45]}"
141_0,10,0.40668386220932007,CHIRPS,WA001,2011,"{""type"":""Point"",""coordinates"":[-17.470000000000002,14.73]}"
141_1,10,0.7275193929672241,CHIRPS,WA002,2011,"{""type"":""Point"",""coordinates"":[-7.949999999999998,12.65]}"
141_2,10,0.5654736161231995,CHIRPS,WA003,2011,"{""type"":""Point"",""coordinates"":[-1.5200000000000002,12.360000000000001]}"
141_3,10,0.1648448258638382,CHIRPS,WA004,2011,"{""type"":""Point"",""coordinates"":[2.17,13.51]}"
141_4,10,4.926061630249023,CHIRPS,WA005,2011,"{""type"":""Point"",""coordinates"":[7.33,9.07]}"
141_5,10,7.123283386230469,CHIRPS,WA006,2011,"{""type"":""Point"",""coordinates"":[-0.17,5.56]}"
141_6,10,7.994235992431641,CHIRPS,WA007,2011,"{""type"":""Point"",""coordinates"":[-3.9299999999999997,5.349999999999999]}"
141_7,10,9.236226081848145,CHIRPS,WA008,2011,"{""type"":""Point"",""coordinates"":[-13.67,9.53]}"
141_8,10,12.361324310302734,CHIRPS,WA009,2011,"{""type"":""Point"",""coordinates"":[-13.230000000000002,8.489999999999998]}"
141_9,10,11.750146865844727,CHIRPS,WA010,2011,"{""type"":""Point"",""coordinates"":[-10.799999999999999,6.3]}"
141_10,10,7.466270446777344,CHIRPS,WA011,2011,"{""type"":""Point"",""coordinates"":[1.22,6.130000000000001]}"
141_11,10,8.254692077636719,CHIRPS,WA012,2011,"{""type"":""Point"",""coordinates"":[2.42,6.37]}"
141_12,10,0.3559124767780304,CHIRPS,WA013,2011,"{""type"":""Point"",""coordinates"":[8.52,12.05]}"
141_13,10,10.376288414001465,CHIRPS,WA014,2011,"{""type"":""Point"",""coordinates"":[-1.62,6.69]}"
141_14,10,1.5338717699050903,CHIRPS,WA015,2011,"{""type"":""Point"",""coordinates"":[-16.680000000000003,13.45]}"
142_0,11,0.028941888362169266,CHIRPS,WA001,2011,"{""type"":""Point"",""coordinates"":[-17.470000000000002,14.73]}"
142_1,11,0.002897541970014572,CHIRPS,WA002,2011,"{""type"":""Point"",""coordinates"":[-7.949999999999998,12.65]}"
142_2,11,0.0,CHIRPS,WA003,2011,"{""type"":""Point"",""coordinates"":[-1.5200000000000002,12.360000000000001]}"
142_3,11,0.0,CHIRPS,WA004,2011,"{""type"":""Point"",""coordinates"":[2.17,13.51]}"
142_4,11,0.015645571053028107,CHIRPS,WA005,2011,"{""type"":""Point"",""coordinates"":[7.33,9.07]}"
142_5,11,1.4190469980239868,CHIRPS,WA006,2011,"{""type"":""Point"",""coordinates"":[-0.17,5.56]}"
142_6,11,4.094625473022461,CHIRPS,WA007,2011,"{""type"":""Point"",""coordinates"":[-3.9299999999999997,5.349999999999999]}"
142_7,11,1.9366896152496338,CHIRPS,WA008,2011,"{""type"":""Point"",""coordinates"":[-13.67,9.53]}"
142_8,11,4.140518665313721,CHIRPS,WA009,2011,"{""type"":""Point"",""coordinates"":[-13.230000000000002,8.489999999999998]}"
142_9,11,4.6650285720825195,CHIRPS,WA010,2011,"{""type"":""Point"",""coordinates"":[-10.799999999999999,6.3]}"
142_10,11,1.0801830291748047,CHIRPS,WA011,2011,"{""type"":""Point"",""coordinates"":[1.22,6.130000000000001]}"
142_11,11,1.0777480602264404,CHIRPS,WA012,2011,"{""type"":""Point"",""coordinates"":[2.42,6.37]}"
142_12,11,0.001060471753589809,CHIRPS,WA013,2011,"{""type"":""Point"",""coordinates"":[8.52,12.05]}"
142_13,11,1.7545915842056274,CHIRPS,WA014,2011,"{""type"":""Point"",""coordinates"":[-1.62,6.69]}"
142_14,11,0.04980725049972534,CHIRPS,WA015,2011,"{""type"":""Point"",""coordinates"":[-16.680000000000003,13.45]}"
143_0,12,0.03431018441915512,CHIRPS,WA001,2011,"{""type"":""Point"",""coordinates"":[-17.470000000000002,14.73]}"
143_1,12,0.0013398254523053765,CHIRPS,WA002,2011,"{""type"":""Point"",""coordinates"":[-7.949999999999998,12.65]}"
143_2,12,0.002163535915315151,CHIRPS,WA003,2011,"{""type"":""Point"",""coordinates"":[-1.5200000000000002,12.360000000000001]}"
143_3,12,1.948415047081653E-5,CHIRPS,WA004,2011,"{""type"":""Point"",""coordinates"":[2.17,13.51]}"
143_4,12,5.279018296278082E-5,CHIRPS,WA005,2011,"{""type"":""Point"",""coordinates"":[7.33,9.07]}"
143_5,12,0.45619630813598633,CHIRPS,WA006,2011,"{""type"":""Point"",""coordinates"":[-0.17,5.56]}"
143_6,12,1.5135027170181274,CHIRPS,WA007,2011,"{""type"":""Point"",""coordinates"":[-3.9299999999999997,5.349999999999999]}"
143_7,12,0.06897514313459396,CHIRPS,WA008,2011,"{""type"":""Point"",""coordinates"":[-13.67,9.53]}"
143_8,12,0.4031316041946411,CHIRPS,WA009,2011,"{""type"":""Point"",""coordinates"":[-13.230000000000002,8.489999999999998]}"
143_9,12,0.9220480918884277,CHIRPS,WA010,2011,"{""type"":""Point"",""coordinates"":[-10.799999999999999,6.3]}"
143_10,12,0.25213804841041565,CHIRPS,WA011,2011,"{""type"":""Point"",""coordinates"":[1.22,6.130000000000001]}"
143_11,12,0.11931785941123962,CHIRPS,WA012,2011,"{""type"":""Point"",""coordinates"":[2.42,6.37]}"
143_12,12,2.8507446359071764E-7,CHIRPS,WA013,2011,"{""type"":""Point"",""coordinates"":[8.52,12.05]}"
143_13,12,0.2859565019607544,CHIRPS,WA014,2011,"{""type"":""Point"",""coordinates"":[-1.62,6.69]}"
143_14,12,0.030034855008125305,CHIRPS,WA015,2011,"{""type"":""Point"",""coordinates"":[-16.680000000000003,13.45]}"
144_0,1,0.026540838181972504,CHIRPS,WA001,2012,"{""type"":""Point"",""coordinates"":[-17.470000000000002,14.73]}"
144_1,1,2.942487844848074E-5,CHIRPS,WA002,2012,"{""type"":""Point"",""coordinates"":[-7.949999999999998,12.65]}"
144_2,1,7.69935199059546E-4,CHIRPS,WA003,2012,"{""type"":""Point"",""coordinates"":[-1.5200000000000002,12.360000000000001]}"
144_3,1,6.749179738108069E-5,CHIRPS,WA004,2012,"{""type"":""Point"",""coordinates"":[2.17,13.51]}"
144_4,1,0.011388150043785572,CHIRPS,WA005,2012,"{""type"":""Point"",""coordinates"":[7.33,9.07]}"
144_5,1,0.5279054641723633,CHIRPS,WA006,2012,"{""type"":""Point"",""coordinates"":[-0.17,5.56]}"
144_6,1,0.4406970143318176,CHIRPS,WA007,2012,"{""type"":""Point"",""coordinates"":[-3.9299999999999997,5.349999999999999]}"
144_7,1,0.009034672752022743,CHIRPS,WA008,2012,"{""type"":""Point"",""coordinates"":[-13.67,9.53]}"
144_8,1,0.030091023072600365,CHIRPS,WA009,2012,"{""type"":""Point"",""coordinates"":[-13.230000000000002,8.489999999999998]}"
144_9,1,0.4851130545139313,CHIRPS,WA010,2012,"{""type"":""Point"",""coordinates"":[-10.799999999999999,6.3]}"
144_10,1,0.4061519205570221,CHIRPS,WA011,2012,"{""type"":""Point"",""coordinates"":[1.22,6.130000000000001]}"
144_11,1,0.2391393780708313,CHIRPS,WA012,2012,"{""type"":""Point"",""coordinates"":[2.42,6.37]}"
144_12,1,9.20517195481807E-5,CHIRPS,WA013,2012,"{""type"":""Point"",""coordinates"":[8.52,12.05]}"
144_13,1,0.448853075504303,CHIRPS,WA014,2012,"{""type"":""Point"",""coordinates"":[-1.62,6.69]}"
144_14,1,0.009531869553029537,CHIRPS,WA015,2012,"{""type"":""Point"",""coordinates"":[-16.680000000000003,13.45]}"
145_0,2,0.008889405988156796,CHIRPS,WA001,2012,"{""type"":""Point"",""coordinates"":[-17.470000000000002,14.73]}"
145_1,2,0.0024457175750285387,CHIRPS,WA002,2012,"{""type"":""Point"",""coordinates"":[-7.949999999999998,12.65]}"
145_2,2,0.012296603061258793,CHIRPS,WA003,2012,"{""type"":""Point"",""coordinates"":[-1.5200000000000002,12.360000000000001]}"
145_3,2,1.3284960004966706E-4,CHIRPS,WA004,2012,"{""type"":""Point"",""coordinates"":[2.17,13.51]}"
145_4,2,0.10502435266971588,CHIRPS,WA005,2012,"{""type"":""Point"",""coordinates"":[7.33,9.07]}"
145_5,2,2.314281702041626,CHIRPS,WA006,2012,"{""type"":""Point"",""coordinates"":[-0.17,5.56]}"
145_6,2,1.8204827308654785,CHIRPS,WA007,2012,"{""type"":""Point"",""coordinates"":[-3.9299999999999997,5.349999999999999]}"
145_7,2,0.07537604123353958,CHIRPS,WA008,2012,"{""type"":""Point"",""coordinates"":[-13.67,9.53]}"
145_8,2,0.2026134729385376,CHIRPS,WA009,2012,"{""type"":""Point"",""coordinates"":[-13.230000000000002,8.489999999999998]}"
145_9,2,1.4573757648468018,CHIRPS,WA010,2012,"{""type"":""Point"",""coordinates"":[-10.799999999999999,6.3]}"
145_10,2,1.9103114604949951,CHIRPS,WA011,2012,"{""type"":""Point"",""coordinates"":[1.22,6.130000000000001]}"
145_11,2,2.4946937561035156,CHIRPS,WA012,2012,"{""type"":""Point"",""coordinates"":[2.42,6.37]}"
145_12,2,0.0027887977194041014,CHIRPS,WA013,2012,"{""type"":""Point"",""coordinates"":[8.52,12.05]}"
145_13,2,2.551636219024658,CHIRPS,WA014,2012,"{""type"":""Point"",""coordinates"":[-1.62,6.69]}"
145_14,2,0.003544393228366971,CHIRPS,WA015,2012,"{""type"":""Point"",""coordinates"":[-16.680000000000003,13.45]}"
146_0,3,3.863451420329511E-4,CHIRPS,WA001,2012,"{""type"":""Point"",""coordinates"":[-17.470000000000002,14.73]}"
146_1,3,0.002073609735816717,CHIRPS,WA002,2012,"{""type"":""Point"",""coordinates"":[-7.949999999999998,12.65]}"
146_2,3,0.030858570709824562,CHIRPS,WA003,2012,"{""type"":""Point"",""coordinates"":[-1.5200000000000002,12.360000000000001]}"
146_3,3,0.004310593940317631,CHIRPS,WA004,2012,"{""type"":""Point"",""coordinates"":[2.17,13.51]}"
146_4,3,0.36122390627861023,CHIRPS,WA005,2012,"{""type"":""Point"",""coordinates"":[7.33,9.07]}"
146_5,3,1.700348973274231,CHIRPS,WA006,2012,"{""type"":""Point"",""coordinates"":[-0.17,5.56]}"
146_6,3,2.3405356407165527,CHIRPS,WA007,2012,"{""type"":""Point"",""coordinates"":[-3.9299999999999997,5.349999999999999]}"
146_7,3,0.07291983813047409,CHIRPS,WA008,2012,"{""type"":""Point"",""coordinates"":[-13.67,9.53]}"
146_8,3,0.2427644431591034,CHIRPS,WA009,2012,"{""type"":""Point"",""coordinates"":[-13.230000000000002,8.489999999999998]}"
146_9,3,1.5766046047210693,CHIRPS,WA010,2012,"{""type"":""Point"",""coordinates"":[-10.799999999999999,6.3]}"
146_10,3,1.685178279876709,CHIRPS,WA011,2012,"{""type"":""Point"",""coordinates"":[1.22,6.130000000000001]}"
146_11,3,1.9382132291793823,CHIRPS,WA012,2012,"{""type"":""Point"",""coordinates"":[2.42,6.37]}"
146_12,3,0.03394989296793938,CHIRPS,WA013,2012,"{""type"":""Point"",""coordinates"":[8.52,12.05]}"
146_13,3,2.1347622871398926,CHIRPS,WA014,2012,"{""type"":""Point"",""coordinates"":[-1.62,6.69]}"
146_14,3,3.22532607242465E-4,CHIRPS,WA015,2012,"{""type"":""Point"",""coordinates"":[-16.680000000000003,13.45]}"
147_0,4,7.505730609409511E-4,CHIRPS,WA001,2012,"{""type"":""Point"",""coordinates"":[-17.470000000000002,14.73]}"
147_1,4,0.4221668541431427,CHIRPS,WA002,2012,"{""type"":""Point"",""coordinates"":[-7.949999999999998,12.65]}"
147_2,4,0.6631967425346375,CHIRPS,WA003,2012,"{""type"":""Point"",""coordinates"":[-1.5200000000000002,12.360000000000001]}"
147_3,4,0.1273164004087448,CHIRPS,WA004,2012,"{""type"":""Point"",""coordinates"":[2.17,13.51]}"
147_4,4,3.2412803173065186,CHIRPS,WA005,2012,"{""type"":""Point"",""coordinates"":[7.33,9.07]}"
147_5,4,3.00639271736145,CHIRPS,WA006,2012,"{""type"":""Point"",""coordinates"":[-0.17,5.56]}"
147_6,4,3.3824174404144287,CHIRPS,WA007,2012,"{""type"":""Point"",""coordinates"":[-3.9299999999999997,5.349999999999999]}"
147_7,4,1.715060830116272,CHIRPS,WA008,2012,"{""type"":""Point"",""coordinates"":[-13.67,9.53]}"
147_8,4,1.9301426410675049,CHIRPS,WA009,2012,"{""type"":""Point"",""coordinates"":[-13.230000000000002,8.489999999999998]}"
147_9,4,4.0364556312561035,CHIRPS,WA010,2012,"{""type"":""Point"",""coordinates"":[-10.799999999999999,6.3]}"
147_10,4,3.525353193283081,CHIRPS,WA011,2012,"{""type"":""Point"",""coordinates"":[1.22,6.130000000000001]}"
147_11,4,5.824624538421631,CHIRPS,WA012,2012,"{""type"":""Point"",""coordinates"":[2.42,6.37]}"
147_12,4,0.4443730413913727,CHIRPS,WA013,2012,"{""type"":""Point"",""coordinates"":[8.52,12.05]}"
147_13,4,3.716348648071289,CHIRPS,WA014,2012,"{""type"":""Point"",""coordinates"":[-1.62,6.69]}"
147_14,4,0.003699518973007798,CHIRPS,WA015,2012,"{""type"":""Point"",""coordinates"":[-16.680000000000003,13.45]}"
148_0,5,3.5306307836435735E-4,CHIRPS,WA001,2012,"{""type"":""Point"",""coordinates"":[-17.470000000000002,14.73]}"
148_1,5,1.018922209739685,CHIRPS,WA002,2012,"{""type"":""Point"",""coordinates"":[-7.949999999999998,12.65]}"
148_2,5,1.8555216789245605,CHIRPS,WA003,2012,"{""type"":""Point"",""coordinates"":[-1.5200000000000002,12.360000000000001]}"
148_3,5,0.5931766033172607,CHIRPS,WA004,2012,"{""type"":""Point"",""coordinates"":[2.17,13.51]}"
148_4,5,5.426961421966553,CHIRPS,WA005,2012,"{""type"":""Point"",""coordinates"":[7.33,9.07]}"
148_5,5,4.9798126220703125,CHIRPS,WA006,2012,"{""type"":""Point"",""coordinates"":[-0.17,5.56]}"
148_6,5,7.751913070678711,CHIRPS,WA007,2012,"{""type"":""Point"",""coordinates"":[-3.9299999999999997,5.349999999999999]}"
148_7,5,3.8079423904418945,CHIRPS,WA008,2012,"{""type"":""Point"",""coordinates"":[-13.67,9.53]}"
148_8,5,4.6906609535217285,CHIRPS,WA009,2012,"{""type"":""Point"",""coordinates"":[-13.230000000000002,8.489999999999998]}"
148_9,5,9.731064796447754,CHIRPS,WA010,2012,"{""type"":""Point"",""coordinates"":[-10.799999999999999,6.3]}"
148_10,5,4.551332950592041,CHIRPS,WA011,2012,"{""type"":""Point"",""coordinates"":[1.22,6.130000000000001]}"
148_11,5,6.140422344207764,CHIRPS,WA012,2012,"{""type"":""Point"",""coordinates"":[2.42,6.37]}"
148_12,5,3.240119218826294,CHIRPS,WA013,2012,"{""type"":""Point"",""coordinates"":[8.52,12.05]}"
148_13,5,4.640992164611816,CHIRPS,WA014,2012,"{""type"":""Point"",""coordinates"":[-1.62,6.69]}"
148_14,5,0.018419835716485977,CHIRPS,WA015,2012,"{""type"":""Point"",""coordinates"":[-16.680000000000003,13.45]}"
149_0,6,0.4745442569255829,CHIRPS,WA001,2012,"{""type"":""Point"",""coordinates"":[-17.470000000000002,14.73]}"
149_1,6,4.6403584480285645,CHIRPS,WA002,2012,"{""type"":""Point"",""coordinates"":[-7.949999999999998,12.65]}"
149_2,6,3.055859088897705,CHIRPS,WA003,2012,"{""type"":""Point"",""coordinates"":[-1.5200000000000002,12.360000000000001]}"
149_3,6,1.63312828540802,CHIRPS,WA004,2012,"{""type"":""Point"",""coordinates"":[2.17,13.51]}"
149_4,6,5.99036169052124,CHIRPS,WA005,2012,"{""type"":""Point"",""coordinates"":[7.33,9.07]}"
149_5,6,5.433197975158691,CHIRPS,WA006,2012,"{""type"":""Point"",""coordinates"":[-0.17,5.56]}"
149_6,6,11.71176815032959,CHIRPS,WA007,2012,"{""type"":""Point"",""coordinates"":[-3.9299999999999997,5.349999999999999]}"
149_7,6,9.653626441955566,CHIRPS,WA008,2012,"{""type"":""Point"",""coordinates"":[-13.67,9.53]}"
149_8,6,11.44400405883789,CHIRPS,WA009,2012,"{""type"":""Point"",""coordinates"":[-13.230000000000002,8.489999999999998]}"
149_9,6,20.999923706054688,CHIRPS,WA010,2012,"{""type"":""Point"",""coordinates"":[-10.799999999999999,6.3]}"
149_10,6,5.992038249969482,CHIRPS,WA011,2012,"{""type"":""Point"",""coordinates"":[1.22,6.130000000000001]}"
149_11,6,11.45215892791748,CHIRPS,WA012,2012,"{""type"":""Point"",""coordinates"":[2.42,6.37]}"
149_12,6,3.771411657333374,CHIRPS,WA013,2012,"{""type"":""Point"",""coordinates"":[8.52,12.05]}"
149_13,6,6.652734279632568,CHIRPS,WA014,2012,"{""type"":""Point"",""coordinates"":[-1.62,6.69]}"
149_14,6,2.094144582748413,CHIRPS,WA015,2012,"{""type"":""Point"",""coordinates"":[-16.680000000000003,13.45]}"
150_0,7,4.154407024383545,CHIRPS,WA001,2012,"{""type"":""Point"",""coordinates"":[-17.470000000000002,14.73]}"
150_1,7,10.47053337097168,CHIRPS,WA002,2012,"{""type"":""Point"",""coordinates"":[-7.949999999999998,12.65]}"
150_2,7,9.06944465637207,CHIRPS,WA003,2012,"{""type"":""Point"",""coordinates"":[-1.5200000000000002,12.360000000000001]}"
150_3,7,4.844038486480713,CHIRPS,WA004,2012,"{""type"":""Point"",""coordinates"":[2.17,13.51]}"
150_4,7,8.489415168762207,CHIRPS,WA005,2012,"{""type"":""Point"",""coordinates"":[7.33,9.07]}"
150_5,7,1.7203718423843384,CHIRPS,WA006,2012,"{""type"":""Point"",""coordinates"":[-0.17,5.56]}"
150_6,7,2.3758857250213623,CHIRPS,WA007,2012,"{""type"":""Point"",""coordinates"":[-3.9299999999999997,5.349999999999999]}"
150_7,7,24.317176818847656,CHIRPS,WA008,2012,"{""type"":""Point"",""coordinates"":[-13.67,9.53]}"
150_8,7,21.25640296936035,CHIRPS,WA009,2012,"{""type"":""Point"",""coordinates"":[-13.230000000000002,8.489999999999998]}"
150_9,7,16.056676864624023,CHIRPS,WA010,2012,"{""type"":""Point"",""coordinates"":[-10.799999999999999,6.3]}"
150_10,7,2.571690797805786,CHIRPS,WA011,2012,"{""type"":""Point"",""coordinates"":[1.22,6.130000000000001]}"
150_11,7,3.975277900695801,CHIRPS,WA012,2012,"{""type"":""Point"",""coordinates"":[2.42,6.37]}"
150_12,7,7.038723945617676,CHIRPS,WA013,2012,"{""type"":""Point"",""coordinates"":[8.52,12.05]}"
150_13,7,2.4532196521759033,CHIRPS,WA014,2012,"{""type"":""Point"",""coordinates"":[-1.62,6.69]}"
150_14,7,7.004488945007324,CHIRPS,WA015,2012,"{""type"":""Point"",""coordinates"":[-16.680000000000003,13.45]}"
151_0,8,9.674260139465332,CHIRPS,WA001,2012,"{""type"":""Point"",""coordinates"":[-17.470000000000002,14.73]}"
151_1,8,9.141250610351562,CHIRPS,WA002,2012,"{""type"":""Point"",""coordinates"":[-7.949999999999998,12.65]}"
151_2,8,7.475601673126221,CHIRPS,WA003,2012,"{""type"":""Point"",""coordinates"":[-1.5200000000000002,12.360000000000001]}"
151_3,8,6.317521572113037,CHIRPS,WA004,2012,"{""type"":""Point"",""coordinates"":[2.17,13.51]}"
151_4,8,8.37317943572998,CHIRPS,WA005,2012,"{""type"":""Point"",""coordinates"":[7.33,9.07]}"
151_5,8,1.2275196313858032,CHIRPS,WA006,2012,"{""type"":""Point"",""coordinates"":[-0.17,5.56]}"
151_6,8,0.9316263794898987,CHIRPS,WA007,2012,"{""type"":""Point"",""coordinates"":[-3.9299999999999997,5.349999999999999]}"
151_7,8,19.780017852783203,CHIRPS,WA008,2012,"{""type"":""Point"",""coordinates"":[-13.67,9.53]}"
151_8,8,16.078855514526367,CHIRPS,WA009,2012,"{""type"":""Point"",""coordinates"":[-13.230000000000002,8.489999999999998]}"
151_9,8,14.28147029876709,CHIRPS,WA010,2012,"{""type"":""Point"",""coordinates"":[-10.799999999999999,6.3]}"
151_10,8,1.3857431411743164,CHIRPS,WA011,2012,"{""type"":""Point"",""coordinates"":[1.22,6.130000000000001]}"
151_11,8,0.9803764820098877,CHIRPS,WA012,2012,"{""type"":""Point"",""coordinates"":[2.42,6.37]}"
151_12,8,8.898024559020996,CHIRPS,WA013,2012,"{""type"":""Point"",""coordinates"":[8.52,12.05]}"
151_13,8,1.5495697259902954,CHIRPS,WA014,2012,"{""type"":""Point"",""coordinates"":[-1.62,6.69]}"
151_14,8,11.423330307006836,CHIRPS,WA015,2012,"{""type"":""Point"",""coordinates"":[-16.680000000000003,13.45]}"
152_0,9,7.178691387176514,CHIRPS,WA001,2012,"{""type"":""Point"",""coordinates"":[-17.470000000000002,14.73]}"
152_1,9,5.453010559082031,CHIRPS,WA002,2012,"{""type"":""Point"",""coordinates"":[-7.949999999999998,12.65]}"
152_2,9,5.325843334197998,CHIRPS,WA003,2012,"{""type"":""Point"",""coordinates"":[-1.5200000000000002,12.360000000000001]}"
152_3,9,3.3110408782958984,CHIRPS,WA004,2012,"{""type"":""Point"",""coordinates"":[2.17,13.51]}"
152_4,9,7.5173020362854,CHIRPS,WA005,2012,"{""type"":""Point"",""coordinates"":[7.33,9.07]}"
152_5,9,2.818622350692749,CHIRPS,WA006,2012,"{""type"":""Point"",""coordinates"":[-0.17,5.56]}"
152_6,9,3.041337251663208,CHIRPS,WA007,2012,"{""type"":""Point"",""coordinates"":[-3.9299999999999997,5.349999999999999]}"
152_7,9,13.777993202209473,CHIRPS,WA008,2012,"{""type"":""Point"",""coordinates"":[-13.67,9.53]}"
152_8,9,14.564279556274414,CHIRPS,WA009,2012,"{""type"":""Point"",""coordinates"":[-13.230000000000002,8.489999999999998]}"
152_9,9,19.525470733642578,CHIRPS,WA010,2012,"{""type"":""Point"",""coordinates"":[-10.799999999999999,6.3]}"
152_10,9,3.3120689392089844,CHIRPS,WA011,2012,"{""type"":""Point"",""coordinates"":[1.22,6.130000000000001]}"
152_11,9,5.294618606567383,CHIRPS,WA012,2012,"{""type"":""Point"",""coordinates"":[2.42,6.37]}"
152_12,9,4.802781105041504,CHIRPS,WA013,2012,"{""type"":""Point"",""coordinates"":[8.52,12.05]}"
152_13,9,4.6115851402282715,CHIRPS,WA014,2012,"{""type"":""Point"",""coordinates"":[-1.62,6.69]}"
152_14,9,9.713970184326172,CHIRPS,WA015,2012,"{""type"":""Point"",""coordinates"":[-16.680000000000003,13.45]}"
153_0,10,0.5248345732688904,CHIRPS,WA001,2012,"{""type"":""Point"",""coordinates"":[-17.470000000000002,14.73]}"
153_1,10,1.5112344026565552,CHIRPS,WA002,2012,"{""type"":""Point"",""coordinates"":[-7.949999999999998,12.65]}"
153_2,10,0.9795141220092773,CHIRPS,WA003,2012,"{""type"":""Point"",""coordinates"":[-1.5200000000000002,12.360000000000001]}"
153_3,10,0.3868478834629059,CHIRPS,WA004,2012,"{""type"":""Point"",""coordinates"":[2.17,13.51]}"
153_4,10,7.459555149078369,CHIRPS,WA005,2012,"{""type"":""Point"",""coordinates"":[7.33,9.07]}"
153_5,10,4.626178741455078,CHIRPS,WA006,2012,"{""type"":""Point"",""coordinates"":[-0.17,5.56]}"
153_6,10,8.965994834899902,CHIRPS,WA007,2012,"{""type"":""Point"",""coordinates"":[-3.9299999999999997,5.349999999999999]}"
153_7,10,11.345948219299316,CHIRPS,WA008,2012,"{""type"":""Point"",""coordinates"":[-13.67,9.53]}"
153_8,10,12.585558891296387,CHIRPS,WA009,2012,"{""type"":""Point"",""coordinates"":[-13.230000000000002,8.489999999999998]}"
153_9,10,16.102453231811523,CHIRPS,WA010,2012,"{""type"":""Point"",""coordinates"":[-10.799999999999999,6.3]}"
153_10,10,5.586607456207275,CHIRPS,WA011,2012,"{""type"":""Point"",""coordinates"":[1.22,6.130000000000001]}"
153_11,10,6.601861953735352,CHIRPS,WA012,2012,"{""type"":""Point"",""coordinates"":[2.42,6.37]}"
153_12,10,0.3501128852367401,CHIRPS,WA013,2012,"{""type"":""Point"",""coordinates"":[8.52,12.05]}"
153_13,10,8.515551567077637,CHIRPS,WA014,2012,"{""type"":""Point"",""coordinates"":[-1.62,6.69]}"
153_14,10,1.8527339696884155,CHIRPS,WA015,2012,"{""type"":""Point"",""coordinates"":[-16.680000000000003,13.45]}"
154_0,11,0.00673423008993268,CHIRPS,WA001,2012,"{""type"":""Point"",""coordinates"":[-17.470000000000002,14.73]}"
154_1,11,0.098501056432724,CHIRPS,WA002,2012,"{""type"":""Point"",""coordinates"":[-7.949999999999998,12.65]}"
154_2,11,0.014523419551551342,CHIRPS,WA003,2012,"{""type"":""Point"",""coordinates"":[-1.5200000000000002,12.360000000000001]}"
154_3,11,7.789593655616045E-5,CHIRPS,WA004,2012,"{""type"":""Point"",""coordinates"":[2.17,13.51]}"
154_4,11,0.23352280259132385,CHIRPS,WA005,2012,"{""type"":""Point"",""coordinates"":[7.33,9.07]}"
154_5,11,2.2683463096618652,CHIRPS,WA006,2012,"{""type"":""Point"",""coordinates"":[-0.17,5.56]}"
154_6,11,4.392907619476318,CHIRPS,WA007,2012,"{""type"":""Point"",""coordinates"":[-3.9299999999999997,5.349999999999999]}"
154_7,11,3.916921615600586,CHIRPS,WA008,2012,"{""type"":""Point"",""coordinates"":[-13.67,9.53]}"
154_8,11,5.809553623199463,CHIRPS,WA009,2012,"{""type"":""Point"",""coordinates"":[-13.230000000000002,8.489999999999998]}"
154_9,11,4.471942901611328,CHIRPS,WA010,2012,"{""type"":""Point"",""coordinates"":[-10.799999999999999,6.3]}"
154_10,11,1.9651650190353394,CHIRPS,WA011,2012,"{""type"":""Point"",""coordinates"":[1.22,6.130000000000001]}"
154_11,11,1.974535584449768,CHIRPS,WA012,2012,"{""type"":""Point"",""coordinates"":[2.42,6.37]}"
154_12,11,0.006063323002308607,CHIRPS,WA013,2012,"{""type"":""Point"",""coordinates"":[8.52,12.05]}"
154_13,11,2.82126784324646,CHIRPS,WA014,2012,"{""type"":""Point"",""coordinates"":[-1.62,6.69]}"
154_14,11,0.03309493884444237,CHIRPS,WA015,2012,"{""type"":""Point"",""coordinates"":[-16.680000000000003,13.45]}"
155_0,12,0.03581110015511513,CHIRPS,WA001,2012,"{""type"":""Point"",""coordinates"":[-17.470000000000002,14.73]}"
155_1,12,0.00452572014182806,CHIRPS,WA002,2012,"{""type"":""Point"",""coordinates"":[-7.949999999999998,12.65]}"
155_2,12,0.010644674301147461,CHIRPS,WA003,2012,"{""type"":""Point"",""coordinates"":[-1.5200000000000002,12.360000000000001]}"
155_3,12,4.492482548812404E-5,CHIRPS,WA004,2012,"{""type"":""Point"",""coordinates"":[2.17,13.51]}"
155_4,12,0.011246664449572563,CHIRPS,WA005,2012,"{""type"":""Point"",""coordinates"":[7.33,9.07]}"
155_5,12,0.8926247954368591,CHIRPS,WA006,2012,"{""type"":""Point"",""coordinates"":[-0.17,5.56]}"
155_6,12,3.672029972076416,CHIRPS,WA007,2012,"{""type"":""Point"",""coordinates"":[-3.9299999999999997,5.349999999999999]}"
155_7,12,0.2662774622440338,CHIRPS,WA008,2012,"{""type"":""Point"",""coordinates"":[-13.67,9.53]}"
155_8,12,0.7059870958328247,CHIRPS,WA009,2012,"{""type"":""Point"",""coordinates"":[-13.230000000000002,8.489999999999998]}"
155_9,12,2.1642138957977295,CHIRPS,WA010,2012,"{""type"":""Point"",""coordinates"":[-10.799999999999999,6.3]}"
155_10,12,0.6425617337226868,CHIRPS,WA011,2012,"{""type"":""Point"",""coordinates"":[1.22,6.130000000000001]}"
155_11,12,0.5743579864501953,CHIRPS,WA012,2012,"{""type"":""Point"",""coordinates"":[2.42,6.37]}"
155_12,12,3.7668185541406274E-4,CHIRPS,WA013,2012,"{""type"":""Point"",""coordinates"":[8.52,12.05]}"
155_13,12,0.9437670111656189,CHIRPS,WA014,2012,"{""type"":""Point"",""coordinates"":[-1.62,6.69]}"
155_14,12,0.029968153685331345,CHIRPS,WA015,2012,"{""type"":""Point"",""coordinates"":[-16.680000000000003,13.45]}"
156_0,1,0.04328910633921623,CHIRPS,WA001,2013,"{""type"":""Point"",""coordinates"":[-17.470000000000002,14.73]}"
156_1,1,0.0011688211234286427,CHIRPS,WA002,2013,"{""type"":""Point"",""coordinates"":[-7.949999999999998,12.65]}"
156_2,1,9.018700220622122E-4,CHIRPS,WA003,2013,"{""type"":""Point"",""coordinates"":[-1.5200000000000002,12.360000000000001]}"
156_3,1,1.7324155123787932E-5,CHIRPS,WA004,2013,"{""type"":""Point"",""coordinates"":[2.17,13.51]}"
156_4,1,0.06610708683729172,CHIRPS,WA005,2013,"{""type"":""Point"",""coordinates"":[7.33,9.07]}"
156_5,1,0.8045675158500671,CHIRPS,WA006,2013,"{""type"":""Point"",""coordinates"":[-0.17,5.56]}"
156_6,1,0.2685201168060303,CHIRPS,WA007,2013,"{""type"":""Point"",""coordinates"":[-3.9299999999999997,5.349999999999999]}"
156_7,1,0.026429660618305206,CHIRPS,WA008,2013,"{""type"":""Point"",""coordinates"":[-13.67,9.53]}"
156_8,1,0.10055665671825409,CHIRPS,WA009,2013,"{""type"":""Point"",""coordinates"":[-13.230000000000002,8.489999999999998]}"
156_9,1,0.44490495324134827,CHIRPS,WA010,2013,"{""type"":""Point"",""coordinates"":[-10.799999999999999,6.3]}"
156_10,1,0.5789322257041931,CHIRPS,WA011,2013,"{""type"":""Point"",""coordinates"":[1.22,6.130000000000001]}"
156_11,1,0.7973924875259399,CHIRPS,WA012,2013,"{""type"":""Point"",""coordinates"":[2.42,6.37]}"
156_12,1,0.00426273699849844,CHIRPS,WA013,2013,"{""type"":""Point"",""coordinates"":[8.52,12.05]}"
156_13,1,0.1967659294605255,CHIRPS,WA014,2013,"{""type"":""Point"",""coordinates"":[-1.62,6.69]}"
156_14,1,0.01999620720744133,CHIRPS,WA015,2013,"{""type"":""Point"",""coordinates"":[-16.680000000000003,13.45]}"
157_0,2,0.004286692012101412,CHIRPS,WA001,2013,"{""type"":""Point"",""coordinates"":[-17.470000000000002,14.73]}"
157_1,2,6.487432983703911E-5,CHIRPS,WA002,2013,"{""type"":""Point"",""coordinates"":[-7.949999999999998,12.65]}"
157_2,2,0.005722854286432266,CHIRPS,WA003,2013,"{""type"":""Point"",""coordinates"":[-1.5200000000000002,12.360000000000001]}"
157_3,2,7.147186988731846E-5,CHIRPS,WA004,2013,"{""type"":""Point"",""coordinates"":[2.17,13.51]}"
157_4,2,0.13241030275821686,CHIRPS,WA005,2013,"{""type"":""Point"",""coordinates"":[7.33,9.07]}"
157_5,2,1.0979304313659668,CHIRPS,WA006,2013,"{""type"":""Point"",""coordinates"":[-0.17,5.56]}"
157_6,2,1.1475750207901,CHIRPS,WA007,2013,"{""type"":""Point"",""coordinates"":[-3.9299999999999997,5.349999999999999]}"
157_7,2,0.0031524314545094967,CHIRPS,WA008,2013,"{""type"":""Point"",""coordinates"":[-13.67,9.53]}"
157_8,2,0.07779721170663834,CHIRPS,WA009,2013,"{""type"":""Point"",""coordinates"":[-13.230000000000002,8.489999999999998]}"
157_9,2,1.3000752925872803,CHIRPS,WA010,2013,"{""type"":""Point"",""coordinates"":[-10.799999999999999,6.3]}"
157_10,2,0.7809568643569946,CHIRPS,WA011,2013,"{""type"":""Point"",""coordinates"":[1.22,6.130000000000001]}"
157_11,2,1.0254818201065063,CHIRPS,WA012,2013,"{""type"":""Point"",""coordinates"":[2.42,6.37]}"
157_12,2,0.0011675815330818295,CHIRPS,WA013,2013,"{""type"":""Point"",""coordinates"":[8.52,12.05]}"
157_13,2,2.588899850845337,CHIRPS,WA014,2013,"{""type"":""Point"",""coordinates"":[-1.62,6.69]}"
157_14,2,0.0016846467042341828,CHIRPS,WA015,2013,"{""type"":""Point"",""coordinates"":[-16.680000000000003,13.45]}"
158_0,3,2.2009921667631716E-4,CHIRPS,WA001,2013,"{""type"":""Point"",""coordinates"":[-17.470000000000002,14.73]}"
158_1,3,0.014891422353684902,CHIRPS,WA002,2013,"{""type"":""Point"",""coordinates"":[-7.949999999999998,12.65]}"
158_2,3,0.19652576744556427,CHIRPS,WA003,2013,"{""type"":""Point"",""coordinates"":[-1.5200000000000002,12.360000000000001]}"
158_3,3,0.008413013070821762,CHIRPS,WA004,2013,"{""type"":""Point"",""coordinates"":[2.17,13.51]}"
158_4,3,1.2132761478424072,CHIRPS,WA005,2013,"{""type"":""Point"",""coordinates"":[7.33,9.07]}"
158_5,3,2.710669994354248,CHIRPS,WA006,2013,"{""type"":""Point"",""coordinates"":[-0.17,5.56]}"
158_6,3,3.3856868743896484,CHIRPS,WA007,2013,"{""type"":""Point"",""coordinates"":[-3.9299999999999997,5.349999999999999]}"
158_7,3,0.20980601012706757,CHIRPS,WA008,2013,"{""type"":""Point"",""coordinates"":[-13.67,9.53]}"
158_8,3,0.4825899600982666,CHIRPS,WA009,2013,"{""type"":""Point"",""coordinates"":[-13.230000000000002,8.489999999999998]}"
158_9,3,2.1663739681243896,CHIRPS,WA010,2013,"{""type"":""Point"",""coordinates"":[-10.799999999999999,6.3]}"
158_10,3,2.8710291385650635,CHIRPS,WA011,2013,"{""type"":""Point"",""coordinates"":[1.22,6.130000000000001]}"
158_11,3,2.96696138381958,CHIRPS,WA012,2013,"{""type"":""Point"",""coordinates"":[2.42,6.37]}"
158_12,3,0.11735453456640244,CHIRPS,WA013,2013,"{""type"":""Point"",""coordinates"":[8.52,12.05]}"
158_13,3,4.261580467224121,CHIRPS,WA014,2013,"{""type"":""Point"",""coordinates"":[-1.62,6.69]}"
158_14,3,0.0010697380639612675,CHIRPS,WA015,2013,"{""type"":""Point"",""coordinates"":[-16.680000000000003,13.45]}"
159_0,4,5.518440157175064E-4,CHIRPS,WA001,2013,"{""type"":""Point"",""coordinates"":[-17.470000000000002,14.73]}"
159_1,4,0.088885098695755,CHIRPS,WA002,2013,"{""type"":""Point"",""coordinates"":[-7.949999999999998,12.65]}"
159_2,4,0.8703007698059082,CHIRPS,WA003,2013,"{""type"":""Point"",""coordinates"":[-1.5200000000000002,12.360000000000001]}"
159_3,4,0.17832402884960175,CHIRPS,WA004,2013,"{""type"":""Point"",""coordinates"":[2.17,13.51]}"
159_4,4,2.00923752784729,CHIRPS,WA005,2013,"{""type"":""Point"",""coordinates"":[7.33,9.07]}"
159_5,4,1.9610472917556763,CHIRPS,WA006,2013,"{""type"":""Point"",""coordinates"":[-0.17,5.56]}"
159_6,4,3.3768150806427,CHIRPS,WA007,2013,"{""type"":""Point"",""coordinates"":[-3.9299999999999997,5.349999999999999]}"
159_7,4,0.3520938456058502,CHIRPS,WA008,2013,"{""type"":""Point"",""coordinates"":[-13.67,9.53]}"
159_8,4,0.7486246824264526,CHIRPS,WA009,2013,"{""type"":""Point"",""coordinates"":[-13.230000000000002,8.489999999999998]}"
159_9,4,2.1666033267974854,CHIRPS,WA010,2013,"{""type"":""Point"",""coordinates"":[-10.799999999999999,6.3]}"
159_10,4,2.998701572418213,CHIRPS,WA011,2013,"{""type"":""Point"",""coordinates"":[1.22,6.130000000000001]}"
159_11,4,3.9818997383117676,CHIRPS,WA012,2013,"{""type"":""Point"",""coordinates"":[2.42,6.37]}"
159_12,4,0.27592915296554565,CHIRPS,WA013,2013,"{""type"":""Point"",""coordinates"":[8.52,12.05]}"
159_13,4,2.742471218109131,CHIRPS,WA014,2013,"{""type"":""Point"",""coordinates"":[-1.62,6.69]}"
159_14,4,0.001442666514776647,CHIRPS,WA015,2013,"{""type"":""Point"",""coordinates"":[-16.680000000000003,13.45]}"
160_0,5,0.02173464559018612,CHIRPS,WA001,2013,"{""type"":""Point"",""coordinates"":[-17.470000000000002,14.73]}"
160_1,5,0.711430549621582,CHIRPS,WA002,2013,"{""type"":""Point"",""coordinates"":[-7.949999999999998,12.65]}"
160_2,5,1.630160927772522,CHIRPS,WA003,2013,"{""type"":""Point"",""coordinates"":[-1.5200000000000002,12.360000000000001]}"
160_3,5,0.5100483894348145,CHIRPS,WA004,2013,"{""type"":""Point"",""coordinates"":[2.17,13.51]}"
160_4,5,2.569793939590454,CHIRPS,WA005,2013,"{""type"":""Point"",""coordinates"":[7.33,9.07]}"
160_5,5,3.069626569747925,CHIRPS,WA006,2013,"{""type"":""Point"",""coordinates"":[-0.17,5.56]}"
160_6,5,7.37857723236084,CHIRPS,WA007,2013,"{""type"":""Point"",""coordinates"":[-3.9299999999999997,5.349999999999999]}"
160_7,5,5.915090560913086,CHIRPS,WA008,2013,"{""type"":""Point"",""coordinates"":[-13.67,9.53]}"
160_8,5,7.7361626625061035,CHIRPS,WA009,2013,"{""type"":""Point"",""coordinates"":[-13.230000000000002,8.489999999999998]}"
160_9,5,9.701252937316895,CHIRPS,WA010,2013,"{""type"":""Point"",""coordinates"":[-10.799999999999999,6.3]}"
160_10,5,4.501655101776123,CHIRPS,WA011,2013,"{""type"":""Point"",""coordinates"":[1.22,6.130000000000001]}"
160_11,5,7.355556964874268,CHIRPS,WA012,2013,"{""type"":""Point"",""coordinates"":[2.42,6.37]}"
160_12,5,0.8140419125556946,CHIRPS,WA013,2013,"{""type"":""Point"",""coordinates"":[8.52,12.05]}"
160_13,5,3.882878541946411,CHIRPS,WA014,2013,"{""type"":""Point"",""coordinates"":[-1.62,6.69]}"
160_14,5,0.05803258717060089,CHIRPS,WA015,2013,"{""type"":""Point"",""coordinates"":[-16.680000000000003,13.45]}"
161_0,6,0.44059261679649353,CHIRPS,WA001,2013,"{""type"":""Point"",""coordinates"":[-17.470000000000002,14.73]}"
161_1,6,3.422858953475952,CHIRPS,WA002,2013,"{""type"":""Point"",""coordinates"":[-7.949999999999998,12.65]}"
161_2,6,2.1268768310546875,CHIRPS,WA003,2013,"{""type"":""Point"",""coordinates"":[-1.5200000000000002,12.360000000000001]}"
161_3,6,1.8017377853393555,CHIRPS,WA004,2013,"{""type"":""Point"",""coordinates"":[2.17,13.51]}"
161_4,6,4.180458068847656,CHIRPS,WA005,2013,"{""type"":""Point"",""coordinates"":[7.33,9.07]}"
161_5,6,3.1781883239746094,CHIRPS,WA006,2013,"{""type"":""Point"",""coordinates"":[-0.17,5.56]}"
161_6,6,7.508351802825928,CHIRPS,WA007,2013,"{""type"":""Point"",""coordinates"":[-3.9299999999999997,5.349999999999999]}"
161_7,6,12.973676681518555,CHIRPS,WA008,2013,"{""type"":""Point"",""coordinates"":[-13.67,9.53]}"
161_8,6,15.009434700012207,CHIRPS,WA009,2013,"{""type"":""Point"",""coordinates"":[-13.230000000000002,8.489999999999998]}"
161_9,6,17.813508987426758,CHIRPS,WA010,2013,"{""type"":""Point"",""coordinates"":[-10.799999999999999,6.3]}"
161_10,6,3.263051748275757,CHIRPS,WA011,2013,"{""type"":""Point"",""coordinates"":[1.22,6.130000000000001]}"
161_11,6,5.538247585296631,CHIRPS,WA012,2013,"{""type"":""Point"",""coordinates"":[2.42,6.37]}"
161_12,6,3.9583098888397217,CHIRPS,WA013,2013,"{""type"":""Point"",""coordinates"":[8.52,12.05]}"
161_13,6,3.4799373149871826,CHIRPS,WA014,2013,"{""type"":""Point"",""coordinates"":[-1.62,6.69]}"
161_14,6,1.1937637329101562,CHIRPS,WA015,2013,"{""type"":""Point"",""coordinates"":[-16.680000000000003,13.45]}"
162_0,7,1.8153605461120605,CHIRPS,WA001,2013,"{""type"":""Point"",""coordinates"":[-17.470000000000002,14.73]}"
162_1,7,16.108022689819336,CHIRPS,WA002,2013,"{""type"":""Point"",""coordinates"":[-7.949999999999998,12.65]}"
162_2,7,5.119593143463135,CHIRPS,WA003,2013,"{""type"":""Point"",""coordinates"":[-1.5200000000000002,12.360000000000001]}"
162_3,7,3.2556569576263428,CHIRPS,WA004,2013,"{""type"":""Point"",""coordinates"":[2.17,13.51]}"
162_4,7,5.6225152015686035,CHIRPS,WA005,2013,"{""type"":""Point"",""coordinates"":[7.33,9.07]}"
162_5,7,1.379522442817688,CHIRPS,WA006,2013,"{""type"":""Point"",""coordinates"":[-0.17,5.56]}"
162_6,7,2.7793312072753906,CHIRPS,WA007,2013,"{""type"":""Point"",""coordinates"":[-3.9299999999999997,5.349999999999999]}"
162_7,7,17.670032501220703,CHIRPS,WA008,2013,"{""type"":""Point"",""coordinates"":[-13.67,9.53]}"
162_8,7,16.53965950012207,CHIRPS,WA009,2013,"{""type"":""Point"",""coordinates"":[-13.230000000000002,8.489999999999998]}"
162_9,7,18.753982543945312,CHIRPS,WA010,2013,"{""type"":""Point"",""coordinates"":[-10.799999999999999,6.3]}"
162_10,7,1.5880824327468872,CHIRPS,WA011,2013,"{""type"":""Point"",""coordinates"":[1.22,6.130000000000001]}"
162_11,7,3.3507988452911377,CHIRPS,WA012,2013,"{""type"":""Point"",""coordinates"":[2.42,6.37]}"
162_12,7,5.452456951141357,CHIRPS,WA013,2013,"{""type"":""Point"",""coordinates"":[8.52,12.05]}"
162_13,7,2.4429545402526855,CHIRPS,WA014,2013,"{""type"":""Point"",""coordinates"":[-1.62,6.69]}"
162_14,7,3.5546491146087646,CHIRPS,WA015,2013,"{""type"":""Point"",""coordinates"":[-16.680000000000003,13.45]}"
163_0,8,8.759835243225098,CHIRPS,WA001,2013,"{""type"":""Point"",""coordinates"":[-17.470000000000002,14.73]}"
163_1,8,9.942961692810059,CHIRPS,WA002,2013,"{""type"":""Point"",""coordinates"":[-7.949999999999998,12.65]}"
163_2,8,7.351165294647217,CHIRPS,WA003,2013,"{""type"":""Point"",""coordinates"":[-1.5200000000000002,12.360000000000001]}"
163_3,8,7.702352046966553,CHIRPS,WA004,2013,"{""type"":""Point"",""coordinates"":[2.17,13.51]}"
163_4,8,7.212082386016846,CHIRPS,WA005,2013,"{""type"":""Point"",""coordinates"":[7.33,9.07]}"
163_5,8,0.46445345878601074,CHIRPS,WA006,2013,"{""type"":""Point"",""coordinates"":[-0.17,5.56]}"
163_6,8,0.6437513828277588,CHIRPS,WA007,2013,"{""type"":""Point"",""coordinates"":[-3.9299999999999997,5.349999999999999]}"
163_7,8,39.350242614746094,CHIRPS,WA008,2013,"{""type"":""Point"",""coordinates"":[-13.67,9.53]}"
163_8,8,31.227970123291016,CHIRPS,WA009,2013,"{""type"":""Point"",""coordinates"":[-13.230000000000002,8.489999999999998]}"
163_9,8,12.414422988891602,CHIRPS,WA010,2013,"{""type"":""Point"",""coordinates"":[-10.799999999999999,6.3]}"
163_10,8,0.607715368270874,CHIRPS,WA011,2013,"{""type"":""Point"",""coordinates"":[1.22,6.130000000000001]}"
163_11,8,0.5638570189476013,CHIRPS,WA012,2013,"{""type"":""Point"",""coordinates"":[2.42,6.37]}"
163_12,8,9.372834205627441,CHIRPS,WA013,2013,"{""type"":""Point"",""coordinates"":[8.52,12.05]}"
163_13,8,0.9677425622940063,CHIRPS,WA014,2013,"{""type"":""Point"",""coordinates"":[-1.62,6.69]}"
163_14,8,13.632793426513672,CHIRPS,WA015,2013,"{""type"":""Point"",""coordinates"":[-16.680000000000003,13.45]}"
164_0,9,4.642863750457764,CHIRPS,WA001,2013,"{""type"":""Point"",""coordinates"":[-17.470000000000002,14.73]}"
164_1,9,4.542623996734619,CHIRPS,WA002,2013,"{""type"":""Point"",""coordinates"":[-7.949999999999998,12.65]}"
164_2,9,3.5648486614227295,CHIRPS,WA003,2013,"{""type"":""Point"",""coordinates"":[-1.5200000000000002,12.360000000000001]}"
164_3,9,1.2095428705215454,CHIRPS,WA004,2013,"{""type"":""Point"",""coordinates"":[2.17,13.51]}"
164_4,9,7.507042407989502,CHIRPS,WA005,2013,"{""type"":""Point"",""coordinates"":[7.33,9.07]}"
164_5,9,2.0029754638671875,CHIRPS,WA006,2013,"{""type"":""Point"",""coordinates"":[-0.17,5.56]}"
164_6,9,2.6812376976013184,CHIRPS,WA007,2013,"{""type"":""Point"",""coordinates"":[-3.9299999999999997,5.349999999999999]}"
164_7,9,15.915990829467773,CHIRPS,WA008,2013,"{""type"":""Point"",""coordinates"":[-13.67,9.53]}"
164_8,9,15.879542350769043,CHIRPS,WA009,2013,"{""type"":""Point"",""coordinates"":[-13.230000000000002,8.489999999999998]}"
164_9,9,17.118038177490234,CHIRPS,WA010,2013,"{""type"":""Point"",""coordinates"":[-10.799999999999999,6.3]}"
164_10,9,3.0694894790649414,CHIRPS,WA011,2013,"{""type"":""Point"",""coordinates"":[1.22,6.130000000000001]}"
164_11,9,3.7761826515197754,CHIRPS,WA012,2013,"{""type"":""Point"",""coordinates"":[2.42,6.37]}"
164_12,9,3.996678113937378,CHIRPS,WA013,2013,"{""type"":""Point"",""coordinates"":[8.52,12.05]}"
164_13,9,4.812159538269043,CHIRPS,WA014,2013,"{""type"":""Point"",""coordinates"":[-1.62,6.69]}"
164_14,9,4.786759376525879,CHIRPS,WA015,2013,"{""type"":""Point"",""coordinates"":[-16.680000000000003,13.45]}"
165_0,10,0.9389174580574036,CHIRPS,WA001,2013,"{""type"":""Point"",""coordinates"":[-17.470000000000002,14.73]}"
165_1,10,2.199932336807251,CHIRPS,WA002,2013,"{""type"":""Point"",""coordinates"":[-7.949999999999998,12.65]}"
165_2,10,0.8278437256813049,CHIRPS,WA003,2013,"{""type"":""Point"",""coordinates"":[-1.5200000000000002,12.360000000000001]}"
165_3,10,0.5242654085159302,CHIRPS,WA004,2013,"{""type"":""Point"",""coordinates"":[2.17,13.51]}"
165_4,10,3.6942033767700195,CHIRPS,WA005,2013,"{""type"":""Point"",""coordinates"":[7.33,9.07]}"
165_5,10,2.0848748683929443,CHIRPS,WA006,2013,"{""type"":""Point"",""coordinates"":[-0.17,5.56]}"
165_6,10,3.365018606185913,CHIRPS,WA007,2013,"{""type"":""Point"",""coordinates"":[-3.9299999999999997,5.349999999999999]}"
165_7,10,9.081212043762207,CHIRPS,WA008,2013,"{""type"":""Point"",""coordinates"":[-13.67,9.53]}"
165_8,10,10.668729782104492,CHIRPS,WA009,2013,"{""type"":""Point"",""coordinates"":[-13.230000000000002,8.489999999999998]}"
165_9,10,11.524139404296875,CHIRPS,WA010,2013,"{""type"":""Point"",""coordinates"":[-10.799999999999999,6.3]}"
165_10,10,2.266500473022461,CHIRPS,WA011,2013,"{""type"":""Point"",""coordinates"":[1.22,6.130000000000001]}"
165_11,10,3.4428040981292725,CHIRPS,WA012,2013,"{""type"":""Point"",""coordinates"":[2.42,6.37]}"
165_12,10,0.31919100880622864,CHIRPS,WA013,2013,"{""type"":""Point"",""coordinates"":[8.52,12.05]}"
165_13,10,4.39030647277832,CHIRPS,WA014,2013,"{""type"":""Point"",""coordinates"":[-1.62,6.69]}"
165_14,10,1.8725824356079102,CHIRPS,WA015,2013,"{""type"":""Point"",""coordinates"":[-16.680000000000003,13.45]}"
166_0,11,0.026088975369930267,CHIRPS,WA001,2013,"{""type"":""Point"",""coordinates"":[-17.470000000000002,14.73]}"
166_1,11,0.05356156826019287,CHIRPS,WA002,2013,"{""type"":""Point"",""coordinates"":[-7.949999999999998,12.65]}"
166_2,11,0.0028774403035640717,CHIRPS,WA003,2013,"{""type"":""Point"",""coordinates"":[-1.5200000000000002,12.360000000000001]}"
166_3,11,7.286707841558382E-5,CHIRPS,WA004,2013,"{""type"":""Point"",""coordinates"":[2.17,13.51]}"
166_4,11,0.0558621920645237,CHIRPS,WA005,2013,"{""type"":""Point"",""coordinates"":[7.33,9.07]}"
166_5,11,1.7352367639541626,CHIRPS,WA006,2013,"{""type"":""Point"",""coordinates"":[-0.17,5.56]}"
166_6,11,6.6694488525390625,CHIRPS,WA007,2013,"{""type"":""Point"",""coordinates"":[-3.9299999999999997,5.349999999999999]}"
166_7,11,1.8791323900222778,CHIRPS,WA008,2013,"{""type"":""Point"",""coordinates"":[-13.67,9.53]}"
166_8,11,2.7590079307556152,CHIRPS,WA009,2013,"{""type"":""Point"",""coordinates"":[-13.230000000000002,8.489999999999998]}"
166_9,11,4.978018760681152,CHIRPS,WA010,2013,"{""type"":""Point"",""coordinates"":[-10.799999999999999,6.3]}"
166_10,11,1.25970458984375,CHIRPS,WA011,2013,"{""type"":""Point"",""coordinates"":[1.22,6.130000000000001]}"
166_11,11,1.8980381488800049,CHIRPS,WA012,2013,"{""type"":""Point"",""coordinates"":[2.42,6.37]}"
166_12,11,6.133138667792082E-4,CHIRPS,WA013,2013,"{""type"":""Point"",""coordinates"":[8.52,12.05]}"
166_13,11,3.862096071243286,CHIRPS,WA014,2013,"{""type"":""Point"",""coordinates"":[-1.62,6.69]}"
166_14,11,0.052008986473083496,CHIRPS,WA015,2013,"{""type"":""Point"",""coordinates"":[-16.680000000000003,13.45]}"
167_0,12,0.04766863211989403,CHIRPS,WA001,2013,"{""type"":""Point"",""coordinates"":[-17.470000000000002,14.73]}"
167_1,12,0.0058161295019090176,CHIRPS,WA002,2013,"{""type"":""Point"",""coordinates"":[-7.949999999999998,12.65]}"
167_2,12,0.022648612037301064,CHIRPS,WA003,2013,"{""type"":""Point"",""coordinates"":[-1.5200000000000002,12.360000000000001]}"
167_3,12,2.0504494023043662E-4,CHIRPS,WA004,2013,"{""type"":""Point"",""coordinates"":[2.17,13.51]}"
167_4,12,0.02713821269571781,CHIRPS,WA005,2013,"{""type"":""Point"",""coordinates"":[7.33,9.07]}"
167_5,12,1.2788832187652588,CHIRPS,WA006,2013,"{""type"":""Point"",""coordinates"":[-0.17,5.56]}"
167_6,12,2.069361925125122,CHIRPS,WA007,2013,"{""type"":""Point"",""coordinates"":[-3.9299999999999997,5.349999999999999]}"
167_7,12,0.1175638809800148,CHIRPS,WA008,2013,"{""type"":""Point"",""coordinates"":[-13.67,9.53]}"
167_8,12,0.4252361059188843,CHIRPS,WA009,2013,"{""type"":""Point"",""coordinates"":[-13.230000000000002,8.489999999999998]}"
167_9,12,3.3145461082458496,CHIRPS,WA010,2013,"{""type"":""Point"",""coordinates"":[-10.799999999999999,6.3]}"
167_10,12,0.7848730683326721,CHIRPS,WA011,2013,"{""type"":""Point"",""coordinates"":[1.22,6.130000000000001]}"
167_11,12,0.6703841686248779,CHIRPS,WA012,2013,"{""type"":""Point"",""coordinates"":[2.42,6.37]}"
167_12,12,8.411087328568101E-4,CHIRPS,WA013,2013,"{""type"":""Point"",""coordinates"":[8.52,12.05]}"
167_13,12,0.8096591234207153,CHIRPS,WA014,2013,"{""type"":""Point"",""coordinates"":[-1.62,6.69]}"
167_14,12,0.0195505078881979,CHIRPS,WA015,2013,"{""type"":""Point"",""coordinates"":[-16.680000000000003,13.45]}"
168_0,1,0.022044487297534943,CHIRPS,WA001,2014,"{""type"":""Point"",""coordinates"":[-17.470000000000002,14.73]}"
168_1,1,3.477240970823914E-4,CHIRPS,WA002,2014,"{""type"":""Point"",""coordinates"":[-7.949999999999998,12.65]}"
168_2,1,0.0032708270009607077,CHIRPS,WA003,2014,"{""type"":""Point"",""coordinates"":[-1.5200000000000002,12.360000000000001]}"
168_3,1,1.1255039134994149E-4,CHIRPS,WA004,2014,"{""type"":""Point"",""coordinates"":[2.17,13.51]}"
168_4,1,0.06946345418691635,CHIRPS,WA005,2014,"{""type"":""Point"",""coordinates"":[7.33,9.07]}"
168_5,1,0.8710429072380066,CHIRPS,WA006,2014,"{""type"":""Point"",""coordinates"":[-0.17,5.56]}"
168_6,1,0.7026366591453552,CHIRPS,WA007,2014,"{""type"":""Point"",""coordinates"":[-3.9299999999999997,5.349999999999999]}"
168_7,1,0.019524889066815376,CHIRPS,WA008,2014,"{""type"":""Point"",""coordinates"":[-13.67,9.53]}"
168_8,1,0.034309022128582,CHIRPS,WA009,2014,"{""type"":""Point"",""coordinates"":[-13.230000000000002,8.489999999999998]}"
168_9,1,0.862499475479126,CHIRPS,WA010,2014,"{""type"":""Point"",""coordinates"":[-10.799999999999999,6.3]}"
168_10,1,0.6702426075935364,CHIRPS,WA011,2014,"{""type"":""Point"",""coordinates"":[1.22,6.130000000000001]}"
168_11,1,1.0241434574127197,CHIRPS,WA012,2014,"{""type"":""Point"",""coordinates"":[2.42,6.37]}"
168_12,1,0.006817833986133337,CHIRPS,WA013,2014,"{""type"":""Point"",""coordinates"":[8.52,12.05]}"
168_13,1,0.9140998125076294,CHIRPS,WA014,2014,"{""type"":""Point"",""coordinates"":[-1.62,6.69]}"
168_14,1,0.008589120581746101,CHIRPS,WA015,2014,"{""type"":""Point"",""coordinates"":[-16.680000000000003,13.45]}"
169_0,2,0.0014045992866158485,CHIRPS,WA001,2014,"{""type"":""Point"",""coordinates"":[-17.470000000000002,14.73]}"
169_1,2,3.714987251441926E-4,CHIRPS,WA002,2014,"{""type"":""Point"",""coordinates"":[-7.949999999999998,12.65]}"
169_2,2,1.8138784798793495E-4,CHIRPS,WA003,2014,"{""type"":""Point"",""coordinates"":[-1.5200000000000002,12.360000000000001]}"
169_3,2,0.0,CHIRPS,WA004,2014,"{""type"":""Point"",""coordinates"":[2.17,13.51]}"
169_4,2,0.1199081763625145,CHIRPS,WA005,2014,"{""type"":""Point"",""coordinates"":[7.33,9.07]}"
169_5,2,2.1673357486724854,CHIRPS,WA006,2014,"{""type"":""Point"",""coordinates"":[-0.17,5.56]}"
169_6,2,1.9677784442901611,CHIRPS,WA007,2014,"{""type"":""Point"",""coordinates"":[-3.9299999999999997,5.349999999999999]}"
169_7,2,0.02803559973835945,CHIRPS,WA008,2014,"{""type"":""Point"",""coordinates"":[-13.67,9.53]}"
169_8,2,0.045739851891994476,CHIRPS,WA009,2014,"{""type"":""Point"",""coordinates"":[-13.230000000000002,8.489999999999998]}"
169_9,2,1.9354392290115356,CHIRPS,WA010,2014,"{""type"":""Point"",""coordinates"":[-10.799999999999999,6.3]}"
169_10,2,1.6898243427276611,CHIRPS,WA011,2014,"{""type"":""Point"",""coordinates"":[1.22,6.130000000000001]}"
169_11,2,1.710174560546875,CHIRPS,WA012,2014,"{""type"":""Point"",""coordinates"":[2.42,6.37]}"
169_12,2,8.915125508792698E-4,CHIRPS,WA013,2014,"{""type"":""Point"",""coordinates"":[8.52,12.05]}"
169_13,2,1.9175937175750732,CHIRPS,WA014,2014,"{""type"":""Point"",""coordinates"":[-1.62,6.69]}"
169_14,2,4.406823718454689E-4,CHIRPS,WA015,2014,"{""type"":""Point"",""coordinates"":[-16.680000000000003,13.45]}"
170_0,3,2.9929823358543217E-4,CHIRPS,WA001,2014,"{""type"":""Point"",""coordinates"":[-17.470000000000002,14.73]}"
170_1,3,0.014386540278792381,CHIRPS,WA002,2014,"{""type"":""Point"",""coordinates"":[-7.949999999999998,12.65]}"
170_2,3,0.15527430176734924,CHIRPS,WA003,2014,"{""type"":""Point"",""coordinates"":[-1.5200000000000002,12.360000000000001]}"
170_3,3,0.017677906900644302,CHIRPS,WA004,2014,"{""type"":""Point"",""coordinates"":[2.17,13.51]}"
170_4,3,1.3430265188217163,CHIRPS,WA005,2014,"{""type"":""Point"",""coordinates"":[7.33,9.07]}"
170_5,3,3.009686231613159,CHIRPS,WA006,2014,"{""type"":""Point"",""coordinates"":[-0.17,5.56]}"
170_6,3,3.2847678661346436,CHIRPS,WA007,2014,"{""type"":""Point"",""coordinates"":[-3.9299999999999997,5.349999999999999]}"
170_7,3,0.093689925968647,CHIRPS,WA008,2014,"{""type"":""Point"",""coordinates"":[-13.67,9.53]}"
170_8,3,0.23639236390590668,CHIRPS,WA009,2014,"{""type"":""Point"",""coordinates"":[-13.230000000000002,8.489999999999998]}"
170_9,3,1.7115410566329956,CHIRPS,WA010,2014,"{""type"":""Point"",""coordinates"":[-10.799999999999999,6.3]}"
170_10,3,2.9634270668029785,CHIRPS,WA011,2014,"{""type"":""Point"",""coordinates"":[1.22,6.130000000000001]}"
170_11,3,3.170729637145996,CHIRPS,WA012,2014,"{""type"":""Point"",""coordinates"":[2.42,6.37]}"
170_12,3,0.12518945336341858,CHIRPS,WA013,2014,"{""type"":""Point"",""coordinates"":[8.52,12.05]}"
170_13,3,3.9651038646698,CHIRPS,WA014,2014,"{""type"":""Point"",""coordinates"":[-1.62,6.69]}"
170_14,3,0.0018652419093996286,CHIRPS,WA015,2014,"{""type"":""Point"",""coordinates"":[-16.680000000000003,13.45]}"
171_0,4,3.457579822452317E-8,CHIRPS,WA001,2014,"{""type"":""Point"",""coordinates"":[-17.470000000000002,14.73]}"
171_1,4,0.22216811776161194,CHIRPS,WA002,2014,"{""type"":""Point"",""coordinates"":[-7.949999999999998,12.65]}"
171_2,4,0.602405846118927,CHIRPS,WA003,2014,"{""type"":""Point"",""coordinates"":[-1.5200000000000002,12.360000000000001]}"
171_3,4,0.10572976619005203,CHIRPS,WA004,2014,"{""type"":""Point"",""coordinates"":[2.17,13.51]}"
171_4,4,3.856032371520996,CHIRPS,WA005,2014,"{""type"":""Point"",""coordinates"":[7.33,9.07]}"
171_5,4,2.932359218597412,CHIRPS,WA006,2014,"{""type"":""Point"",""coordinates"":[-0.17,5.56]}"
171_6,4,6.386021614074707,CHIRPS,WA007,2014,"{""type"":""Point"",""coordinates"":[-3.9299999999999997,5.349999999999999]}"
171_7,4,0.4818030595779419,CHIRPS,WA008,2014,"{""type"":""Point"",""coordinates"":[-13.67,9.53]}"
171_8,4,1.0125441551208496,CHIRPS,WA009,2014,"{""type"":""Point"",""coordinates"":[-13.230000000000002,8.489999999999998]}"
171_9,4,2.3769760131835938,CHIRPS,WA010,2014,"{""type"":""Point"",""coordinates"":[-10.799999999999999,6.3]}"
171_10,4,2.582921266555786,CHIRPS,WA011,2014,"{""type"":""Point"",""coordinates"":[1.22,6.130000000000001]}"
171_11,4,2.313138484954834,CHIRPS,WA012,2014,"{""type"":""Point"",""coordinates"":[2.42,6.37]}"
171_12,4,0.7656946778297424,CHIRPS,WA013,2014,"{""type"":""Point"",""coordinates"":[8.52,12.05]}"
171_13,4,4.499129295349121,CHIRPS,WA014,2014,"{""type"":""Point"",""coordinates"":[-1.62,6.69]}"
171_14,4,0.001125846989452839,CHIRPS,WA015,2014,"{""type"":""Point"",""coordinates"":[-16.680000000000003,13.45]}"
172_0,5,0.01389175746589899,CHIRPS,WA001,2014,"{""type"":""Point"",""coordinates"":[-17.470000000000002,14.73]}"
172_1,5,3.2718937397003174,CHIRPS,WA002,2014,"{""type"":""Point"",""coordinates"":[-7.949999999999998,12.65]}"
172_2,5,2.1414406299591064,CHIRPS,WA003,2014,"{""type"":""Point"",""coordinates"":[-1.5200000000000002,12.360000000000001]}"
172_3,5,1.162150263786316,CHIRPS,WA004,2014,"{""type"":""Point"",""coordinates"":[2.17,13.51]}"
172_4,5,5.413037300109863,CHIRPS,WA005,2014,"{""type"":""Point"",""coordinates"":[7.33,9.07]}"
172_5,5,3.7803542613983154,CHIRPS,WA006,2014,"{""type"":""Point"",""coordinates"":[-0.17,5.56]}"
172_6,5,6.382328510284424,CHIRPS,WA007,2014,"{""type"":""Point"",""coordinates"":[-3.9299999999999997,5.349999999999999]}"
172_7,5,5.180443286895752,CHIRPS,WA008,2014,"{""type"":""Point"",""coordinates"":[-13.67,9.53]}"
172_8,5,6.199295520782471,CHIRPS,WA009,2014,"{""type"":""Point"",""coordinates"":[-13.230000000000002,8.489999999999998]}"
172_9,5,12.446310043334961,CHIRPS,WA010,2014,"{""type"":""Point"",""coordinates"":[-10.799999999999999,6.3]}"
172_10,5,4.603691101074219,CHIRPS,WA011,2014,"{""type"":""Point"",""coordinates"":[1.22,6.130000000000001]}"
172_11,5,6.3322625160217285,CHIRPS,WA012,2014,"{""type"":""Point"",""coordinates"":[2.42,6.37]}"
172_12,5,1.4040117263793945,CHIRPS,WA013,2014,"{""type"":""Point"",""coordinates"":[8.52,12.05]}"
172_13,5,4.347009181976318,CHIRPS,WA014,2014,"{""type"":""Point"",""coordinates"":[-1.62,6.69]}"
172_14,5,0.03981856629252434,CHIRPS,WA015,2014,"{""type"":""Point"",""coordinates"":[-16.680000000000003,13.45]}"
173_0,6,0.1030479371547699,CHIRPS,WA001,2014,"{""type"":""Point"",""coordinates"":[-17.470000000000002,14.73]}"
173_1,6,3.123105525970459,CHIRPS,WA002,2014,"{""type"":""Point"",""coordinates"":[-7.949999999999998,12.65]}"
173_2,6,3.0952229499816895,CHIRPS,WA003,2014,"{""type"":""Point"",""coordinates"":[-1.5200000000000002,12.360000000000001]}"
173_3,6,1.5211644172668457,CHIRPS,WA004,2014,"{""type"":""Point"",""coordinates"":[2.17,13.51]}"
173_4,6,5.720195770263672,CHIRPS,WA005,2014,"{""type"":""Point"",""coordinates"":[7.33,9.07]}"
173_5,6,5.419947147369385,CHIRPS,WA006,2014,"{""type"":""Point"",""coordinates"":[-0.17,5.56]}"
173_6,6,13.537346839904785,CHIRPS,WA007,2014,"{""type"":""Point"",""coordinates"":[-3.9299999999999997,5.349999999999999]}"
173_7,6,9.823206901550293,CHIRPS,WA008,2014,"{""type"":""Point"",""coordinates"":[-13.67,9.53]}"
173_8,6,11.614506721496582,CHIRPS,WA009,2014,"{""type"":""Point"",""coordinates"":[-13.230000000000002,8.489999999999998]}"
173_9,6,15.796125411987305,CHIRPS,WA010,2014,"{""type"":""Point"",""coordinates"":[-10.799999999999999,6.3]}"
173_10,6,4.543397426605225,CHIRPS,WA011,2014,"{""type"":""Point"",""coordinates"":[1.22,6.130000000000001]}"
173_11,6,7.17610502243042,CHIRPS,WA012,2014,"{""type"":""Point"",""coordinates"":[2.42,6.37]}"
173_12,6,2.5972888469696045,CHIRPS,WA013,2014,"{""type"":""Point"",""coordinates"":[8.52,12.05]}"
173_13,6,7.906683444976807,CHIRPS,WA014,2014,"{""type"":""Point"",""coordinates"":[-1.62,6.69]}"
173_14,6,0.9891991019248962,CHIRPS,WA015,2014,"{""type"":""Point"",""coordinates"":[-16.680000000000003,13.45]}"
174_0,7,0.7563675045967102,CHIRPS,WA001,2014,"{""type"":""Point"",""coordinates"":[-17.470000000000002,14.73]}"
174_1,7,4.100154876708984,CHIRPS,WA002,2014,"{""type"":""Point"",""coordinates"":[-7.949999999999998,12.65]}"
174_2,7,4.818244934082031,CHIRPS,WA003,2014,"{""type"":""Point"",""coordinates"":[-1.5200000000000002,12.360000000000001]}"
174_3,7,3.8324272632598877,CHIRPS,WA004,2014,"{""type"":""Point"",""coordinates"":[2.17,13.51]}"
174_4,7,5.311919689178467,CHIRPS,WA005,2014,"{""type"":""Point"",""coordinates"":[7.33,9.07]}"
174_5,7,3.9622859954833984,CHIRPS,WA006,2014,"{""type"":""Point"",""coordinates"":[-0.17,5.56]}"
174_6,7,8.591631889343262,CHIRPS,WA007,2014,"{""type"":""Point"",""coordinates"":[-3.9299999999999997,5.349999999999999]}"
174_7,7,22.574264526367188,CHIRPS,WA008,2014,"{""type"":""Point"",""coordinates"":[-13.67,9.53]}"
174_8,7,25.807695388793945,CHIRPS,WA009,2014,"{""type"":""Point"",""coordinates"":[-13.230000000000002,8.489999999999998]}"
174_9,7,23.695114135742188,CHIRPS,WA010,2014,"{""type"":""Point"",""coordinates"":[-10.799999999999999,6.3]}"
174_10,7,3.6221790313720703,CHIRPS,WA011,2014,"{""type"":""Point"",""coordinates"":[1.22,6.130000000000001]}"
174_11,7,6.808605194091797,CHIRPS,WA012,2014,"{""type"":""Point"",""coordinates"":[2.42,6.37]}"
174_12,7,5.22782039642334,CHIRPS,WA013,2014,"{""type"":""Point"",""coordinates"":[8.52,12.05]}"
174_13,7,4.4217424392700195,CHIRPS,WA014,2014,"{""type"":""Point"",""coordinates"":[-1.62,6.69]}"
174_14,7,2.050415515899658,CHIRPS,WA015,2014,"{""type"":""Point"",""coordinates"":[-16.680000000000003,13.45]}"
175_0,8,4.575568675994873,CHIRPS,WA001,2014,"{""type"":""Point"",""coordinates"":[-17.470000000000002,14.73]}"
175_1,8,5.4867706298828125,CHIRPS,WA002,2014,"{""type"":""Point"",""coordinates"":[-7.949999999999998,12.65]}"
175_2,8,6.424758434295654,CHIRPS,WA003,2014,"{""type"":""Point"",""coordinates"":[-1.5200000000000002,12.360000000000001]}"
175_3,8,4.8604326248168945,CHIRPS,WA004,2014,"{""type"":""Point"",""coordinates"":[2.17,13.51]}"
175_4,8,9.482244491577148,CHIRPS,WA005,2014,"{""type"":""Point"",""coordinates"":[7.33,9.07]}"
175_5,8,2.8863863945007324,CHIRPS,WA006,2014,"{""type"":""Point"",""coordinates"":[-0.17,5.56]}"
175_6,8,1.6877062320709229,CHIRPS,WA007,2014,"{""type"":""Point"",""coordinates"":[-3.9299999999999997,5.349999999999999]}"
175_7,8,23.935163497924805,CHIRPS,WA008,2014,"{""type"":""Point"",""coordinates"":[-13.67,9.53]}"
175_8,8,24.345701217651367,CHIRPS,WA009,2014,"{""type"":""Point"",""coordinates"":[-13.230000000000002,8.489999999999998]}"
175_9,8,14.70361328125,CHIRPS,WA010,2014,"{""type"":""Point"",""coordinates"":[-10.799999999999999,6.3]}"
175_10,8,2.337254762649536,CHIRPS,WA011,2014,"{""type"":""Point"",""coordinates"":[1.22,6.130000000000001]}"
175_11,8,3.3612987995147705,CHIRPS,WA012,2014,"{""type"":""Point"",""coordinates"":[2.42,6.37]}"
175_12,8,7.804572582244873,CHIRPS,WA013,2014,"{""type"":""Point"",""coordinates"":[8.52,12.05]}"
175_13,8,2.9903926849365234,CHIRPS,WA014,2014,"{""type"":""Point"",""coordinates"":[-1.62,6.69]}"
175_14,8,9.835616111755371,CHIRPS,WA015,2014,"{""type"":""Point"",""coordinates"":[-16.680000000000003,13.45]}"
176_0,9,4.327158451080322,CHIRPS,WA001,2014,"{""type"":""Point"",""coordinates"":[-17.470000000000002,14.73]}"
176_1,9,4.874987602233887,CHIRPS,WA002,2014,"{""type"":""Point"",""coordinates"":[-7.949999999999998,12.65]}"
176_2,9,5.863299369812012,CHIRPS,WA003,2014,"{""type"":""Point"",""coordinates"":[-1.5200000000000002,12.360000000000001]}"
176_3,9,2.453826665878296,CHIRPS,WA004,2014,"{""type"":""Point"",""coordinates"":[2.17,13.51]}"
176_4,9,6.967625141143799,CHIRPS,WA005,2014,"{""type"":""Point"",""coordinates"":[7.33,9.07]}"
176_5,9,3.677245855331421,CHIRPS,WA006,2014,"{""type"":""Point"",""coordinates"":[-0.17,5.56]}"
176_6,9,3.4272966384887695,CHIRPS,WA007,2014,"{""type"":""Point"",""coordinates"":[-3.9299999999999997,5.349999999999999]}"
176_7,9,14.053923606872559,CHIRPS,WA008,2014,"{""type"":""Point"",""coordinates"":[-13.67,9.53]}"
176_8,9,13.442766189575195,CHIRPS,WA009,2014,"{""type"":""Point"",""coordinates"":[-13.230000000000002,8.489999999999998]}"
176_9,9,14.693608283996582,CHIRPS,WA010,2014,"{""type"":""Point"",""coordinates"":[-10.799999999999999,6.3]}"
176_10,9,4.951229095458984,CHIRPS,WA011,2014,"{""type"":""Point"",""coordinates"":[1.22,6.130000000000001]}"
176_11,9,6.923101902008057,CHIRPS,WA012,2014,"{""type"":""Point"",""coordinates"":[2.42,6.37]}"
176_12,9,4.720546245574951,CHIRPS,WA013,2014,"{""type"":""Point"",""coordinates"":[8.52,12.05]}"
176_13,9,4.176986217498779,CHIRPS,WA014,2014,"{""type"":""Point"",""coordinates"":[-1.62,6.69]}"
176_14,9,9.365273475646973,CHIRPS,WA015,2014,"{""type"":""Point"",""coordinates"":[-16.680000000000003,13.45]}"
177_0,10,0.4916421175003052,CHIRPS,WA001,2014,"{""type"":""Point"",""coordinates"":[-17.470000000000002,14.73]}"
177_1,10,1.1904308795928955,CHIRPS,WA002,2014,"{""type"":""Point"",""coordinates"":[-7.949999999999998,12.65]}"
177_2,10,0.7744181752204895,CHIRPS,WA003,2014,"{""type"":""Point"",""coordinates"":[-1.5200000000000002,12.360000000000001]}"
177_3,10,0.062535360455513,CHIRPS,WA004,2014,"{""type"":""Point"",""coordinates"":[2.17,13.51]}"
177_4,10,4.965280532836914,CHIRPS,WA005,2014,"{""type"":""Point"",""coordinates"":[7.33,9.07]}"
177_5,10,3.019822359085083,CHIRPS,WA006,2014,"{""type"":""Point"",""coordinates"":[-0.17,5.56]}"
177_6,10,2.489905834197998,CHIRPS,WA007,2014,"{""type"":""Point"",""coordinates"":[-3.9299999999999997,5.349999999999999]}"
177_7,10,10.319609642028809,CHIRPS,WA008,2014,"{""type"":""Point"",""coordinates"":[-13.67,9.53]}"
177_8,10,11.19224739074707,CHIRPS,WA009,2014,"{""type"":""Point"",""coordinates"":[-13.230000000000002,8.489999999999998]}"
177_9,10,9.702601432800293,CHIRPS,WA010,2014,"{""type"":""Point"",""coordinates"":[-10.799999999999999,6.3]}"
177_10,10,2.5851686000823975,CHIRPS,WA011,2014,"{""type"":""Point"",""coordinates"":[1.22,6.130000000000001]}"
177_11,10,4.318155288696289,CHIRPS,WA012,2014,"{""type"":""Point"",""coordinates"":[2.42,6.37]}"
177_12,10,0.32366374135017395,CHIRPS,WA013,2014,"{""type"":""Point"",""coordinates"":[8.52,12.05]}"
177_13,10,3.994363307952881,CHIRPS,WA014,2014,"{""type"":""Point"",""coordinates"":[-1.62,6.69]}"
177_14,10,1.595664381980896,CHIRPS,WA015,2014,"{""type"":""Point"",""coordinates"":[-16.680000000000003,13.45]}"
178_0,11,0.007128736469894648,CHIRPS,WA001,2014,"{""type"":""Point"",""coordinates"":[-17.470000000000002,14.73]}"
178_1,11,0.023137923330068588,CHIRPS,WA002,2014,"{""type"":""Point"",""coordinates"":[-7.949999999999998,12.65]}"
178_2,11,0.016173405572772026,CHIRPS,WA003,2014,"{""type"":""Point"",""coordinates"":[-1.5200000000000002,12.360000000000001]}"
178_3,11,0.0037005224730819464,CHIRPS,WA004,2014,"{""type"":""Point"",""coordinates"":[2.17,13.51]}"
178_4,11,0.33094194531440735,CHIRPS,WA005,2014,"{""type"":""Point"",""coordinates"":[7.33,9.07]}"
178_5,11,1.7694079875946045,CHIRPS,WA006,2014,"{""type"":""Point"",""coordinates"":[-0.17,5.56]}"
178_6,11,4.084417819976807,CHIRPS,WA007,2014,"{""type"":""Point"",""coordinates"":[-3.9299999999999997,5.349999999999999]}"
178_7,11,2.6015214920043945,CHIRPS,WA008,2014,"{""type"":""Point"",""coordinates"":[-13.67,9.53]}"
178_8,11,5.351070880889893,CHIRPS,WA009,2014,"{""type"":""Point"",""coordinates"":[-13.230000000000002,8.489999999999998]}"
178_9,11,4.402918338775635,CHIRPS,WA010,2014,"{""type"":""Point"",""coordinates"":[-10.799999999999999,6.3]}"
178_10,11,1.5922064781188965,CHIRPS,WA011,2014,"{""type"":""Point"",""coordinates"":[1.22,6.130000000000001]}"
178_11,11,2.830579996109009,CHIRPS,WA012,2014,"{""type"":""Point"",""coordinates"":[2.42,6.37]}"
178_12,11,0.006948525086045265,CHIRPS,WA013,2014,"{""type"":""Point"",""coordinates"":[8.52,12.05]}"
178_13,11,2.6001479625701904,CHIRPS,WA014,2014,"{""type"":""Point"",""coordinates"":[-1.62,6.69]}"
178_14,11,0.021297330036759377,CHIRPS,WA015,2014,"{""type"":""Point"",""coordinates"":[-16.680000000000003,13.45]}"
179_0,12,0.03695301339030266,CHIRPS,WA001,2014,"{""type"":""Point"",""coordinates"":[-17.470000000000002,14.73]}"
179_1,12,0.0018230449641123414,CHIRPS,WA002,2014,"{""type"":""Point"",""coordinates"":[-7.949999999999998,12.65]}"
179_2,12,4.6450828085653484E-4,CHIRPS,WA003,2014,"{""type"":""Point"",""coordinates"":[-1.5200000000000002,12.360000000000001]}"
179_3,12,6.5359045038348995E-6,CHIRPS,WA004,2014,"{""type"":""Point"",""coordinates"":[2.17,13.51]}"
179_4,12,0.0024052290245890617,CHIRPS,WA005,2014,"{""type"":""Point"",""coordinates"":[7.33,9.07]}"
179_5,12,0.8197599053382874,CHIRPS,WA006,2014,"{""type"":""Point"",""coordinates"":[-0.17,5.56]}"
179_6,12,2.0215768814086914,CHIRPS,WA007,2014,"{""type"":""Point"",""coordinates"":[-3.9299999999999997,5.349999999999999]}"
179_7,12,0.15664981305599213,CHIRPS,WA008,2014,"{""type"":""Point"",""coordinates"":[-13.67,9.53]}"
179_8,12,0.3773556351661682,CHIRPS,WA009,2014,"{""type"":""Point"",""coordinates"":[-13.230000000000002,8.489999999999998]}"
179_9,12,1.5287988185882568,CHIRPS,WA010,2014,"{""type"":""Point"",""coordinates"":[-10.799999999999999,6.3]}"
179_10,12,0.42873823642730713,CHIRPS,WA011,2014,"{""type"":""Point"",""coordinates"":[1.22,6.130000000000001]}"
179_11,12,0.41453057527542114,CHIRPS,WA012,2014,"{""type"":""Point"",""coordinates"":[2.42,6.37]}"
179_12,12,4.733173773274757E-5,CHIRPS,WA013,2014,"{""type"":""Point"",""coordinates"":[8.52,12.05]}"
179_13,12,0.9742133617401123,CHIRPS,WA014,2014,"{""type"":""Point"",""coordinates"":[-1.62,6.69]}"
179_14,12,0.03448978438973427,CHIRPS,WA015,2014,"{""type"":""Point"",""coordinates"":[-16.680000000000003,13.45]}"
180_0,1,0.04989232122898102,CHIRPS,WA001,2015,"{""type"":""Point"",""coordinates"":[-17.470000000000002,14.73]}"
180_1,1,9.544866043142974E-4,CHIRPS,WA002,2015,"{""type"":""Point"",""coordinates"":[-7.949999999999998,12.65]}"
180_2,1,5.524225998669863E-4,CHIRPS,WA003,2015,"{""type"":""Point"",""coordinates"":[-1.5200000000000002,12.360000000000001]}"
180_3,1,1.535948467790149E-5,CHIRPS,WA004,2015,"{""type"":""Point"",""coordinates"":[2.17,13.51]}"
180_4,1,0.008687504567205906,CHIRPS,WA005,2015,"{""type"":""Point"",""coordinates"":[7.33,9.07]}"
180_5,1,0.5172404050827026,CHIRPS,WA006,2015,"{""type"":""Point"",""coordinates"":[-0.17,5.56]}"
180_6,1,0.5271658897399902,CHIRPS,WA007,2015,"{""type"":""Point"",""coordinates"":[-3.9299999999999997,5.349999999999999]}"
180_7,1,0.010516650043427944,CHIRPS,WA008,2015,"{""type"":""Point"",""coordinates"":[-13.67,9.53]}"
180_8,1,0.0660281702876091,CHIRPS,WA009,2015,"{""type"":""Point"",""coordinates"":[-13.230000000000002,8.489999999999998]}"
180_9,1,0.6341003179550171,CHIRPS,WA010,2015,"{""type"":""Point"",""coordinates"":[-10.799999999999999,6.3]}"
180_10,1,0.43310701847076416,CHIRPS,WA011,2015,"{""type"":""Point"",""coordinates"":[1.22,6.130000000000001]}"
180_11,1,0.10930119454860687,CHIRPS,WA012,2015,"{""type"":""Point"",""coordinates"":[2.42,6.37]}"
180_12,1,4.599648527801037E-4,CHIRPS,WA013,2015,"{""type"":""Point"",""coordinates"":[8.52,12.05]}"
180_13,1,0.43665656447410583,CHIRPS,WA014,2015,"{""type"":""Point"",""coordinates"":[-1.62,6.69]}"
180_14,1,0.021049408242106438,CHIRPS,WA015,2015,"{""type"":""Point"",""coordinates"":[-16.680000000000003,13.45]}"
181_0,2,0.008898853324353695,CHIRPS,WA001,2015,"{""type"":""Point"",""coordinates"":[-17.470000000000002,14.73]}"
181_1,2,9.562951745465398E-4,CHIRPS,WA002,2015,"{""type"":""Point"",""coordinates"":[-7.949999999999998,12.65]}"
181_2,2,0.022555988281965256,CHIRPS,WA003,2015,"{""type"":""Point"",""coordinates"":[-1.5200000000000002,12.360000000000001]}"
181_3,2,8.232090040110052E-4,CHIRPS,WA004,2015,"{""type"":""Point"",""coordinates"":[2.17,13.51]}"
181_4,2,0.19822341203689575,CHIRPS,WA005,2015,"{""type"":""Point"",""coordinates"":[7.33,9.07]}"
181_5,2,2.177090644836426,CHIRPS,WA006,2015,"{""type"":""Point"",""coordinates"":[-0.17,5.56]}"
181_6,2,2.2258594036102295,CHIRPS,WA007,2015,"{""type"":""Point"",""coordinates"":[-3.9299999999999997,5.349999999999999]}"
181_7,2,0.06838096678256989,CHIRPS,WA008,2015,"{""type"":""Point"",""coordinates"":[-13.67,9.53]}"
181_8,2,0.1884002387523651,CHIRPS,WA009,2015,"{""type"":""Point"",""coordinates"":[-13.230000000000002,8.489999999999998]}"
181_9,2,1.3409337997436523,CHIRPS,WA010,2015,"{""type"":""Point"",""coordinates"":[-10.799999999999999,6.3]}"
181_10,2,1.5966031551361084,CHIRPS,WA011,2015,"{""type"":""Point"",""coordinates"":[1.22,6.130000000000001]}"
181_11,2,1.3503460884094238,CHIRPS,WA012,2015,"{""type"":""Point"",""coordinates"":[2.42,6.37]}"
181_12,2,0.013067840598523617,CHIRPS,WA013,2015,"{""type"":""Point"",""coordinates"":[8.52,12.05]}"
181_13,2,2.228651523590088,CHIRPS,WA014,2015,"{""type"":""Point"",""coordinates"":[-1.62,6.69]}"
181_14,2,9.726232383400202E-4,CHIRPS,WA015,2015,"{""type"":""Point"",""coordinates"":[-16.680000000000003,13.45]}"
182_0,3,3.0294465250335634E-4,CHIRPS,WA001,2015,"{""type"":""Point"",""coordinates"":[-17.470000000000002,14.73]}"
182_1,3,0.02507360838353634,CHIRPS,WA002,2015,"{""type"":""Point"",""coordinates"":[-7.949999999999998,12.65]}"
182_2,3,0.16520044207572937,CHIRPS,WA003,2015,"{""type"":""Point"",""coordinates"":[-1.5200000000000002,12.360000000000001]}"
182_3,3,0.01386827789247036,CHIRPS,WA004,2015,"{""type"":""Point"",""coordinates"":[2.17,13.51]}"
182_4,3,1.342115879058838,CHIRPS,WA005,2015,"{""type"":""Point"",""coordinates"":[7.33,9.07]}"
182_5,3,5.250994682312012,CHIRPS,WA006,2015,"{""type"":""Point"",""coordinates"":[-0.17,5.56]}"
182_6,3,4.692754745483398,CHIRPS,WA007,2015,"{""type"":""Point"",""coordinates"":[-3.9299999999999997,5.349999999999999]}"
182_7,3,0.21670635044574738,CHIRPS,WA008,2015,"{""type"":""Point"",""coordinates"":[-13.67,9.53]}"
182_8,3,0.3464450240135193,CHIRPS,WA009,2015,"{""type"":""Point"",""coordinates"":[-13.230000000000002,8.489999999999998]}"
182_9,3,1.761952519416809,CHIRPS,WA010,2015,"{""type"":""Point"",""coordinates"":[-10.799999999999999,6.3]}"
182_10,3,6.600039958953857,CHIRPS,WA011,2015,"{""type"":""Point"",""coordinates"":[1.22,6.130000000000001]}"
182_11,3,6.034046649932861,CHIRPS,WA012,2015,"{""type"":""Point"",""coordinates"":[2.42,6.37]}"
182_12,3,0.11495454609394073,CHIRPS,WA013,2015,"{""type"":""Point"",""coordinates"":[8.52,12.05]}"
182_13,3,4.57236909866333,CHIRPS,WA014,2015,"{""type"":""Point"",""coordinates"":[-1.62,6.69]}"
182_14,3,0.0016892728162929416,CHIRPS,WA015,2015,"{""type"":""Point"",""coordinates"":[-16.680000000000003,13.45]}"
183_0,4,2.085562882712111E-4,CHIRPS,WA001,2015,"{""type"":""Point"",""coordinates"":[-17.470000000000002,14.73]}"
183_1,4,0.3207426965236664,CHIRPS,WA002,2015,"{""type"":""Point"",""coordinates"":[-7.949999999999998,12.65]}"
183_2,4,0.1813870221376419,CHIRPS,WA003,2015,"{""type"":""Point"",""coordinates"":[-1.5200000000000002,12.360000000000001]}"
183_3,4,0.031445372849702835,CHIRPS,WA004,2015,"{""type"":""Point"",""coordinates"":[2.17,13.51]}"
183_4,4,0.8098129630088806,CHIRPS,WA005,2015,"{""type"":""Point"",""coordinates"":[7.33,9.07]}"
183_5,4,3.004180908203125,CHIRPS,WA006,2015,"{""type"":""Point"",""coordinates"":[-0.17,5.56]}"
183_6,4,4.057329177856445,CHIRPS,WA007,2015,"{""type"":""Point"",""coordinates"":[-3.9299999999999997,5.349999999999999]}"
183_7,4,0.27634137868881226,CHIRPS,WA008,2015,"{""type"":""Point"",""coordinates"":[-13.67,9.53]}"
183_8,4,0.7602953314781189,CHIRPS,WA009,2015,"{""type"":""Point"",""coordinates"":[-13.230000000000002,8.489999999999998]}"
183_9,4,3.3137009143829346,CHIRPS,WA010,2015,"{""type"":""Point"",""coordinates"":[-10.799999999999999,6.3]}"
183_10,4,2.5876636505126953,CHIRPS,WA011,2015,"{""type"":""Point"",""coordinates"":[1.22,6.130000000000001]}"
183_11,4,2.237320899963379,CHIRPS,WA012,2015,"{""type"":""Point"",""coordinates"":[2.42,6.37]}"
183_12,4,0.0887308120727539,CHIRPS,WA013,2015,"{""type"":""Point"",""coordinates"":[8.52,12.05]}"
183_13,4,4.431527137756348,CHIRPS,WA014,2015,"{""type"":""Point"",""coordinates"":[-1.62,6.69]}"
183_14,4,0.003567032516002655,CHIRPS,WA015,2015,"{""type"":""Point"",""coordinates"":[-16.680000000000003,13.45]}"
184_0,5,0.0015059391735121608,CHIRPS,WA001,2015,"{""type"":""Point"",""coordinates"":[-17.470000000000002,14.73]}"
184_1,5,1.0616655349731445,CHIRPS,WA002,2015,"{""type"":""Point"",""coordinates"":[-7.949999999999998,12.65]}"
184_2,5,0.9845726490020752,CHIRPS,WA003,2015,"{""type"":""Point"",""coordinates"":[-1.5200000000000002,12.360000000000001]}"
184_3,5,0.1521865725517273,CHIRPS,WA004,2015,"{""type"":""Point"",""coordinates"":[2.17,13.51]}"
184_4,5,4.784244537353516,CHIRPS,WA005,2015,"{""type"":""Point"",""coordinates"":[7.33,9.07]}"
184_5,5,3.59047532081604,CHIRPS,WA006,2015,"{""type"":""Point"",""coordinates"":[-0.17,5.56]}"
184_6,5,5.688191890716553,CHIRPS,WA007,2015,"{""type"":""Point"",""coordinates"":[-3.9299999999999997,5.349999999999999]}"
184_7,5,4.338770866394043,CHIRPS,WA008,2015,"{""type"":""Point"",""coordinates"":[-13.67,9.53]}"
184_8,5,5.289249897003174,CHIRPS,WA009,2015,"{""type"":""Point"",""coordinates"":[-13.230000000000002,8.489999999999998]}"
184_9,5,7.773771286010742,CHIRPS,WA010,2015,"{""type"":""Point"",""coordinates"":[-10.799999999999999,6.3]}"
184_10,5,3.5510518550872803,CHIRPS,WA011,2015,"{""type"":""Point"",""coordinates"":[1.22,6.130000000000001]}"
184_11,5,3.7224111557006836,CHIRPS,WA012,2015,"{""type"":""Point"",""coordinates"":[2.42,6.37]}"
184_12,5,0.5999675393104553,CHIRPS,WA013,2015,"{""type"":""Point"",""coordinates"":[8.52,12.05]}"
184_13,5,4.130893230438232,CHIRPS,WA014,2015,"{""type"":""Point"",""coordinates"":[-1.62,6.69]}"
184_14,5,0.015893790870904922,CHIRPS,WA015,2015,"{""type"":""Point"",""coordinates"":[-16.680000000000003,13.45]}"
185_0,6,0.09439899772405624,CHIRPS,WA001,2015,"{""type"":""Point"",""coordinates"":[-17.470000000000002,14.73]}"
185_1,6,4.524786472320557,CHIRPS,WA002,2015,"{""type"":""Point"",""coordinates"":[-7.949999999999998,12.65]}"
185_2,6,3.409937620162964,CHIRPS,WA003,2015,"{""type"":""Point"",""coordinates"":[-1.5200000000000002,12.360000000000001]}"
185_3,6,1.9126248359680176,CHIRPS,WA004,2015,"{""type"":""Point"",""coordinates"":[2.17,13.51]}"
185_4,6,4.174251556396484,CHIRPS,WA005,2015,"{""type"":""Point"",""coordinates"":[7.33,9.07]}"
185_5,6,5.793656826019287,CHIRPS,WA006,2015,"{""type"":""Point"",""coordinates"":[-0.17,5.56]}"
185_6,6,10.971288681030273,CHIRPS,WA007,2015,"{""type"":""Point"",""coordinates"":[-3.9299999999999997,5.349999999999999]}"
185_7,6,8.716338157653809,CHIRPS,WA008,2015,"{""type"":""Point"",""coordinates"":[-13.67,9.53]}"
185_8,6,9.645197868347168,CHIRPS,WA009,2015,"{""type"":""Point"",""coordinates"":[-13.230000000000002,8.489999999999998]}"
185_9,6,16.8947811126709,CHIRPS,WA010,2015,"{""type"":""Point"",""coordinates"":[-10.799999999999999,6.3]}"
185_10,6,4.677010536193848,CHIRPS,WA011,2015,"{""type"":""Point"",""coordinates"":[1.22,6.130000000000001]}"
185_11,6,8.283173561096191,CHIRPS,WA012,2015,"{""type"":""Point"",""coordinates"":[2.42,6.37]}"
185_12,6,2.100752115249634,CHIRPS,WA013,2015,"{""type"":""Point"",""coordinates"":[8.52,12.05]}"
185_13,6,5.3394880294799805,CHIRPS,WA014,2015,"{""type"":""Point"",""coordinates"":[-1.62,6.69]}"
185_14,6,0.5992216467857361,CHIRPS,WA015,2015,"{""type"":""Point"",""coordinates"":[-16.680000000000003,13.45]}"
186_0,7,1.7656980752944946,CHIRPS,WA001,2015,"{""type"":""Point"",""coordinates"":[-17.470000000000002,14.73]}"
186_1,7,7.069982051849365,CHIRPS,WA002,2015,"{""type"":""Point"",""coordinates"":[-7.949999999999998,12.65]}"
186_2,7,6.201319694519043,CHIRPS,WA003,2015,"{""type"":""Point"",""coordinates"":[-1.5200000000000002,12.360000000000001]}"
186_3,7,5.018587112426758,CHIRPS,WA004,2015,"{""type"":""Point"",""coordinates"":[2.17,13.51]}"
186_4,7,7.566554069519043,CHIRPS,WA005,2015,"{""type"":""Point"",""coordinates"":[7.33,9.07]}"
186_5,7,2.0247905254364014,CHIRPS,WA006,2015,"{""type"":""Point"",""coordinates"":[-0.17,5.56]}"
186_6,7,3.126689910888672,CHIRPS,WA007,2015,"{""type"":""Point"",""coordinates"":[-3.9299999999999997,5.349999999999999]}"
186_7,7,22.33102798461914,CHIRPS,WA008,2015,"{""type"":""Point"",""coordinates"":[-13.67,9.53]}"
186_8,7,21.39167022705078,CHIRPS,WA009,2015,"{""type"":""Point"",""coordinates"":[-13.230000000000002,8.489999999999998]}"
186_9,7,14.516613960266113,CHIRPS,WA010,2015,"{""type"":""Point"",""coordinates"":[-10.799999999999999,6.3]}"
186_10,7,1.813935399055481,CHIRPS,WA011,2015,"{""type"":""Point"",""coordinates"":[1.22,6.130000000000001]}"
186_11,7,2.120651960372925,CHIRPS,WA012,2015,"{""type"":""Point"",""coordinates"":[2.42,6.37]}"
186_12,7,5.666449069976807,CHIRPS,WA013,2015,"{""type"":""Point"",""coordinates"":[8.52,12.05]}"
186_13,7,2.762601613998413,CHIRPS,WA014,2015,"{""type"":""Point"",""coordinates"":[-1.62,6.69]}"
186_14,7,6.889400959014893,CHIRPS,WA015,2015,"{""type"":""Point"",""coordinates"":[-16.680000000000003,13.45]}"
187_0,8,9.291231155395508,CHIRPS,WA001,2015,"{""type"":""Point"",""coordinates"":[-17.470000000000002,14.73]}"
187_1,8,7.179725646972656,CHIRPS,WA002,2015,"{""type"":""Point"",""coordinates"":[-7.949999999999998,12.65]}"
187_2,8,7.9214324951171875,CHIRPS,WA003,2015,"{""type"":""Point"",""coordinates"":[-1.5200000000000002,12.360000000000001]}"
187_3,8,5.841609477996826,CHIRPS,WA004,2015,"{""type"":""Point"",""coordinates"":[2.17,13.51]}"
187_4,8,10.472518920898438,CHIRPS,WA005,2015,"{""type"":""Point"",""coordinates"":[7.33,9.07]}"
187_5,8,0.5607680678367615,CHIRPS,WA006,2015,"{""type"":""Point"",""coordinates"":[-0.17,5.56]}"
187_6,8,0.9625038504600525,CHIRPS,WA007,2015,"{""type"":""Point"",""coordinates"":[-3.9299999999999997,5.349999999999999]}"
187_7,8,24.54863739013672,CHIRPS,WA008,2015,"{""type"":""Point"",""coordinates"":[-13.67,9.53]}"
187_8,8,22.987289428710938,CHIRPS,WA009,2015,"{""type"":""Point"",""coordinates"":[-13.230000000000002,8.489999999999998]}"
187_9,8,12.445252418518066,CHIRPS,WA010,2015,"{""type"":""Point"",""coordinates"":[-10.799999999999999,6.3]}"
187_10,8,0.8590582609176636,CHIRPS,WA011,2015,"{""type"":""Point"",""coordinates"":[1.22,6.130000000000001]}"
187_11,8,1.6558407545089722,CHIRPS,WA012,2015,"{""type"":""Point"",""coordinates"":[2.42,6.37]}"
187_12,8,9.167457580566406,CHIRPS,WA013,2015,"{""type"":""Point"",""coordinates"":[8.52,12.05]}"
187_13,8,0.9347512125968933,CHIRPS,WA014,2015,"{""type"":""Point"",""coordinates"":[-1.62,6.69]}"
187_14,8,10.10177993774414,CHIRPS,WA015,2015,"{""type"":""Point"",""coordinates"":[-16.680000000000003,13.45]}"
188_0,9,7.934936046600342,CHIRPS,WA001,2015,"{""type"":""Point"",""coordinates"":[-17.470000000000002,14.73]}"
188_1,9,6.737574100494385,CHIRPS,WA002,2015,"{""type"":""Point"",""coordinates"":[-7.949999999999998,12.65]}"
188_2,9,6.021640300750732,CHIRPS,WA003,2015,"{""type"":""Point"",""coordinates"":[-1.5200000000000002,12.360000000000001]}"
188_3,9,2.8852453231811523,CHIRPS,WA004,2015,"{""type"":""Point"",""coordinates"":[2.17,13.51]}"
188_4,9,7.607448101043701,CHIRPS,WA005,2015,"{""type"":""Point"",""coordinates"":[7.33,9.07]}"
188_5,9,1.1512994766235352,CHIRPS,WA006,2015,"{""type"":""Point"",""coordinates"":[-0.17,5.56]}"
188_6,9,0.8524385094642639,CHIRPS,WA007,2015,"{""type"":""Point"",""coordinates"":[-3.9299999999999997,5.349999999999999]}"
188_7,9,16.616161346435547,CHIRPS,WA008,2015,"{""type"":""Point"",""coordinates"":[-13.67,9.53]}"
188_8,9,16.629291534423828,CHIRPS,WA009,2015,"{""type"":""Point"",""coordinates"":[-13.230000000000002,8.489999999999998]}"
188_9,9,15.30945873260498,CHIRPS,WA010,2015,"{""type"":""Point"",""coordinates"":[-10.799999999999999,6.3]}"
188_10,9,1.9712989330291748,CHIRPS,WA011,2015,"{""type"":""Point"",""coordinates"":[1.22,6.130000000000001]}"
188_11,9,3.2823333740234375,CHIRPS,WA012,2015,"{""type"":""Point"",""coordinates"":[2.42,6.37]}"
188_12,9,5.122954368591309,CHIRPS,WA013,2015,"{""type"":""Point"",""coordinates"":[8.52,12.05]}"
188_13,9,2.365330934524536,CHIRPS,WA014,2015,"{""type"":""Point"",""coordinates"":[-1.62,6.69]}"
188_14,9,10.820629119873047,CHIRPS,WA015,2015,"{""type"":""Point"",""coordinates"":[-16.680000000000003,13.45]}"
189_0,10,1.29649019241333,CHIRPS,WA001,2015,"{""type"":""Point"",""coordinates"":[-17.470000000000002,14.73]}"
189_1,10,2.015383005142212,CHIRPS,WA002,2015,"{""type"":""Point"",""coordinates"":[-7.949999999999998,12.65]}"
189_2,10,1.025653600692749,CHIRPS,WA003,2015,"{""type"":""Point"",""coordinates"":[-1.5200000000000002,12.360000000000001]}"
189_3,10,0.2569916546344757,CHIRPS,WA004,2015,"{""type"":""Point"",""coordinates"":[2.17,13.51]}"
189_4,10,6.289656639099121,CHIRPS,WA005,2015,"{""type"":""Point"",""coordinates"":[7.33,9.07]}"
189_5,10,4.027792453765869,CHIRPS,WA006,2015,"{""type"":""Point"",""coordinates"":[-0.17,5.56]}"
189_6,10,5.273423194885254,CHIRPS,WA007,2015,"{""type"":""Point"",""coordinates"":[-3.9299999999999997,5.349999999999999]}"
189_7,10,8.262056350708008,CHIRPS,WA008,2015,"{""type"":""Point"",""coordinates"":[-13.67,9.53]}"
189_8,10,9.4187650680542,CHIRPS,WA009,2015,"{""type"":""Point"",""coordinates"":[-13.230000000000002,8.489999999999998]}"
189_9,10,8.802261352539062,CHIRPS,WA010,2015,"{""type"":""Point"",""coordinates"":[-10.799999999999999,6.3]}"
189_10,10,4.600130081176758,CHIRPS,WA011,2015,"{""type"":""Point"",""coordinates"":[1.22,6.130000000000001]}"
189_11,10,6.0494914054870605,CHIRPS,WA012,2015,"{""type"":""Point"",""coordinates"":[2.42,6.37]}"
189_12,10,0.467631071805954,CHIRPS,WA013,2015,"{""type"":""Point"",""coordinates"":[8.52,12.05]}"
189_13,10,5.972257137298584,CHIRPS,WA014,2015,"{""type"":""Point"",""coordinates"":[-1.62,6.69]}"
189_14,10,3.3221473693847656,CHIRPS,WA015,2015,"{""type"":""Point"",""coordinates"":[-16.680000000000003,13.45]}"
190_0,11,0.03017956204712391,CHIRPS,WA001,2015,"{""type"":""Point"",""coordinates"":[-17.470000000000002,14.73]}"
190_1,11,0.0661749467253685,CHIRPS,WA002,2015,"{""type"":""Point"",""coordinates"":[-7.949999999999998,12.65]}"
190_2,11,0.009083189070224762,CHIRPS,WA003,2015,"{""type"":""Point"",""coordinates"":[-1.5200000000000002,12.360000000000001]}"
190_3,11,2.5616216589696705E-5,CHIRPS,WA004,2015,"{""type"":""Point"",""coordinates"":[2.17,13.51]}"
190_4,11,0.13810545206069946,CHIRPS,WA005,2015,"{""type"":""Point"",""coordinates"":[7.33,9.07]}"
190_5,11,2.0449013710021973,CHIRPS,WA006,2015,"{""type"":""Point"",""coordinates"":[-0.17,5.56]}"
190_6,11,5.96978235244751,CHIRPS,WA007,2015,"{""type"":""Point"",""coordinates"":[-3.9299999999999997,5.349999999999999]}"
190_7,11,1.612210750579834,CHIRPS,WA008,2015,"{""type"":""Point"",""coordinates"":[-13.67,9.53]}"
190_8,11,3.8242998123168945,CHIRPS,WA009,2015,"{""type"":""Point"",""coordinates"":[-13.230000000000002,8.489999999999998]}"
190_9,11,3.8517680168151855,CHIRPS,WA010,2015,"{""type"":""Point"",""coordinates"":[-10.799999999999999,6.3]}"
190_10,11,2.112873077392578,CHIRPS,WA011,2015,"{""type"":""Point"",""coordinates"":[1.22,6.130000000000001]}"
190_11,11,1.6823097467422485,CHIRPS,WA012,2015,"{""type"":""Point"",""coordinates"":[2.42,6.37]}"
190_12,11,2.9673046083189547E-4,CHIRPS,WA013,2015,"{""type"":""Point"",""coordinates"":[8.52,12.05]}"
190_13,11,2.286731481552124,CHIRPS,WA014,2015,"{""type"":""Point"",""coordinates"":[-1.62,6.69]}"
190_14,11,0.07047522068023682,CHIRPS,WA015,2015,"{""type"":""Point"",""coordinates"":[-16.680000000000003,13.45]}"
191_0,12,0.03800956904888153,CHIRPS,WA001,2015,"{""type"":""Point"",""coordinates"":[-17.470000000000002,14.73]}"
191_1,12,0.007925435900688171,CHIRPS,WA002,2015,"{""type"":""Point"",""coordinates"":[-7.949999999999998,12.65]}"
191_2,12,0.018506983295083046,CHIRPS,WA003,2015,"{""type"":""Point"",""coordinates"":[-1.5200000000000002,12.360000000000001]}"
191_3,12,1.1192333477083594E-4,CHIRPS,WA004,2015,"{""type"":""Point"",""coordinates"":[2.17,13.51]}"
191_4,12,0.029820749536156654,CHIRPS,WA005,2015,"{""type"":""Point"",""coordinates"":[7.33,9.07]}"
191_5,12,0.22978505492210388,CHIRPS,WA006,2015,"{""type"":""Point"",""coordinates"":[-0.17,5.56]}"
191_6,12,0.5703345537185669,CHIRPS,WA007,2015,"{""type"":""Point"",""coordinates"":[-3.9299999999999997,5.349999999999999]}"
191_7,12,0.21319343149662018,CHIRPS,WA008,2015,"{""type"":""Point"",""coordinates"":[-13.67,9.53]}"
191_8,12,0.41603291034698486,CHIRPS,WA009,2015,"{""type"":""Point"",""coordinates"":[-13.230000000000002,8.489999999999998]}"
191_9,12,1.3056341409683228,CHIRPS,WA010,2015,"{""type"":""Point"",""coordinates"":[-10.799999999999999,6.3]}"
191_10,12,0.20420114696025848,CHIRPS,WA011,2015,"{""type"":""Point"",""coordinates"":[1.22,6.130000000000001]}"
191_11,12,0.12433129549026489,CHIRPS,WA012,2015,"{""type"":""Point"",""coordinates"":[2.42,6.37]}"
191_12,12,0.0015781248221173882,CHIRPS,WA013,2015,"{""type"":""Point"",""coordinates"":[8.52,12.05]}"
191_13,12,0.23573407530784607,CHIRPS,WA014,2015,"{""type"":""Point"",""coordinates"":[-1.62,6.69]}"
191_14,12,0.03921709582209587,CHIRPS,WA015,2015,"{""type"":""Point"",""coordinates"":[-16.680000000000003,13.45]}"
192_0,1,0.03253377974033356,CHIRPS,WA001,2016,"{""type"":""Point"",""coordinates"":[-17.470000000000002,14.73]}"
192_1,1,0.001920962007716298,CHIRPS,WA002,2016,"{""type"":""Point"",""coordinates"":[-7.949999999999998,12.65]}"
192_2,1,0.0038415442686527967,CHIRPS,WA003,2016,"{""type"":""Point"",""coordinates"":[-1.5200000000000002,12.360000000000001]}"
192_3,1,1.1366152466507629E-4,CHIRPS,WA004,2016,"{""type"":""Point"",""coordinates"":[2.17,13.51]}"
192_4,1,0.00584044586867094,CHIRPS,WA005,2016,"{""type"":""Point"",""coordinates"":[7.33,9.07]}"
192_5,1,0.2303711473941803,CHIRPS,WA006,2016,"{""type"":""Point"",""coordinates"":[-0.17,5.56]}"
192_6,1,0.42864227294921875,CHIRPS,WA007,2016,"{""type"":""Point"",""coordinates"":[-3.9299999999999997,5.349999999999999]}"
192_7,1,0.03691487014293671,CHIRPS,WA008,2016,"{""type"":""Point"",""coordinates"":[-13.67,9.53]}"
192_8,1,0.14778263866901398,CHIRPS,WA009,2016,"{""type"":""Point"",""coordinates"":[-13.230000000000002,8.489999999999998]}"
192_9,1,0.8023438453674316,CHIRPS,WA010,2016,"{""type"":""Point"",""coordinates"":[-10.799999999999999,6.3]}"
192_10,1,0.18618649244308472,CHIRPS,WA011,2016,"{""type"":""Point"",""coordinates"":[1.22,6.130000000000001]}"
192_11,1,0.23845341801643372,CHIRPS,WA012,2016,"{""type"":""Point"",""coordinates"":[2.42,6.37]}"
192_12,1,0.0013823603512719274,CHIRPS,WA013,2016,"{""type"":""Point"",""coordinates"":[8.52,12.05]}"
192_13,1,0.21398305892944336,CHIRPS,WA014,2016,"{""type"":""Point"",""coordinates"":[-1.62,6.69]}"
192_14,1,0.01967623084783554,CHIRPS,WA015,2016,"{""type"":""Point"",""coordinates"":[-16.680000000000003,13.45]}"
193_0,2,0.010209121741354465,CHIRPS,WA001,2016,"{""type"":""Point"",""coordinates"":[-17.470000000000002,14.73]}"
193_1,2,0.004931341856718063,CHIRPS,WA002,2016,"{""type"":""Point"",""coordinates"":[-7.949999999999998,12.65]}"
193_2,2,0.01685238629579544,CHIRPS,WA003,2016,"{""type"":""Point"",""coordinates"":[-1.5200000000000002,12.360000000000001]}"
193_3,2,5.927856545895338E-5,CHIRPS,WA004,2016,"{""type"":""Point"",""coordinates"":[2.17,13.51]}"
193_4,2,0.005402784328907728,CHIRPS,WA005,2016,"{""type"":""Point"",""coordinates"":[7.33,9.07]}"
193_5,2,0.515648603439331,CHIRPS,WA006,2016,"{""type"":""Point"",""coordinates"":[-0.17,5.56]}"
193_6,2,0.8972681164741516,CHIRPS,WA007,2016,"{""type"":""Point"",""coordinates"":[-3.9299999999999997,5.349999999999999]}"
193_7,2,0.07711047679185867,CHIRPS,WA008,2016,"{""type"":""Point"",""coordinates"":[-13.67,9.53]}"
193_8,2,0.18150486052036285,CHIRPS,WA009,2016,"{""type"":""Point"",""coordinates"":[-13.230000000000002,8.489999999999998]}"
193_9,2,0.9143668413162231,CHIRPS,WA010,2016,"{""type"":""Point"",""coordinates"":[-10.799999999999999,6.3]}"
193_10,2,0.31077173352241516,CHIRPS,WA011,2016,"{""type"":""Point"",""coordinates"":[1.22,6.130000000000001]}"
193_11,2,0.2232566624879837,CHIRPS,WA012,2016,"{""type"":""Point"",""coordinates"":[2.42,6.37]}"
193_12,2,0.0012757545337080956,CHIRPS,WA013,2016,"{""type"":""Point"",""coordinates"":[8.52,12.05]}"
193_13,2,0.7099509835243225,CHIRPS,WA014,2016,"{""type"":""Point"",""coordinates"":[-1.62,6.69]}"
193_14,2,0.003426786046475172,CHIRPS,WA015,2016,"{""type"":""Point"",""coordinates"":[-16.680000000000003,13.45]}"
194_0,3,9.717896464280784E-4,CHIRPS,WA001,2016,"{""type"":""Point"",""coordinates"":[-17.470000000000002,14.73]}"
194_1,3,0.02836770936846733,CHIRPS,WA002,2016,"{""type"":""Point"",""coordinates"":[-7.949999999999998,12.65]}"
194_2,3,0.1960034817457199,CHIRPS,WA003,2016,"{""type"":""Point"",""coordinates"":[-1.5200000000000002,12.360000000000001]}"
194_3,3,0.02024107612669468,CHIRPS,WA004,2016,"{""type"":""Point"",""coordinates"":[2.17,13.51]}"
194_4,3,1.6885478496551514,CHIRPS,WA005,2016,"{""type"":""Point"",""coordinates"":[7.33,9.07]}"
194_5,3,7.315869331359863,CHIRPS,WA006,2016,"{""type"":""Point"",""coordinates"":[-0.17,5.56]}"
194_6,3,4.640199661254883,CHIRPS,WA007,2016,"{""type"":""Point"",""coordinates"":[-3.9299999999999997,5.349999999999999]}"
194_7,3,0.25520217418670654,CHIRPS,WA008,2016,"{""type"":""Point"",""coordinates"":[-13.67,9.53]}"
194_8,3,0.4045625627040863,CHIRPS,WA009,2016,"{""type"":""Point"",""coordinates"":[-13.230000000000002,8.489999999999998]}"
194_9,3,2.252363920211792,CHIRPS,WA010,2016,"{""type"":""Point"",""coordinates"":[-10.799999999999999,6.3]}"
194_10,3,6.385903835296631,CHIRPS,WA011,2016,"{""type"":""Point"",""coordinates"":[1.22,6.130000000000001]}"
194_11,3,4.351304054260254,CHIRPS,WA012,2016,"{""type"":""Point"",""coordinates"":[2.42,6.37]}"
194_12,3,0.06339059770107269,CHIRPS,WA013,2016,"{""type"":""Point"",""coordinates"":[8.52,12.05]}"
194_13,3,6.023309707641602,CHIRPS,WA014,2016,"{""type"":""Point"",""coordinates"":[-1.62,6.69]}"
194_14,3,0.0021323421970009804,CHIRPS,WA015,2016,"{""type"":""Point"",""coordinates"":[-16.680000000000003,13.45]}"
195_0,4,6.122057093307376E-4,CHIRPS,WA001,2016,"{""type"":""Point"",""coordinates"":[-17.470000000000002,14.73]}"
195_1,4,0.5124820470809937,CHIRPS,WA002,2016,"{""type"":""Point"",""coordinates"":[-7.949999999999998,12.65]}"
195_2,4,0.7814351320266724,CHIRPS,WA003,2016,"{""type"":""Point"",""coordinates"":[-1.5200000000000002,12.360000000000001]}"
195_3,4,0.17475725710391998,CHIRPS,WA004,2016,"{""type"":""Point"",""coordinates"":[2.17,13.51]}"
195_4,4,3.0288939476013184,CHIRPS,WA005,2016,"{""type"":""Point"",""coordinates"":[7.33,9.07]}"
195_5,4,1.723014235496521,CHIRPS,WA006,2016,"{""type"":""Point"",""coordinates"":[-0.17,5.56]}"
195_6,4,2.823470115661621,CHIRPS,WA007,2016,"{""type"":""Point"",""coordinates"":[-3.9299999999999997,5.349999999999999]}"
195_7,4,1.3280872106552124,CHIRPS,WA008,2016,"{""type"":""Point"",""coordinates"":[-13.67,9.53]}"
195_8,4,1.3551459312438965,CHIRPS,WA009,2016,"{""type"":""Point"",""coordinates"":[-13.230000000000002,8.489999999999998]}"
195_9,4,1.67658269405365,CHIRPS,WA010,2016,"{""type"":""Point"",""coordinates"":[-10.799999999999999,6.3]}"
195_10,4,2.582942247390747,CHIRPS,WA011,2016,"{""type"":""Point"",""coordinates"":[1.22,6.130000000000001]}"
195_11,4,3.265594005584717,CHIRPS,WA012,2016,"{""type"":""Point"",""coordinates"":[2.42,6.37]}"
195_12,4,0.7342921495437622,CHIRPS,WA013,2016,"{""type"":""Point"",""coordinates"":[8.52,12.05]}"
195_13,4,3.1376099586486816,CHIRPS,WA014,2016,"{""type"":""Point"",""coordinates"":[-1.62,6.69]}"
195_14,4,0.004093903116881847,CHIRPS,WA015,2016,"{""type"":""Point"",""coordinates"":[-16.680000000000003,13.45]}"
196_0,5,0.013198286294937134,CHIRPS,WA001,2016,"{""type"":""Point"",""coordinates"":[-17.470000000000002,14.73]}"
196_1,5,1.9689347743988037,CHIRPS,WA002,2016,"{""type"":""Point"",""coordinates"":[-7.949999999999998,12.65]}"
196_2,5,1.9605700969696045,CHIRPS,WA003,2016,"{""type"":""Point"",""coordinates"":[-1.5200000000000002,12.360000000000001]}"
196_3,5,1.4846855401992798,CHIRPS,WA004,2016,"{""type"":""Point"",""coordinates"":[2.17,13.51]}"
196_4,5,4.872976303100586,CHIRPS,WA005,2016,"{""type"":""Point"",""coordinates"":[7.33,9.07]}"
196_5,5,5.290173053741455,CHIRPS,WA006,2016,"{""type"":""Point"",""coordinates"":[-0.17,5.56]}"
196_6,5,6.533562183380127,CHIRPS,WA007,2016,"{""type"":""Point"",""coordinates"":[-3.9299999999999997,5.349999999999999]}"
196_7,5,3.293649196624756,CHIRPS,WA008,2016,"{""type"":""Point"",""coordinates"":[-13.67,9.53]}"
196_8,5,3.531482458114624,CHIRPS,WA009,2016,"{""type"":""Point"",""coordinates"":[-13.230000000000002,8.489999999999998]}"
196_9,5,9.164929389953613,CHIRPS,WA010,2016,"{""type"":""Point"",""coordinates"":[-10.799999999999999,6.3]}"
196_10,5,4.978236198425293,CHIRPS,WA011,2016,"{""type"":""Point"",""coordinates"":[1.22,6.130000000000001]}"
196_11,5,7.107001781463623,CHIRPS,WA012,2016,"{""type"":""Point"",""coordinates"":[2.42,6.37]}"
196_12,5,1.9734725952148438,CHIRPS,WA013,2016,"{""type"":""Point"",""coordinates"":[8.52,12.05]}"
196_13,5,5.148104667663574,CHIRPS,WA014,2016,"{""type"":""Point"",""coordinates"":[-1.62,6.69]}"
196_14,5,0.05311855301260948,CHIRPS,WA015,2016,"{""type"":""Point"",""coordinates"":[-16.680000000000003,13.45]}"
197_0,6,0.25787553191185,CHIRPS,WA001,2016,"{""type"":""Point"",""coordinates"":[-17.470000000000002,14.73]}"
197_1,6,3.6840450763702393,CHIRPS,WA002,2016,"{""type"":""Point"",""coordinates"":[-7.949999999999998,12.65]}"
197_2,6,2.8092410564422607,CHIRPS,WA003,2016,"{""type"":""Point"",""coordinates"":[-1.5200000000000002,12.360000000000001]}"
197_3,6,2.241267442703247,CHIRPS,WA004,2016,"{""type"":""Point"",""coordinates"":[2.17,13.51]}"
197_4,6,5.680769443511963,CHIRPS,WA005,2016,"{""type"":""Point"",""coordinates"":[7.33,9.07]}"
197_5,6,4.3944878578186035,CHIRPS,WA006,2016,"{""type"":""Point"",""coordinates"":[-0.17,5.56]}"
197_6,6,9.264269828796387,CHIRPS,WA007,2016,"{""type"":""Point"",""coordinates"":[-3.9299999999999997,5.349999999999999]}"
197_7,6,14.643037796020508,CHIRPS,WA008,2016,"{""type"":""Point"",""coordinates"":[-13.67,9.53]}"
197_8,6,16.255943298339844,CHIRPS,WA009,2016,"{""type"":""Point"",""coordinates"":[-13.230000000000002,8.489999999999998]}"
197_9,6,18.130495071411133,CHIRPS,WA010,2016,"{""type"":""Point"",""coordinates"":[-10.799999999999999,6.3]}"
197_10,6,4.611217975616455,CHIRPS,WA011,2016,"{""type"":""Point"",""coordinates"":[1.22,6.130000000000001]}"
197_11,6,6.799296855926514,CHIRPS,WA012,2016,"{""type"":""Point"",""coordinates"":[2.42,6.37]}"
197_12,6,3.6566781997680664,CHIRPS,WA013,2016,"{""type"":""Point"",""coordinates"":[8.52,12.05]}"
197_13,6,4.401785373687744,CHIRPS,WA014,2016,"{""type"":""Point"",""coordinates"":[-1.62,6.69]}"
197_14,6,0.7186617255210876,CHIRPS,WA015,2016,"{""type"":""Point"",""coordinates"":[-16.680000000000003,13.45]}"
198_0,7,3.1465322971343994,CHIRPS,WA001,2016,"{""type"":""Point"",""coordinates"":[-17.470000000000002,14.73]}"
198_1,7,7.960293769836426,CHIRPS,WA002,2016,"{""type"":""Point"",""coordinates"":[-7.949999999999998,12.65]}"
198_2,7,7.586703300476074,CHIRPS,WA003,2016,"{""type"":""Point"",""coordinates"":[-1.5200000000000002,12.360000000000001]}"
198_3,7,3.5423481464385986,CHIRPS,WA004,2016,"{""type"":""Point"",""coordinates"":[2.17,13.51]}"
198_4,7,7.513721466064453,CHIRPS,WA005,2016,"{""type"":""Point"",""coordinates"":[7.33,9.07]}"
198_5,7,1.395588994026184,CHIRPS,WA006,2016,"{""type"":""Point"",""coordinates"":[-0.17,5.56]}"
198_6,7,1.6115751266479492,CHIRPS,WA007,2016,"{""type"":""Point"",""coordinates"":[-3.9299999999999997,5.349999999999999]}"
198_7,7,27.466407775878906,CHIRPS,WA008,2016,"{""type"":""Point"",""coordinates"":[-13.67,9.53]}"
198_8,7,28.78092384338379,CHIRPS,WA009,2016,"{""type"":""Point"",""coordinates"":[-13.230000000000002,8.489999999999998]}"
198_9,7,22.479671478271484,CHIRPS,WA010,2016,"{""type"":""Point"",""coordinates"":[-10.799999999999999,6.3]}"
198_10,7,1.8533873558044434,CHIRPS,WA011,2016,"{""type"":""Point"",""coordinates"":[1.22,6.130000000000001]}"
198_11,7,2.3616960048675537,CHIRPS,WA012,2016,"{""type"":""Point"",""coordinates"":[2.42,6.37]}"
198_12,7,5.75316858291626,CHIRPS,WA013,2016,"{""type"":""Point"",""coordinates"":[8.52,12.05]}"
198_13,7,2.41863751411438,CHIRPS,WA014,2016,"{""type"":""Point"",""coordinates"":[-1.62,6.69]}"
198_14,7,6.817630767822266,CHIRPS,WA015,2016,"{""type"":""Point"",""coordinates"":[-16.680000000000003,13.45]}"
199_0,8,4.563779830932617,CHIRPS,WA001,2016,"{""type"":""Point"",""coordinates"":[-17.470000000000002,14.73]}"
199_1,8,8.478191375732422,CHIRPS,WA002,2016,"{""type"":""Point"",""coordinates"":[-7.949999999999998,12.65]}"
199_2,8,9.653510093688965,CHIRPS,WA003,2016,"{""type"":""Point"",""coordinates"":[-1.5200000000000002,12.360000000000001]}"
199_3,8,4.500655174255371,CHIRPS,WA004,2016,"{""type"":""Point"",""coordinates"":[2.17,13.51]}"
199_4,8,10.338043212890625,CHIRPS,WA005,2016,"{""type"":""Point"",""coordinates"":[7.33,9.07]}"
199_5,8,1.1478263139724731,CHIRPS,WA006,2016,"{""type"":""Point"",""coordinates"":[-0.17,5.56]}"
199_6,8,1.7286899089813232,CHIRPS,WA007,2016,"{""type"":""Point"",""coordinates"":[-3.9299999999999997,5.349999999999999]}"
199_7,8,25.905925750732422,CHIRPS,WA008,2016,"{""type"":""Point"",""coordinates"":[-13.67,9.53]}"
199_8,8,22.280925750732422,CHIRPS,WA009,2016,"{""type"":""Point"",""coordinates"":[-13.230000000000002,8.489999999999998]}"
199_9,8,15.404613494873047,CHIRPS,WA010,2016,"{""type"":""Point"",""coordinates"":[-10.799999999999999,6.3]}"
199_10,8,1.1167296171188354,CHIRPS,WA011,2016,"{""type"":""Point"",""coordinates"":[1.22,6.130000000000001]}"
199_11,8,2.1747913360595703,CHIRPS,WA012,2016,"{""type"":""Point"",""coordinates"":[2.42,6.37]}"
199_12,8,6.821969985961914,CHIRPS,WA013,2016,"{""type"":""Point"",""coordinates"":[8.52,12.05]}"
199_13,8,1.9060029983520508,CHIRPS,WA014,2016,"{""type"":""Point"",""coordinates"":[-1.62,6.69]}"
199_14,8,7.413471221923828,CHIRPS,WA015,2016,"{""type"":""Point"",""coordinates"":[-16.680000000000003,13.45]}"
200_0,9,6.832025527954102,CHIRPS,WA001,2016,"{""type"":""Point"",""coordinates"":[-17.470000000000002,14.73]}"
200_1,9,4.240335464477539,CHIRPS,WA002,2016,"{""type"":""Point"",""coordinates"":[-7.949999999999998,12.65]}"
200_2,9,3.886809825897217,CHIRPS,WA003,2016,"{""type"":""Point"",""coordinates"":[-1.5200000000000002,12.360000000000001]}"
200_3,9,3.214566230773926,CHIRPS,WA004,2016,"{""type"":""Point"",""coordinates"":[2.17,13.51]}"
200_4,9,7.29453706741333,CHIRPS,WA005,2016,"{""type"":""Point"",""coordinates"":[7.33,9.07]}"
200_5,9,4.078726768493652,CHIRPS,WA006,2016,"{""type"":""Point"",""coordinates"":[-0.17,5.56]}"
200_6,9,3.492335796356201,CHIRPS,WA007,2016,"{""type"":""Point"",""coordinates"":[-3.9299999999999997,5.349999999999999]}"
200_7,9,23.46140480041504,CHIRPS,WA008,2016,"{""type"":""Point"",""coordinates"":[-13.67,9.53]}"
200_8,9,22.670820236206055,CHIRPS,WA009,2016,"{""type"":""Point"",""coordinates"":[-13.230000000000002,8.489999999999998]}"
200_9,9,18.243371963500977,CHIRPS,WA010,2016,"{""type"":""Point"",""coordinates"":[-10.799999999999999,6.3]}"
200_10,9,5.46130895614624,CHIRPS,WA011,2016,"{""type"":""Point"",""coordinates"":[1.22,6.130000000000001]}"
200_11,9,6.079668045043945,CHIRPS,WA012,2016,"{""type"":""Point"",""coordinates"":[2.42,6.37]}"
200_12,9,4.125677585601807,CHIRPS,WA013,2016,"{""type"":""Point"",""coordinates"":[8.52,12.05]}"
200_13,9,8.599299430847168,CHIRPS,WA014,2016,"{""type"":""Point"",""coordinates"":[-1.62,6.69]}"
200_14,9,10.985345840454102,CHIRPS,WA015,2016,"{""type"":""Point"",""coordinates"":[-16.680000000000003,13.45]}"
201_0,10,0.21566757559776306,CHIRPS,WA001,2016,"{""type"":""Point"",""coordinates"":[-17.470000000000002,14.73]}"
201_1,10,0.8744024038314819,CHIRPS,WA002,2016,"{""type"":""Point"",""coordinates"":[-7.949999999999998,12.65]}"
201_2,10,0.30227136611938477,CHIRPS,WA003,2016,"{""type"":""Point"",""coordinates"":[-1.5200000000000002,12.360000000000001]}"
201_3,10,0.06847322732210159,CHIRPS,WA004,2016,"{""type"":""Point"",""coordinates"":[2.17,13.51]}"
201_4,10,4.421940803527832,CHIRPS,WA005,2016,"{""type"":""Point"",""coordinates"":[7.33,9.07]}"
201_5,10,5.873504638671875,CHIRPS,WA006,2016,"{""type"":""Point"",""coordinates"":[-0.17,5.56]}"
201_6,10,5.359675407409668,CHIRPS,WA007,2016,"{""type"":""Point"",""coordinates"":[-3.9299999999999997,5.349999999999999]}"
201_7,10,8.82649040222168,CHIRPS,WA008,2016,"{""type"":""Point"",""coordinates"":[-13.67,9.53]}"
201_8,10,10.353856086730957,CHIRPS,WA009,2016,"{""type"":""Point"",""coordinates"":[-13.230000000000002,8.489999999999998]}"
201_9,10,11.07866096496582,CHIRPS,WA010,2016,"{""type"":""Point"",""coordinates"":[-10.799999999999999,6.3]}"
201_10,10,4.997363567352295,CHIRPS,WA011,2016,"{""type"":""Point"",""coordinates"":[1.22,6.130000000000001]}"
201_11,10,8.038562774658203,CHIRPS,WA012,2016,"{""type"":""Point"",""coordinates"":[2.42,6.37]}"
201_12,10,0.1658066213130951,CHIRPS,WA013,2016,"{""type"":""Point"",""coordinates"":[8.52,12.05]}"
201_13,10,5.87070894241333,CHIRPS,WA014,2016,"{""type"":""Point"",""coordinates"":[-1.62,6.69]}"
201_14,10,0.4415232837200165,CHIRPS,WA015,2016,"{""type"":""Point"",""coordinates"":[-16.680000000000003,13.45]}"
202_0,11,0.03099827468395233,CHIRPS,WA001,2016,"{""type"":""Point"",""coordinates"":[-17.470000000000002,14.73]}"
202_1,11,0.07462240755558014,CHIRPS,WA002,2016,"{""type"":""Point"",""coordinates"":[-7.949999999999998,12.65]}"
202_2,11,0.013211914338171482,CHIRPS,WA003,2016,"{""type"":""Point"",""coordinates"":[-1.5200000000000002,12.360000000000001]}"
202_3,11,0.003257997566834092,CHIRPS,WA004,2016,"{""type"":""Point"",""coordinates"":[2.17,13.51]}"
202_4,11,0.07639265060424805,CHIRPS,WA005,2016,"{""type"":""Point"",""coordinates"":[7.33,9.07]}"
202_5,11,4.081444263458252,CHIRPS,WA006,2016,"{""type"":""Point"",""coordinates"":[-0.17,5.56]}"
202_6,11,4.014147758483887,CHIRPS,WA007,2016,"{""type"":""Point"",""coordinates"":[-3.9299999999999997,5.349999999999999]}"
202_7,11,1.597354531288147,CHIRPS,WA008,2016,"{""type"":""Point"",""coordinates"":[-13.67,9.53]}"
202_8,11,4.011336326599121,CHIRPS,WA009,2016,"{""type"":""Point"",""coordinates"":[-13.230000000000002,8.489999999999998]}"
202_9,11,5.369272232055664,CHIRPS,WA010,2016,"{""type"":""Point"",""coordinates"":[-10.799999999999999,6.3]}"
202_10,11,2.3794150352478027,CHIRPS,WA011,2016,"{""type"":""Point"",""coordinates"":[1.22,6.130000000000001]}"
202_11,11,1.4052202701568604,CHIRPS,WA012,2016,"{""type"":""Point"",""coordinates"":[2.42,6.37]}"
202_12,11,0.008805365301668644,CHIRPS,WA013,2016,"{""type"":""Point"",""coordinates"":[8.52,12.05]}"
202_13,11,2.851284980773926,CHIRPS,WA014,2016,"{""type"":""Point"",""coordinates"":[-1.62,6.69]}"
202_14,11,0.04477347061038017,CHIRPS,WA015,2016,"{""type"":""Point"",""coordinates"":[-16.680000000000003,13.45]}"
203_0,12,0.03596387431025505,CHIRPS,WA001,2016,"{""type"":""Point"",""coordinates"":[-17.470000000000002,14.73]}"
203_1,12,0.00527935428544879,CHIRPS,WA002,2016,"{""type"":""Point"",""coordinates"":[-7.949999999999998,12.65]}"
203_2,12,0.020650623366236687,CHIRPS,WA003,2016,"{""type"":""Point"",""coordinates"":[-1.5200000000000002,12.360000000000001]}"
203_3,12,2.3308560776058584E-4,CHIRPS,WA004,2016,"{""type"":""Point"",""coordinates"":[2.17,13.51]}"
203_4,12,0.04860471934080124,CHIRPS,WA005,2016,"{""type"":""Point"",""coordinates"":[7.33,9.07]}"
203_5,12,1.3475364446640015,CHIRPS,WA006,2016,"{""type"":""Point"",""coordinates"":[-0.17,5.56]}"
203_6,12,2.0298855304718018,CHIRPS,WA007,2016,"{""type"":""Point"",""coordinates"":[-3.9299999999999997,5.349999999999999]}"
203_7,12,0.09475497901439667,CHIRPS,WA008,2016,"{""type"":""Point"",""coordinates"":[-13.67,9.53]}"
203_8,12,0.2725681662559509,CHIRPS,WA009,2016,"{""type"":""Point"",""coordinates"":[-13.230000000000002,8.489999999999998]}"
203_9,12,1.2840908765792847,CHIRPS,WA010,2016,"{""type"":""Point"",""coordinates"":[-10.799999999999999,6.3]}"
203_10,12,0.9264788627624512,CHIRPS,WA011,2016,"{""type"":""Point"",""coordinates"":[1.22,6.130000000000001]}"
203_11,12,0.3407944142818451,CHIRPS,WA012,2016,"{""type"":""Point"",""coordinates"":[2.42,6.37]}"
203_12,12,6.937581929378211E-4,CHIRPS,WA013,2016,"{""type"":""Point"",""coordinates"":[8.52,12.05]}"
203_13,12,1.2437587976455688,CHIRPS,WA014,2016,"{""type"":""Point"",""coordinates"":[-1.62,6.69]}"
203_14,12,0.034413911402225494,CHIRPS,WA015,2016,"{""type"":""Point"",""coordinates"":[-16.680000000000003,13.45]}"
204_0,1,0.04269387200474739,CHIRPS,WA001,2017,"{""type"":""Point"",""coordinates"":[-17.470000000000002,14.73]}"
204_1,1,0.0010911088902503252,CHIRPS,WA002,2017,"{""type"":""Point"",""coordinates"":[-7.949999999999998,12.65]}"
204_2,1,0.0012557825539261103,CHIRPS,WA003,2017,"{""type"":""Point"",""coordinates"":[-1.5200000000000002,12.360000000000001]}"
204_3,1,3.598936746129766E-5,CHIRPS,WA004,2017,"{""type"":""Point"",""coordinates"":[2.17,13.51]}"
204_4,1,0.0065329307690262794,CHIRPS,WA005,2017,"{""type"":""Point"",""coordinates"":[7.33,9.07]}"
204_5,1,1.3395394086837769,CHIRPS,WA006,2017,"{""type"":""Point"",""coordinates"":[-0.17,5.56]}"
204_6,1,1.3111469745635986,CHIRPS,WA007,2017,"{""type"":""Point"",""coordinates"":[-3.9299999999999997,5.349999999999999]}"
204_7,1,0.0233415849506855,CHIRPS,WA008,2017,"{""type"":""Point"",""coordinates"":[-13.67,9.53]}"
204_8,1,0.07230575382709503,CHIRPS,WA009,2017,"{""type"":""Point"",""coordinates"":[-13.230000000000002,8.489999999999998]}"
204_9,1,0.9414941072463989,CHIRPS,WA010,2017,"{""type"":""Point"",""coordinates"":[-10.799999999999999,6.3]}"
204_10,1,0.6817376613616943,CHIRPS,WA011,2017,"{""type"":""Point"",""coordinates"":[1.22,6.130000000000001]}"
204_11,1,0.25129443407058716,CHIRPS,WA012,2017,"{""type"":""Point"",""coordinates"":[2.42,6.37]}"
204_12,1,8.081166888587177E-4,CHIRPS,WA013,2017,"{""type"":""Point"",""coordinates"":[8.52,12.05]}"
204_13,1,1.077925682067871,CHIRPS,WA014,2017,"{""type"":""Point"",""coordinates"":[-1.62,6.69]}"
204_14,1,0.01872367411851883,CHIRPS,WA015,2017,"{""type"":""Point"",""coordinates"":[-16.680000000000003,13.45]}"
205_0,2,0.0025872187688946724,CHIRPS,WA001,2017,"{""type"":""Point"",""coordinates"":[-17.470000000000002,14.73]}"
205_1,2,0.004825694020837545,CHIRPS,WA002,2017,"{""type"":""Point"",""coordinates"":[-7.949999999999998,12.65]}"
205_2,2,0.005025864578783512,CHIRPS,WA003,2017,"{""type"":""Point"",""coordinates"":[-1.5200000000000002,12.360000000000001]}"
205_3,2,6.117514567449689E-4,CHIRPS,WA004,2017,"{""type"":""Point"",""coordinates"":[2.17,13.51]}"
205_4,2,0.030108312144875526,CHIRPS,WA005,2017,"{""type"":""Point"",""coordinates"":[7.33,9.07]}"
205_5,2,1.1297633647918701,CHIRPS,WA006,2017,"{""type"":""Point"",""coordinates"":[-0.17,5.56]}"
205_6,2,2.2300868034362793,CHIRPS,WA007,2017,"{""type"":""Point"",""coordinates"":[-3.9299999999999997,5.349999999999999]}"
205_7,2,0.02446296252310276,CHIRPS,WA008,2017,"{""type"":""Point"",""coordinates"":[-13.67,9.53]}"
205_8,2,0.098116934299469,CHIRPS,WA009,2017,"{""type"":""Point"",""coordinates"":[-13.230000000000002,8.489999999999998]}"
205_9,2,2.2934861183166504,CHIRPS,WA010,2017,"{""type"":""Point"",""coordinates"":[-10.799999999999999,6.3]}"
205_10,2,0.5801902413368225,CHIRPS,WA011,2017,"{""type"":""Point"",""coordinates"":[1.22,6.130000000000001]}"
205_11,2,0.43886297941207886,CHIRPS,WA012,2017,"{""type"":""Point"",""coordinates"":[2.42,6.37]}"
205_12,2,0.0010304378811269999,CHIRPS,WA013,2017,"{""type"":""Point"",""coordinates"":[8.52,12.05]}"
205_13,2,1.3488860130310059,CHIRPS,WA014,2017,"{""type"":""Point"",""coordinates"":[-1.62,6.69]}"
205_14,2,0.002672216622158885,CHIRPS,WA015,2017,"{""type"":""Point"",""coordinates"":[-16.680000000000003,13.45]}"
206_0,3,2.282971217937302E-5,CHIRPS,WA001,2017,"{""type"":""Point"",""coordinates"":[-17.470000000000002,14.73]}"
206_1,3,0.06334232538938522,CHIRPS,WA002,2017,"{""type"":""Point"",""coordinates"":[-7.949999999999998,12.65]}"
206_2,3,0.035989828407764435,CHIRPS,WA003,2017,"{""type"":""Point"",""coordinates"":[-1.5200000000000002,12.360000000000001]}"
206_3,3,8.14600323792547E-4,CHIRPS,WA004,2017,"{""type"":""Point"",""coordinates"":[2.17,13.51]}"
206_4,3,0.3089844584465027,CHIRPS,WA005,2017,"{""type"":""Point"",""coordinates"":[7.33,9.07]}"
206_5,3,2.1756935119628906,CHIRPS,WA006,2017,"{""type"":""Point"",""coordinates"":[-0.17,5.56]}"
206_6,3,2.020559310913086,CHIRPS,WA007,2017,"{""type"":""Point"",""coordinates"":[-3.9299999999999997,5.349999999999999]}"
206_7,3,0.8191252946853638,CHIRPS,WA008,2017,"{""type"":""Point"",""coordinates"":[-13.67,9.53]}"
206_8,3,1.0919705629348755,CHIRPS,WA009,2017,"{""type"":""Point"",""coordinates"":[-13.230000000000002,8.489999999999998]}"
206_9,3,2.9117658138275146,CHIRPS,WA010,2017,"{""type"":""Point"",""coordinates"":[-10.799999999999999,6.3]}"
206_10,3,1.5882513523101807,CHIRPS,WA011,2017,"{""type"":""Point"",""coordinates"":[1.22,6.130000000000001]}"
206_11,3,1.6268893480300903,CHIRPS,WA012,2017,"{""type"":""Point"",""coordinates"":[2.42,6.37]}"
206_12,3,0.027545444667339325,CHIRPS,WA013,2017,"{""type"":""Point"",""coordinates"":[8.52,12.05]}"
206_13,3,3.559412717819214,CHIRPS,WA014,2017,"{""type"":""Point"",""coordinates"":[-1.62,6.69]}"
206_14,3,6.020005457685329E-5,CHIRPS,WA015,2017,"{""type"":""Point"",""coordinates"":[-16.680000000000003,13.45]}"
207_0,4,0.0024043105076998472,CHIRPS,WA001,2017,"{""type"":""Point"",""coordinates"":[-17.470000000000002,14.73]}"
207_1,4,0.25738030672073364,CHIRPS,WA002,2017,"{""type"":""Point"",""coordinates"":[-7.949999999999998,12.65]}"
207_2,4,0.5148730278015137,CHIRPS,WA003,2017,"{""type"":""Point"",""coordinates"":[-1.5200000000000002,12.360000000000001]}"
207_3,4,0.0816454365849495,CHIRPS,WA004,2017,"{""type"":""Point"",""coordinates"":[2.17,13.51]}"
207_4,4,1.6568337678909302,CHIRPS,WA005,2017,"{""type"":""Point"",""coordinates"":[7.33,9.07]}"
207_5,4,5.503201007843018,CHIRPS,WA006,2017,"{""type"":""Point"",""coordinates"":[-0.17,5.56]}"
207_6,4,4.246377944946289,CHIRPS,WA007,2017,"{""type"":""Point"",""coordinates"":[-3.9299999999999997,5.349999999999999]}"
207_7,4,1.437265396118164,CHIRPS,WA008,2017,"{""type"":""Point"",""coordinates"":[-13.67,9.53]}"
207_8,4,1.7102665901184082,CHIRPS,WA009,2017,"{""type"":""Point"",""coordinates"":[-13.230000000000002,8.489999999999998]}"
207_9,4,4.436030864715576,CHIRPS,WA010,2017,"{""type"":""Point"",""coordinates"":[-10.799999999999999,6.3]}"
207_10,4,4.810934543609619,CHIRPS,WA011,2017,"{""type"":""Point"",""coordinates"":[1.22,6.130000000000001]}"
207_11,4,2.2120039463043213,CHIRPS,WA012,2017,"{""type"":""Point"",""coordinates"":[2.42,6.37]}"
207_12,4,0.1374559998512268,CHIRPS,WA013,2017,"{""type"":""Point"",""coordinates"":[8.52,12.05]}"
207_13,4,4.622750282287598,CHIRPS,WA014,2017,"{""type"":""Point"",""coordinates"":[-1.62,6.69]}"
207_14,4,0.011961583979427814,CHIRPS,WA015,2017,"{""type"":""Point"",""coordinates"":[-16.680000000000003,13.45]}"
208_0,5,0.02525728940963745,CHIRPS,WA001,2017,"{""type"":""Point"",""coordinates"":[-17.470000000000002,14.73]}"
208_1,5,2.69014573097229,CHIRPS,WA002,2017,"{""type"":""Point"",""coordinates"":[-7.949999999999998,12.65]}"
208_2,5,3.3532142639160156,CHIRPS,WA003,2017,"{""type"":""Point"",""coordinates"":[-1.5200000000000002,12.360000000000001]}"
208_3,5,1.4332520961761475,CHIRPS,WA004,2017,"{""type"":""Point"",""coordinates"":[2.17,13.51]}"
208_4,5,4.564756870269775,CHIRPS,WA005,2017,"{""type"":""Point"",""coordinates"":[7.33,9.07]}"
208_5,5,5.687180995941162,CHIRPS,WA006,2017,"{""type"":""Point"",""coordinates"":[-0.17,5.56]}"
208_6,5,5.904387950897217,CHIRPS,WA007,2017,"{""type"":""Point"",""coordinates"":[-3.9299999999999997,5.349999999999999]}"
208_7,5,5.465539455413818,CHIRPS,WA008,2017,"{""type"":""Point"",""coordinates"":[-13.67,9.53]}"
208_8,5,6.598698616027832,CHIRPS,WA009,2017,"{""type"":""Point"",""coordinates"":[-13.230000000000002,8.489999999999998]}"
208_9,5,9.754881858825684,CHIRPS,WA010,2017,"{""type"":""Point"",""coordinates"":[-10.799999999999999,6.3]}"
208_10,5,5.338836193084717,CHIRPS,WA011,2017,"{""type"":""Point"",""coordinates"":[1.22,6.130000000000001]}"
208_11,5,6.040086269378662,CHIRPS,WA012,2017,"{""type"":""Point"",""coordinates"":[2.42,6.37]}"
208_12,5,1.1032761335372925,CHIRPS,WA013,2017,"{""type"":""Point"",""coordinates"":[8.52,12.05]}"
208_13,5,5.268888473510742,CHIRPS,WA014,2017,"{""type"":""Point"",""coordinates"":[-1.62,6.69]}"
208_14,5,0.034134939312934875,CHIRPS,WA015,2017,"{""type"":""Point"",""coordinates"":[-16.680000000000003,13.45]}"
209_0,6,0.8338127136230469,CHIRPS,WA001,2017,"{""type"":""Point"",""coordinates"":[-17.470000000000002,14.73]}"
209_1,6,2.7074735164642334,CHIRPS,WA002,2017,"{""type"":""Point"",""coordinates"":[-7.949999999999998,12.65]}"
209_2,6,3.9304845333099365,CHIRPS,WA003,2017,"{""type"":""Point"",""coordinates"":[-1.5200000000000002,12.360000000000001]}"
209_3,6,2.6310184001922607,CHIRPS,WA004,2017,"{""type"":""Point"",""coordinates"":[2.17,13.51]}"
209_4,6,5.788899898529053,CHIRPS,WA005,2017,"{""type"":""Point"",""coordinates"":[7.33,9.07]}"
209_5,6,8.194459915161133,CHIRPS,WA006,2017,"{""type"":""Point"",""coordinates"":[-0.17,5.56]}"
209_6,6,14.108741760253906,CHIRPS,WA007,2017,"{""type"":""Point"",""coordinates"":[-3.9299999999999997,5.349999999999999]}"
209_7,6,11.086053848266602,CHIRPS,WA008,2017,"{""type"":""Point"",""coordinates"":[-13.67,9.53]}"
209_8,6,13.2539644241333,CHIRPS,WA009,2017,"{""type"":""Point"",""coordinates"":[-13.230000000000002,8.489999999999998]}"
209_9,6,23.993438720703125,CHIRPS,WA010,2017,"{""type"":""Point"",""coordinates"":[-10.799999999999999,6.3]}"
209_10,6,7.7298502922058105,CHIRPS,WA011,2017,"{""type"":""Point"",""coordinates"":[1.22,6.130000000000001]}"
209_11,6,11.642206192016602,CHIRPS,WA012,2017,"{""type"":""Point"",""coordinates"":[2.42,6.37]}"
209_12,6,3.4376425743103027,CHIRPS,WA013,2017,"{""type"":""Point"",""coordinates"":[8.52,12.05]}"
209_13,6,10.05244255065918,CHIRPS,WA014,2017,"{""type"":""Point"",""coordinates"":[-1.62,6.69]}"
209_14,6,1.761544108390808,CHIRPS,WA015,2017,"{""type"":""Point"",""coordinates"":[-16.680000000000003,13.45]}"
210_0,7,4.427755832672119,CHIRPS,WA001,2017,"{""type"":""Point"",""coordinates"":[-17.470000000000002,14.73]}"
210_1,7,8.687466621398926,CHIRPS,WA002,2017,"{""type"":""Point"",""coordinates"":[-7.949999999999998,12.65]}"
210_2,7,3.9107747077941895,CHIRPS,WA003,2017,"{""type"":""Point"",""coordinates"":[-1.5200000000000002,12.360000000000001]}"
210_3,7,4.268232345581055,CHIRPS,WA004,2017,"{""type"":""Point"",""coordinates"":[2.17,13.51]}"
210_4,7,5.810494422912598,CHIRPS,WA005,2017,"{""type"":""Point"",""coordinates"":[7.33,9.07]}"
210_5,7,2.764753818511963,CHIRPS,WA006,2017,"{""type"":""Point"",""coordinates"":[-0.17,5.56]}"
210_6,7,3.089616060256958,CHIRPS,WA007,2017,"{""type"":""Point"",""coordinates"":[-3.9299999999999997,5.349999999999999]}"
210_7,7,27.530729293823242,CHIRPS,WA008,2017,"{""type"":""Point"",""coordinates"":[-13.67,9.53]}"
210_8,7,23.693021774291992,CHIRPS,WA009,2017,"{""type"":""Point"",""coordinates"":[-13.230000000000002,8.489999999999998]}"
210_9,7,18.120763778686523,CHIRPS,WA010,2017,"{""type"":""Point"",""coordinates"":[-10.799999999999999,6.3]}"
210_10,7,4.301080703735352,CHIRPS,WA011,2017,"{""type"":""Point"",""coordinates"":[1.22,6.130000000000001]}"
210_11,7,6.491771221160889,CHIRPS,WA012,2017,"{""type"":""Point"",""coordinates"":[2.42,6.37]}"
210_12,7,5.321857929229736,CHIRPS,WA013,2017,"{""type"":""Point"",""coordinates"":[8.52,12.05]}"
210_13,7,4.155979156494141,CHIRPS,WA014,2017,"{""type"":""Point"",""coordinates"":[-1.62,6.69]}"
210_14,7,8.577695846557617,CHIRPS,WA015,2017,"{""type"":""Point"",""coordinates"":[-16.680000000000003,13.45]}"
211_0,8,5.960723400115967,CHIRPS,WA001,2017,"{""type"":""Point"",""coordinates"":[-17.470000000000002,14.73]}"
211_1,8,7.604782581329346,CHIRPS,WA002,2017,"{""type"":""Point"",""coordinates"":[-7.949999999999998,12.65]}"
211_2,8,6.392537593841553,CHIRPS,WA003,2017,"{""type"":""Point"",""coordinates"":[-1.5200000000000002,12.360000000000001]}"
211_3,8,5.082054138183594,CHIRPS,WA004,2017,"{""type"":""Point"",""coordinates"":[2.17,13.51]}"
211_4,8,12.078388214111328,CHIRPS,WA005,2017,"{""type"":""Point"",""coordinates"":[7.33,9.07]}"
211_5,8,1.2808901071548462,CHIRPS,WA006,2017,"{""type"":""Point"",""coordinates"":[-0.17,5.56]}"
211_6,8,3.2559685707092285,CHIRPS,WA007,2017,"{""type"":""Point"",""coordinates"":[-3.9299999999999997,5.349999999999999]}"
211_7,8,33.51384353637695,CHIRPS,WA008,2017,"{""type"":""Point"",""coordinates"":[-13.67,9.53]}"
211_8,8,29.709758758544922,CHIRPS,WA009,2017,"{""type"":""Point"",""coordinates"":[-13.230000000000002,8.489999999999998]}"
211_9,8,15.330175399780273,CHIRPS,WA010,2017,"{""type"":""Point"",""coordinates"":[-10.799999999999999,6.3]}"
211_10,8,1.5938929319381714,CHIRPS,WA011,2017,"{""type"":""Point"",""coordinates"":[1.22,6.130000000000001]}"
211_11,8,1.9548603296279907,CHIRPS,WA012,2017,"{""type"":""Point"",""coordinates"":[2.42,6.37]}"
211_12,8,8.037013053894043,CHIRPS,WA013,2017,"{""type"":""Point"",""coordinates"":[8.52,12.05]}"
211_13,8,2.134528160095215,CHIRPS,WA014,2017,"{""type"":""Point"",""coordinates"":[-1.62,6.69]}"
211_14,8,12.232583999633789,CHIRPS,WA015,2017,"{""type"":""Point"",""coordinates"":[-16.680000000000003,13.45]}"
212_0,9,2.680901050567627,CHIRPS,WA001,2017,"{""type"":""Point"",""coordinates"":[-17.470000000000002,14.73]}"
212_1,9,3.5309112071990967,CHIRPS,WA002,2017,"{""type"":""Point"",""coordinates"":[-7.949999999999998,12.65]}"
212_2,9,3.123671531677246,CHIRPS,WA003,2017,"{""type"":""Point"",""coordinates"":[-1.5200000000000002,12.360000000000001]}"
212_3,9,1.3114203214645386,CHIRPS,WA004,2017,"{""type"":""Point"",""coordinates"":[2.17,13.51]}"
212_4,9,9.798853874206543,CHIRPS,WA005,2017,"{""type"":""Point"",""coordinates"":[7.33,9.07]}"
212_5,9,2.0244786739349365,CHIRPS,WA006,2017,"{""type"":""Point"",""coordinates"":[-0.17,5.56]}"
212_6,9,2.3429646492004395,CHIRPS,WA007,2017,"{""type"":""Point"",""coordinates"":[-3.9299999999999997,5.349999999999999]}"
212_7,9,16.925457000732422,CHIRPS,WA008,2017,"{""type"":""Point"",""coordinates"":[-13.67,9.53]}"
212_8,9,16.29520606994629,CHIRPS,WA009,2017,"{""type"":""Point"",""coordinates"":[-13.230000000000002,8.489999999999998]}"
212_9,9,18.53933334350586,CHIRPS,WA010,2017,"{""type"":""Point"",""coordinates"":[-10.799999999999999,6.3]}"
212_10,9,2.499905824661255,CHIRPS,WA011,2017,"{""type"":""Point"",""coordinates"":[1.22,6.130000000000001]}"
212_11,9,3.495793581008911,CHIRPS,WA012,2017,"{""type"":""Point"",""coordinates"":[2.42,6.37]}"
212_12,9,3.4065656661987305,CHIRPS,WA013,2017,"{""type"":""Point"",""coordinates"":[8.52,12.05]}"
212_13,9,3.9683620929718018,CHIRPS,WA014,2017,"{""type"":""Point"",""coordinates"":[-1.62,6.69]}"
212_14,9,3.727571487426758,CHIRPS,WA015,2017,"{""type"":""Point"",""coordinates"":[-16.680000000000003,13.45]}"
213_0,10,0.3131605088710785,CHIRPS,WA001,2017,"{""type"":""Point"",""coordinates"":[-17.470000000000002,14.73]}"
213_1,10,0.43716511130332947,CHIRPS,WA002,2017,"{""type"":""Point"",""coordinates"":[-7.949999999999998,12.65]}"
213_2,10,0.9147085547447205,CHIRPS,WA003,2017,"{""type"":""Point"",""coordinates"":[-1.5200000000000002,12.360000000000001]}"
213_3,10,0.2377071976661682,CHIRPS,WA004,2017,"{""type"":""Point"",""coordinates"":[2.17,13.51]}"
213_4,10,2.0990400314331055,CHIRPS,WA005,2017,"{""type"":""Point"",""coordinates"":[7.33,9.07]}"
213_5,10,4.616147041320801,CHIRPS,WA006,2017,"{""type"":""Point"",""coordinates"":[-0.17,5.56]}"
213_6,10,10.39523696899414,CHIRPS,WA007,2017,"{""type"":""Point"",""coordinates"":[-3.9299999999999997,5.349999999999999]}"
213_7,10,8.017550468444824,CHIRPS,WA008,2017,"{""type"":""Point"",""coordinates"":[-13.67,9.53]}"
213_8,10,8.055639266967773,CHIRPS,WA009,2017,"{""type"":""Point"",""coordinates"":[-13.230000000000002,8.489999999999998]}"
213_9,10,10.497041702270508,CHIRPS,WA010,2017,"{""type"":""Point"",""coordinates"":[-10.799999999999999,6.3]}"
213_10,10,2.727138042449951,CHIRPS,WA011,2017,"{""type"":""Point"",""coordinates"":[1.22,6.130000000000001]}"
213_11,10,2.067145586013794,CHIRPS,WA012,2017,"{""type"":""Point"",""coordinates"":[2.42,6.37]}"
213_12,10,0.16173885762691498,CHIRPS,WA013,2017,"{""type"":""Point"",""coordinates"":[8.52,12.05]}"
213_13,10,7.052029132843018,CHIRPS,WA014,2017,"{""type"":""Point"",""coordinates"":[-1.62,6.69]}"
213_14,10,0.7352206707000732,CHIRPS,WA015,2017,"{""type"":""Point"",""coordinates"":[-16.680000000000003,13.45]}"
214_0,11,0.041697610169649124,CHIRPS,WA001,2017,"{""type"":""Point"",""coordinates"":[-17.470000000000002,14.73]}"
214_1,11,0.0400465726852417,CHIRPS,WA002,2017,"{""type"":""Point"",""coordinates"":[-7.949999999999998,12.65]}"
214_2,11,0.009797236882150173,CHIRPS,WA003,2017,"{""type"":""Point"",""coordinates"":[-1.5200000000000002,12.360000000000001]}"
214_3,11,0.0011091161286458373,CHIRPS,WA004,2017,"{""type"":""Point"",""coordinates"":[2.17,13.51]}"
214_4,11,0.015006670728325844,CHIRPS,WA005,2017,"{""type"":""Point"",""coordinates"":[7.33,9.07]}"
214_5,11,2.939954996109009,CHIRPS,WA006,2017,"{""type"":""Point"",""coordinates"":[-0.17,5.56]}"
214_6,11,6.352184772491455,CHIRPS,WA007,2017,"{""type"":""Point"",""coordinates"":[-3.9299999999999997,5.349999999999999]}"
214_7,11,2.475564479827881,CHIRPS,WA008,2017,"{""type"":""Point"",""coordinates"":[-13.67,9.53]}"
214_8,11,4.157443523406982,CHIRPS,WA009,2017,"{""type"":""Point"",""coordinates"":[-13.230000000000002,8.489999999999998]}"
214_9,11,5.242312908172607,CHIRPS,WA010,2017,"{""type"":""Point"",""coordinates"":[-10.799999999999999,6.3]}"
214_10,11,2.780606746673584,CHIRPS,WA011,2017,"{""type"":""Point"",""coordinates"":[1.22,6.130000000000001]}"
214_11,11,1.792636513710022,CHIRPS,WA012,2017,"{""type"":""Point"",""coordinates"":[2.42,6.37]}"
214_12,11,3.059515729546547E-4,CHIRPS,WA013,2017,"{""type"":""Point"",""coordinates"":[8.52,12.05]}"
214_13,11,2.7443599700927734,CHIRPS,WA014,2017,"{""type"":""Point"",""coordinates"":[-1.62,6.69]}"
214_14,11,0.029507547616958618,CHIRPS,WA015,2017,"{""type"":""Point"",""coordinates"":[-16.680000000000003,13.45]}"
215_0,12,0.026365479454398155,CHIRPS,WA001,2017,"{""type"":""Point"",""coordinates"":[-17.470000000000002,14.73]}"
215_1,12,0.0020266473293304443,CHIRPS,WA002,2017,"{""type"":""Point"",""coordinates"":[-7.949999999999998,12.65]}"
215_2,12,0.022896137088537216,CHIRPS,WA003,2017,"{""type"":""Point"",""coordinates"":[-1.5200000000000002,12.360000000000001]}"
215_3,12,2.1962352911941707E-4,CHIRPS,WA004,2017,"{""type"":""Point"",""coordinates"":[2.17,13.51]}"
215_4,12,0.03169773519039154,CHIRPS,WA005,2017,"{""type"":""Point"",""coordinates"":[7.33,9.07]}"
215_5,12,1.253511667251587,CHIRPS,WA006,2017,"{""type"":""Point"",""coordinates"":[-0.17,5.56]}"
215_6,12,1.980615258216858,CHIRPS,WA007,2017,"{""type"":""Point"",""coordinates"":[-3.9299999999999997,5.349999999999999]}"
215_7,12,0.03646630048751831,CHIRPS,WA008,2017,"{""type"":""Point"",""coordinates"":[-13.67,9.53]}"
215_8,12,0.23952047526836395,CHIRPS,WA009,2017,"{""type"":""Point"",""coordinates"":[-13.230000000000002,8.489999999999998]}"
215_9,12,1.6316601037979126,CHIRPS,WA010,2017,"{""type"":""Point"",""coordinates"":[-10.799999999999999,6.3]}"
215_10,12,0.6604358553886414,CHIRPS,WA011,2017,"{""type"":""Point"",""coordinates"":[1.22,6.130000000000001]}"
215_11,12,0.7062288522720337,CHIRPS,WA012,2017,"{""type"":""Point"",""coordinates"":[2.42,6.37]}"
215_12,12,0.0031132777221500874,CHIRPS,WA013,2017,"{""type"":""Point"",""coordinates"":[8.52,12.05]}"
215_13,12,1.2050738334655762,CHIRPS,WA014,2017,"{""type"":""Point"",""coordinates"":[-1.62,6.69]}"
215_14,12,0.019470153376460075,CHIRPS,WA015,2017,"{""type"":""Point"",""coordinates"":[-16.680000000000003,13.45]}"
216_0,1,0.00399036193266511,CHIRPS,WA001,2018,"{""type"":""Point"",""coordinates"":[-17.470000000000002,14.73]}"
216_1,1,0.0013961519580334425,CHIRPS,WA002,2018,"{""type"":""Point"",""coordinates"":[-7.949999999999998,12.65]}"
216_2,1,9.026507032103837E-4,CHIRPS,WA003,2018,"{""type"":""Point"",""coordinates"":[-1.5200000000000002,12.360000000000001]}"
216_3,1,1.1997663932561409E-5,CHIRPS,WA004,2018,"{""type"":""Point"",""coordinates"":[2.17,13.51]}"
216_4,1,0.014535333961248398,CHIRPS,WA005,2018,"{""type"":""Point"",""coordinates"":[7.33,9.07]}"
216_5,1,0.29701411724090576,CHIRPS,WA006,2018,"{""type"":""Point"",""coordinates"":[-0.17,5.56]}"
216_6,1,0.33814823627471924,CHIRPS,WA007,2018,"{""type"":""Point"",""coordinates"":[-3.9299999999999997,5.349999999999999]}"
216_7,1,0.01106412522494793,CHIRPS,WA008,2018,"{""type"":""Point"",""coordinates"":[-13.67,9.53]}"
216_8,1,0.04892759025096893,CHIRPS,WA009,2018,"{""type"":""Point"",""coordinates"":[-13.230000000000002,8.489999999999998]}"
216_9,1,0.3705455958843231,CHIRPS,WA010,2018,"{""type"":""Point"",""coordinates"":[-10.799999999999999,6.3]}"
216_10,1,0.18117402493953705,CHIRPS,WA011,2018,"{""type"":""Point"",""coordinates"":[1.22,6.130000000000001]}"
216_11,1,0.05258622393012047,CHIRPS,WA012,2018,"{""type"":""Point"",""coordinates"":[2.42,6.37]}"
216_12,1,0.0025101357605308294,CHIRPS,WA013,2018,"{""type"":""Point"",""coordinates"":[8.52,12.05]}"
216_13,1,0.26151958107948303,CHIRPS,WA014,2018,"{""type"":""Point"",""coordinates"":[-1.62,6.69]}"
216_14,1,0.012417335994541645,CHIRPS,WA015,2018,"{""type"":""Point"",""coordinates"":[-16.680000000000003,13.45]}"
217_0,2,0.008073845878243446,CHIRPS,WA001,2018,"{""type"":""Point"",""coordinates"":[-17.470000000000002,14.73]}"
217_1,2,6.611470598727465E-4,CHIRPS,WA002,2018,"{""type"":""Point"",""coordinates"":[-7.949999999999998,12.65]}"
217_2,2,0.041645560413599014,CHIRPS,WA003,2018,"{""type"":""Point"",""coordinates"":[-1.5200000000000002,12.360000000000001]}"
217_3,2,4.2438454693183303E-4,CHIRPS,WA004,2018,"{""type"":""Point"",""coordinates"":[2.17,13.51]}"
217_4,2,0.27806001901626587,CHIRPS,WA005,2018,"{""type"":""Point"",""coordinates"":[7.33,9.07]}"
217_5,2,1.624503254890442,CHIRPS,WA006,2018,"{""type"":""Point"",""coordinates"":[-0.17,5.56]}"
217_6,2,2.0132036209106445,CHIRPS,WA007,2018,"{""type"":""Point"",""coordinates"":[-3.9299999999999997,5.349999999999999]}"
217_7,2,0.09684901684522629,CHIRPS,WA008,2018,"{""type"":""Point"",""coordinates"":[-13.67,9.53]}"
217_8,2,0.16350466012954712,CHIRPS,WA009,2018,"{""type"":""Point"",""coordinates"":[-13.230000000000002,8.489999999999998]}"
217_9,2,0.8592508435249329,CHIRPS,WA010,2018,"{""type"":""Point"",""coordinates"":[-10.799999999999999,6.3]}"
217_10,2,1.513847827911377,CHIRPS,WA011,2018,"{""type"":""Point"",""coordinates"":[1.22,6.130000000000001]}"
217_11,2,3.305651903152466,CHIRPS,WA012,2018,"{""type"":""Point"",""coordinates"":[2.42,6.37]}"
217_12,2,0.013557663187384605,CHIRPS,WA013,2018,"{""type"":""Point"",""coordinates"":[8.52,12.05]}"
217_13,2,1.8566865921020508,CHIRPS,WA014,2018,"{""type"":""Point"",""coordinates"":[-1.62,6.69]}"
217_14,2,0.0023431782610714436,CHIRPS,WA015,2018,"{""type"":""Point"",""coordinates"":[-16.680000000000003,13.45]}"
218_0,3,3.2564497814746574E-5,CHIRPS,WA001,2018,"{""type"":""Point"",""coordinates"":[-17.470000000000002,14.73]}"
218_1,3,0.04890443757176399,CHIRPS,WA002,2018,"{""type"":""Point"",""coordinates"":[-7.949999999999998,12.65]}"
218_2,3,0.24071183800697327,CHIRPS,WA003,2018,"{""type"":""Point"",""coordinates"":[-1.5200000000000002,12.360000000000001]}"
218_3,3,0.017551450058817863,CHIRPS,WA004,2018,"{""type"":""Point"",""coordinates"":[2.17,13.51]}"
218_4,3,0.6632372140884399,CHIRPS,WA005,2018,"{""type"":""Point"",""coordinates"":[7.33,9.07]}"
218_5,3,1.6328359842300415,CHIRPS,WA006,2018,"{""type"":""Point"",""coordinates"":[-0.17,5.56]}"
218_6,3,3.1268491744995117,CHIRPS,WA007,2018,"{""type"":""Point"",""coordinates"":[-3.9299999999999997,5.349999999999999]}"
218_7,3,0.1481860876083374,CHIRPS,WA008,2018,"{""type"":""Point"",""coordinates"":[-13.67,9.53]}"
218_8,3,0.5645219683647156,CHIRPS,WA009,2018,"{""type"":""Point"",""coordinates"":[-13.230000000000002,8.489999999999998]}"
218_9,3,3.1239778995513916,CHIRPS,WA010,2018,"{""type"":""Point"",""coordinates"":[-10.799999999999999,6.3]}"
218_10,3,2.5894665718078613,CHIRPS,WA011,2018,"{""type"":""Point"",""coordinates"":[1.22,6.130000000000001]}"
218_11,3,3.5871565341949463,CHIRPS,WA012,2018,"{""type"":""Point"",""coordinates"":[2.42,6.37]}"
218_12,3,0.0638420358300209,CHIRPS,WA013,2018,"{""type"":""Point"",""coordinates"":[8.52,12.05]}"
218_13,3,4.1521711349487305,CHIRPS,WA014,2018,"{""type"":""Point"",""coordinates"":[-1.62,6.69]}"
218_14,3,7.601376855745912E-4,CHIRPS,WA015,2018,"{""type"":""Point"",""coordinates"":[-16.680000000000003,13.45]}"
219_0,4,3.640594513854012E-5,CHIRPS,WA001,2018,"{""type"":""Point"",""coordinates"":[-17.470000000000002,14.73]}"
219_1,4,0.13694621622562408,CHIRPS,WA002,2018,"{""type"":""Point"",""coordinates"":[-7.949999999999998,12.65]}"
219_2,4,0.2762894630432129,CHIRPS,WA003,2018,"{""type"":""Point"",""coordinates"":[-1.5200000000000002,12.360000000000001]}"
219_3,4,0.05636818706989288,CHIRPS,WA004,2018,"{""type"":""Point"",""coordinates"":[2.17,13.51]}"
219_4,4,2.6446080207824707,CHIRPS,WA005,2018,"{""type"":""Point"",""coordinates"":[7.33,9.07]}"
219_5,4,1.630399227142334,CHIRPS,WA006,2018,"{""type"":""Point"",""coordinates"":[-0.17,5.56]}"
219_6,4,2.4866724014282227,CHIRPS,WA007,2018,"{""type"":""Point"",""coordinates"":[-3.9299999999999997,5.349999999999999]}"
219_7,4,0.5481272339820862,CHIRPS,WA008,2018,"{""type"":""Point"",""coordinates"":[-13.67,9.53]}"
219_8,4,0.8522705435752869,CHIRPS,WA009,2018,"{""type"":""Point"",""coordinates"":[-13.230000000000002,8.489999999999998]}"
219_9,4,4.940342426300049,CHIRPS,WA010,2018,"{""type"":""Point"",""coordinates"":[-10.799999999999999,6.3]}"
219_10,4,1.8904638290405273,CHIRPS,WA011,2018,"{""type"":""Point"",""coordinates"":[1.22,6.130000000000001]}"
219_11,4,2.4423816204071045,CHIRPS,WA012,2018,"{""type"":""Point"",""coordinates"":[2.42,6.37]}"
219_12,4,0.39589911699295044,CHIRPS,WA013,2018,"{""type"":""Point"",""coordinates"":[8.52,12.05]}"
219_13,4,3.482898712158203,CHIRPS,WA014,2018,"{""type"":""Point"",""coordinates"":[-1.62,6.69]}"
219_14,4,0.001580452430061996,CHIRPS,WA015,2018,"{""type"":""Point"",""coordinates"":[-16.680000000000003,13.45]}"
220_0,5,0.0,CHIRPS,WA001,2018,"{""type"":""Point"",""coordinates"":[-17.470000000000002,14.73]}"
220_1,5,1.4180635213851929,CHIRPS,WA002,2018,"{""type"":""Point"",""coordinates"":[-7.949999999999998,12.65]}"
220_2,5,2.0569939613342285,CHIRPS,WA003,2018,"{""type"":""Point"",""coordinates"":[-1.5200000000000002,12.360000000000001]}"
220_3,5,1.108679175376892,CHIRPS,WA004,2018,"{""type"":""Point"",""coordinates"":[2.17,13.51]}"
220_4,5,5.1532793045043945,CHIRPS,WA005,2018,"{""type"":""Point"",""coordinates"":[7.33,9.07]}"
220_5,5,5.738352298736572,CHIRPS,WA006,2018,"{""type"":""Point"",""coordinates"":[-0.17,5.56]}"
220_6,5,6.07439661026001,CHIRPS,WA007,2018,"{""type"":""Point"",""coordinates"":[-3.9299999999999997,5.349999999999999]}"
220_7,5,1.1113996505737305,CHIRPS,WA008,2018,"{""type"":""Point"",""coordinates"":[-13.67,9.53]}"
220_8,5,1.6660979986190796,CHIRPS,WA009,2018,"{""type"":""Point"",""coordinates"":[-13.230000000000002,8.489999999999998]}"
220_9,5,7.39379358291626,CHIRPS,WA010,2018,"{""type"":""Point"",""coordinates"":[-10.799999999999999,6.3]}"
220_10,5,4.540651798248291,CHIRPS,WA011,2018,"{""type"":""Point"",""coordinates"":[1.22,6.130000000000001]}"
220_11,5,6.60668420791626,CHIRPS,WA012,2018,"{""type"":""Point"",""coordinates"":[2.42,6.37]}"
220_12,5,1.5412344932556152,CHIRPS,WA013,2018,"{""type"":""Point"",""coordinates"":[8.52,12.05]}"
220_13,5,6.391305446624756,CHIRPS,WA014,2018,"{""type"":""Point"",""coordinates"":[-1.62,6.69]}"
220_14,5,0.002500255359336734,CHIRPS,WA015,2018,"{""type"":""Point"",""coordinates"":[-16.680000000000003,13.45]}"
221_0,6,0.5109773278236389,CHIRPS,WA001,2018,"{""type"":""Point"",""coordinates"":[-17.470000000000002,14.73]}"
221_1,6,4.497744083404541,CHIRPS,WA002,2018,"{""type"":""Point"",""coordinates"":[-7.949999999999998,12.65]}"
221_2,6,2.795584201812744,CHIRPS,WA003,2018,"{""type"":""Point"",""coordinates"":[-1.5200000000000002,12.360000000000001]}"
221_3,6,2.121872901916504,CHIRPS,WA004,2018,"{""type"":""Point"",""coordinates"":[2.17,13.51]}"
221_4,6,5.664608955383301,CHIRPS,WA005,2018,"{""type"":""Point"",""coordinates"":[7.33,9.07]}"
221_5,6,4.346179485321045,CHIRPS,WA006,2018,"{""type"":""Point"",""coordinates"":[-0.17,5.56]}"
221_6,6,9.663804054260254,CHIRPS,WA007,2018,"{""type"":""Point"",""coordinates"":[-3.9299999999999997,5.349999999999999]}"
221_7,6,8.518586158752441,CHIRPS,WA008,2018,"{""type"":""Point"",""coordinates"":[-13.67,9.53]}"
221_8,6,10.59833812713623,CHIRPS,WA009,2018,"{""type"":""Point"",""coordinates"":[-13.230000000000002,8.489999999999998]}"
221_9,6,22.404747009277344,CHIRPS,WA010,2018,"{""type"":""Point"",""coordinates"":[-10.799999999999999,6.3]}"
221_10,6,4.812582492828369,CHIRPS,WA011,2018,"{""type"":""Point"",""coordinates"":[1.22,6.130000000000001]}"
221_11,6,6.328296661376953,CHIRPS,WA012,2018,"{""type"":""Point"",""coordinates"":[2.42,6.37]}"
221_12,6,3.6896281242370605,CHIRPS,WA013,2018,"{""type"":""Point"",""coordinates"":[8.52,12.05]}"
221_13,6,7.420961380004883,CHIRPS,WA014,2018,"{""type"":""Point"",""coordinates"":[-1.62,6.69]}"
221_14,6,1.0483580827713013,CHIRPS,WA015,2018,"{""type"":""Point"",""coordinates"":[-16.680000000000003,13.45]}"
222_0,7,0.6657489538192749,CHIRPS,WA001,2018,"{""type"":""Point"",""coordinates"":[-17.470000000000002,14.73]}"
222_1,7,7.9804229736328125,CHIRPS,WA002,2018,"{""type"":""Point"",""coordinates"":[-7.949999999999998,12.65]}"
222_2,7,6.509377479553223,CHIRPS,WA003,2018,"{""type"":""Point"",""coordinates"":[-1.5200000000000002,12.360000000000001]}"
222_3,7,4.303769588470459,CHIRPS,WA004,2018,"{""type"":""Point"",""coordinates"":[2.17,13.51]}"
222_4,7,6.425266265869141,CHIRPS,WA005,2018,"{""type"":""Point"",""coordinates"":[7.33,9.07]}"
222_5,7,1.5076192617416382,CHIRPS,WA006,2018,"{""type"":""Point"",""coordinates"":[-0.17,5.56]}"
222_6,7,5.385378837585449,CHIRPS,WA007,2018,"{""type"":""Point"",""coordinates"":[-3.9299999999999997,5.349999999999999]}"
222_7,7,18.987716674804688,CHIRPS,WA008,2018,"{""type"":""Point"",""coordinates"":[-13.67,9.53]}"
222_8,7,17.532333374023438,CHIRPS,WA009,2018,"{""type"":""Point"",""coordinates"":[-13.230000000000002,8.489999999999998]}"
222_9,7,24.082427978515625,CHIRPS,WA010,2018,"{""type"":""Point"",""coordinates"":[-10.799999999999999,6.3]}"
222_10,7,2.2337663173675537,CHIRPS,WA011,2018,"{""type"":""Point"",""coordinates"":[1.22,6.130000000000001]}"
222_11,7,4.386044502258301,CHIRPS,WA012,2018,"{""type"":""Point"",""coordinates"":[2.42,6.37]}"
222_12,7,6.195337772369385,CHIRPS,WA013,2018,"{""type"":""Point"",""coordinates"":[8.52,12.05]}"
222_13,7,4.110992431640625,CHIRPS,WA014,2018,"{""type"":""Point"",""coordinates"":[-1.62,6.69]}"
222_14,7,4.1846818923950195,CHIRPS,WA015,2018,"{""type"":""Point"",""coordinates"":[-16.680000000000003,13.45]}"
223_0,8,4.73768949508667,CHIRPS,WA001,2018,"{""type"":""Point"",""coordinates"":[-17.470000000000002,14.73]}"
223_1,8,7.599695205688477,CHIRPS,WA002,2018,"{""type"":""Point"",""coordinates"":[-7.949999999999998,12.65]}"
223_2,8,7.591983318328857,CHIRPS,WA003,2018,"{""type"":""Point"",""coordinates"":[-1.5200000000000002,12.360000000000001]}"
223_3,8,5.341113567352295,CHIRPS,WA004,2018,"{""type"":""Point"",""coordinates"":[2.17,13.51]}"
223_4,8,11.0776948928833,CHIRPS,WA005,2018,"{""type"":""Point"",""coordinates"":[7.33,9.07]}"
223_5,8,1.3665015697479248,CHIRPS,WA006,2018,"{""type"":""Point"",""coordinates"":[-0.17,5.56]}"
223_6,8,1.990983009338379,CHIRPS,WA007,2018,"{""type"":""Point"",""coordinates"":[-3.9299999999999997,5.349999999999999]}"
223_7,8,23.037338256835938,CHIRPS,WA008,2018,"{""type"":""Point"",""coordinates"":[-13.67,9.53]}"
223_8,8,19.974519729614258,CHIRPS,WA009,2018,"{""type"":""Point"",""coordinates"":[-13.230000000000002,8.489999999999998]}"
223_9,8,15.657604217529297,CHIRPS,WA010,2018,"{""type"":""Point"",""coordinates"":[-10.799999999999999,6.3]}"
223_10,8,1.8937020301818848,CHIRPS,WA011,2018,"{""type"":""Point"",""coordinates"":[1.22,6.130000000000001]}"
223_11,8,2.478123903274536,CHIRPS,WA012,2018,"{""type"":""Point"",""coordinates"":[2.42,6.37]}"
223_12,8,7.357960224151611,CHIRPS,WA013,2018,"{""type"":""Point"",""coordinates"":[8.52,12.05]}"
223_13,8,2.4357681274414062,CHIRPS,WA014,2018,"{""type"":""Point"",""coordinates"":[-1.62,6.69]}"
223_14,8,9.565139770507812,CHIRPS,WA015,2018,"{""type"":""Point"",""coordinates"":[-16.680000000000003,13.45]}"
224_0,9,4.19446325302124,CHIRPS,WA001,2018,"{""type"":""Point"",""coordinates"":[-17.470000000000002,14.73]}"
224_1,9,6.673267364501953,CHIRPS,WA002,2018,"{""type"":""Point"",""coordinates"":[-7.949999999999998,12.65]}"
224_2,9,5.135878562927246,CHIRPS,WA003,2018,"{""type"":""Point"",""coordinates"":[-1.5200000000000002,12.360000000000001]}"
224_3,9,2.2990853786468506,CHIRPS,WA004,2018,"{""type"":""Point"",""coordinates"":[2.17,13.51]}"
224_4,9,9.22805404663086,CHIRPS,WA005,2018,"{""type"":""Point"",""coordinates"":[7.33,9.07]}"
224_5,9,4.687756061553955,CHIRPS,WA006,2018,"{""type"":""Point"",""coordinates"":[-0.17,5.56]}"
224_6,9,3.1153509616851807,CHIRPS,WA007,2018,"{""type"":""Point"",""coordinates"":[-3.9299999999999997,5.349999999999999]}"
224_7,9,14.934263229370117,CHIRPS,WA008,2018,"{""type"":""Point"",""coordinates"":[-13.67,9.53]}"
224_8,9,14.963372230529785,CHIRPS,WA009,2018,"{""type"":""Point"",""coordinates"":[-13.230000000000002,8.489999999999998]}"
224_9,9,17.75237464904785,CHIRPS,WA010,2018,"{""type"":""Point"",""coordinates"":[-10.799999999999999,6.3]}"
224_10,9,5.17871618270874,CHIRPS,WA011,2018,"{""type"":""Point"",""coordinates"":[1.22,6.130000000000001]}"
224_11,9,8.469283103942871,CHIRPS,WA012,2018,"{""type"":""Point"",""coordinates"":[2.42,6.37]}"
224_12,9,5.256803512573242,CHIRPS,WA013,2018,"{""type"":""Point"",""coordinates"":[8.52,12.05]}"
224_13,9,7.06398344039917,CHIRPS,WA014,2018,"{""type"":""Point"",""coordinates"":[-1.62,6.69]}"
224_14,9,7.257537841796875,CHIRPS,WA015,2018,"{""type"":""Point"",""coordinates"":[-16.680000000000003,13.45]}"
225_0,10,0.5964558124542236,CHIRPS,WA001,2018,"{""type"":""Point"",""coordinates"":[-17.470000000000002,14.73]}"
225_1,10,1.1230406761169434,CHIRPS,WA002,2018,"{""type"":""Point"",""coordinates"":[-7.949999999999998,12.65]}"
225_2,10,1.0830117464065552,CHIRPS,WA003,2018,"{""type"":""Point"",""coordinates"":[-1.5200000000000002,12.360000000000001]}"
225_3,10,0.8590124845504761,CHIRPS,WA004,2018,"{""type"":""Point"",""coordinates"":[2.17,13.51]}"
225_4,10,10.59814739227295,CHIRPS,WA005,2018,"{""type"":""Point"",""coordinates"":[7.33,9.07]}"
225_5,10,5.477367877960205,CHIRPS,WA006,2018,"{""type"":""Point"",""coordinates"":[-0.17,5.56]}"
225_6,10,6.779671669006348,CHIRPS,WA007,2018,"{""type"":""Point"",""coordinates"":[-3.9299999999999997,5.349999999999999]}"
225_7,10,7.945783615112305,CHIRPS,WA008,2018,"{""type"":""Point"",""coordinates"":[-13.67,9.53]}"
225_8,10,9.564027786254883,CHIRPS,WA009,2018,"{""type"":""Point"",""coordinates"":[-13.230000000000002,8.489999999999998]}"
225_9,10,10.711832046508789,CHIRPS,WA010,2018,"{""type"":""Point"",""coordinates"":[-10.799999999999999,6.3]}"
225_10,10,5.3276686668396,CHIRPS,WA011,2018,"{""type"":""Point"",""coordinates"":[1.22,6.130000000000001]}"
225_11,10,5.950934886932373,CHIRPS,WA012,2018,"{""type"":""Point"",""coordinates"":[2.42,6.37]}"
225_12,10,1.5416855812072754,CHIRPS,WA013,2018,"{""type"":""Point"",""coordinates"":[8.52,12.05]}"
225_13,10,4.805302143096924,CHIRPS,WA014,2018,"{""type"":""Point"",""coordinates"":[-1.62,6.69]}"
225_14,10,1.286621332168579,CHIRPS,WA015,2018,"{""type"":""Point"",""coordinates"":[-16.680000000000003,13.45]}"
226_0,11,0.02942134253680706,CHIRPS,WA001,2018,"{""type"":""Point"",""coordinates"":[-17.470000000000002,14.73]}"
226_1,11,0.024098321795463562,CHIRPS,WA002,2018,"{""type"":""Point"",""coordinates"":[-7.949999999999998,12.65]}"
226_2,11,0.01541174203157425,CHIRPS,WA003,2018,"{""type"":""Point"",""coordinates"":[-1.5200000000000002,12.360000000000001]}"
226_3,11,0.0015444825403392315,CHIRPS,WA004,2018,"{""type"":""Point"",""coordinates"":[2.17,13.51]}"
226_4,11,0.28360816836357117,CHIRPS,WA005,2018,"{""type"":""Point"",""coordinates"":[7.33,9.07]}"
226_5,11,2.246265411376953,CHIRPS,WA006,2018,"{""type"":""Point"",""coordinates"":[-0.17,5.56]}"
226_6,11,5.27809476852417,CHIRPS,WA007,2018,"{""type"":""Point"",""coordinates"":[-3.9299999999999997,5.349999999999999]}"
226_7,11,3.3439626693725586,CHIRPS,WA008,2018,"{""type"":""Point"",""coordinates"":[-13.67,9.53]}"
226_8,11,6.435227870941162,CHIRPS,WA009,2018,"{""type"":""Point"",""coordinates"":[-13.230000000000002,8.489999999999998]}"
226_9,11,4.534046649932861,CHIRPS,WA010,2018,"{""type"":""Point"",""coordinates"":[-10.799999999999999,6.3]}"
226_10,11,1.6414594650268555,CHIRPS,WA011,2018,"{""type"":""Point"",""coordinates"":[1.22,6.130000000000001]}"
226_11,11,2.6693546772003174,CHIRPS,WA012,2018,"{""type"":""Point"",""coordinates"":[2.42,6.37]}"
226_12,11,0.005951668135821819,CHIRPS,WA013,2018,"{""type"":""Point"",""coordinates"":[8.52,12.05]}"
226_13,11,2.299370527267456,CHIRPS,WA014,2018,"{""type"":""Point"",""coordinates"":[-1.62,6.69]}"
226_14,11,0.04530306160449982,CHIRPS,WA015,2018,"{""type"":""Point"",""coordinates"":[-16.680000000000003,13.45]}"
227_0,12,0.03402237594127655,CHIRPS,WA001,2018,"{""type"":""Point"",""coordinates"":[-17.470000000000002,14.73]}"
227_1,12,0.004272028803825378,CHIRPS,WA002,2018,"{""type"":""Point"",""coordinates"":[-7.949999999999998,12.65]}"
227_2,12,0.019053764641284943,CHIRPS,WA003,2018,"{""type"":""Point"",""coordinates"":[-1.5200000000000002,12.360000000000001]}"
227_3,12,2.2771282237954438E-4,CHIRPS,WA004,2018,"{""type"":""Point"",""coordinates"":[2.17,13.51]}"
227_4,12,0.013709574937820435,CHIRPS,WA005,2018,"{""type"":""Point"",""coordinates"":[7.33,9.07]}"
227_5,12,0.5742273330688477,CHIRPS,WA006,2018,"{""type"":""Point"",""coordinates"":[-0.17,5.56]}"
227_6,12,1.0999945402145386,CHIRPS,WA007,2018,"{""type"":""Point"",""coordinates"":[-3.9299999999999997,5.349999999999999]}"
227_7,12,0.04094913229346275,CHIRPS,WA008,2018,"{""type"":""Point"",""coordinates"":[-13.67,9.53]}"
227_8,12,0.25630414485931396,CHIRPS,WA009,2018,"{""type"":""Point"",""coordinates"":[-13.230000000000002,8.489999999999998]}"
227_9,12,1.6854628324508667,CHIRPS,WA010,2018,"{""type"":""Point"",""coordinates"":[-10.799999999999999,6.3]}"
227_10,12,0.37091925740242004,CHIRPS,WA011,2018,"{""type"":""Point"",""coordinates"":[1.22,6.130000000000001]}"
227_11,12,0.39260104298591614,CHIRPS,WA012,2018,"{""type"":""Point"",""coordinates"":[2.42,6.37]}"
227_12,12,0.00198356038890779,CHIRPS,WA013,2018,"{""type"":""Point"",""coordinates"":[8.52,12.05]}"
227_13,12,0.28183168172836304,CHIRPS,WA014,2018,"{""type"":""Point"",""coordinates"":[-1.62,6.69]}"
227_14,12,0.024548612534999847,CHIRPS,WA015,2018,"{""type"":""Point"",""coordinates"":[-16.680000000000003,13.45]}"
228_0,1,0.03463486582040787,CHIRPS,WA001,2019,"{""type"":""Point"",""coordinates"":[-17.470000000000002,14.73]}"
228_1,1,0.0014549590414389968,CHIRPS,WA002,2019,"{""type"":""Point"",""coordinates"":[-7.949999999999998,12.65]}"
228_2,1,0.00201797834597528,CHIRPS,WA003,2019,"{""type"":""Point"",""coordinates"":[-1.5200000000000002,12.360000000000001]}"
228_3,1,9.156984742730856E-5,CHIRPS,WA004,2019,"{""type"":""Point"",""coordinates"":[2.17,13.51]}"
228_4,1,0.010988777503371239,CHIRPS,WA005,2019,"{""type"":""Point"",""coordinates"":[7.33,9.07]}"
228_5,1,0.5830243825912476,CHIRPS,WA006,2019,"{""type"":""Point"",""coordinates"":[-0.17,5.56]}"
228_6,1,0.6967241764068604,CHIRPS,WA007,2019,"{""type"":""Point"",""coordinates"":[-3.9299999999999997,5.349999999999999]}"
228_7,1,0.038197703659534454,CHIRPS,WA008,2019,"{""type"":""Point"",""coordinates"":[-13.67,9.53]}"
228_8,1,0.13645318150520325,CHIRPS,WA009,2019,"{""type"":""Point"",""coordinates"":[-13.230000000000002,8.489999999999998]}"
228_9,1,0.4875626862049103,CHIRPS,WA010,2019,"{""type"":""Point"",""coordinates"":[-10.799999999999999,6.3]}"
228_10,1,0.5982670783996582,CHIRPS,WA011,2019,"{""type"":""Point"",""coordinates"":[1.22,6.130000000000001]}"
228_11,1,1.641981840133667,CHIRPS,WA012,2019,"{""type"":""Point"",""coordinates"":[2.42,6.37]}"
228_12,1,4.429197870194912E-4,CHIRPS,WA013,2019,"{""type"":""Point"",""coordinates"":[8.52,12.05]}"
228_13,1,0.5276839137077332,CHIRPS,WA014,2019,"{""type"":""Point"",""coordinates"":[-1.62,6.69]}"
228_14,1,0.01677469164133072,CHIRPS,WA015,2019,"{""type"":""Point"",""coordinates"":[-16.680000000000003,13.45]}"
229_0,2,0.00948911253362894,CHIRPS,WA001,2019,"{""type"":""Point"",""coordinates"":[-17.470000000000002,14.73]}"
229_1,2,0.004351165611296892,CHIRPS,WA002,2019,"{""type"":""Point"",""coordinates"":[-7.949999999999998,12.65]}"
229_2,2,0.007896943017840385,CHIRPS,WA003,2019,"{""type"":""Point"",""coordinates"":[-1.5200000000000002,12.360000000000001]}"
229_3,2,3.655146065284498E-5,CHIRPS,WA004,2019,"{""type"":""Point"",""coordinates"":[2.17,13.51]}"
229_4,2,0.24249304831027985,CHIRPS,WA005,2019,"{""type"":""Point"",""coordinates"":[7.33,9.07]}"
229_5,2,2.1770694255828857,CHIRPS,WA006,2019,"{""type"":""Point"",""coordinates"":[-0.17,5.56]}"
229_6,2,1.5652176141738892,CHIRPS,WA007,2019,"{""type"":""Point"",""coordinates"":[-3.9299999999999997,5.349999999999999]}"
229_7,2,0.011591383256018162,CHIRPS,WA008,2019,"{""type"":""Point"",""coordinates"":[-13.67,9.53]}"
229_8,2,0.07554329186677933,CHIRPS,WA009,2019,"{""type"":""Point"",""coordinates"":[-13.230000000000002,8.489999999999998]}"
229_9,2,0.8179944753646851,CHIRPS,WA010,2019,"{""type"":""Point"",""coordinates"":[-10.799999999999999,6.3]}"
229_10,2,1.7025803327560425,CHIRPS,WA011,2019,"{""type"":""Point"",""coordinates"":[1.22,6.130000000000001]}"
229_11,2,2.663367509841919,CHIRPS,WA012,2019,"{""type"":""Point"",""coordinates"":[2.42,6.37]}"
229_12,2,0.011111821047961712,CHIRPS,WA013,2019,"{""type"":""Point"",""coordinates"":[8.52,12.05]}"
229_13,2,1.8894789218902588,CHIRPS,WA014,2019,"{""type"":""Point"",""coordinates"":[-1.62,6.69]}"
229_14,2,0.002333187498152256,CHIRPS,WA015,2019,"{""type"":""Point"",""coordinates"":[-16.680000000000003,13.45]}"
230_0,3,7.0790015342936385E-6,CHIRPS,WA001,2019,"{""type"":""Point"",""coordinates"":[-17.470000000000002,14.73]}"
230_1,3,0.04401740804314613,CHIRPS,WA002,2019,"{""type"":""Point"",""coordinates"":[-7.949999999999998,12.65]}"
230_2,3,0.14164404571056366,CHIRPS,WA003,2019,"{""type"":""Point"",""coordinates"":[-1.5200000000000002,12.360000000000001]}"
230_3,3,0.010195042937994003,CHIRPS,WA004,2019,"{""type"":""Point"",""coordinates"":[2.17,13.51]}"
230_4,3,0.5204989314079285,CHIRPS,WA005,2019,"{""type"":""Point"",""coordinates"":[7.33,9.07]}"
230_5,3,2.873908042907715,CHIRPS,WA006,2019,"{""type"":""Point"",""coordinates"":[-0.17,5.56]}"
230_6,3,2.731449604034424,CHIRPS,WA007,2019,"{""type"":""Point"",""coordinates"":[-3.9299999999999997,5.349999999999999]}"
230_7,3,0.10747512429952621,CHIRPS,WA008,2019,"{""type"":""Point"",""coordinates"":[-13.67,9.53]}"
230_8,3,0.4170301854610443,CHIRPS,WA009,2019,"{""type"":""Point"",""coordinates"":[-13.230000000000002,8.489999999999998]}"
230_9,3,2.2262213230133057,CHIRPS,WA010,2019,"{""type"":""Point"",""coordinates"":[-10.799999999999999,6.3]}"
230_10,3,3.616042137145996,CHIRPS,WA011,2019,"{""type"":""Point"",""coordinates"":[1.22,6.130000000000001]}"
230_11,3,3.1247851848602295,CHIRPS,WA012,2019,"{""type"":""Point"",""coordinates"":[2.42,6.37]}"
230_12,3,0.055655673146247864,CHIRPS,WA013,2019,"{""type"":""Point"",""coordinates"":[8.52,12.05]}"
230_13,3,3.267627000808716,CHIRPS,WA014,2019,"{""type"":""Point"",""coordinates"":[-1.62,6.69]}"
230_14,3,4.9899641453521326E-5,CHIRPS,WA015,2019,"{""type"":""Point"",""coordinates"":[-16.680000000000003,13.45]}"
231_0,4,0.0025743122678250074,CHIRPS,WA001,2019,"{""type"":""Point"",""coordinates"":[-17.470000000000002,14.73]}"
231_1,4,0.20780062675476074,CHIRPS,WA002,2019,"{""type"":""Point"",""coordinates"":[-7.949999999999998,12.65]}"
231_2,4,0.6294436454772949,CHIRPS,WA003,2019,"{""type"":""Point"",""coordinates"":[-1.5200000000000002,12.360000000000001]}"
231_3,4,0.08200937509536743,CHIRPS,WA004,2019,"{""type"":""Point"",""coordinates"":[2.17,13.51]}"
231_4,4,1.5545541048049927,CHIRPS,WA005,2019,"{""type"":""Point"",""coordinates"":[7.33,9.07]}"
231_5,4,3.457204580307007,CHIRPS,WA006,2019,"{""type"":""Point"",""coordinates"":[-0.17,5.56]}"
231_6,4,5.031652450561523,CHIRPS,WA007,2019,"{""type"":""Point"",""coordinates"":[-3.9299999999999997,5.349999999999999]}"
231_7,4,0.5012451410293579,CHIRPS,WA008,2019,"{""type"":""Point"",""coordinates"":[-13.67,9.53]}"
231_8,4,0.9813985824584961,CHIRPS,WA009,2019,"{""type"":""Point"",""coordinates"":[-13.230000000000002,8.489999999999998]}"
231_9,4,4.194946765899658,CHIRPS,WA010,2019,"{""type"":""Point"",""coordinates"":[-10.799999999999999,6.3]}"
231_10,4,3.483145236968994,CHIRPS,WA011,2019,"{""type"":""Point"",""coordinates"":[1.22,6.130000000000001]}"
231_11,4,3.6619062423706055,CHIRPS,WA012,2019,"{""type"":""Point"",""coordinates"":[2.42,6.37]}"
231_12,4,0.24883420765399933,CHIRPS,WA013,2019,"{""type"":""Point"",""coordinates"":[8.52,12.05]}"
231_13,4,5.381582260131836,CHIRPS,WA014,2019,"{""type"":""Point"",""coordinates"":[-1.62,6.69]}"
231_14,4,0.010326331481337547,CHIRPS,WA015,2019,"{""type"":""Point"",""coordinates"":[-16.680000000000003,13.45]}"
232_0,5,6.7401520027488004E-6,CHIRPS,WA001,2019,"{""type"":""Point"",""coordinates"":[-17.470000000000002,14.73]}"
232_1,5,0.990784764289856,CHIRPS,WA002,2019,"{""type"":""Point"",""coordinates"":[-7.949999999999998,12.65]}"
232_2,5,2.2679367065429688,CHIRPS,WA003,2019,"{""type"":""Point"",""coordinates"":[-1.5200000000000002,12.360000000000001]}"
232_3,5,0.7325380444526672,CHIRPS,WA004,2019,"{""type"":""Point"",""coordinates"":[2.17,13.51]}"
232_4,5,5.382354736328125,CHIRPS,WA005,2019,"{""type"":""Point"",""coordinates"":[7.33,9.07]}"
232_5,5,7.355037212371826,CHIRPS,WA006,2019,"{""type"":""Point"",""coordinates"":[-0.17,5.56]}"
232_6,5,8.381786346435547,CHIRPS,WA007,2019,"{""type"":""Point"",""coordinates"":[-3.9299999999999997,5.349999999999999]}"
232_7,5,2.5586297512054443,CHIRPS,WA008,2019,"{""type"":""Point"",""coordinates"":[-13.67,9.53]}"
232_8,5,3.5526881217956543,CHIRPS,WA009,2019,"{""type"":""Point"",""coordinates"":[-13.230000000000002,8.489999999999998]}"
232_9,5,9.878457069396973,CHIRPS,WA010,2019,"{""type"":""Point"",""coordinates"":[-10.799999999999999,6.3]}"
232_10,5,7.338402271270752,CHIRPS,WA011,2019,"{""type"":""Point"",""coordinates"":[1.22,6.130000000000001]}"
232_11,5,6.721839904785156,CHIRPS,WA012,2019,"{""type"":""Point"",""coordinates"":[2.42,6.37]}"
232_12,5,2.6644341945648193,CHIRPS,WA013,2019,"{""type"":""Point"",""coordinates"":[8.52,12.05]}"
232_13,5,5.932201862335205,CHIRPS,WA014,2019,"{""type"":""Point"",""coordinates"":[-1.62,6.69]}"
232_14,5,0.002689709886908531,CHIRPS,WA015,2019,"{""type"":""Point"",""coordinates"":[-16.680000000000003,13.45]}"
233_0,6,0.3091268241405487,CHIRPS,WA001,2019,"{""type"":""Point"",""coordinates"":[-17.470000000000002,14.73]}"
233_1,6,3.4504318237304688,CHIRPS,WA002,2019,"{""type"":""Point"",""coordinates"":[-7.949999999999998,12.65]}"
233_2,6,2.724843978881836,CHIRPS,WA003,2019,"{""type"":""Point"",""coordinates"":[-1.5200000000000002,12.360000000000001]}"
233_3,6,2.0654757022857666,CHIRPS,WA004,2019,"{""type"":""Point"",""coordinates"":[2.17,13.51]}"
233_4,6,5.129291534423828,CHIRPS,WA005,2019,"{""type"":""Point"",""coordinates"":[7.33,9.07]}"
233_5,6,5.861612319946289,CHIRPS,WA006,2019,"{""type"":""Point"",""coordinates"":[-0.17,5.56]}"
233_6,6,6.712370872497559,CHIRPS,WA007,2019,"{""type"":""Point"",""coordinates"":[-3.9299999999999997,5.349999999999999]}"
233_7,6,9.607159614562988,CHIRPS,WA008,2019,"{""type"":""Point"",""coordinates"":[-13.67,9.53]}"
233_8,6,11.825794219970703,CHIRPS,WA009,2019,"{""type"":""Point"",""coordinates"":[-13.230000000000002,8.489999999999998]}"
233_9,6,14.927691459655762,CHIRPS,WA010,2019,"{""type"":""Point"",""coordinates"":[-10.799999999999999,6.3]}"
233_10,6,4.982069969177246,CHIRPS,WA011,2019,"{""type"":""Point"",""coordinates"":[1.22,6.130000000000001]}"
233_11,6,6.772782802581787,CHIRPS,WA012,2019,"{""type"":""Point"",""coordinates"":[2.42,6.37]}"
233_12,6,3.5901968479156494,CHIRPS,WA013,2019,"{""type"":""Point"",""coordinates"":[8.52,12.05]}"
233_13,6,6.148586750030518,CHIRPS,WA014,2019,"{""type"":""Point"",""coordinates"":[-1.62,6.69]}"
233_14,6,1.1443403959274292,CHIRPS,WA015,2019,"{""type"":""Point"",""coordinates"":[-16.680000000000003,13.45]}"
234_0,7,0.7579295635223389,CHIRPS,WA001,2019,"{""type"":""Point"",""coordinates"":[-17.470000000000002,14.73]}"
234_1,7,7.336025714874268,CHIRPS,WA002,2019,"{""type"":""Point"",""coordinates"":[-7.949999999999998,12.65]}"
234_2,7,7.286599159240723,CHIRPS,WA003,2019,"{""type"":""Point"",""coordinates"":[-1.5200000000000002,12.360000000000001]}"
234_3,7,3.8530983924865723,CHIRPS,WA004,2019,"{""type"":""Point"",""coordinates"":[2.17,13.51]}"
234_4,7,7.694025039672852,CHIRPS,WA005,2019,"{""type"":""Point"",""coordinates"":[7.33,9.07]}"
234_5,7,3.1292192935943604,CHIRPS,WA006,2019,"{""type"":""Point"",""coordinates"":[-0.17,5.56]}"
234_6,7,3.1264467239379883,CHIRPS,WA007,2019,"{""type"":""Point"",""coordinates"":[-3.9299999999999997,5.349999999999999]}"
234_7,7,28.00160789489746,CHIRPS,WA008,2019,"{""type"":""Point"",""coordinates"":[-13.67,9.53]}"
234_8,7,24.590272903442383,CHIRPS,WA009,2019,"{""type"":""Point"",""coordinates"":[-13.230000000000002,8.489999999999998]}"
234_9,7,24.66840362548828,CHIRPS,WA010,2019,"{""type"":""Point"",""coordinates"":[-10.799999999999999,6.3]}"
234_10,7,4.191287994384766,CHIRPS,WA011,2019,"{""type"":""Point"",""coordinates"":[1.22,6.130000000000001]}"
234_11,7,5.725517749786377,CHIRPS,WA012,2019,"{""type"":""Point"",""coordinates"":[2.42,6.37]}"
234_12,7,6.625452995300293,CHIRPS,WA013,2019,"{""type"":""Point"",""coordinates"":[8.52,12.05]}"
234_13,7,4.389952659606934,CHIRPS,WA014,2019,"{""type"":""Point"",""coordinates"":[-1.62,6.69]}"
234_14,7,3.905848741531372,CHIRPS,WA015,2019,"{""type"":""Point"",""coordinates"":[-16.680000000000003,13.45]}"
235_0,8,5.912788391113281,CHIRPS,WA001,2019,"{""type"":""Point"",""coordinates"":[-17.470000000000002,14.73]}"
235_1,8,10.574888229370117,CHIRPS,WA002,2019,"{""type"":""Point"",""coordinates"":[-7.949999999999998,12.65]}"
235_2,8,7.211383819580078,CHIRPS,WA003,2019,"{""type"":""Point"",""coordinates"":[-1.5200000000000002,12.360000000000001]}"
235_3,8,5.606769561767578,CHIRPS,WA004,2019,"{""type"":""Point"",""coordinates"":[2.17,13.51]}"
235_4,8,8.499922752380371,CHIRPS,WA005,2019,"{""type"":""Point"",""coordinates"":[7.33,9.07]}"
235_5,8,0.9520725607872009,CHIRPS,WA006,2019,"{""type"":""Point"",""coordinates"":[-0.17,5.56]}"
235_6,8,1.510054349899292,CHIRPS,WA007,2019,"{""type"":""Point"",""coordinates"":[-3.9299999999999997,5.349999999999999]}"
235_7,8,26.293716430664062,CHIRPS,WA008,2019,"{""type"":""Point"",""coordinates"":[-13.67,9.53]}"
235_8,8,24.87604522705078,CHIRPS,WA009,2019,"{""type"":""Point"",""coordinates"":[-13.230000000000002,8.489999999999998]}"
235_9,8,20.518142700195312,CHIRPS,WA010,2019,"{""type"":""Point"",""coordinates"":[-10.799999999999999,6.3]}"
235_10,8,0.8175881505012512,CHIRPS,WA011,2019,"{""type"":""Point"",""coordinates"":[1.22,6.130000000000001]}"
235_11,8,0.9418264031410217,CHIRPS,WA012,2019,"{""type"":""Point"",""coordinates"":[2.42,6.37]}"
235_12,8,10.364720344543457,CHIRPS,WA013,2019,"{""type"":""Point"",""coordinates"":[8.52,12.05]}"
235_13,8,1.7845898866653442,CHIRPS,WA014,2019,"{""type"":""Point"",""coordinates"":[-1.62,6.69]}"
235_14,8,9.367483139038086,CHIRPS,WA015,2019,"{""type"":""Point"",""coordinates"":[-16.680000000000003,13.45]}"
236_0,9,5.236685276031494,CHIRPS,WA001,2019,"{""type"":""Point"",""coordinates"":[-17.470000000000002,14.73]}"
236_1,9,5.179667949676514,CHIRPS,WA002,2019,"{""type"":""Point"",""coordinates"":[-7.949999999999998,12.65]}"
236_2,9,3.3740298748016357,CHIRPS,WA003,2019,"{""type"":""Point"",""coordinates"":[-1.5200000000000002,12.360000000000001]}"
236_3,9,1.750449299812317,CHIRPS,WA004,2019,"{""type"":""Point"",""coordinates"":[2.17,13.51]}"
236_4,9,8.752172470092773,CHIRPS,WA005,2019,"{""type"":""Point"",""coordinates"":[7.33,9.07]}"
236_5,9,3.556757926940918,CHIRPS,WA006,2019,"{""type"":""Point"",""coordinates"":[-0.17,5.56]}"
236_6,9,6.43000602722168,CHIRPS,WA007,2019,"{""type"":""Point"",""coordinates"":[-3.9299999999999997,5.349999999999999]}"
236_7,9,15.033109664916992,CHIRPS,WA008,2019,"{""type"":""Point"",""coordinates"":[-13.67,9.53]}"
236_8,9,16.297748565673828,CHIRPS,WA009,2019,"{""type"":""Point"",""coordinates"":[-13.230000000000002,8.489999999999998]}"
236_9,9,18.637147903442383,CHIRPS,WA010,2019,"{""type"":""Point"",""coordinates"":[-10.799999999999999,6.3]}"
236_10,9,5.297255516052246,CHIRPS,WA011,2019,"{""type"":""Point"",""coordinates"":[1.22,6.130000000000001]}"
236_11,9,7.252309322357178,CHIRPS,WA012,2019,"{""type"":""Point"",""coordinates"":[2.42,6.37]}"
236_12,9,3.3435769081115723,CHIRPS,WA013,2019,"{""type"":""Point"",""coordinates"":[8.52,12.05]}"
236_13,9,6.791500568389893,CHIRPS,WA014,2019,"{""type"":""Point"",""coordinates"":[-1.62,6.69]}"
236_14,9,6.903322696685791,CHIRPS,WA015,2019,"{""type"":""Point"",""coordinates"":[-16.680000000000003,13.45]}"
237_0,10,1.1029022932052612,CHIRPS,WA001,2019,"{""type"":""Point"",""coordinates"":[-17.470000000000002,14.73]}"
237_1,10,2.1263139247894287,CHIRPS,WA002,2019,"{""type"":""Point"",""coordinates"":[-7.949999999999998,12.65]}"
237_2,10,2.6130738258361816,CHIRPS,WA003,2019,"{""type"":""Point"",""coordinates"":[-1.5200000000000002,12.360000000000001]}"
237_3,10,0.436765193939209,CHIRPS,WA004,2019,"{""type"":""Point"",""coordinates"":[2.17,13.51]}"
237_4,10,7.782371997833252,CHIRPS,WA005,2019,"{""type"":""Point"",""coordinates"":[7.33,9.07]}"
237_5,10,6.394928932189941,CHIRPS,WA006,2019,"{""type"":""Point"",""coordinates"":[-0.17,5.56]}"
237_6,10,10.12588882446289,CHIRPS,WA007,2019,"{""type"":""Point"",""coordinates"":[-3.9299999999999997,5.349999999999999]}"
237_7,10,8.161639213562012,CHIRPS,WA008,2019,"{""type"":""Point"",""coordinates"":[-13.67,9.53]}"
237_8,10,10.938299179077148,CHIRPS,WA009,2019,"{""type"":""Point"",""coordinates"":[-13.230000000000002,8.489999999999998]}"
237_9,10,10.515318870544434,CHIRPS,WA010,2019,"{""type"":""Point"",""coordinates"":[-10.799999999999999,6.3]}"
237_10,10,6.60305643081665,CHIRPS,WA011,2019,"{""type"":""Point"",""coordinates"":[1.22,6.130000000000001]}"
237_11,10,11.328722953796387,CHIRPS,WA012,2019,"{""type"":""Point"",""coordinates"":[2.42,6.37]}"
237_12,10,1.0832551717758179,CHIRPS,WA013,2019,"{""type"":""Point"",""coordinates"":[8.52,12.05]}"
237_13,10,8.773956298828125,CHIRPS,WA014,2019,"{""type"":""Point"",""coordinates"":[-1.62,6.69]}"
237_14,10,2.0701112747192383,CHIRPS,WA015,2019,"{""type"":""Point"",""coordinates"":[-16.680000000000003,13.45]}"
238_0,11,0.011485738679766655,CHIRPS,WA001,2019,"{""type"":""Point"",""coordinates"":[-17.470000000000002,14.73]}"
238_1,11,0.03593427687883377,CHIRPS,WA002,2019,"{""type"":""Point"",""coordinates"":[-7.949999999999998,12.65]}"
238_2,11,0.010639993473887444,CHIRPS,WA003,2019,"{""type"":""Point"",""coordinates"":[-1.5200000000000002,12.360000000000001]}"
238_3,11,0.002163265598937869,CHIRPS,WA004,2019,"{""type"":""Point"",""coordinates"":[2.17,13.51]}"
238_4,11,0.3477444648742676,CHIRPS,WA005,2019,"{""type"":""Point"",""coordinates"":[7.33,9.07]}"
238_5,11,2.9609198570251465,CHIRPS,WA006,2019,"{""type"":""Point"",""coordinates"":[-0.17,5.56]}"
238_6,11,4.479157447814941,CHIRPS,WA007,2019,"{""type"":""Point"",""coordinates"":[-3.9299999999999997,5.349999999999999]}"
238_7,11,3.8563475608825684,CHIRPS,WA008,2019,"{""type"":""Point"",""coordinates"":[-13.67,9.53]}"
238_8,11,5.655048370361328,CHIRPS,WA009,2019,"{""type"":""Point"",""coordinates"":[-13.230000000000002,8.489999999999998]}"
238_9,11,4.493711471557617,CHIRPS,WA010,2019,"{""type"":""Point"",""coordinates"":[-10.799999999999999,6.3]}"
238_10,11,2.521711826324463,CHIRPS,WA011,2019,"{""type"":""Point"",""coordinates"":[1.22,6.130000000000001]}"
238_11,11,3.0405330657958984,CHIRPS,WA012,2019,"{""type"":""Point"",""coordinates"":[2.42,6.37]}"
238_12,11,0.010965829715132713,CHIRPS,WA013,2019,"{""type"":""Point"",""coordinates"":[8.52,12.05]}"
238_13,11,3.201291561126709,CHIRPS,WA014,2019,"{""type"":""Point"",""coordinates"":[-1.62,6.69]}"
238_14,11,0.037759728729724884,CHIRPS,WA015,2019,"{""type"":""Point"",""coordinates"":[-16.680000000000003,13.45]}"
239_0,12,0.027229348197579384,CHIRPS,WA001,2019,"{""type"":""Point"",""coordinates"":[-17.470000000000002,14.73]}"
239_1,12,8.192278910428286E-4,CHIRPS,WA002,2019,"{""type"":""Point"",""coordinates"":[-7.949999999999998,12.65]}"
239_2,12,0.0157964788377285,CHIRPS,WA003,2019,"{""type"":""Point"",""coordinates"":[-1.5200000000000002,12.360000000000001]}"
239_3,12,1.5436572721228004E-4,CHIRPS,WA004,2019,"{""type"":""Point"",""coordinates"":[2.17,13.51]}"
239_4,12,0.022998739033937454,CHIRPS,WA005,2019,"{""type"":""Point"",""coordinates"":[7.33,9.07]}"
239_5,12,0.901471734046936,CHIRPS,WA006,2019,"{""type"":""Point"",""coordinates"":[-0.17,5.56]}"
239_6,12,2.123901844024658,CHIRPS,WA007,2019,"{""type"":""Point"",""coordinates"":[-3.9299999999999997,5.349999999999999]}"
239_7,12,0.004273374564945698,CHIRPS,WA008,2019,"{""type"":""Point"",""coordinates"":[-13.67,9.53]}"
239_8,12,0.11301206797361374,CHIRPS,WA009,2019,"{""type"":""Point"",""coordinates"":[-13.230000000000002,8.489999999999998]}"
239_9,12,1.4251582622528076,CHIRPS,WA010,2019,"{""type"":""Point"",""coordinates"":[-10.799999999999999,6.3]}"
239_10,12,0.6279898881912231,CHIRPS,WA011,2019,"{""type"":""Point"",""coordinates"":[1.22,6.130000000000001]}"
239_11,12,1.3467001914978027,CHIRPS,WA012,2019,"{""type"":""Point"",""coordinates"":[2.42,6.37]}"
239_12,12,0.0014941702829673886,CHIRPS,WA013,2019,"{""type"":""Point"",""coordinates"":[8.52,12.05]}"
239_13,12,0.9258735179901123,CHIRPS,WA014,2019,"{""type"":""Point"",""coordinates"":[-1.62,6.69]}"
239_14,12,0.02994210459291935,CHIRPS,WA015,2019,"{""type"":""Point"",""coordinates"":[-16.680000000000003,13.45]}"
240_0,1,0.030774502083659172,CHIRPS,WA001,2020,"{""type"":""Point"",""coordinates"":[-17.470000000000002,14.73]}"
240_1,1,9.341160766780376E-4,CHIRPS,WA002,2020,"{""type"":""Point"",""coordinates"":[-7.949999999999998,12.65]}"
240_2,1,0.0011576429242268205,CHIRPS,WA003,2020,"{""type"":""Point"",""coordinates"":[-1.5200000000000002,12.360000000000001]}"
240_3,1,3.185787863912992E-5,CHIRPS,WA004,2020,"{""type"":""Point"",""coordinates"":[2.17,13.51]}"
240_4,1,0.014828406274318695,CHIRPS,WA005,2020,"{""type"":""Point"",""coordinates"":[7.33,9.07]}"
240_5,1,0.2679368853569031,CHIRPS,WA006,2020,"{""type"":""Point"",""coordinates"":[-0.17,5.56]}"
240_6,1,0.4578125774860382,CHIRPS,WA007,2020,"{""type"":""Point"",""coordinates"":[-3.9299999999999997,5.349999999999999]}"
240_7,1,0.023519888520240784,CHIRPS,WA008,2020,"{""type"":""Point"",""coordinates"":[-13.67,9.53]}"
240_8,1,0.09541982412338257,CHIRPS,WA009,2020,"{""type"":""Point"",""coordinates"":[-13.230000000000002,8.489999999999998]}"
240_9,1,0.6157806515693665,CHIRPS,WA010,2020,"{""type"":""Point"",""coordinates"":[-10.799999999999999,6.3]}"
240_10,1,0.21498838067054749,CHIRPS,WA011,2020,"{""type"":""Point"",""coordinates"":[1.22,6.130000000000001]}"
240_11,1,0.029895657673478127,CHIRPS,WA012,2020,"{""type"":""Point"",""coordinates"":[2.42,6.37]}"
240_12,1,9.527452493784949E-5,CHIRPS,WA013,2020,"{""type"":""Point"",""coordinates"":[8.52,12.05]}"
240_13,1,0.1957968920469284,CHIRPS,WA014,2020,"{""type"":""Point"",""coordinates"":[-1.62,6.69]}"
240_14,1,0.012296992354094982,CHIRPS,WA015,2020,"{""type"":""Point"",""coordinates"":[-16.680000000000003,13.45]}"
241_0,2,0.00610447907820344,CHIRPS,WA001,2020,"{""type"":""Point"",""coordinates"":[-17.470000000000002,14.73]}"
241_1,2,4.0642122621648014E-4,CHIRPS,WA002,2020,"{""type"":""Point"",""coordinates"":[-7.949999999999998,12.65]}"
241_2,2,0.0017091564368456602,CHIRPS,WA003,2020,"{""type"":""Point"",""coordinates"":[-1.5200000000000002,12.360000000000001]}"
241_3,2,8.022921065276023E-6,CHIRPS,WA004,2020,"{""type"":""Point"",""coordinates"":[2.17,13.51]}"
241_4,2,0.00612528994679451,CHIRPS,WA005,2020,"{""type"":""Point"",""coordinates"":[7.33,9.07]}"
241_5,2,0.39559969305992126,CHIRPS,WA006,2020,"{""type"":""Point"",""coordinates"":[-0.17,5.56]}"
241_6,2,1.035590648651123,CHIRPS,WA007,2020,"{""type"":""Point"",""coordinates"":[-3.9299999999999997,5.349999999999999]}"
241_7,2,0.0014053687918931246,CHIRPS,WA008,2020,"{""type"":""Point"",""coordinates"":[-13.67,9.53]}"
241_8,2,0.08462092280387878,CHIRPS,WA009,2020,"{""type"":""Point"",""coordinates"":[-13.230000000000002,8.489999999999998]}"
241_9,2,1.408532977104187,CHIRPS,WA010,2020,"{""type"":""Point"",""coordinates"":[-10.799999999999999,6.3]}"
241_10,2,0.20522457361221313,CHIRPS,WA011,2020,"{""type"":""Point"",""coordinates"":[1.22,6.130000000000001]}"
241_11,2,0.1641487330198288,CHIRPS,WA012,2020,"{""type"":""Point"",""coordinates"":[2.42,6.37]}"
241_12,2,9.30455164052546E-4,CHIRPS,WA013,2020,"{""type"":""Point"",""coordinates"":[8.52,12.05]}"
241_13,2,0.28293806314468384,CHIRPS,WA014,2020,"{""type"":""Point"",""coordinates"":[-1.62,6.69]}"
241_14,2,0.0013269243063405156,CHIRPS,WA015,2020,"{""type"":""Point"",""coordinates"":[-16.680000000000003,13.45]}"
242_0,3,0.0,CHIRPS,WA001,2020,"{""type"":""Point"",""coordinates"":[-17.470000000000002,14.73]}"
242_1,3,0.06482142955064774,CHIRPS,WA002,2020,"{""type"":""Point"",""coordinates"":[-7.949999999999998,12.65]}"
242_2,3,0.11092845350503922,CHIRPS,WA003,2020,"{""type"":""Point"",""coordinates"":[-1.5200000000000002,12.360000000000001]}"
242_3,3,0.01174905989319086,CHIRPS,WA004,2020,"{""type"":""Point"",""coordinates"":[2.17,13.51]}"
242_4,3,0.9776837229728699,CHIRPS,WA005,2020,"{""type"":""Point"",""coordinates"":[7.33,9.07]}"
242_5,3,2.193533420562744,CHIRPS,WA006,2020,"{""type"":""Point"",""coordinates"":[-0.17,5.56]}"
242_6,3,4.168346405029297,CHIRPS,WA007,2020,"{""type"":""Point"",""coordinates"":[-3.9299999999999997,5.349999999999999]}"
242_7,3,0.2874182462692261,CHIRPS,WA008,2020,"{""type"":""Point"",""coordinates"":[-13.67,9.53]}"
242_8,3,0.816070556640625,CHIRPS,WA009,2020,"{""type"":""Point"",""coordinates"":[-13.230000000000002,8.489999999999998]}"
242_9,3,4.005605697631836,CHIRPS,WA010,2020,"{""type"":""Point"",""coordinates"":[-10.799999999999999,6.3]}"
242_10,3,2.267848253250122,CHIRPS,WA011,2020,"{""type"":""Point"",""coordinates"":[1.22,6.130000000000001]}"
242_11,3,2.2067666053771973,CHIRPS,WA012,2020,"{""type"":""Point"",""coordinates"":[2.42,6.37]}"
242_12,3,0.09406261146068573,CHIRPS,WA013,2020,"{""type"":""Point"",""coordinates"":[8.52,12.05]}"
242_13,3,4.233425140380859,CHIRPS,WA014,2020,"{""type"":""Point"",""coordinates"":[-1.62,6.69]}"
242_14,3,3.478597791399807E-4,CHIRPS,WA015,2020,"{""type"":""Point"",""coordinates"":[-16.680000000000003,13.45]}"
243_0,4,4.34533940278925E-5,CHIRPS,WA001,2020,"{""type"":""Point"",""coordinates"":[-17.470000000000002,14.73]}"
243_1,4,0.3294021487236023,CHIRPS,WA002,2020,"{""type"":""Point"",""coordinates"":[-7.949999999999998,12.65]}"
243_2,4,0.40186697244644165,CHIRPS,WA003,2020,"{""type"":""Point"",""coordinates"":[-1.5200000000000002,12.360000000000001]}"
243_3,4,0.10814745724201202,CHIRPS,WA004,2020,"{""type"":""Point"",""coordinates"":[2.17,13.51]}"
243_4,4,2.031874656677246,CHIRPS,WA005,2020,"{""type"":""Point"",""coordinates"":[7.33,9.07]}"
243_5,4,3.7024853229522705,CHIRPS,WA006,2020,"{""type"":""Point"",""coordinates"":[-0.17,5.56]}"
243_6,4,3.3652729988098145,CHIRPS,WA007,2020,"{""type"":""Point"",""coordinates"":[-3.9299999999999997,5.349999999999999]}"
243_7,4,4.43475341796875,CHIRPS,WA008,2020,"{""type"":""Point"",""coordinates"":[-13.67,9.53]}"
243_8,4,5.898380279541016,CHIRPS,WA009,2020,"{""type"":""Point"",""coordinates"":[-13.230000000000002,8.489999999999998]}"
243_9,4,7.001589298248291,CHIRPS,WA010,2020,"{""type"":""Point"",""coordinates"":[-10.799999999999999,6.3]}"
243_10,4,4.873591423034668,CHIRPS,WA011,2020,"{""type"":""Point"",""coordinates"":[1.22,6.130000000000001]}"
243_11,4,4.044421195983887,CHIRPS,WA012,2020,"{""type"":""Point"",""coordinates"":[2.42,6.37]}"
243_12,4,0.3000902831554413,CHIRPS,WA013,2020,"{""type"":""Point"",""coordinates"":[8.52,12.05]}"
243_13,4,3.5989840030670166,CHIRPS,WA014,2020,"{""type"":""Point"",""coordinates"":[-1.62,6.69]}"
243_14,4,0.0019407488871365786,CHIRPS,WA015,2020,"{""type"":""Point"",""coordinates"":[-16.680000000000003,13.45]}"
244_0,5,0.027200352400541306,CHIRPS,WA001,2020,"{""type"":""Point"",""coordinates"":[-17.470000000000002,14.73]}"
244_1,5,1.6596890687942505,CHIRPS,WA002,2020,"{""type"":""Point"",""coordinates"":[-7.949999999999998,12.65]}"
244_2,5,0.9107885360717773,CHIRPS,WA003,2020,"{""type"":""Point"",""coordinates"":[-1.5200000000000002,12.360000000000001]}"
244_3,5,0.5454457402229309,CHIRPS,WA004,2020,"{""type"":""Point"",""coordinates"":[2.17,13.51]}"
244_4,5,4.936078071594238,CHIRPS,WA005,2020,"{""type"":""Point"",""coordinates"":[7.33,9.07]}"
244_5,5,6.864206790924072,CHIRPS,WA006,2020,"{""type"":""Point"",""coordinates"":[-0.17,5.56]}"
244_6,5,8.184088706970215,CHIRPS,WA007,2020,"{""type"":""Point"",""coordinates"":[-3.9299999999999997,5.349999999999999]}"
244_7,5,5.126696586608887,CHIRPS,WA008,2020,"{""type"":""Point"",""coordinates"":[-13.67,9.53]}"
244_8,5,7.443367958068848,CHIRPS,WA009,2020,"{""type"":""Point"",""coordinates"":[-13.230000000000002,8.489999999999998]}"
244_9,5,10.64901065826416,CHIRPS,WA010,2020,"{""type"":""Point"",""coordinates"":[-10.799999999999999,6.3]}"
244_10,5,6.87253475189209,CHIRPS,WA011,2020,"{""type"":""Point"",""coordinates"":[1.22,6.130000000000001]}"
244_11,5,3.8861379623413086,CHIRPS,WA012,2020,"{""type"":""Point"",""coordinates"":[2.42,6.37]}"
244_12,5,1.5368187427520752,CHIRPS,WA013,2020,"{""type"":""Point"",""coordinates"":[8.52,12.05]}"
244_13,5,7.18806266784668,CHIRPS,WA014,2020,"{""type"":""Point"",""coordinates"":[-1.62,6.69]}"
244_14,5,0.042942557483911514,CHIRPS,WA015,2020,"{""type"":""Point"",""coordinates"":[-16.680000000000003,13.45]}"
245_0,6,0.43190303444862366,CHIRPS,WA001,2020,"{""type"":""Point"",""coordinates"":[-17.470000000000002,14.73]}"
245_1,6,4.4365434646606445,CHIRPS,WA002,2020,"{""type"":""Point"",""coordinates"":[-7.949999999999998,12.65]}"
245_2,6,3.083907127380371,CHIRPS,WA003,2020,"{""type"":""Point"",""coordinates"":[-1.5200000000000002,12.360000000000001]}"
245_3,6,2.010333299636841,CHIRPS,WA004,2020,"{""type"":""Point"",""coordinates"":[2.17,13.51]}"
245_4,6,6.05271577835083,CHIRPS,WA005,2020,"{""type"":""Point"",""coordinates"":[7.33,9.07]}"
245_5,6,6.030055046081543,CHIRPS,WA006,2020,"{""type"":""Point"",""coordinates"":[-0.17,5.56]}"
245_6,6,14.273238182067871,CHIRPS,WA007,2020,"{""type"":""Point"",""coordinates"":[-3.9299999999999997,5.349999999999999]}"
245_7,6,8.173072814941406,CHIRPS,WA008,2020,"{""type"":""Point"",""coordinates"":[-13.67,9.53]}"
245_8,6,9.860239028930664,CHIRPS,WA009,2020,"{""type"":""Point"",""coordinates"":[-13.230000000000002,8.489999999999998]}"
245_9,6,18.713790893554688,CHIRPS,WA010,2020,"{""type"":""Point"",""coordinates"":[-10.799999999999999,6.3]}"
245_10,6,5.2641801834106445,CHIRPS,WA011,2020,"{""type"":""Point"",""coordinates"":[1.22,6.130000000000001]}"
245_11,6,10.41834831237793,CHIRPS,WA012,2020,"{""type"":""Point"",""coordinates"":[2.42,6.37]}"
245_12,6,2.440366744995117,CHIRPS,WA013,2020,"{""type"":""Point"",""coordinates"":[8.52,12.05]}"
245_13,6,7.799950122833252,CHIRPS,WA014,2020,"{""type"":""Point"",""coordinates"":[-1.62,6.69]}"
245_14,6,1.7629133462905884,CHIRPS,WA015,2020,"{""type"":""Point"",""coordinates"":[-16.680000000000003,13.45]}"
246_0,7,5.465216636657715,CHIRPS,WA001,2020,"{""type"":""Point"",""coordinates"":[-17.470000000000002,14.73]}"
246_1,7,8.542951583862305,CHIRPS,WA002,2020,"{""type"":""Point"",""coordinates"":[-7.949999999999998,12.65]}"
246_2,7,7.307124614715576,CHIRPS,WA003,2020,"{""type"":""Point"",""coordinates"":[-1.5200000000000002,12.360000000000001]}"
246_3,7,4.571114540100098,CHIRPS,WA004,2020,"{""type"":""Point"",""coordinates"":[2.17,13.51]}"
246_4,7,8.140287399291992,CHIRPS,WA005,2020,"{""type"":""Point"",""coordinates"":[7.33,9.07]}"
246_5,7,1.3217931985855103,CHIRPS,WA006,2020,"{""type"":""Point"",""coordinates"":[-0.17,5.56]}"
246_6,7,3.0124189853668213,CHIRPS,WA007,2020,"{""type"":""Point"",""coordinates"":[-3.9299999999999997,5.349999999999999]}"
246_7,7,21.644729614257812,CHIRPS,WA008,2020,"{""type"":""Point"",""coordinates"":[-13.67,9.53]}"
246_8,7,21.201387405395508,CHIRPS,WA009,2020,"{""type"":""Point"",""coordinates"":[-13.230000000000002,8.489999999999998]}"
246_9,7,22.22512435913086,CHIRPS,WA010,2020,"{""type"":""Point"",""coordinates"":[-10.799999999999999,6.3]}"
246_10,7,1.6082050800323486,CHIRPS,WA011,2020,"{""type"":""Point"",""coordinates"":[1.22,6.130000000000001]}"
246_11,7,4.108546733856201,CHIRPS,WA012,2020,"{""type"":""Point"",""coordinates"":[2.42,6.37]}"
246_12,7,9.813907623291016,CHIRPS,WA013,2020,"{""type"":""Point"",""coordinates"":[8.52,12.05]}"
246_13,7,2.144853115081787,CHIRPS,WA014,2020,"{""type"":""Point"",""coordinates"":[-1.62,6.69]}"
246_14,7,11.176397323608398,CHIRPS,WA015,2020,"{""type"":""Point"",""coordinates"":[-16.680000000000003,13.45]}"
247_0,8,4.649912357330322,CHIRPS,WA001,2020,"{""type"":""Point"",""coordinates"":[-17.470000000000002,14.73]}"
247_1,8,9.667015075683594,CHIRPS,WA002,2020,"{""type"":""Point"",""coordinates"":[-7.949999999999998,12.65]}"
247_2,8,7.9891839027404785,CHIRPS,WA003,2020,"{""type"":""Point"",""coordinates"":[-1.5200000000000002,12.360000000000001]}"
247_3,8,8.445599555969238,CHIRPS,WA004,2020,"{""type"":""Point"",""coordinates"":[2.17,13.51]}"
247_4,8,13.036681175231934,CHIRPS,WA005,2020,"{""type"":""Point"",""coordinates"":[7.33,9.07]}"
247_5,8,0.45770859718322754,CHIRPS,WA006,2020,"{""type"":""Point"",""coordinates"":[-0.17,5.56]}"
247_6,8,0.6070533990859985,CHIRPS,WA007,2020,"{""type"":""Point"",""coordinates"":[-3.9299999999999997,5.349999999999999]}"
247_7,8,24.523799896240234,CHIRPS,WA008,2020,"{""type"":""Point"",""coordinates"":[-13.67,9.53]}"
247_8,8,21.308935165405273,CHIRPS,WA009,2020,"{""type"":""Point"",""coordinates"":[-13.230000000000002,8.489999999999998]}"
247_9,8,12.479669570922852,CHIRPS,WA010,2020,"{""type"":""Point"",""coordinates"":[-10.799999999999999,6.3]}"
247_10,8,0.4335322082042694,CHIRPS,WA011,2020,"{""type"":""Point"",""coordinates"":[1.22,6.130000000000001]}"
247_11,8,0.4165628254413605,CHIRPS,WA012,2020,"{""type"":""Point"",""coordinates"":[2.42,6.37]}"
247_12,8,9.595612525939941,CHIRPS,WA013,2020,"{""type"":""Point"",""coordinates"":[8.52,12.05]}"
247_13,8,0.725969135761261,CHIRPS,WA014,2020,"{""type"":""Point"",""coordinates"":[-1.62,6.69]}"
247_14,8,9.810382843017578,CHIRPS,WA015,2020,"{""type"":""Point"",""coordinates"":[-16.680000000000003,13.45]}"
248_0,9,8.061901092529297,CHIRPS,WA001,2020,"{""type"":""Point"",""coordinates"":[-17.470000000000002,14.73]}"
248_1,9,6.782830715179443,CHIRPS,WA002,2020,"{""type"":""Point"",""coordinates"":[-7.949999999999998,12.65]}"
248_2,9,5.60500431060791,CHIRPS,WA003,2020,"{""type"":""Point"",""coordinates"":[-1.5200000000000002,12.360000000000001]}"
248_3,9,4.06020975112915,CHIRPS,WA004,2020,"{""type"":""Point"",""coordinates"":[2.17,13.51]}"
248_4,9,8.191917419433594,CHIRPS,WA005,2020,"{""type"":""Point"",""coordinates"":[7.33,9.07]}"
248_5,9,2.749242067337036,CHIRPS,WA006,2020,"{""type"":""Point"",""coordinates"":[-0.17,5.56]}"
248_6,9,2.917846202850342,CHIRPS,WA007,2020,"{""type"":""Point"",""coordinates"":[-3.9299999999999997,5.349999999999999]}"
248_7,9,17.00843620300293,CHIRPS,WA008,2020,"{""type"":""Point"",""coordinates"":[-13.67,9.53]}"
248_8,9,16.31865692138672,CHIRPS,WA009,2020,"{""type"":""Point"",""coordinates"":[-13.230000000000002,8.489999999999998]}"
248_9,9,14.78272819519043,CHIRPS,WA010,2020,"{""type"":""Point"",""coordinates"":[-10.799999999999999,6.3]}"
248_10,9,4.1603569984436035,CHIRPS,WA011,2020,"{""type"":""Point"",""coordinates"":[1.22,6.130000000000001]}"
248_11,9,5.480906963348389,CHIRPS,WA012,2020,"{""type"":""Point"",""coordinates"":[2.42,6.37]}"
248_12,9,6.353415489196777,CHIRPS,WA013,2020,"{""type"":""Point"",""coordinates"":[8.52,12.05]}"
248_13,9,4.083801746368408,CHIRPS,WA014,2020,"{""type"":""Point"",""coordinates"":[-1.62,6.69]}"
248_14,9,10.806035995483398,CHIRPS,WA015,2020,"{""type"":""Point"",""coordinates"":[-16.680000000000003,13.45]}"
249_0,10,1.1242846250534058,CHIRPS,WA001,2020,"{""type"":""Point"",""coordinates"":[-17.470000000000002,14.73]}"
249_1,10,2.8724520206451416,CHIRPS,WA002,2020,"{""type"":""Point"",""coordinates"":[-7.949999999999998,12.65]}"
249_2,10,1.2617323398590088,CHIRPS,WA003,2020,"{""type"":""Point"",""coordinates"":[-1.5200000000000002,12.360000000000001]}"
249_3,10,0.4215925335884094,CHIRPS,WA004,2020,"{""type"":""Point"",""coordinates"":[2.17,13.51]}"
249_4,10,3.629347562789917,CHIRPS,WA005,2020,"{""type"":""Point"",""coordinates"":[7.33,9.07]}"
249_5,10,5.417836666107178,CHIRPS,WA006,2020,"{""type"":""Point"",""coordinates"":[-0.17,5.56]}"
249_6,10,10.613872528076172,CHIRPS,WA007,2020,"{""type"":""Point"",""coordinates"":[-3.9299999999999997,5.349999999999999]}"
249_7,10,7.103610515594482,CHIRPS,WA008,2020,"{""type"":""Point"",""coordinates"":[-13.67,9.53]}"
249_8,10,8.912484169006348,CHIRPS,WA009,2020,"{""type"":""Point"",""coordinates"":[-13.230000000000002,8.489999999999998]}"
249_9,10,9.758115768432617,CHIRPS,WA010,2020,"{""type"":""Point"",""coordinates"":[-10.799999999999999,6.3]}"
249_10,10,4.319952487945557,CHIRPS,WA011,2020,"{""type"":""Point"",""coordinates"":[1.22,6.130000000000001]}"
249_11,10,4.91653299331665,CHIRPS,WA012,2020,"{""type"":""Point"",""coordinates"":[2.42,6.37]}"
249_12,10,0.5204982757568359,CHIRPS,WA013,2020,"{""type"":""Point"",""coordinates"":[8.52,12.05]}"
249_13,10,6.480515480041504,CHIRPS,WA014,2020,"{""type"":""Point"",""coordinates"":[-1.62,6.69]}"
249_14,10,2.1505770683288574,CHIRPS,WA015,2020,"{""type"":""Point"",""coordinates"":[-16.680000000000003,13.45]}"
250_0,11,0.0017884892877191305,CHIRPS,WA001,2020,"{""type"":""Point"",""coordinates"":[-17.470000000000002,14.73]}"
250_1,11,0.0020602683071047068,CHIRPS,WA002,2020,"{""type"":""Point"",""coordinates"":[-7.949999999999998,12.65]}"
250_2,11,9.252069867216051E-4,CHIRPS,WA003,2020,"{""type"":""Point"",""coordinates"":[-1.5200000000000002,12.360000000000001]}"
250_3,11,2.3992285423446447E-4,CHIRPS,WA004,2020,"{""type"":""Point"",""coordinates"":[2.17,13.51]}"
250_4,11,0.08168705552816391,CHIRPS,WA005,2020,"{""type"":""Point"",""coordinates"":[7.33,9.07]}"
250_5,11,2.158334970474243,CHIRPS,WA006,2020,"{""type"":""Point"",""coordinates"":[-0.17,5.56]}"
250_6,11,5.154289245605469,CHIRPS,WA007,2020,"{""type"":""Point"",""coordinates"":[-3.9299999999999997,5.349999999999999]}"
250_7,11,1.7751357555389404,CHIRPS,WA008,2020,"{""type"":""Point"",""coordinates"":[-13.67,9.53]}"
250_8,11,2.275428056716919,CHIRPS,WA009,2020,"{""type"":""Point"",""coordinates"":[-13.230000000000002,8.489999999999998]}"
250_9,11,4.297602653503418,CHIRPS,WA010,2020,"{""type"":""Point"",""coordinates"":[-10.799999999999999,6.3]}"
250_10,11,1.2370094060897827,CHIRPS,WA011,2020,"{""type"":""Point"",""coordinates"":[1.22,6.130000000000001]}"
250_11,11,1.6649916172027588,CHIRPS,WA012,2020,"{""type"":""Point"",""coordinates"":[2.42,6.37]}"
250_12,11,0.006184027064591646,CHIRPS,WA013,2020,"{""type"":""Point"",""coordinates"":[8.52,12.05]}"
250_13,11,2.7230031490325928,CHIRPS,WA014,2020,"{""type"":""Point"",""coordinates"":[-1.62,6.69]}"
250_14,11,0.02419903501868248,CHIRPS,WA015,2020,"{""type"":""Point"",""coordinates"":[-16.680000000000003,13.45]}"
251_0,12,0.036199942231178284,CHIRPS,WA001,2020,"{""type"":""Point"",""coordinates"":[-17.470000000000002,14.73]}"
251_1,12,4.7774353879503906E-4,CHIRPS,WA002,2020,"{""type"":""Point"",""coordinates"":[-7.949999999999998,12.65]}"
251_2,12,1.786974025890231E-4,CHIRPS,WA003,2020,"{""type"":""Point"",""coordinates"":[-1.5200000000000002,12.360000000000001]}"
251_3,12,4.319258096074918E-6,CHIRPS,WA004,2020,"{""type"":""Point"",""coordinates"":[2.17,13.51]}"
251_4,12,0.0036906187888234854,CHIRPS,WA005,2020,"{""type"":""Point"",""coordinates"":[7.33,9.07]}"
251_5,12,0.9924027919769287,CHIRPS,WA006,2020,"{""type"":""Point"",""coordinates"":[-0.17,5.56]}"
251_6,12,2.0121800899505615,CHIRPS,WA007,2020,"{""type"":""Point"",""coordinates"":[-3.9299999999999997,5.349999999999999]}"
251_7,12,0.04460998252034187,CHIRPS,WA008,2020,"{""type"":""Point"",""coordinates"":[-13.67,9.53]}"
251_8,12,0.36624860763549805,CHIRPS,WA009,2020,"{""type"":""Point"",""coordinates"":[-13.230000000000002,8.489999999999998]}"
251_9,12,2.54408597946167,CHIRPS,WA010,2020,"{""type"":""Point"",""coordinates"":[-10.799999999999999,6.3]}"
251_10,12,0.6123804450035095,CHIRPS,WA011,2020,"{""type"":""Point"",""coordinates"":[1.22,6.130000000000001]}"
251_11,12,1.0733402967453003,CHIRPS,WA012,2020,"{""type"":""Point"",""coordinates"":[2.42,6.37]}"
251_12,12,4.7711979277664796E-5,CHIRPS,WA013,2020,"{""type"":""Point"",""coordinates"":[8.52,12.05]}"
251_13,12,1.2470204830169678,CHIRPS,WA014,2020,"{""type"":""Point"",""coordinates"":[-1.62,6.69]}"
251_14,12,0.029068507254123688,CHIRPS,WA015,2020,"{""type"":""Point"",""coordinates"":[-16.680000000000003,13.45]}"
252_0,1,,CHIRPS,WA001,2021,"{""type"":""Point"",""coordinates"":[-17.470000000000002,14.73]}"
252_1,1,,CHIRPS,WA002,2021,"{""type"":""Point"",""coordinates"":[-7.949999999999998,12.65]}"
252_2,1,,CHIRPS,WA003,2021,"{""type"":""Point"",""coordinates"":[-1.5200000000000002,12.360000000000001]}"
252_3,1,,CHIRPS,WA004,2021,"{""type"":""Point"",""coordinates"":[2.17,13.51]}"
252_4,1,,CHIRPS,WA005,2021,"{""type"":""Point"",""coordinates"":[7.33,9.07]}"
252_5,1,,CHIRPS,WA006,2021,"{""type"":""Point"",""coordinates"":[-0.17,5.56]}"
252_6,1,,CHIRPS,WA007,2021,"{""type"":""Point"",""coordinates"":[-3.9299999999999997,5.349999999999999]}"
252_7,1,,CHIRPS,WA008,2021,"{""type"":""Point"",""coordinates"":[-13.67,9.53]}"
252_8,1,,CHIRPS,WA009,2021,"{""type"":""Point"",""coordinates"":[-13.230000000000002,8.489999999999998]}"
252_9,1,,CHIRPS,WA010,2021,"{""type"":""Point"",""coordinates"":[-10.799999999999999,6.3]}"
252_10,1,,CHIRPS,WA011,2021,"{""type"":""Point"",""coordinates"":[1.22,6.130000000000001]}"
252_11,1,,CHIRPS,WA012,2021,"{""type"":""Point"",""coordinates"":[2.42,6.37]}"
252_12,1,,CHIRPS,WA013,2021,"{""type"":""Point"",""coordinates"":[8.52,12.05]}"
252_13,1,,CHIRPS,WA014,2021,"{""type"":""Point"",""coordinates"":[-1.62,6.69]}"
252_14,1,,CHIRPS,WA015,2021,"{""type"":""Point"",""coordinates"":[-16.680000000000003,13.45]}"
253_0,2,,CHIRPS,WA001,2021,"{""type"":""Point"",""coordinates"":[-17.470000000000002,14.73]}"
253_1,2,,CHIRPS,WA002,2021,"{""type"":""Point"",""coordinates"":[-7.949999999999998,12.65]}"
253_2,2,,CHIRPS,WA003,2021,"{""type"":""Point"",""coordinates"":[-1.5200000000000002,12.360000000000001]}"
253_3,2,,CHIRPS,WA004,2021,"{""type"":""Point"",""coordinates"":[2.17,13.51]}"
253_4,2,,CHIRPS,WA005,2021,"{""type"":""Point"",""coordinates"":[7.33,9.07]}"
253_5,2,,CHIRPS,WA006,2021,"{""type"":""Point"",""coordinates"":[-0.17,5.56]}"
253_6,2,,CHIRPS,WA007,2021,"{""type"":""Point"",""coordinates"":[-3.9299999999999997,5.349999999999999]}"
253_7,2,,CHIRPS,WA008,2021,"{""type"":""Point"",""coordinates"":[-13.67,9.53]}"
253_8,2,,CHIRPS,WA009,2021,"{""type"":""Point"",""coordinates"":[-13.230000000000002,8.489999999999998]}"
253_9,2,,CHIRPS,WA010,2021,"{""type"":""Point"",""coordinates"":[-10.799999999999999,6.3]}"
253_10,2,,CHIRPS,WA011,2021,"{""type"":""Point"",""coordinates"":[1.22,6.130000000000001]}"
253_11,2,,CHIRPS,WA012,2021,"{""type"":""Point"",""coordinates"":[2.42,6.37]}"
253_12,2,,CHIRPS,WA013,2021,"{""type"":""Point"",""coordinates"":[8.52,12.05]}"
253_13,2,,CHIRPS,WA014,2021,"{""type"":""Point"",""coordinates"":[-1.62,6.69]}"
253_14,2,,CHIRPS,WA015,2021,"{""type"":""Point"",""coordinates"":[-16.680000000000003,13.45]}"
254_0,3,,CHIRPS,WA001,2021,"{""type"":""Point"",""coordinates"":[-17.470000000000002,14.73]}"
254_1,3,,CHIRPS,WA002,2021,"{""type"":""Point"",""coordinates"":[-7.949999999999998,12.65]}"
254_2,3,,CHIRPS,WA003,2021,"{""type"":""Point"",""coordinates"":[-1.5200000000000002,12.360000000000001]}"
254_3,3,,CHIRPS,WA004,2021,"{""type"":""Point"",""coordinates"":[2.17,13.51]}"
254_4,3,,CHIRPS,WA005,2021,"{""type"":""Point"",""coordinates"":[7.33,9.07]}"
254_5,3,,CHIRPS,WA006,2021,"{""type"":""Point"",""coordinates"":[-0.17,5.56]}"
254_6,3,,CHIRPS,WA007,2021,"{""type"":""Point"",""coordinates"":[-3.9299999999999997,5.349999999999999]}"
254_7,3,,CHIRPS,WA008,2021,"{""type"":""Point"",""coordinates"":[-13.67,9.53]}"
254_8,3,,CHIRPS,WA009,2021,"{""type"":""Point"",""coordinates"":[-13.230000000000002,8.489999999999998]}"
254_9,3,,CHIRPS,WA010,2021,"{""type"":""Point"",""coordinates"":[-10.799999999999999,6.3]}"
254_10,3,,CHIRPS,WA011,2021,"{""type"":""Point"",""coordinates"":[1.22,6.130000000000001]}"
254_11,3,,CHIRPS,WA012,2021,"{""type"":""Point"",""coordinates"":[2.42,6.37]}"
254_12,3,,CHIRPS,WA013,2021,"{""type"":""Point"",""coordinates"":[8.52,12.05]}"
254_13,3,,CHIRPS,WA014,2021,"{""type"":""Point"",""coordinates"":[-1.62,6.69]}"
254_14,3,,CHIRPS,WA015,2021,"{""type"":""Point"",""coordinates"":[-16.680000000000003,13.45]}"
255_0,4,,CHIRPS,WA001,2021,"{""type"":""Point"",""coordinates"":[-17.470000000000002,14.73]}"
255_1,4,,CHIRPS,WA002,2021,"{""type"":""Point"",""coordinates"":[-7.949999999999998,12.65]}"
255_2,4,,CHIRPS,WA003,2021,"{""type"":""Point"",""coordinates"":[-1.5200000000000002,12.360000000000001]}"
255_3,4,,CHIRPS,WA004,2021,"{""type"":""Point"",""coordinates"":[2.17,13.51]}"
255_4,4,,CHIRPS,WA005,2021,"{""type"":""Point"",""coordinates"":[7.33,9.07]}"
255_5,4,,CHIRPS,WA006,2021,"{""type"":""Point"",""coordinates"":[-0.17,5.56]}"
255_6,4,,CHIRPS,WA007,2021,"{""type"":""Point"",""coordinates"":[-3.9299999999999997,5.349999999999999]}"
255_7,4,,CHIRPS,WA008,2021,"{""type"":""Point"",""coordinates"":[-13.67,9.53]}"
255_8,4,,CHIRPS,WA009,2021,"{""type"":""Point"",""coordinates"":[-13.230000000000002,8.489999999999998]}"
255_9,4,,CHIRPS,WA010,2021,"{""type"":""Point"",""coordinates"":[-10.799999999999999,6.3]}"
255_10,4,,CHIRPS,WA011,2021,"{""type"":""Point"",""coordinates"":[1.22,6.130000000000001]}"
255_11,4,,CHIRPS,WA012,2021,"{""type"":""Point"",""coordinates"":[2.42,6.37]}"
255_12,4,,CHIRPS,WA013,2021,"{""type"":""Point"",""coordinates"":[8.52,12.05]}"
255_13,4,,CHIRPS,WA014,2021,"{""type"":""Point"",""coordinates"":[-1.62,6.69]}"
255_14,4,,CHIRPS,WA015,2021,"{""type"":""Point"",""coordinates"":[-16.680000000000003,13.45]}"
256_0,5,,CHIRPS,WA001,2021,"{""type"":""Point"",""coordinates"":[-17.470000000000002,14.73]}"
256_1,5,,CHIRPS,WA002,2021,"{""type"":""Point"",""coordinates"":[-7.949999999999998,12.65]}"
256_2,5,,CHIRPS,WA003,2021,"{""type"":""Point"",""coordinates"":[-1.5200000000000002,12.360000000000001]}"
256_3,5,,CHIRPS,WA004,2021,"{""type"":""Point"",""coordinates"":[2.17,13.51]}"
256_4,5,,CHIRPS,WA005,2021,"{""type"":""Point"",""coordinates"":[7.33,9.07]}"
256_5,5,,CHIRPS,WA006,2021,"{""type"":""Point"",""coordinates"":[-0.17,5.56]}"
256_6,5,,CHIRPS,WA007,2021,"{""type"":""Point"",""coordinates"":[-3.9299999999999997,5.349999999999999]}"
256_7,5,,CHIRPS,WA008,2021,"{""type"":""Point"",""coordinates"":[-13.67,9.53]}"
256_8,5,,CHIRPS,WA009,2021,"{""type"":""Point"",""coordinates"":[-13.230000000000002,8.489999999999998]}"
256_9,5,,CHIRPS,WA010,2021,"{""type"":""Point"",""coordinates"":[-10.799999999999999,6.3]}"
256_10,5,,CHIRPS,WA011,2021,"{""type"":""Point"",""coordinates"":[1.22,6.130000000000001]}"
256_11,5,,CHIRPS,WA012,2021,"{""type"":""Point"",""coordinates"":[2.42,6.37]}"
256_12,5,,CHIRPS,WA013,2021,"{""type"":""Point"",""coordinates"":[8.52,12.05]}"
256_13,5,,CHIRPS,WA014,2021,"{""type"":""Point"",""coordinates"":[-1.62,6.69]}"
256_14,5,,CHIRPS,WA015,2021,"{""type"":""Point"",""coordinates"":[-16.680000000000003,13.45]}"
257_0,6,,CHIRPS,WA001,2021,"{""type"":""Point"",""coordinates"":[-17.470000000000002,14.73]}"
257_1,6,,CHIRPS,WA002,2021,"{""type"":""Point"",""coordinates"":[-7.949999999999998,12.65]}"
257_2,6,,CHIRPS,WA003,2021,"{""type"":""Point"",""coordinates"":[-1.5200000000000002,12.360000000000001]}"
257_3,6,,CHIRPS,WA004,2021,"{""type"":""Point"",""coordinates"":[2.17,13.51]}"
257_4,6,,CHIRPS,WA005,2021,"{""type"":""Point"",""coordinates"":[7.33,9.07]}"
257_5,6,,CHIRPS,WA006,2021,"{""type"":""Point"",""coordinates"":[-0.17,5.56]}"
257_6,6,,CHIRPS,WA007,2021,"{""type"":""Point"",""coordinates"":[-3.9299999999999997,5.349999999999999]}"
257_7,6,,CHIRPS,WA008,2021,"{""type"":""Point"",""coordinates"":[-13.67,9.53]}"
257_8,6,,CHIRPS,WA009,2021,"{""type"":""Point"",""coordinates"":[-13.230000000000002,8.489999999999998]}"
257_9,6,,CHIRPS,WA010,2021,"{""type"":""Point"",""coordinates"":[-10.799999999999999,6.3]}"
257_10,6,,CHIRPS,WA011,2021,"{""type"":""Point"",""coordinates"":[1.22,6.130000000000001]}"
257_11,6,,CHIRPS,WA012,2021,"{""type"":""Point"",""coordinates"":[2.42,6.37]}"
257_12,6,,CHIRPS,WA013,2021,"{""type"":""Point"",""coordinates"":[8.52,12.05]}"
257_13,6,,CHIRPS,WA014,2021,"{""type"":""Point"",""coordinates"":[-1.62,6.69]}"
257_14,6,,CHIRPS,WA015,2021,"{""type"":""Point"",""coordinates"":[-16.680000000000003,13.45]}"
258_0,7,,CHIRPS,WA001,2021,"{""type"":""Point"",""coordinates"":[-17.470000000000002,14.73]}"
258_1,7,,CHIRPS,WA002,2021,"{""type"":""Point"",""coordinates"":[-7.949999999999998,12.65]}"
258_2,7,,CHIRPS,WA003,2021,"{""type"":""Point"",""coordinates"":[-1.5200000000000002,12.360000000000001]}"
258_3,7,,CHIRPS,WA004,2021,"{""type"":""Point"",""coordinates"":[2.17,13.51]}"
258_4,7,,CHIRPS,WA005,2021,"{""type"":""Point"",""coordinates"":[7.33,9.07]}"
258_5,7,,CHIRPS,WA006,2021,"{""type"":""Point"",""coordinates"":[-0.17,5.56]}"
258_6,7,,CHIRPS,WA007,2021,"{""type"":""Point"",""coordinates"":[-3.9299999999999997,5.349999999999999]}"
258_7,7,,CHIRPS,WA008,2021,"{""type"":""Point"",""coordinates"":[-13.67,9.53]}"
258_8,7,,CHIRPS,WA009,2021,"{""type"":""Point"",""coordinates"":[-13.230000000000002,8.489999999999998]}"
258_9,7,,CHIRPS,WA010,2021,"{""type"":""Point"",""coordinates"":[-10.799999999999999,6.3]}"
258_10,7,,CHIRPS,WA011,2021,"{""type"":""Point"",""coordinates"":[1.22,6.130000000000001]}"
258_11,7,,CHIRPS,WA012,2021,"{""type"":""Point"",""coordinates"":[2.42,6.37]}"
258_12,7,,CHIRPS,WA013,2021,"{""type"":""Point"",""coordinates"":[8.52,12.05]}"
258_13,7,,CHIRPS,WA014,2021,"{""type"":""Point"",""coordinates"":[-1.62,6.69]}"
258_14,7,,CHIRPS,WA015,2021,"{""type"":""Point"",""coordinates"":[-16.680000000000003,13.45]}"
259_0,8,,CHIRPS,WA001,2021,"{""type"":""Point"",""coordinates"":[-17.470000000000002,14.73]}"
259_1,8,,CHIRPS,WA002,2021,"{""type"":""Point"",""coordinates"":[-7.949999999999998,12.65]}"
259_2,8,,CHIRPS,WA003,2021,"{""type"":""Point"",""coordinates"":[-1.5200000000000002,12.360000000000001]}"
259_3,8,,CHIRPS,WA004,2021,"{""type"":""Point"",""coordinates"":[2.17,13.51]}"
259_4,8,,CHIRPS,WA005,2021,"{""type"":""Point"",""coordinates"":[7.33,9.07]}"
259_5,8,,CHIRPS,WA006,2021,"{""type"":""Point"",""coordinates"":[-0.17,5.56]}"
259_6,8,,CHIRPS,WA007,2021,"{""type"":""Point"",""coordinates"":[-3.9299999999999997,5.349999999999999]}"
259_7,8,,CHIRPS,WA008,2021,"{""type"":""Point"",""coordinates"":[-13.67,9.53]}"
259_8,8,,CHIRPS,WA009,2021,"{""type"":""Point"",""coordinates"":[-13.230000000000002,8.489999999999998]}"
259_9,8,,CHIRPS,WA010,2021,"{""type"":""Point"",""coordinates"":[-10.799999999999999,6.3]}"
259_10,8,,CHIRPS,WA011,2021,"{""type"":""Point"",""coordinates"":[1.22,6.130000000000001]}"
259_11,8,,CHIRPS,WA012,2021,"{""type"":""Point"",""coordinates"":[2.42,6.37]}"
259_12,8,,CHIRPS,WA013,2021,"{""type"":""Point"",""coordinates"":[8.52,12.05]}"
259_13,8,,CHIRPS,WA014,2021,"{""type"":""Point"",""coordinates"":[-1.62,6.69]}"
259_14,8,,CHIRPS,WA015,2021,"{""type"":""Point"",""coordinates"":[-16.680000000000003,13.45]}"
260_0,9,,CHIRPS,WA001,2021,"{""type"":""Point"",""coordinates"":[-17.470000000000002,14.73]}"
260_1,9,,CHIRPS,WA002,2021,"{""type"":""Point"",""coordinates"":[-7.949999999999998,12.65]}"
260_2,9,,CHIRPS,WA003,2021,"{""type"":""Point"",""coordinates"":[-1.5200000000000002,12.360000000000001]}"
260_3,9,,CHIRPS,WA004,2021,"{""type"":""Point"",""coordinates"":[2.17,13.51]}"
260_4,9,,CHIRPS,WA005,2021,"{""type"":""Point"",""coordinates"":[7.33,9.07]}"
260_5,9,,CHIRPS,WA006,2021,"{""type"":""Point"",""coordinates"":[-0.17,5.56]}"
260_6,9,,CHIRPS,WA007,2021,"{""type"":""Point"",""coordinates"":[-3.9299999999999997,5.349999999999999]}"
260_7,9,,CHIRPS,WA008,2021,"{""type"":""Point"",""coordinates"":[-13.67,9.53]}"
260_8,9,,CHIRPS,WA009,2021,"{""type"":""Point"",""coordinates"":[-13.230000000000002,8.489999999999998]}"
260_9,9,,CHIRPS,WA010,2021,"{""type"":""Point"",""coordinates"":[-10.799999999999999,6.3]}"
260_10,9,,CHIRPS,WA011,2021,"{""type"":""Point"",""coordinates"":[1.22,6.130000000000001]}"
260_11,9,,CHIRPS,WA012,2021,"{""type"":""Point"",""coordinates"":[2.42,6.37]}"
260_12,9,,CHIRPS,WA013,2021,"{""type"":""Point"",""coordinates"":[8.52,12.05]}"
260_13,9,,CHIRPS,WA014,2021,"{""type"":""Point"",""coordinates"":[-1.62,6.69]}"
260_14,9,,CHIRPS,WA015,2021,"{""type"":""Point"",""coordinates"":[-16.680000000000003,13.45]}"
261_0,10,,CHIRPS,WA001,2021,"{""type"":""Point"",""coordinates"":[-17.470000000000002,14.73]}"
261_1,10,,CHIRPS,WA002,2021,"{""type"":""Point"",""coordinates"":[-7.949999999999998,12.65]}"
261_2,10,,CHIRPS,WA003,2021,"{""type"":""Point"",""coordinates"":[-1.5200000000000002,12.360000000000001]}"
261_3,10,,CHIRPS,WA004,2021,"{""type"":""Point"",""coordinates"":[2.17,13.51]}"
261_4,10,,CHIRPS,WA005,2021,"{""type"":""Point"",""coordinates"":[7.33,9.07]}"
261_5,10,,CHIRPS,WA006,2021,"{""type"":""Point"",""coordinates"":[-0.17,5.56]}"
261_6,10,,CHIRPS,WA007,2021,"{""type"":""Point"",""coordinates"":[-3.9299999999999997,5.349999999999999]}"
261_7,10,,CHIRPS,WA008,2021,"{""type"":""Point"",""coordinates"":[-13.67,9.53]}"
261_8,10,,CHIRPS,WA009,2021,"{""type"":""Point"",""coordinates"":[-13.230000000000002,8.489999999999998]}"
261_9,10,,CHIRPS,WA010,2021,"{""type"":""Point"",""coordinates"":[-10.799999999999999,6.3]}"
261_10,10,,CHIRPS,WA011,2021,"{""type"":""Point"",""coordinates"":[1.22,6.130000000000001]}"
261_11,10,,CHIRPS,WA012,2021,"{""type"":""Point"",""coordinates"":[2.42,6.37]}"
261_12,10,,CHIRPS,WA013,2021,"{""type"":""Point"",""coordinates"":[8.52,12.05]}"
261_13,10,,CHIRPS,WA014,2021,"{""type"":""Point"",""coordinates"":[-1.62,6.69]}"
261_14,10,,CHIRPS,WA015,2021,"{""type"":""Point"",""coordinates"":[-16.680000000000003,13.45]}"
262_0,11,,CHIRPS,WA001,2021,"{""type"":""Point"",""coordinates"":[-17.470000000000002,14.73]}"
262_1,11,,CHIRPS,WA002,2021,"{""type"":""Point"",""coordinates"":[-7.949999999999998,12.65]}"
262_2,11,,CHIRPS,WA003,2021,"{""type"":""Point"",""coordinates"":[-1.5200000000000002,12.360000000000001]}"
262_3,11,,CHIRPS,WA004,2021,"{""type"":""Point"",""coordinates"":[2.17,13.51]}"
262_4,11,,CHIRPS,WA005,2021,"{""type"":""Point"",""coordinates"":[7.33,9.07]}"
262_5,11,,CHIRPS,WA006,2021,"{""type"":""Point"",""coordinates"":[-0.17,5.56]}"
262_6,11,,CHIRPS,WA007,2021,"{""type"":""Point"",""coordinates"":[-3.9299999999999997,5.349999999999999]}"
262_7,11,,CHIRPS,WA008,2021,"{""type"":""Point"",""coordinates"":[-13.67,9.53]}"
262_8,11,,CHIRPS,WA009,2021,"{""type"":""Point"",""coordinates"":[-13.230000000000002,8.489999999999998]}"
262_9,11,,CHIRPS,WA010,2021,"{""type"":""Point"",""coordinates"":[-10.799999999999999,6.3]}"
262_10,11,,CHIRPS,WA011,2021,"{""type"":""Point"",""coordinates"":[1.22,6.130000000000001]}"
262_11,11,,CHIRPS,WA012,2021,"{""type"":""Point"",""coordinates"":[2.42,6.37]}"
262_12,11,,CHIRPS,WA013,2021,"{""type"":""Point"",""coordinates"":[8.52,12.05]}"
262_13,11,,CHIRPS,WA014,2021,"{""type"":""Point"",""coordinates"":[-1.62,6.69]}"
262_14,11,,CHIRPS,WA015,2021,"{""type"":""Point"",""coordinates"":[-16.680000000000003,13.45]}"
263_0,12,,CHIRPS,WA001,2021,"{""type"":""Point"",""coordinates"":[-17.470000000000002,14.73]}"
263_1,12,,CHIRPS,WA002,2021,"{""type"":""Point"",""coordinates"":[-7.949999999999998,12.65]}"
263_2,12,,CHIRPS,WA003,2021,"{""type"":""Point"",""coordinates"":[-1.5200000000000002,12.360000000000001]}"
263_3,12,,CHIRPS,WA004,2021,"{""type"":""Point"",""coordinates"":[2.17,13.51]}"
263_4,12,,CHIRPS,WA005,2021,"{""type"":""Point"",""coordinates"":[7.33,9.07]}"
263_5,12,,CHIRPS,WA006,2021,"{""type"":""Point"",""coordinates"":[-0.17,5.56]}"
263_6,12,,CHIRPS,WA007,2021,"{""type"":""Point"",""coordinates"":[-3.9299999999999997,5.349999999999999]}"
263_7,12,,CHIRPS,WA008,2021,"{""type"":""Point"",""coordinates"":[-13.67,9.53]}"
263_8,12,,CHIRPS,WA009,2021,"{""type"":""Point"",""coordinates"":[-13.230000000000002,8.489999999999998]}"
263_9,12,,CHIRPS,WA010,2021,"{""type"":""Point"",""coordinates"":[-10.799999999999999,6.3]}"
263_10,12,,CHIRPS,WA011,2021,"{""type"":""Point"",""coordinates"":[1.22,6.130000000000001]}"
263_11,12,,CHIRPS,WA012,2021,"{""type"":""Point"",""coordinates"":[2.42,6.37]}"
263_12,12,,CHIRPS,WA013,2021,"{""type"":""Point"",""coordinates"":[8.52,12.05]}"
263_13,12,,CHIRPS,WA014,2021,"{""type"":""Point"",""coordinates"":[-1.62,6.69]}"
263_14,12,,CHIRPS,WA015,2021,"{""type"":""Point"",""coordinates"":[-16.680000000000003,13.45]}"
