system:index,month,precip_mm_day,product,station_id,year,.geo
200001_0,1,0.0,TERRACLIMATE,WA001,2000,"{""type"":""Point"",""coordinates"":[-17.470000000000002,14.73]}"
200001_1,1,0.0,TERRACLIMATE,WA002,2000,"{""type"":""Point"",""coordinates"":[-7.949999999999998,12.65]}"
200001_2,1,0.0,TERRACLIMATE,WA003,2000,"{""type"":""Point"",""coordinates"":[-1.5200000000000002,12.360000000000001]}"
200001_3,1,0.0,TERRACLIMATE,WA004,2000,"{""type"":""Point"",""coordinates"":[2.17,13.51]}"
200001_4,1,0.0322580635547637,TERRACLIMATE,WA005,2000,"{""type"":""Point"",""coordinates"":[7.33,9.07]}"
200001_5,1,0.578643262386322,TERRACLIMATE,WA006,2000,"{""type"":""Point"",""coordinates"":[-0.17,5.56]}"
200001_6,1,2.5100886821746826,TERRACLIMATE,WA007,2000,"{""type"":""Point"",""coordinates"":[-3.9299999999999997,5.349999999999999]}"
200001_7,1,0.0,TERRACLIMATE,WA008,2000,"{""type"":""Point"",""coordinates"":[-13.67,9.53]}"
200001_8,1,0.0,TERRACLIMATE,WA009,2000,"{""type"":""Point"",""coordinates"":[-13.230000000000002,8.489999999999998]}"
200001_9,1,2.257824182510376,TERRACLIMATE,WA010,2000,"{""type"":""Point"",""coordinates"":[-10.799999999999999,6.3]}"
200001_10,1,0.1834695637226104,TERRACLIMATE,WA011,2000,"{""type"":""Point"",""coordinates"":[1.22,6.130000000000001]}"
200001_11,1,0.0645161271095275,TERRACLIMATE,WA012,2000,"{""type"":""Point"",""coordinates"":[2.42,6.37]}"
200001_12,1,0.0,TERRACLIMATE,WA013,2000,"{""type"":""Point"",""coordinates"":[8.52,12.05]}"
200001_13,1,1.1189775466918943,TERRACLIMATE,WA014,2000,"{""type"":""Point"",""coordinates"":[-1.62,6.69]}"
200001_14,1,0.0,TERRACLIMATE,WA015,2000,"{""type"":""Point"",""coordinates"":[-16.680000000000003,13.45]}"
200002_0,2,0.0,TERRACLIMATE,WA001,2000,"{""type"":""Point"",""coordinates"":[-17.470000000000002,14.73]}"
200002_1,2,0.0,TERRACLIMATE,WA002,2000,"{""type"":""Point"",""coordinates"":[-7.949999999999998,12.65]}"
200002_2,2,0.0,TERRACLIMATE,WA003,2000,"{""type"":""Point"",""coordinates"":[-1.5200000000000002,12.360000000000001]}"
200002_3,2,0.0,TERRACLIMATE,WA004,2000,"{""type"":""Point"",""coordinates"":[2.17,13.51]}"
200002_4,2,0.0,TERRACLIMATE,WA005,2000,"{""type"":""Point"",""coordinates"":[7.33,9.07]}"
200002_5,2,0.1961248964071273,TERRACLIMATE,WA006,2000,"{""type"":""Point"",""coordinates"":[-0.17,5.56]}"
200002_6,2,1.4676860570907593,TERRACLIMATE,WA007,2000,"{""type"":""Point"",""coordinates"":[-3.9299999999999997,5.349999999999999]}"
200002_7,2,0.0,TERRACLIMATE,WA008,2000,"{""type"":""Point"",""coordinates"":[-13.67,9.53]}"
200002_8,2,0.0,TERRACLIMATE,WA009,2000,"{""type"":""Point"",""coordinates"":[-13.230000000000002,8.489999999999998]}"
200002_9,2,0.8726656436920166,TERRACLIMATE,WA010,2000,"{""type"":""Point"",""coordinates"":[-10.799999999999999,6.3]}"
200002_10,2,0.1314661651849746,TERRACLIMATE,WA011,2000,"{""type"":""Point"",""coordinates"":[1.22,6.130000000000001]}"
200002_11,2,0.1379310339689254,TERRACLIMATE,WA012,2000,"{""type"":""Point"",""coordinates"":[2.42,6.37]}"
200002_12,2,0.0,TERRACLIMATE,WA013,2000,"{""type"":""Point"",""coordinates"":[8.52,12.05]}"
200002_13,2,0.6745584011077881,TERRACLIMATE,WA014,2000,"{""type"":""Point"",""coordinates"":[-1.62,6.69]}"
200002_14,2,0.0,TERRACLIMATE,WA015,2000,"{""type"":""Point"",""coordinates"":[-16.680000000000003,13.45]}"
200003_0,3,0.0,TERRACLIMATE,WA001,2000,"{""type"":""Point"",""coordinates"":[-17.470000000000002,14.73]}"
200003_1,3,0.1693478673696518,TERRACLIMATE,WA002,2000,"{""type"":""Point"",""coordinates"":[-7.949999999999998,12.65]}"
200003_2,3,0.0322580635547637,TERRACLIMATE,WA003,2000,"{""type"":""Point"",""coordinates"":[-1.5200000000000002,12.360000000000001]}"
200003_3,3,0.0,TERRACLIMATE,WA004,2000,"{""type"":""Point"",""coordinates"":[2.17,13.51]}"
200003_4,3,0.1834738850593567,TERRACLIMATE,WA005,2000,"{""type"":""Point"",""coordinates"":[7.33,9.07]}"
200003_5,3,2.923464775085449,TERRACLIMATE,WA006,2000,"{""type"":""Point"",""coordinates"":[-0.17,5.56]}"
200003_6,3,2.252053022384644,TERRACLIMATE,WA007,2000,"{""type"":""Point"",""coordinates"":[-3.9299999999999997,5.349999999999999]}"
200003_7,3,0.0,TERRACLIMATE,WA008,2000,"{""type"":""Point"",""coordinates"":[-13.67,9.53]}"
200003_8,3,0.1189008727669715,TERRACLIMATE,WA009,2000,"{""type"":""Point"",""coordinates"":[-13.230000000000002,8.489999999999998]}"
200003_9,3,1.7642379999160769,TERRACLIMATE,WA010,2000,"{""type"":""Point"",""coordinates"":[-10.799999999999999,6.3]}"
200003_10,3,3.6391735076904297,TERRACLIMATE,WA011,2000,"{""type"":""Point"",""coordinates"":[1.22,6.130000000000001]}"
200003_11,3,1.983858346939087,TERRACLIMATE,WA012,2000,"{""type"":""Point"",""coordinates"":[2.42,6.37]}"
200003_12,3,0.0,TERRACLIMATE,WA013,2000,"{""type"":""Point"",""coordinates"":[8.52,12.05]}"
200003_13,3,3.8749964237213135,TERRACLIMATE,WA014,2000,"{""type"":""Point"",""coordinates"":[-1.62,6.69]}"
200003_14,3,0.0,TERRACLIMATE,WA015,2000,"{""type"":""Point"",""coordinates"":[-16.680000000000003,13.45]}"
200004_0,4,0.0,TERRACLIMATE,WA001,2000,"{""type"":""Point"",""coordinates"":[-17.470000000000002,14.73]}"
200004_1,4,0.7603787779808044,TERRACLIMATE,WA002,2000,"{""type"":""Point"",""coordinates"":[-7.949999999999998,12.65]}"
200004_2,4,0.5083091855049133,TERRACLIMATE,WA003,2000,"{""type"":""Point"",""coordinates"":[-1.5200000000000002,12.360000000000001]}"
200004_3,4,0.14998559653759,TERRACLIMATE,WA004,2000,"{""type"":""Point"",""coordinates"":[2.17,13.51]}"
200004_4,4,0.8749868273735046,TERRACLIMATE,WA005,2000,"{""type"":""Point"",""coordinates"":[7.33,9.07]}"
200004_5,4,3.231295824050904,TERRACLIMATE,WA006,2000,"{""type"":""Point"",""coordinates"":[-0.17,5.56]}"
200004_6,4,7.816679954528809,TERRACLIMATE,WA007,2000,"{""type"":""Point"",""coordinates"":[-3.9299999999999997,5.349999999999999]}"
200004_7,4,0.2228988856077194,TERRACLIMATE,WA008,2000,"{""type"":""Point"",""coordinates"":[-13.67,9.53]}"
200004_8,4,0.1854637265205383,TERRACLIMATE,WA009,2000,"{""type"":""Point"",""coordinates"":[-13.230000000000002,8.489999999999998]}"
200004_9,4,3.666717767715454,TERRACLIMATE,WA010,2000,"{""type"":""Point"",""coordinates"":[-10.799999999999999,6.3]}"
200004_10,4,3.052096605300904,TERRACLIMATE,WA011,2000,"{""type"":""Point"",""coordinates"":[1.22,6.130000000000001]}"
200004_11,4,3.1583268642425537,TERRACLIMATE,WA012,2000,"{""type"":""Point"",""coordinates"":[2.42,6.37]}"
200004_12,4,0.0,TERRACLIMATE,WA013,2000,"{""type"":""Point"",""coordinates"":[8.52,12.05]}"
200004_13,4,5.870802402496338,TERRACLIMATE,WA014,2000,"{""type"":""Point"",""coordinates"":[-1.62,6.69]}"
200004_14,4,0.0,TERRACLIMATE,WA015,2000,"{""type"":""Point"",""coordinates"":[-16.680000000000003,13.45]}"
200005_0,5,0.0,TERRACLIMATE,WA001,2000,"{""type"":""Point"",""coordinates"":[-17.470000000000002,14.73]}"
200005_1,5,1.7015570402145386,TERRACLIMATE,WA002,2000,"{""type"":""Point"",""coordinates"":[-7.949999999999998,12.65]}"
200005_2,5,1.4536267518997192,TERRACLIMATE,WA003,2000,"{""type"":""Point"",""coordinates"":[-1.5200000000000002,12.360000000000001]}"
200005_3,5,0.1048405915498733,TERRACLIMATE,WA004,2000,"{""type"":""Point"",""coordinates"":[2.17,13.51]}"
200005_4,5,5.568541526794434,TERRACLIMATE,WA005,2000,"{""type"":""Point"",""coordinates"":[7.33,9.07]}"
200005_5,5,4.4475836753845215,TERRACLIMATE,WA006,2000,"{""type"":""Point"",""coordinates"":[-0.17,5.56]}"
200005_6,5,8.669275283813477,TERRACLIMATE,WA007,2000,"{""type"":""Point"",""coordinates"":[-3.9299999999999997,5.349999999999999]}"
200005_7,5,2.257970094680786,TERRACLIMATE,WA008,2000,"{""type"":""Point"",""coordinates"":[-13.67,9.53]}"
200005_8,5,4.840353488922119,TERRACLIMATE,WA009,2000,"{""type"":""Point"",""coordinates"":[-13.230000000000002,8.489999999999998]}"
200005_9,5,21.91044235229492,TERRACLIMATE,WA010,2000,"{""type"":""Point"",""coordinates"":[-10.799999999999999,6.3]}"
200005_10,5,3.85885500907898,TERRACLIMATE,WA011,2000,"{""type"":""Point"",""coordinates"":[1.22,6.130000000000001]}"
200005_11,5,3.967750310897827,TERRACLIMATE,WA012,2000,"{""type"":""Point"",""coordinates"":[2.42,6.37]}"
200005_12,5,1.4031277894973757,TERRACLIMATE,WA013,2000,"{""type"":""Point"",""coordinates"":[8.52,12.05]}"
200005_13,5,5.423376083374023,TERRACLIMATE,WA014,2000,"{""type"":""Point"",""coordinates"":[-1.62,6.69]}"
200005_14,5,0.0,TERRACLIMATE,WA015,2000,"{""type"":""Point"",""coordinates"":[-16.680000000000003,13.45]}"
200006_0,6,0.0729014128446579,TERRACLIMATE,WA001,2000,"{""type"":""Point"",""coordinates"":[-17.470000000000002,14.73]}"
200006_1,6,3.739520072937012,TERRACLIMATE,WA002,2000,"{""type"":""Point"",""coordinates"":[-7.949999999999998,12.65]}"
200006_2,6,3.33953070640564,TERRACLIMATE,WA003,2000,"{""type"":""Point"",""coordinates"":[-1.5200000000000002,12.360000000000001]}"
200006_3,6,1.9374284744262693,TERRACLIMATE,WA004,2000,"{""type"":""Point"",""coordinates"":[2.17,13.51]}"
200006_4,6,7.893820762634277,TERRACLIMATE,WA005,2000,"{""type"":""Point"",""coordinates"":[7.33,9.07]}"
200006_5,6,5.997937679290772,TERRACLIMATE,WA006,2000,"{""type"":""Point"",""coordinates"":[-0.17,5.56]}"
200006_6,6,17.52672576904297,TERRACLIMATE,WA007,2000,"{""type"":""Point"",""coordinates"":[-3.9299999999999997,5.349999999999999]}"
200006_7,6,16.120710372924805,TERRACLIMATE,WA008,2000,"{""type"":""Point"",""coordinates"":[-13.67,9.53]}"
200006_8,6,15.510754585266112,TERRACLIMATE,WA009,2000,"{""type"":""Point"",""coordinates"":[-13.230000000000002,8.489999999999998]}"
200006_9,6,23.77259635925293,TERRACLIMATE,WA010,2000,"{""type"":""Point"",""coordinates"":[-10.799999999999999,6.3]}"
200006_10,6,5.070804595947266,TERRACLIMATE,WA011,2000,"{""type"":""Point"",""coordinates"":[1.22,6.130000000000001]}"
200006_11,6,7.2750067710876465,TERRACLIMATE,WA012,2000,"{""type"":""Point"",""coordinates"":[2.42,6.37]}"
200006_12,6,3.751910924911499,TERRACLIMATE,WA013,2000,"{""type"":""Point"",""coordinates"":[8.52,12.05]}"
200006_13,6,6.637514114379883,TERRACLIMATE,WA014,2000,"{""type"":""Point"",""coordinates"":[-1.62,6.69]}"
200006_14,6,1.3582109212875366,TERRACLIMATE,WA015,2000,"{""type"":""Point"",""coordinates"":[-16.680000000000003,13.45]}"
200007_0,7,4.735427379608154,TERRACLIMATE,WA001,2000,"{""type"":""Point"",""coordinates"":[-17.470000000000002,14.73]}"
200007_1,7,6.90925931930542,TERRACLIMATE,WA002,2000,"{""type"":""Point"",""coordinates"":[-7.949999999999998,12.65]}"
200007_2,7,4.0403242111206055,TERRACLIMATE,WA003,2000,"{""type"":""Point"",""coordinates"":[-1.5200000000000002,12.360000000000001]}"
200007_3,7,5.772085189819336,TERRACLIMATE,WA004,2000,"{""type"":""Point"",""coordinates"":[2.17,13.51]}"
200007_4,7,7.002074718475342,TERRACLIMATE,WA005,2000,"{""type"":""Point"",""coordinates"":[7.33,9.07]}"
200007_5,7,1.8407723903656008,TERRACLIMATE,WA006,2000,"{""type"":""Point"",""coordinates"":[-0.17,5.56]}"
200007_6,7,4.6733808517456055,TERRACLIMATE,WA007,2000,"{""type"":""Point"",""coordinates"":[-3.9299999999999997,5.349999999999999]}"
200007_7,7,39.334754943847656,TERRACLIMATE,WA008,2000,"{""type"":""Point"",""coordinates"":[-13.67,9.53]}"
200007_8,7,30.296188354492188,TERRACLIMATE,WA009,2000,"{""type"":""Point"",""coordinates"":[-13.230000000000002,8.489999999999998]}"
200007_9,7,21.95331573486328,TERRACLIMATE,WA010,2000,"{""type"":""Point"",""coordinates"":[-10.799999999999999,6.3]}"
200007_10,7,2.383078098297119,TERRACLIMATE,WA011,2000,"{""type"":""Point"",""coordinates"":[1.22,6.130000000000001]}"
200007_11,7,3.4838626384735107,TERRACLIMATE,WA012,2000,"{""type"":""Point"",""coordinates"":[2.42,6.37]}"
200007_12,7,10.126866340637209,TERRACLIMATE,WA013,2000,"{""type"":""Point"",""coordinates"":[8.52,12.05]}"
200007_13,7,3.776218891143799,TERRACLIMATE,WA014,2000,"{""type"":""Point"",""coordinates"":[-1.62,6.69]}"
200007_14,7,8.43959903717041,TERRACLIMATE,WA015,2000,"{""type"":""Point"",""coordinates"":[-16.680000000000003,13.45]}"
200008_0,8,5.126700878143311,TERRACLIMATE,WA001,2000,"{""type"":""Point"",""coordinates"":[-17.470000000000002,14.73]}"
200008_1,8,7.762112617492676,TERRACLIMATE,WA002,2000,"{""type"":""Point"",""coordinates"":[-7.949999999999998,12.65]}"
200008_2,8,6.524119853973389,TERRACLIMATE,WA003,2000,"{""type"":""Point"",""coordinates"":[-1.5200000000000002,12.360000000000001]}"
200008_3,8,4.443498134613037,TERRACLIMATE,WA004,2000,"{""type"":""Point"",""coordinates"":[2.17,13.51]}"
200008_4,8,10.15739631652832,TERRACLIMATE,WA005,2000,"{""type"":""Point"",""coordinates"":[7.33,9.07]}"
200008_5,8,1.1472238302230835,TERRACLIMATE,WA006,2000,"{""type"":""Point"",""coordinates"":[-0.17,5.56]}"
200008_6,8,0.8588954210281372,TERRACLIMATE,WA007,2000,"{""type"":""Point"",""coordinates"":[-3.9299999999999997,5.349999999999999]}"
200008_7,8,35.54636764526367,TERRACLIMATE,WA008,2000,"{""type"":""Point"",""coordinates"":[-13.67,9.53]}"
200008_8,8,20.136240005493164,TERRACLIMATE,WA009,2000,"{""type"":""Point"",""coordinates"":[-13.230000000000002,8.489999999999998]}"
200008_9,8,14.62051010131836,TERRACLIMATE,WA010,2000,"{""type"":""Point"",""coordinates"":[-10.799999999999999,6.3]}"
200008_10,8,1.3508505821228027,TERRACLIMATE,WA011,2000,"{""type"":""Point"",""coordinates"":[1.22,6.130000000000001]}"
200008_11,8,2.072578430175781,TERRACLIMATE,WA012,2000,"{""type"":""Point"",""coordinates"":[2.42,6.37]}"
200008_12,8,8.622803688049316,TERRACLIMATE,WA013,2000,"{""type"":""Point"",""coordinates"":[8.52,12.05]}"
200008_13,8,2.004024267196656,TERRACLIMATE,WA014,2000,"{""type"":""Point"",""coordinates"":[-1.62,6.69]}"
200008_14,8,10.358612060546877,TERRACLIMATE,WA015,2000,"{""type"":""Point"",""coordinates"":[-16.680000000000003,13.45]}"
200009_0,9,3.4998486042022705,TERRACLIMATE,WA001,2000,"{""type"":""Point"",""coordinates"":[-17.470000000000002,14.73]}"
200009_1,9,2.933344841003418,TERRACLIMATE,WA002,2000,"{""type"":""Point"",""coordinates"":[-7.949999999999998,12.65]}"
200009_2,9,3.8478639125823975,TERRACLIMATE,WA003,2000,"{""type"":""Point"",""coordinates"":[-1.5200000000000002,12.360000000000001]}"
200009_3,9,2.110375165939331,TERRACLIMATE,WA004,2000,"{""type"":""Point"",""coordinates"":[2.17,13.51]}"
200009_4,9,10.247967720031738,TERRACLIMATE,WA005,2000,"{""type"":""Point"",""coordinates"":[7.33,9.07]}"
200009_5,9,1.993818044662476,TERRACLIMATE,WA006,2000,"{""type"":""Point"",""coordinates"":[-0.17,5.56]}"
200009_6,9,1.4000535011291504,TERRACLIMATE,WA007,2000,"{""type"":""Point"",""coordinates"":[-3.9299999999999997,5.349999999999999]}"
200009_7,9,18.79999542236328,TERRACLIMATE,WA008,2000,"{""type"":""Point"",""coordinates"":[-13.67,9.53]}"
200009_8,9,18.124902725219727,TERRACLIMATE,WA009,2000,"{""type"":""Point"",""coordinates"":[-13.230000000000002,8.489999999999998]}"
200009_9,9,19.64588165283203,TERRACLIMATE,WA010,2000,"{""type"":""Point"",""coordinates"":[-10.799999999999999,6.3]}"
200009_10,9,2.547978639602661,TERRACLIMATE,WA011,2000,"{""type"":""Point"",""coordinates"":[1.22,6.130000000000001]}"
200009_11,9,5.033368110656738,TERRACLIMATE,WA012,2000,"{""type"":""Point"",""coordinates"":[2.42,6.37]}"
200009_12,9,4.316555976867676,TERRACLIMATE,WA013,2000,"{""type"":""Point"",""coordinates"":[8.52,12.05]}"
200009_13,9,3.770853996276856,TERRACLIMATE,WA014,2000,"{""type"":""Point"",""coordinates"":[-1.62,6.69]}"
200009_14,9,8.42680549621582,TERRACLIMATE,WA015,2000,"{""type"":""Point"",""coordinates"":[-16.680000000000003,13.45]}"
200010_0,10,3.024106025695801,TERRACLIMATE,WA001,2000,"{""type"":""Point"",""coordinates"":[-17.470000000000002,14.73]}"
200010_1,10,1.6531838178634644,TERRACLIMATE,WA002,2000,"{""type"":""Point"",""coordinates"":[-7.949999999999998,12.65]}"
200010_2,10,1.5866615772247314,TERRACLIMATE,WA003,2000,"{""type"":""Point"",""coordinates"":[-1.5200000000000002,12.360000000000001]}"
200010_3,10,0.0564395487308502,TERRACLIMATE,WA004,2000,"{""type"":""Point"",""coordinates"":[2.17,13.51]}"
200010_4,10,4.82258415222168,TERRACLIMATE,WA005,2000,"{""type"":""Point"",""coordinates"":[7.33,9.07]}"
200010_5,10,1.7702186107635498,TERRACLIMATE,WA006,2000,"{""type"":""Point"",""coordinates"":[-0.17,5.56]}"
200010_6,10,2.2581233978271484,TERRACLIMATE,WA007,2000,"{""type"":""Point"",""coordinates"":[-3.9299999999999997,5.349999999999999]}"
200010_7,10,14.788092613220217,TERRACLIMATE,WA008,2000,"{""type"":""Point"",""coordinates"":[-13.67,9.53]}"
200010_8,10,14.032690048217772,TERRACLIMATE,WA009,2000,"{""type"":""Point"",""coordinates"":[-13.230000000000002,8.489999999999998]}"
200010_9,10,26.4083251953125,TERRACLIMATE,WA010,2000,"{""type"":""Point"",""coordinates"":[-10.799999999999999,6.3]}"
200010_10,10,2.606860399246216,TERRACLIMATE,WA011,2000,"{""type"":""Point"",""coordinates"":[1.22,6.130000000000001]}"
200010_11,10,3.217760801315308,TERRACLIMATE,WA012,2000,"{""type"":""Point"",""coordinates"":[2.42,6.37]}"
200010_12,10,1.1209170818328855,TERRACLIMATE,WA013,2000,"{""type"":""Point"",""coordinates"":[8.52,12.05]}"
200010_13,10,2.911343097686768,TERRACLIMATE,WA014,2000,"{""type"":""Point"",""coordinates"":[-1.62,6.69]}"
200010_14,10,5.054248809814453,TERRACLIMATE,WA015,2000,"{""type"":""Point"",""coordinates"":[-16.680000000000003,13.45]}"
200011_0,11,0.0,TERRACLIMATE,WA001,2000,"{""type"":""Point"",""coordinates"":[-17.470000000000002,14.73]}"
200011_1,11,0.3395663499832153,TERRACLIMATE,WA002,2000,"{""type"":""Point"",""coordinates"":[-7.949999999999998,12.65]}"
200011_2,11,0.0916651785373687,TERRACLIMATE,WA003,2000,"{""type"":""Point"",""coordinates"":[-1.5200000000000002,12.360000000000001]}"
200011_3,11,0.0,TERRACLIMATE,WA004,2000,"{""type"":""Point"",""coordinates"":[2.17,13.51]}"
200011_4,11,0.0,TERRACLIMATE,WA005,2000,"{""type"":""Point"",""coordinates"":[7.33,9.07]}"
200011_5,11,0.9895979166030884,TERRACLIMATE,WA006,2000,"{""type"":""Point"",""coordinates"":[-0.17,5.56]}"
200011_6,11,4.658384799957275,TERRACLIMATE,WA007,2000,"{""type"":""Point"",""coordinates"":[-3.9299999999999997,5.349999999999999]}"
200011_7,11,6.139336109161377,TERRACLIMATE,WA008,2000,"{""type"":""Point"",""coordinates"":[-13.67,9.53]}"
200011_8,11,8.912816047668457,TERRACLIMATE,WA009,2000,"{""type"":""Point"",""coordinates"":[-13.230000000000002,8.489999999999998]}"
200011_9,11,7.538349151611328,TERRACLIMATE,WA010,2000,"{""type"":""Point"",""coordinates"":[-10.799999999999999,6.3]}"
200011_10,11,0.6437485814094543,TERRACLIMATE,WA011,2000,"{""type"":""Point"",""coordinates"":[1.22,6.130000000000001]}"
200011_11,11,0.6000000238418579,TERRACLIMATE,WA012,2000,"{""type"":""Point"",""coordinates"":[2.42,6.37]}"
200011_12,11,0.0,TERRACLIMATE,WA013,2000,"{""type"":""Point"",""coordinates"":[8.52,12.05]}"
200011_13,11,1.7479177713394165,TERRACLIMATE,WA014,2000,"{""type"":""Point"",""coordinates"":[-1.62,6.69]}"
200011_14,11,0.0083210971206426,TERRACLIMATE,WA015,2000,"{""type"":""Point"",""coordinates"":[-16.680000000000003,13.45]}"
200012_0,12,0.0,TERRACLIMATE,WA001,2000,"{""type"":""Point"",""coordinates"":[-17.470000000000002,14.73]}"
200012_1,12,0.0,TERRACLIMATE,WA002,2000,"{""type"":""Point"",""coordinates"":[-7.949999999999998,12.65]}"
200012_2,12,0.0,TERRACLIMATE,WA003,2000,"{""type"":""Point"",""coordinates"":[-1.5200000000000002,12.360000000000001]}"
200012_3,12,0.0,TERRACLIMATE,WA004,2000,"{""type"":""Point"",""coordinates"":[2.17,13.51]}"
200012_4,12,0.0,TERRACLIMATE,WA005,2000,"{""type"":""Point"",""coordinates"":[7.33,9.07]}"
200012_5,12,0.3064566850662231,TERRACLIMATE,WA006,2000,"{""type"":""Point"",""coordinates"":[-0.17,5.56]}"
200012_6,12,0.8407197594642639,TERRACLIMATE,WA007,2000,"{""type"":""Point"",""coordinates"":[-3.9299999999999997,5.349999999999999]}"
200012_7,12,0.0,TERRACLIMATE,WA008,2000,"{""type"":""Point"",""coordinates"":[-13.67,9.53]}"
200012_8,12,0.0,TERRACLIMATE,WA009,2000,"{""type"":""Point"",""coordinates"":[-13.230000000000002,8.489999999999998]}"
200012_9,12,2.841129779815674,TERRACLIMATE,WA010,2000,"{""type"":""Point"",""coordinates"":[-10.799999999999999,6.3]}"
200012_10,12,0.2499990016222,TERRACLIMATE,WA011,2000,"{""type"":""Point"",""coordinates"":[1.22,6.130000000000001]}"
200012_11,12,0.1532279103994369,TERRACLIMATE,WA012,2000,"{""type"":""Point"",""coordinates"":[2.42,6.37]}"
200012_12,12,0.0,TERRACLIMATE,WA013,2000,"{""type"":""Point"",""coordinates"":[8.52,12.05]}"
200012_13,12,0.2177360653877258,TERRACLIMATE,WA014,2000,"{""type"":""Point"",""coordinates"":[-1.62,6.69]}"
200012_14,12,0.0,TERRACLIMATE,WA015,2000,"{""type"":""Point"",""coordinates"":[-16.680000000000003,13.45]}"
200101_0,1,0.0,TERRACLIMATE,WA001,2001,"{""type"":""Point"",""coordinates"":[-17.470000000000002,14.73]}"
200101_1,1,0.0,TERRACLIMATE,WA002,2001,"{""type"":""Point"",""coordinates"":[-7.949999999999998,12.65]}"
200101_2,1,0.0,TERRACLIMATE,WA003,2001,"{""type"":""Point"",""coordinates"":[-1.5200000000000002,12.360000000000001]}"
200101_3,1,0.0,TERRACLIMATE,WA004,2001,"{""type"":""Point"",""coordinates"":[2.17,13.51]}"
200101_4,1,0.0,TERRACLIMATE,WA005,2001,"{""type"":""Point"",""coordinates"":[7.33,9.07]}"
200101_5,1,0.6955859065055847,TERRACLIMATE,WA006,2001,"{""type"":""Point"",""coordinates"":[-0.17,5.56]}"
200101_6,1,0.2338675260543823,TERRACLIMATE,WA007,2001,"{""type"":""Point"",""coordinates"":[-3.9299999999999997,5.349999999999999]}"
200101_7,1,0.0,TERRACLIMATE,WA008,2001,"{""type"":""Point"",""coordinates"":[-13.67,9.53]}"
200101_8,1,0.217730313539505,TERRACLIMATE,WA009,2001,"{""type"":""Point"",""coordinates"":[-13.230000000000002,8.489999999999998]}"
200101_9,1,0.4739579260349273,TERRACLIMATE,WA010,2001,"{""type"":""Point"",""coordinates"":[-10.799999999999999,6.3]}"
200101_10,1,0.6431528329849243,TERRACLIMATE,WA011,2001,"{""type"":""Point"",""coordinates"":[1.22,6.130000000000001]}"
200101_11,1,0.2500020861625671,TERRACLIMATE,WA012,2001,"{""type"":""Point"",""coordinates"":[2.42,6.37]}"
200101_12,1,0.0,TERRACLIMATE,WA013,2001,"{""type"":""Point"",""coordinates"":[8.52,12.05]}"
200101_13,1,0.8225923776626587,TERRACLIMATE,WA014,2001,"{""type"":""Point"",""coordinates"":[-1.62,6.69]}"
200101_14,1,0.0,TERRACLIMATE,WA015,2001,"{""type"":""Point"",""coordinates"":[-16.680000000000003,13.45]}"
,1,0.0,TERRACLIMATE,WA016,2001,
200102_0,2,0.0,TERRACLIMATE,WA001,2001,"{""type"":""Point"",""coordinates"":[-17.470000000000002,14.73]}"
200102_1,2,0.0,TERRACLIMATE,WA002,2001,"{""type"":""Point"",""coordinates"":[-7.949999999999998,12.65]}"
200102_2,2,0.0,TERRACLIMATE,WA003,2001,"{""type"":""Point"",""coordinates"":[-1.5200000000000002,12.360000000000001]}"
200102_3,2,0.0,TERRACLIMATE,WA004,2001,"{""type"":""Point"",""coordinates"":[2.17,13.51]}"
200102_4,2,0.1763422936201095,TERRACLIMATE,WA005,2001,"{""type"":""Point"",""coordinates"":[7.33,9.07]}"
200102_5,2,0.2321431040763855,TERRACLIMATE,WA006,2001,"{""type"":""Point"",""coordinates"":[-0.17,5.56]}"
200102_6,2,2.1250345706939697,TERRACLIMATE,WA007,2001,"{""type"":""Point"",""coordinates"":[-3.9299999999999997,5.349999999999999]}"
200102_7,2,0.0,TERRACLIMATE,WA008,2001,"{""type"":""Point"",""coordinates"":[-13.67,9.53]}"
200102_8,2,0.0982224941253662,TERRACLIMATE,WA009,2001,"{""type"":""Point"",""coordinates"":[-13.230000000000002,8.489999999999998]}"
200102_9,2,1.6287801265716553,TERRACLIMATE,WA010,2001,"{""type"":""Point"",""coordinates"":[-10.799999999999999,6.3]}"
200102_10,2,0.0714285746216774,TERRACLIMATE,WA011,2001,"{""type"":""Point"",""coordinates"":[1.22,6.130000000000001]}"
200102_11,2,0.1071428582072258,TERRACLIMATE,WA012,2001,"{""type"":""Point"",""coordinates"":[2.42,6.37]}"
200102_12,2,0.0,TERRACLIMATE,WA013,2001,"{""type"":""Point"",""coordinates"":[8.52,12.05]}"
200102_13,2,0.9129305481910706,TERRACLIMATE,WA014,2001,"{""type"":""Point"",""coordinates"":[-1.62,6.69]}"
200102_14,2,0.0,TERRACLIMATE,WA015,2001,"{""type"":""Point"",""coordinates"":[-16.680000000000003,13.45]}"
,2,0.0,TERRACLIMATE,WA016,2001,
200103_0,3,0.0,TERRACLIMATE,WA001,2001,"{""type"":""Point"",""coordinates"":[-17.470000000000002,14.73]}"
200103_1,3,0.0,TERRACLIMATE,WA002,2001,"{""type"":""Point"",""coordinates"":[-7.949999999999998,12.65]}"
200103_2,3,0.0,TERRACLIMATE,WA003,2001,"{""type"":""Point"",""coordinates"":[-1.5200000000000002,12.360000000000001]}"
200103_3,3,0.0,TERRACLIMATE,WA004,2001,"{""type"":""Point"",""coordinates"":[2.17,13.51]}"
200103_4,3,0.6733359694480896,TERRACLIMATE,WA005,2001,"{""type"":""Point"",""coordinates"":[7.33,9.07]}"
200103_5,3,1.3528515100479126,TERRACLIMATE,WA006,2001,"{""type"":""Point"",""coordinates"":[-0.17,5.56]}"
200103_6,3,3.405301332473755,TERRACLIMATE,WA007,2001,"{""type"":""Point"",""coordinates"":[-3.9299999999999997,5.349999999999999]}"
200103_7,3,0.0241850260645151,TERRACLIMATE,WA008,2001,"{""type"":""Point"",""coordinates"":[-13.67,9.53]}"
200103_8,3,1.78607439994812,TERRACLIMATE,WA009,2001,"{""type"":""Point"",""coordinates"":[-13.230000000000002,8.489999999999998]}"
200103_9,3,4.272986888885498,TERRACLIMATE,WA010,2001,"{""type"":""Point"",""coordinates"":[-10.799999999999999,6.3]}"
200103_10,3,1.4980019330978394,TERRACLIMATE,WA011,2001,"{""type"":""Point"",""coordinates"":[1.22,6.130000000000001]}"
200103_11,3,1.2903225421905518,TERRACLIMATE,WA012,2001,"{""type"":""Point"",""coordinates"":[2.42,6.37]}"
200103_12,3,0.0,TERRACLIMATE,WA013,2001,"{""type"":""Point"",""coordinates"":[8.52,12.05]}"
200103_13,3,2.0886993408203125,TERRACLIMATE,WA014,2001,"{""type"":""Point"",""coordinates"":[-1.62,6.69]}"
200103_14,3,0.0,TERRACLIMATE,WA015,2001,"{""type"":""Point"",""coordinates"":[-16.680000000000003,13.45]}"
,3,0.0,TERRACLIMATE,WA016,2001,
200104_0,4,0.0,TERRACLIMATE,WA001,2001,"{""type"":""Point"",""coordinates"":[-17.470000000000002,14.73]}"
200104_1,4,0.510383129119873,TERRACLIMATE,WA002,2001,"{""type"":""Point"",""coordinates"":[-7.949999999999998,12.65]}"
200104_2,4,0.5104029178619385,TERRACLIMATE,WA003,2001,"{""type"":""Point"",""coordinates"":[-1.5200000000000002,12.360000000000001]}"
200104_3,4,0.0312463995069265,TERRACLIMATE,WA004,2001,"{""type"":""Point"",""coordinates"":[2.17,13.51]}"
200104_4,4,3.844051837921143,TERRACLIMATE,WA005,2001,"{""type"":""Point"",""coordinates"":[7.33,9.07]}"
200104_5,4,5.718834400177002,TERRACLIMATE,WA006,2001,"{""type"":""Point"",""coordinates"":[-0.17,5.56]}"
200104_6,4,9.960457801818848,TERRACLIMATE,WA007,2001,"{""type"":""Point"",""coordinates"":[-3.9299999999999997,5.349999999999999]}"
200104_7,4,0.1249523162841796,TERRACLIMATE,WA008,2001,"{""type"":""Point"",""coordinates"":[-13.67,9.53]}"
200104_8,4,2.8477725982666016,TERRACLIMATE,WA009,2001,"{""type"":""Point"",""coordinates"":[-13.230000000000002,8.489999999999998]}"
200104_9,4,3.6666667461395264,TERRACLIMATE,WA010,2001,"{""type"":""Point"",""coordinates"":[-10.799999999999999,6.3]}"
200104_10,4,6.0437846183776855,TERRACLIMATE,WA011,2001,"{""type"":""Point"",""coordinates"":[1.22,6.130000000000001]}"
200104_11,4,4.683311462402344,TERRACLIMATE,WA012,2001,"{""type"":""Point"",""coordinates"":[2.42,6.37]}"
200104_12,4,0.8499334454536438,TERRACLIMATE,WA013,2001,"{""type"":""Point"",""coordinates"":[8.52,12.05]}"
200104_13,4,8.572874069213867,TERRACLIMATE,WA014,2001,"{""type"":""Point"",""coordinates"":[-1.62,6.69]}"
200104_14,4,0.0,TERRACLIMATE,WA015,2001,"{""type"":""Point"",""coordinates"":[-16.680000000000003,13.45]}"
,4,0.0,TERRACLIMATE,WA016,2001,
200105_0,5,0.0,TERRACLIMATE,WA001,2001,"{""type"":""Point"",""coordinates"":[-17.470000000000002,14.73]}"
200105_1,5,1.8667629957199097,TERRACLIMATE,WA002,2001,"{""type"":""Point"",""coordinates"":[-7.949999999999998,12.65]}"
200105_2,5,0.9536170959472656,TERRACLIMATE,WA003,2001,"{""type"":""Point"",""coordinates"":[-1.5200000000000002,12.360000000000001]}"
200105_3,5,0.3790099918842315,TERRACLIMATE,WA004,2001,"{""type"":""Point"",""coordinates"":[2.17,13.51]}"
200105_4,5,5.375204563140869,TERRACLIMATE,WA005,2001,"{""type"":""Point"",""coordinates"":[7.33,9.07]}"
200105_5,5,6.167347431182861,TERRACLIMATE,WA006,2001,"{""type"":""Point"",""coordinates"":[-0.17,5.56]}"
200105_6,5,8.596705436706543,TERRACLIMATE,WA007,2001,"{""type"":""Point"",""coordinates"":[-3.9299999999999997,5.349999999999999]}"
200105_7,5,1.9208117723464968,TERRACLIMATE,WA008,2001,"{""type"":""Point"",""coordinates"":[-13.67,9.53]}"
200105_8,5,7.695484161376953,TERRACLIMATE,WA009,2001,"{""type"":""Point"",""coordinates"":[-13.230000000000002,8.489999999999998]}"
200105_9,5,10.538460731506348,TERRACLIMATE,WA010,2001,"{""type"":""Point"",""coordinates"":[-10.799999999999999,6.3]}"
200105_10,5,6.903205394744873,TERRACLIMATE,WA011,2001,"{""type"":""Point"",""coordinates"":[1.22,6.130000000000001]}"
200105_11,5,6.8548431396484375,TERRACLIMATE,WA012,2001,"{""type"":""Point"",""coordinates"":[2.42,6.37]}"
200105_12,5,2.2398135662078857,TERRACLIMATE,WA013,2001,"{""type"":""Point"",""coordinates"":[8.52,12.05]}"
200105_13,5,5.745909690856934,TERRACLIMATE,WA014,2001,"{""type"":""Point"",""coordinates"":[-1.62,6.69]}"
200105_14,5,0.0,TERRACLIMATE,WA015,2001,"{""type"":""Point"",""coordinates"":[-16.680000000000003,13.45]}"
,5,0.0,TERRACLIMATE,WA016,2001,
200106_0,6,0.3040884733200073,TERRACLIMATE,WA001,2001,"{""type"":""Point"",""coordinates"":[-17.470000000000002,14.73]}"
200106_1,6,5.147864818572998,TERRACLIMATE,WA002,2001,"{""type"":""Point"",""coordinates"":[-7.949999999999998,12.65]}"
200106_2,6,2.629173040390014,TERRACLIMATE,WA003,2001,"{""type"":""Point"",""coordinates"":[-1.5200000000000002,12.360000000000001]}"
200106_3,6,2.854059934616089,TERRACLIMATE,WA004,2001,"{""type"":""Point"",""coordinates"":[2.17,13.51]}"
200106_4,6,5.74163818359375,TERRACLIMATE,WA005,2001,"{""type"":""Point"",""coordinates"":[7.33,9.07]}"
200106_5,6,5.491698265075684,TERRACLIMATE,WA006,2001,"{""type"":""Point"",""coordinates"":[-0.17,5.56]}"
200106_6,6,17.245555877685547,TERRACLIMATE,WA007,2001,"{""type"":""Point"",""coordinates"":[-3.9299999999999997,5.349999999999999]}"
200106_7,6,17.285768508911133,TERRACLIMATE,WA008,2001,"{""type"":""Point"",""coordinates"":[-13.67,9.53]}"
200106_8,6,13.212496757507324,TERRACLIMATE,WA009,2001,"{""type"":""Point"",""coordinates"":[-13.230000000000002,8.489999999999998]}"
200106_9,6,28.89181327819824,TERRACLIMATE,WA010,2001,"{""type"":""Point"",""coordinates"":[-10.799999999999999,6.3]}"
200106_10,6,5.235377788543701,TERRACLIMATE,WA011,2001,"{""type"":""Point"",""coordinates"":[1.22,6.130000000000001]}"
200106_11,6,8.400016784667969,TERRACLIMATE,WA012,2001,"{""type"":""Point"",""coordinates"":[2.42,6.37]}"
200106_12,6,3.399876594543457,TERRACLIMATE,WA013,2001,"{""type"":""Point"",""coordinates"":[8.52,12.05]}"
200106_13,6,6.02714729309082,TERRACLIMATE,WA014,2001,"{""type"":""Point"",""coordinates"":[-1.62,6.69]}"
200106_14,6,2.9310624599456787,TERRACLIMATE,WA015,2001,"{""type"":""Point"",""coordinates"":[-16.680000000000003,13.45]}"
,6,0.16871941,TERRACLIMATE,WA016,2001,
200107_0,7,2.4674391746521,TERRACLIMATE,WA001,2001,"{""type"":""Point"",""coordinates"":[-17.470000000000002,14.73]}"
200107_1,7,7.570606708526611,TERRACLIMATE,WA002,2001,"{""type"":""Point"",""coordinates"":[-7.949999999999998,12.65]}"
200107_2,7,6.262097835540772,TERRACLIMATE,WA003,2001,"{""type"":""Point"",""coordinates"":[-1.5200000000000002,12.360000000000001]}"
200107_3,7,4.824449062347412,TERRACLIMATE,WA004,2001,"{""type"":""Point"",""coordinates"":[2.17,13.51]}"
200107_4,7,8.23819351196289,TERRACLIMATE,WA005,2001,"{""type"":""Point"",""coordinates"":[7.33,9.07]}"
200107_5,7,1.0806702375411987,TERRACLIMATE,WA006,2001,"{""type"":""Point"",""coordinates"":[-0.17,5.56]}"
200107_6,7,5.649162292480469,TERRACLIMATE,WA007,2001,"{""type"":""Point"",""coordinates"":[-3.9299999999999997,5.349999999999999]}"
200107_7,7,33.29642105102539,TERRACLIMATE,WA008,2001,"{""type"":""Point"",""coordinates"":[-13.67,9.53]}"
200107_8,7,24.512863159179688,TERRACLIMATE,WA009,2001,"{""type"":""Point"",""coordinates"":[-13.230000000000002,8.489999999999998]}"
200107_9,7,19.076929092407227,TERRACLIMATE,WA010,2001,"{""type"":""Point"",""coordinates"":[-10.799999999999999,6.3]}"
200107_10,7,1.241937518119812,TERRACLIMATE,WA011,2001,"{""type"":""Point"",""coordinates"":[1.22,6.130000000000001]}"
200107_11,7,1.879030108451844,TERRACLIMATE,WA012,2001,"{""type"":""Point"",""coordinates"":[2.42,6.37]}"
200107_12,7,8.41314697265625,TERRACLIMATE,WA013,2001,"{""type"":""Point"",""coordinates"":[8.52,12.05]}"
200107_13,7,2.173395156860352,TERRACLIMATE,WA014,2001,"{""type"":""Point"",""coordinates"":[-1.62,6.69]}"
200107_14,7,7.485759735107422,TERRACLIMATE,WA015,2001,"{""type"":""Point"",""coordinates"":[-16.680000000000003,13.45]}"
,7,0.2580344,TERRACLIMATE,WA016,2001,
200108_0,8,3.8384838104248047,TERRACLIMATE,WA001,2001,"{""type"":""Point"",""coordinates"":[-17.470000000000002,14.73]}"
200108_1,8,7.391130924224853,TERRACLIMATE,WA002,2001,"{""type"":""Point"",""coordinates"":[-7.949999999999998,12.65]}"
200108_2,8,7.306429862976074,TERRACLIMATE,WA003,2001,"{""type"":""Point"",""coordinates"":[-1.5200000000000002,12.360000000000001]}"
200108_3,8,4.471701145172119,TERRACLIMATE,WA004,2001,"{""type"":""Point"",""coordinates"":[2.17,13.51]}"
200108_4,8,9.40760326385498,TERRACLIMATE,WA005,2001,"{""type"":""Point"",""coordinates"":[7.33,9.07]}"
200108_5,8,0.3225956857204437,TERRACLIMATE,WA006,2001,"{""type"":""Point"",""coordinates"":[-0.17,5.56]}"
200108_6,8,0.9334840178489684,TERRACLIMATE,WA007,2001,"{""type"":""Point"",""coordinates"":[-3.9299999999999997,5.349999999999999]}"
200108_7,8,26.2479190826416,TERRACLIMATE,WA008,2001,"{""type"":""Point"",""coordinates"":[-13.67,9.53]}"
200108_8,8,25.111507415771484,TERRACLIMATE,WA009,2001,"{""type"":""Point"",""coordinates"":[-13.230000000000002,8.489999999999998]}"
200108_9,8,15.218476295471191,TERRACLIMATE,WA010,2001,"{""type"":""Point"",""coordinates"":[-10.799999999999999,6.3]}"
200108_10,8,0.3790440857410431,TERRACLIMATE,WA011,2001,"{""type"":""Point"",""coordinates"":[1.22,6.130000000000001]}"
200108_11,8,0.5403246879577637,TERRACLIMATE,WA012,2001,"{""type"":""Point"",""coordinates"":[2.42,6.37]}"
200108_12,8,10.538131713867188,TERRACLIMATE,WA013,2001,"{""type"":""Point"",""coordinates"":[8.52,12.05]}"
200108_13,8,1.3710379600524902,TERRACLIMATE,WA014,2001,"{""type"":""Point"",""coordinates"":[-1.62,6.69]}"
200108_14,8,7.618734836578369,TERRACLIMATE,WA015,2001,"{""type"":""Point"",""coordinates"":[-16.680000000000003,13.45]}"
,8,1.3023762,TERRACLIMATE,WA016,2001,
200109_0,9,4.279056549072266,TERRACLIMATE,WA001,2001,"{""type"":""Point"",""coordinates"":[-17.470000000000002,14.73]}"
200109_1,9,4.308383941650391,TERRACLIMATE,WA002,2001,"{""type"":""Point"",""coordinates"":[-7.949999999999998,12.65]}"
200109_2,9,3.5832910537719727,TERRACLIMATE,WA003,2001,"{""type"":""Point"",""coordinates"":[-1.5200000000000002,12.360000000000001]}"
200109_3,9,3.4728047847747803,TERRACLIMATE,WA004,2001,"{""type"":""Point"",""coordinates"":[2.17,13.51]}"
200109_4,9,9.952400207519531,TERRACLIMATE,WA005,2001,"{""type"":""Point"",""coordinates"":[7.33,9.07]}"
200109_5,9,2.950103282928467,TERRACLIMATE,WA006,2001,"{""type"":""Point"",""coordinates"":[-0.17,5.56]}"
200109_6,9,1.2166764736175537,TERRACLIMATE,WA007,2001,"{""type"":""Point"",""coordinates"":[-3.9299999999999997,5.349999999999999]}"
200109_7,9,15.21869945526123,TERRACLIMATE,WA008,2001,"{""type"":""Point"",""coordinates"":[-13.67,9.53]}"
200109_8,9,14.925477027893066,TERRACLIMATE,WA009,2001,"{""type"":""Point"",""coordinates"":[-13.230000000000002,8.489999999999998]}"
200109_9,9,15.87421989440918,TERRACLIMATE,WA010,2001,"{""type"":""Point"",""coordinates"":[-10.799999999999999,6.3]}"
200109_10,9,3.331341028213501,TERRACLIMATE,WA011,2001,"{""type"":""Point"",""coordinates"":[1.22,6.130000000000001]}"
200109_11,9,4.316679954528809,TERRACLIMATE,WA012,2001,"{""type"":""Point"",""coordinates"":[2.42,6.37]}"
200109_12,9,4.331121921539307,TERRACLIMATE,WA013,2001,"{""type"":""Point"",""coordinates"":[8.52,12.05]}"
200109_13,9,7.656261444091797,TERRACLIMATE,WA014,2001,"{""type"":""Point"",""coordinates"":[-1.62,6.69]}"
200109_14,9,7.67271089553833,TERRACLIMATE,WA015,2001,"{""type"":""Point"",""coordinates"":[-16.680000000000003,13.45]}"
,9,2.3769407,TERRACLIMATE,WA016,2001,
200110_0,10,0.5201317071914673,TERRACLIMATE,WA001,2001,"{""type"":""Point"",""coordinates"":[-17.470000000000002,14.73]}"
200110_1,10,1.0967657566070557,TERRACLIMATE,WA002,2001,"{""type"":""Point"",""coordinates"":[-7.949999999999998,12.65]}"
200110_2,10,0.6733933091163635,TERRACLIMATE,WA003,2001,"{""type"":""Point"",""coordinates"":[-1.5200000000000002,12.360000000000001]}"
200110_3,10,0.0564395487308502,TERRACLIMATE,WA004,2001,"{""type"":""Point"",""coordinates"":[2.17,13.51]}"
200110_4,10,3.056193351745605,TERRACLIMATE,WA005,2001,"{""type"":""Point"",""coordinates"":[7.33,9.07]}"
200110_5,10,1.4718167781829834,TERRACLIMATE,WA006,2001,"{""type"":""Point"",""coordinates"":[-0.17,5.56]}"
200110_6,10,5.078641414642334,TERRACLIMATE,WA007,2001,"{""type"":""Point"",""coordinates"":[-3.9299999999999997,5.349999999999999]}"
200110_7,10,6.755637168884277,TERRACLIMATE,WA008,2001,"{""type"":""Point"",""coordinates"":[-13.67,9.53]}"
200110_8,10,7.943604469299316,TERRACLIMATE,WA009,2001,"{""type"":""Point"",""coordinates"":[-13.230000000000002,8.489999999999998]}"
200110_9,10,15.565680503845217,TERRACLIMATE,WA010,2001,"{""type"":""Point"",""coordinates"":[-10.799999999999999,6.3]}"
200110_10,10,1.7197611331939695,TERRACLIMATE,WA011,2001,"{""type"":""Point"",""coordinates"":[1.22,6.130000000000001]}"
200110_11,10,1.8871009349823,TERRACLIMATE,WA012,2001,"{""type"":""Point"",""coordinates"":[2.42,6.37]}"
200110_12,10,0.0,TERRACLIMATE,WA013,2001,"{""type"":""Point"",""coordinates"":[8.52,12.05]}"
200110_13,10,3.22382926940918,TERRACLIMATE,WA014,2001,"{""type"":""Point"",""coordinates"":[-1.62,6.69]}"
200110_14,10,1.5563511848449707,TERRACLIMATE,WA015,2001,"{""type"":""Point"",""coordinates"":[-16.680000000000003,13.45]}"
,10,0.032258064,TERRACLIMATE,WA016,2001,
200111_0,11,0.4915796518325805,TERRACLIMATE,WA001,2001,"{""type"":""Point"",""coordinates"":[-17.470000000000002,14.73]}"
200111_1,11,0.0249884519726037,TERRACLIMATE,WA002,2001,"{""type"":""Point"",""coordinates"":[-7.949999999999998,12.65]}"
200111_2,11,0.0,TERRACLIMATE,WA003,2001,"{""type"":""Point"",""coordinates"":[-1.5200000000000002,12.360000000000001]}"
200111_3,11,0.0,TERRACLIMATE,WA004,2001,"{""type"":""Point"",""coordinates"":[2.17,13.51]}"
200111_4,11,0.2000032067298889,TERRACLIMATE,WA005,2001,"{""type"":""Point"",""coordinates"":[7.33,9.07]}"
200111_5,11,1.168767333030701,TERRACLIMATE,WA006,2001,"{""type"":""Point"",""coordinates"":[-0.17,5.56]}"
200111_6,11,6.406260013580322,TERRACLIMATE,WA007,2001,"{""type"":""Point"",""coordinates"":[-3.9299999999999997,5.349999999999999]}"
200111_7,11,4.735931873321533,TERRACLIMATE,WA008,2001,"{""type"":""Point"",""coordinates"":[-13.67,9.53]}"
200111_8,11,4.218632221221924,TERRACLIMATE,WA009,2001,"{""type"":""Point"",""coordinates"":[-13.230000000000002,8.489999999999998]}"
200111_9,11,7.722672939300537,TERRACLIMATE,WA010,2001,"{""type"":""Point"",""coordinates"":[-10.799999999999999,6.3]}"
200111_10,11,0.61458420753479,TERRACLIMATE,WA011,2001,"{""type"":""Point"",""coordinates"":[1.22,6.130000000000001]}"
200111_11,11,0.4000000059604645,TERRACLIMATE,WA012,2001,"{""type"":""Point"",""coordinates"":[2.42,6.37]}"
200111_12,11,0.0,TERRACLIMATE,WA013,2001,"{""type"":""Point"",""coordinates"":[8.52,12.05]}"
200111_13,11,2.531258583068848,TERRACLIMATE,WA014,2001,"{""type"":""Point"",""coordinates"":[-1.62,6.69]}"
200111_14,11,1.5539546012878418,TERRACLIMATE,WA015,2001,"{""type"":""Point"",""coordinates"":[-16.680000000000003,13.45]}"
,11,0.08333539,TERRACLIMATE,WA016,2001,
200112_0,12,0.0,TERRACLIMATE,WA001,2001,"{""type"":""Point"",""coordinates"":[-17.470000000000002,14.73]}"
200112_1,12,0.0,TERRACLIMATE,WA002,2001,"{""type"":""Point"",""coordinates"":[-7.949999999999998,12.65]}"
200112_2,12,0.0221593249589204,TERRACLIMATE,WA003,2001,"{""type"":""Point"",""coordinates"":[-1.5200000000000002,12.360000000000001]}"
200112_3,12,0.0,TERRACLIMATE,WA004,2001,"{""type"":""Point"",""coordinates"":[2.17,13.51]}"
200112_4,12,0.0,TERRACLIMATE,WA005,2001,"{""type"":""Point"",""coordinates"":[7.33,9.07]}"
200112_5,12,0.2076651006937027,TERRACLIMATE,WA006,2001,"{""type"":""Point"",""coordinates"":[-0.17,5.56]}"
200112_6,12,0.7419328093528748,TERRACLIMATE,WA007,2001,"{""type"":""Point"",""coordinates"":[-3.9299999999999997,5.349999999999999]}"
200112_7,12,0.0483700521290302,TERRACLIMATE,WA008,2001,"{""type"":""Point"",""coordinates"":[-13.67,9.53]}"
200112_8,12,0.6007959246635437,TERRACLIMATE,WA009,2001,"{""type"":""Point"",""coordinates"":[-13.230000000000002,8.489999999999998]}"
200112_9,12,1.674935817718506,TERRACLIMATE,WA010,2001,"{""type"":""Point"",""coordinates"":[-10.799999999999999,6.3]}"
200112_10,12,0.1532248109579086,TERRACLIMATE,WA011,2001,"{""type"":""Point"",""coordinates"":[1.22,6.130000000000001]}"
200112_11,12,0.1612903177738189,TERRACLIMATE,WA012,2001,"{""type"":""Point"",""coordinates"":[2.42,6.37]}"
200112_12,12,0.0,TERRACLIMATE,WA013,2001,"{""type"":""Point"",""coordinates"":[8.52,12.05]}"
200112_13,12,0.0564501732587814,TERRACLIMATE,WA014,2001,"{""type"":""Point"",""coordinates"":[-1.62,6.69]}"
200112_14,12,0.0,TERRACLIMATE,WA015,2001,"{""type"":""Point"",""coordinates"":[-16.680000000000003,13.45]}"
,12,0.0,TERRACLIMATE,WA016,2001,
200201_0,1,0.088725060224533,TERRACLIMATE,WA001,2002,"{""type"":""Point"",""coordinates"":[-17.470000000000002,14.73]}"
200201_1,1,0.0,TERRACLIMATE,WA002,2002,"{""type"":""Point"",""coordinates"":[-7.949999999999998,12.65]}"
200201_2,1,0.0,TERRACLIMATE,WA003,2002,"{""type"":""Point"",""coordinates"":[-1.5200000000000002,12.360000000000001]}"
200201_3,1,0.0,TERRACLIMATE,WA004,2002,"{""type"":""Point"",""coordinates"":[2.17,13.51]}"
200201_4,1,0.0,TERRACLIMATE,WA005,2002,"{""type"":""Point"",""coordinates"":[7.33,9.07]}"
200201_5,1,0.70970219373703,TERRACLIMATE,WA006,2002,"{""type"":""Point"",""coordinates"":[-0.17,5.56]}"
200201_6,1,0.3407319486141205,TERRACLIMATE,WA007,2002,"{""type"":""Point"",""coordinates"":[-3.9299999999999997,5.349999999999999]}"
200201_7,1,0.0,TERRACLIMATE,WA008,2002,"{""type"":""Point"",""coordinates"":[-13.67,9.53]}"
200201_8,1,0.76002037525177,TERRACLIMATE,WA009,2002,"{""type"":""Point"",""coordinates"":[-13.230000000000002,8.489999999999998]}"
200201_9,1,3.004903554916382,TERRACLIMATE,WA010,2002,"{""type"":""Point"",""coordinates"":[-10.799999999999999,6.3]}"
200201_10,1,1.6572625637054443,TERRACLIMATE,WA011,2002,"{""type"":""Point"",""coordinates"":[1.22,6.130000000000001]}"
200201_11,1,1.4113092422485352,TERRACLIMATE,WA012,2002,"{""type"":""Point"",""coordinates"":[2.42,6.37]}"
200201_12,1,0.0,TERRACLIMATE,WA013,2002,"{""type"":""Point"",""coordinates"":[8.52,12.05]}"
200201_13,1,0.1350846737623214,TERRACLIMATE,WA014,2002,"{""type"":""Point"",""coordinates"":[-1.62,6.69]}"
200201_14,1,0.0585068576037883,TERRACLIMATE,WA015,2002,"{""type"":""Point"",""coordinates"":[-16.680000000000003,13.45]}"
,1,0.0,TERRACLIMATE,WA016,2002,
200202_0,2,0.0,TERRACLIMATE,WA001,2002,"{""type"":""Point"",""coordinates"":[-17.470000000000002,14.73]}"
200202_1,2,0.02679343521595,TERRACLIMATE,WA002,2002,"{""type"":""Point"",""coordinates"":[-7.949999999999998,12.65]}"
200202_2,2,0.0,TERRACLIMATE,WA003,2002,"{""type"":""Point"",""coordinates"":[-1.5200000000000002,12.360000000000001]}"
200202_3,2,0.0,TERRACLIMATE,WA004,2002,"{""type"":""Point"",""coordinates"":[2.17,13.51]}"
200202_4,2,0.2165182828903198,TERRACLIMATE,WA005,2002,"{""type"":""Point"",""coordinates"":[7.33,9.07]}"
200202_5,2,0.9732423424720764,TERRACLIMATE,WA006,2002,"{""type"":""Point"",""coordinates"":[-0.17,5.56]}"
200202_6,2,1.886189222335816,TERRACLIMATE,WA007,2002,"{""type"":""Point"",""coordinates"":[-3.9299999999999997,5.349999999999999]}"
200202_7,2,0.0,TERRACLIMATE,WA008,2002,"{""type"":""Point"",""coordinates"":[-13.67,9.53]}"
200202_8,2,0.5535210967063904,TERRACLIMATE,WA009,2002,"{""type"":""Point"",""coordinates"":[-13.230000000000002,8.489999999999998]}"
200202_9,2,2.131834983825684,TERRACLIMATE,WA010,2002,"{""type"":""Point"",""coordinates"":[-10.799999999999999,6.3]}"
200202_10,2,0.4821455478668213,TERRACLIMATE,WA011,2002,"{""type"":""Point"",""coordinates"":[1.22,6.130000000000001]}"
200202_11,2,0.0803548172116279,TERRACLIMATE,WA012,2002,"{""type"":""Point"",""coordinates"":[2.42,6.37]}"
200202_12,2,0.0,TERRACLIMATE,WA013,2002,"{""type"":""Point"",""coordinates"":[8.52,12.05]}"
200202_13,2,0.9642646312713624,TERRACLIMATE,WA014,2002,"{""type"":""Point"",""coordinates"":[-1.62,6.69]}"
200202_14,2,0.0,TERRACLIMATE,WA015,2002,"{""type"":""Point"",""coordinates"":[-16.680000000000003,13.45]}"
,2,0.0,TERRACLIMATE,WA016,2002,
200203_0,3,0.0,TERRACLIMATE,WA001,2002,"{""type"":""Point"",""coordinates"":[-17.470000000000002,14.73]}"
200203_1,3,0.0967741906642913,TERRACLIMATE,WA002,2002,"{""type"":""Point"",""coordinates"":[-7.949999999999998,12.65]}"
200203_2,3,0.0,TERRACLIMATE,WA003,2002,"{""type"":""Point"",""coordinates"":[-1.5200000000000002,12.360000000000001]}"
200203_3,3,0.0,TERRACLIMATE,WA004,2002,"{""type"":""Point"",""coordinates"":[2.17,13.51]}"
200203_4,3,0.6733359694480896,TERRACLIMATE,WA005,2002,"{""type"":""Point"",""coordinates"":[7.33,9.07]}"
200203_5,3,1.9194051027297967,TERRACLIMATE,WA006,2002,"{""type"":""Point"",""coordinates"":[-0.17,5.56]}"
200203_6,3,4.21780252456665,TERRACLIMATE,WA007,2002,"{""type"":""Point"",""coordinates"":[-3.9299999999999997,5.349999999999999]}"
200203_7,3,0.0241850260645151,TERRACLIMATE,WA008,2002,"{""type"":""Point"",""coordinates"":[-13.67,9.53]}"
200203_8,3,0.8708693385124207,TERRACLIMATE,WA009,2002,"{""type"":""Point"",""coordinates"":[-13.230000000000002,8.489999999999998]}"
200203_9,3,2.412066698074341,TERRACLIMATE,WA010,2002,"{""type"":""Point"",""coordinates"":[-10.799999999999999,6.3]}"
200203_10,3,2.052450180053711,TERRACLIMATE,WA011,2002,"{""type"":""Point"",""coordinates"":[1.22,6.130000000000001]}"
200203_11,3,2.0161333084106445,TERRACLIMATE,WA012,2002,"{""type"":""Point"",""coordinates"":[2.42,6.37]}"
200203_12,3,0.0,TERRACLIMATE,WA013,2002,"{""type"":""Point"",""coordinates"":[8.52,12.05]}"
200203_13,3,4.499954700469971,TERRACLIMATE,WA014,2002,"{""type"":""Point"",""coordinates"":[-1.62,6.69]}"
200203_14,3,0.0,TERRACLIMATE,WA015,2002,"{""type"":""Point"",""coordinates"":[-16.680000000000003,13.45]}"
,3,0.0,TERRACLIMATE,WA016,2002,
200204_0,4,0.0,TERRACLIMATE,WA001,2002,"{""type"":""Point"",""coordinates"":[-17.470000000000002,14.73]}"
200204_1,4,0.6270454525947571,TERRACLIMATE,WA002,2002,"{""type"":""Point"",""coordinates"":[-7.949999999999998,12.65]}"
200204_2,4,0.3999871909618377,TERRACLIMATE,WA003,2002,"{""type"":""Point"",""coordinates"":[-1.5200000000000002,12.360000000000001]}"
200204_3,4,0.0520725287497043,TERRACLIMATE,WA004,2002,"{""type"":""Point"",""coordinates"":[2.17,13.51]}"
200204_4,4,2.283140182495117,TERRACLIMATE,WA005,2002,"{""type"":""Point"",""coordinates"":[7.33,9.07]}"
200204_5,4,5.21882963180542,TERRACLIMATE,WA006,2002,"{""type"":""Point"",""coordinates"":[-0.17,5.56]}"
200204_6,4,4.943724632263184,TERRACLIMATE,WA007,2002,"{""type"":""Point"",""coordinates"":[-3.9299999999999997,5.349999999999999]}"
200204_7,4,0.5957728028297424,TERRACLIMATE,WA008,2002,"{""type"":""Point"",""coordinates"":[-13.67,9.53]}"
200204_8,4,1.0479332208633425,TERRACLIMATE,WA009,2002,"{""type"":""Point"",""coordinates"":[-13.230000000000002,8.489999999999998]}"
200204_9,4,4.077150821685791,TERRACLIMATE,WA010,2002,"{""type"":""Point"",""coordinates"":[-10.799999999999999,6.3]}"
200204_10,4,4.895849704742432,TERRACLIMATE,WA011,2002,"{""type"":""Point"",""coordinates"":[1.22,6.130000000000001]}"
200204_11,4,4.366649627685547,TERRACLIMATE,WA012,2002,"{""type"":""Point"",""coordinates"":[2.42,6.37]}"
200204_12,4,0.0333333350718021,TERRACLIMATE,WA013,2002,"{""type"":""Point"",""coordinates"":[8.52,12.05]}"
200204_13,4,7.995780944824219,TERRACLIMATE,WA014,2002,"{""type"":""Point"",""coordinates"":[-1.62,6.69]}"
200204_14,4,0.0,TERRACLIMATE,WA015,2002,"{""type"":""Point"",""coordinates"":[-16.680000000000003,13.45]}"
,4,0.0,TERRACLIMATE,WA016,2002,
200205_0,5,0.0,TERRACLIMATE,WA001,2002,"{""type"":""Point"",""coordinates"":[-17.470000000000002,14.73]}"
200205_1,5,0.8386831283569336,TERRACLIMATE,WA002,2002,"{""type"":""Point"",""coordinates"":[-7.949999999999998,12.65]}"
200205_2,5,1.4354933500289917,TERRACLIMATE,WA003,2002,"{""type"":""Point"",""coordinates"":[-1.5200000000000002,12.360000000000001]}"
200205_3,5,0.3971447050571441,TERRACLIMATE,WA004,2002,"{""type"":""Point"",""coordinates"":[2.17,13.51]}"
200205_4,5,4.205457210540772,TERRACLIMATE,WA005,2002,"{""type"":""Point"",""coordinates"":[7.33,9.07]}"
200205_5,5,4.877025604248047,TERRACLIMATE,WA006,2002,"{""type"":""Point"",""coordinates"":[-0.17,5.56]}"
200205_6,5,7.959601879119873,TERRACLIMATE,WA007,2002,"{""type"":""Point"",""coordinates"":[-3.9299999999999997,5.349999999999999]}"
200205_7,5,3.5501441955566406,TERRACLIMATE,WA008,2002,"{""type"":""Point"",""coordinates"":[-13.67,9.53]}"
200205_8,5,4.290424346923828,TERRACLIMATE,WA009,2002,"{""type"":""Point"",""coordinates"":[-13.230000000000002,8.489999999999998]}"
200205_9,5,6.076948165893555,TERRACLIMATE,WA010,2002,"{""type"":""Point"",""coordinates"":[-10.799999999999999,6.3]}"
200205_10,5,4.20563268661499,TERRACLIMATE,WA011,2002,"{""type"":""Point"",""coordinates"":[1.22,6.130000000000001]}"
200205_11,5,3.790326833724976,TERRACLIMATE,WA012,2002,"{""type"":""Point"",""coordinates"":[2.42,6.37]}"
200205_12,5,0.3709493577480316,TERRACLIMATE,WA013,2002,"{""type"":""Point"",""coordinates"":[8.52,12.05]}"
200205_13,5,6.026195526123047,TERRACLIMATE,WA014,2002,"{""type"":""Point"",""coordinates"":[-1.62,6.69]}"
200205_14,5,0.0322580635547637,TERRACLIMATE,WA015,2002,"{""type"":""Point"",""coordinates"":[-16.680000000000003,13.45]}"
,5,0.0,TERRACLIMATE,WA016,2002,
200206_0,6,0.4457392394542694,TERRACLIMATE,WA001,2002,"{""type"":""Point"",""coordinates"":[-17.470000000000002,14.73]}"
200206_1,6,2.593740940093994,TERRACLIMATE,WA002,2002,"{""type"":""Point"",""coordinates"":[-7.949999999999998,12.65]}"
200206_2,6,2.154139280319214,TERRACLIMATE,WA003,2002,"{""type"":""Point"",""coordinates"":[-1.5200000000000002,12.360000000000001]}"
200206_3,6,2.654059886932373,TERRACLIMATE,WA004,2002,"{""type"":""Point"",""coordinates"":[2.17,13.51]}"
200206_4,6,5.489458560943604,TERRACLIMATE,WA005,2002,"{""type"":""Point"",""coordinates"":[7.33,9.07]}"
200206_5,6,10.077131271362305,TERRACLIMATE,WA006,2002,"{""type"":""Point"",""coordinates"":[-0.17,5.56]}"
200206_6,6,16.01434326171875,TERRACLIMATE,WA007,2002,"{""type"":""Point"",""coordinates"":[-3.9299999999999997,5.349999999999999]}"
200206_7,6,10.218830108642578,TERRACLIMATE,WA008,2002,"{""type"":""Point"",""coordinates"":[-13.67,9.53]}"
200206_8,6,10.899737358093262,TERRACLIMATE,WA009,2002,"{""type"":""Point"",""coordinates"":[-13.230000000000002,8.489999999999998]}"
200206_9,6,38.95837020874024,TERRACLIMATE,WA010,2002,"{""type"":""Point"",""coordinates"":[-10.799999999999999,6.3]}"
200206_10,6,10.72075366973877,TERRACLIMATE,WA011,2002,"{""type"":""Point"",""coordinates"":[1.22,6.130000000000001]}"
200206_11,6,14.899999618530272,TERRACLIMATE,WA012,2002,"{""type"":""Point"",""coordinates"":[2.42,6.37]}"
200206_12,6,1.8749319314956665,TERRACLIMATE,WA013,2002,"{""type"":""Point"",""coordinates"":[8.52,12.05]}"
200206_13,6,7.991683483123779,TERRACLIMATE,WA014,2002,"{""type"":""Point"",""coordinates"":[-1.62,6.69]}"
200206_14,6,1.6853896379470823,TERRACLIMATE,WA015,2002,"{""type"":""Point"",""coordinates"":[-16.680000000000003,13.45]}"
,6,0.033333335,TERRACLIMATE,WA016,2002,
200207_0,7,0.3124544620513916,TERRACLIMATE,WA001,2002,"{""type"":""Point"",""coordinates"":[-17.470000000000002,14.73]}"
200207_1,7,4.834739685058594,TERRACLIMATE,WA002,2002,"{""type"":""Point"",""coordinates"":[-7.949999999999998,12.65]}"
200207_2,7,5.770148277282715,TERRACLIMATE,WA003,2002,"{""type"":""Point"",""coordinates"":[-1.5200000000000002,12.360000000000001]}"
200207_3,7,3.435332536697388,TERRACLIMATE,WA004,2002,"{""type"":""Point"",""coordinates"":[2.17,13.51]}"
200207_4,7,8.151446342468262,TERRACLIMATE,WA005,2002,"{""type"":""Point"",""coordinates"":[7.33,9.07]}"
200207_5,7,2.923455238342285,TERRACLIMATE,WA006,2002,"{""type"":""Point"",""coordinates"":[-0.17,5.56]}"
200207_6,7,8.149144172668457,TERRACLIMATE,WA007,2002,"{""type"":""Point"",""coordinates"":[-3.9299999999999997,5.349999999999999]}"
200207_7,7,28.732702255249023,TERRACLIMATE,WA008,2002,"{""type"":""Point"",""coordinates"":[-13.67,9.53]}"
200207_8,7,24.35165405273437,TERRACLIMATE,WA009,2002,"{""type"":""Point"",""coordinates"":[-13.230000000000002,8.489999999999998]}"
200207_9,7,40.45298767089844,TERRACLIMATE,WA010,2002,"{""type"":""Point"",""coordinates"":[-10.799999999999999,6.3]}"
200207_10,7,2.89920711517334,TERRACLIMATE,WA011,2002,"{""type"":""Point"",""coordinates"":[1.22,6.130000000000001]}"
200207_11,7,4.354838848114014,TERRACLIMATE,WA012,2002,"{""type"":""Point"",""coordinates"":[2.42,6.37]}"
200207_12,7,6.5886006355285645,TERRACLIMATE,WA013,2002,"{""type"":""Point"",""coordinates"":[8.52,12.05]}"
200207_13,7,7.399206161499023,TERRACLIMATE,WA014,2002,"{""type"":""Point"",""coordinates"":[-1.62,6.69]}"
200207_14,7,2.0220730304718018,TERRACLIMATE,WA015,2002,"{""type"":""Point"",""coordinates"":[-16.680000000000003,13.45]}"
,7,0.024177501,TERRACLIMATE,WA016,2002,
200208_0,8,4.038037300109863,TERRACLIMATE,WA001,2002,"{""type"":""Point"",""coordinates"":[-17.470000000000002,14.73]}"
200208_1,8,7.592799663543701,TERRACLIMATE,WA002,2002,"{""type"":""Point"",""coordinates"":[-7.949999999999998,12.65]}"
200208_2,8,5.655191421508789,TERRACLIMATE,WA003,2002,"{""type"":""Point"",""coordinates"":[-1.5200000000000002,12.360000000000001]}"
200208_3,8,3.798319101333618,TERRACLIMATE,WA004,2002,"{""type"":""Point"",""coordinates"":[2.17,13.51]}"
200208_4,8,8.292287826538086,TERRACLIMATE,WA005,2002,"{""type"":""Point"",""coordinates"":[7.33,9.07]}"
200208_5,8,1.0746381282806396,TERRACLIMATE,WA006,2002,"{""type"":""Point"",""coordinates"":[-0.17,5.56]}"
200208_6,8,1.3911631107330322,TERRACLIMATE,WA007,2002,"{""type"":""Point"",""coordinates"":[-3.9299999999999997,5.349999999999999]}"
200208_7,8,27.481285095214844,TERRACLIMATE,WA008,2002,"{""type"":""Point"",""coordinates"":[-13.67,9.53]}"
200208_8,8,20.542591094970703,TERRACLIMATE,WA009,2002,"{""type"":""Point"",""coordinates"":[-13.230000000000002,8.489999999999998]}"
200208_9,8,14.89583969116211,TERRACLIMATE,WA010,2002,"{""type"":""Point"",""coordinates"":[-10.799999999999999,6.3]}"
200208_10,8,1.2056828737258911,TERRACLIMATE,WA011,2002,"{""type"":""Point"",""coordinates"":[1.22,6.130000000000001]}"
200208_11,8,1.7338731288909912,TERRACLIMATE,WA012,2002,"{""type"":""Point"",""coordinates"":[2.42,6.37]}"
200208_12,8,6.308337688446045,TERRACLIMATE,WA013,2002,"{""type"":""Point"",""coordinates"":[8.52,12.05]}"
200208_13,8,2.965704917907715,TERRACLIMATE,WA014,2002,"{""type"":""Point"",""coordinates"":[-1.62,6.69]}"
200208_14,8,8.334474563598633,TERRACLIMATE,WA015,2002,"{""type"":""Point"",""coordinates"":[-16.680000000000003,13.45]}"
,8,0.4899048,TERRACLIMATE,WA016,2002,
200209_0,9,4.320741653442383,TERRACLIMATE,WA001,2002,"{""type"":""Point"",""coordinates"":[-17.470000000000002,14.73]}"
200209_1,9,4.172966003417969,TERRACLIMATE,WA002,2002,"{""type"":""Point"",""coordinates"":[-7.949999999999998,12.65]}"
200209_2,9,4.660360336303711,TERRACLIMATE,WA003,2002,"{""type"":""Point"",""coordinates"":[-1.5200000000000002,12.360000000000001]}"
200209_3,9,2.916581392288208,TERRACLIMATE,WA004,2002,"{""type"":""Point"",""coordinates"":[2.17,13.51]}"
200209_4,9,10.304606437683104,TERRACLIMATE,WA005,2002,"{""type"":""Point"",""coordinates"":[7.33,9.07]}"
200209_5,9,0.9729567170143129,TERRACLIMATE,WA006,2002,"{""type"":""Point"",""coordinates"":[-0.17,5.56]}"
200209_6,9,1.1187773942947388,TERRACLIMATE,WA007,2002,"{""type"":""Point"",""coordinates"":[-3.9299999999999997,5.349999999999999]}"
200209_7,9,18.920190811157227,TERRACLIMATE,WA008,2002,"{""type"":""Point"",""coordinates"":[-13.67,9.53]}"
200209_8,9,13.056806564331056,TERRACLIMATE,WA009,2002,"{""type"":""Point"",""coordinates"":[-13.230000000000002,8.489999999999998]}"
200209_9,9,15.353835105895996,TERRACLIMATE,WA010,2002,"{""type"":""Point"",""coordinates"":[-10.799999999999999,6.3]}"
200209_10,9,1.120864748954773,TERRACLIMATE,WA011,2002,"{""type"":""Point"",""coordinates"":[1.22,6.130000000000001]}"
200209_11,9,1.9750064611434937,TERRACLIMATE,WA012,2002,"{""type"":""Point"",""coordinates"":[2.42,6.37]}"
200209_12,9,5.364413738250732,TERRACLIMATE,WA013,2002,"{""type"":""Point"",""coordinates"":[8.52,12.05]}"
200209_13,9,3.28545355796814,TERRACLIMATE,WA014,2002,"{""type"":""Point"",""coordinates"":[-1.62,6.69]}"
200209_14,9,7.508183479309082,TERRACLIMATE,WA015,2002,"{""type"":""Point"",""coordinates"":[-16.680000000000003,13.45]}"
,9,1.0749233,TERRACLIMATE,WA016,2002,
200210_0,10,1.3588260412216189,TERRACLIMATE,WA001,2002,"{""type"":""Point"",""coordinates"":[-17.470000000000002,14.73]}"
200210_1,10,2.9657247066497803,TERRACLIMATE,WA002,2002,"{""type"":""Point"",""coordinates"":[-7.949999999999998,12.65]}"
200210_2,10,1.320587396621704,TERRACLIMATE,WA003,2002,"{""type"":""Point"",""coordinates"":[-1.5200000000000002,12.360000000000001]}"
200210_3,10,0.6934760212898254,TERRACLIMATE,WA004,2002,"{""type"":""Point"",""coordinates"":[2.17,13.51]}"
200210_4,10,3.913370370864868,TERRACLIMATE,WA005,2002,"{""type"":""Point"",""coordinates"":[7.33,9.07]}"
200210_5,10,3.687620878219605,TERRACLIMATE,WA006,2002,"{""type"":""Point"",""coordinates"":[-0.17,5.56]}"
200210_6,10,5.687550067901611,TERRACLIMATE,WA007,2002,"{""type"":""Point"",""coordinates"":[-3.9299999999999997,5.349999999999999]}"
200210_7,10,9.096650123596191,TERRACLIMATE,WA008,2002,"{""type"":""Point"",""coordinates"":[-13.67,9.53]}"
200210_8,10,10.43329620361328,TERRACLIMATE,WA009,2002,"{""type"":""Point"",""coordinates"":[-13.230000000000002,8.489999999999998]}"
200210_9,10,13.176177978515623,TERRACLIMATE,WA010,2002,"{""type"":""Point"",""coordinates"":[-10.799999999999999,6.3]}"
200210_10,10,5.336713790893555,TERRACLIMATE,WA011,2002,"{""type"":""Point"",""coordinates"":[1.22,6.130000000000001]}"
200210_11,10,7.508091926574707,TERRACLIMATE,WA012,2002,"{""type"":""Point"",""coordinates"":[2.42,6.37]}"
200210_12,10,1.3688856363296509,TERRACLIMATE,WA013,2002,"{""type"":""Point"",""coordinates"":[8.52,12.05]}"
200210_13,10,9.052550315856934,TERRACLIMATE,WA014,2002,"{""type"":""Point"",""coordinates"":[-1.62,6.69]}"
200210_14,10,2.459571123123169,TERRACLIMATE,WA015,2002,"{""type"":""Point"",""coordinates"":[-16.680000000000003,13.45]}"
,10,0.3548387,TERRACLIMATE,WA016,2002,
200211_0,11,0.0,TERRACLIMATE,WA001,2002,"{""type"":""Point"",""coordinates"":[-17.470000000000002,14.73]}"
200211_1,11,0.0,TERRACLIMATE,WA002,2002,"{""type"":""Point"",""coordinates"":[-7.949999999999998,12.65]}"
200211_2,11,0.0,TERRACLIMATE,WA003,2002,"{""type"":""Point"",""coordinates"":[-1.5200000000000002,12.360000000000001]}"
200211_3,11,0.0,TERRACLIMATE,WA004,2002,"{""type"":""Point"",""coordinates"":[2.17,13.51]}"
200211_4,11,0.2520853281021118,TERRACLIMATE,WA005,2002,"{""type"":""Point"",""coordinates"":[7.33,9.07]}"
200211_5,11,1.7812795639038086,TERRACLIMATE,WA006,2002,"{""type"":""Point"",""coordinates"":[-0.17,5.56]}"
200211_6,11,3.954170227050781,TERRACLIMATE,WA007,2002,"{""type"":""Point"",""coordinates"":[-3.9299999999999997,5.349999999999999]}"
200211_7,11,0.4810825288295746,TERRACLIMATE,WA008,2002,"{""type"":""Point"",""coordinates"":[-13.67,9.53]}"
200211_8,11,2.910457134246826,TERRACLIMATE,WA009,2002,"{""type"":""Point"",""coordinates"":[-13.230000000000002,8.489999999999998]}"
200211_9,11,2.841010570526123,TERRACLIMATE,WA010,2002,"{""type"":""Point"",""coordinates"":[-10.799999999999999,6.3]}"
200211_10,11,2.3916752338409424,TERRACLIMATE,WA011,2002,"{""type"":""Point"",""coordinates"":[1.22,6.130000000000001]}"
200211_11,11,1.4249935150146484,TERRACLIMATE,WA012,2002,"{""type"":""Point"",""coordinates"":[2.42,6.37]}"
200211_12,11,0.0,TERRACLIMATE,WA013,2002,"{""type"":""Point"",""coordinates"":[8.52,12.05]}"
200211_13,11,2.000004529953003,TERRACLIMATE,WA014,2002,"{""type"":""Point"",""coordinates"":[-1.62,6.69]}"
200211_14,11,0.0,TERRACLIMATE,WA015,2002,"{""type"":""Point"",""coordinates"":[-16.680000000000003,13.45]}"
,11,0.0,TERRACLIMATE,WA016,2002,
200212_0,12,0.008049133233726,TERRACLIMATE,WA001,2002,"{""type"":""Point"",""coordinates"":[-17.470000000000002,14.73]}"
200212_1,12,0.0,TERRACLIMATE,WA002,2002,"{""type"":""Point"",""coordinates"":[-7.949999999999998,12.65]}"
200212_2,12,0.0,TERRACLIMATE,WA003,2002,"{""type"":""Point"",""coordinates"":[-1.5200000000000002,12.360000000000001]}"
200212_3,12,0.0,TERRACLIMATE,WA004,2002,"{""type"":""Point"",""coordinates"":[2.17,13.51]}"
200212_4,12,0.0,TERRACLIMATE,WA005,2002,"{""type"":""Point"",""coordinates"":[7.33,9.07]}"
200212_5,12,0.2439579665660858,TERRACLIMATE,WA006,2002,"{""type"":""Point"",""coordinates"":[-0.17,5.56]}"
200212_6,12,0.524187445640564,TERRACLIMATE,WA007,2002,"{""type"":""Point"",""coordinates"":[-3.9299999999999997,5.349999999999999]}"
200212_7,12,0.1209627613425254,TERRACLIMATE,WA008,2002,"{""type"":""Point"",""coordinates"":[-13.67,9.53]}"
200212_8,12,0.7258190512657166,TERRACLIMATE,WA009,2002,"{""type"":""Point"",""coordinates"":[-13.230000000000002,8.489999999999998]}"
200212_9,12,0.4540894031524658,TERRACLIMATE,WA010,2002,"{""type"":""Point"",""coordinates"":[-10.799999999999999,6.3]}"
200212_10,12,0.0806387364864349,TERRACLIMATE,WA011,2002,"{""type"":""Point"",""coordinates"":[1.22,6.130000000000001]}"
200212_11,12,0.0322580635547637,TERRACLIMATE,WA012,2002,"{""type"":""Point"",""coordinates"":[2.42,6.37]}"
200212_12,12,0.0,TERRACLIMATE,WA013,2002,"{""type"":""Point"",""coordinates"":[8.52,12.05]}"
200212_13,12,0.1935483813285827,TERRACLIMATE,WA014,2002,"{""type"":""Point"",""coordinates"":[-1.62,6.69]}"
200212_14,12,0.0141150662675499,TERRACLIMATE,WA015,2002,"{""type"":""Point"",""coordinates"":[-16.680000000000003,13.45]}"
,12,0.056435563,TERRACLIMATE,WA016,2002,
200301_0,1,0.0,TERRACLIMATE,WA001,2003,"{""type"":""Point"",""coordinates"":[-17.470000000000002,14.73]}"
200301_1,1,0.0,TERRACLIMATE,WA002,2003,"{""type"":""Point"",""coordinates"":[-7.949999999999998,12.65]}"
200301_2,1,0.0,TERRACLIMATE,WA003,2003,"{""type"":""Point"",""coordinates"":[-1.5200000000000002,12.360000000000001]}"
200301_3,1,0.0,TERRACLIMATE,WA004,2003,"{""type"":""Point"",""coordinates"":[2.17,13.51]}"
200301_4,1,0.0322580635547637,TERRACLIMATE,WA005,2003,"{""type"":""Point"",""coordinates"":[7.33,9.07]}"
200301_5,1,0.7157494425773621,TERRACLIMATE,WA006,2003,"{""type"":""Point"",""coordinates"":[-0.17,5.56]}"
200301_6,1,1.1633235216140747,TERRACLIMATE,WA007,2003,"{""type"":""Point"",""coordinates"":[-3.9299999999999997,5.349999999999999]}"
200301_7,1,0.0,TERRACLIMATE,WA008,2003,"{""type"":""Point"",""coordinates"":[-13.67,9.53]}"
200301_8,1,0.0705560520291328,TERRACLIMATE,WA009,2003,"{""type"":""Point"",""coordinates"":[-13.230000000000002,8.489999999999998]}"
200301_9,1,0.583121657371521,TERRACLIMATE,WA010,2003,"{""type"":""Point"",""coordinates"":[-10.799999999999999,6.3]}"
200301_10,1,1.7298442125320437,TERRACLIMATE,WA011,2003,"{""type"":""Point"",""coordinates"":[1.22,6.130000000000001]}"
200301_11,1,1.7742187976837158,TERRACLIMATE,WA012,2003,"{""type"":""Point"",""coordinates"":[2.42,6.37]}"
200301_12,1,0.0,TERRACLIMATE,WA013,2003,"{""type"":""Point"",""coordinates"":[8.52,12.05]}"
200301_13,1,0.8044570684432983,TERRACLIMATE,WA014,2003,"{""type"":""Point"",""coordinates"":[-1.62,6.69]}"
200301_14,1,0.0,TERRACLIMATE,WA015,2003,"{""type"":""Point"",""coordinates"":[-16.680000000000003,13.45]}"
,1,0.0,TERRACLIMATE,WA016,2003,
200302_0,2,0.0580684170126915,TERRACLIMATE,WA001,2003,"{""type"":""Point"",""coordinates"":[-17.470000000000002,14.73]}"
200302_1,2,0.0,TERRACLIMATE,WA002,2003,"{""type"":""Point"",""coordinates"":[-7.949999999999998,12.65]}"
200302_2,2,0.3258527815341949,TERRACLIMATE,WA003,2003,"{""type"":""Point"",""coordinates"":[-1.5200000000000002,12.360000000000001]}"
200302_3,2,0.0,TERRACLIMATE,WA004,2003,"{""type"":""Point"",""coordinates"":[2.17,13.51]}"
200302_4,2,0.25,TERRACLIMATE,WA005,2003,"{""type"":""Point"",""coordinates"":[7.33,9.07]}"
200302_5,2,0.8861899375915527,TERRACLIMATE,WA006,2003,"{""type"":""Point"",""coordinates"":[-0.17,5.56]}"
200302_6,2,3.2277560234069824,TERRACLIMATE,WA007,2003,"{""type"":""Point"",""coordinates"":[-3.9299999999999997,5.349999999999999]}"
200302_7,2,0.0869889557361602,TERRACLIMATE,WA008,2003,"{""type"":""Point"",""coordinates"":[-13.67,9.53]}"
200302_8,2,1.3436012268066406,TERRACLIMATE,WA009,2003,"{""type"":""Point"",""coordinates"":[-13.230000000000002,8.489999999999998]}"
200302_9,2,7.981174468994141,TERRACLIMATE,WA010,2003,"{""type"":""Point"",""coordinates"":[-10.799999999999999,6.3]}"
200302_10,2,0.915202796459198,TERRACLIMATE,WA011,2003,"{""type"":""Point"",""coordinates"":[1.22,6.130000000000001]}"
200302_11,2,1.098216533660889,TERRACLIMATE,WA012,2003,"{""type"":""Point"",""coordinates"":[2.42,6.37]}"
200302_12,2,0.0,TERRACLIMATE,WA013,2003,"{""type"":""Point"",""coordinates"":[8.52,12.05]}"
200302_13,2,2.7455477714538574,TERRACLIMATE,WA014,2003,"{""type"":""Point"",""coordinates"":[-1.62,6.69]}"
200302_14,2,0.0267988257110118,TERRACLIMATE,WA015,2003,"{""type"":""Point"",""coordinates"":[-16.680000000000003,13.45]}"
,2,0.0,TERRACLIMATE,WA016,2003,
200303_0,3,0.0,TERRACLIMATE,WA001,2003,"{""type"":""Point"",""coordinates"":[-17.470000000000002,14.73]}"
200303_1,3,0.0,TERRACLIMATE,WA002,2003,"{""type"":""Point"",""coordinates"":[-7.949999999999998,12.65]}"
200303_2,3,0.3407138884067535,TERRACLIMATE,WA003,2003,"{""type"":""Point"",""coordinates"":[-1.5200000000000002,12.360000000000001]}"
200303_3,3,0.0322580635547637,TERRACLIMATE,WA004,2003,"{""type"":""Point"",""coordinates"":[2.17,13.51]}"
200303_4,3,0.6733359694480896,TERRACLIMATE,WA005,2003,"{""type"":""Point"",""coordinates"":[7.33,9.07]}"
200303_5,3,1.560516595840454,TERRACLIMATE,WA006,2003,"{""type"":""Point"",""coordinates"":[-0.17,5.56]}"
200303_6,3,3.338752031326294,TERRACLIMATE,WA007,2003,"{""type"":""Point"",""coordinates"":[-3.9299999999999997,5.349999999999999]}"
200303_7,3,0.0241850260645151,TERRACLIMATE,WA008,2003,"{""type"":""Point"",""coordinates"":[-13.67,9.53]}"
200303_8,3,0.7277400493621826,TERRACLIMATE,WA009,2003,"{""type"":""Point"",""coordinates"":[-13.230000000000002,8.489999999999998]}"
200303_9,3,3.166299819946289,TERRACLIMATE,WA010,2003,"{""type"":""Point"",""coordinates"":[-10.799999999999999,6.3]}"
200303_10,3,1.9072864055633545,TERRACLIMATE,WA011,2003,"{""type"":""Point"",""coordinates"":[1.22,6.130000000000001]}"
200303_11,3,1.1451570987701416,TERRACLIMATE,WA012,2003,"{""type"":""Point"",""coordinates"":[2.42,6.37]}"
200303_12,3,0.0,TERRACLIMATE,WA013,2003,"{""type"":""Point"",""coordinates"":[8.52,12.05]}"
200303_13,3,2.8709588050842285,TERRACLIMATE,WA014,2003,"{""type"":""Point"",""coordinates"":[-1.62,6.69]}"
200303_14,3,0.0,TERRACLIMATE,WA015,2003,"{""type"":""Point"",""coordinates"":[-16.680000000000003,13.45]}"
,3,0.0,TERRACLIMATE,WA016,2003,
200304_0,4,0.0,TERRACLIMATE,WA001,2003,"{""type"":""Point"",""coordinates"":[-17.470000000000002,14.73]}"
200304_1,4,0.5416319966316223,TERRACLIMATE,WA002,2003,"{""type"":""Point"",""coordinates"":[-7.949999999999998,12.65]}"
200304_2,4,0.8437362313270569,TERRACLIMATE,WA003,2003,"{""type"":""Point"",""coordinates"":[-1.5200000000000002,12.360000000000001]}"
200304_3,4,0.0520725287497043,TERRACLIMATE,WA004,2003,"{""type"":""Point"",""coordinates"":[2.17,13.51]}"
200304_4,4,2.835577726364136,TERRACLIMATE,WA005,2003,"{""type"":""Point"",""coordinates"":[7.33,9.07]}"
200304_5,4,5.062570095062256,TERRACLIMATE,WA006,2003,"{""type"":""Point"",""coordinates"":[-0.17,5.56]}"
200304_6,4,6.841670513153076,TERRACLIMATE,WA007,2003,"{""type"":""Point"",""coordinates"":[-3.9299999999999997,5.349999999999999]}"
200304_7,4,1.783133029937744,TERRACLIMATE,WA008,2003,"{""type"":""Point"",""coordinates"":[-13.67,9.53]}"
200304_8,4,3.429473161697388,TERRACLIMATE,WA009,2003,"{""type"":""Point"",""coordinates"":[-13.230000000000002,8.489999999999998]}"
200304_9,4,9.558229446411133,TERRACLIMATE,WA010,2003,"{""type"":""Point"",""coordinates"":[-10.799999999999999,6.3]}"
200304_10,4,5.281265735626221,TERRACLIMATE,WA011,2003,"{""type"":""Point"",""coordinates"":[1.22,6.130000000000001]}"
200304_11,4,6.28331995010376,TERRACLIMATE,WA012,2003,"{""type"":""Point"",""coordinates"":[2.42,6.37]}"
200304_12,4,0.8082621097564697,TERRACLIMATE,WA013,2003,"{""type"":""Point"",""coordinates"":[8.52,12.05]}"
200304_13,4,5.893691062927246,TERRACLIMATE,WA014,2003,"{""type"":""Point"",""coordinates"":[-1.62,6.69]}"
200304_14,4,0.0,TERRACLIMATE,WA015,2003,"{""type"":""Point"",""coordinates"":[-16.680000000000003,13.45]}"
,4,0.0,TERRACLIMATE,WA016,2003,
200305_0,5,0.0,TERRACLIMATE,WA001,2003,"{""type"":""Point"",""coordinates"":[-17.470000000000002,14.73]}"
200305_1,5,1.1753617525100708,TERRACLIMATE,WA002,2003,"{""type"":""Point"",""coordinates"":[-7.949999999999998,12.65]}"
200305_2,5,1.9414936304092407,TERRACLIMATE,WA003,2003,"{""type"":""Point"",""coordinates"":[-1.5200000000000002,12.360000000000001]}"
200305_3,5,0.9374450445175172,TERRACLIMATE,WA004,2003,"{""type"":""Point"",""coordinates"":[2.17,13.51]}"
200305_4,5,6.659887313842773,TERRACLIMATE,WA005,2003,"{""type"":""Point"",""coordinates"":[7.33,9.07]}"
200305_5,5,3.959683179855346,TERRACLIMATE,WA006,2003,"{""type"":""Point"",""coordinates"":[-0.17,5.56]}"
200305_6,5,10.062429428100586,TERRACLIMATE,WA007,2003,"{""type"":""Point"",""coordinates"":[-3.9299999999999997,5.349999999999999]}"
200305_7,5,1.0642619132995603,TERRACLIMATE,WA008,2003,"{""type"":""Point"",""coordinates"":[-13.67,9.53]}"
200305_8,5,7.921147346496582,TERRACLIMATE,WA009,2003,"{""type"":""Point"",""coordinates"":[-13.230000000000002,8.489999999999998]}"
200305_9,5,14.671830177307127,TERRACLIMATE,WA010,2003,"{""type"":""Point"",""coordinates"":[-10.799999999999999,6.3]}"
200305_10,5,3.276196479797364,TERRACLIMATE,WA011,2003,"{""type"":""Point"",""coordinates"":[1.22,6.130000000000001]}"
200305_11,5,3.306464195251465,TERRACLIMATE,WA012,2003,"{""type"":""Point"",""coordinates"":[2.42,6.37]}"
200305_12,5,3.632915735244751,TERRACLIMATE,WA013,2003,"{""type"":""Point"",""coordinates"":[8.52,12.05]}"
200305_13,5,5.63104248046875,TERRACLIMATE,WA014,2003,"{""type"":""Point"",""coordinates"":[-1.62,6.69]}"
200305_14,5,0.0,TERRACLIMATE,WA015,2003,"{""type"":""Point"",""coordinates"":[-16.680000000000003,13.45]}"
,5,0.0,TERRACLIMATE,WA016,2003,
200306_0,6,0.4186406433582306,TERRACLIMATE,WA001,2003,"{""type"":""Point"",""coordinates"":[-17.470000000000002,14.73]}"
200306_1,6,5.06658411026001,TERRACLIMATE,WA002,2003,"{""type"":""Point"",""coordinates"":[-7.949999999999998,12.65]}"
200306_2,6,5.625005722045898,TERRACLIMATE,WA003,2003,"{""type"":""Point"",""coordinates"":[-1.5200000000000002,12.360000000000001]}"
200306_3,6,3.6478114128112793,TERRACLIMATE,WA004,2003,"{""type"":""Point"",""coordinates"":[2.17,13.51]}"
200306_4,6,7.767324447631836,TERRACLIMATE,WA005,2003,"{""type"":""Point"",""coordinates"":[7.33,9.07]}"
200306_5,6,8.156316757202148,TERRACLIMATE,WA006,2003,"{""type"":""Point"",""coordinates"":[-0.17,5.56]}"
200306_6,6,13.374844551086426,TERRACLIMATE,WA007,2003,"{""type"":""Point"",""coordinates"":[-3.9299999999999997,5.349999999999999]}"
200306_7,6,15.96274185180664,TERRACLIMATE,WA008,2003,"{""type"":""Point"",""coordinates"":[-13.67,9.53]}"
200306_8,6,12.96042823791504,TERRACLIMATE,WA009,2003,"{""type"":""Point"",""coordinates"":[-13.230000000000002,8.489999999999998]}"
200306_9,6,27.20756149291992,TERRACLIMATE,WA010,2003,"{""type"":""Point"",""coordinates"":[-10.799999999999999,6.3]}"
200306_10,6,7.272854328155518,TERRACLIMATE,WA011,2003,"{""type"":""Point"",""coordinates"":[1.22,6.130000000000001]}"
200306_11,6,9.550013542175291,TERRACLIMATE,WA012,2003,"{""type"":""Point"",""coordinates"":[2.42,6.37]}"
200306_12,6,8.018516540527344,TERRACLIMATE,WA013,2003,"{""type"":""Point"",""coordinates"":[8.52,12.05]}"
200306_13,6,7.84382438659668,TERRACLIMATE,WA014,2003,"{""type"":""Point"",""coordinates"":[-1.62,6.69]}"
200306_14,6,2.354076147079468,TERRACLIMATE,WA015,2003,"{""type"":""Point"",""coordinates"":[-16.680000000000003,13.45]}"
,6,0.0,TERRACLIMATE,WA016,2003,
200307_0,7,2.364631414413452,TERRACLIMATE,WA001,2003,"{""type"":""Point"",""coordinates"":[-17.470000000000002,14.73]}"
200307_1,7,8.540367126464844,TERRACLIMATE,WA002,2003,"{""type"":""Point"",""coordinates"":[-7.949999999999998,12.65]}"
200307_2,7,5.995955944061279,TERRACLIMATE,WA003,2003,"{""type"":""Point"",""coordinates"":[-1.5200000000000002,12.360000000000001]}"
200307_3,7,4.93132209777832,TERRACLIMATE,WA004,2003,"{""type"":""Point"",""coordinates"":[2.17,13.51]}"
200307_4,7,8.205903053283691,TERRACLIMATE,WA005,2003,"{""type"":""Point"",""coordinates"":[7.33,9.07]}"
200307_5,7,1.3609259128570557,TERRACLIMATE,WA006,2003,"{""type"":""Point"",""coordinates"":[-0.17,5.56]}"
200307_6,7,3.1552557945251465,TERRACLIMATE,WA007,2003,"{""type"":""Point"",""coordinates"":[-3.9299999999999997,5.349999999999999]}"
200307_7,7,13.786466598510742,TERRACLIMATE,WA008,2003,"{""type"":""Point"",""coordinates"":[-13.67,9.53]}"
200307_8,7,8.367114067077637,TERRACLIMATE,WA009,2003,"{""type"":""Point"",""coordinates"":[-13.230000000000002,8.489999999999998]}"
200307_9,7,20.544130325317383,TERRACLIMATE,WA010,2003,"{""type"":""Point"",""coordinates"":[-10.799999999999999,6.3]}"
200307_10,7,1.7641271352767944,TERRACLIMATE,WA011,2003,"{""type"":""Point"",""coordinates"":[1.22,6.130000000000001]}"
200307_11,7,2.629036426544189,TERRACLIMATE,WA012,2003,"{""type"":""Point"",""coordinates"":[2.42,6.37]}"
200307_12,7,8.209567070007324,TERRACLIMATE,WA013,2003,"{""type"":""Point"",""coordinates"":[8.52,12.05]}"
200307_13,7,2.399210453033448,TERRACLIMATE,WA014,2003,"{""type"":""Point"",""coordinates"":[-1.62,6.69]}"
200307_14,7,7.044231414794922,TERRACLIMATE,WA015,2003,"{""type"":""Point"",""coordinates"":[-16.680000000000003,13.45]}"
,7,0.19150166,TERRACLIMATE,WA016,2003,
200308_0,8,4.564231395721436,TERRACLIMATE,WA001,2003,"{""type"":""Point"",""coordinates"":[-17.470000000000002,14.73]}"
200308_1,8,7.643189907073975,TERRACLIMATE,WA002,2003,"{""type"":""Point"",""coordinates"":[-7.949999999999998,12.65]}"
200308_2,8,7.185431957244873,TERRACLIMATE,WA003,2003,"{""type"":""Point"",""coordinates"":[-1.5200000000000002,12.360000000000001]}"
200308_3,8,6.707553863525391,TERRACLIMATE,WA004,2003,"{""type"":""Point"",""coordinates"":[2.17,13.51]}"
200308_4,8,9.48627758026123,TERRACLIMATE,WA005,2003,"{""type"":""Point"",""coordinates"":[7.33,9.07]}"
200308_5,8,0.9032657742500304,TERRACLIMATE,WA006,2003,"{""type"":""Point"",""coordinates"":[-0.17,5.56]}"
200308_6,8,0.7762266993522644,TERRACLIMATE,WA007,2003,"{""type"":""Point"",""coordinates"":[-3.9299999999999997,5.349999999999999]}"
200308_7,8,45.86585235595703,TERRACLIMATE,WA008,2003,"{""type"":""Point"",""coordinates"":[-13.67,9.53]}"
200308_8,8,27.018617630004883,TERRACLIMATE,WA009,2003,"{""type"":""Point"",""coordinates"":[-13.230000000000002,8.489999999999998]}"
200308_9,8,13.670004844665527,TERRACLIMATE,WA010,2003,"{""type"":""Point"",""coordinates"":[-10.799999999999999,6.3]}"
200308_10,8,1.149232268333435,TERRACLIMATE,WA011,2003,"{""type"":""Point"",""coordinates"":[1.22,6.130000000000001]}"
200308_11,8,2.798389196395874,TERRACLIMATE,WA012,2003,"{""type"":""Point"",""coordinates"":[2.42,6.37]}"
200308_12,8,11.282023429870604,TERRACLIMATE,WA013,2003,"{""type"":""Point"",""coordinates"":[8.52,12.05]}"
200308_13,8,1.256036400794983,TERRACLIMATE,WA014,2003,"{""type"":""Point"",""coordinates"":[-1.62,6.69]}"
200308_14,8,10.140710830688477,TERRACLIMATE,WA015,2003,"{""type"":""Point"",""coordinates"":[-16.680000000000003,13.45]}"
,8,1.411184,TERRACLIMATE,WA016,2003,
200309_0,9,4.385291576385498,TERRACLIMATE,WA001,2003,"{""type"":""Point"",""coordinates"":[-17.470000000000002,14.73]}"
200309_1,9,7.750008583068848,TERRACLIMATE,WA002,2003,"{""type"":""Point"",""coordinates"":[-7.949999999999998,12.65]}"
200309_2,9,5.2499189376831055,TERRACLIMATE,WA003,2003,"{""type"":""Point"",""coordinates"":[-1.5200000000000002,12.360000000000001]}"
200309_3,9,3.6269643306732178,TERRACLIMATE,WA004,2003,"{""type"":""Point"",""coordinates"":[2.17,13.51]}"
200309_4,9,9.6189603805542,TERRACLIMATE,WA005,2003,"{""type"":""Point"",""coordinates"":[7.33,9.07]}"
200309_5,9,2.00007700920105,TERRACLIMATE,WA006,2003,"{""type"":""Point"",""coordinates"":[-0.17,5.56]}"
200309_6,9,1.1666877269744873,TERRACLIMATE,WA007,2003,"{""type"":""Point"",""coordinates"":[-3.9299999999999997,5.349999999999999]}"
200309_7,9,25.97513961791992,TERRACLIMATE,WA008,2003,"{""type"":""Point"",""coordinates"":[-13.67,9.53]}"
200309_8,9,17.697967529296875,TERRACLIMATE,WA009,2003,"{""type"":""Point"",""coordinates"":[-13.230000000000002,8.489999999999998]}"
200309_9,9,24.11275291442871,TERRACLIMATE,WA010,2003,"{""type"":""Point"",""coordinates"":[-10.799999999999999,6.3]}"
200309_10,9,3.61261796951294,TERRACLIMATE,WA011,2003,"{""type"":""Point"",""coordinates"":[1.22,6.130000000000001]}"
200309_11,9,5.716688632965088,TERRACLIMATE,WA012,2003,"{""type"":""Point"",""coordinates"":[2.42,6.37]}"
200309_12,9,4.247772693634033,TERRACLIMATE,WA013,2003,"{""type"":""Point"",""coordinates"":[8.52,12.05]}"
200309_13,9,3.779197931289673,TERRACLIMATE,WA014,2003,"{""type"":""Point"",""coordinates"":[-1.62,6.69]}"
200309_14,9,8.039344787597656,TERRACLIMATE,WA015,2003,"{""type"":""Point"",""coordinates"":[-16.680000000000003,13.45]}"
,9,1.4915568,TERRACLIMATE,WA016,2003,
200310_0,10,1.5543898344039917,TERRACLIMATE,WA001,2003,"{""type"":""Point"",""coordinates"":[-17.470000000000002,14.73]}"
200310_1,10,1.7419368028640747,TERRACLIMATE,WA002,2003,"{""type"":""Point"",""coordinates"":[-7.949999999999998,12.65]}"
200310_2,10,1.1915112733840942,TERRACLIMATE,WA003,2003,"{""type"":""Point"",""coordinates"":[-1.5200000000000002,12.360000000000001]}"
200310_3,10,0.2923142910003662,TERRACLIMATE,WA004,2003,"{""type"":""Point"",""coordinates"":[2.17,13.51]}"
200310_4,10,3.37080717086792,TERRACLIMATE,WA005,2003,"{""type"":""Point"",""coordinates"":[7.33,9.07]}"
200310_5,10,4.899316310882568,TERRACLIMATE,WA006,2003,"{""type"":""Point"",""coordinates"":[-0.17,5.56]}"
200310_6,10,6.872986793518066,TERRACLIMATE,WA007,2003,"{""type"":""Point"",""coordinates"":[-3.9299999999999997,5.349999999999999]}"
200310_7,10,9.717446327209473,TERRACLIMATE,WA008,2003,"{""type"":""Point"",""coordinates"":[-13.67,9.53]}"
200310_8,10,8.897157669067383,TERRACLIMATE,WA009,2003,"{""type"":""Point"",""coordinates"":[-13.230000000000002,8.489999999999998]}"
200310_9,10,22.363161087036133,TERRACLIMATE,WA010,2003,"{""type"":""Point"",""coordinates"":[-10.799999999999999,6.3]}"
200310_10,10,5.195555686950684,TERRACLIMATE,WA011,2003,"{""type"":""Point"",""coordinates"":[1.22,6.130000000000001]}"
200310_11,10,6.403254985809326,TERRACLIMATE,WA012,2003,"{""type"":""Point"",""coordinates"":[2.42,6.37]}"
200310_12,10,0.1854731291532516,TERRACLIMATE,WA013,2003,"{""type"":""Point"",""coordinates"":[8.52,12.05]}"
200310_13,10,7.788309097290039,TERRACLIMATE,WA014,2003,"{""type"":""Point"",""coordinates"":[-1.62,6.69]}"
200310_14,10,2.514023542404175,TERRACLIMATE,WA015,2003,"{""type"":""Point"",""coordinates"":[-16.680000000000003,13.45]}"
,10,0.5100651,TERRACLIMATE,WA016,2003,
200311_0,11,0.0,TERRACLIMATE,WA001,2003,"{""type"":""Point"",""coordinates"":[-17.470000000000002,14.73]}"
200311_1,11,0.2562373876571655,TERRACLIMATE,WA002,2003,"{""type"":""Point"",""coordinates"":[-7.949999999999998,12.65]}"
200311_2,11,0.0666666701436042,TERRACLIMATE,WA003,2003,"{""type"":""Point"",""coordinates"":[-1.5200000000000002,12.360000000000001]}"
200311_3,11,0.0,TERRACLIMATE,WA004,2003,"{""type"":""Point"",""coordinates"":[2.17,13.51]}"
200311_4,11,0.3208325505256653,TERRACLIMATE,WA005,2003,"{""type"":""Point"",""coordinates"":[7.33,9.07]}"
200311_5,11,2.9208927154541016,TERRACLIMATE,WA006,2003,"{""type"":""Point"",""coordinates"":[-0.17,5.56]}"
200311_6,11,8.29799747467041,TERRACLIMATE,WA007,2003,"{""type"":""Point"",""coordinates"":[-3.9299999999999997,5.349999999999999]}"
200311_7,11,7.838922023773193,TERRACLIMATE,WA008,2003,"{""type"":""Point"",""coordinates"":[-13.67,9.53]}"
200311_8,11,8.744704246520996,TERRACLIMATE,WA009,2003,"{""type"":""Point"",""coordinates"":[-13.230000000000002,8.489999999999998]}"
200311_9,11,10.28646755218506,TERRACLIMATE,WA010,2003,"{""type"":""Point"",""coordinates"":[-10.799999999999999,6.3]}"
200311_10,11,2.9104161262512207,TERRACLIMATE,WA011,2003,"{""type"":""Point"",""coordinates"":[1.22,6.130000000000001]}"
200311_11,11,2.641664505004883,TERRACLIMATE,WA012,2003,"{""type"":""Point"",""coordinates"":[2.42,6.37]}"
200311_12,11,0.0,TERRACLIMATE,WA013,2003,"{""type"":""Point"",""coordinates"":[8.52,12.05]}"
200311_13,11,4.412553787231445,TERRACLIMATE,WA014,2003,"{""type"":""Point"",""coordinates"":[-1.62,6.69]}"
200311_14,11,0.0,TERRACLIMATE,WA015,2003,"{""type"":""Point"",""coordinates"":[-16.680000000000003,13.45]}"
,11,0.0,TERRACLIMATE,WA016,2003,
200312_0,12,0.0,TERRACLIMATE,WA001,2003,"{""type"":""Point"",""coordinates"":[-17.470000000000002,14.73]}"
200312_1,12,0.0,TERRACLIMATE,WA002,2003,"{""type"":""Point"",""coordinates"":[-7.949999999999998,12.65]}"
200312_2,12,0.0,TERRACLIMATE,WA003,2003,"{""type"":""Point"",""coordinates"":[-1.5200000000000002,12.360000000000001]}"
200312_3,12,0.0,TERRACLIMATE,WA004,2003,"{""type"":""Point"",""coordinates"":[2.17,13.51]}"
200312_4,12,0.0,TERRACLIMATE,WA005,2003,"{""type"":""Point"",""coordinates"":[7.33,9.07]}"
200312_5,12,0.8568762540817261,TERRACLIMATE,WA006,2003,"{""type"":""Point"",""coordinates"":[-0.17,5.56]}"
200312_6,12,1.346773624420166,TERRACLIMATE,WA007,2003,"{""type"":""Point"",""coordinates"":[-3.9299999999999997,5.349999999999999]}"
200312_7,12,0.0483700521290302,TERRACLIMATE,WA008,2003,"{""type"":""Point"",""coordinates"":[-13.67,9.53]}"
200312_8,12,0.40728560090065,TERRACLIMATE,WA009,2003,"{""type"":""Point"",""coordinates"":[-13.230000000000002,8.489999999999998]}"
200312_9,12,2.2732489109039307,TERRACLIMATE,WA010,2003,"{""type"":""Point"",""coordinates"":[-10.799999999999999,6.3]}"
200312_10,12,0.7883117198944092,TERRACLIMATE,WA011,2003,"{""type"":""Point"",""coordinates"":[1.22,6.130000000000001]}"
200312_11,12,0.2661269307136535,TERRACLIMATE,WA012,2003,"{""type"":""Point"",""coordinates"":[2.42,6.37]}"
200312_12,12,0.0,TERRACLIMATE,WA013,2003,"{""type"":""Point"",""coordinates"":[8.52,12.05]}"
200312_13,12,0.9415363073349,TERRACLIMATE,WA014,2003,"{""type"":""Point"",""coordinates"":[-1.62,6.69]}"
200312_14,12,0.0,TERRACLIMATE,WA015,2003,"{""type"":""Point"",""coordinates"":[-16.680000000000003,13.45]}"
,12,0.0,TERRACLIMATE,WA016,2003,
200401_0,1,0.0383200123906135,TERRACLIMATE,WA001,2004,"{""type"":""Point"",""coordinates"":[-17.470000000000002,14.73]}"
200401_1,1,0.0,TERRACLIMATE,WA002,2004,"{""type"":""Point"",""coordinates"":[-7.949999999999998,12.65]}"
200401_2,1,0.0,TERRACLIMATE,WA003,2004,"{""type"":""Point"",""coordinates"":[-1.5200000000000002,12.360000000000001]}"
200401_3,1,0.0,TERRACLIMATE,WA004,2004,"{""type"":""Point"",""coordinates"":[2.17,13.51]}"
200401_4,1,0.0060414718464016,TERRACLIMATE,WA005,2004,"{""type"":""Point"",""coordinates"":[7.33,9.07]}"
200401_5,1,1.0403577089309692,TERRACLIMATE,WA006,2004,"{""type"":""Point"",""coordinates"":[-0.17,5.56]}"
200401_6,1,0.6310408115386963,TERRACLIMATE,WA007,2004,"{""type"":""Point"",""coordinates"":[-3.9299999999999997,5.349999999999999]}"
200401_7,1,0.0,TERRACLIMATE,WA008,2004,"{""type"":""Point"",""coordinates"":[-13.67,9.53]}"
200401_8,1,0.1471742540597915,TERRACLIMATE,WA009,2004,"{""type"":""Point"",""coordinates"":[-13.230000000000002,8.489999999999998]}"
200401_9,1,0.8884022235870361,TERRACLIMATE,WA010,2004,"{""type"":""Point"",""coordinates"":[-10.799999999999999,6.3]}"
200401_10,1,1.592750906944275,TERRACLIMATE,WA011,2004,"{""type"":""Point"",""coordinates"":[1.22,6.130000000000001]}"
200401_11,1,1.1048533916473389,TERRACLIMATE,WA012,2004,"{""type"":""Point"",""coordinates"":[2.42,6.37]}"
200401_12,1,0.0,TERRACLIMATE,WA013,2004,"{""type"":""Point"",""coordinates"":[8.52,12.05]}"
200401_13,1,0.9415597319602966,TERRACLIMATE,WA014,2004,"{""type"":""Point"",""coordinates"":[-1.62,6.69]}"
200401_14,1,0.0262222327291965,TERRACLIMATE,WA015,2004,"{""type"":""Point"",""coordinates"":[-16.680000000000003,13.45]}"
,1,0.008080563,TERRACLIMATE,WA016,2004,
200402_0,2,0.0560660548508167,TERRACLIMATE,WA001,2004,"{""type"":""Point"",""coordinates"":[-17.470000000000002,14.73]}"
200402_1,2,0.0258695222437381,TERRACLIMATE,WA002,2004,"{""type"":""Point"",""coordinates"":[-7.949999999999998,12.65]}"
200402_2,2,0.2478168457746505,TERRACLIMATE,WA003,2004,"{""type"":""Point"",""coordinates"":[-1.5200000000000002,12.360000000000001]}"
200402_3,2,0.0,TERRACLIMATE,WA004,2004,"{""type"":""Point"",""coordinates"":[2.17,13.51]}"
200402_4,2,0.1702615171670913,TERRACLIMATE,WA005,2004,"{""type"":""Point"",""coordinates"":[7.33,9.07]}"
200402_5,2,1.129342794418335,TERRACLIMATE,WA006,2004,"{""type"":""Point"",""coordinates"":[-0.17,5.56]}"
200402_6,2,2.812538146972656,TERRACLIMATE,WA007,2004,"{""type"":""Point"",""coordinates"":[-3.9299999999999997,5.349999999999999]}"
200402_7,2,0.0,TERRACLIMATE,WA008,2004,"{""type"":""Point"",""coordinates"":[-13.67,9.53]}"
200402_8,2,0.3296938836574554,TERRACLIMATE,WA009,2004,"{""type"":""Point"",""coordinates"":[-13.230000000000002,8.489999999999998]}"
200402_9,2,1.5464823246002195,TERRACLIMATE,WA010,2004,"{""type"":""Point"",""coordinates"":[-10.799999999999999,6.3]}"
200402_10,2,0.937518298625946,TERRACLIMATE,WA011,2004,"{""type"":""Point"",""coordinates"":[1.22,6.130000000000001]}"
200402_11,2,0.7241379022598267,TERRACLIMATE,WA012,2004,"{""type"":""Point"",""coordinates"":[2.42,6.37]}"
200402_12,2,0.0,TERRACLIMATE,WA013,2004,"{""type"":""Point"",""coordinates"":[8.52,12.05]}"
200402_13,2,2.3663439750671387,TERRACLIMATE,WA014,2004,"{""type"":""Point"",""coordinates"":[-1.62,6.69]}"
200402_14,2,0.0258747264742851,TERRACLIMATE,WA015,2004,"{""type"":""Point"",""coordinates"":[-16.680000000000003,13.45]}"
,2,0.27370638,TERRACLIMATE,WA016,2004,
200403_0,3,0.0,TERRACLIMATE,WA001,2004,"{""type"":""Point"",""coordinates"":[-17.470000000000002,14.73]}"
200403_1,3,0.0060403659008443,TERRACLIMATE,WA002,2004,"{""type"":""Point"",""coordinates"":[-7.949999999999998,12.65]}"
200403_2,3,0.0987879410386085,TERRACLIMATE,WA003,2004,"{""type"":""Point"",""coordinates"":[-1.5200000000000002,12.360000000000001]}"
200403_3,3,0.0,TERRACLIMATE,WA004,2004,"{""type"":""Point"",""coordinates"":[2.17,13.51]}"
200403_4,3,0.6733359694480896,TERRACLIMATE,WA005,2004,"{""type"":""Point"",""coordinates"":[7.33,9.07]}"
200403_5,3,1.1008244752883911,TERRACLIMATE,WA006,2004,"{""type"":""Point"",""coordinates"":[-0.17,5.56]}"
200403_6,3,2.8468074798583984,TERRACLIMATE,WA007,2004,"{""type"":""Point"",""coordinates"":[-3.9299999999999997,5.349999999999999]}"
200403_7,3,0.0241850260645151,TERRACLIMATE,WA008,2004,"{""type"":""Point"",""coordinates"":[-13.67,9.53]}"
200403_8,3,3.376938819885254,TERRACLIMATE,WA009,2004,"{""type"":""Point"",""coordinates"":[-13.230000000000002,8.489999999999998]}"
200403_9,3,1.9531092643737795,TERRACLIMATE,WA010,2004,"{""type"":""Point"",""coordinates"":[-10.799999999999999,6.3]}"
200403_10,3,0.883076548576355,TERRACLIMATE,WA011,2004,"{""type"":""Point"",""coordinates"":[1.22,6.130000000000001]}"
200403_11,3,0.8064516186714172,TERRACLIMATE,WA012,2004,"{""type"":""Point"",""coordinates"":[2.42,6.37]}"
200403_12,3,0.0,TERRACLIMATE,WA013,2004,"{""type"":""Point"",""coordinates"":[8.52,12.05]}"
200403_13,3,4.094757556915283,TERRACLIMATE,WA014,2004,"{""type"":""Point"",""coordinates"":[-1.62,6.69]}"
200403_14,3,0.0,TERRACLIMATE,WA015,2004,"{""type"":""Point"",""coordinates"":[-16.680000000000003,13.45]}"
,3,0.0,TERRACLIMATE,WA016,2004,
200404_0,4,0.0,TERRACLIMATE,WA001,2004,"{""type"":""Point"",""coordinates"":[-17.470000000000002,14.73]}"
200404_1,4,1.0936933755874634,TERRACLIMATE,WA002,2004,"{""type"":""Point"",""coordinates"":[-7.949999999999998,12.65]}"
200404_2,4,1.2832978963851929,TERRACLIMATE,WA003,2004,"{""type"":""Point"",""coordinates"":[-1.5200000000000002,12.360000000000001]}"
200404_3,4,0.4749548435211181,TERRACLIMATE,WA004,2004,"{""type"":""Point"",""coordinates"":[2.17,13.51]}"
200404_4,4,2.274798631668091,TERRACLIMATE,WA005,2004,"{""type"":""Point"",""coordinates"":[7.33,9.07]}"
200404_5,4,1.6542052030563354,TERRACLIMATE,WA006,2004,"{""type"":""Point"",""coordinates"":[-0.17,5.56]}"
200404_6,4,3.408393383026123,TERRACLIMATE,WA007,2004,"{""type"":""Point"",""coordinates"":[-3.9299999999999997,5.349999999999999]}"
200404_7,4,0.304125964641571,TERRACLIMATE,WA008,2004,"{""type"":""Point"",""coordinates"":[-13.67,9.53]}"
200404_8,4,4.54338264465332,TERRACLIMATE,WA009,2004,"{""type"":""Point"",""coordinates"":[-13.230000000000002,8.489999999999998]}"
200404_9,4,5.766674041748047,TERRACLIMATE,WA010,2004,"{""type"":""Point"",""coordinates"":[-10.799999999999999,6.3]}"
200404_10,4,2.708361387252808,TERRACLIMATE,WA011,2004,"{""type"":""Point"",""coordinates"":[1.22,6.130000000000001]}"
200404_11,4,3.374997854232788,TERRACLIMATE,WA012,2004,"{""type"":""Point"",""coordinates"":[2.42,6.37]}"
200404_12,4,0.0,TERRACLIMATE,WA013,2004,"{""type"":""Point"",""coordinates"":[8.52,12.05]}"
200404_13,4,3.71670913696289,TERRACLIMATE,WA014,2004,"{""type"":""Point"",""coordinates"":[-1.62,6.69]}"
200404_14,4,0.0,TERRACLIMATE,WA015,2004,"{""type"":""Point"",""coordinates"":[-16.680000000000003,13.45]}"
,4,0.0,TERRACLIMATE,WA016,2004,
200405_0,5,0.0,TERRACLIMATE,WA001,2004,"{""type"":""Point"",""coordinates"":[-17.470000000000002,14.73]}"
200405_1,5,1.0382719039916992,TERRACLIMATE,WA002,2004,"{""type"":""Point"",""coordinates"":[-7.949999999999998,12.65]}"
200405_2,5,1.6733371019363403,TERRACLIMATE,WA003,2004,"{""type"":""Point"",""coordinates"":[-1.5200000000000002,12.360000000000001]}"
200405_3,5,0.4354495406150818,TERRACLIMATE,WA004,2004,"{""type"":""Point"",""coordinates"":[2.17,13.51]}"
200405_4,5,6.256563663482666,TERRACLIMATE,WA005,2004,"{""type"":""Point"",""coordinates"":[7.33,9.07]}"
200405_5,5,4.828632831573486,TERRACLIMATE,WA006,2004,"{""type"":""Point"",""coordinates"":[-0.17,5.56]}"
200405_6,5,6.505986213684082,TERRACLIMATE,WA007,2004,"{""type"":""Point"",""coordinates"":[-3.9299999999999997,5.349999999999999]}"
200405_7,5,6.510202407836914,TERRACLIMATE,WA008,2004,"{""type"":""Point"",""coordinates"":[-13.67,9.53]}"
200405_8,5,8.765884399414062,TERRACLIMATE,WA009,2004,"{""type"":""Point"",""coordinates"":[-13.230000000000002,8.489999999999998]}"
200405_9,5,16.639156341552734,TERRACLIMATE,WA010,2004,"{""type"":""Point"",""coordinates"":[-10.799999999999999,6.3]}"
200405_10,5,6.387084484100342,TERRACLIMATE,WA011,2004,"{""type"":""Point"",""coordinates"":[1.22,6.130000000000001]}"
200405_11,5,8.532279014587402,TERRACLIMATE,WA012,2004,"{""type"":""Point"",""coordinates"":[2.42,6.37]}"
200405_12,5,3.479666948318481,TERRACLIMATE,WA013,2004,"{""type"":""Point"",""coordinates"":[8.52,12.05]}"
200405_13,5,3.1652956008911133,TERRACLIMATE,WA014,2004,"{""type"":""Point"",""coordinates"":[-1.62,6.69]}"
200405_14,5,0.1491831541061401,TERRACLIMATE,WA015,2004,"{""type"":""Point"",""coordinates"":[-16.680000000000003,13.45]}"
,5,0.0,TERRACLIMATE,WA016,2004,
200406_0,6,0.2707551419734955,TERRACLIMATE,WA001,2004,"{""type"":""Point"",""coordinates"":[-17.470000000000002,14.73]}"
200406_1,6,2.3165972232818604,TERRACLIMATE,WA002,2004,"{""type"":""Point"",""coordinates"":[-7.949999999999998,12.65]}"
200406_2,6,2.53542709350586,TERRACLIMATE,WA003,2004,"{""type"":""Point"",""coordinates"":[-1.5200000000000002,12.360000000000001]}"
200406_3,6,1.3832584619522097,TERRACLIMATE,WA004,2004,"{""type"":""Point"",""coordinates"":[2.17,13.51]}"
200406_4,6,6.100102424621582,TERRACLIMATE,WA005,2004,"{""type"":""Point"",""coordinates"":[7.33,9.07]}"
200406_5,6,3.856269121170044,TERRACLIMATE,WA006,2004,"{""type"":""Point"",""coordinates"":[-0.17,5.56]}"
200406_6,6,9.476938247680664,TERRACLIMATE,WA007,2004,"{""type"":""Point"",""coordinates"":[-3.9299999999999997,5.349999999999999]}"
200406_7,6,16.595909118652344,TERRACLIMATE,WA008,2004,"{""type"":""Point"",""coordinates"":[-13.67,9.53]}"
200406_8,6,12.05008316040039,TERRACLIMATE,WA009,2004,"{""type"":""Point"",""coordinates"":[-13.230000000000002,8.489999999999998]}"
200406_9,6,17.460912704467773,TERRACLIMATE,WA010,2004,"{""type"":""Point"",""coordinates"":[-10.799999999999999,6.3]}"
200406_10,6,4.591646671295166,TERRACLIMATE,WA011,2004,"{""type"":""Point"",""coordinates"":[1.22,6.130000000000001]}"
200406_11,6,7.491677761077881,TERRACLIMATE,WA012,2004,"{""type"":""Point"",""coordinates"":[2.42,6.37]}"
200406_12,6,3.599879741668701,TERRACLIMATE,WA013,2004,"{""type"":""Point"",""coordinates"":[8.52,12.05]}"
200406_13,6,2.6458418369293213,TERRACLIMATE,WA014,2004,"{""type"":""Point"",""coordinates"":[-1.62,6.69]}"
200406_14,6,2.145727634429932,TERRACLIMATE,WA015,2004,"{""type"":""Point"",""coordinates"":[-16.680000000000003,13.45]}"
,6,0.033333335,TERRACLIMATE,WA016,2004,
200407_0,7,1.0643517971038818,TERRACLIMATE,WA001,2004,"{""type"":""Point"",""coordinates"":[-17.470000000000002,14.73]}"
200407_1,7,9.76412868499756,TERRACLIMATE,WA002,2004,"{""type"":""Point"",""coordinates"":[-7.949999999999998,12.65]}"
200407_2,7,6.997906684875488,TERRACLIMATE,WA003,2004,"{""type"":""Point"",""coordinates"":[-1.5200000000000002,12.360000000000001]}"
200407_3,7,3.4938223361968994,TERRACLIMATE,WA004,2004,"{""type"":""Point"",""coordinates"":[2.17,13.51]}"
200407_4,7,7.205559730529785,TERRACLIMATE,WA005,2004,"{""type"":""Point"",""coordinates"":[7.33,9.07]}"
200407_5,7,1.834720253944397,TERRACLIMATE,WA006,2004,"{""type"":""Point"",""coordinates"":[-0.17,5.56]}"
200407_6,7,5.2600579261779785,TERRACLIMATE,WA007,2004,"{""type"":""Point"",""coordinates"":[-3.9299999999999997,5.349999999999999]}"
200407_7,7,43.631568908691406,TERRACLIMATE,WA008,2004,"{""type"":""Point"",""coordinates"":[-13.67,9.53]}"
200407_8,7,21.911903381347656,TERRACLIMATE,WA009,2004,"{""type"":""Point"",""coordinates"":[-13.230000000000002,8.489999999999998]}"
200407_9,7,55.22371292114258,TERRACLIMATE,WA010,2004,"{""type"":""Point"",""coordinates"":[-10.799999999999999,6.3]}"
200407_10,7,2.175412178039551,TERRACLIMATE,WA011,2004,"{""type"":""Point"",""coordinates"":[1.22,6.130000000000001]}"
200407_11,7,4.419363498687744,TERRACLIMATE,WA012,2004,"{""type"":""Point"",""coordinates"":[2.42,6.37]}"
200407_12,7,4.83257532119751,TERRACLIMATE,WA013,2004,"{""type"":""Point"",""coordinates"":[8.52,12.05]}"
200407_13,7,4.645168781280518,TERRACLIMATE,WA014,2004,"{""type"":""Point"",""coordinates"":[-1.62,6.69]}"
200407_14,7,6.017876625061035,TERRACLIMATE,WA015,2004,"{""type"":""Point"",""coordinates"":[-16.680000000000003,13.45]}"
,7,0.16126022,TERRACLIMATE,WA016,2004,
200408_0,8,4.906956672668457,TERRACLIMATE,WA001,2004,"{""type"":""Point"",""coordinates"":[-17.470000000000002,14.73]}"
200408_1,8,8.536287307739258,TERRACLIMATE,WA002,2004,"{""type"":""Point"",""coordinates"":[-7.949999999999998,12.65]}"
200408_2,8,6.608825206756592,TERRACLIMATE,WA003,2004,"{""type"":""Point"",""coordinates"":[-1.5200000000000002,12.360000000000001]}"
200408_3,8,4.709611415863037,TERRACLIMATE,WA004,2004,"{""type"":""Point"",""coordinates"":[2.17,13.51]}"
200408_4,8,8.608933448791504,TERRACLIMATE,WA005,2004,"{""type"":""Point"",""coordinates"":[7.33,9.07]}"
200408_5,8,0.8326975107192993,TERRACLIMATE,WA006,2004,"{""type"":""Point"",""coordinates"":[-0.17,5.56]}"
200408_6,8,1.5060884952545166,TERRACLIMATE,WA007,2004,"{""type"":""Point"",""coordinates"":[-3.9299999999999997,5.349999999999999]}"
200408_7,8,32.38105392456055,TERRACLIMATE,WA008,2004,"{""type"":""Point"",""coordinates"":[-13.67,9.53]}"
200408_8,8,25.458175659179688,TERRACLIMATE,WA009,2004,"{""type"":""Point"",""coordinates"":[-13.230000000000002,8.489999999999998]}"
200408_9,8,16.488929748535156,TERRACLIMATE,WA010,2004,"{""type"":""Point"",""coordinates"":[-10.799999999999999,6.3]}"
200408_10,8,1.0383403301239014,TERRACLIMATE,WA011,2004,"{""type"":""Point"",""coordinates"":[1.22,6.130000000000001]}"
200408_11,8,1.6774193048477173,TERRACLIMATE,WA012,2004,"{""type"":""Point"",""coordinates"":[2.42,6.37]}"
200408_12,8,8.661115646362305,TERRACLIMATE,WA013,2004,"{""type"":""Point"",""coordinates"":[8.52,12.05]}"
200408_13,8,2.6613006591796875,TERRACLIMATE,WA014,2004,"{""type"":""Point"",""coordinates"":[-1.62,6.69]}"
200408_14,8,9.737650871276855,TERRACLIMATE,WA015,2004,"{""type"":""Point"",""coordinates"":[-16.680000000000003,13.45]}"
,8,0.47576028,TERRACLIMATE,WA016,2004,
200409_0,9,3.474891424179077,TERRACLIMATE,WA001,2004,"{""type"":""Point"",""coordinates"":[-17.470000000000002,14.73]}"
200409_1,9,3.4960286617279053,TERRACLIMATE,WA002,2004,"{""type"":""Point"",""coordinates"":[-7.949999999999998,12.65]}"
200409_2,9,4.12493371963501,TERRACLIMATE,WA003,2004,"{""type"":""Point"",""coordinates"":[-1.5200000000000002,12.360000000000001]}"
200409_3,9,2.460308074951172,TERRACLIMATE,WA004,2004,"{""type"":""Point"",""coordinates"":[2.17,13.51]}"
200409_4,9,8.895770072937012,TERRACLIMATE,WA005,2004,"{""type"":""Point"",""coordinates"":[7.33,9.07]}"
200409_5,9,4.060546875,TERRACLIMATE,WA006,2004,"{""type"":""Point"",""coordinates"":[-0.17,5.56]}"
200409_6,9,5.8084235191345215,TERRACLIMATE,WA007,2004,"{""type"":""Point"",""coordinates"":[-3.9299999999999997,5.349999999999999]}"
200409_7,9,17.220558166503906,TERRACLIMATE,WA008,2004,"{""type"":""Point"",""coordinates"":[-13.67,9.53]}"
200409_8,9,8.574960708618164,TERRACLIMATE,WA009,2004,"{""type"":""Point"",""coordinates"":[-13.230000000000002,8.489999999999998]}"
200409_9,9,13.051202774047852,TERRACLIMATE,WA010,2004,"{""type"":""Point"",""coordinates"":[-10.799999999999999,6.3]}"
200409_10,9,5.202216625213623,TERRACLIMATE,WA011,2004,"{""type"":""Point"",""coordinates"":[1.22,6.130000000000001]}"
200409_11,9,8.37502384185791,TERRACLIMATE,WA012,2004,"{""type"":""Point"",""coordinates"":[2.42,6.37]}"
200409_12,9,2.216603279113769,TERRACLIMATE,WA013,2004,"{""type"":""Point"",""coordinates"":[8.52,12.05]}"
200409_13,9,8.804147720336914,TERRACLIMATE,WA014,2004,"{""type"":""Point"",""coordinates"":[-1.62,6.69]}"
200409_14,9,5.943616390228272,TERRACLIMATE,WA015,2004,"{""type"":""Point"",""coordinates"":[-16.680000000000003,13.45]}"
,9,0.87283945,TERRACLIMATE,WA016,2004,
200410_0,10,0.1290322542190551,TERRACLIMATE,WA001,2004,"{""type"":""Point"",""coordinates"":[-17.470000000000002,14.73]}"
200410_1,10,0.0322580635547637,TERRACLIMATE,WA002,2004,"{""type"":""Point"",""coordinates"":[-7.949999999999998,12.65]}"
200410_2,10,0.3266081213951111,TERRACLIMATE,WA003,2004,"{""type"":""Point"",""coordinates"":[-1.5200000000000002,12.360000000000001]}"
200410_3,10,0.0,TERRACLIMATE,WA004,2004,"{""type"":""Point"",""coordinates"":[2.17,13.51]}"
200410_4,10,3.544264793395996,TERRACLIMATE,WA005,2004,"{""type"":""Point"",""coordinates"":[7.33,9.07]}"
200410_5,10,5.276350975036621,TERRACLIMATE,WA006,2004,"{""type"":""Point"",""coordinates"":[-0.17,5.56]}"
200410_6,10,7.280247688293457,TERRACLIMATE,WA007,2004,"{""type"":""Point"",""coordinates"":[-3.9299999999999997,5.349999999999999]}"
200410_7,10,3.3201191425323486,TERRACLIMATE,WA008,2004,"{""type"":""Point"",""coordinates"":[-13.67,9.53]}"
200410_8,10,6.052359104156494,TERRACLIMATE,WA009,2004,"{""type"":""Point"",""coordinates"":[-13.230000000000002,8.489999999999998]}"
200410_9,10,23.432397842407227,TERRACLIMATE,WA010,2004,"{""type"":""Point"",""coordinates"":[-10.799999999999999,6.3]}"
200410_10,10,6.752034664154053,TERRACLIMATE,WA011,2004,"{""type"":""Point"",""coordinates"":[1.22,6.130000000000001]}"
200410_11,10,6.717765331268311,TERRACLIMATE,WA012,2004,"{""type"":""Point"",""coordinates"":[2.42,6.37]}"
200410_12,10,0.1592695862054824,TERRACLIMATE,WA013,2004,"{""type"":""Point"",""coordinates"":[8.52,12.05]}"
200410_13,10,8.949613571166992,TERRACLIMATE,WA014,2004,"{""type"":""Point"",""coordinates"":[-1.62,6.69]}"
200410_14,10,0.3689272105693817,TERRACLIMATE,WA015,2004,"{""type"":""Point"",""coordinates"":[-16.680000000000003,13.45]}"
,10,0.0,TERRACLIMATE,WA016,2004,
200411_0,11,0.0,TERRACLIMATE,WA001,2004,"{""type"":""Point"",""coordinates"":[-17.470000000000002,14.73]}"
200411_1,11,0.2541717290878296,TERRACLIMATE,WA002,2004,"{""type"":""Point"",""coordinates"":[-7.949999999999998,12.65]}"
200411_2,11,0.302080899477005,TERRACLIMATE,WA003,2004,"{""type"":""Point"",""coordinates"":[-1.5200000000000002,12.360000000000001]}"
200411_3,11,0.0,TERRACLIMATE,WA004,2004,"{""type"":""Point"",""coordinates"":[2.17,13.51]}"
200411_4,11,0.0666666701436042,TERRACLIMATE,WA005,2004,"{""type"":""Point"",""coordinates"":[7.33,9.07]}"
200411_5,11,1.6833642721176147,TERRACLIMATE,WA006,2004,"{""type"":""Point"",""coordinates"":[-0.17,5.56]}"
200411_6,11,4.925047397613525,TERRACLIMATE,WA007,2004,"{""type"":""Point"",""coordinates"":[-3.9299999999999997,5.349999999999999]}"
200411_7,11,5.457839012145996,TERRACLIMATE,WA008,2004,"{""type"":""Point"",""coordinates"":[-13.67,9.53]}"
200411_8,11,6.129457950592041,TERRACLIMATE,WA009,2004,"{""type"":""Point"",""coordinates"":[-13.230000000000002,8.489999999999998]}"
200411_9,11,7.256371974945068,TERRACLIMATE,WA010,2004,"{""type"":""Point"",""coordinates"":[-10.799999999999999,6.3]}"
200411_10,11,1.843749046325684,TERRACLIMATE,WA011,2004,"{""type"":""Point"",""coordinates"":[1.22,6.130000000000001]}"
200411_11,11,1.899999976158142,TERRACLIMATE,WA012,2004,"{""type"":""Point"",""coordinates"":[2.42,6.37]}"
200411_12,11,0.0,TERRACLIMATE,WA013,2004,"{""type"":""Point"",""coordinates"":[8.52,12.05]}"
200411_13,11,2.085439920425415,TERRACLIMATE,WA014,2004,"{""type"":""Point"",""coordinates"":[-1.62,6.69]}"
200411_14,11,0.0249847918748855,TERRACLIMATE,WA015,2004,"{""type"":""Point"",""coordinates"":[-16.680000000000003,13.45]}"
,11,0.0,TERRACLIMATE,WA016,2004,
200412_0,12,0.0,TERRACLIMATE,WA001,2004,"{""type"":""Point"",""coordinates"":[-17.470000000000002,14.73]}"
200412_1,12,0.0,TERRACLIMATE,WA002,2004,"{""type"":""Point"",""coordinates"":[-7.949999999999998,12.65]}"
200412_2,12,0.0,TERRACLIMATE,WA003,2004,"{""type"":""Point"",""coordinates"":[-1.5200000000000002,12.360000000000001]}"
200412_3,12,0.0,TERRACLIMATE,WA004,2004,"{""type"":""Point"",""coordinates"":[2.17,13.51]}"
200412_4,12,0.0,TERRACLIMATE,WA005,2004,"{""type"":""Point"",""coordinates"":[7.33,9.07]}"
200412_5,12,0.4697697460651397,TERRACLIMATE,WA006,2004,"{""type"":""Point"",""coordinates"":[-0.17,5.56]}"
200412_6,12,2.35081148147583,TERRACLIMATE,WA007,2004,"{""type"":""Point"",""coordinates"":[-3.9299999999999997,5.349999999999999]}"
200412_7,12,0.0241850260645151,TERRACLIMATE,WA008,2004,"{""type"":""Point"",""coordinates"":[-13.67,9.53]}"
200412_8,12,1.7134917974472046,TERRACLIMATE,WA009,2004,"{""type"":""Point"",""coordinates"":[-13.230000000000002,8.489999999999998]}"
200412_9,12,3.079474210739136,TERRACLIMATE,WA010,2004,"{""type"":""Point"",""coordinates"":[-10.799999999999999,6.3]}"
200412_10,12,0.1451592892408371,TERRACLIMATE,WA011,2004,"{""type"":""Point"",""coordinates"":[1.22,6.130000000000001]}"
200412_11,12,0.0564537122845649,TERRACLIMATE,WA012,2004,"{""type"":""Point"",""coordinates"":[2.42,6.37]}"
200412_12,12,0.0,TERRACLIMATE,WA013,2004,"{""type"":""Point"",""coordinates"":[8.52,12.05]}"
200412_13,12,1.5060597658157349,TERRACLIMATE,WA014,2004,"{""type"":""Point"",""coordinates"":[-1.62,6.69]}"
200412_14,12,0.0,TERRACLIMATE,WA015,2004,"{""type"":""Point"",""coordinates"":[-16.680000000000003,13.45]}"
,12,0.0,TERRACLIMATE,WA016,2004,
200501_0,1,0.0,TERRACLIMATE,WA001,2005,"{""type"":""Point"",""coordinates"":[-17.470000000000002,14.73]}"
200501_1,1,0.0,TERRACLIMATE,WA002,2005,"{""type"":""Point"",""coordinates"":[-7.949999999999998,12.65]}"
200501_2,1,0.0,TERRACLIMATE,WA003,2005,"{""type"":""Point"",""coordinates"":[-1.5200000000000002,12.360000000000001]}"
200501_3,1,0.0,TERRACLIMATE,WA004,2005,"{""type"":""Point"",""coordinates"":[2.17,13.51]}"
200501_4,1,0.0080579863861203,TERRACLIMATE,WA005,2005,"{""type"":""Point"",""coordinates"":[7.33,9.07]}"
200501_5,1,0.1189555376768112,TERRACLIMATE,WA006,2005,"{""type"":""Point"",""coordinates"":[-0.17,5.56]}"
200501_6,1,0.7681655883789062,TERRACLIMATE,WA007,2005,"{""type"":""Point"",""coordinates"":[-3.9299999999999997,5.349999999999999]}"
200501_7,1,0.0,TERRACLIMATE,WA008,2005,"{""type"":""Point"",""coordinates"":[-13.67,9.53]}"
200501_8,1,0.249969333410263,TERRACLIMATE,WA009,2005,"{""type"":""Point"",""coordinates"":[-13.230000000000002,8.489999999999998]}"
200501_9,1,0.6080421209335327,TERRACLIMATE,WA010,2005,"{""type"":""Point"",""coordinates"":[-10.799999999999999,6.3]}"
200501_10,1,0.0564506165683269,TERRACLIMATE,WA011,2005,"{""type"":""Point"",""coordinates"":[1.22,6.130000000000001]}"
200501_11,1,0.0,TERRACLIMATE,WA012,2005,"{""type"":""Point"",""coordinates"":[2.42,6.37]}"
200501_12,1,0.0,TERRACLIMATE,WA013,2005,"{""type"":""Point"",""coordinates"":[8.52,12.05]}"
200501_13,1,0.3064589202404022,TERRACLIMATE,WA014,2005,"{""type"":""Point"",""coordinates"":[-1.62,6.69]}"
200501_14,1,0.0,TERRACLIMATE,WA015,2005,"{""type"":""Point"",""coordinates"":[-16.680000000000003,13.45]}"
,1,0.0,TERRACLIMATE,WA016,2005,
200502_0,2,0.20100799202919,TERRACLIMATE,WA001,2005,"{""type"":""Point"",""coordinates"":[-17.470000000000002,14.73]}"
200502_1,2,0.0067076426930725,TERRACLIMATE,WA002,2005,"{""type"":""Point"",""coordinates"":[-7.949999999999998,12.65]}"
200502_2,2,0.029013630002737,TERRACLIMATE,WA003,2005,"{""type"":""Point"",""coordinates"":[-1.5200000000000002,12.360000000000001]}"
200502_3,2,0.0,TERRACLIMATE,WA004,2005,"{""type"":""Point"",""coordinates"":[2.17,13.51]}"
200502_4,2,0.1964302957057953,TERRACLIMATE,WA005,2005,"{""type"":""Point"",""coordinates"":[7.33,9.07]}"
200502_5,2,0.92190420627594,TERRACLIMATE,WA006,2005,"{""type"":""Point"",""coordinates"":[-0.17,5.56]}"
200502_6,2,1.9732375144958496,TERRACLIMATE,WA007,2005,"{""type"":""Point"",""coordinates"":[-3.9299999999999997,5.349999999999999]}"
200502_7,2,0.0,TERRACLIMATE,WA008,2005,"{""type"":""Point"",""coordinates"":[-13.67,9.53]}"
200502_8,2,1.241000056266785,TERRACLIMATE,WA009,2005,"{""type"":""Point"",""coordinates"":[-13.230000000000002,8.489999999999998]}"
200502_9,2,1.887373447418213,TERRACLIMATE,WA010,2005,"{""type"":""Point"",""coordinates"":[-10.799999999999999,6.3]}"
200502_10,2,1.066994547843933,TERRACLIMATE,WA011,2005,"{""type"":""Point"",""coordinates"":[1.22,6.130000000000001]}"
200502_11,2,1.2053594589233398,TERRACLIMATE,WA012,2005,"{""type"":""Point"",""coordinates"":[2.42,6.37]}"
200502_12,2,0.0,TERRACLIMATE,WA013,2005,"{""type"":""Point"",""coordinates"":[8.52,12.05]}"
200502_13,2,2.120523452758789,TERRACLIMATE,WA014,2005,"{""type"":""Point"",""coordinates"":[-1.62,6.69]}"
200502_14,2,0.0535976514220237,TERRACLIMATE,WA015,2005,"{""type"":""Point"",""coordinates"":[-16.680000000000003,13.45]}"
,2,0.14062446,TERRACLIMATE,WA016,2005,
200503_0,3,0.0,TERRACLIMATE,WA001,2005,"{""type"":""Point"",""coordinates"":[-17.470000000000002,14.73]}"
200503_1,3,0.0645161271095275,TERRACLIMATE,WA002,2005,"{""type"":""Point"",""coordinates"":[-7.949999999999998,12.65]}"
200503_2,3,0.3891353011131286,TERRACLIMATE,WA003,2005,"{""type"":""Point"",""coordinates"":[-1.5200000000000002,12.360000000000001]}"
200503_3,3,0.0302384477108716,TERRACLIMATE,WA004,2005,"{""type"":""Point"",""coordinates"":[2.17,13.51]}"
200503_4,3,0.6733359694480896,TERRACLIMATE,WA005,2005,"{""type"":""Point"",""coordinates"":[7.33,9.07]}"
200503_5,3,4.750105857849121,TERRACLIMATE,WA006,2005,"{""type"":""Point"",""coordinates"":[-0.17,5.56]}"
200503_6,3,3.856866121292114,TERRACLIMATE,WA007,2005,"{""type"":""Point"",""coordinates"":[-3.9299999999999997,5.349999999999999]}"
200503_7,3,0.6269676685333252,TERRACLIMATE,WA008,2005,"{""type"":""Point"",""coordinates"":[-13.67,9.53]}"
200503_8,3,2.661167860031128,TERRACLIMATE,WA009,2005,"{""type"":""Point"",""coordinates"":[-13.230000000000002,8.489999999999998]}"
200503_9,3,2.675041675567627,TERRACLIMATE,WA010,2005,"{""type"":""Point"",""coordinates"":[-10.799999999999999,6.3]}"
200503_10,3,5.002073764801025,TERRACLIMATE,WA011,2005,"{""type"":""Point"",""coordinates"":[1.22,6.130000000000001]}"
200503_11,3,5.0161333084106445,TERRACLIMATE,WA012,2005,"{""type"":""Point"",""coordinates"":[2.42,6.37]}"
200503_12,3,0.0,TERRACLIMATE,WA013,2005,"{""type"":""Point"",""coordinates"":[8.52,12.05]}"
200503_13,3,4.69549036026001,TERRACLIMATE,WA014,2005,"{""type"":""Point"",""coordinates"":[-1.62,6.69]}"
200503_14,3,0.0,TERRACLIMATE,WA015,2005,"{""type"":""Point"",""coordinates"":[-16.680000000000003,13.45]}"
,3,0.0,TERRACLIMATE,WA016,2005,
200504_0,4,0.0,TERRACLIMATE,WA001,2005,"{""type"":""Point"",""coordinates"":[-17.470000000000002,14.73]}"
200504_1,4,0.4374747276306152,TERRACLIMATE,WA002,2005,"{""type"":""Point"",""coordinates"":[-7.949999999999998,12.65]}"
200504_2,4,0.7499773502349854,TERRACLIMATE,WA003,2005,"{""type"":""Point"",""coordinates"":[-1.5200000000000002,12.360000000000001]}"
200504_3,4,0.0645797327160835,TERRACLIMATE,WA004,2005,"{""type"":""Point"",""coordinates"":[2.17,13.51]}"
200504_4,4,3.083382606506348,TERRACLIMATE,WA005,2005,"{""type"":""Point"",""coordinates"":[7.33,9.07]}"
200504_5,4,1.9312849044799805,TERRACLIMATE,WA006,2005,"{""type"":""Point"",""coordinates"":[-0.17,5.56]}"
200504_6,4,6.258358478546143,TERRACLIMATE,WA007,2005,"{""type"":""Point"",""coordinates"":[-3.9299999999999997,5.349999999999999]}"
200504_7,4,0.1249523162841796,TERRACLIMATE,WA008,2005,"{""type"":""Point"",""coordinates"":[-13.67,9.53]}"
200504_8,4,7.485409259796143,TERRACLIMATE,WA009,2005,"{""type"":""Point"",""coordinates"":[-13.230000000000002,8.489999999999998]}"
200504_9,4,5.879476547241211,TERRACLIMATE,WA010,2005,"{""type"":""Point"",""coordinates"":[-10.799999999999999,6.3]}"
200504_10,4,2.283353805541992,TERRACLIMATE,WA011,2005,"{""type"":""Point"",""coordinates"":[1.22,6.130000000000001]}"
200504_11,4,2.449995756149292,TERRACLIMATE,WA012,2005,"{""type"":""Point"",""coordinates"":[2.42,6.37]}"
200504_12,4,0.1916555762290954,TERRACLIMATE,WA013,2005,"{""type"":""Point"",""coordinates"":[8.52,12.05]}"
200504_13,4,4.5541672706604,TERRACLIMATE,WA014,2005,"{""type"":""Point"",""coordinates"":[-1.62,6.69]}"
200504_14,4,0.0,TERRACLIMATE,WA015,2005,"{""type"":""Point"",""coordinates"":[-16.680000000000003,13.45]}"
,4,0.0,TERRACLIMATE,WA016,2005,
200505_0,5,0.0,TERRACLIMATE,WA001,2005,"{""type"":""Point"",""coordinates"":[-17.470000000000002,14.73]}"
200505_1,5,1.3871065378189087,TERRACLIMATE,WA002,2005,"{""type"":""Point"",""coordinates"":[-7.949999999999998,12.65]}"
200505_2,5,1.7822413444519043,TERRACLIMATE,WA003,2005,"{""type"":""Point"",""coordinates"":[-1.5200000000000002,12.360000000000001]}"
200505_3,5,0.8487474322319031,TERRACLIMATE,WA004,2005,"{""type"":""Point"",""coordinates"":[2.17,13.51]}"
200505_4,5,5.058574199676514,TERRACLIMATE,WA005,2005,"{""type"":""Point"",""coordinates"":[7.33,9.07]}"
200505_5,5,5.118960857391357,TERRACLIMATE,WA006,2005,"{""type"":""Point"",""coordinates"":[-0.17,5.56]}"
200505_6,5,9.683364868164062,TERRACLIMATE,WA007,2005,"{""type"":""Point"",""coordinates"":[-3.9299999999999997,5.349999999999999]}"
200505_7,5,4.522139549255371,TERRACLIMATE,WA008,2005,"{""type"":""Point"",""coordinates"":[-13.67,9.53]}"
200505_8,5,5.7378249168396,TERRACLIMATE,WA009,2005,"{""type"":""Point"",""coordinates"":[-13.230000000000002,8.489999999999998]}"
200505_9,5,10.21592140197754,TERRACLIMATE,WA010,2005,"{""type"":""Point"",""coordinates"":[-10.799999999999999,6.3]}"
200505_10,5,5.653205871582031,TERRACLIMATE,WA011,2005,"{""type"":""Point"",""coordinates"":[1.22,6.130000000000001]}"
200505_11,5,7.403238296508789,TERRACLIMATE,WA012,2005,"{""type"":""Point"",""coordinates"":[2.42,6.37]}"
200505_12,5,2.4071552753448486,TERRACLIMATE,WA013,2005,"{""type"":""Point"",""coordinates"":[8.52,12.05]}"
200505_13,5,7.417332649230957,TERRACLIMATE,WA014,2005,"{""type"":""Point"",""coordinates"":[-1.62,6.69]}"
200505_14,5,0.1431207656860351,TERRACLIMATE,WA015,2005,"{""type"":""Point"",""coordinates"":[-16.680000000000003,13.45]}"
,5,0.0,TERRACLIMATE,WA016,2005,
200506_0,6,0.5207233428955078,TERRACLIMATE,WA001,2005,"{""type"":""Point"",""coordinates"":[-17.470000000000002,14.73]}"
200506_1,6,8.352505683898926,TERRACLIMATE,WA002,2005,"{""type"":""Point"",""coordinates"":[-7.949999999999998,12.65]}"
200506_2,6,4.372974395751953,TERRACLIMATE,WA003,2005,"{""type"":""Point"",""coordinates"":[-1.5200000000000002,12.360000000000001]}"
200506_3,6,4.0477614402771,TERRACLIMATE,WA004,2005,"{""type"":""Point"",""coordinates"":[2.17,13.51]}"
200506_4,6,7.946566581726074,TERRACLIMATE,WA005,2005,"{""type"":""Point"",""coordinates"":[7.33,9.07]}"
200506_5,6,5.366703033447266,TERRACLIMATE,WA006,2005,"{""type"":""Point"",""coordinates"":[-0.17,5.56]}"
200506_6,6,12.122730255126951,TERRACLIMATE,WA007,2005,"{""type"":""Point"",""coordinates"":[-3.9299999999999997,5.349999999999999]}"
200506_7,6,2.404212474822998,TERRACLIMATE,WA008,2005,"{""type"":""Point"",""coordinates"":[-13.67,9.53]}"
200506_8,6,0.7438047528266907,TERRACLIMATE,WA009,2005,"{""type"":""Point"",""coordinates"":[-13.230000000000002,8.489999999999998]}"
200506_9,6,7.242086410522461,TERRACLIMATE,WA010,2005,"{""type"":""Point"",""coordinates"":[-10.799999999999999,6.3]}"
200506_10,6,6.02913236618042,TERRACLIMATE,WA011,2005,"{""type"":""Point"",""coordinates"":[1.22,6.130000000000001]}"
200506_11,6,9.14167308807373,TERRACLIMATE,WA012,2005,"{""type"":""Point"",""coordinates"":[2.42,6.37]}"
200506_12,6,9.94134521484375,TERRACLIMATE,WA013,2005,"{""type"":""Point"",""coordinates"":[8.52,12.05]}"
200506_13,6,4.462520599365234,TERRACLIMATE,WA014,2005,"{""type"":""Point"",""coordinates"":[-1.62,6.69]}"
200506_14,6,2.647845268249512,TERRACLIMATE,WA015,2005,"{""type"":""Point"",""coordinates"":[-16.680000000000003,13.45]}"
,6,0.14165215,TERRACLIMATE,WA016,2005,
200507_0,7,4.312008380889893,TERRACLIMATE,WA001,2005,"{""type"":""Point"",""coordinates"":[-17.470000000000002,14.73]}"
200507_1,7,4.360915660858154,TERRACLIMATE,WA002,2005,"{""type"":""Point"",""coordinates"":[-7.949999999999998,12.65]}"
200507_2,7,6.213664531707764,TERRACLIMATE,WA003,2005,"{""type"":""Point"",""coordinates"":[-1.5200000000000002,12.360000000000001]}"
200507_3,7,6.149052143096924,TERRACLIMATE,WA004,2005,"{""type"":""Point"",""coordinates"":[2.17,13.51]}"
200507_4,7,7.820705413818359,TERRACLIMATE,WA005,2005,"{""type"":""Point"",""coordinates"":[7.33,9.07]}"
200507_5,7,1.5423798561096191,TERRACLIMATE,WA006,2005,"{""type"":""Point"",""coordinates"":[-0.17,5.56]}"
200507_6,7,0.685465395450592,TERRACLIMATE,WA007,2005,"{""type"":""Point"",""coordinates"":[-3.9299999999999997,5.349999999999999]}"
200507_7,7,27.64492416381836,TERRACLIMATE,WA008,2005,"{""type"":""Point"",""coordinates"":[-13.67,9.53]}"
200507_8,7,20.674673080444336,TERRACLIMATE,WA009,2005,"{""type"":""Point"",""coordinates"":[-13.230000000000002,8.489999999999998]}"
200507_9,7,23.26833915710449,TERRACLIMATE,WA010,2005,"{""type"":""Point"",""coordinates"":[-10.799999999999999,6.3]}"
200507_10,7,2.2883172035217285,TERRACLIMATE,WA011,2005,"{""type"":""Point"",""coordinates"":[1.22,6.130000000000001]}"
200507_11,7,4.282260417938232,TERRACLIMATE,WA012,2005,"{""type"":""Point"",""coordinates"":[2.42,6.37]}"
200507_12,7,6.443424224853516,TERRACLIMATE,WA013,2005,"{""type"":""Point"",""coordinates"":[8.52,12.05]}"
200507_13,7,1.4173545837402344,TERRACLIMATE,WA014,2005,"{""type"":""Point"",""coordinates"":[-1.62,6.69]}"
200507_14,7,9.314509391784668,TERRACLIMATE,WA015,2005,"{""type"":""Point"",""coordinates"":[-16.680000000000003,13.45]}"
,7,0.92731297,TERRACLIMATE,WA016,2005,
200508_0,8,8.257682800292969,TERRACLIMATE,WA001,2005,"{""type"":""Point"",""coordinates"":[-17.470000000000002,14.73]}"
200508_1,8,10.689520835876465,TERRACLIMATE,WA002,2005,"{""type"":""Point"",""coordinates"":[-7.949999999999998,12.65]}"
200508_2,8,6.866885662078857,TERRACLIMATE,WA003,2005,"{""type"":""Point"",""coordinates"":[-1.5200000000000002,12.360000000000001]}"
200508_3,8,5.6955389976501465,TERRACLIMATE,WA004,2005,"{""type"":""Point"",""coordinates"":[2.17,13.51]}"
200508_4,8,8.179343223571777,TERRACLIMATE,WA005,2005,"{""type"":""Point"",""coordinates"":[7.33,9.07]}"
200508_5,8,0.895196259021759,TERRACLIMATE,WA006,2005,"{""type"":""Point"",""coordinates"":[-0.17,5.56]}"
200508_6,8,0.6229960918426514,TERRACLIMATE,WA007,2005,"{""type"":""Point"",""coordinates"":[-3.9299999999999997,5.349999999999999]}"
200508_7,8,32.24015808105469,TERRACLIMATE,WA008,2005,"{""type"":""Point"",""coordinates"":[-13.67,9.53]}"
200508_8,8,25.21648979187012,TERRACLIMATE,WA009,2005,"{""type"":""Point"",""coordinates"":[-13.230000000000002,8.489999999999998]}"
200508_9,8,16.315122604370117,TERRACLIMATE,WA010,2005,"{""type"":""Point"",""coordinates"":[-10.799999999999999,6.3]}"
200508_10,8,0.971806526184082,TERRACLIMATE,WA011,2005,"{""type"":""Point"",""coordinates"":[1.22,6.130000000000001]}"
200508_11,8,1.645161271095276,TERRACLIMATE,WA012,2005,"{""type"":""Point"",""coordinates"":[2.42,6.37]}"
200508_12,8,7.1611647605896,TERRACLIMATE,WA013,2005,"{""type"":""Point"",""coordinates"":[8.52,12.05]}"
200508_13,8,1.135074496269226,TERRACLIMATE,WA014,2005,"{""type"":""Point"",""coordinates"":[-1.62,6.69]}"
200508_14,8,11.989790916442873,TERRACLIMATE,WA015,2005,"{""type"":""Point"",""coordinates"":[-16.680000000000003,13.45]}"
,8,2.388929,TERRACLIMATE,WA016,2005,
200509_0,9,5.16859769821167,TERRACLIMATE,WA001,2005,"{""type"":""Point"",""coordinates"":[-17.470000000000002,14.73]}"
200509_1,9,5.160455226898193,TERRACLIMATE,WA002,2005,"{""type"":""Point"",""coordinates"":[-7.949999999999998,12.65]}"
200509_2,9,4.752025604248047,TERRACLIMATE,WA003,2005,"{""type"":""Point"",""coordinates"":[-1.5200000000000002,12.360000000000001]}"
200509_3,9,2.4082250595092773,TERRACLIMATE,WA004,2005,"{""type"":""Point"",""coordinates"":[2.17,13.51]}"
200509_4,9,9.994108200073242,TERRACLIMATE,WA005,2005,"{""type"":""Point"",""coordinates"":[7.33,9.07]}"
200509_5,9,1.4521362781524658,TERRACLIMATE,WA006,2005,"{""type"":""Point"",""coordinates"":[-0.17,5.56]}"
200509_6,9,2.427142381668091,TERRACLIMATE,WA007,2005,"{""type"":""Point"",""coordinates"":[-3.9299999999999997,5.349999999999999]}"
200509_7,9,25.45609664916992,TERRACLIMATE,WA008,2005,"{""type"":""Point"",""coordinates"":[-13.67,9.53]}"
200509_8,9,18.285903930664062,TERRACLIMATE,WA009,2005,"{""type"":""Point"",""coordinates"":[-13.230000000000002,8.489999999999998]}"
200509_9,9,23.07428550720215,TERRACLIMATE,WA010,2005,"{""type"":""Point"",""coordinates"":[-10.799999999999999,6.3]}"
200509_10,9,1.9771430492401123,TERRACLIMATE,WA011,2005,"{""type"":""Point"",""coordinates"":[1.22,6.130000000000001]}"
200509_11,9,2.9583442211151123,TERRACLIMATE,WA012,2005,"{""type"":""Point"",""coordinates"":[2.42,6.37]}"
200509_12,9,5.266470432281494,TERRACLIMATE,WA013,2005,"{""type"":""Point"",""coordinates"":[8.52,12.05]}"
200509_13,9,4.937541484832764,TERRACLIMATE,WA014,2005,"{""type"":""Point"",""coordinates"":[-1.62,6.69]}"
200509_14,9,9.42063045501709,TERRACLIMATE,WA015,2005,"{""type"":""Point"",""coordinates"":[-16.680000000000003,13.45]}"
,9,1.5999067,TERRACLIMATE,WA016,2005,
200510_0,10,1.2822014093399048,TERRACLIMATE,WA001,2005,"{""type"":""Point"",""coordinates"":[-17.470000000000002,14.73]}"
200510_1,10,1.3125338554382324,TERRACLIMATE,WA002,2005,"{""type"":""Point"",""coordinates"":[-7.949999999999998,12.65]}"
200510_2,10,1.0080549716949463,TERRACLIMATE,WA003,2005,"{""type"":""Point"",""coordinates"":[-1.5200000000000002,12.360000000000001]}"
200510_3,10,0.8164615035057068,TERRACLIMATE,WA004,2005,"{""type"":""Point"",""coordinates"":[2.17,13.51]}"
200510_4,10,3.4394097328186035,TERRACLIMATE,WA005,2005,"{""type"":""Point"",""coordinates"":[7.33,9.07]}"
200510_5,10,4.280351638793945,TERRACLIMATE,WA006,2005,"{""type"":""Point"",""coordinates"":[-0.17,5.56]}"
200510_6,10,7.576644420623779,TERRACLIMATE,WA007,2005,"{""type"":""Point"",""coordinates"":[-3.9299999999999997,5.349999999999999]}"
200510_7,10,7.068885326385498,TERRACLIMATE,WA008,2005,"{""type"":""Point"",""coordinates"":[-13.67,9.53]}"
200510_8,10,8.293752670288086,TERRACLIMATE,WA009,2005,"{""type"":""Point"",""coordinates"":[-13.230000000000002,8.489999999999998]}"
200510_9,10,24.573585510253903,TERRACLIMATE,WA010,2005,"{""type"":""Point"",""coordinates"":[-10.799999999999999,6.3]}"
200510_10,10,3.691526412963867,TERRACLIMATE,WA011,2005,"{""type"":""Point"",""coordinates"":[1.22,6.130000000000001]}"
200510_11,10,3.4113008975982666,TERRACLIMATE,WA012,2005,"{""type"":""Point"",""coordinates"":[2.42,6.37]}"
200510_12,10,0.4011867046356201,TERRACLIMATE,WA013,2005,"{""type"":""Point"",""coordinates"":[8.52,12.05]}"
200510_13,10,8.598849296569824,TERRACLIMATE,WA014,2005,"{""type"":""Point"",""coordinates"":[-1.62,6.69]}"
200510_14,10,3.604625940322876,TERRACLIMATE,WA015,2005,"{""type"":""Point"",""coordinates"":[-16.680000000000003,13.45]}"
,10,0.032258064,TERRACLIMATE,WA016,2005,
200511_0,11,0.0333333350718021,TERRACLIMATE,WA001,2005,"{""type"":""Point"",""coordinates"":[-17.470000000000002,14.73]}"
200511_1,11,0.0,TERRACLIMATE,WA002,2005,"{""type"":""Point"",""coordinates"":[-7.949999999999998,12.65]}"
200511_2,11,0.0,TERRACLIMATE,WA003,2005,"{""type"":""Point"",""coordinates"":[-1.5200000000000002,12.360000000000001]}"
200511_3,11,0.0,TERRACLIMATE,WA004,2005,"{""type"":""Point"",""coordinates"":[2.17,13.51]}"
200511_4,11,0.2520853281021118,TERRACLIMATE,WA005,2005,"{""type"":""Point"",""coordinates"":[7.33,9.07]}"
200511_5,11,4.30424165725708,TERRACLIMATE,WA006,2005,"{""type"":""Point"",""coordinates"":[-0.17,5.56]}"
200511_6,11,5.868746757507324,TERRACLIMATE,WA007,2005,"{""type"":""Point"",""coordinates"":[-3.9299999999999997,5.349999999999999]}"
200511_7,11,0.4810825288295746,TERRACLIMATE,WA008,2005,"{""type"":""Point"",""coordinates"":[-13.67,9.53]}"
200511_8,11,3.266571521759033,TERRACLIMATE,WA009,2005,"{""type"":""Point"",""coordinates"":[-13.230000000000002,8.489999999999998]}"
200511_9,11,7.374292850494385,TERRACLIMATE,WA010,2005,"{""type"":""Point"",""coordinates"":[-10.799999999999999,6.3]}"
200511_10,11,2.939563035964966,TERRACLIMATE,WA011,2005,"{""type"":""Point"",""coordinates"":[1.22,6.130000000000001]}"
200511_11,11,1.7249934673309326,TERRACLIMATE,WA012,2005,"{""type"":""Point"",""coordinates"":[2.42,6.37]}"
200511_12,11,0.0,TERRACLIMATE,WA013,2005,"{""type"":""Point"",""coordinates"":[8.52,12.05]}"
200511_13,11,2.714563369750977,TERRACLIMATE,WA014,2005,"{""type"":""Point"",""coordinates"":[-1.62,6.69]}"
200511_14,11,0.0333333350718021,TERRACLIMATE,WA015,2005,"{""type"":""Point"",""coordinates"":[-16.680000000000003,13.45]}"
,11,0.033333335,TERRACLIMATE,WA016,2005,
200512_0,12,0.0,TERRACLIMATE,WA001,2005,"{""type"":""Point"",""coordinates"":[-17.470000000000002,14.73]}"
200512_1,12,0.0,TERRACLIMATE,WA002,2005,"{""type"":""Point"",""coordinates"":[-7.949999999999998,12.65]}"
200512_2,12,0.0,TERRACLIMATE,WA003,2005,"{""type"":""Point"",""coordinates"":[-1.5200000000000002,12.360000000000001]}"
200512_3,12,0.0,TERRACLIMATE,WA004,2005,"{""type"":""Point"",""coordinates"":[2.17,13.51]}"
200512_4,12,0.0,TERRACLIMATE,WA005,2005,"{""type"":""Point"",""coordinates"":[7.33,9.07]}"
200512_5,12,1.5867230892181396,TERRACLIMATE,WA006,2005,"{""type"":""Point"",""coordinates"":[-0.17,5.56]}"
200512_6,12,2.6733882427215576,TERRACLIMATE,WA007,2005,"{""type"":""Point"",""coordinates"":[-3.9299999999999997,5.349999999999999]}"
200512_7,12,0.0483700521290302,TERRACLIMATE,WA008,2005,"{""type"":""Point"",""coordinates"":[-13.67,9.53]}"
200512_8,12,1.3426446914672852,TERRACLIMATE,WA009,2005,"{""type"":""Point"",""coordinates"":[-13.230000000000002,8.489999999999998]}"
200512_9,12,3.461561441421509,TERRACLIMATE,WA010,2005,"{""type"":""Point"",""coordinates"":[-10.799999999999999,6.3]}"
200512_10,12,0.4294256865978241,TERRACLIMATE,WA011,2005,"{""type"":""Point"",""coordinates"":[1.22,6.130000000000001]}"
200512_11,12,0.1612903177738189,TERRACLIMATE,WA012,2005,"{""type"":""Point"",""coordinates"":[2.42,6.37]}"
200512_12,12,0.0,TERRACLIMATE,WA013,2005,"{""type"":""Point"",""coordinates"":[8.52,12.05]}"
200512_13,12,1.0403138399124146,TERRACLIMATE,WA014,2005,"{""type"":""Point"",""coordinates"":[-1.62,6.69]}"
200512_14,12,0.0,TERRACLIMATE,WA015,2005,"{""type"":""Point"",""coordinates"":[-16.680000000000003,13.45]}"
,12,0.0,TERRACLIMATE,WA016,2005,
200601_0,1,0.0,TERRACLIMATE,WA001,2006,"{""type"":""Point"",""coordinates"":[-17.470000000000002,14.73]}"
200601_1,1,0.0,TERRACLIMATE,WA002,2006,"{""type"":""Point"",""coordinates"":[-7.949999999999998,12.65]}"
200601_2,1,0.0,TERRACLIMATE,WA003,2006,"{""type"":""Point"",""coordinates"":[-1.5200000000000002,12.360000000000001]}"
200601_3,1,0.0,TERRACLIMATE,WA004,2006,"{""type"":""Point"",""coordinates"":[2.17,13.51]}"
200601_4,1,0.0645161271095275,TERRACLIMATE,WA005,2006,"{""type"":""Point"",""coordinates"":[7.33,9.07]}"
200601_5,1,0.4455807209014892,TERRACLIMATE,WA006,2006,"{""type"":""Point"",""coordinates"":[-0.17,5.56]}"
200601_6,1,0.1693513989448547,TERRACLIMATE,WA007,2006,"{""type"":""Point"",""coordinates"":[-3.9299999999999997,5.349999999999999]}"
200601_7,1,0.0,TERRACLIMATE,WA008,2006,"{""type"":""Point"",""coordinates"":[-13.67,9.53]}"
200601_8,1,0.6612290143966675,TERRACLIMATE,WA009,2006,"{""type"":""Point"",""coordinates"":[-13.230000000000002,8.489999999999998]}"
200601_9,1,1.47891104221344,TERRACLIMATE,WA010,2006,"{""type"":""Point"",""coordinates"":[-10.799999999999999,6.3]}"
200601_10,1,0.6754109263420105,TERRACLIMATE,WA011,2006,"{""type"":""Point"",""coordinates"":[1.22,6.130000000000001]}"
200601_11,1,0.4596837162971496,TERRACLIMATE,WA012,2006,"{""type"":""Point"",""coordinates"":[2.42,6.37]}"
200601_12,1,0.0,TERRACLIMATE,WA013,2006,"{""type"":""Point"",""coordinates"":[8.52,12.05]}"
200601_13,1,0.1935528069734573,TERRACLIMATE,WA014,2006,"{""type"":""Point"",""coordinates"":[-1.62,6.69]}"
200601_14,1,0.0,TERRACLIMATE,WA015,2006,"{""type"":""Point"",""coordinates"":[-16.680000000000003,13.45]}"
,1,0.032258064,TERRACLIMATE,WA016,2006,
200602_0,2,0.0290342085063457,TERRACLIMATE,WA001,2006,"{""type"":""Point"",""coordinates"":[-17.470000000000002,14.73]}"
200602_1,2,0.0,TERRACLIMATE,WA002,2006,"{""type"":""Point"",""coordinates"":[-7.949999999999998,12.65]}"
200602_2,2,0.0357142873108387,TERRACLIMATE,WA003,2006,"{""type"":""Point"",""coordinates"":[-1.5200000000000002,12.360000000000001]}"
200602_3,2,0.0,TERRACLIMATE,WA004,2006,"{""type"":""Point"",""coordinates"":[2.17,13.51]}"
200602_4,2,0.3593719899654388,TERRACLIMATE,WA005,2006,"{""type"":""Point"",""coordinates"":[7.33,9.07]}"
200602_5,2,0.4910938441753387,TERRACLIMATE,WA006,2006,"{""type"":""Point"",""coordinates"":[-0.17,5.56]}"
200602_6,2,1.4107502698898315,TERRACLIMATE,WA007,2006,"{""type"":""Point"",""coordinates"":[-3.9299999999999997,5.349999999999999]}"
200602_7,2,0.0,TERRACLIMATE,WA008,2006,"{""type"":""Point"",""coordinates"":[-13.67,9.53]}"
200602_8,2,0.4575108289718628,TERRACLIMATE,WA009,2006,"{""type"":""Point"",""coordinates"":[-13.230000000000002,8.489999999999998]}"
200602_9,2,2.362532615661621,TERRACLIMATE,WA010,2006,"{""type"":""Point"",""coordinates"":[-10.799999999999999,6.3]}"
200602_10,2,0.3281341195106506,TERRACLIMATE,WA011,2006,"{""type"":""Point"",""coordinates"":[1.22,6.130000000000001]}"
200602_11,2,0.25,TERRACLIMATE,WA012,2006,"{""type"":""Point"",""coordinates"":[2.42,6.37]}"
200602_12,2,0.0,TERRACLIMATE,WA013,2006,"{""type"":""Point"",""coordinates"":[8.52,12.05]}"
200602_13,2,2.9330639839172363,TERRACLIMATE,WA014,2006,"{""type"":""Point"",""coordinates"":[-1.62,6.69]}"
200602_14,2,0.0,TERRACLIMATE,WA015,2006,"{""type"":""Point"",""coordinates"":[-16.680000000000003,13.45]}"
,2,0.035714287,TERRACLIMATE,WA016,2006,
200603_0,3,0.0,TERRACLIMATE,WA001,2006,"{""type"":""Point"",""coordinates"":[-17.470000000000002,14.73]}"
200603_1,3,0.1048317328095436,TERRACLIMATE,WA002,2006,"{""type"":""Point"",""coordinates"":[-7.949999999999998,12.65]}"
200603_2,3,0.0342718139290809,TERRACLIMATE,WA003,2006,"{""type"":""Point"",""coordinates"":[-1.5200000000000002,12.360000000000001]}"
200603_3,3,0.0,TERRACLIMATE,WA004,2006,"{""type"":""Point"",""coordinates"":[2.17,13.51]}"
200603_4,3,0.6733359694480896,TERRACLIMATE,WA005,2006,"{""type"":""Point"",""coordinates"":[7.33,9.07]}"
200603_5,3,1.5383552312850952,TERRACLIMATE,WA006,2006,"{""type"":""Point"",""coordinates"":[-0.17,5.56]}"
200603_6,3,3.838764190673828,TERRACLIMATE,WA007,2006,"{""type"":""Point"",""coordinates"":[-3.9299999999999997,5.349999999999999]}"
200603_7,3,0.0,TERRACLIMATE,WA008,2006,"{""type"":""Point"",""coordinates"":[-13.67,9.53]}"
200603_8,3,0.3971107304096222,TERRACLIMATE,WA009,2006,"{""type"":""Point"",""coordinates"":[-13.230000000000002,8.489999999999998]}"
200603_9,3,2.6973443031311035,TERRACLIMATE,WA010,2006,"{""type"":""Point"",""coordinates"":[-10.799999999999999,6.3]}"
200603_10,3,2.246006965637207,TERRACLIMATE,WA011,2006,"{""type"":""Point"",""coordinates"":[1.22,6.130000000000001]}"
200603_11,3,2.677419424057007,TERRACLIMATE,WA012,2006,"{""type"":""Point"",""coordinates"":[2.42,6.37]}"
200603_12,3,0.0,TERRACLIMATE,WA013,2006,"{""type"":""Point"",""coordinates"":[8.52,12.05]}"
200603_13,3,3.989959955215454,TERRACLIMATE,WA014,2006,"{""type"":""Point"",""coordinates"":[-1.62,6.69]}"
200603_14,3,0.0,TERRACLIMATE,WA015,2006,"{""type"":""Point"",""coordinates"":[-16.680000000000003,13.45]}"
,3,0.0,TERRACLIMATE,WA016,2006,
200604_0,4,0.0,TERRACLIMATE,WA001,2006,"{""type"":""Point"",""coordinates"":[-17.470000000000002,14.73]}"
200604_1,4,0.2270353585481643,TERRACLIMATE,WA002,2006,"{""type"":""Point"",""coordinates"":[-7.949999999999998,12.65]}"
200604_2,4,0.5166440010070801,TERRACLIMATE,WA003,2006,"{""type"":""Point"",""coordinates"":[-1.5200000000000002,12.360000000000001]}"
200604_3,4,0.0,TERRACLIMATE,WA004,2006,"{""type"":""Point"",""coordinates"":[2.17,13.51]}"
200604_4,4,2.274798631668091,TERRACLIMATE,WA005,2006,"{""type"":""Point"",""coordinates"":[7.33,9.07]}"
200604_5,4,1.552115559577942,TERRACLIMATE,WA006,2006,"{""type"":""Point"",""coordinates"":[-0.17,5.56]}"
200604_6,4,3.5146052837371826,TERRACLIMATE,WA007,2006,"{""type"":""Point"",""coordinates"":[-3.9299999999999997,5.349999999999999]}"
200604_7,4,0.0,TERRACLIMATE,WA008,2006,"{""type"":""Point"",""coordinates"":[-13.67,9.53]}"
200604_8,4,1.4039316177368164,TERRACLIMATE,WA009,2006,"{""type"":""Point"",""coordinates"":[-13.230000000000002,8.489999999999998]}"
200604_9,4,4.7438178062438965,TERRACLIMATE,WA010,2006,"{""type"":""Point"",""coordinates"":[-10.799999999999999,6.3]}"
200604_10,4,2.0166823863983154,TERRACLIMATE,WA011,2006,"{""type"":""Point"",""coordinates"":[1.22,6.130000000000001]}"
200604_11,4,2.2749977111816406,TERRACLIMATE,WA012,2006,"{""type"":""Point"",""coordinates"":[2.42,6.37]}"
200604_12,4,0.0,TERRACLIMATE,WA013,2006,"{""type"":""Point"",""coordinates"":[8.52,12.05]}"
200604_13,4,2.58125114440918,TERRACLIMATE,WA014,2006,"{""type"":""Point"",""coordinates"":[-1.62,6.69]}"
200604_14,4,0.0,TERRACLIMATE,WA015,2006,"{""type"":""Point"",""coordinates"":[-16.680000000000003,13.45]}"
,4,0.0,TERRACLIMATE,WA016,2006,
200605_0,5,0.0,TERRACLIMATE,WA001,2006,"{""type"":""Point"",""coordinates"":[-17.470000000000002,14.73]}"
200605_1,5,3.935377597808838,TERRACLIMATE,WA002,2006,"{""type"":""Point"",""coordinates"":[-7.949999999999998,12.65]}"
200605_2,5,1.0040274858474731,TERRACLIMATE,WA003,2006,"{""type"":""Point"",""coordinates"":[-1.5200000000000002,12.360000000000001]}"
200605_3,5,0.4697374105453491,TERRACLIMATE,WA004,2006,"{""type"":""Point"",""coordinates"":[2.17,13.51]}"
200605_4,5,4.798402309417725,TERRACLIMATE,WA005,2006,"{""type"":""Point"",""coordinates"":[7.33,9.07]}"
200605_5,5,7.945571422576904,TERRACLIMATE,WA006,2006,"{""type"":""Point"",""coordinates"":[-0.17,5.56]}"
200605_6,5,8.862810134887695,TERRACLIMATE,WA007,2006,"{""type"":""Point"",""coordinates"":[-3.9299999999999997,5.349999999999999]}"
200605_7,5,3.49567985534668,TERRACLIMATE,WA008,2006,"{""type"":""Point"",""coordinates"":[-13.67,9.53]}"
200605_8,5,6.637064933776856,TERRACLIMATE,WA009,2006,"{""type"":""Point"",""coordinates"":[-13.230000000000002,8.489999999999998]}"
200605_9,5,12.595348358154297,TERRACLIMATE,WA010,2006,"{""type"":""Point"",""coordinates"":[-10.799999999999999,6.3]}"
200605_10,5,7.566507339477539,TERRACLIMATE,WA011,2006,"{""type"":""Point"",""coordinates"":[1.22,6.130000000000001]}"
200605_11,5,7.653240203857422,TERRACLIMATE,WA012,2006,"{""type"":""Point"",""coordinates"":[2.42,6.37]}"
200605_12,5,0.9656813740730286,TERRACLIMATE,WA013,2006,"{""type"":""Point"",""coordinates"":[8.52,12.05]}"
200605_13,5,7.199556827545166,TERRACLIMATE,WA014,2006,"{""type"":""Point"",""coordinates"":[-1.62,6.69]}"
200605_14,5,0.0,TERRACLIMATE,WA015,2006,"{""type"":""Point"",""coordinates"":[-16.680000000000003,13.45]}"
,5,0.0,TERRACLIMATE,WA016,2006,
200606_0,6,0.4728085398674011,TERRACLIMATE,WA001,2006,"{""type"":""Point"",""coordinates"":[-17.470000000000002,14.73]}"
200606_1,6,3.7247848510742174,TERRACLIMATE,WA002,2006,"{""type"":""Point"",""coordinates"":[-7.949999999999998,12.65]}"
200606_2,6,3.929153442382813,TERRACLIMATE,WA003,2006,"{""type"":""Point"",""coordinates"":[-1.5200000000000002,12.360000000000001]}"
200606_3,6,1.5124305486679075,TERRACLIMATE,WA004,2006,"{""type"":""Point"",""coordinates"":[2.17,13.51]}"
200606_4,6,5.489458560943604,TERRACLIMATE,WA005,2006,"{""type"":""Point"",""coordinates"":[7.33,9.07]}"
200606_5,6,4.720856666564941,TERRACLIMATE,WA006,2006,"{""type"":""Point"",""coordinates"":[-0.17,5.56]}"
200606_6,6,11.633143424987791,TERRACLIMATE,WA007,2006,"{""type"":""Point"",""coordinates"":[-3.9299999999999997,5.349999999999999]}"
200606_7,6,16.393932342529297,TERRACLIMATE,WA008,2006,"{""type"":""Point"",""coordinates"":[-13.67,9.53]}"
200606_8,6,12.112606048583984,TERRACLIMATE,WA009,2006,"{""type"":""Point"",""coordinates"":[-13.230000000000002,8.489999999999998]}"
200606_9,6,18.233341217041016,TERRACLIMATE,WA010,2006,"{""type"":""Point"",""coordinates"":[-10.799999999999999,6.3]}"
200606_10,6,5.579134464263916,TERRACLIMATE,WA011,2006,"{""type"":""Point"",""coordinates"":[1.22,6.130000000000001]}"
200606_11,6,9.041672706604004,TERRACLIMATE,WA012,2006,"{""type"":""Point"",""coordinates"":[2.42,6.37]}"
200606_12,6,2.82490348815918,TERRACLIMATE,WA013,2006,"{""type"":""Point"",""coordinates"":[8.52,12.05]}"
200606_13,6,5.087540149688721,TERRACLIMATE,WA014,2006,"{""type"":""Point"",""coordinates"":[-1.62,6.69]}"
200606_14,6,2.437385082244873,TERRACLIMATE,WA015,2006,"{""type"":""Point"",""coordinates"":[-16.680000000000003,13.45]}"
,6,0.09373393,TERRACLIMATE,WA016,2006,
200607_0,7,2.3666751384735107,TERRACLIMATE,WA001,2006,"{""type"":""Point"",""coordinates"":[-17.470000000000002,14.73]}"
200607_1,7,5.56889533996582,TERRACLIMATE,WA002,2006,"{""type"":""Point"",""coordinates"":[-7.949999999999998,12.65]}"
200607_2,7,5.566514492034912,TERRACLIMATE,WA003,2006,"{""type"":""Point"",""coordinates"":[-1.5200000000000002,12.360000000000001]}"
200607_3,7,4.257957935333252,TERRACLIMATE,WA004,2006,"{""type"":""Point"",""coordinates"":[2.17,13.51]}"
200607_4,7,6.820362091064453,TERRACLIMATE,WA005,2006,"{""type"":""Point"",""coordinates"":[7.33,9.07]}"
200607_5,7,1.6552735567092896,TERRACLIMATE,WA006,2006,"{""type"":""Point"",""coordinates"":[-0.17,5.56]}"
200607_6,7,4.503998279571533,TERRACLIMATE,WA007,2006,"{""type"":""Point"",""coordinates"":[-3.9299999999999997,5.349999999999999]}"
200607_7,7,18.970787048339844,TERRACLIMATE,WA008,2006,"{""type"":""Point"",""coordinates"":[-13.67,9.53]}"
200607_8,7,20.035127639770508,TERRACLIMATE,WA009,2006,"{""type"":""Point"",""coordinates"":[-13.230000000000002,8.489999999999998]}"
200607_9,7,15.300456047058104,TERRACLIMATE,WA010,2006,"{""type"":""Point"",""coordinates"":[-10.799999999999999,6.3]}"
200607_10,7,1.812503337860108,TERRACLIMATE,WA011,2006,"{""type"":""Point"",""coordinates"":[1.22,6.130000000000001]}"
200607_11,7,3.1209700107574463,TERRACLIMATE,WA012,2006,"{""type"":""Point"",""coordinates"":[2.42,6.37]}"
200607_12,7,3.9192628860473633,TERRACLIMATE,WA013,2006,"{""type"":""Point"",""coordinates"":[8.52,12.05]}"
200607_13,7,2.5947444438934326,TERRACLIMATE,WA014,2006,"{""type"":""Point"",""coordinates"":[-1.62,6.69]}"
200607_14,7,5.548368453979492,TERRACLIMATE,WA015,2006,"{""type"":""Point"",""coordinates"":[-16.680000000000003,13.45]}"
,7,0.67735916,TERRACLIMATE,WA016,2006,
200608_0,8,5.4935503005981445,TERRACLIMATE,WA001,2006,"{""type"":""Point"",""coordinates"":[-17.470000000000002,14.73]}"
200608_1,8,7.562575340270996,TERRACLIMATE,WA002,2006,"{""type"":""Point"",""coordinates"":[-7.949999999999998,12.65]}"
200608_2,8,6.145126819610596,TERRACLIMATE,WA003,2006,"{""type"":""Point"",""coordinates"":[-1.5200000000000002,12.360000000000001]}"
200608_3,8,5.622905254364014,TERRACLIMATE,WA004,2006,"{""type"":""Point"",""coordinates"":[2.17,13.51]}"
200608_4,8,9.41767406463623,TERRACLIMATE,WA005,2006,"{""type"":""Point"",""coordinates"":[7.33,9.07]}"
200608_5,8,0.6935783624649048,TERRACLIMATE,WA006,2006,"{""type"":""Point"",""coordinates"":[-0.17,5.56]}"
200608_6,8,1.4818875789642334,TERRACLIMATE,WA007,2006,"{""type"":""Point"",""coordinates"":[-3.9299999999999997,5.349999999999999]}"
200608_7,8,40.24684143066406,TERRACLIMATE,WA008,2006,"{""type"":""Point"",""coordinates"":[-13.67,9.53]}"
200608_8,8,26.859289169311523,TERRACLIMATE,WA009,2006,"{""type"":""Point"",""coordinates"":[-13.230000000000002,8.489999999999998]}"
200608_9,8,20.477970123291016,TERRACLIMATE,WA010,2006,"{""type"":""Point"",""coordinates"":[-10.799999999999999,6.3]}"
200608_10,8,0.762122631072998,TERRACLIMATE,WA011,2006,"{""type"":""Point"",""coordinates"":[1.22,6.130000000000001]}"
200608_11,8,1.0322580337524414,TERRACLIMATE,WA012,2006,"{""type"":""Point"",""coordinates"":[2.42,6.37]}"
200608_12,8,10.983687400817873,TERRACLIMATE,WA013,2006,"{""type"":""Point"",""coordinates"":[8.52,12.05]}"
200608_13,8,1.6330593824386597,TERRACLIMATE,WA014,2006,"{""type"":""Point"",""coordinates"":[-1.62,6.69]}"
200608_14,8,13.765706062316896,TERRACLIMATE,WA015,2006,"{""type"":""Point"",""coordinates"":[-16.680000000000003,13.45]}"
,8,0.9575845,TERRACLIMATE,WA016,2006,
200609_0,9,6.358211040496826,TERRACLIMATE,WA001,2006,"{""type"":""Point"",""coordinates"":[-17.470000000000002,14.73]}"
200609_1,9,7.725018501281738,TERRACLIMATE,WA002,2006,"{""type"":""Point"",""coordinates"":[-7.949999999999998,12.65]}"
200609_2,9,5.022813320159912,TERRACLIMATE,WA003,2006,"{""type"":""Point"",""coordinates"":[-1.5200000000000002,12.360000000000001]}"
200609_3,9,2.541558265686035,TERRACLIMATE,WA004,2006,"{""type"":""Point"",""coordinates"":[2.17,13.51]}"
200609_4,9,10.871498107910156,TERRACLIMATE,WA005,2006,"{""type"":""Point"",""coordinates"":[7.33,9.07]}"
200609_5,9,2.77925705909729,TERRACLIMATE,WA006,2006,"{""type"":""Point"",""coordinates"":[-0.17,5.56]}"
200609_6,9,3.643818855285645,TERRACLIMATE,WA007,2006,"{""type"":""Point"",""coordinates"":[-3.9299999999999997,5.349999999999999]}"
200609_7,9,22.42465591430664,TERRACLIMATE,WA008,2006,"{""type"":""Point"",""coordinates"":[-13.67,9.53]}"
200609_8,9,14.12962245941162,TERRACLIMATE,WA009,2006,"{""type"":""Point"",""coordinates"":[-13.230000000000002,8.489999999999998]}"
200609_9,9,40.99613571166992,TERRACLIMATE,WA010,2006,"{""type"":""Point"",""coordinates"":[-10.799999999999999,6.3]}"
200609_10,9,3.848023176193237,TERRACLIMATE,WA011,2006,"{""type"":""Point"",""coordinates"":[1.22,6.130000000000001]}"
200609_11,9,6.091686248779297,TERRACLIMATE,WA012,2006,"{""type"":""Point"",""coordinates"":[2.42,6.37]}"
200609_12,9,6.539352416992188,TERRACLIMATE,WA013,2006,"{""type"":""Point"",""coordinates"":[8.52,12.05]}"
200609_13,9,5.229167461395264,TERRACLIMATE,WA014,2006,"{""type"":""Point"",""coordinates"":[-1.62,6.69]}"
200609_14,9,10.518585205078123,TERRACLIMATE,WA015,2006,"{""type"":""Point"",""coordinates"":[-16.680000000000003,13.45]}"
,9,1.5665734,TERRACLIMATE,WA016,2006,
200610_0,10,1.2257627248764038,TERRACLIMATE,WA001,2006,"{""type"":""Point"",""coordinates"":[-17.470000000000002,14.73]}"
200610_1,10,1.2721539735794067,TERRACLIMATE,WA002,2006,"{""type"":""Point"",""coordinates"":[-7.949999999999998,12.65]}"
200610_2,10,1.304417371749878,TERRACLIMATE,WA003,2006,"{""type"":""Point"",""coordinates"":[-1.5200000000000002,12.360000000000001]}"
200610_3,10,0.268112450838089,TERRACLIMATE,WA004,2006,"{""type"":""Point"",""coordinates"":[2.17,13.51]}"
200610_4,10,5.706250190734863,TERRACLIMATE,WA005,2006,"{""type"":""Point"",""coordinates"":[7.33,9.07]}"
200610_5,10,4.064616680145264,TERRACLIMATE,WA006,2006,"{""type"":""Point"",""coordinates"":[-0.17,5.56]}"
200610_6,10,5.875053882598877,TERRACLIMATE,WA007,2006,"{""type"":""Point"",""coordinates"":[-3.9299999999999997,5.349999999999999]}"
200610_7,10,11.755829811096191,TERRACLIMATE,WA008,2006,"{""type"":""Point"",""coordinates"":[-13.67,9.53]}"
200610_8,10,8.618947982788086,TERRACLIMATE,WA009,2006,"{""type"":""Point"",""coordinates"":[-13.230000000000002,8.489999999999998]}"
200610_9,10,15.444127082824709,TERRACLIMATE,WA010,2006,"{""type"":""Point"",""coordinates"":[-10.799999999999999,6.3]}"
200610_10,10,4.135082244873047,TERRACLIMATE,WA011,2006,"{""type"":""Point"",""coordinates"":[1.22,6.130000000000001]}"
200610_11,10,4.459692001342773,TERRACLIMATE,WA012,2006,"{""type"":""Point"",""coordinates"":[2.42,6.37]}"
200610_12,10,0.7822258472442627,TERRACLIMATE,WA013,2006,"{""type"":""Point"",""coordinates"":[8.52,12.05]}"
200610_13,10,7.71173620223999,TERRACLIMATE,WA014,2006,"{""type"":""Point"",""coordinates"":[-1.62,6.69]}"
200610_14,10,2.745786190032959,TERRACLIMATE,WA015,2006,"{""type"":""Point"",""coordinates"":[-16.680000000000003,13.45]}"
,10,0.032258064,TERRACLIMATE,WA016,2006,
200611_0,11,0.0,TERRACLIMATE,WA001,2006,"{""type"":""Point"",""coordinates"":[-17.470000000000002,14.73]}"
200611_1,11,0.0,TERRACLIMATE,WA002,2006,"{""type"":""Point"",""coordinates"":[-7.949999999999998,12.65]}"
200611_2,11,0.0,TERRACLIMATE,WA003,2006,"{""type"":""Point"",""coordinates"":[-1.5200000000000002,12.360000000000001]}"
200611_3,11,0.0,TERRACLIMATE,WA004,2006,"{""type"":""Point"",""coordinates"":[2.17,13.51]}"
200611_4,11,0.2187519967555999,TERRACLIMATE,WA005,2006,"{""type"":""Point"",""coordinates"":[7.33,9.07]}"
200611_5,11,1.4083640575408936,TERRACLIMATE,WA006,2006,"{""type"":""Point"",""coordinates"":[-0.17,5.56]}"
200611_6,11,3.1083426475524902,TERRACLIMATE,WA007,2006,"{""type"":""Point"",""coordinates"":[-3.9299999999999997,5.349999999999999]}"
200611_7,11,0.0,TERRACLIMATE,WA008,2006,"{""type"":""Point"",""coordinates"":[-13.67,9.53]}"
200611_8,11,3.1391470432281494,TERRACLIMATE,WA009,2006,"{""type"":""Point"",""coordinates"":[-13.230000000000002,8.489999999999998]}"
200611_9,11,2.356372117996216,TERRACLIMATE,WA010,2006,"{""type"":""Point"",""coordinates"":[-10.799999999999999,6.3]}"
200611_10,11,2.1666808128356934,TERRACLIMATE,WA011,2006,"{""type"":""Point"",""coordinates"":[1.22,6.130000000000001]}"
200611_11,11,1.974997878074646,TERRACLIMATE,WA012,2006,"{""type"":""Point"",""coordinates"":[2.42,6.37]}"
200611_12,11,0.0,TERRACLIMATE,WA013,2006,"{""type"":""Point"",""coordinates"":[8.52,12.05]}"
200611_13,11,1.745835781097412,TERRACLIMATE,WA014,2006,"{""type"":""Point"",""coordinates"":[-1.62,6.69]}"
200611_14,11,0.0,TERRACLIMATE,WA015,2006,"{""type"":""Point"",""coordinates"":[-16.680000000000003,13.45]}"
,11,0.0,TERRACLIMATE,WA016,2006,
200612_0,12,0.0,TERRACLIMATE,WA001,2006,"{""type"":""Point"",""coordinates"":[-17.470000000000002,14.73]}"
200612_1,12,0.0,TERRACLIMATE,WA002,2006,"{""type"":""Point"",""coordinates"":[-7.949999999999998,12.65]}"
200612_2,12,0.0,TERRACLIMATE,WA003,2006,"{""type"":""Point"",""coordinates"":[-1.5200000000000002,12.360000000000001]}"
200612_3,12,0.0,TERRACLIMATE,WA004,2006,"{""type"":""Point"",""coordinates"":[2.17,13.51]}"
200612_4,12,0.0,TERRACLIMATE,WA005,2006,"{""type"":""Point"",""coordinates"":[7.33,9.07]}"
200612_5,12,0.0,TERRACLIMATE,WA006,2006,"{""type"":""Point"",""coordinates"":[-0.17,5.56]}"
200612_6,12,0.4919293820858001,TERRACLIMATE,WA007,2006,"{""type"":""Point"",""coordinates"":[-3.9299999999999997,5.349999999999999]}"
200612_7,12,0.0241850260645151,TERRACLIMATE,WA008,2006,"{""type"":""Point"",""coordinates"":[-13.67,9.53]}"
200612_8,12,0.3669704496860504,TERRACLIMATE,WA009,2006,"{""type"":""Point"",""coordinates"":[-13.230000000000002,8.489999999999998]}"
200612_9,12,0.5855981707572937,TERRACLIMATE,WA010,2006,"{""type"":""Point"",""coordinates"":[-10.799999999999999,6.3]}"
200612_10,12,0.0,TERRACLIMATE,WA011,2006,"{""type"":""Point"",""coordinates"":[1.22,6.130000000000001]}"
200612_11,12,0.0,TERRACLIMATE,WA012,2006,"{""type"":""Point"",""coordinates"":[2.42,6.37]}"
200612_12,12,0.0,TERRACLIMATE,WA013,2006,"{""type"":""Point"",""coordinates"":[8.52,12.05]}"
200612_13,12,0.0141139542683959,TERRACLIMATE,WA014,2006,"{""type"":""Point"",""coordinates"":[-1.62,6.69]}"
200612_14,12,0.0,TERRACLIMATE,WA015,2006,"{""type"":""Point"",""coordinates"":[-16.680000000000003,13.45]}"
,12,0.0,TERRACLIMATE,WA016,2006,
200701_0,1,0.0,TERRACLIMATE,WA001,2007,"{""type"":""Point"",""coordinates"":[-17.470000000000002,14.73]}"
200701_1,1,0.0,TERRACLIMATE,WA002,2007,"{""type"":""Point"",""coordinates"":[-7.949999999999998,12.65]}"
200701_2,1,0.0,TERRACLIMATE,WA003,2007,"{""type"":""Point"",""coordinates"":[-1.5200000000000002,12.360000000000001]}"
200701_3,1,0.0,TERRACLIMATE,WA004,2007,"{""type"":""Point"",""coordinates"":[2.17,13.51]}"
200701_4,1,0.0,TERRACLIMATE,WA005,2007,"{""type"":""Point"",""coordinates"":[7.33,9.07]}"
200701_5,1,0.0,TERRACLIMATE,WA006,2007,"{""type"":""Point"",""coordinates"":[-0.17,5.56]}"
200701_6,1,0.0,TERRACLIMATE,WA007,2007,"{""type"":""Point"",""coordinates"":[-3.9299999999999997,5.349999999999999]}"
200701_7,1,0.0,TERRACLIMATE,WA008,2007,"{""type"":""Point"",""coordinates"":[-13.67,9.53]}"
200701_8,1,0.217730313539505,TERRACLIMATE,WA009,2007,"{""type"":""Point"",""coordinates"":[-13.230000000000002,8.489999999999998]}"
200701_9,1,0.6079502105712891,TERRACLIMATE,WA010,2007,"{""type"":""Point"",""coordinates"":[-10.799999999999999,6.3]}"
200701_10,1,0.0,TERRACLIMATE,WA011,2007,"{""type"":""Point"",""coordinates"":[1.22,6.130000000000001]}"
200701_11,1,0.0,TERRACLIMATE,WA012,2007,"{""type"":""Point"",""coordinates"":[2.42,6.37]}"
200701_12,1,0.0,TERRACLIMATE,WA013,2007,"{""type"":""Point"",""coordinates"":[8.52,12.05]}"
200701_13,1,0.0,TERRACLIMATE,WA014,2007,"{""type"":""Point"",""coordinates"":[-1.62,6.69]}"
200701_14,1,0.0,TERRACLIMATE,WA015,2007,"{""type"":""Point"",""coordinates"":[-16.680000000000003,13.45]}"
,1,0.0,TERRACLIMATE,WA016,2007,
200702_0,2,0.0,TERRACLIMATE,WA001,2007,"{""type"":""Point"",""coordinates"":[-17.470000000000002,14.73]}"
200702_1,2,0.02679343521595,TERRACLIMATE,WA002,2007,"{""type"":""Point"",""coordinates"":[-7.949999999999998,12.65]}"
200702_2,2,0.0,TERRACLIMATE,WA003,2007,"{""type"":""Point"",""coordinates"":[-1.5200000000000002,12.360000000000001]}"
200702_3,2,0.0,TERRACLIMATE,WA004,2007,"{""type"":""Point"",""coordinates"":[2.17,13.51]}"
200702_4,2,0.2522325813770294,TERRACLIMATE,WA005,2007,"{""type"":""Point"",""coordinates"":[7.33,9.07]}"
200702_5,2,0.745555579662323,TERRACLIMATE,WA006,2007,"{""type"":""Point"",""coordinates"":[-0.17,5.56]}"
200702_6,2,3.4018328189849854,TERRACLIMATE,WA007,2007,"{""type"":""Point"",""coordinates"":[-3.9299999999999997,5.349999999999999]}"
200702_7,2,0.0,TERRACLIMATE,WA008,2007,"{""type"":""Point"",""coordinates"":[-13.67,9.53]}"
200702_8,2,0.9351131916046144,TERRACLIMATE,WA009,2007,"{""type"":""Point"",""coordinates"":[-13.230000000000002,8.489999999999998]}"
200702_9,2,1.7994859218597412,TERRACLIMATE,WA010,2007,"{""type"":""Point"",""coordinates"":[-10.799999999999999,6.3]}"
200702_10,2,0.6227830052375793,TERRACLIMATE,WA011,2007,"{""type"":""Point"",""coordinates"":[1.22,6.130000000000001]}"
200702_11,2,0.526788055896759,TERRACLIMATE,WA012,2007,"{""type"":""Point"",""coordinates"":[2.42,6.37]}"
200702_12,2,0.0,TERRACLIMATE,WA013,2007,"{""type"":""Point"",""coordinates"":[8.52,12.05]}"
200702_13,2,1.6272097826004028,TERRACLIMATE,WA014,2007,"{""type"":""Point"",""coordinates"":[-1.62,6.69]}"
200702_14,2,0.0,TERRACLIMATE,WA015,2007,"{""type"":""Point"",""coordinates"":[-16.680000000000003,13.45]}"
,2,0.0,TERRACLIMATE,WA016,2007,
200703_0,3,0.0,TERRACLIMATE,WA001,2007,"{""type"":""Point"",""coordinates"":[-17.470000000000002,14.73]}"
200703_1,3,0.0383165776729583,TERRACLIMATE,WA002,2007,"{""type"":""Point"",""coordinates"":[-7.949999999999998,12.65]}"
200703_2,3,0.0322580635547637,TERRACLIMATE,WA003,2007,"{""type"":""Point"",""coordinates"":[-1.5200000000000002,12.360000000000001]}"
200703_3,3,0.0,TERRACLIMATE,WA004,2007,"{""type"":""Point"",""coordinates"":[2.17,13.51]}"
200703_4,3,0.6733359694480896,TERRACLIMATE,WA005,2007,"{""type"":""Point"",""coordinates"":[7.33,9.07]}"
200703_5,3,2.47585678100586,TERRACLIMATE,WA006,2007,"{""type"":""Point"",""coordinates"":[-0.17,5.56]}"
200703_6,3,2.774212598800659,TERRACLIMATE,WA007,2007,"{""type"":""Point"",""coordinates"":[-3.9299999999999997,5.349999999999999]}"
200703_7,3,0.0483665093779563,TERRACLIMATE,WA008,2007,"{""type"":""Point"",""coordinates"":[-13.67,9.53]}"
200703_8,3,1.5987342596054075,TERRACLIMATE,WA009,2007,"{""type"":""Point"",""coordinates"":[-13.230000000000002,8.489999999999998]}"
200703_9,3,4.2751874923706055,TERRACLIMATE,WA010,2007,"{""type"":""Point"",""coordinates"":[-10.799999999999999,6.3]}"
200703_10,3,2.4314770698547363,TERRACLIMATE,WA011,2007,"{""type"":""Point"",""coordinates"":[1.22,6.130000000000001]}"
200703_11,3,2.548387050628662,TERRACLIMATE,WA012,2007,"{""type"":""Point"",""coordinates"":[2.42,6.37]}"
200703_12,3,0.0,TERRACLIMATE,WA013,2007,"{""type"":""Point"",""coordinates"":[8.52,12.05]}"
200703_13,3,2.8427062034606934,TERRACLIMATE,WA014,2007,"{""type"":""Point"",""coordinates"":[-1.62,6.69]}"
200703_14,3,0.0,TERRACLIMATE,WA015,2007,"{""type"":""Point"",""coordinates"":[-16.680000000000003,13.45]}"
,3,0.0,TERRACLIMATE,WA016,2007,
200704_0,4,0.0,TERRACLIMATE,WA001,2007,"{""type"":""Point"",""coordinates"":[-17.470000000000002,14.73]}"
200704_1,4,0.8748152852058411,TERRACLIMATE,WA002,2007,"{""type"":""Point"",""coordinates"":[-7.949999999999998,12.65]}"
200704_2,4,1.9520128965377808,TERRACLIMATE,WA003,2007,"{""type"":""Point"",""coordinates"":[-1.5200000000000002,12.360000000000001]}"
200704_3,4,0.0645797327160835,TERRACLIMATE,WA004,2007,"{""type"":""Point"",""coordinates"":[2.17,13.51]}"
200704_4,4,2.693753957748413,TERRACLIMATE,WA005,2007,"{""type"":""Point"",""coordinates"":[7.33,9.07]}"
200704_5,4,3.770903825759888,TERRACLIMATE,WA006,2007,"{""type"":""Point"",""coordinates"":[-0.17,5.56]}"
200704_6,4,7.268824577331543,TERRACLIMATE,WA007,2007,"{""type"":""Point"",""coordinates"":[-3.9299999999999997,5.349999999999999]}"
200704_7,4,0.0,TERRACLIMATE,WA008,2007,"{""type"":""Point"",""coordinates"":[-13.67,9.53]}"
200704_8,4,1.3852077722549438,TERRACLIMATE,WA009,2007,"{""type"":""Point"",""coordinates"":[-13.230000000000002,8.489999999999998]}"
200704_9,4,5.323148250579834,TERRACLIMATE,WA010,2007,"{""type"":""Point"",""coordinates"":[-10.799999999999999,6.3]}"
200704_10,4,3.2333428859710693,TERRACLIMATE,WA011,2007,"{""type"":""Point"",""coordinates"":[1.22,6.130000000000001]}"
200704_11,4,2.624993324279785,TERRACLIMATE,WA012,2007,"{""type"":""Point"",""coordinates"":[2.42,6.37]}"
200704_12,4,0.0999967977404594,TERRACLIMATE,WA013,2007,"{""type"":""Point"",""coordinates"":[8.52,12.05]}"
200704_13,4,8.937503814697266,TERRACLIMATE,WA014,2007,"{""type"":""Point"",""coordinates"":[-1.62,6.69]}"
200704_14,4,0.0,TERRACLIMATE,WA015,2007,"{""type"":""Point"",""coordinates"":[-16.680000000000003,13.45]}"
,4,0.0,TERRACLIMATE,WA016,2007,
200705_0,5,0.0,TERRACLIMATE,WA001,2007,"{""type"":""Point"",""coordinates"":[-17.470000000000002,14.73]}"
200705_1,5,0.641200840473175,TERRACLIMATE,WA002,2007,"{""type"":""Point"",""coordinates"":[-7.949999999999998,12.65]}"
200705_2,5,1.7116978168487549,TERRACLIMATE,WA003,2007,"{""type"":""Point"",""coordinates"":[-1.5200000000000002,12.360000000000001]}"
200705_3,5,0.7499638199806213,TERRACLIMATE,WA004,2007,"{""type"":""Point"",""coordinates"":[2.17,13.51]}"
200705_4,5,5.453860759735107,TERRACLIMATE,WA005,2007,"{""type"":""Point"",""coordinates"":[7.33,9.07]}"
200705_5,5,5.070583343505859,TERRACLIMATE,WA006,2007,"{""type"":""Point"",""coordinates"":[-0.17,5.56]}"
200705_6,5,6.235837936401367,TERRACLIMATE,WA007,2007,"{""type"":""Point"",""coordinates"":[-3.9299999999999997,5.349999999999999]}"
200705_7,5,2.346515655517578,TERRACLIMATE,WA008,2007,"{""type"":""Point"",""coordinates"":[-13.67,9.53]}"
200705_8,5,5.471716403961182,TERRACLIMATE,WA009,2007,"{""type"":""Point"",""coordinates"":[-13.230000000000002,8.489999999999998]}"
200705_9,5,8.613539695739746,TERRACLIMATE,WA010,2007,"{""type"":""Point"",""coordinates"":[-10.799999999999999,6.3]}"
200705_10,5,5.949589729309082,TERRACLIMATE,WA011,2007,"{""type"":""Point"",""coordinates"":[1.22,6.130000000000001]}"
200705_11,5,6.98389196395874,TERRACLIMATE,WA012,2007,"{""type"":""Point"",""coordinates"":[2.42,6.37]}"
200705_12,5,1.6511330604553225,TERRACLIMATE,WA013,2007,"{""type"":""Point"",""coordinates"":[8.52,12.05]}"
200705_13,5,4.768125057220459,TERRACLIMATE,WA014,2007,"{""type"":""Point"",""coordinates"":[-1.62,6.69]}"
200705_14,5,0.2781946063041687,TERRACLIMATE,WA015,2007,"{""type"":""Point"",""coordinates"":[-16.680000000000003,13.45]}"
,5,0.0,TERRACLIMATE,WA016,2007,
200706_0,6,0.081218846142292,TERRACLIMATE,WA001,2007,"{""type"":""Point"",""coordinates"":[-17.470000000000002,14.73]}"
200706_1,6,3.024952173233032,TERRACLIMATE,WA002,2007,"{""type"":""Point"",""coordinates"":[-7.949999999999998,12.65]}"
200706_2,6,2.5604255199432373,TERRACLIMATE,WA003,2007,"{""type"":""Point"",""coordinates"":[-1.5200000000000002,12.360000000000001]}"
200706_3,6,1.8103435039520264,TERRACLIMATE,WA004,2007,"{""type"":""Point"",""coordinates"":[2.17,13.51]}"
200706_4,6,6.043830871582031,TERRACLIMATE,WA005,2007,"{""type"":""Point"",""coordinates"":[7.33,9.07]}"
200706_5,6,5.906285285949707,TERRACLIMATE,WA006,2007,"{""type"":""Point"",""coordinates"":[-0.17,5.56]}"
200706_6,6,10.747757911682127,TERRACLIMATE,WA007,2007,"{""type"":""Point"",""coordinates"":[-3.9299999999999997,5.349999999999999]}"
200706_7,6,2.3604483604431152,TERRACLIMATE,WA008,2007,"{""type"":""Point"",""coordinates"":[-13.67,9.53]}"
200706_8,6,1.231288194656372,TERRACLIMATE,WA009,2007,"{""type"":""Point"",""coordinates"":[-13.230000000000002,8.489999999999998]}"
200706_9,6,21.080730438232425,TERRACLIMATE,WA010,2007,"{""type"":""Point"",""coordinates"":[-10.799999999999999,6.3]}"
200706_10,6,6.858283042907715,TERRACLIMATE,WA011,2007,"{""type"":""Point"",""coordinates"":[1.22,6.130000000000001]}"
200706_11,6,11.566683769226074,TERRACLIMATE,WA012,2007,"{""type"":""Point"",""coordinates"":[2.42,6.37]}"
200706_12,6,3.366549491882324,TERRACLIMATE,WA013,2007,"{""type"":""Point"",""coordinates"":[8.52,12.05]}"
200706_13,6,5.7292022705078125,TERRACLIMATE,WA014,2007,"{""type"":""Point"",""coordinates"":[-1.62,6.69]}"
200706_14,6,0.797866940498352,TERRACLIMATE,WA015,2007,"{""type"":""Point"",""coordinates"":[-16.680000000000003,13.45]}"
,6,0.0,TERRACLIMATE,WA016,2007,
200707_0,7,2.898874282836914,TERRACLIMATE,WA001,2007,"{""type"":""Point"",""coordinates"":[-17.470000000000002,14.73]}"
200707_1,7,6.489957332611084,TERRACLIMATE,WA002,2007,"{""type"":""Point"",""coordinates"":[-7.949999999999998,12.65]}"
200707_2,7,5.987926959991455,TERRACLIMATE,WA003,2007,"{""type"":""Point"",""coordinates"":[-1.5200000000000002,12.360000000000001]}"
200707_3,7,5.67934513092041,TERRACLIMATE,WA004,2007,"{""type"":""Point"",""coordinates"":[2.17,13.51]}"
200707_4,7,7.278177738189697,TERRACLIMATE,WA005,2007,"{""type"":""Point"",""coordinates"":[7.33,9.07]}"
200707_5,7,4.316624164581299,TERRACLIMATE,WA006,2007,"{""type"":""Point"",""coordinates"":[-0.17,5.56]}"
200707_6,7,7.651136875152588,TERRACLIMATE,WA007,2007,"{""type"":""Point"",""coordinates"":[-3.9299999999999997,5.349999999999999]}"
200707_7,7,27.19997215270996,TERRACLIMATE,WA008,2007,"{""type"":""Point"",""coordinates"":[-13.67,9.53]}"
200707_8,7,21.40913772583008,TERRACLIMATE,WA009,2007,"{""type"":""Point"",""coordinates"":[-13.230000000000002,8.489999999999998]}"
200707_9,7,35.85777282714844,TERRACLIMATE,WA010,2007,"{""type"":""Point"",""coordinates"":[-10.799999999999999,6.3]}"
200707_10,7,4.729846477508545,TERRACLIMATE,WA011,2007,"{""type"":""Point"",""coordinates"":[1.22,6.130000000000001]}"
200707_11,7,7.427417278289795,TERRACLIMATE,WA012,2007,"{""type"":""Point"",""coordinates"":[2.42,6.37]}"
200707_12,7,5.782149314880371,TERRACLIMATE,WA013,2007,"{""type"":""Point"",""coordinates"":[8.52,12.05]}"
200707_13,7,5.991884231567383,TERRACLIMATE,WA014,2007,"{""type"":""Point"",""coordinates"":[-1.62,6.69]}"
200707_14,7,5.887048721313477,TERRACLIMATE,WA015,2007,"{""type"":""Point"",""coordinates"":[-16.680000000000003,13.45]}"
,7,0.18546782,TERRACLIMATE,WA016,2007,
200708_0,8,4.195337772369385,TERRACLIMATE,WA001,2007,"{""type"":""Point"",""coordinates"":[-17.470000000000002,14.73]}"
200708_1,8,8.371085166931152,TERRACLIMATE,WA002,2007,"{""type"":""Point"",""coordinates"":[-7.949999999999998,12.65]}"
200708_2,8,10.417278289794922,TERRACLIMATE,WA003,2007,"{""type"":""Point"",""coordinates"":[-1.5200000000000002,12.360000000000001]}"
200708_3,8,6.798250675201416,TERRACLIMATE,WA004,2007,"{""type"":""Point"",""coordinates"":[2.17,13.51]}"
200708_4,8,9.06273365020752,TERRACLIMATE,WA005,2007,"{""type"":""Point"",""coordinates"":[7.33,9.07]}"
200708_5,8,2.1311349868774414,TERRACLIMATE,WA006,2007,"{""type"":""Point"",""coordinates"":[-0.17,5.56]}"
200708_6,8,1.941566824913025,TERRACLIMATE,WA007,2007,"{""type"":""Point"",""coordinates"":[-3.9299999999999997,5.349999999999999]}"
200708_7,8,77.39324951171875,TERRACLIMATE,WA008,2007,"{""type"":""Point"",""coordinates"":[-13.67,9.53]}"
200708_8,8,56.4447021484375,TERRACLIMATE,WA009,2007,"{""type"":""Point"",""coordinates"":[-13.230000000000002,8.489999999999998]}"
200708_9,8,25.1562442779541,TERRACLIMATE,WA010,2007,"{""type"":""Point"",""coordinates"":[-10.799999999999999,6.3]}"
200708_10,8,1.834725975990296,TERRACLIMATE,WA011,2007,"{""type"":""Point"",""coordinates"":[1.22,6.130000000000001]}"
200708_11,8,2.169352769851685,TERRACLIMATE,WA012,2007,"{""type"":""Point"",""coordinates"":[2.42,6.37]}"
200708_12,8,9.57843780517578,TERRACLIMATE,WA013,2007,"{""type"":""Point"",""coordinates"":[8.52,12.05]}"
200708_13,8,3.574566602706909,TERRACLIMATE,WA014,2007,"{""type"":""Point"",""coordinates"":[-1.62,6.69]}"
200708_14,8,8.671069145202637,TERRACLIMATE,WA015,2007,"{""type"":""Point"",""coordinates"":[-16.680000000000003,13.45]}"
,8,1.6107662,TERRACLIMATE,WA016,2007,
200709_0,9,5.94351863861084,TERRACLIMATE,WA001,2007,"{""type"":""Point"",""coordinates"":[-17.470000000000002,14.73]}"
200709_1,9,4.956248760223389,TERRACLIMATE,WA002,2007,"{""type"":""Point"",""coordinates"":[-7.949999999999998,12.65]}"
200709_2,9,4.383349418640137,TERRACLIMATE,WA003,2007,"{""type"":""Point"",""coordinates"":[-1.5200000000000002,12.360000000000001]}"
200709_3,9,1.9916043281555176,TERRACLIMATE,WA004,2007,"{""type"":""Point"",""coordinates"":[2.17,13.51]}"
200709_4,9,8.716582298278809,TERRACLIMATE,WA005,2007,"{""type"":""Point"",""coordinates"":[7.33,9.07]}"
200709_5,9,3.7459447383880615,TERRACLIMATE,WA006,2007,"{""type"":""Point"",""coordinates"":[-0.17,5.56]}"
200709_6,9,3.260447263717652,TERRACLIMATE,WA007,2007,"{""type"":""Point"",""coordinates"":[-3.9299999999999997,5.349999999999999]}"
200709_7,9,17.358301162719727,TERRACLIMATE,WA008,2007,"{""type"":""Point"",""coordinates"":[-13.67,9.53]}"
200709_8,9,14.650126457214355,TERRACLIMATE,WA009,2007,"{""type"":""Point"",""coordinates"":[-13.230000000000002,8.489999999999998]}"
200709_9,9,22.035350799560547,TERRACLIMATE,WA010,2007,"{""type"":""Point"",""coordinates"":[-10.799999999999999,6.3]}"
200709_10,9,4.125109672546387,TERRACLIMATE,WA011,2007,"{""type"":""Point"",""coordinates"":[1.22,6.130000000000001]}"
200709_11,9,5.383346557617188,TERRACLIMATE,WA012,2007,"{""type"":""Point"",""coordinates"":[2.42,6.37]}"
200709_12,9,3.849860668182373,TERRACLIMATE,WA013,2007,"{""type"":""Point"",""coordinates"":[8.52,12.05]}"
200709_13,9,8.722891807556152,TERRACLIMATE,WA014,2007,"{""type"":""Point"",""coordinates"":[-1.62,6.69]}"
200709_14,9,10.76227855682373,TERRACLIMATE,WA015,2007,"{""type"":""Point"",""coordinates"":[-16.680000000000003,13.45]}"
,9,0.691619,TERRACLIMATE,WA016,2007,
200710_0,10,0.3951175510883331,TERRACLIMATE,WA001,2007,"{""type"":""Point"",""coordinates"":[-17.470000000000002,14.73]}"
200710_1,10,1.1915228366851809,TERRACLIMATE,WA002,2007,"{""type"":""Point"",""coordinates"":[-7.949999999999998,12.65]}"
200710_2,10,0.2540384531021118,TERRACLIMATE,WA003,2007,"{""type"":""Point"",""coordinates"":[-1.5200000000000002,12.360000000000001]}"
200710_3,10,0.0,TERRACLIMATE,WA004,2007,"{""type"":""Point"",""coordinates"":[2.17,13.51]}"
200710_4,10,3.056193351745605,TERRACLIMATE,WA005,2007,"{""type"":""Point"",""coordinates"":[7.33,9.07]}"
200710_5,10,3.99405837059021,TERRACLIMATE,WA006,2007,"{""type"":""Point"",""coordinates"":[-0.17,5.56]}"
200710_6,10,9.387171745300291,TERRACLIMATE,WA007,2007,"{""type"":""Point"",""coordinates"":[-3.9299999999999997,5.349999999999999]}"
200710_7,10,5.983808994293213,TERRACLIMATE,WA008,2007,"{""type"":""Point"",""coordinates"":[-13.67,9.53]}"
200710_8,10,6.181353092193604,TERRACLIMATE,WA009,2007,"{""type"":""Point"",""coordinates"":[-13.230000000000002,8.489999999999998]}"
200710_9,10,13.971811294555664,TERRACLIMATE,WA010,2007,"{""type"":""Point"",""coordinates"":[-10.799999999999999,6.3]}"
200710_10,10,5.022181034088135,TERRACLIMATE,WA011,2007,"{""type"":""Point"",""coordinates"":[1.22,6.130000000000001]}"
200710_11,10,6.879055500030518,TERRACLIMATE,WA012,2007,"{""type"":""Point"",""coordinates"":[2.42,6.37]}"
200710_12,10,0.0,TERRACLIMATE,WA013,2007,"{""type"":""Point"",""coordinates"":[8.52,12.05]}"
200710_13,10,8.814549446105957,TERRACLIMATE,WA014,2007,"{""type"":""Point"",""coordinates"":[-1.62,6.69]}"
200710_14,10,1.5745149850845337,TERRACLIMATE,WA015,2007,"{""type"":""Point"",""coordinates"":[-16.680000000000003,13.45]}"
,10,0.0,TERRACLIMATE,WA016,2007,
200711_0,11,0.074984110891819,TERRACLIMATE,WA001,2007,"{""type"":""Point"",""coordinates"":[-17.470000000000002,14.73]}"
200711_1,11,0.3062229752540588,TERRACLIMATE,WA002,2007,"{""type"":""Point"",""coordinates"":[-7.949999999999998,12.65]}"
200711_2,11,0.2937588691711426,TERRACLIMATE,WA003,2007,"{""type"":""Point"",""coordinates"":[-1.5200000000000002,12.360000000000001]}"
200711_3,11,0.0,TERRACLIMATE,WA004,2007,"{""type"":""Point"",""coordinates"":[2.17,13.51]}"
200711_4,11,0.2708341479301452,TERRACLIMATE,WA005,2007,"{""type"":""Point"",""coordinates"":[7.33,9.07]}"
200711_5,11,3.158390522003174,TERRACLIMATE,WA006,2007,"{""type"":""Point"",""coordinates"":[-0.17,5.56]}"
200711_6,11,2.733351707458496,TERRACLIMATE,WA007,2007,"{""type"":""Point"",""coordinates"":[-3.9299999999999997,5.349999999999999]}"
200711_7,11,3.1333041191101074,TERRACLIMATE,WA008,2007,"{""type"":""Point"",""coordinates"":[-13.67,9.53]}"
200711_8,11,4.553981781005859,TERRACLIMATE,WA009,2007,"{""type"":""Point"",""coordinates"":[-13.230000000000002,8.489999999999998]}"
200711_9,11,7.884536266326904,TERRACLIMATE,WA010,2007,"{""type"":""Point"",""coordinates"":[-10.799999999999999,6.3]}"
200711_10,11,2.735414981842041,TERRACLIMATE,WA011,2007,"{""type"":""Point"",""coordinates"":[1.22,6.130000000000001]}"
200711_11,11,1.974997878074646,TERRACLIMATE,WA012,2007,"{""type"":""Point"",""coordinates"":[2.42,6.37]}"
200711_12,11,0.0,TERRACLIMATE,WA013,2007,"{""type"":""Point"",""coordinates"":[8.52,12.05]}"
200711_13,11,3.8437793254852295,TERRACLIMATE,WA014,2007,"{""type"":""Point"",""coordinates"":[-1.62,6.69]}"
200711_14,11,0.3645277023315429,TERRACLIMATE,WA015,2007,"{""type"":""Point"",""coordinates"":[-16.680000000000003,13.45]}"
,11,0.0,TERRACLIMATE,WA016,2007,
200712_0,12,0.0,TERRACLIMATE,WA001,2007,"{""type"":""Point"",""coordinates"":[-17.470000000000002,14.73]}"
200712_1,12,0.0,TERRACLIMATE,WA002,2007,"{""type"":""Point"",""coordinates"":[-7.949999999999998,12.65]}"
200712_2,12,0.0,TERRACLIMATE,WA003,2007,"{""type"":""Point"",""coordinates"":[-1.5200000000000002,12.360000000000001]}"
200712_3,12,0.0,TERRACLIMATE,WA004,2007,"{""type"":""Point"",""coordinates"":[2.17,13.51]}"
200712_4,12,0.0,TERRACLIMATE,WA005,2007,"{""type"":""Point"",""coordinates"":[7.33,9.07]}"
200712_5,12,1.467767357826233,TERRACLIMATE,WA006,2007,"{""type"":""Point"",""coordinates"":[-0.17,5.56]}"
200712_6,12,2.9193451404571533,TERRACLIMATE,WA007,2007,"{""type"":""Point"",""coordinates"":[-3.9299999999999997,5.349999999999999]}"
200712_7,12,0.0241850260645151,TERRACLIMATE,WA008,2007,"{""type"":""Point"",""coordinates"":[-13.67,9.53]}"
200712_8,12,0.7459423542022705,TERRACLIMATE,WA009,2007,"{""type"":""Point"",""coordinates"":[-13.230000000000002,8.489999999999998]}"
200712_9,12,3.2159783840179443,TERRACLIMATE,WA010,2007,"{""type"":""Point"",""coordinates"":[-10.799999999999999,6.3]}"
200712_10,12,1.3870888948440552,TERRACLIMATE,WA011,2007,"{""type"":""Point"",""coordinates"":[1.22,6.130000000000001]}"
200712_11,12,1.3225806951522827,TERRACLIMATE,WA012,2007,"{""type"":""Point"",""coordinates"":[2.42,6.37]}"
200712_12,12,0.0,TERRACLIMATE,WA013,2007,"{""type"":""Point"",""coordinates"":[8.52,12.05]}"
200712_13,12,0.9032155871391296,TERRACLIMATE,WA014,2007,"{""type"":""Point"",""coordinates"":[-1.62,6.69]}"
200712_14,12,0.0,TERRACLIMATE,WA015,2007,"{""type"":""Point"",""coordinates"":[-16.680000000000003,13.45]}"
,12,0.0,TERRACLIMATE,WA016,2007,
200801_0,1,0.0,TERRACLIMATE,WA001,2008,"{""type"":""Point"",""coordinates"":[-17.470000000000002,14.73]}"
200801_1,1,0.0,TERRACLIMATE,WA002,2008,"{""type"":""Point"",""coordinates"":[-7.949999999999998,12.65]}"
200801_2,1,0.0,TERRACLIMATE,WA003,2008,"{""type"":""Point"",""coordinates"":[-1.5200000000000002,12.360000000000001]}"
200801_3,1,0.0,TERRACLIMATE,WA004,2008,"{""type"":""Point"",""coordinates"":[2.17,13.51]}"
200801_4,1,0.0060414718464016,TERRACLIMATE,WA005,2008,"{""type"":""Point"",""coordinates"":[7.33,9.07]}"
200801_5,1,0.2358933389186859,TERRACLIMATE,WA006,2008,"{""type"":""Point"",""coordinates"":[-0.17,5.56]}"
200801_6,1,0.0645161271095275,TERRACLIMATE,WA007,2008,"{""type"":""Point"",""coordinates"":[-3.9299999999999997,5.349999999999999]}"
200801_7,1,0.0,TERRACLIMATE,WA008,2008,"{""type"":""Point"",""coordinates"":[-13.67,9.53]}"
200801_8,1,0.1209751516580581,TERRACLIMATE,WA009,2008,"{""type"":""Point"",""coordinates"":[-13.230000000000002,8.489999999999998]}"
200801_9,1,0.2828860878944397,TERRACLIMATE,WA010,2008,"{""type"":""Point"",""coordinates"":[-10.799999999999999,6.3]}"
200801_10,1,0.2802437543869018,TERRACLIMATE,WA011,2008,"{""type"":""Point"",""coordinates"":[1.22,6.130000000000001]}"
200801_11,1,0.2177440375089645,TERRACLIMATE,WA012,2008,"{""type"":""Point"",""coordinates"":[2.42,6.37]}"
200801_12,1,0.0,TERRACLIMATE,WA013,2008,"{""type"":""Point"",""coordinates"":[8.52,12.05]}"
200801_13,1,0.0564501732587814,TERRACLIMATE,WA014,2008,"{""type"":""Point"",""coordinates"":[-1.62,6.69]}"
200801_14,1,0.0,TERRACLIMATE,WA015,2008,"{""type"":""Point"",""coordinates"":[-16.680000000000003,13.45]}"
,1,0.0,TERRACLIMATE,WA016,2008,
200802_0,2,0.1099775955080986,TERRACLIMATE,WA001,2008,"{""type"":""Point"",""coordinates"":[-17.470000000000002,14.73]}"
200802_1,2,0.0,TERRACLIMATE,WA002,2008,"{""type"":""Point"",""coordinates"":[-7.949999999999998,12.65]}"
200802_2,2,0.0,TERRACLIMATE,WA003,2008,"{""type"":""Point"",""coordinates"":[-1.5200000000000002,12.360000000000001]}"
200802_3,2,0.0,TERRACLIMATE,WA004,2008,"{""type"":""Point"",""coordinates"":[2.17,13.51]}"
200802_4,2,0.1702615171670913,TERRACLIMATE,WA005,2008,"{""type"":""Point"",""coordinates"":[7.33,9.07]}"
200802_5,2,0.8664141893386841,TERRACLIMATE,WA006,2008,"{""type"":""Point"",""coordinates"":[-0.17,5.56]}"
200802_6,2,1.23278546333313,TERRACLIMATE,WA007,2008,"{""type"":""Point"",""coordinates"":[-3.9299999999999997,5.349999999999999]}"
200802_7,2,0.0258491747081279,TERRACLIMATE,WA008,2008,"{""type"":""Point"",""coordinates"":[-13.67,9.53]}"
200802_8,2,1.7733889818191528,TERRACLIMATE,WA009,2008,"{""type"":""Point"",""coordinates"":[-13.230000000000002,8.489999999999998]}"
200802_9,2,3.867370843887329,TERRACLIMATE,WA010,2008,"{""type"":""Point"",""coordinates"":[-10.799999999999999,6.3]}"
200802_10,2,0.7801958322525024,TERRACLIMATE,WA011,2008,"{""type"":""Point"",""coordinates"":[1.22,6.130000000000001]}"
200802_11,2,0.6120712161064148,TERRACLIMATE,WA012,2008,"{""type"":""Point"",""coordinates"":[2.42,6.37]}"
200802_12,2,0.0,TERRACLIMATE,WA013,2008,"{""type"":""Point"",""coordinates"":[8.52,12.05]}"
200802_13,2,0.9611891508102416,TERRACLIMATE,WA014,2008,"{""type"":""Point"",""coordinates"":[-1.62,6.69]}"
200802_14,2,0.0258747264742851,TERRACLIMATE,WA015,2008,"{""type"":""Point"",""coordinates"":[-16.680000000000003,13.45]}"
,2,0.47412077,TERRACLIMATE,WA016,2008,
200803_0,3,0.0,TERRACLIMATE,WA001,2008,"{""type"":""Point"",""coordinates"":[-17.470000000000002,14.73]}"
200803_1,3,0.2338821440935135,TERRACLIMATE,WA002,2008,"{""type"":""Point"",""coordinates"":[-7.949999999999998,12.65]}"
200803_2,3,0.1390995681285858,TERRACLIMATE,WA003,2008,"{""type"":""Point"",""coordinates"":[-1.5200000000000002,12.360000000000001]}"
200803_3,3,0.0,TERRACLIMATE,WA004,2008,"{""type"":""Point"",""coordinates"":[2.17,13.51]}"
200803_4,3,0.6733359694480896,TERRACLIMATE,WA005,2008,"{""type"":""Point"",""coordinates"":[7.33,9.07]}"
200803_5,3,2.923454999923706,TERRACLIMATE,WA006,2008,"{""type"":""Point"",""coordinates"":[-0.17,5.56]}"
200803_6,3,3.550454378128052,TERRACLIMATE,WA007,2008,"{""type"":""Point"",""coordinates"":[-3.9299999999999997,5.349999999999999]}"
200803_7,3,0.0,TERRACLIMATE,WA008,2008,"{""type"":""Point"",""coordinates"":[-13.67,9.53]}"
200803_8,3,0.4031506776809692,TERRACLIMATE,WA009,2008,"{""type"":""Point"",""coordinates"":[-13.230000000000002,8.489999999999998]}"
200803_9,3,5.258121013641357,TERRACLIMATE,WA010,2008,"{""type"":""Point"",""coordinates"":[-10.799999999999999,6.3]}"
200803_10,3,3.060519933700561,TERRACLIMATE,WA011,2008,"{""type"":""Point"",""coordinates"":[1.22,6.130000000000001]}"
200803_11,3,3.290322542190552,TERRACLIMATE,WA012,2008,"{""type"":""Point"",""coordinates"":[2.42,6.37]}"
200803_12,3,0.0,TERRACLIMATE,WA013,2008,"{""type"":""Point"",""coordinates"":[8.52,12.05]}"
200803_13,3,7.53643798828125,TERRACLIMATE,WA014,2008,"{""type"":""Point"",""coordinates"":[-1.62,6.69]}"
200803_14,3,0.0,TERRACLIMATE,WA015,2008,"{""type"":""Point"",""coordinates"":[-16.680000000000003,13.45]}"
,3,0.0,TERRACLIMATE,WA016,2008,
200804_0,4,0.0,TERRACLIMATE,WA001,2008,"{""type"":""Point"",""coordinates"":[-17.470000000000002,14.73]}"
200804_1,4,1.3374284505844116,TERRACLIMATE,WA002,2008,"{""type"":""Point"",""coordinates"":[-7.949999999999998,12.65]}"
200804_2,4,0.308322012424469,TERRACLIMATE,WA003,2008,"{""type"":""Point"",""coordinates"":[-1.5200000000000002,12.360000000000001]}"
200804_3,4,0.0,TERRACLIMATE,WA004,2008,"{""type"":""Point"",""coordinates"":[2.17,13.51]}"
200804_4,4,1.9270721673965447,TERRACLIMATE,WA005,2008,"{""type"":""Point"",""coordinates"":[7.33,9.07]}"
200804_5,4,5.73759126663208,TERRACLIMATE,WA006,2008,"{""type"":""Point"",""coordinates"":[-0.17,5.56]}"
200804_6,4,5.375009536743164,TERRACLIMATE,WA007,2008,"{""type"":""Point"",""coordinates"":[-3.9299999999999997,5.349999999999999]}"
200804_7,4,0.0,TERRACLIMATE,WA008,2008,"{""type"":""Point"",""coordinates"":[-13.67,9.53]}"
200804_8,4,1.3852077722549438,TERRACLIMATE,WA009,2008,"{""type"":""Point"",""coordinates"":[-13.230000000000002,8.489999999999998]}"
200804_9,4,5.379527568817139,TERRACLIMATE,WA010,2008,"{""type"":""Point"",""coordinates"":[-10.799999999999999,6.3]}"
200804_10,4,4.168744087219238,TERRACLIMATE,WA011,2008,"{""type"":""Point"",""coordinates"":[1.22,6.130000000000001]}"
200804_11,4,2.641655683517456,TERRACLIMATE,WA012,2008,"{""type"":""Point"",""coordinates"":[2.42,6.37]}"
200804_12,4,0.0249889083206653,TERRACLIMATE,WA013,2008,"{""type"":""Point"",""coordinates"":[8.52,12.05]}"
200804_13,4,5.512449264526367,TERRACLIMATE,WA014,2008,"{""type"":""Point"",""coordinates"":[-1.62,6.69]}"
200804_14,4,0.0,TERRACLIMATE,WA015,2008,"{""type"":""Point"",""coordinates"":[-16.680000000000003,13.45]}"
,4,0.0,TERRACLIMATE,WA016,2008,
200805_0,5,0.0,TERRACLIMATE,WA001,2008,"{""type"":""Point"",""coordinates"":[-17.470000000000002,14.73]}"
200805_1,5,2.3467280864715576,TERRACLIMATE,WA002,2008,"{""type"":""Point"",""coordinates"":[-7.949999999999998,12.65]}"
200805_2,5,1.7681288719177246,TERRACLIMATE,WA003,2008,"{""type"":""Point"",""coordinates"":[-1.5200000000000002,12.360000000000001]}"
200805_3,5,0.628987729549408,TERRACLIMATE,WA004,2008,"{""type"":""Point"",""coordinates"":[2.17,13.51]}"
200805_4,5,5.471755504608154,TERRACLIMATE,WA005,2008,"{""type"":""Point"",""coordinates"":[7.33,9.07]}"
200805_5,5,5.731854438781738,TERRACLIMATE,WA006,2008,"{""type"":""Point"",""coordinates"":[-0.17,5.56]}"
200805_6,5,10.98577117919922,TERRACLIMATE,WA007,2008,"{""type"":""Point"",""coordinates"":[-3.9299999999999997,5.349999999999999]}"
200805_7,5,3.165219306945801,TERRACLIMATE,WA008,2008,"{""type"":""Point"",""coordinates"":[-13.67,9.53]}"
200805_8,5,5.870704174041748,TERRACLIMATE,WA009,2008,"{""type"":""Point"",""coordinates"":[-13.230000000000002,8.489999999999998]}"
200805_9,5,10.310410499572754,TERRACLIMATE,WA010,2008,"{""type"":""Point"",""coordinates"":[-10.799999999999999,6.3]}"
200805_10,5,5.997961521148682,TERRACLIMATE,WA011,2008,"{""type"":""Point"",""coordinates"":[1.22,6.130000000000001]}"
200805_11,5,7.556474685668945,TERRACLIMATE,WA012,2008,"{""type"":""Point"",""coordinates"":[2.42,6.37]}"
200805_12,5,1.31443190574646,TERRACLIMATE,WA013,2008,"{""type"":""Point"",""coordinates"":[8.52,12.05]}"
200805_13,5,6.427391529083252,TERRACLIMATE,WA014,2008,"{""type"":""Point"",""coordinates"":[-1.62,6.69]}"
200805_14,5,0.0080526741221547,TERRACLIMATE,WA015,2008,"{""type"":""Point"",""coordinates"":[-16.680000000000003,13.45]}"
,5,0.0,TERRACLIMATE,WA016,2008,
200806_0,6,0.3644911050796509,TERRACLIMATE,WA001,2008,"{""type"":""Point"",""coordinates"":[-17.470000000000002,14.73]}"
200806_1,6,4.074975490570068,TERRACLIMATE,WA002,2008,"{""type"":""Point"",""coordinates"":[-7.949999999999998,12.65]}"
200806_2,6,3.906287908554077,TERRACLIMATE,WA003,2008,"{""type"":""Point"",""coordinates"":[-1.5200000000000002,12.360000000000001]}"
200806_3,6,3.3894906044006348,TERRACLIMATE,WA004,2008,"{""type"":""Point"",""coordinates"":[2.17,13.51]}"
200806_4,6,4.9854607582092285,TERRACLIMATE,WA005,2008,"{""type"":""Point"",""coordinates"":[7.33,9.07]}"
200806_5,6,6.141697883605957,TERRACLIMATE,WA006,2008,"{""type"":""Point"",""coordinates"":[-0.17,5.56]}"
200806_6,6,18.122676849365234,TERRACLIMATE,WA007,2008,"{""type"":""Point"",""coordinates"":[-3.9299999999999997,5.349999999999999]}"
200806_7,6,17.23387336730957,TERRACLIMATE,WA008,2008,"{""type"":""Point"",""coordinates"":[-13.67,9.53]}"
200806_8,6,11.116469383239746,TERRACLIMATE,WA009,2008,"{""type"":""Point"",""coordinates"":[-13.230000000000002,8.489999999999998]}"
200806_9,6,22.964086532592773,TERRACLIMATE,WA010,2008,"{""type"":""Point"",""coordinates"":[-10.799999999999999,6.3]}"
200806_10,6,7.710381984710693,TERRACLIMATE,WA011,2008,"{""type"":""Point"",""coordinates"":[1.22,6.130000000000001]}"
200806_11,6,12.616680145263672,TERRACLIMATE,WA012,2008,"{""type"":""Point"",""coordinates"":[2.42,6.37]}"
200806_12,6,3.091538429260254,TERRACLIMATE,WA013,2008,"{""type"":""Point"",""coordinates"":[8.52,12.05]}"
200806_13,6,8.675065040588379,TERRACLIMATE,WA014,2008,"{""type"":""Point"",""coordinates"":[-1.62,6.69]}"
200806_14,6,3.083143472671509,TERRACLIMATE,WA015,2008,"{""type"":""Point"",""coordinates"":[-16.680000000000003,13.45]}"
,6,0.09373393,TERRACLIMATE,WA016,2008,
200807_0,7,3.8059821128845215,TERRACLIMATE,WA001,2008,"{""type"":""Point"",""coordinates"":[-17.470000000000002,14.73]}"
200807_1,7,8.552484512329102,TERRACLIMATE,WA002,2008,"{""type"":""Point"",""coordinates"":[-7.949999999999998,12.65]}"
200807_2,7,7.576562881469727,TERRACLIMATE,WA003,2008,"{""type"":""Point"",""coordinates"":[-1.5200000000000002,12.360000000000001]}"
200807_3,7,4.106715202331543,TERRACLIMATE,WA004,2008,"{""type"":""Point"",""coordinates"":[2.17,13.51]}"
200807_4,7,16.98988914489746,TERRACLIMATE,WA005,2008,"{""type"":""Point"",""coordinates"":[7.33,9.07]}"
200807_5,7,4.274288654327393,TERRACLIMATE,WA006,2008,"{""type"":""Point"",""coordinates"":[-0.17,5.56]}"
200807_6,7,6.026145458221436,TERRACLIMATE,WA007,2008,"{""type"":""Point"",""coordinates"":[-3.9299999999999997,5.349999999999999]}"
200807_7,7,35.37565612792969,TERRACLIMATE,WA008,2008,"{""type"":""Point"",""coordinates"":[-13.67,9.53]}"
200807_8,7,23.48441696166992,TERRACLIMATE,WA009,2008,"{""type"":""Point"",""coordinates"":[-13.230000000000002,8.489999999999998]}"
200807_9,7,30.65034294128418,TERRACLIMATE,WA010,2008,"{""type"":""Point"",""coordinates"":[-10.799999999999999,6.3]}"
200807_10,7,4.86090087890625,TERRACLIMATE,WA011,2008,"{""type"":""Point"",""coordinates"":[1.22,6.130000000000001]}"
200807_11,7,7.500004291534424,TERRACLIMATE,WA012,2008,"{""type"":""Point"",""coordinates"":[2.42,6.37]}"
200807_12,7,10.441314697265623,TERRACLIMATE,WA013,2008,"{""type"":""Point"",""coordinates"":[8.52,12.05]}"
200807_13,7,4.768123626708984,TERRACLIMATE,WA014,2008,"{""type"":""Point"",""coordinates"":[-1.62,6.69]}"
200807_14,7,11.23776149749756,TERRACLIMATE,WA015,2008,"{""type"":""Point"",""coordinates"":[-16.680000000000003,13.45]}"
,7,0.19351828,TERRACLIMATE,WA016,2008,
200808_0,8,5.6004791259765625,TERRACLIMATE,WA001,2008,"{""type"":""Point"",""coordinates"":[-17.470000000000002,14.73]}"
200808_1,8,10.713757514953612,TERRACLIMATE,WA002,2008,"{""type"":""Point"",""coordinates"":[-7.949999999999998,12.65]}"
200808_2,8,8.284188270568848,TERRACLIMATE,WA003,2008,"{""type"":""Point"",""coordinates"":[-1.5200000000000002,12.360000000000001]}"
200808_3,8,5.822521209716797,TERRACLIMATE,WA004,2008,"{""type"":""Point"",""coordinates"":[2.17,13.51]}"
200808_4,8,8.193709373474121,TERRACLIMATE,WA005,2008,"{""type"":""Point"",""coordinates"":[7.33,9.07]}"
200808_5,8,1.2702189683914185,TERRACLIMATE,WA006,2008,"{""type"":""Point"",""coordinates"":[-0.17,5.56]}"
200808_6,8,1.9173848628997805,TERRACLIMATE,WA007,2008,"{""type"":""Point"",""coordinates"":[-3.9299999999999997,5.349999999999999]}"
200808_7,8,38.6497917175293,TERRACLIMATE,WA008,2008,"{""type"":""Point"",""coordinates"":[-13.67,9.53]}"
200808_8,8,23.760459899902344,TERRACLIMATE,WA009,2008,"{""type"":""Point"",""coordinates"":[-13.230000000000002,8.489999999999998]}"
200808_9,8,15.198522567749023,TERRACLIMATE,WA010,2008,"{""type"":""Point"",""coordinates"":[-10.799999999999999,6.3]}"
200808_10,8,1.165359377861023,TERRACLIMATE,WA011,2008,"{""type"":""Point"",""coordinates"":[1.22,6.130000000000001]}"
200808_11,8,1.572582721710205,TERRACLIMATE,WA012,2008,"{""type"":""Point"",""coordinates"":[2.42,6.37]}"
200808_12,8,9.370826721191406,TERRACLIMATE,WA013,2008,"{""type"":""Point"",""coordinates"":[8.52,12.05]}"
200808_13,8,4.385081768035889,TERRACLIMATE,WA014,2008,"{""type"":""Point"",""coordinates"":[-1.62,6.69]}"
200808_14,8,13.041921615600586,TERRACLIMATE,WA015,2008,"{""type"":""Point"",""coordinates"":[-16.680000000000003,13.45]}"
,8,1.0180533,TERRACLIMATE,WA016,2008,
200809_0,9,6.393656730651856,TERRACLIMATE,WA001,2008,"{""type"":""Point"",""coordinates"":[-17.470000000000002,14.73]}"
200809_1,9,4.883368015289307,TERRACLIMATE,WA002,2008,"{""type"":""Point"",""coordinates"":[-7.949999999999998,12.65]}"
200809_2,9,3.758279800415039,TERRACLIMATE,WA003,2008,"{""type"":""Point"",""coordinates"":[-1.5200000000000002,12.360000000000001]}"
200809_3,9,1.541587233543396,TERRACLIMATE,WA004,2008,"{""type"":""Point"",""coordinates"":[2.17,13.51]}"
200809_4,9,10.020919799804688,TERRACLIMATE,WA005,2008,"{""type"":""Point"",""coordinates"":[7.33,9.07]}"
200809_5,9,2.337574481964112,TERRACLIMATE,WA006,2008,"{""type"":""Point"",""coordinates"":[-0.17,5.56]}"
200809_6,9,2.812549829483032,TERRACLIMATE,WA007,2008,"{""type"":""Point"",""coordinates"":[-3.9299999999999997,5.349999999999999]}"
200809_7,9,19.06260108947754,TERRACLIMATE,WA008,2008,"{""type"":""Point"",""coordinates"":[-13.67,9.53]}"
200809_8,9,15.831028938293455,TERRACLIMATE,WA009,2008,"{""type"":""Point"",""coordinates"":[-13.230000000000002,8.489999999999998]}"
200809_9,9,24.992090225219727,TERRACLIMATE,WA010,2008,"{""type"":""Point"",""coordinates"":[-10.799999999999999,6.3]}"
200809_10,9,3.995957851409912,TERRACLIMATE,WA011,2008,"{""type"":""Point"",""coordinates"":[1.22,6.130000000000001]}"
200809_11,9,5.50834846496582,TERRACLIMATE,WA012,2008,"{""type"":""Point"",""coordinates"":[2.42,6.37]}"
200809_12,9,3.0394694805145264,TERRACLIMATE,WA013,2008,"{""type"":""Point"",""coordinates"":[8.52,12.05]}"
200809_13,9,5.735445976257324,TERRACLIMATE,WA014,2008,"{""type"":""Point"",""coordinates"":[-1.62,6.69]}"
200809_14,9,8.995699882507324,TERRACLIMATE,WA015,2008,"{""type"":""Point"",""coordinates"":[-16.680000000000003,13.45]}"
,9,0.6582857,TERRACLIMATE,WA016,2008,
200810_0,10,0.673344612121582,TERRACLIMATE,WA001,2008,"{""type"":""Point"",""coordinates"":[-17.470000000000002,14.73]}"
200810_1,10,4.126981735229492,TERRACLIMATE,WA002,2008,"{""type"":""Point"",""coordinates"":[-7.949999999999998,12.65]}"
200810_2,10,1.0221798419952393,TERRACLIMATE,WA003,2008,"{""type"":""Point"",""coordinates"":[-1.5200000000000002,12.360000000000001]}"
200810_3,10,0.2096532881259918,TERRACLIMATE,WA004,2008,"{""type"":""Point"",""coordinates"":[2.17,13.51]}"
200810_4,10,5.153204917907715,TERRACLIMATE,WA005,2008,"{""type"":""Point"",""coordinates"":[7.33,9.07]}"
200810_5,10,3.1129934787750244,TERRACLIMATE,WA006,2008,"{""type"":""Point"",""coordinates"":[-0.17,5.56]}"
200810_6,10,2.068557977676392,TERRACLIMATE,WA007,2008,"{""type"":""Point"",""coordinates"":[-3.9299999999999997,5.349999999999999]}"
200810_7,10,10.937350273132324,TERRACLIMATE,WA008,2008,"{""type"":""Point"",""coordinates"":[-13.67,9.53]}"
200810_8,10,10.199691772460938,TERRACLIMATE,WA009,2008,"{""type"":""Point"",""coordinates"":[-13.230000000000002,8.489999999999998]}"
200810_9,10,10.253019332885742,TERRACLIMATE,WA010,2008,"{""type"":""Point"",""coordinates"":[-10.799999999999999,6.3]}"
200810_10,10,3.576616048812866,TERRACLIMATE,WA011,2008,"{""type"":""Point"",""coordinates"":[1.22,6.130000000000001]}"
200810_11,10,4.354855537414551,TERRACLIMATE,WA012,2008,"{""type"":""Point"",""coordinates"":[2.42,6.37]}"
200810_12,10,0.0886989384889602,TERRACLIMATE,WA013,2008,"{""type"":""Point"",""coordinates"":[8.52,12.05]}"
200810_13,10,5.334704875946045,TERRACLIMATE,WA014,2008,"{""type"":""Point"",""coordinates"":[-1.62,6.69]}"
200810_14,10,2.5522701740264893,TERRACLIMATE,WA015,2008,"{""type"":""Point"",""coordinates"":[-16.680000000000003,13.45]}"
,10,0.088693626,TERRACLIMATE,WA016,2008,
200811_0,11,0.0,TERRACLIMATE,WA001,2008,"{""type"":""Point"",""coordinates"":[-17.470000000000002,14.73]}"
200811_1,11,0.0,TERRACLIMATE,WA002,2008,"{""type"":""Point"",""coordinates"":[-7.949999999999998,12.65]}"
200811_2,11,0.0,TERRACLIMATE,WA003,2008,"{""type"":""Point"",""coordinates"":[-1.5200000000000002,12.360000000000001]}"
200811_3,11,0.0,TERRACLIMATE,WA004,2008,"{""type"":""Point"",""coordinates"":[2.17,13.51]}"
200811_4,11,0.0,TERRACLIMATE,WA005,2008,"{""type"":""Point"",""coordinates"":[7.33,9.07]}"
200811_5,11,5.993839740753174,TERRACLIMATE,WA006,2008,"{""type"":""Point"",""coordinates"":[-0.17,5.56]}"
200811_6,11,6.156190872192383,TERRACLIMATE,WA007,2008,"{""type"":""Point"",""coordinates"":[-3.9299999999999997,5.349999999999999]}"
200811_7,11,0.0,TERRACLIMATE,WA008,2008,"{""type"":""Point"",""coordinates"":[-13.67,9.53]}"
200811_8,11,3.1391470432281494,TERRACLIMATE,WA009,2008,"{""type"":""Point"",""coordinates"":[-13.230000000000002,8.489999999999998]}"
200811_9,11,3.3076260089874268,TERRACLIMATE,WA010,2008,"{""type"":""Point"",""coordinates"":[-10.799999999999999,6.3]}"
200811_10,11,3.747889280319214,TERRACLIMATE,WA011,2008,"{""type"":""Point"",""coordinates"":[1.22,6.130000000000001]}"
200811_11,11,1.7833290100097656,TERRACLIMATE,WA012,2008,"{""type"":""Point"",""coordinates"":[2.42,6.37]}"
200811_12,11,0.0,TERRACLIMATE,WA013,2008,"{""type"":""Point"",""coordinates"":[8.52,12.05]}"
200811_13,11,2.66869592666626,TERRACLIMATE,WA014,2008,"{""type"":""Point"",""coordinates"":[-1.62,6.69]}"
200811_14,11,0.0,TERRACLIMATE,WA015,2008,"{""type"":""Point"",""coordinates"":[-16.680000000000003,13.45]}"
,11,0.014584885,TERRACLIMATE,WA016,2008,
200812_0,12,0.0,TERRACLIMATE,WA001,2008,"{""type"":""Point"",""coordinates"":[-17.470000000000002,14.73]}"
200812_1,12,0.0,TERRACLIMATE,WA002,2008,"{""type"":""Point"",""coordinates"":[-7.949999999999998,12.65]}"
200812_2,12,0.0,TERRACLIMATE,WA003,2008,"{""type"":""Point"",""coordinates"":[-1.5200000000000002,12.360000000000001]}"
200812_3,12,0.0,TERRACLIMATE,WA004,2008,"{""type"":""Point"",""coordinates"":[2.17,13.51]}"
200812_4,12,0.0,TERRACLIMATE,WA005,2008,"{""type"":""Point"",""coordinates"":[7.33,9.07]}"
200812_5,12,1.413333296775818,TERRACLIMATE,WA006,2008,"{""type"":""Point"",""coordinates"":[-0.17,5.56]}"
200812_6,12,4.211694240570068,TERRACLIMATE,WA007,2008,"{""type"":""Point"",""coordinates"":[-3.9299999999999997,5.349999999999999]}"
200812_7,12,0.0241850260645151,TERRACLIMATE,WA008,2008,"{""type"":""Point"",""coordinates"":[-13.67,9.53]}"
200812_8,12,1.1007133722305298,TERRACLIMATE,WA009,2008,"{""type"":""Point"",""coordinates"":[-13.230000000000002,8.489999999999998]}"
200812_9,12,2.836219310760498,TERRACLIMATE,WA010,2008,"{""type"":""Point"",""coordinates"":[-10.799999999999999,6.3]}"
200812_10,12,0.9838694334030152,TERRACLIMATE,WA011,2008,"{""type"":""Point"",""coordinates"":[1.22,6.130000000000001]}"
200812_11,12,0.8225848078727722,TERRACLIMATE,WA012,2008,"{""type"":""Point"",""coordinates"":[2.42,6.37]}"
200812_12,12,0.0,TERRACLIMATE,WA013,2008,"{""type"":""Point"",""coordinates"":[8.52,12.05]}"
200812_13,12,1.8467756509780884,TERRACLIMATE,WA014,2008,"{""type"":""Point"",""coordinates"":[-1.62,6.69]}"
200812_14,12,0.0,TERRACLIMATE,WA015,2008,"{""type"":""Point"",""coordinates"":[-16.680000000000003,13.45]}"
,12,0.0,TERRACLIMATE,WA016,2008,
200901_0,1,0.0,TERRACLIMATE,WA001,2009,"{""type"":""Point"",""coordinates"":[-17.470000000000002,14.73]}"
200901_1,1,0.0,TERRACLIMATE,WA002,2009,"{""type"":""Point"",""coordinates"":[-7.949999999999998,12.65]}"
200901_2,1,0.0,TERRACLIMATE,WA003,2009,"{""type"":""Point"",""coordinates"":[-1.5200000000000002,12.360000000000001]}"
200901_3,1,0.0,TERRACLIMATE,WA004,2009,"{""type"":""Point"",""coordinates"":[2.17,13.51]}"
200901_4,1,0.0,TERRACLIMATE,WA005,2009,"{""type"":""Point"",""coordinates"":[7.33,9.07]}"
200901_5,1,0.201617881655693,TERRACLIMATE,WA006,2009,"{""type"":""Point"",""coordinates"":[-0.17,5.56]}"
200901_6,1,0.2258064448833465,TERRACLIMATE,WA007,2009,"{""type"":""Point"",""coordinates"":[-3.9299999999999997,5.349999999999999]}"
200901_7,1,0.0,TERRACLIMATE,WA008,2009,"{""type"":""Point"",""coordinates"":[-13.67,9.53]}"
200901_8,1,0.225787416100502,TERRACLIMATE,WA009,2009,"{""type"":""Point"",""coordinates"":[-13.230000000000002,8.489999999999998]}"
200901_9,1,0.6501142978668213,TERRACLIMATE,WA010,2009,"{""type"":""Point"",""coordinates"":[-10.799999999999999,6.3]}"
200901_10,1,0.6028332710266113,TERRACLIMATE,WA011,2009,"{""type"":""Point"",""coordinates"":[1.22,6.130000000000001]}"
200901_11,1,0.6371073126792908,TERRACLIMATE,WA012,2009,"{""type"":""Point"",""coordinates"":[2.42,6.37]}"
200901_12,1,0.0,TERRACLIMATE,WA013,2009,"{""type"":""Point"",""coordinates"":[8.52,12.05]}"
200901_13,1,0.0887082368135452,TERRACLIMATE,WA014,2009,"{""type"":""Point"",""coordinates"":[-1.62,6.69]}"
200901_14,1,0.0,TERRACLIMATE,WA015,2009,"{""type"":""Point"",""coordinates"":[-16.680000000000003,13.45]}"
,1,0.0,TERRACLIMATE,WA016,2009,
200902_0,2,0.0,TERRACLIMATE,WA001,2009,"{""type"":""Point"",""coordinates"":[-17.470000000000002,14.73]}"
200902_1,2,0.0,TERRACLIMATE,WA002,2009,"{""type"":""Point"",""coordinates"":[-7.949999999999998,12.65]}"
200902_2,2,0.1919468939304351,TERRACLIMATE,WA003,2009,"{""type"":""Point"",""coordinates"":[-1.5200000000000002,12.360000000000001]}"
200902_3,2,0.0,TERRACLIMATE,WA004,2009,"{""type"":""Point"",""coordinates"":[2.17,13.51]}"
200902_4,2,0.2299119979143142,TERRACLIMATE,WA005,2009,"{""type"":""Point"",""coordinates"":[7.33,9.07]}"
200902_5,2,1.1652257442474363,TERRACLIMATE,WA006,2009,"{""type"":""Point"",""coordinates"":[-0.17,5.56]}"
200902_6,2,2.3148014545440674,TERRACLIMATE,WA007,2009,"{""type"":""Point"",""coordinates"":[-3.9299999999999997,5.349999999999999]}"
200902_7,2,0.0,TERRACLIMATE,WA008,2009,"{""type"":""Point"",""coordinates"":[-13.67,9.53]}"
200902_8,2,0.2968340218067169,TERRACLIMATE,WA009,2009,"{""type"":""Point"",""coordinates"":[-13.230000000000002,8.489999999999998]}"
200902_9,2,3.348870277404785,TERRACLIMATE,WA010,2009,"{""type"":""Point"",""coordinates"":[-10.799999999999999,6.3]}"
200902_10,2,1.466557264328003,TERRACLIMATE,WA011,2009,"{""type"":""Point"",""coordinates"":[1.22,6.130000000000001]}"
200902_11,2,1.0357142686843872,TERRACLIMATE,WA012,2009,"{""type"":""Point"",""coordinates"":[2.42,6.37]}"
200902_12,2,0.0,TERRACLIMATE,WA013,2009,"{""type"":""Point"",""coordinates"":[8.52,12.05]}"
200902_13,2,3.5201075077056885,TERRACLIMATE,WA014,2009,"{""type"":""Point"",""coordinates"":[-1.62,6.69]}"
200902_14,2,0.0,TERRACLIMATE,WA015,2009,"{""type"":""Point"",""coordinates"":[-16.680000000000003,13.45]}"
,2,0.0,TERRACLIMATE,WA016,2009,
200903_0,3,0.0,TERRACLIMATE,WA001,2009,"{""type"":""Point"",""coordinates"":[-17.470000000000002,14.73]}"
200903_1,3,0.1310494393110275,TERRACLIMATE,WA002,2009,"{""type"":""Point"",""coordinates"":[-7.949999999999998,12.65]}"
200903_2,3,0.1552505046129226,TERRACLIMATE,WA003,2009,"{""type"":""Point"",""coordinates"":[-1.5200000000000002,12.360000000000001]}"
200903_3,3,0.0,TERRACLIMATE,WA004,2009,"{""type"":""Point"",""coordinates"":[2.17,13.51]}"
200903_4,3,0.6733359694480896,TERRACLIMATE,WA005,2009,"{""type"":""Point"",""coordinates"":[7.33,9.07]}"
200903_5,3,1.4395538568496704,TERRACLIMATE,WA006,2009,"{""type"":""Point"",""coordinates"":[-0.17,5.56]}"
200903_6,3,2.0564918518066406,TERRACLIMATE,WA007,2009,"{""type"":""Point"",""coordinates"":[-3.9299999999999997,5.349999999999999]}"
200903_7,3,0.0,TERRACLIMATE,WA008,2009,"{""type"":""Point"",""coordinates"":[-13.67,9.53]}"
200903_8,3,0.3910708129405975,TERRACLIMATE,WA009,2009,"{""type"":""Point"",""coordinates"":[-13.230000000000002,8.489999999999998]}"
200903_9,3,3.501276731491089,TERRACLIMATE,WA010,2009,"{""type"":""Point"",""coordinates"":[-10.799999999999999,6.3]}"
200903_10,3,1.5242122411727903,TERRACLIMATE,WA011,2009,"{""type"":""Point"",""coordinates"":[1.22,6.130000000000001]}"
200903_11,3,1.5645203590393066,TERRACLIMATE,WA012,2009,"{""type"":""Point"",""coordinates"":[2.42,6.37]}"
200903_12,3,0.0,TERRACLIMATE,WA013,2009,"{""type"":""Point"",""coordinates"":[8.52,12.05]}"
200903_13,3,5.494241237640381,TERRACLIMATE,WA014,2009,"{""type"":""Point"",""coordinates"":[-1.62,6.69]}"
200903_14,3,0.0,TERRACLIMATE,WA015,2009,"{""type"":""Point"",""coordinates"":[-16.680000000000003,13.45]}"
,3,0.04232116,TERRACLIMATE,WA016,2009,
200904_0,4,0.0,TERRACLIMATE,WA001,2009,"{""type"":""Point"",""coordinates"":[-17.470000000000002,14.73]}"
200904_1,4,0.3187279999256134,TERRACLIMATE,WA002,2009,"{""type"":""Point"",""coordinates"":[-7.949999999999998,12.65]}"
200904_2,4,0.3416553437709808,TERRACLIMATE,WA003,2009,"{""type"":""Point"",""coordinates"":[-1.5200000000000002,12.360000000000001]}"
200904_3,4,0.1687247902154922,TERRACLIMATE,WA004,2009,"{""type"":""Point"",""coordinates"":[2.17,13.51]}"
200904_4,4,2.2810566425323486,TERRACLIMATE,WA005,2009,"{""type"":""Point"",""coordinates"":[7.33,9.07]}"
200904_5,4,4.350067138671875,TERRACLIMATE,WA006,2009,"{""type"":""Point"",""coordinates"":[-0.17,5.56]}"
200904_6,4,4.616687774658203,TERRACLIMATE,WA007,2009,"{""type"":""Point"",""coordinates"":[-3.9299999999999997,5.349999999999999]}"
200904_7,4,0.0,TERRACLIMATE,WA008,2009,"{""type"":""Point"",""coordinates"":[-13.67,9.53]}"
200904_8,4,1.372725248336792,TERRACLIMATE,WA009,2009,"{""type"":""Point"",""coordinates"":[-13.230000000000002,8.489999999999998]}"
200904_9,4,2.877531051635742,TERRACLIMATE,WA010,2009,"{""type"":""Point"",""coordinates"":[-10.799999999999999,6.3]}"
200904_10,4,5.412527084350586,TERRACLIMATE,WA011,2009,"{""type"":""Point"",""coordinates"":[1.22,6.130000000000001]}"
200904_11,4,5.966649532318115,TERRACLIMATE,WA012,2009,"{""type"":""Point"",""coordinates"":[2.42,6.37]}"
200904_12,4,0.1249889135360717,TERRACLIMATE,WA013,2009,"{""type"":""Point"",""coordinates"":[8.52,12.05]}"
200904_13,4,5.456226825714111,TERRACLIMATE,WA014,2009,"{""type"":""Point"",""coordinates"":[-1.62,6.69]}"
200904_14,4,0.0,TERRACLIMATE,WA015,2009,"{""type"":""Point"",""coordinates"":[-16.680000000000003,13.45]}"
,4,0.0,TERRACLIMATE,WA016,2009,
200905_0,5,0.0,TERRACLIMATE,WA001,2009,"{""type"":""Point"",""coordinates"":[-17.470000000000002,14.73]}"
200905_1,5,1.1612457036972046,TERRACLIMATE,WA002,2009,"{""type"":""Point"",""coordinates"":[-7.949999999999998,12.65]}"
200905_2,5,2.114919900894165,TERRACLIMATE,WA003,2009,"{""type"":""Point"",""coordinates"":[-1.5200000000000002,12.360000000000001]}"
200905_3,5,0.5483769178390503,TERRACLIMATE,WA004,2009,"{""type"":""Point"",""coordinates"":[2.17,13.51]}"
200905_4,5,6.038735866546631,TERRACLIMATE,WA005,2009,"{""type"":""Point"",""coordinates"":[7.33,9.07]}"
200905_5,5,3.957670211791992,TERRACLIMATE,WA006,2009,"{""type"":""Point"",""coordinates"":[-0.17,5.56]}"
200905_6,5,7.354773998260498,TERRACLIMATE,WA007,2009,"{""type"":""Point"",""coordinates"":[-3.9299999999999997,5.349999999999999]}"
200905_7,5,3.7297325134277344,TERRACLIMATE,WA008,2009,"{""type"":""Point"",""coordinates"":[-13.67,9.53]}"
200905_8,5,6.667327880859375,TERRACLIMATE,WA009,2009,"{""type"":""Point"",""coordinates"":[-13.230000000000002,8.489999999999998]}"
200905_9,5,8.7792387008667,TERRACLIMATE,WA010,2009,"{""type"":""Point"",""coordinates"":[-10.799999999999999,6.3]}"
200905_10,5,5.100818157196045,TERRACLIMATE,WA011,2009,"{""type"":""Point"",""coordinates"":[1.22,6.130000000000001]}"
200905_11,5,5.516137599945068,TERRACLIMATE,WA012,2009,"{""type"":""Point"",""coordinates"":[2.42,6.37]}"
200905_12,5,3.0200188159942627,TERRACLIMATE,WA013,2009,"{""type"":""Point"",""coordinates"":[8.52,12.05]}"
200905_13,5,5.098781585693359,TERRACLIMATE,WA014,2009,"{""type"":""Point"",""coordinates"":[-1.62,6.69]}"
200905_14,5,0.0403107367455959,TERRACLIMATE,WA015,2009,"{""type"":""Point"",""coordinates"":[-16.680000000000003,13.45]}"
,5,0.0,TERRACLIMATE,WA016,2009,
200906_0,6,0.1145521774888038,TERRACLIMATE,WA001,2009,"{""type"":""Point"",""coordinates"":[-17.470000000000002,14.73]}"
200906_1,6,3.2520439624786377,TERRACLIMATE,WA002,2009,"{""type"":""Point"",""coordinates"":[-7.949999999999998,12.65]}"
200906_2,6,4.44577169418335,TERRACLIMATE,WA003,2009,"{""type"":""Point"",""coordinates"":[-1.5200000000000002,12.360000000000001]}"
200906_3,6,2.022834300994873,TERRACLIMATE,WA004,2009,"{""type"":""Point"",""coordinates"":[2.17,13.51]}"
200906_4,6,5.764545917510986,TERRACLIMATE,WA005,2009,"{""type"":""Point"",""coordinates"":[7.33,9.07]}"
200906_5,6,8.506279945373535,TERRACLIMATE,WA006,2009,"{""type"":""Point"",""coordinates"":[-0.17,5.56]}"
200906_6,6,15.018394470214844,TERRACLIMATE,WA007,2009,"{""type"":""Point"",""coordinates"":[-3.9299999999999997,5.349999999999999]}"
200906_7,6,8.591689109802246,TERRACLIMATE,WA008,2009,"{""type"":""Point"",""coordinates"":[-13.67,9.53]}"
200906_8,6,10.247456550598145,TERRACLIMATE,WA009,2009,"{""type"":""Point"",""coordinates"":[-13.230000000000002,8.489999999999998]}"
200906_9,6,27.10517883300781,TERRACLIMATE,WA010,2009,"{""type"":""Point"",""coordinates"":[-10.799999999999999,6.3]}"
200906_10,6,8.745752334594727,TERRACLIMATE,WA011,2009,"{""type"":""Point"",""coordinates"":[1.22,6.130000000000001]}"
200906_11,6,14.475015640258787,TERRACLIMATE,WA012,2009,"{""type"":""Point"",""coordinates"":[2.42,6.37]}"
200906_12,6,3.860290050506592,TERRACLIMATE,WA013,2009,"{""type"":""Point"",""coordinates"":[8.52,12.05]}"
200906_13,6,7.602103233337402,TERRACLIMATE,WA014,2009,"{""type"":""Point"",""coordinates"":[-1.62,6.69]}"
200906_14,6,1.1686651706695557,TERRACLIMATE,WA015,2009,"{""type"":""Point"",""coordinates"":[-16.680000000000003,13.45]}"
,6,0.10831881,TERRACLIMATE,WA016,2009,
200907_0,7,3.132660150527954,TERRACLIMATE,WA001,2009,"{""type"":""Point"",""coordinates"":[-17.470000000000002,14.73]}"
200907_1,7,5.981904029846191,TERRACLIMATE,WA002,2009,"{""type"":""Point"",""coordinates"":[-7.949999999999998,12.65]}"
200907_2,7,5.614916801452637,TERRACLIMATE,WA003,2009,"{""type"":""Point"",""coordinates"":[-1.5200000000000002,12.360000000000001]}"
200907_3,7,3.8869354724884033,TERRACLIMATE,WA004,2009,"{""type"":""Point"",""coordinates"":[2.17,13.51]}"
200907_4,7,8.671477317810059,TERRACLIMATE,WA005,2009,"{""type"":""Point"",""coordinates"":[7.33,9.07]}"
200907_5,7,3.8629889488220215,TERRACLIMATE,WA006,2009,"{""type"":""Point"",""coordinates"":[-0.17,5.56]}"
200907_6,7,8.772138595581055,TERRACLIMATE,WA007,2009,"{""type"":""Point"",""coordinates"":[-3.9299999999999997,5.349999999999999]}"
200907_7,7,23.41953659057617,TERRACLIMATE,WA008,2009,"{""type"":""Point"",""coordinates"":[-13.67,9.53]}"
200907_8,7,20.471420288085938,TERRACLIMATE,WA009,2009,"{""type"":""Point"",""coordinates"":[-13.230000000000002,8.489999999999998]}"
200907_9,7,16.866193771362305,TERRACLIMATE,WA010,2009,"{""type"":""Point"",""coordinates"":[-10.799999999999999,6.3]}"
200907_10,7,3.82863450050354,TERRACLIMATE,WA011,2009,"{""type"":""Point"",""coordinates"":[1.22,6.130000000000001]}"
200907_11,7,5.233860492706299,TERRACLIMATE,WA012,2009,"{""type"":""Point"",""coordinates"":[2.42,6.37]}"
200907_12,7,6.395049571990967,TERRACLIMATE,WA013,2009,"{""type"":""Point"",""coordinates"":[8.52,12.05]}"
200907_13,7,7.187501907348633,TERRACLIMATE,WA014,2009,"{""type"":""Point"",""coordinates"":[-1.62,6.69]}"
200907_14,7,12.794150352478027,TERRACLIMATE,WA015,2009,"{""type"":""Point"",""coordinates"":[-16.680000000000003,13.45]}"
,7,0.6451011,TERRACLIMATE,WA016,2009,
200908_0,8,8.7818603515625,TERRACLIMATE,WA001,2009,"{""type"":""Point"",""coordinates"":[-17.470000000000002,14.73]}"
200908_1,8,6.780298233032227,TERRACLIMATE,WA002,2009,"{""type"":""Point"",""coordinates"":[-7.949999999999998,12.65]}"
200908_2,8,7.314445972442627,TERRACLIMATE,WA003,2009,"{""type"":""Point"",""coordinates"":[-1.5200000000000002,12.360000000000001]}"
200908_3,8,5.058344841003418,TERRACLIMATE,WA004,2009,"{""type"":""Point"",""coordinates"":[2.17,13.51]}"
200908_4,8,16.46596908569336,TERRACLIMATE,WA005,2009,"{""type"":""Point"",""coordinates"":[7.33,9.07]}"
200908_5,8,0.7500298619270325,TERRACLIMATE,WA006,2009,"{""type"":""Point"",""coordinates"":[-0.17,5.56]}"
200908_6,8,0.59073805809021,TERRACLIMATE,WA007,2009,"{""type"":""Point"",""coordinates"":[-3.9299999999999997,5.349999999999999]}"
200908_7,8,45.117374420166016,TERRACLIMATE,WA008,2009,"{""type"":""Point"",""coordinates"":[-13.67,9.53]}"
200908_8,8,25.98881721496582,TERRACLIMATE,WA009,2009,"{""type"":""Point"",""coordinates"":[-13.230000000000002,8.489999999999998]}"
200908_9,8,21.16882705688477,TERRACLIMATE,WA010,2009,"{""type"":""Point"",""coordinates"":[-10.799999999999999,6.3]}"
200908_10,8,1.1573022603988647,TERRACLIMATE,WA011,2009,"{""type"":""Point"",""coordinates"":[1.22,6.130000000000001]}"
200908_11,8,1.3145097494125366,TERRACLIMATE,WA012,2009,"{""type"":""Point"",""coordinates"":[2.42,6.37]}"
200908_12,8,7.886882305145264,TERRACLIMATE,WA013,2009,"{""type"":""Point"",""coordinates"":[8.52,12.05]}"
200908_13,8,1.2399146556854248,TERRACLIMATE,WA014,2009,"{""type"":""Point"",""coordinates"":[-1.62,6.69]}"
200908_14,8,14.068212509155272,TERRACLIMATE,WA015,2009,"{""type"":""Point"",""coordinates"":[-16.680000000000003,13.45]}"
,8,1.9433799,TERRACLIMATE,WA016,2009,
200909_0,9,5.7561235427856445,TERRACLIMATE,WA001,2009,"{""type"":""Point"",""coordinates"":[-17.470000000000002,14.73]}"
200909_1,9,9.381322860717772,TERRACLIMATE,WA002,2009,"{""type"":""Point"",""coordinates"":[-7.949999999999998,12.65]}"
200909_2,9,7.32493257522583,TERRACLIMATE,WA003,2009,"{""type"":""Point"",""coordinates"":[-1.5200000000000002,12.360000000000001]}"
200909_3,9,2.28322696685791,TERRACLIMATE,WA004,2009,"{""type"":""Point"",""coordinates"":[2.17,13.51]}"
200909_4,9,10.618851661682127,TERRACLIMATE,WA005,2009,"{""type"":""Point"",""coordinates"":[7.33,9.07]}"
200909_5,9,0.6021102666854858,TERRACLIMATE,WA006,2009,"{""type"":""Point"",""coordinates"":[-0.17,5.56]}"
200909_6,9,1.000019669532776,TERRACLIMATE,WA007,2009,"{""type"":""Point"",""coordinates"":[-3.9299999999999997,5.349999999999999]}"
200909_7,9,25.81650733947754,TERRACLIMATE,WA008,2009,"{""type"":""Point"",""coordinates"":[-13.67,9.53]}"
200909_8,9,18.688077926635746,TERRACLIMATE,WA009,2009,"{""type"":""Point"",""coordinates"":[-13.230000000000002,8.489999999999998]}"
200909_9,9,18.37944793701172,TERRACLIMATE,WA010,2009,"{""type"":""Point"",""coordinates"":[-10.799999999999999,6.3]}"
200909_10,9,1.187540054321289,TERRACLIMATE,WA011,2009,"{""type"":""Point"",""coordinates"":[1.22,6.130000000000001]}"
200909_11,9,1.9166709184646609,TERRACLIMATE,WA012,2009,"{""type"":""Point"",""coordinates"":[2.42,6.37]}"
200909_12,9,3.474855899810791,TERRACLIMATE,WA013,2009,"{""type"":""Point"",""coordinates"":[8.52,12.05]}"
200909_13,9,2.8396267890930176,TERRACLIMATE,WA014,2009,"{""type"":""Point"",""coordinates"":[-1.62,6.69]}"
200909_14,9,7.933183670043945,TERRACLIMATE,WA015,2009,"{""type"":""Point"",""coordinates"":[-16.680000000000003,13.45]}"
,9,2.4165092,TERRACLIMATE,WA016,2009,
200910_0,10,0.6753884553909302,TERRACLIMATE,WA001,2009,"{""type"":""Point"",""coordinates"":[-17.470000000000002,14.73]}"
200910_1,10,1.766127586364746,TERRACLIMATE,WA002,2009,"{""type"":""Point"",""coordinates"":[-7.949999999999998,12.65]}"
200910_2,10,1.1834577322006226,TERRACLIMATE,WA003,2009,"{""type"":""Point"",""coordinates"":[-1.5200000000000002,12.360000000000001]}"
200910_3,10,0.6934760212898254,TERRACLIMATE,WA004,2009,"{""type"":""Point"",""coordinates"":[2.17,13.51]}"
200910_4,10,2.9697844982147217,TERRACLIMATE,WA005,2009,"{""type"":""Point"",""coordinates"":[7.33,9.07]}"
200910_5,10,1.3831068277359009,TERRACLIMATE,WA006,2009,"{""type"":""Point"",""coordinates"":[-0.17,5.56]}"
200910_6,10,3.5746257305145264,TERRACLIMATE,WA007,2009,"{""type"":""Point"",""coordinates"":[-3.9299999999999997,5.349999999999999]}"
200910_7,10,8.463520050048828,TERRACLIMATE,WA008,2009,"{""type"":""Point"",""coordinates"":[-13.67,9.53]}"
200910_8,10,9.43752098083496,TERRACLIMATE,WA009,2009,"{""type"":""Point"",""coordinates"":[-13.230000000000002,8.489999999999998]}"
200910_9,10,12.722010612487791,TERRACLIMATE,WA010,2009,"{""type"":""Point"",""coordinates"":[-10.799999999999999,6.3]}"
200910_10,10,2.931467056274414,TERRACLIMATE,WA011,2009,"{""type"":""Point"",""coordinates"":[1.22,6.130000000000001]}"
200910_11,10,5.153270244598389,TERRACLIMATE,WA012,2009,"{""type"":""Point"",""coordinates"":[2.42,6.37]}"
200910_12,10,0.7660815715789795,TERRACLIMATE,WA013,2009,"{""type"":""Point"",""coordinates"":[8.52,12.05]}"
200910_13,10,4.788399696350098,TERRACLIMATE,WA014,2009,"{""type"":""Point"",""coordinates"":[-1.62,6.69]}"
200910_14,10,1.2076014280319214,TERRACLIMATE,WA015,2009,"{""type"":""Point"",""coordinates"":[-16.680000000000003,13.45]}"
,10,0.032258064,TERRACLIMATE,WA016,2009,
200911_0,11,0.0,TERRACLIMATE,WA001,2009,"{""type"":""Point"",""coordinates"":[-17.470000000000002,14.73]}"
200911_1,11,0.3874862790107727,TERRACLIMATE,WA002,2009,"{""type"":""Point"",""coordinates"":[-7.949999999999998,12.65]}"
200911_2,11,0.0,TERRACLIMATE,WA003,2009,"{""type"":""Point"",""coordinates"":[-1.5200000000000002,12.360000000000001]}"
200911_3,11,0.0,TERRACLIMATE,WA004,2009,"{""type"":""Point"",""coordinates"":[2.17,13.51]}"
200911_4,11,0.0,TERRACLIMATE,WA005,2009,"{""type"":""Point"",""coordinates"":[7.33,9.07]}"
200911_5,11,0.8729355931282043,TERRACLIMATE,WA006,2009,"{""type"":""Point"",""coordinates"":[-0.17,5.56]}"
200911_6,11,4.141738414764404,TERRACLIMATE,WA007,2009,"{""type"":""Point"",""coordinates"":[-3.9299999999999997,5.349999999999999]}"
200911_7,11,0.0,TERRACLIMATE,WA008,2009,"{""type"":""Point"",""coordinates"":[-13.67,9.53]}"
200911_8,11,3.151629447937012,TERRACLIMATE,WA009,2009,"{""type"":""Point"",""coordinates"":[-13.230000000000002,8.489999999999998]}"
200911_9,11,5.107582092285156,TERRACLIMATE,WA010,2009,"{""type"":""Point"",""coordinates"":[-10.799999999999999,6.3]}"
200911_10,11,2.2833495140075684,TERRACLIMATE,WA011,2009,"{""type"":""Point"",""coordinates"":[1.22,6.130000000000001]}"
200911_11,11,2.39165997505188,TERRACLIMATE,WA012,2009,"{""type"":""Point"",""coordinates"":[2.42,6.37]}"
200911_12,11,0.0,TERRACLIMATE,WA013,2009,"{""type"":""Point"",""coordinates"":[8.52,12.05]}"
200911_13,11,1.4687715768814087,TERRACLIMATE,WA014,2009,"{""type"":""Point"",""coordinates"":[-1.62,6.69]}"
200911_14,11,0.0,TERRACLIMATE,WA015,2009,"{""type"":""Point"",""coordinates"":[-16.680000000000003,13.45]}"
,11,0.06875051,TERRACLIMATE,WA016,2009,
200912_0,12,0.0,TERRACLIMATE,WA001,2009,"{""type"":""Point"",""coordinates"":[-17.470000000000002,14.73]}"
200912_1,12,0.0,TERRACLIMATE,WA002,2009,"{""type"":""Point"",""coordinates"":[-7.949999999999998,12.65]}"
200912_2,12,0.0,TERRACLIMATE,WA003,2009,"{""type"":""Point"",""coordinates"":[-1.5200000000000002,12.360000000000001]}"
200912_3,12,0.0,TERRACLIMATE,WA004,2009,"{""type"":""Point"",""coordinates"":[2.17,13.51]}"
200912_4,12,0.0,TERRACLIMATE,WA005,2009,"{""type"":""Point"",""coordinates"":[7.33,9.07]}"
200912_5,12,1.592770218849182,TERRACLIMATE,WA006,2009,"{""type"":""Point"",""coordinates"":[-0.17,5.56]}"
200912_6,12,3.2177300453186035,TERRACLIMATE,WA007,2009,"{""type"":""Point"",""coordinates"":[-3.9299999999999997,5.349999999999999]}"
200912_7,12,0.0,TERRACLIMATE,WA008,2009,"{""type"":""Point"",""coordinates"":[-13.67,9.53]}"
200912_8,12,0.8143680691719055,TERRACLIMATE,WA009,2009,"{""type"":""Point"",""coordinates"":[-13.230000000000002,8.489999999999998]}"
200912_9,12,0.995039999485016,TERRACLIMATE,WA010,2009,"{""type"":""Point"",""coordinates"":[-10.799999999999999,6.3]}"
200912_10,12,0.6290262937545776,TERRACLIMATE,WA011,2009,"{""type"":""Point"",""coordinates"":[1.22,6.130000000000001]}"
200912_11,12,0.1290322542190551,TERRACLIMATE,WA012,2009,"{""type"":""Point"",""coordinates"":[2.42,6.37]}"
200912_12,12,0.0,TERRACLIMATE,WA013,2009,"{""type"":""Point"",""coordinates"":[8.52,12.05]}"
200912_13,12,1.254028558731079,TERRACLIMATE,WA014,2009,"{""type"":""Point"",""coordinates"":[-1.62,6.69]}"
200912_14,12,0.0,TERRACLIMATE,WA015,2009,"{""type"":""Point"",""coordinates"":[-16.680000000000003,13.45]}"
,12,0.032258064,TERRACLIMATE,WA016,2009,
201001_0,1,0.0,TERRACLIMATE,WA001,2010,"{""type"":""Point"",""coordinates"":[-17.470000000000002,14.73]}"
201001_1,1,0.0,TERRACLIMATE,WA002,2010,"{""type"":""Point"",""coordinates"":[-7.949999999999998,12.65]}"
201001_2,1,0.0,TERRACLIMATE,WA003,2010,"{""type"":""Point"",""coordinates"":[-1.5200000000000002,12.360000000000001]}"
201001_3,1,0.0,TERRACLIMATE,WA004,2010,"{""type"":""Point"",""coordinates"":[2.17,13.51]}"
201001_4,1,0.0,TERRACLIMATE,WA005,2010,"{""type"":""Point"",""coordinates"":[7.33,9.07]}"
201001_5,1,1.1774545907974243,TERRACLIMATE,WA006,2010,"{""type"":""Point"",""coordinates"":[-0.17,5.56]}"
201001_6,1,0.9616975784301758,TERRACLIMATE,WA007,2010,"{""type"":""Point"",""coordinates"":[-3.9299999999999997,5.349999999999999]}"
201001_7,1,0.0,TERRACLIMATE,WA008,2010,"{""type"":""Point"",""coordinates"":[-13.67,9.53]}"
201001_8,1,0.1955274939537048,TERRACLIMATE,WA009,2010,"{""type"":""Point"",""coordinates"":[-13.230000000000002,8.489999999999998]}"
201001_9,1,0.8214095830917358,TERRACLIMATE,WA010,2010,"{""type"":""Point"",""coordinates"":[-10.799999999999999,6.3]}"
201001_10,1,1.054433822631836,TERRACLIMATE,WA011,2010,"{""type"":""Point"",""coordinates"":[1.22,6.130000000000001]}"
201001_11,1,0.4354880750179291,TERRACLIMATE,WA012,2010,"{""type"":""Point"",""coordinates"":[2.42,6.37]}"
201001_12,1,0.0,TERRACLIMATE,WA013,2010,"{""type"":""Point"",""coordinates"":[8.52,12.05]}"
201001_13,1,0.5161334276199341,TERRACLIMATE,WA014,2010,"{""type"":""Point"",""coordinates"":[-1.62,6.69]}"
201001_14,1,0.0,TERRACLIMATE,WA015,2010,"{""type"":""Point"",""coordinates"":[-16.680000000000003,13.45]}"
,1,0.0,TERRACLIMATE,WA016,2010,
201002_0,2,0.0,TERRACLIMATE,WA001,2010,"{""type"":""Point"",""coordinates"":[-17.470000000000002,14.73]}"
201002_1,2,0.02679343521595,TERRACLIMATE,WA002,2010,"{""type"":""Point"",""coordinates"":[-7.949999999999998,12.65]}"
201002_2,2,0.0,TERRACLIMATE,WA003,2010,"{""type"":""Point"",""coordinates"":[-1.5200000000000002,12.360000000000001]}"
201002_3,2,0.0,TERRACLIMATE,WA004,2010,"{""type"":""Point"",""coordinates"":[2.17,13.51]}"
201002_4,2,0.2254396229982376,TERRACLIMATE,WA005,2010,"{""type"":""Point"",""coordinates"":[7.33,9.07]}"
201002_5,2,2.6831276416778564,TERRACLIMATE,WA006,2010,"{""type"":""Point"",""coordinates"":[-0.17,5.56]}"
201002_6,2,3.87061619758606,TERRACLIMATE,WA007,2010,"{""type"":""Point"",""coordinates"":[-3.9299999999999997,5.349999999999999]}"
201002_7,2,0.0,TERRACLIMATE,WA008,2010,"{""type"":""Point"",""coordinates"":[-13.67,9.53]}"
201002_8,2,0.2298509925603866,TERRACLIMATE,WA009,2010,"{""type"":""Point"",""coordinates"":[-13.230000000000002,8.489999999999998]}"
201002_9,2,4.359328746795654,TERRACLIMATE,WA010,2010,"{""type"":""Point"",""coordinates"":[-10.799999999999999,6.3]}"
201002_10,2,1.9732534885406487,TERRACLIMATE,WA011,2010,"{""type"":""Point"",""coordinates"":[1.22,6.130000000000001]}"
201002_11,2,1.0446405410766602,TERRACLIMATE,WA012,2010,"{""type"":""Point"",""coordinates"":[2.42,6.37]}"
201002_12,2,0.0,TERRACLIMATE,WA013,2010,"{""type"":""Point"",""coordinates"":[8.52,12.05]}"
201002_13,2,2.9151406288146973,TERRACLIMATE,WA014,2010,"{""type"":""Point"",""coordinates"":[-1.62,6.69]}"
201002_14,2,0.0,TERRACLIMATE,WA015,2010,"{""type"":""Point"",""coordinates"":[-16.680000000000003,13.45]}"
,2,0.0,TERRACLIMATE,WA016,2010,
201003_0,3,0.0,TERRACLIMATE,WA001,2010,"{""type"":""Point"",""coordinates"":[-17.470000000000002,14.73]}"
201003_1,3,0.0564404353499412,TERRACLIMATE,WA002,2010,"{""type"":""Point"",""coordinates"":[-7.949999999999998,12.65]}"
201003_2,3,0.0,TERRACLIMATE,WA003,2010,"{""type"":""Point"",""coordinates"":[-1.5200000000000002,12.360000000000001]}"
201003_3,3,0.0,TERRACLIMATE,WA004,2010,"{""type"":""Point"",""coordinates"":[2.17,13.51]}"
201003_4,3,0.0,TERRACLIMATE,WA005,2010,"{""type"":""Point"",""coordinates"":[7.33,9.07]}"
201003_5,3,1.774238348007202,TERRACLIMATE,WA006,2010,"{""type"":""Point"",""coordinates"":[-0.17,5.56]}"
201003_6,3,3.217780828475952,TERRACLIMATE,WA007,2010,"{""type"":""Point"",""coordinates"":[-3.9299999999999997,5.349999999999999]}"
201003_7,3,0.0,TERRACLIMATE,WA008,2010,"{""type"":""Point"",""coordinates"":[-13.67,9.53]}"
201003_8,3,0.1189008727669715,TERRACLIMATE,WA009,2010,"{""type"":""Point"",""coordinates"":[-13.230000000000002,8.489999999999998]}"
201003_9,3,3.8710665702819824,TERRACLIMATE,WA010,2010,"{""type"":""Point"",""coordinates"":[-10.799999999999999,6.3]}"
201003_10,3,2.9314961433410645,TERRACLIMATE,WA011,2010,"{""type"":""Point"",""coordinates"":[1.22,6.130000000000001]}"
201003_11,3,3.70161509513855,TERRACLIMATE,WA012,2010,"{""type"":""Point"",""coordinates"":[2.42,6.37]}"
201003_12,3,0.0,TERRACLIMATE,WA013,2010,"{""type"":""Point"",""coordinates"":[8.52,12.05]}"
201003_13,3,2.310478687286377,TERRACLIMATE,WA014,2010,"{""type"":""Point"",""coordinates"":[-1.62,6.69]}"
201003_14,3,0.0,TERRACLIMATE,WA015,2010,"{""type"":""Point"",""coordinates"":[-16.680000000000003,13.45]}"
,3,0.0,TERRACLIMATE,WA016,2010,
201004_0,4,0.0,TERRACLIMATE,WA001,2010,"{""type"":""Point"",""coordinates"":[-17.470000000000002,14.73]}"
201004_1,4,1.079106688499451,TERRACLIMATE,WA002,2010,"{""type"":""Point"",""coordinates"":[-7.949999999999998,12.65]}"
201004_2,4,1.01664400100708,TERRACLIMATE,WA003,2010,"{""type"":""Point"",""coordinates"":[-1.5200000000000002,12.360000000000001]}"
201004_3,4,0.1166522651910781,TERRACLIMATE,WA004,2010,"{""type"":""Point"",""coordinates"":[2.17,13.51]}"
201004_4,4,2.487575054168701,TERRACLIMATE,WA005,2010,"{""type"":""Point"",""coordinates"":[7.33,9.07]}"
201004_5,4,1.8396031856536863,TERRACLIMATE,WA006,2010,"{""type"":""Point"",""coordinates"":[-0.17,5.56]}"
201004_6,4,5.916699409484863,TERRACLIMATE,WA007,2010,"{""type"":""Point"",""coordinates"":[-3.9299999999999997,5.349999999999999]}"
201004_7,4,2.793458938598633,TERRACLIMATE,WA008,2010,"{""type"":""Point"",""coordinates"":[-13.67,9.53]}"
201004_8,4,4.194248199462891,TERRACLIMATE,WA009,2010,"{""type"":""Point"",""coordinates"":[-13.230000000000002,8.489999999999998]}"
201004_9,4,4.892512798309326,TERRACLIMATE,WA010,2010,"{""type"":""Point"",""coordinates"":[-10.799999999999999,6.3]}"
201004_10,4,2.189603090286255,TERRACLIMATE,WA011,2010,"{""type"":""Point"",""coordinates"":[1.22,6.130000000000001]}"
201004_11,4,2.1833291053771973,TERRACLIMATE,WA012,2010,"{""type"":""Point"",""coordinates"":[2.42,6.37]}"
201004_12,4,0.8249445557594299,TERRACLIMATE,WA013,2010,"{""type"":""Point"",""coordinates"":[8.52,12.05]}"
201004_13,4,3.854138374328613,TERRACLIMATE,WA014,2010,"{""type"":""Point"",""coordinates"":[-1.62,6.69]}"
201004_14,4,0.0,TERRACLIMATE,WA015,2010,"{""type"":""Point"",""coordinates"":[-16.680000000000003,13.45]}"
,4,0.0,TERRACLIMATE,WA016,2010,
201005_0,5,0.0,TERRACLIMATE,WA001,2010,"{""type"":""Point"",""coordinates"":[-17.470000000000002,14.73]}"
201005_1,5,3.199491024017334,TERRACLIMATE,WA002,2010,"{""type"":""Point"",""coordinates"":[-7.949999999999998,12.65]}"
201005_2,5,1.0282130241394043,TERRACLIMATE,WA003,2010,"{""type"":""Point"",""coordinates"":[-1.5200000000000002,12.360000000000001]}"
201005_3,5,0.532213568687439,TERRACLIMATE,WA004,2010,"{""type"":""Point"",""coordinates"":[2.17,13.51]}"
201005_4,5,4.947583198547363,TERRACLIMATE,WA005,2010,"{""type"":""Point"",""coordinates"":[7.33,9.07]}"
201005_5,5,4.389104843139648,TERRACLIMATE,WA006,2010,"{""type"":""Point"",""coordinates"":[-0.17,5.56]}"
201005_6,5,11.072453498840332,TERRACLIMATE,WA007,2010,"{""type"":""Point"",""coordinates"":[-3.9299999999999997,5.349999999999999]}"
201005_7,5,5.338339805603027,TERRACLIMATE,WA008,2010,"{""type"":""Point"",""coordinates"":[-13.67,9.53]}"
201005_8,5,8.167716026306152,TERRACLIMATE,WA009,2010,"{""type"":""Point"",""coordinates"":[-13.230000000000002,8.489999999999998]}"
201005_9,5,8.0149507522583,TERRACLIMATE,WA010,2010,"{""type"":""Point"",""coordinates"":[-10.799999999999999,6.3]}"
201005_10,5,4.659262657165527,TERRACLIMATE,WA011,2010,"{""type"":""Point"",""coordinates"":[1.22,6.130000000000001]}"
201005_11,5,5.693560600280762,TERRACLIMATE,WA012,2010,"{""type"":""Point"",""coordinates"":[2.42,6.37]}"
201005_12,5,1.1692858934402466,TERRACLIMATE,WA013,2010,"{""type"":""Point"",""coordinates"":[8.52,12.05]}"
201005_13,5,4.419312000274658,TERRACLIMATE,WA014,2010,"{""type"":""Point"",""coordinates"":[-1.62,6.69]}"
201005_14,5,0.0060358312912285,TERRACLIMATE,WA015,2010,"{""type"":""Point"",""coordinates"":[-16.680000000000003,13.45]}"
,5,0.0,TERRACLIMATE,WA016,2010,
201006_0,6,0.6769555807113647,TERRACLIMATE,WA001,2010,"{""type"":""Point"",""coordinates"":[-17.470000000000002,14.73]}"
201006_1,6,5.0582380294799805,TERRACLIMATE,WA002,2010,"{""type"":""Point"",""coordinates"":[-7.949999999999998,12.65]}"
201006_2,6,3.904161930084229,TERRACLIMATE,WA003,2010,"{""type"":""Point"",""coordinates"":[-1.5200000000000002,12.360000000000001]}"
201006_3,6,3.239486694335937,TERRACLIMATE,WA004,2010,"{""type"":""Point"",""coordinates"":[2.17,13.51]}"
201006_4,6,3.9146568775177,TERRACLIMATE,WA005,2010,"{""type"":""Point"",""coordinates"":[7.33,9.07]}"
201006_5,6,8.641698837280273,TERRACLIMATE,WA006,2010,"{""type"":""Point"",""coordinates"":[-0.17,5.56]}"
201006_6,6,12.233132362365724,TERRACLIMATE,WA007,2010,"{""type"":""Point"",""coordinates"":[-3.9299999999999997,5.349999999999999]}"
201006_7,6,16.216609954833984,TERRACLIMATE,WA008,2010,"{""type"":""Point"",""coordinates"":[-13.67,9.53]}"
201006_8,6,11.69790744781494,TERRACLIMATE,WA009,2010,"{""type"":""Point"",""coordinates"":[-13.230000000000002,8.489999999999998]}"
201006_9,6,17.359033584594727,TERRACLIMATE,WA010,2010,"{""type"":""Point"",""coordinates"":[-10.799999999999999,6.3]}"
201006_10,6,8.149921417236328,TERRACLIMATE,WA011,2010,"{""type"":""Point"",""coordinates"":[1.22,6.130000000000001]}"
201006_11,6,11.600008964538574,TERRACLIMATE,WA012,2010,"{""type"":""Point"",""coordinates"":[2.42,6.37]}"
201006_12,6,6.166499137878418,TERRACLIMATE,WA013,2010,"{""type"":""Point"",""coordinates"":[8.52,12.05]}"
201006_13,6,7.620862483978271,TERRACLIMATE,WA014,2010,"{""type"":""Point"",""coordinates"":[-1.62,6.69]}"
201006_14,6,2.0082688331604004,TERRACLIMATE,WA015,2010,"{""type"":""Point"",""coordinates"":[-16.680000000000003,13.45]}"
,6,0.38535702,TERRACLIMATE,WA016,2010,
201007_0,7,2.2275500297546387,TERRACLIMATE,WA001,2010,"{""type"":""Point"",""coordinates"":[-17.470000000000002,14.73]}"
201007_1,7,6.709614276885986,TERRACLIMATE,WA002,2010,"{""type"":""Point"",""coordinates"":[-7.949999999999998,12.65]}"
201007_2,7,6.415304183959961,TERRACLIMATE,WA003,2010,"{""type"":""Point"",""coordinates"":[-1.5200000000000002,12.360000000000001]}"
201007_3,7,4.703524112701416,TERRACLIMATE,WA004,2010,"{""type"":""Point"",""coordinates"":[2.17,13.51]}"
201007_4,7,9.068634033203123,TERRACLIMATE,WA005,2010,"{""type"":""Point"",""coordinates"":[7.33,9.07]}"
201007_5,7,2.828697919845581,TERRACLIMATE,WA006,2010,"{""type"":""Point"",""coordinates"":[-0.17,5.56]}"
201007_6,7,4.802398204803467,TERRACLIMATE,WA007,2010,"{""type"":""Point"",""coordinates"":[-3.9299999999999997,5.349999999999999]}"
201007_7,7,39.205848693847656,TERRACLIMATE,WA008,2010,"{""type"":""Point"",""coordinates"":[-13.67,9.53]}"
201007_8,7,23.74249839782715,TERRACLIMATE,WA009,2010,"{""type"":""Point"",""coordinates"":[-13.230000000000002,8.489999999999998]}"
201007_9,7,19.702411651611328,TERRACLIMATE,WA010,2010,"{""type"":""Point"",""coordinates"":[-10.799999999999999,6.3]}"
201007_10,7,3.592748641967773,TERRACLIMATE,WA011,2010,"{""type"":""Point"",""coordinates"":[1.22,6.130000000000001]}"
201007_11,7,6.104827880859375,TERRACLIMATE,WA012,2010,"{""type"":""Point"",""coordinates"":[2.42,6.37]}"
201007_12,7,5.945420265197754,TERRACLIMATE,WA013,2010,"{""type"":""Point"",""coordinates"":[8.52,12.05]}"
201007_13,7,3.052408456802368,TERRACLIMATE,WA014,2010,"{""type"":""Point"",""coordinates"":[-1.62,6.69]}"
201007_14,7,6.925189018249512,TERRACLIMATE,WA015,2010,"{""type"":""Point"",""coordinates"":[-16.680000000000003,13.45]}"
,7,0.6067791,TERRACLIMATE,WA016,2010,
201008_0,8,5.138871192932129,TERRACLIMATE,WA001,2010,"{""type"":""Point"",""coordinates"":[-17.470000000000002,14.73]}"
201008_1,8,9.245981216430664,TERRACLIMATE,WA002,2010,"{""type"":""Point"",""coordinates"":[-7.949999999999998,12.65]}"
201008_2,8,8.016057014465332,TERRACLIMATE,WA003,2010,"{""type"":""Point"",""coordinates"":[-1.5200000000000002,12.360000000000001]}"
201008_3,8,4.711620807647705,TERRACLIMATE,WA004,2010,"{""type"":""Point"",""coordinates"":[2.17,13.51]}"
201008_4,8,9.141375541687012,TERRACLIMATE,WA005,2010,"{""type"":""Point"",""coordinates"":[7.33,9.07]}"
201008_5,8,1.2520674467086792,TERRACLIMATE,WA006,2010,"{""type"":""Point"",""coordinates"":[-0.17,5.56]}"
201008_6,8,2.8992629051208496,TERRACLIMATE,WA007,2010,"{""type"":""Point"",""coordinates"":[-3.9299999999999997,5.349999999999999]}"
201008_7,8,37.70180892944336,TERRACLIMATE,WA008,2010,"{""type"":""Point"",""coordinates"":[-13.67,9.53]}"
201008_8,8,22.08089828491211,TERRACLIMATE,WA009,2010,"{""type"":""Point"",""coordinates"":[-13.230000000000002,8.489999999999998]}"
201008_9,8,22.44533920288086,TERRACLIMATE,WA010,2010,"{""type"":""Point"",""coordinates"":[-10.799999999999999,6.3]}"
201008_10,8,1.4476248025894165,TERRACLIMATE,WA011,2010,"{""type"":""Point"",""coordinates"":[1.22,6.130000000000001]}"
201008_11,8,2.2177441120147705,TERRACLIMATE,WA012,2010,"{""type"":""Point"",""coordinates"":[2.42,6.37]}"
201008_12,8,9.56434154510498,TERRACLIMATE,WA013,2010,"{""type"":""Point"",""coordinates"":[8.52,12.05]}"
201008_13,8,3.1955459117889404,TERRACLIMATE,WA014,2010,"{""type"":""Point"",""coordinates"":[-1.62,6.69]}"
201008_14,8,10.07023811340332,TERRACLIMATE,WA015,2010,"{""type"":""Point"",""coordinates"":[-16.680000000000003,13.45]}"
,8,2.328494,TERRACLIMATE,WA016,2010,
201009_0,9,10.708086967468262,TERRACLIMATE,WA001,2010,"{""type"":""Point"",""coordinates"":[-17.470000000000002,14.73]}"
201009_1,9,8.908376693725586,TERRACLIMATE,WA002,2010,"{""type"":""Point"",""coordinates"":[-7.949999999999998,12.65]}"
201009_2,9,4.75206995010376,TERRACLIMATE,WA003,2010,"{""type"":""Point"",""coordinates"":[-1.5200000000000002,12.360000000000001]}"
201009_3,9,2.11035418510437,TERRACLIMATE,WA004,2010,"{""type"":""Point"",""coordinates"":[2.17,13.51]}"
201009_4,9,7.848032474517822,TERRACLIMATE,WA005,2010,"{""type"":""Point"",""coordinates"":[7.33,9.07]}"
201009_5,9,3.541769504547119,TERRACLIMATE,WA006,2010,"{""type"":""Point"",""coordinates"":[-0.17,5.56]}"
201009_6,9,8.204294204711914,TERRACLIMATE,WA007,2010,"{""type"":""Point"",""coordinates"":[-3.9299999999999997,5.349999999999999]}"
201009_7,9,25.9648494720459,TERRACLIMATE,WA008,2010,"{""type"":""Point"",""coordinates"":[-13.67,9.53]}"
201009_8,9,18.842334747314453,TERRACLIMATE,WA009,2010,"{""type"":""Point"",""coordinates"":[-13.230000000000002,8.489999999999998]}"
201009_9,9,19.058822631835938,TERRACLIMATE,WA010,2010,"{""type"":""Point"",""coordinates"":[-10.799999999999999,6.3]}"
201009_10,9,6.141856670379639,TERRACLIMATE,WA011,2010,"{""type"":""Point"",""coordinates"":[1.22,6.130000000000001]}"
201009_11,9,8.258344650268555,TERRACLIMATE,WA012,2010,"{""type"":""Point"",""coordinates"":[2.42,6.37]}"
201009_12,9,6.197750568389893,TERRACLIMATE,WA013,2010,"{""type"":""Point"",""coordinates"":[8.52,12.05]}"
201009_13,9,7.527079105377197,TERRACLIMATE,WA014,2010,"{""type"":""Point"",""coordinates"":[-1.62,6.69]}"
201009_14,9,18.076868057250977,TERRACLIMATE,WA015,2010,"{""type"":""Point"",""coordinates"":[-16.680000000000003,13.45]}"
,9,2.4748569,TERRACLIMATE,WA016,2010,
201010_0,10,1.3588542938232422,TERRACLIMATE,WA001,2010,"{""type"":""Point"",""coordinates"":[-17.470000000000002,14.73]}"
201010_1,10,2.338679075241089,TERRACLIMATE,WA002,2010,"{""type"":""Point"",""coordinates"":[-7.949999999999998,12.65]}"
201010_2,10,1.991960287094116,TERRACLIMATE,WA003,2010,"{""type"":""Point"",""coordinates"":[-1.5200000000000002,12.360000000000001]}"
201010_3,10,0.510023832321167,TERRACLIMATE,WA004,2010,"{""type"":""Point"",""coordinates"":[2.17,13.51]}"
201010_4,10,5.667373180389404,TERRACLIMATE,WA005,2010,"{""type"":""Point"",""coordinates"":[7.33,9.07]}"
201010_5,10,4.54045295715332,TERRACLIMATE,WA006,2010,"{""type"":""Point"",""coordinates"":[-0.17,5.56]}"
201010_6,10,8.540338516235352,TERRACLIMATE,WA007,2010,"{""type"":""Point"",""coordinates"":[-3.9299999999999997,5.349999999999999]}"
201010_7,10,7.872751712799072,TERRACLIMATE,WA008,2010,"{""type"":""Point"",""coordinates"":[-13.67,9.53]}"
201010_8,10,9.48563289642334,TERRACLIMATE,WA009,2010,"{""type"":""Point"",""coordinates"":[-13.230000000000002,8.489999999999998]}"
201010_9,10,30.50285148620605,TERRACLIMATE,WA010,2010,"{""type"":""Point"",""coordinates"":[-10.799999999999999,6.3]}"
201010_10,10,5.586708545684815,TERRACLIMATE,WA011,2010,"{""type"":""Point"",""coordinates"":[1.22,6.130000000000001]}"
201010_11,10,5.983883380889893,TERRACLIMATE,WA012,2010,"{""type"":""Point"",""coordinates"":[2.42,6.37]}"
201010_12,10,0.9999601244926452,TERRACLIMATE,WA013,2010,"{""type"":""Point"",""coordinates"":[8.52,12.05]}"
201010_13,10,8.5424222946167,TERRACLIMATE,WA014,2010,"{""type"":""Point"",""coordinates"":[-1.62,6.69]}"
201010_14,10,1.5846110582351685,TERRACLIMATE,WA015,2010,"{""type"":""Point"",""coordinates"":[-16.680000000000003,13.45]}"
,10,0.89716184,TERRACLIMATE,WA016,2010,
201011_0,11,0.0083174379542469,TERRACLIMATE,WA001,2010,"{""type"":""Point"",""coordinates"":[-17.470000000000002,14.73]}"
201011_1,11,0.0250072050839662,TERRACLIMATE,WA002,2010,"{""type"":""Point"",""coordinates"":[-7.949999999999998,12.65]}"
201011_2,11,0.0,TERRACLIMATE,WA003,2010,"{""type"":""Point"",""coordinates"":[-1.5200000000000002,12.360000000000001]}"
201011_3,11,0.0,TERRACLIMATE,WA004,2010,"{""type"":""Point"",""coordinates"":[2.17,13.51]}"
201011_4,11,1.2604258060455322,TERRACLIMATE,WA005,2010,"{""type"":""Point"",""coordinates"":[7.33,9.07]}"
201011_5,11,4.54382848739624,TERRACLIMATE,WA006,2010,"{""type"":""Point"",""coordinates"":[-0.17,5.56]}"
201011_6,11,5.691668510437012,TERRACLIMATE,WA007,2010,"{""type"":""Point"",""coordinates"":[-3.9299999999999997,5.349999999999999]}"
201011_7,11,1.876950025558472,TERRACLIMATE,WA008,2010,"{""type"":""Point"",""coordinates"":[-13.67,9.53]}"
201011_8,11,4.281074047088623,TERRACLIMATE,WA009,2010,"{""type"":""Point"",""coordinates"":[-13.230000000000002,8.489999999999998]}"
201011_9,11,4.415361881256104,TERRACLIMATE,WA010,2010,"{""type"":""Point"",""coordinates"":[-10.799999999999999,6.3]}"
201011_10,11,5.1458353996276855,TERRACLIMATE,WA011,2010,"{""type"":""Point"",""coordinates"":[1.22,6.130000000000001]}"
201011_11,11,4.274989128112793,TERRACLIMATE,WA012,2010,"{""type"":""Point"",""coordinates"":[2.42,6.37]}"
201011_12,11,0.0,TERRACLIMATE,WA013,2010,"{""type"":""Point"",""coordinates"":[8.52,12.05]}"
201011_13,11,3.7145724296569824,TERRACLIMATE,WA014,2010,"{""type"":""Point"",""coordinates"":[-1.62,6.69]}"
201011_14,11,0.1812247931957245,TERRACLIMATE,WA015,2010,"{""type"":""Point"",""coordinates"":[-16.680000000000003,13.45]}"
,11,0.0,TERRACLIMATE,WA016,2010,
201012_0,12,0.0,TERRACLIMATE,WA001,2010,"{""type"":""Point"",""coordinates"":[-17.470000000000002,14.73]}"
201012_1,12,0.0,TERRACLIMATE,WA002,2010,"{""type"":""Point"",""coordinates"":[-7.949999999999998,12.65]}"
201012_2,12,0.0,TERRACLIMATE,WA003,2010,"{""type"":""Point"",""coordinates"":[-1.5200000000000002,12.360000000000001]}"
201012_3,12,0.0,TERRACLIMATE,WA004,2010,"{""type"":""Point"",""coordinates"":[2.17,13.51]}"
201012_4,12,0.0,TERRACLIMATE,WA005,2010,"{""type"":""Point"",""coordinates"":[7.33,9.07]}"
201012_5,12,1.6976139545440674,TERRACLIMATE,WA006,2010,"{""type"":""Point"",""coordinates"":[-0.17,5.56]}"
201012_6,12,2.592726469039917,TERRACLIMATE,WA007,2010,"{""type"":""Point"",""coordinates"":[-3.9299999999999997,5.349999999999999]}"
201012_7,12,0.0241850260645151,TERRACLIMATE,WA008,2010,"{""type"":""Point"",""coordinates"":[-13.67,9.53]}"
201012_8,12,1.2055256366729736,TERRACLIMATE,WA009,2010,"{""type"":""Point"",""coordinates"":[-13.230000000000002,8.489999999999998]}"
201012_9,12,3.201013565063477,TERRACLIMATE,WA010,2010,"{""type"":""Point"",""coordinates"":[-10.799999999999999,6.3]}"
201012_10,12,0.5886982679367065,TERRACLIMATE,WA011,2010,"{""type"":""Point"",""coordinates"":[1.22,6.130000000000001]}"
201012_11,12,0.6129032373428345,TERRACLIMATE,WA012,2010,"{""type"":""Point"",""coordinates"":[2.42,6.37]}"
201012_12,12,0.0,TERRACLIMATE,WA013,2010,"{""type"":""Point"",""coordinates"":[8.52,12.05]}"
201012_13,12,1.254028558731079,TERRACLIMATE,WA014,2010,"{""type"":""Point"",""coordinates"":[-1.62,6.69]}"
201012_14,12,0.0,TERRACLIMATE,WA015,2010,"{""type"":""Point"",""coordinates"":[-16.680000000000003,13.45]}"
,12,0.0,TERRACLIMATE,WA016,2010,
201101_0,1,0.0,TERRACLIMATE,WA001,2011,"{""type"":""Point"",""coordinates"":[-17.470000000000002,14.73]}"
201101_1,1,0.0,TERRACLIMATE,WA002,2011,"{""type"":""Point"",""coordinates"":[-7.949999999999998,12.65]}"
201101_2,1,0.0,TERRACLIMATE,WA003,2011,"{""type"":""Point"",""coordinates"":[-1.5200000000000002,12.360000000000001]}"
201101_3,1,0.0,TERRACLIMATE,WA004,2011,"{""type"":""Point"",""coordinates"":[2.17,13.51]}"
201101_4,1,0.0,TERRACLIMATE,WA005,2011,"{""type"":""Point"",""coordinates"":[7.33,9.07]}"
201101_5,1,0.2661393284797668,TERRACLIMATE,WA006,2011,"{""type"":""Point"",""coordinates"":[-0.17,5.56]}"
201101_6,1,1.0403205156326294,TERRACLIMATE,WA007,2011,"{""type"":""Point"",""coordinates"":[-3.9299999999999997,5.349999999999999]}"
201101_7,1,0.0,TERRACLIMATE,WA008,2011,"{""type"":""Point"",""coordinates"":[-13.67,9.53]}"
201101_8,1,0.249969333410263,TERRACLIMATE,WA009,2011,"{""type"":""Point"",""coordinates"":[-13.230000000000002,8.489999999999998]}"
201101_9,1,1.0099555253982544,TERRACLIMATE,WA010,2011,"{""type"":""Point"",""coordinates"":[-10.799999999999999,6.3]}"
201101_10,1,0.0806431695818901,TERRACLIMATE,WA011,2011,"{""type"":""Point"",""coordinates"":[1.22,6.130000000000001]}"
201101_11,1,0.0322580635547637,TERRACLIMATE,WA012,2011,"{""type"":""Point"",""coordinates"":[2.42,6.37]}"
201101_12,1,0.0,TERRACLIMATE,WA013,2011,"{""type"":""Point"",""coordinates"":[8.52,12.05]}"
201101_13,1,0.9758313894271852,TERRACLIMATE,WA014,2011,"{""type"":""Point"",""coordinates"":[-1.62,6.69]}"
201101_14,1,0.0,TERRACLIMATE,WA015,2011,"{""type"":""Point"",""coordinates"":[-16.680000000000003,13.45]}"
,1,0.0,TERRACLIMATE,WA016,2011,
201102_0,2,0.0,TERRACLIMATE,WA001,2011,"{""type"":""Point"",""coordinates"":[-17.470000000000002,14.73]}"
201102_1,2,0.0,TERRACLIMATE,WA002,2011,"{""type"":""Point"",""coordinates"":[-7.949999999999998,12.65]}"
201102_2,2,0.2767646312713623,TERRACLIMATE,WA003,2011,"{""type"":""Point"",""coordinates"":[-1.5200000000000002,12.360000000000001]}"
201102_3,2,0.0,TERRACLIMATE,WA004,2011,"{""type"":""Point"",""coordinates"":[2.17,13.51]}"
201102_4,2,0.2343737185001373,TERRACLIMATE,WA005,2011,"{""type"":""Point"",""coordinates"":[7.33,9.07]}"
201102_5,2,1.6384563446044922,TERRACLIMATE,WA006,2011,"{""type"":""Point"",""coordinates"":[-0.17,5.56]}"
201102_6,2,2.27014422416687,TERRACLIMATE,WA007,2011,"{""type"":""Point"",""coordinates"":[-3.9299999999999997,5.349999999999999]}"
201102_7,2,0.0,TERRACLIMATE,WA008,2011,"{""type"":""Point"",""coordinates"":[-13.67,9.53]}"
201102_8,2,0.2231639325618744,TERRACLIMATE,WA009,2011,"{""type"":""Point"",""coordinates"":[-13.230000000000002,8.489999999999998]}"
201102_9,2,1.9889779090881348,TERRACLIMATE,WA010,2011,"{""type"":""Point"",""coordinates"":[-10.799999999999999,6.3]}"
201102_10,2,2.609443426132202,TERRACLIMATE,WA011,2011,"{""type"":""Point"",""coordinates"":[1.22,6.130000000000001]}"
201102_11,2,2.919645309448242,TERRACLIMATE,WA012,2011,"{""type"":""Point"",""coordinates"":[2.42,6.37]}"
201102_12,2,0.0,TERRACLIMATE,WA013,2011,"{""type"":""Point"",""coordinates"":[8.52,12.05]}"
201102_13,2,3.2276973724365234,TERRACLIMATE,WA014,2011,"{""type"":""Point"",""coordinates"":[-1.62,6.69]}"
201102_14,2,0.0,TERRACLIMATE,WA015,2011,"{""type"":""Point"",""coordinates"":[-16.680000000000003,13.45]}"
,2,0.0,TERRACLIMATE,WA016,2011,
201103_0,3,0.0,TERRACLIMATE,WA001,2011,"{""type"":""Point"",""coordinates"":[-17.470000000000002,14.73]}"
201103_1,3,0.1552499532699585,TERRACLIMATE,WA002,2011,"{""type"":""Point"",""coordinates"":[-7.949999999999998,12.65]}"
201103_2,3,0.0987879410386085,TERRACLIMATE,WA003,2011,"{""type"":""Point"",""coordinates"":[-1.5200000000000002,12.360000000000001]}"
201103_3,3,0.0302384477108716,TERRACLIMATE,WA004,2011,"{""type"":""Point"",""coordinates"":[2.17,13.51]}"
201103_4,3,0.0,TERRACLIMATE,WA005,2011,"{""type"":""Point"",""coordinates"":[7.33,9.07]}"
201103_5,3,0.5423500537872314,TERRACLIMATE,WA006,2011,"{""type"":""Point"",""coordinates"":[-0.17,5.56]}"
201103_6,3,2.4919865131378174,TERRACLIMATE,WA007,2011,"{""type"":""Point"",""coordinates"":[-3.9299999999999997,5.349999999999999]}"
201103_7,3,0.0,TERRACLIMATE,WA008,2011,"{""type"":""Point"",""coordinates"":[-13.67,9.53]}"
201103_8,3,0.439434677362442,TERRACLIMATE,WA009,2011,"{""type"":""Point"",""coordinates"":[-13.230000000000002,8.489999999999998]}"
201103_9,3,4.821423530578613,TERRACLIMATE,WA010,2011,"{""type"":""Point"",""coordinates"":[-10.799999999999999,6.3]}"
201103_10,3,0.524203360080719,TERRACLIMATE,WA011,2011,"{""type"":""Point"",""coordinates"":[1.22,6.130000000000001]}"
201103_11,3,0.5080665946006775,TERRACLIMATE,WA012,2011,"{""type"":""Point"",""coordinates"":[2.42,6.37]}"
201103_12,3,0.0,TERRACLIMATE,WA013,2011,"{""type"":""Point"",""coordinates"":[8.52,12.05]}"
201103_13,3,2.2541379928588867,TERRACLIMATE,WA014,2011,"{""type"":""Point"",""coordinates"":[-1.62,6.69]}"
201103_14,3,0.0,TERRACLIMATE,WA015,2011,"{""type"":""Point"",""coordinates"":[-16.680000000000003,13.45]}"
,3,0.0,TERRACLIMATE,WA016,2011,
201104_0,4,0.0,TERRACLIMATE,WA001,2011,"{""type"":""Point"",""coordinates"":[-17.470000000000002,14.73]}"
201104_1,4,0.608298659324646,TERRACLIMATE,WA002,2011,"{""type"":""Point"",""coordinates"":[-7.949999999999998,12.65]}"
201104_2,4,0.5499773621559143,TERRACLIMATE,WA003,2011,"{""type"":""Point"",""coordinates"":[-1.5200000000000002,12.360000000000001]}"
201104_3,4,0.0333333350718021,TERRACLIMATE,WA004,2011,"{""type"":""Point"",""coordinates"":[2.17,13.51]}"
201104_4,4,1.0749900341033936,TERRACLIMATE,WA005,2011,"{""type"":""Point"",""coordinates"":[7.33,9.07]}"
201104_5,4,2.670882225036621,TERRACLIMATE,WA006,2011,"{""type"":""Point"",""coordinates"":[-0.17,5.56]}"
201104_6,4,1.975010633468628,TERRACLIMATE,WA007,2011,"{""type"":""Point"",""coordinates"":[-3.9299999999999997,5.349999999999999]}"
201104_7,4,0.0,TERRACLIMATE,WA008,2011,"{""type"":""Point"",""coordinates"":[-13.67,9.53]}"
201104_8,4,1.3852077722549438,TERRACLIMATE,WA009,2011,"{""type"":""Point"",""coordinates"":[-13.230000000000002,8.489999999999998]}"
201104_9,4,4.6282734870910645,TERRACLIMATE,WA010,2011,"{""type"":""Point"",""coordinates"":[-10.799999999999999,6.3]}"
201104_10,4,3.166685104370117,TERRACLIMATE,WA011,2011,"{""type"":""Point"",""coordinates"":[1.22,6.130000000000001]}"
201104_11,4,3.116653680801392,TERRACLIMATE,WA012,2011,"{""type"":""Point"",""coordinates"":[2.42,6.37]}"
201104_12,4,0.0,TERRACLIMATE,WA013,2011,"{""type"":""Point"",""coordinates"":[8.52,12.05]}"
201104_13,4,3.0354323387146,TERRACLIMATE,WA014,2011,"{""type"":""Point"",""coordinates"":[-1.62,6.69]}"
201104_14,4,0.0,TERRACLIMATE,WA015,2011,"{""type"":""Point"",""coordinates"":[-16.680000000000003,13.45]}"
,4,0.0,TERRACLIMATE,WA016,2011,
201105_0,5,0.0,TERRACLIMATE,WA001,2011,"{""type"":""Point"",""coordinates"":[-17.470000000000002,14.73]}"
201105_1,5,1.868905782699585,TERRACLIMATE,WA002,2011,"{""type"":""Point"",""coordinates"":[-7.949999999999998,12.65]}"
201105_2,5,1.3245505094528198,TERRACLIMATE,WA003,2011,"{""type"":""Point"",""coordinates"":[-1.5200000000000002,12.360000000000001]}"
201105_3,5,0.2499777525663375,TERRACLIMATE,WA004,2011,"{""type"":""Point"",""coordinates"":[2.17,13.51]}"
201105_4,5,5.250003337860107,TERRACLIMATE,WA005,2011,"{""type"":""Point"",""coordinates"":[7.33,9.07]}"
201105_5,5,6.336707592010498,TERRACLIMATE,WA006,2011,"{""type"":""Point"",""coordinates"":[-0.17,5.56]}"
201105_6,5,4.935399532318115,TERRACLIMATE,WA007,2011,"{""type"":""Point"",""coordinates"":[-3.9299999999999997,5.349999999999999]}"
201105_7,5,3.088529348373413,TERRACLIMATE,WA008,2011,"{""type"":""Point"",""coordinates"":[-13.67,9.53]}"
201105_8,5,5.235479354858398,TERRACLIMATE,WA009,2011,"{""type"":""Point"",""coordinates"":[-13.230000000000002,8.489999999999998]}"
201105_9,5,7.23828125,TERRACLIMATE,WA010,2011,"{""type"":""Point"",""coordinates"":[-10.799999999999999,6.3]}"
201105_10,5,5.977787494659424,TERRACLIMATE,WA011,2011,"{""type"":""Point"",""coordinates"":[1.22,6.130000000000001]}"
201105_11,5,6.379043102264404,TERRACLIMATE,WA012,2011,"{""type"":""Point"",""coordinates"":[2.42,6.37]}"
201105_12,5,1.2983181476593018,TERRACLIMATE,WA013,2011,"{""type"":""Point"",""coordinates"":[8.52,12.05]}"
201105_13,5,3.9314231872558594,TERRACLIMATE,WA014,2011,"{""type"":""Point"",""coordinates"":[-1.62,6.69]}"
201105_14,5,0.0080526741221547,TERRACLIMATE,WA015,2011,"{""type"":""Point"",""coordinates"":[-16.680000000000003,13.45]}"
,5,0.0,TERRACLIMATE,WA016,2011,
201106_0,6,0.2978537380695343,TERRACLIMATE,WA001,2011,"{""type"":""Point"",""coordinates"":[-17.470000000000002,14.73]}"
201106_1,6,3.406205654144287,TERRACLIMATE,WA002,2011,"{""type"":""Point"",""coordinates"":[-7.949999999999998,12.65]}"
201106_2,6,3.864567518234253,TERRACLIMATE,WA003,2011,"{""type"":""Point"",""coordinates"":[-1.5200000000000002,12.360000000000001]}"
201106_3,6,1.0770390033721924,TERRACLIMATE,WA004,2011,"{""type"":""Point"",""coordinates"":[2.17,13.51]}"
201106_4,6,2.608383893966675,TERRACLIMATE,WA005,2011,"{""type"":""Point"",""coordinates"":[7.33,9.07]}"
201106_5,6,5.993782997131348,TERRACLIMATE,WA006,2011,"{""type"":""Point"",""coordinates"":[-0.17,5.56]}"
201106_6,6,10.86226749420166,TERRACLIMATE,WA007,2011,"{""type"":""Point"",""coordinates"":[-3.9299999999999997,5.349999999999999]}"
201106_7,6,11.185367584228516,TERRACLIMATE,WA008,2011,"{""type"":""Point"",""coordinates"":[-13.67,9.53]}"
201106_8,6,11.366578102111816,TERRACLIMATE,WA009,2011,"{""type"":""Point"",""coordinates"":[-13.230000000000002,8.489999999999998]}"
201106_9,6,15.7974853515625,TERRACLIMATE,WA010,2011,"{""type"":""Point"",""coordinates"":[-10.799999999999999,6.3]}"
201106_10,6,5.737458229064941,TERRACLIMATE,WA011,2011,"{""type"":""Point"",""coordinates"":[1.22,6.130000000000001]}"
201106_11,6,8.1083402633667,TERRACLIMATE,WA012,2011,"{""type"":""Point"",""coordinates"":[2.42,6.37]}"
201106_12,6,5.826915740966797,TERRACLIMATE,WA013,2011,"{""type"":""Point"",""coordinates"":[8.52,12.05]}"
201106_13,6,5.747964859008789,TERRACLIMATE,WA014,2011,"{""type"":""Point"",""coordinates"":[-1.62,6.69]}"
201106_14,6,1.66034996509552,TERRACLIMATE,WA015,2011,"{""type"":""Point"",""coordinates"":[-16.680000000000003,13.45]}"
,6,0.0,TERRACLIMATE,WA016,2011,
201107_0,7,1.274026870727539,TERRACLIMATE,WA001,2011,"{""type"":""Point"",""coordinates"":[-17.470000000000002,14.73]}"
201107_1,7,7.028306007385254,TERRACLIMATE,WA002,2011,"{""type"":""Point"",""coordinates"":[-7.949999999999998,12.65]}"
201107_2,7,6.076616287231445,TERRACLIMATE,WA003,2011,"{""type"":""Point"",""coordinates"":[-1.5200000000000002,12.360000000000001]}"
201107_3,7,2.84065318107605,TERRACLIMATE,WA004,2011,"{""type"":""Point"",""coordinates"":[2.17,13.51]}"
201107_4,7,6.810554504394531,TERRACLIMATE,WA005,2011,"{""type"":""Point"",""coordinates"":[7.33,9.07]}"
201107_5,7,3.487981081008911,TERRACLIMATE,WA006,2011,"{""type"":""Point"",""coordinates"":[-0.17,5.56]}"
201107_6,7,6.405196189880371,TERRACLIMATE,WA007,2011,"{""type"":""Point"",""coordinates"":[-3.9299999999999997,5.349999999999999]}"
201107_7,7,34.7274055480957,TERRACLIMATE,WA008,2011,"{""type"":""Point"",""coordinates"":[-13.67,9.53]}"
201107_8,7,25.771514892578125,TERRACLIMATE,WA009,2011,"{""type"":""Point"",""coordinates"":[-13.230000000000002,8.489999999999998]}"
201107_9,7,15.938145637512209,TERRACLIMATE,WA010,2011,"{""type"":""Point"",""coordinates"":[-10.799999999999999,6.3]}"
201107_10,7,3.576622009277344,TERRACLIMATE,WA011,2011,"{""type"":""Point"",""coordinates"":[1.22,6.130000000000001]}"
201107_11,7,4.887092590332031,TERRACLIMATE,WA012,2011,"{""type"":""Point"",""coordinates"":[2.42,6.37]}"
201107_12,7,4.693450450897217,TERRACLIMATE,WA013,2011,"{""type"":""Point"",""coordinates"":[8.52,12.05]}"
201107_13,7,5.403225898742676,TERRACLIMATE,WA014,2011,"{""type"":""Point"",""coordinates"":[-1.62,6.69]}"
201107_14,7,4.183342456817627,TERRACLIMATE,WA015,2011,"{""type"":""Point"",""coordinates"":[-16.680000000000003,13.45]}"
,7,0.6451011,TERRACLIMATE,WA016,2011,
201108_0,8,6.302073955535889,TERRACLIMATE,WA001,2011,"{""type"":""Point"",""coordinates"":[-17.470000000000002,14.73]}"
201108_1,8,6.863522529602051,TERRACLIMATE,WA002,2011,"{""type"":""Point"",""coordinates"":[-7.949999999999998,12.65]}"
201108_2,8,6.7902512550354,TERRACLIMATE,WA003,2011,"{""type"":""Point"",""coordinates"":[-1.5200000000000002,12.360000000000001]}"
201108_3,8,4.92936372756958,TERRACLIMATE,WA004,2011,"{""type"":""Point"",""coordinates"":[2.17,13.51]}"
201108_4,8,5.5767436027526855,TERRACLIMATE,WA005,2011,"{""type"":""Point"",""coordinates"":[7.33,9.07]}"
201108_5,8,0.7661591172218323,TERRACLIMATE,WA006,2011,"{""type"":""Point"",""coordinates"":[-0.17,5.56]}"
201108_6,8,1.3992228507995603,TERRACLIMATE,WA007,2011,"{""type"":""Point"",""coordinates"":[-3.9299999999999997,5.349999999999999]}"
201108_7,8,49.80849075317383,TERRACLIMATE,WA008,2011,"{""type"":""Point"",""coordinates"":[-13.67,9.53]}"
201108_8,8,28.48373985290528,TERRACLIMATE,WA009,2011,"{""type"":""Point"",""coordinates"":[-13.230000000000002,8.489999999999998]}"
201108_9,8,13.848594665527344,TERRACLIMATE,WA010,2011,"{""type"":""Point"",""coordinates"":[-10.799999999999999,6.3]}"
201108_10,8,0.8286564946174622,TERRACLIMATE,WA011,2011,"{""type"":""Point"",""coordinates"":[1.22,6.130000000000001]}"
201108_11,8,1.1612902879714966,TERRACLIMATE,WA012,2011,"{""type"":""Point"",""coordinates"":[2.42,6.37]}"
201108_12,8,9.31240177154541,TERRACLIMATE,WA013,2011,"{""type"":""Point"",""coordinates"":[8.52,12.05]}"
201108_13,8,1.8911194801330569,TERRACLIMATE,WA014,2011,"{""type"":""Point"",""coordinates"":[-1.62,6.69]}"
201108_14,8,12.91291046142578,TERRACLIMATE,WA015,2011,"{""type"":""Point"",""coordinates"":[-16.680000000000003,13.45]}"
,8,1.177297,TERRACLIMATE,WA016,2011,
201109_0,9,4.099877834320068,TERRACLIMATE,WA001,2011,"{""type"":""Point"",""coordinates"":[-17.470000000000002,14.73]}"
201109_1,9,3.5020394325256348,TERRACLIMATE,WA002,2011,"{""type"":""Point"",""coordinates"":[-7.949999999999998,12.65]}"
201109_2,9,3.9020612239837646,TERRACLIMATE,WA003,2011,"{""type"":""Point"",""coordinates"":[-1.5200000000000002,12.360000000000001]}"
201109_3,9,2.474973201751709,TERRACLIMATE,WA004,2011,"{""type"":""Point"",""coordinates"":[2.17,13.51]}"
201109_4,9,10.20457935333252,TERRACLIMATE,WA005,2011,"{""type"":""Point"",""coordinates"":[7.33,9.07]}"
201109_5,9,2.220908164978028,TERRACLIMATE,WA006,2011,"{""type"":""Point"",""coordinates"":[-0.17,5.56]}"
201109_6,9,3.0896430015563965,TERRACLIMATE,WA007,2011,"{""type"":""Point"",""coordinates"":[-3.9299999999999997,5.349999999999999]}"
201109_7,9,16.80393409729004,TERRACLIMATE,WA008,2011,"{""type"":""Point"",""coordinates"":[-13.67,9.53]}"
201109_8,9,17.016733169555664,TERRACLIMATE,WA009,2011,"{""type"":""Point"",""coordinates"":[-13.230000000000002,8.489999999999998]}"
201109_9,9,46.50778198242188,TERRACLIMATE,WA010,2011,"{""type"":""Point"",""coordinates"":[-10.799999999999999,6.3]}"
201109_10,9,2.4917359352111816,TERRACLIMATE,WA011,2011,"{""type"":""Point"",""coordinates"":[1.22,6.130000000000001]}"
201109_11,9,3.291677474975586,TERRACLIMATE,WA012,2011,"{""type"":""Point"",""coordinates"":[2.42,6.37]}"
201109_12,9,4.674846649169922,TERRACLIMATE,WA013,2011,"{""type"":""Point"",""coordinates"":[8.52,12.05]}"
201109_13,9,5.268774509429932,TERRACLIMATE,WA014,2011,"{""type"":""Point"",""coordinates"":[-1.62,6.69]}"
201109_14,9,7.3852763175964355,TERRACLIMATE,WA015,2011,"{""type"":""Point"",""coordinates"":[-16.680000000000003,13.45]}"
,9,0.52495235,TERRACLIMATE,WA016,2011,
201110_0,10,0.6410865187644958,TERRACLIMATE,WA001,2011,"{""type"":""Point"",""coordinates"":[-17.470000000000002,14.73]}"
201110_1,10,1.2096284627914429,TERRACLIMATE,WA002,2011,"{""type"":""Point"",""coordinates"":[-7.949999999999998,12.65]}"
201110_2,10,0.6632821559906006,TERRACLIMATE,WA003,2011,"{""type"":""Point"",""coordinates"":[-1.5200000000000002,12.360000000000001]}"
201110_3,10,0.445507675409317,TERRACLIMATE,WA004,2011,"{""type"":""Point"",""coordinates"":[2.17,13.51]}"
201110_4,10,3.092523097991944,TERRACLIMATE,WA005,2011,"{""type"":""Point"",""coordinates"":[7.33,9.07]}"
201110_5,10,6.943748474121094,TERRACLIMATE,WA006,2011,"{""type"":""Point"",""coordinates"":[-0.17,5.56]}"
201110_6,10,7.592766761779785,TERRACLIMATE,WA007,2011,"{""type"":""Point"",""coordinates"":[-3.9299999999999997,5.349999999999999]}"
201110_7,10,4.645316123962402,TERRACLIMATE,WA008,2011,"{""type"":""Point"",""coordinates"":[-13.67,9.53]}"
201110_8,10,8.082161903381348,TERRACLIMATE,WA009,2011,"{""type"":""Point"",""coordinates"":[-13.230000000000002,8.489999999999998]}"
201110_9,10,17.36427879333496,TERRACLIMATE,WA010,2011,"{""type"":""Point"",""coordinates"":[-10.799999999999999,6.3]}"
201110_10,10,8.633077621459961,TERRACLIMATE,WA011,2011,"{""type"":""Point"",""coordinates"":[1.22,6.130000000000001]}"
201110_11,10,9.298410415649414,TERRACLIMATE,WA012,2011,"{""type"":""Point"",""coordinates"":[2.42,6.37]}"
201110_12,10,0.7680991888046265,TERRACLIMATE,WA013,2011,"{""type"":""Point"",""coordinates"":[8.52,12.05]}"
201110_13,10,9.75206184387207,TERRACLIMATE,WA014,2011,"{""type"":""Point"",""coordinates"":[-1.62,6.69]}"
201110_14,10,2.4091227054595947,TERRACLIMATE,WA015,2011,"{""type"":""Point"",""coordinates"":[-16.680000000000003,13.45]}"
,10,0.032258064,TERRACLIMATE,WA016,2011,
201111_0,11,0.0,TERRACLIMATE,WA001,2011,"{""type"":""Point"",""coordinates"":[-17.470000000000002,14.73]}"
201111_1,11,0.1895707100629806,TERRACLIMATE,WA002,2011,"{""type"":""Point"",""coordinates"":[-7.949999999999998,12.65]}"
201111_2,11,0.0,TERRACLIMATE,WA003,2011,"{""type"":""Point"",""coordinates"":[-1.5200000000000002,12.360000000000001]}"
201111_3,11,0.0,TERRACLIMATE,WA004,2011,"{""type"":""Point"",""coordinates"":[2.17,13.51]}"
201111_4,11,0.2000032067298889,TERRACLIMATE,WA005,2011,"{""type"":""Point"",""coordinates"":[7.33,9.07]}"
201111_5,11,1.356269598007202,TERRACLIMATE,WA006,2011,"{""type"":""Point"",""coordinates"":[-0.17,5.56]}"
201111_6,11,4.291698455810547,TERRACLIMATE,WA007,2011,"{""type"":""Point"",""coordinates"":[-3.9299999999999997,5.349999999999999]}"
201111_7,11,0.0,TERRACLIMATE,WA008,2011,"{""type"":""Point"",""coordinates"":[-13.67,9.53]}"
201111_8,11,3.145388126373291,TERRACLIMATE,WA009,2011,"{""type"":""Point"",""coordinates"":[-13.230000000000002,8.489999999999998]}"
201111_9,11,3.515317678451538,TERRACLIMATE,WA010,2011,"{""type"":""Point"",""coordinates"":[-10.799999999999999,6.3]}"
201111_10,11,0.891661524772644,TERRACLIMATE,WA011,2011,"{""type"":""Point"",""coordinates"":[1.22,6.130000000000001]}"
201111_11,11,0.308331161737442,TERRACLIMATE,WA012,2011,"{""type"":""Point"",""coordinates"":[2.42,6.37]}"
201111_12,11,0.0,TERRACLIMATE,WA013,2011,"{""type"":""Point"",""coordinates"":[8.52,12.05]}"
201111_13,11,1.4854110479354858,TERRACLIMATE,WA014,2011,"{""type"":""Point"",""coordinates"":[-1.62,6.69]}"
201111_14,11,0.0,TERRACLIMATE,WA015,2011,"{""type"":""Point"",""coordinates"":[-16.680000000000003,13.45]}"
,11,0.0,TERRACLIMATE,WA016,2011,
201112_0,12,0.0,TERRACLIMATE,WA001,2011,"{""type"":""Point"",""coordinates"":[-17.470000000000002,14.73]}"
201112_1,12,0.0,TERRACLIMATE,WA002,2011,"{""type"":""Point"",""coordinates"":[-7.949999999999998,12.65]}"
201112_2,12,0.0,TERRACLIMATE,WA003,2011,"{""type"":""Point"",""coordinates"":[-1.5200000000000002,12.360000000000001]}"
201112_3,12,0.0,TERRACLIMATE,WA004,2011,"{""type"":""Point"",""coordinates"":[2.17,13.51]}"
201112_4,12,0.0,TERRACLIMATE,WA005,2011,"{""type"":""Point"",""coordinates"":[7.33,9.07]}"
201112_5,12,0.0725807547569274,TERRACLIMATE,WA006,2011,"{""type"":""Point"",""coordinates"":[-0.17,5.56]}"
201112_6,12,2.383068323135376,TERRACLIMATE,WA007,2011,"{""type"":""Point"",""coordinates"":[-3.9299999999999997,5.349999999999999]}"
201112_7,12,0.2882977426052093,TERRACLIMATE,WA008,2011,"{""type"":""Point"",""coordinates"":[-13.67,9.53]}"
201112_8,12,0.4314675331115722,TERRACLIMATE,WA009,2011,"{""type"":""Point"",""coordinates"":[-13.230000000000002,8.489999999999998]}"
201112_9,12,3.062167167663574,TERRACLIMATE,WA010,2011,"{""type"":""Point"",""coordinates"":[-10.799999999999999,6.3]}"
201112_10,12,0.024192551150918,TERRACLIMATE,WA011,2011,"{""type"":""Point"",""coordinates"":[1.22,6.130000000000001]}"
201112_11,12,0.0,TERRACLIMATE,WA012,2011,"{""type"":""Point"",""coordinates"":[2.42,6.37]}"
201112_12,12,0.0,TERRACLIMATE,WA013,2011,"{""type"":""Point"",""coordinates"":[8.52,12.05]}"
201112_13,12,0.1370982080698013,TERRACLIMATE,WA014,2011,"{""type"":""Point"",""coordinates"":[-1.62,6.69]}"
201112_14,12,0.0,TERRACLIMATE,WA015,2011,"{""type"":""Point"",""coordinates"":[-16.680000000000003,13.45]}"
,12,0.0,TERRACLIMATE,WA016,2011,
201201_0,1,0.0,TERRACLIMATE,WA001,2012,"{""type"":""Point"",""coordinates"":[-17.470000000000002,14.73]}"
201201_1,1,0.0,TERRACLIMATE,WA002,2012,"{""type"":""Point"",""coordinates"":[-7.949999999999998,12.65]}"
201201_2,1,0.0,TERRACLIMATE,WA003,2012,"{""type"":""Point"",""coordinates"":[-1.5200000000000002,12.360000000000001]}"
201201_3,1,0.0,TERRACLIMATE,WA004,2012,"{""type"":""Point"",""coordinates"":[2.17,13.51]}"
201201_4,1,0.0,TERRACLIMATE,WA005,2012,"{""type"":""Point"",""coordinates"":[7.33,9.07]}"
201201_5,1,0.923419952392578,TERRACLIMATE,WA006,2012,"{""type"":""Point"",""coordinates"":[-0.17,5.56]}"
201201_6,1,0.7661364078521729,TERRACLIMATE,WA007,2012,"{""type"":""Point"",""coordinates"":[-3.9299999999999997,5.349999999999999]}"
201201_7,1,0.0,TERRACLIMATE,WA008,2012,"{""type"":""Point"",""coordinates"":[-13.67,9.53]}"
201201_8,1,0.336658626794815,TERRACLIMATE,WA009,2012,"{""type"":""Point"",""coordinates"":[-13.230000000000002,8.489999999999998]}"
201201_9,1,0.7791465520858765,TERRACLIMATE,WA010,2012,"{""type"":""Point"",""coordinates"":[-10.799999999999999,6.3]}"
201201_10,1,0.5887071490287781,TERRACLIMATE,WA011,2012,"{""type"":""Point"",""coordinates"":[1.22,6.130000000000001]}"
201201_11,1,0.2419396787881851,TERRACLIMATE,WA012,2012,"{""type"":""Point"",""coordinates"":[2.42,6.37]}"
201201_12,1,0.0,TERRACLIMATE,WA013,2012,"{""type"":""Point"",""coordinates"":[8.52,12.05]}"
201201_13,1,1.467777132987976,TERRACLIMATE,WA014,2012,"{""type"":""Point"",""coordinates"":[-1.62,6.69]}"
201201_14,1,0.0,TERRACLIMATE,WA015,2012,"{""type"":""Point"",""coordinates"":[-16.680000000000003,13.45]}"
,1,0.0,TERRACLIMATE,WA016,2012,
201202_0,2,0.0,TERRACLIMATE,WA001,2012,"{""type"":""Point"",""coordinates"":[-17.470000000000002,14.73]}"
201202_1,2,0.0,TERRACLIMATE,WA002,2012,"{""type"":""Point"",""coordinates"":[-7.949999999999998,12.65]}"
201202_2,2,0.0021526284981518,TERRACLIMATE,WA003,2012,"{""type"":""Point"",""coordinates"":[-1.5200000000000002,12.360000000000001]}"
201202_3,2,0.0,TERRACLIMATE,WA004,2012,"{""type"":""Point"",""coordinates"":[2.17,13.51]}"
201202_4,2,0.0,TERRACLIMATE,WA005,2012,"{""type"":""Point"",""coordinates"":[7.33,9.07]}"
201202_5,2,2.133692741394043,TERRACLIMATE,WA006,2012,"{""type"":""Point"",""coordinates"":[-0.17,5.56]}"
201202_6,2,2.265122413635254,TERRACLIMATE,WA007,2012,"{""type"":""Point"",""coordinates"":[-3.9299999999999997,5.349999999999999]}"
201202_7,2,0.0,TERRACLIMATE,WA008,2012,"{""type"":""Point"",""coordinates"":[-13.67,9.53]}"
201202_8,2,0.1982634514570236,TERRACLIMATE,WA009,2012,"{""type"":""Point"",""coordinates"":[-13.230000000000002,8.489999999999998]}"
201202_9,2,2.103402853012085,TERRACLIMATE,WA010,2012,"{""type"":""Point"",""coordinates"":[-10.799999999999999,6.3]}"
201202_10,2,3.030256509780884,TERRACLIMATE,WA011,2012,"{""type"":""Point"",""coordinates"":[1.22,6.130000000000001]}"
201202_11,2,2.284480571746826,TERRACLIMATE,WA012,2012,"{""type"":""Point"",""coordinates"":[2.42,6.37]}"
201202_12,2,0.0,TERRACLIMATE,WA013,2012,"{""type"":""Point"",""coordinates"":[8.52,12.05]}"
201202_13,2,2.8620409965515137,TERRACLIMATE,WA014,2012,"{""type"":""Point"",""coordinates"":[-1.62,6.69]}"
201202_14,2,0.0,TERRACLIMATE,WA015,2012,"{""type"":""Point"",""coordinates"":[-16.680000000000003,13.45]}"
,2,0.0,TERRACLIMATE,WA016,2012,
201203_0,3,0.0,TERRACLIMATE,WA001,2012,"{""type"":""Point"",""coordinates"":[-17.470000000000002,14.73]}"
201203_1,3,0.0,TERRACLIMATE,WA002,2012,"{""type"":""Point"",""coordinates"":[-7.949999999999998,12.65]}"
201203_2,3,0.0322580635547637,TERRACLIMATE,WA003,2012,"{""type"":""Point"",""coordinates"":[-1.5200000000000002,12.360000000000001]}"
201203_3,3,0.0,TERRACLIMATE,WA004,2012,"{""type"":""Point"",""coordinates"":[2.17,13.51]}"
201203_4,3,0.0,TERRACLIMATE,WA005,2012,"{""type"":""Point"",""coordinates"":[7.33,9.07]}"
201203_5,3,0.8528464436531067,TERRACLIMATE,WA006,2012,"{""type"":""Point"",""coordinates"":[-0.17,5.56]}"
201203_6,3,1.824636936187744,TERRACLIMATE,WA007,2012,"{""type"":""Point"",""coordinates"":[-3.9299999999999997,5.349999999999999]}"
201203_7,3,0.0,TERRACLIMATE,WA008,2012,"{""type"":""Point"",""coordinates"":[-13.67,9.53]}"
201203_8,3,0.3910708129405975,TERRACLIMATE,WA009,2012,"{""type"":""Point"",""coordinates"":[-13.230000000000002,8.489999999999998]}"
201203_9,3,2.07218599319458,TERRACLIMATE,WA010,2012,"{""type"":""Point"",""coordinates"":[-10.799999999999999,6.3]}"
201203_10,3,1.0705772638320925,TERRACLIMATE,WA011,2012,"{""type"":""Point"",""coordinates"":[1.22,6.130000000000001]}"
201203_11,3,1.0,TERRACLIMATE,WA012,2012,"{""type"":""Point"",""coordinates"":[2.42,6.37]}"
201203_12,3,0.0,TERRACLIMATE,WA013,2012,"{""type"":""Point"",""coordinates"":[8.52,12.05]}"
201203_13,3,2.24597716331482,TERRACLIMATE,WA014,2012,"{""type"":""Point"",""coordinates"":[-1.62,6.69]}"
201203_14,3,0.0,TERRACLIMATE,WA015,2012,"{""type"":""Point"",""coordinates"":[-16.680000000000003,13.45]}"
,3,0.0,TERRACLIMATE,WA016,2012,
201204_0,4,0.0,TERRACLIMATE,WA001,2012,"{""type"":""Point"",""coordinates"":[-17.470000000000002,14.73]}"
201204_1,4,0.8437077403068542,TERRACLIMATE,WA002,2012,"{""type"":""Point"",""coordinates"":[-7.949999999999998,12.65]}"
201204_2,4,0.7083219885826111,TERRACLIMATE,WA003,2012,"{""type"":""Point"",""coordinates"":[-1.5200000000000002,12.360000000000001]}"
201204_3,4,0.14998559653759,TERRACLIMATE,WA004,2012,"{""type"":""Point"",""coordinates"":[2.17,13.51]}"
201204_4,4,2.274798631668091,TERRACLIMATE,WA005,2012,"{""type"":""Point"",""coordinates"":[7.33,9.07]}"
201204_5,4,4.087574481964111,TERRACLIMATE,WA006,2012,"{""type"":""Point"",""coordinates"":[-0.17,5.56]}"
201204_6,4,3.360450506210327,TERRACLIMATE,WA007,2012,"{""type"":""Point"",""coordinates"":[-3.9299999999999997,5.349999999999999]}"
201204_7,4,0.520806610584259,TERRACLIMATE,WA008,2012,"{""type"":""Point"",""coordinates"":[-13.67,9.53]}"
201204_8,4,1.3603544235229492,TERRACLIMATE,WA009,2012,"{""type"":""Point"",""coordinates"":[-13.230000000000002,8.489999999999998]}"
201204_9,4,2.367053985595703,TERRACLIMATE,WA010,2012,"{""type"":""Point"",""coordinates"":[-10.799999999999999,6.3]}"
201204_10,4,4.793768882751465,TERRACLIMATE,WA011,2012,"{""type"":""Point"",""coordinates"":[1.22,6.130000000000001]}"
201204_11,4,4.966649532318115,TERRACLIMATE,WA012,2012,"{""type"":""Point"",""coordinates"":[2.42,6.37]}"
201204_12,4,0.0249921102076768,TERRACLIMATE,WA013,2012,"{""type"":""Point"",""coordinates"":[8.52,12.05]}"
201204_13,4,5.441657543182373,TERRACLIMATE,WA014,2012,"{""type"":""Point"",""coordinates"":[-1.62,6.69]}"
201204_14,4,0.0,TERRACLIMATE,WA015,2012,"{""type"":""Point"",""coordinates"":[-16.680000000000003,13.45]}"
,4,0.0,TERRACLIMATE,WA016,2012,
201205_0,5,0.0,TERRACLIMATE,WA001,2012,"{""type"":""Point"",""coordinates"":[-17.470000000000002,14.73]}"
201205_1,5,1.497942328453064,TERRACLIMATE,WA002,2012,"{""type"":""Point"",""coordinates"":[-7.949999999999998,12.65]}"
201205_2,5,2.2721211910247803,TERRACLIMATE,WA003,2012,"{""type"":""Point"",""coordinates"":[-1.5200000000000002,12.360000000000001]}"
201205_3,5,0.5906931161880493,TERRACLIMATE,WA004,2012,"{""type"":""Point"",""coordinates"":[2.17,13.51]}"
201205_4,5,6.486479759216309,TERRACLIMATE,WA005,2012,"{""type"":""Point"",""coordinates"":[7.33,9.07]}"
201205_5,5,4.655248165130615,TERRACLIMATE,WA006,2012,"{""type"":""Point"",""coordinates"":[-0.17,5.56]}"
201205_6,5,4.693499565124512,TERRACLIMATE,WA007,2012,"{""type"":""Point"",""coordinates"":[-3.9299999999999997,5.349999999999999]}"
201205_7,5,5.913407802581787,TERRACLIMATE,WA008,2012,"{""type"":""Point"",""coordinates"":[-13.67,9.53]}"
201205_8,5,6.25386381149292,TERRACLIMATE,WA009,2012,"{""type"":""Point"",""coordinates"":[-13.230000000000002,8.489999999999998]}"
201205_9,5,11.357385635375977,TERRACLIMATE,WA010,2012,"{""type"":""Point"",""coordinates"":[-10.799999999999999,6.3]}"
201205_10,5,5.070551872253418,TERRACLIMATE,WA011,2012,"{""type"":""Point"",""coordinates"":[1.22,6.130000000000001]}"
201205_11,5,6.048399448394775,TERRACLIMATE,WA012,2012,"{""type"":""Point"",""coordinates"":[2.42,6.37]}"
201205_12,5,4.019975662231445,TERRACLIMATE,WA013,2012,"{""type"":""Point"",""coordinates"":[8.52,12.05]}"
201205_13,5,5.310480117797852,TERRACLIMATE,WA014,2012,"{""type"":""Point"",""coordinates"":[-1.62,6.69]}"
201205_14,5,0.223768800497055,TERRACLIMATE,WA015,2012,"{""type"":""Point"",""coordinates"":[-16.680000000000003,13.45]}"
,5,0.0,TERRACLIMATE,WA016,2012,
201206_0,6,0.1458028256893158,TERRACLIMATE,WA001,2012,"{""type"":""Point"",""coordinates"":[-17.470000000000002,14.73]}"
201206_1,6,4.883217811584473,TERRACLIMATE,WA002,2012,"{""type"":""Point"",""coordinates"":[-7.949999999999998,12.65]}"
201206_2,6,3.345887899398804,TERRACLIMATE,WA003,2012,"{""type"":""Point"",""coordinates"":[-1.5200000000000002,12.360000000000001]}"
201206_3,6,1.627035140991211,TERRACLIMATE,WA004,2012,"{""type"":""Point"",""coordinates"":[2.17,13.51]}"
201206_4,6,5.652309417724609,TERRACLIMATE,WA005,2012,"{""type"":""Point"",""coordinates"":[7.33,9.07]}"
201206_5,6,7.866698265075684,TERRACLIMATE,WA006,2012,"{""type"":""Point"",""coordinates"":[-0.17,5.56]}"
201206_6,6,11.422743797302246,TERRACLIMATE,WA007,2012,"{""type"":""Point"",""coordinates"":[-3.9299999999999997,5.349999999999999]}"
201206_7,6,14.23106575012207,TERRACLIMATE,WA008,2012,"{""type"":""Point"",""coordinates"":[-13.67,9.53]}"
201206_8,6,11.27484130859375,TERRACLIMATE,WA009,2012,"{""type"":""Point"",""coordinates"":[-13.230000000000002,8.489999999999998]}"
201206_9,6,22.0650577545166,TERRACLIMATE,WA010,2012,"{""type"":""Point"",""coordinates"":[-10.799999999999999,6.3]}"
201206_10,6,7.958269596099853,TERRACLIMATE,WA011,2012,"{""type"":""Point"",""coordinates"":[1.22,6.130000000000001]}"
201206_11,6,11.600008964538574,TERRACLIMATE,WA012,2012,"{""type"":""Point"",""coordinates"":[2.42,6.37]}"
201206_12,6,6.90809440612793,TERRACLIMATE,WA013,2012,"{""type"":""Point"",""coordinates"":[8.52,12.05]}"
201206_13,6,7.018782138824463,TERRACLIMATE,WA014,2012,"{""type"":""Point"",""coordinates"":[-1.62,6.69]}"
201206_14,6,2.329015016555786,TERRACLIMATE,WA015,2012,"{""type"":""Point"",""coordinates"":[-16.680000000000003,13.45]}"
,6,0.033333335,TERRACLIMATE,WA016,2012,
201207_0,7,2.814167261123657,TERRACLIMATE,WA001,2012,"{""type"":""Point"",""coordinates"":[-17.470000000000002,14.73]}"
201207_1,7,12.199252128601074,TERRACLIMATE,WA002,2012,"{""type"":""Point"",""coordinates"":[-7.949999999999998,12.65]}"
201207_2,7,6.723772048950195,TERRACLIMATE,WA003,2012,"{""type"":""Point"",""coordinates"":[-1.5200000000000002,12.360000000000001]}"
201207_3,7,4.971687316894531,TERRACLIMATE,WA004,2012,"{""type"":""Point"",""coordinates"":[2.17,13.51]}"
201207_4,7,8.072805404663086,TERRACLIMATE,WA005,2012,"{""type"":""Point"",""coordinates"":[7.33,9.07]}"
201207_5,7,1.4778587818145752,TERRACLIMATE,WA006,2012,"{""type"":""Point"",""coordinates"":[-0.17,5.56]}"
201207_6,7,2.546354055404663,TERRACLIMATE,WA007,2012,"{""type"":""Point"",""coordinates"":[-3.9299999999999997,5.349999999999999]}"
201207_7,7,28.85407066345215,TERRACLIMATE,WA008,2012,"{""type"":""Point"",""coordinates"":[-13.67,9.53]}"
201207_8,7,23.688138961791992,TERRACLIMATE,WA009,2012,"{""type"":""Point"",""coordinates"":[-13.230000000000002,8.489999999999998]}"
201207_9,7,19.1836051940918,TERRACLIMATE,WA010,2012,"{""type"":""Point"",""coordinates"":[-10.799999999999999,6.3]}"
201207_10,7,2.272186279296875,TERRACLIMATE,WA011,2012,"{""type"":""Point"",""coordinates"":[1.22,6.130000000000001]}"
201207_11,7,3.500004291534424,TERRACLIMATE,WA012,2012,"{""type"":""Point"",""coordinates"":[2.42,6.37]}"
201207_12,7,7.427307605743408,TERRACLIMATE,WA013,2012,"{""type"":""Point"",""coordinates"":[8.52,12.05]}"
201207_13,7,2.423417329788208,TERRACLIMATE,WA014,2012,"{""type"":""Point"",""coordinates"":[-1.62,6.69]}"
201207_14,7,7.52017068862915,TERRACLIMATE,WA015,2012,"{""type"":""Point"",""coordinates"":[-16.680000000000003,13.45]}"
,7,0.61284304,TERRACLIMATE,WA016,2012,
201208_0,8,8.975385665893555,TERRACLIMATE,WA001,2012,"{""type"":""Point"",""coordinates"":[-17.470000000000002,14.73]}"
201208_1,8,9.350850105285645,TERRACLIMATE,WA002,2012,"{""type"":""Point"",""coordinates"":[-7.949999999999998,12.65]}"
201208_2,8,8.881072044372559,TERRACLIMATE,WA003,2012,"{""type"":""Point"",""coordinates"":[-1.5200000000000002,12.360000000000001]}"
201208_3,8,7.187427997589111,TERRACLIMATE,WA004,2012,"{""type"":""Point"",""coordinates"":[2.17,13.51]}"
201208_4,8,9.38944149017334,TERRACLIMATE,WA005,2012,"{""type"":""Point"",""coordinates"":[7.33,9.07]}"
201208_5,8,0.4980077147483825,TERRACLIMATE,WA006,2012,"{""type"":""Point"",""coordinates"":[-0.17,5.56]}"
201208_6,8,2.008114814758301,TERRACLIMATE,WA007,2012,"{""type"":""Point"",""coordinates"":[-3.9299999999999997,5.349999999999999]}"
201208_7,8,36.55699157714844,TERRACLIMATE,WA008,2012,"{""type"":""Point"",""coordinates"":[-13.67,9.53]}"
201208_8,8,24.688232421875,TERRACLIMATE,WA009,2012,"{""type"":""Point"",""coordinates"":[-13.230000000000002,8.489999999999998]}"
201208_9,8,13.767167091369627,TERRACLIMATE,WA010,2012,"{""type"":""Point"",""coordinates"":[-10.799999999999999,6.3]}"
201208_10,8,0.5605043172836304,TERRACLIMATE,WA011,2012,"{""type"":""Point"",""coordinates"":[1.22,6.130000000000001]}"
201208_11,8,0.8387096524238586,TERRACLIMATE,WA012,2012,"{""type"":""Point"",""coordinates"":[2.42,6.37]}"
201208_12,8,11.233709335327148,TERRACLIMATE,WA013,2012,"{""type"":""Point"",""coordinates"":[8.52,12.05]}"
201208_13,8,3.6733510494232178,TERRACLIMATE,WA014,2012,"{""type"":""Point"",""coordinates"":[-1.62,6.69]}"
201208_14,8,14.00582504272461,TERRACLIMATE,WA015,2012,"{""type"":""Point"",""coordinates"":[-16.680000000000003,13.45]}"
,8,1.1511028,TERRACLIMATE,WA016,2012,
201209_0,9,7.278997898101807,TERRACLIMATE,WA001,2012,"{""type"":""Point"",""coordinates"":[-17.470000000000002,14.73]}"
201209_1,9,3.525151252746582,TERRACLIMATE,WA002,2012,"{""type"":""Point"",""coordinates"":[-7.949999999999998,12.65]}"
201209_2,9,5.766646862030029,TERRACLIMATE,WA003,2012,"{""type"":""Point"",""coordinates"":[-1.5200000000000002,12.360000000000001]}"
201209_3,9,3.616612911224365,TERRACLIMATE,WA004,2012,"{""type"":""Point"",""coordinates"":[2.17,13.51]}"
201209_4,9,11.810524940490724,TERRACLIMATE,WA005,2012,"{""type"":""Point"",""coordinates"":[7.33,9.07]}"
201209_5,9,2.452156782150269,TERRACLIMATE,WA006,2012,"{""type"":""Point"",""coordinates"":[-0.17,5.56]}"
201209_6,9,3.545883178710937,TERRACLIMATE,WA007,2012,"{""type"":""Point"",""coordinates"":[-3.9299999999999997,5.349999999999999]}"
201209_7,9,26.54574584960937,TERRACLIMATE,WA008,2012,"{""type"":""Point"",""coordinates"":[-13.67,9.53]}"
201209_8,9,18.031681060791016,TERRACLIMATE,WA009,2012,"{""type"":""Point"",""coordinates"":[-13.230000000000002,8.489999999999998]}"
201209_9,9,19.330825805664062,TERRACLIMATE,WA010,2012,"{""type"":""Point"",""coordinates"":[-10.799999999999999,6.3]}"
201209_10,9,3.5730173587799072,TERRACLIMATE,WA011,2012,"{""type"":""Point"",""coordinates"":[1.22,6.130000000000001]}"
201209_11,9,5.916688442230225,TERRACLIMATE,WA012,2012,"{""type"":""Point"",""coordinates"":[2.42,6.37]}"
201209_12,9,3.964455127716065,TERRACLIMATE,WA013,2012,"{""type"":""Point"",""coordinates"":[8.52,12.05]}"
201209_13,9,4.402064323425293,TERRACLIMATE,WA014,2012,"{""type"":""Point"",""coordinates"":[-1.62,6.69]}"
201209_14,9,12.7914400100708,TERRACLIMATE,WA015,2012,"{""type"":""Point"",""coordinates"":[-16.680000000000003,13.45]}"
,9,1.5561396,TERRACLIMATE,WA016,2012,
201210_0,10,0.8829912543296814,TERRACLIMATE,WA001,2012,"{""type"":""Point"",""coordinates"":[-17.470000000000002,14.73]}"
201210_1,10,2.350762367248535,TERRACLIMATE,WA002,2012,"{""type"":""Point"",""coordinates"":[-7.949999999999998,12.65]}"
201210_2,10,0.9334591627120972,TERRACLIMATE,WA003,2012,"{""type"":""Point"",""coordinates"":[-1.5200000000000002,12.360000000000001]}"
201210_3,10,0.4797955453395843,TERRACLIMATE,WA004,2012,"{""type"":""Point"",""coordinates"":[2.17,13.51]}"
201210_4,10,5.405228137969971,TERRACLIMATE,WA005,2012,"{""type"":""Point"",""coordinates"":[7.33,9.07]}"
201210_5,10,3.6129980087280273,TERRACLIMATE,WA006,2012,"{""type"":""Point"",""coordinates"":[-0.17,5.56]}"
201210_6,10,1.941541194915772,TERRACLIMATE,WA007,2012,"{""type"":""Point"",""coordinates"":[-3.9299999999999997,5.349999999999999]}"
201210_7,10,5.667014122009277,TERRACLIMATE,WA008,2012,"{""type"":""Point"",""coordinates"":[-13.67,9.53]}"
201210_8,10,8.447583198547363,TERRACLIMATE,WA009,2012,"{""type"":""Point"",""coordinates"":[-13.230000000000002,8.489999999999998]}"
201210_9,10,10.337446212768556,TERRACLIMATE,WA010,2012,"{""type"":""Point"",""coordinates"":[-10.799999999999999,6.3]}"
201210_10,10,4.4999871253967285,TERRACLIMATE,WA011,2012,"{""type"":""Point"",""coordinates"":[1.22,6.130000000000001]}"
201210_11,10,4.419363498687744,TERRACLIMATE,WA012,2012,"{""type"":""Point"",""coordinates"":[2.42,6.37]}"
201210_12,10,0.3306191563606262,TERRACLIMATE,WA013,2012,"{""type"":""Point"",""coordinates"":[8.52,12.05]}"
201210_13,10,5.322589874267578,TERRACLIMATE,WA014,2012,"{""type"":""Point"",""coordinates"":[-1.62,6.69]}"
201210_14,10,2.5644187927246094,TERRACLIMATE,WA015,2012,"{""type"":""Point"",""coordinates"":[-16.680000000000003,13.45]}"
,10,0.12903225,TERRACLIMATE,WA016,2012,
201211_0,11,0.0,TERRACLIMATE,WA001,2012,"{""type"":""Point"",""coordinates"":[-17.470000000000002,14.73]}"
201211_1,11,0.072908379137516,TERRACLIMATE,WA002,2012,"{""type"":""Point"",""coordinates"":[-7.949999999999998,12.65]}"
201211_2,11,0.0333333350718021,TERRACLIMATE,WA003,2012,"{""type"":""Point"",""coordinates"":[-1.5200000000000002,12.360000000000001]}"
201211_3,11,0.0,TERRACLIMATE,WA004,2012,"{""type"":""Point"",""coordinates"":[2.17,13.51]}"
201211_4,11,0.0,TERRACLIMATE,WA005,2012,"{""type"":""Point"",""coordinates"":[7.33,9.07]}"
201211_5,11,2.039618730545044,TERRACLIMATE,WA006,2012,"{""type"":""Point"",""coordinates"":[-0.17,5.56]}"
201211_6,11,6.489591598510742,TERRACLIMATE,WA007,2012,"{""type"":""Point"",""coordinates"":[-3.9299999999999997,5.349999999999999]}"
201211_7,11,0.1499808877706527,TERRACLIMATE,WA008,2012,"{""type"":""Point"",""coordinates"":[-13.67,9.53]}"
201211_8,11,6.055865287780762,TERRACLIMATE,WA009,2012,"{""type"":""Point"",""coordinates"":[-13.230000000000002,8.489999999999998]}"
201211_9,11,7.256371974945068,TERRACLIMATE,WA010,2012,"{""type"":""Point"",""coordinates"":[-10.799999999999999,6.3]}"
201211_10,11,1.5020722150802612,TERRACLIMATE,WA011,2012,"{""type"":""Point"",""coordinates"":[1.22,6.130000000000001]}"
201211_11,11,1.4499956369400024,TERRACLIMATE,WA012,2012,"{""type"":""Point"",""coordinates"":[2.42,6.37]}"
201211_12,11,0.0,TERRACLIMATE,WA013,2012,"{""type"":""Point"",""coordinates"":[8.52,12.05]}"
201211_13,11,4.837568759918213,TERRACLIMATE,WA014,2012,"{""type"":""Point"",""coordinates"":[-1.62,6.69]}"
201211_14,11,0.0,TERRACLIMATE,WA015,2012,"{""type"":""Point"",""coordinates"":[-16.680000000000003,13.45]}"
,11,0.0,TERRACLIMATE,WA016,2012,
201212_0,12,0.0,TERRACLIMATE,WA001,2012,"{""type"":""Point"",""coordinates"":[-17.470000000000002,14.73]}"
201212_1,12,0.0,TERRACLIMATE,WA002,2012,"{""type"":""Point"",""coordinates"":[-7.949999999999998,12.65]}"
201212_2,12,0.0463200025260448,TERRACLIMATE,WA003,2012,"{""type"":""Point"",""coordinates"":[-1.5200000000000002,12.360000000000001]}"
201212_3,12,0.0,TERRACLIMATE,WA004,2012,"{""type"":""Point"",""coordinates"":[2.17,13.51]}"
201212_4,12,0.0,TERRACLIMATE,WA005,2012,"{""type"":""Point"",""coordinates"":[7.33,9.07]}"
201212_5,12,3.336758852005005,TERRACLIMATE,WA006,2012,"{""type"":""Point"",""coordinates"":[-0.17,5.56]}"
201212_6,12,9.689507484436035,TERRACLIMATE,WA007,2012,"{""type"":""Point"",""coordinates"":[-3.9299999999999997,5.349999999999999]}"
201212_7,12,0.0241850260645151,TERRACLIMATE,WA008,2012,"{""type"":""Point"",""coordinates"":[-13.67,9.53]}"
201212_8,12,0.7983406186103821,TERRACLIMATE,WA009,2012,"{""type"":""Point"",""coordinates"":[-13.230000000000002,8.489999999999998]}"
201212_9,12,1.7369755506515503,TERRACLIMATE,WA010,2012,"{""type"":""Point"",""coordinates"":[-10.799999999999999,6.3]}"
201212_10,12,1.167330622673035,TERRACLIMATE,WA011,2012,"{""type"":""Point"",""coordinates"":[1.22,6.130000000000001]}"
201212_11,12,0.1854775547981262,TERRACLIMATE,WA012,2012,"{""type"":""Point"",""coordinates"":[2.42,6.37]}"
201212_12,12,0.0,TERRACLIMATE,WA013,2012,"{""type"":""Point"",""coordinates"":[8.52,12.05]}"
201212_13,12,4.050406455993652,TERRACLIMATE,WA014,2012,"{""type"":""Point"",""coordinates"":[-1.62,6.69]}"
201212_14,12,0.0,TERRACLIMATE,WA015,2012,"{""type"":""Point"",""coordinates"":[-16.680000000000003,13.45]}"
,12,0.3688889,TERRACLIMATE,WA016,2012,
201301_0,1,0.0,TERRACLIMATE,WA001,2013,"{""type"":""Point"",""coordinates"":[-17.470000000000002,14.73]}"
201301_1,1,0.0,TERRACLIMATE,WA002,2013,"{""type"":""Point"",""coordinates"":[-7.949999999999998,12.65]}"
201301_2,1,0.0,TERRACLIMATE,WA003,2013,"{""type"":""Point"",""coordinates"":[-1.5200000000000002,12.360000000000001]}"
201301_3,1,0.0,TERRACLIMATE,WA004,2013,"{""type"":""Point"",""coordinates"":[2.17,13.51]}"
201301_4,1,0.0322580635547637,TERRACLIMATE,WA005,2013,"{""type"":""Point"",""coordinates"":[7.33,9.07]}"
201301_5,1,1.2802759408950806,TERRACLIMATE,WA006,2013,"{""type"":""Point"",""coordinates"":[-0.17,5.56]}"
201301_6,1,0.2520188391208648,TERRACLIMATE,WA007,2013,"{""type"":""Point"",""coordinates"":[-3.9299999999999997,5.349999999999999]}"
201301_7,1,0.0,TERRACLIMATE,WA008,2013,"{""type"":""Point"",""coordinates"":[-13.67,9.53]}"
201301_8,1,0.0645161271095275,TERRACLIMATE,WA009,2013,"{""type"":""Point"",""coordinates"":[-13.230000000000002,8.489999999999998]}"
201301_9,1,0.9081788063049316,TERRACLIMATE,WA010,2013,"{""type"":""Point"",""coordinates"":[-10.799999999999999,6.3]}"
201301_10,1,1.5141125917434692,TERRACLIMATE,WA011,2013,"{""type"":""Point"",""coordinates"":[1.22,6.130000000000001]}"
201301_11,1,1.016141653060913,TERRACLIMATE,WA012,2013,"{""type"":""Point"",""coordinates"":[2.42,6.37]}"
201301_12,1,0.0,TERRACLIMATE,WA013,2013,"{""type"":""Point"",""coordinates"":[8.52,12.05]}"
201301_13,1,0.3366640508174896,TERRACLIMATE,WA014,2013,"{""type"":""Point"",""coordinates"":[-1.62,6.69]}"
201301_14,1,0.0,TERRACLIMATE,WA015,2013,"{""type"":""Point"",""coordinates"":[-16.680000000000003,13.45]}"
,1,0.0,TERRACLIMATE,WA016,2013,
201302_0,2,0.0,TERRACLIMATE,WA001,2013,"{""type"":""Point"",""coordinates"":[-17.470000000000002,14.73]}"
201302_1,2,0.02679343521595,TERRACLIMATE,WA002,2013,"{""type"":""Point"",""coordinates"":[-7.949999999999998,12.65]}"
201302_2,2,0.0,TERRACLIMATE,WA003,2013,"{""type"":""Point"",""coordinates"":[-1.5200000000000002,12.360000000000001]}"
201302_3,2,0.0,TERRACLIMATE,WA004,2013,"{""type"":""Point"",""coordinates"":[2.17,13.51]}"
201302_4,2,0.0,TERRACLIMATE,WA005,2013,"{""type"":""Point"",""coordinates"":[7.33,9.07]}"
201302_5,2,0.2946639358997345,TERRACLIMATE,WA006,2013,"{""type"":""Point"",""coordinates"":[-0.17,5.56]}"
201302_6,2,0.0625052750110626,TERRACLIMATE,WA007,2013,"{""type"":""Point"",""coordinates"":[-3.9299999999999997,5.349999999999999]}"
201302_7,2,0.0200721975415945,TERRACLIMATE,WA008,2013,"{""type"":""Point"",""coordinates"":[-13.67,9.53]}"
201302_8,2,0.1562312692403793,TERRACLIMATE,WA009,2013,"{""type"":""Point"",""coordinates"":[-13.230000000000002,8.489999999999998]}"
201302_9,2,1.6868047714233398,TERRACLIMATE,WA010,2013,"{""type"":""Point"",""coordinates"":[-10.799999999999999,6.3]}"
201302_10,2,0.924132525920868,TERRACLIMATE,WA011,2013,"{""type"":""Point"",""coordinates"":[1.22,6.130000000000001]}"
201302_11,2,0.7857142686843872,TERRACLIMATE,WA012,2013,"{""type"":""Point"",""coordinates"":[2.42,6.37]}"
201302_12,2,0.0,TERRACLIMATE,WA013,2013,"{""type"":""Point"",""coordinates"":[8.52,12.05]}"
201302_13,2,0.0357142873108387,TERRACLIMATE,WA014,2013,"{""type"":""Point"",""coordinates"":[-1.62,6.69]}"
201302_14,2,0.0,TERRACLIMATE,WA015,2013,"{""type"":""Point"",""coordinates"":[-16.680000000000003,13.45]}"
,2,0.0,TERRACLIMATE,WA016,2013,
201303_0,3,0.0,TERRACLIMATE,WA001,2013,"{""type"":""Point"",""coordinates"":[-17.470000000000002,14.73]}"
201303_1,3,0.137089803814888,TERRACLIMATE,WA002,2013,"{""type"":""Point"",""coordinates"":[-7.949999999999998,12.65]}"
201303_2,3,0.3003898859024048,TERRACLIMATE,WA003,2013,"{""type"":""Point"",""coordinates"":[-1.5200000000000002,12.360000000000001]}"
201303_3,3,0.0,TERRACLIMATE,WA004,2013,"{""type"":""Point"",""coordinates"":[2.17,13.51]}"
201303_4,3,0.0,TERRACLIMATE,WA005,2013,"{""type"":""Point"",""coordinates"":[7.33,9.07]}"
201303_5,3,2.661360740661621,TERRACLIMATE,WA006,2013,"{""type"":""Point"",""coordinates"":[-0.17,5.56]}"
201303_6,3,2.04841423034668,TERRACLIMATE,WA007,2013,"{""type"":""Point"",""coordinates"":[-3.9299999999999997,5.349999999999999]}"
201303_7,3,0.0,TERRACLIMATE,WA008,2013,"{""type"":""Point"",""coordinates"":[-13.67,9.53]}"
201303_8,3,0.3971107304096222,TERRACLIMATE,WA009,2013,"{""type"":""Point"",""coordinates"":[-13.230000000000002,8.489999999999998]}"
201303_9,3,5.042276859283447,TERRACLIMATE,WA010,2013,"{""type"":""Point"",""coordinates"":[-10.799999999999999,6.3]}"
201303_10,3,3.129075050354004,TERRACLIMATE,WA011,2013,"{""type"":""Point"",""coordinates"":[1.22,6.130000000000001]}"
201303_11,3,3.5887157917022705,TERRACLIMATE,WA012,2013,"{""type"":""Point"",""coordinates"":[2.42,6.37]}"
201303_12,3,0.0,TERRACLIMATE,WA013,2013,"{""type"":""Point"",""coordinates"":[8.52,12.05]}"
201303_13,3,3.8024098873138414,TERRACLIMATE,WA014,2013,"{""type"":""Point"",""coordinates"":[-1.62,6.69]}"
201303_14,3,0.0,TERRACLIMATE,WA015,2013,"{""type"":""Point"",""coordinates"":[-16.680000000000003,13.45]}"
,3,0.0,TERRACLIMATE,WA016,2013,
201304_0,4,0.0,TERRACLIMATE,WA001,2013,"{""type"":""Point"",""coordinates"":[-17.470000000000002,14.73]}"
201304_1,4,1.120784878730774,TERRACLIMATE,WA002,2013,"{""type"":""Point"",""coordinates"":[-7.949999999999998,12.65]}"
201304_2,4,1.3520523309707642,TERRACLIMATE,WA003,2013,"{""type"":""Point"",""coordinates"":[-1.5200000000000002,12.360000000000001]}"
201304_3,4,0.787406325340271,TERRACLIMATE,WA004,2013,"{""type"":""Point"",""coordinates"":[2.17,13.51]}"
201304_4,4,2.445836067199707,TERRACLIMATE,WA005,2013,"{""type"":""Point"",""coordinates"":[7.33,9.07]}"
201304_5,4,3.7771315574646,TERRACLIMATE,WA006,2013,"{""type"":""Point"",""coordinates"":[-0.17,5.56]}"
201304_6,4,2.845809936523437,TERRACLIMATE,WA007,2013,"{""type"":""Point"",""coordinates"":[-3.9299999999999997,5.349999999999999]}"
201304_7,4,0.8874343633651733,TERRACLIMATE,WA008,2013,"{""type"":""Point"",""coordinates"":[-13.67,9.53]}"
201304_8,4,2.143744707107544,TERRACLIMATE,WA009,2013,"{""type"":""Point"",""coordinates"":[-13.230000000000002,8.489999999999998]}"
201304_9,4,3.069802761077881,TERRACLIMATE,WA010,2013,"{""type"":""Point"",""coordinates"":[-10.799999999999999,6.3]}"
201304_10,4,5.143788814544678,TERRACLIMATE,WA011,2013,"{""type"":""Point"",""coordinates"":[1.22,6.130000000000001]}"
201304_11,4,5.224984645843506,TERRACLIMATE,WA012,2013,"{""type"":""Point"",""coordinates"":[2.42,6.37]}"
201304_12,4,0.8103501796722412,TERRACLIMATE,WA013,2013,"{""type"":""Point"",""coordinates"":[8.52,12.05]}"
201304_13,4,5.287426471710205,TERRACLIMATE,WA014,2013,"{""type"":""Point"",""coordinates"":[-1.62,6.69]}"
201304_14,4,0.0,TERRACLIMATE,WA015,2013,"{""type"":""Point"",""coordinates"":[-16.680000000000003,13.45]}"
,4,0.0,TERRACLIMATE,WA016,2013,
201305_0,5,0.0,TERRACLIMATE,WA001,2013,"{""type"":""Point"",""coordinates"":[-17.470000000000002,14.73]}"
201305_1,5,1.1309586763381958,TERRACLIMATE,WA002,2013,"{""type"":""Point"",""coordinates"":[-7.949999999999998,12.65]}"
201305_2,5,1.7943404912948608,TERRACLIMATE,WA003,2013,"{""type"":""Point"",""coordinates"":[-1.5200000000000002,12.360000000000001]}"
201305_3,5,0.6290081143379211,TERRACLIMATE,WA004,2013,"{""type"":""Point"",""coordinates"":[2.17,13.51]}"
201305_4,5,1.622989296913147,TERRACLIMATE,WA005,2013,"{""type"":""Point"",""coordinates"":[7.33,9.07]}"
201305_5,5,6.326620578765869,TERRACLIMATE,WA006,2013,"{""type"":""Point"",""coordinates"":[-0.17,5.56]}"
201305_6,5,6.532190322875977,TERRACLIMATE,WA007,2013,"{""type"":""Point"",""coordinates"":[-3.9299999999999997,5.349999999999999]}"
201305_7,5,4.123196125030518,TERRACLIMATE,WA008,2013,"{""type"":""Point"",""coordinates"":[-13.67,9.53]}"
201305_8,5,5.247559547424316,TERRACLIMATE,WA009,2013,"{""type"":""Point"",""coordinates"":[-13.230000000000002,8.489999999999998]}"
201305_9,5,10.292827606201172,TERRACLIMATE,WA010,2013,"{""type"":""Point"",""coordinates"":[-10.799999999999999,6.3]}"
201305_10,5,7.18747091293335,TERRACLIMATE,WA011,2013,"{""type"":""Point"",""coordinates"":[1.22,6.130000000000001]}"
201305_11,5,9.524216651916504,TERRACLIMATE,WA012,2013,"{""type"":""Point"",""coordinates"":[2.42,6.37]}"
201305_12,5,0.1774009764194488,TERRACLIMATE,WA013,2013,"{""type"":""Point"",""coordinates"":[8.52,12.05]}"
201305_13,5,6.397160530090332,TERRACLIMATE,WA014,2013,"{""type"":""Point"",""coordinates"":[-1.62,6.69]}"
201305_14,5,0.1269946098327636,TERRACLIMATE,WA015,2013,"{""type"":""Point"",""coordinates"":[-16.680000000000003,13.45]}"
,5,0.0,TERRACLIMATE,WA016,2013,
201306_0,6,0.4790725708007812,TERRACLIMATE,WA001,2013,"{""type"":""Point"",""coordinates"":[-17.470000000000002,14.73]}"
201306_1,6,3.347883939743042,TERRACLIMATE,WA002,2013,"{""type"":""Point"",""coordinates"":[-7.949999999999998,12.65]}"
201306_2,6,2.7958524227142334,TERRACLIMATE,WA003,2013,"{""type"":""Point"",""coordinates"":[-1.5200000000000002,12.360000000000001]}"
201306_3,6,2.1290721893310547,TERRACLIMATE,WA004,2013,"{""type"":""Point"",""coordinates"":[2.17,13.51]}"
201306_4,6,8.129246711730957,TERRACLIMATE,WA005,2013,"{""type"":""Point"",""coordinates"":[7.33,9.07]}"
201306_5,6,4.643767356872559,TERRACLIMATE,WA006,2013,"{""type"":""Point"",""coordinates"":[-0.17,5.56]}"
201306_6,6,8.88318157196045,TERRACLIMATE,WA007,2013,"{""type"":""Point"",""coordinates"":[-3.9299999999999997,5.349999999999999]}"
201306_7,6,8.593606948852539,TERRACLIMATE,WA008,2013,"{""type"":""Point"",""coordinates"":[-13.67,9.53]}"
201306_8,6,11.276968955993652,TERRACLIMATE,WA009,2013,"{""type"":""Point"",""coordinates"":[-13.230000000000002,8.489999999999998]}"
201306_9,6,15.997448921203612,TERRACLIMATE,WA010,2013,"{""type"":""Point"",""coordinates"":[-10.799999999999999,6.3]}"
201306_10,6,4.66038990020752,TERRACLIMATE,WA011,2013,"{""type"":""Point"",""coordinates"":[1.22,6.130000000000001]}"
201306_11,6,6.216670989990234,TERRACLIMATE,WA012,2013,"{""type"":""Point"",""coordinates"":[2.42,6.37]}"
201306_12,6,5.07692813873291,TERRACLIMATE,WA013,2013,"{""type"":""Point"",""coordinates"":[8.52,12.05]}"
201306_13,6,4.460421562194824,TERRACLIMATE,WA014,2013,"{""type"":""Point"",""coordinates"":[-1.62,6.69]}"
201306_14,6,2.912412166595459,TERRACLIMATE,WA015,2013,"{""type"":""Point"",""coordinates"":[-16.680000000000003,13.45]}"
,6,0.0,TERRACLIMATE,WA016,2013,
201307_0,7,1.6248012781143188,TERRACLIMATE,WA001,2013,"{""type"":""Point"",""coordinates"":[-17.470000000000002,14.73]}"
201307_1,7,5.701573848724365,TERRACLIMATE,WA002,2013,"{""type"":""Point"",""coordinates"":[-7.949999999999998,12.65]}"
201307_2,7,6.5503692626953125,TERRACLIMATE,WA003,2013,"{""type"":""Point"",""coordinates"":[-1.5200000000000002,12.360000000000001]}"
201307_3,7,3.147070407867432,TERRACLIMATE,WA004,2013,"{""type"":""Point"",""coordinates"":[2.17,13.51]}"
201307_4,7,4.963772296905518,TERRACLIMATE,WA005,2013,"{""type"":""Point"",""coordinates"":[7.33,9.07]}"
201307_5,7,1.2480127811431885,TERRACLIMATE,WA006,2013,"{""type"":""Point"",""coordinates"":[-0.17,5.56]}"
201307_6,7,2.695551633834839,TERRACLIMATE,WA007,2013,"{""type"":""Point"",""coordinates"":[-3.9299999999999997,5.349999999999999]}"
201307_7,7,27.341371536254883,TERRACLIMATE,WA008,2013,"{""type"":""Point"",""coordinates"":[-13.67,9.53]}"
201307_8,7,21.55847930908203,TERRACLIMATE,WA009,2013,"{""type"":""Point"",""coordinates"":[-13.230000000000002,8.489999999999998]}"
201307_9,7,19.35002899169922,TERRACLIMATE,WA010,2013,"{""type"":""Point"",""coordinates"":[-10.799999999999999,6.3]}"
201307_10,7,1.5282330513000488,TERRACLIMATE,WA011,2013,"{""type"":""Point"",""coordinates"":[1.22,6.130000000000001]}"
201307_11,7,2.572582721710205,TERRACLIMATE,WA012,2013,"{""type"":""Point"",""coordinates"":[2.42,6.37]}"
201307_12,7,4.903142929077148,TERRACLIMATE,WA013,2013,"{""type"":""Point"",""coordinates"":[8.52,12.05]}"
201307_13,7,2.3689615726470947,TERRACLIMATE,WA014,2013,"{""type"":""Point"",""coordinates"":[-1.62,6.69]}"
201307_14,7,5.0583086013793945,TERRACLIMATE,WA015,2013,"{""type"":""Point"",""coordinates"":[-16.680000000000003,13.45]}"
,7,0.19150166,TERRACLIMATE,WA016,2013,
201308_0,8,8.396771430969238,TERRACLIMATE,WA001,2013,"{""type"":""Point"",""coordinates"":[-17.470000000000002,14.73]}"
201308_1,8,11.33269214630127,TERRACLIMATE,WA002,2013,"{""type"":""Point"",""coordinates"":[-7.949999999999998,12.65]}"
201308_2,8,7.826573848724365,TERRACLIMATE,WA003,2013,"{""type"":""Point"",""coordinates"":[-1.5200000000000002,12.360000000000001]}"
201308_3,8,8.258010864257812,TERRACLIMATE,WA004,2013,"{""type"":""Point"",""coordinates"":[2.17,13.51]}"
201308_4,8,7.445703029632568,TERRACLIMATE,WA005,2013,"{""type"":""Point"",""coordinates"":[7.33,9.07]}"
201308_5,8,0.2036352753639221,TERRACLIMATE,WA006,2013,"{""type"":""Point"",""coordinates"":[-0.17,5.56]}"
201308_6,8,0.5262219309806824,TERRACLIMATE,WA007,2013,"{""type"":""Point"",""coordinates"":[-3.9299999999999997,5.349999999999999]}"
201308_7,8,43.428340911865234,TERRACLIMATE,WA008,2013,"{""type"":""Point"",""coordinates"":[-13.67,9.53]}"
201308_8,8,21.91011428833008,TERRACLIMATE,WA009,2013,"{""type"":""Point"",""coordinates"":[-13.230000000000002,8.489999999999998]}"
201308_9,8,12.853745460510254,TERRACLIMATE,WA010,2013,"{""type"":""Point"",""coordinates"":[-10.799999999999999,6.3]}"
201308_10,8,0.3145279586315155,TERRACLIMATE,WA011,2013,"{""type"":""Point"",""coordinates"":[1.22,6.130000000000001]}"
201308_11,8,0.4758085310459137,TERRACLIMATE,WA012,2013,"{""type"":""Point"",""coordinates"":[2.42,6.37]}"
201308_12,8,10.70750331878662,TERRACLIMATE,WA013,2013,"{""type"":""Point"",""coordinates"":[8.52,12.05]}"
201308_13,8,1.193552851676941,TERRACLIMATE,WA014,2013,"{""type"":""Point"",""coordinates"":[-1.62,6.69]}"
201308_14,8,15.850421905517578,TERRACLIMATE,WA015,2013,"{""type"":""Point"",""coordinates"":[-16.680000000000003,13.45]}"
,8,2.072446,TERRACLIMATE,WA016,2013,
201309_0,9,5.731141567230225,TERRACLIMATE,WA001,2013,"{""type"":""Point"",""coordinates"":[-17.470000000000002,14.73]}"
201309_1,9,5.073014736175537,TERRACLIMATE,WA002,2013,"{""type"":""Point"",""coordinates"":[-7.949999999999998,12.65]}"
201309_2,9,4.014575004577637,TERRACLIMATE,WA003,2013,"{""type"":""Point"",""coordinates"":[-1.5200000000000002,12.360000000000001]}"
201309_3,9,1.2749625444412231,TERRACLIMATE,WA004,2013,"{""type"":""Point"",""coordinates"":[2.17,13.51]}"
201309_4,9,8.091775894165039,TERRACLIMATE,WA005,2013,"{""type"":""Point"",""coordinates"":[7.33,9.07]}"
201309_5,9,2.689669847488404,TERRACLIMATE,WA006,2013,"{""type"":""Point"",""coordinates"":[-0.17,5.56]}"
201309_6,9,2.9375548362731934,TERRACLIMATE,WA007,2013,"{""type"":""Point"",""coordinates"":[-3.9299999999999997,5.349999999999999]}"
201309_7,9,24.989421844482425,TERRACLIMATE,WA008,2013,"{""type"":""Point"",""coordinates"":[-13.67,9.53]}"
201309_8,9,19.244569778442383,TERRACLIMATE,WA009,2013,"{""type"":""Point"",""coordinates"":[-13.230000000000002,8.489999999999998]}"
201309_9,9,20.14665412902832,TERRACLIMATE,WA010,2013,"{""type"":""Point"",""coordinates"":[-10.799999999999999,6.3]}"
201309_10,9,3.0917537212371826,TERRACLIMATE,WA011,2013,"{""type"":""Point"",""coordinates"":[1.22,6.130000000000001]}"
201309_11,9,4.358344078063965,TERRACLIMATE,WA012,2013,"{""type"":""Point"",""coordinates"":[2.42,6.37]}"
201309_12,9,4.09779167175293,TERRACLIMATE,WA013,2013,"{""type"":""Point"",""coordinates"":[8.52,12.05]}"
201309_13,9,6.795838832855225,TERRACLIMATE,WA014,2013,"{""type"":""Point"",""coordinates"":[-1.62,6.69]}"
201309_14,9,9.678980827331545,TERRACLIMATE,WA015,2013,"{""type"":""Point"",""coordinates"":[-16.680000000000003,13.45]}"
,9,2.5394087,TERRACLIMATE,WA016,2013,
201310_0,10,1.2721035480499268,TERRACLIMATE,WA001,2013,"{""type"":""Point"",""coordinates"":[-17.470000000000002,14.73]}"
201310_1,10,3.054442882537842,TERRACLIMATE,WA002,2013,"{""type"":""Point"",""coordinates"":[-7.949999999999998,12.65]}"
201310_2,10,0.866929292678833,TERRACLIMATE,WA003,2013,"{""type"":""Point"",""coordinates"":[-1.5200000000000002,12.360000000000001]}"
201310_3,10,0.3628670275211334,TERRACLIMATE,WA004,2013,"{""type"":""Point"",""coordinates"":[2.17,13.51]}"
201310_4,10,2.3891100883483887,TERRACLIMATE,WA005,2013,"{""type"":""Point"",""coordinates"":[7.33,9.07]}"
201310_5,10,1.40932297706604,TERRACLIMATE,WA006,2013,"{""type"":""Point"",""coordinates"":[-0.17,5.56]}"
201310_6,10,1.987923622131348,TERRACLIMATE,WA007,2013,"{""type"":""Point"",""coordinates"":[-3.9299999999999997,5.349999999999999]}"
201310_7,10,8.76805591583252,TERRACLIMATE,WA008,2013,"{""type"":""Point"",""coordinates"":[-13.67,9.53]}"
201310_8,10,8.780132293701172,TERRACLIMATE,WA009,2013,"{""type"":""Point"",""coordinates"":[-13.230000000000002,8.489999999999998]}"
201310_9,10,15.935059547424316,TERRACLIMATE,WA010,2013,"{""type"":""Point"",""coordinates"":[-10.799999999999999,6.3]}"
201310_10,10,2.3810667991638184,TERRACLIMATE,WA011,2013,"{""type"":""Point"",""coordinates"":[1.22,6.130000000000001]}"
201310_11,10,3.1129159927368164,TERRACLIMATE,WA012,2013,"{""type"":""Point"",""coordinates"":[2.42,6.37]}"
201310_12,10,0.7580399513244629,TERRACLIMATE,WA013,2013,"{""type"":""Point"",""coordinates"":[8.52,12.05]}"
201310_13,10,6.10294246673584,TERRACLIMATE,WA014,2013,"{""type"":""Point"",""coordinates"":[-1.62,6.69]}"
201310_14,10,2.907097339630127,TERRACLIMATE,WA015,2013,"{""type"":""Point"",""coordinates"":[-16.680000000000003,13.45]}"
,10,0.032258064,TERRACLIMATE,WA016,2013,
201311_0,11,0.3687100410461426,TERRACLIMATE,WA001,2013,"{""type"":""Point"",""coordinates"":[-17.470000000000002,14.73]}"
201311_1,11,0.0,TERRACLIMATE,WA002,2013,"{""type"":""Point"",""coordinates"":[-7.949999999999998,12.65]}"
201311_2,11,0.0,TERRACLIMATE,WA003,2013,"{""type"":""Point"",""coordinates"":[-1.5200000000000002,12.360000000000001]}"
201311_3,11,0.0,TERRACLIMATE,WA004,2013,"{""type"":""Point"",""coordinates"":[2.17,13.51]}"
201311_4,11,0.0,TERRACLIMATE,WA005,2013,"{""type"":""Point"",""coordinates"":[7.33,9.07]}"
201311_5,11,4.681337356567383,TERRACLIMATE,WA006,2013,"{""type"":""Point"",""coordinates"":[-0.17,5.56]}"
201311_6,11,8.439591407775879,TERRACLIMATE,WA007,2013,"{""type"":""Point"",""coordinates"":[-3.9299999999999997,5.349999999999999]}"
201311_7,11,2.797760248184204,TERRACLIMATE,WA008,2013,"{""type"":""Point"",""coordinates"":[-13.67,9.53]}"
201311_8,11,5.270773887634277,TERRACLIMATE,WA009,2013,"{""type"":""Point"",""coordinates"":[-13.230000000000002,8.489999999999998]}"
201311_9,11,10.07874584197998,TERRACLIMATE,WA010,2013,"{""type"":""Point"",""coordinates"":[-10.799999999999999,6.3]}"
201311_10,11,3.524996280670166,TERRACLIMATE,WA011,2013,"{""type"":""Point"",""coordinates"":[1.22,6.130000000000001]}"
201311_11,11,1.866657972335816,TERRACLIMATE,WA012,2013,"{""type"":""Point"",""coordinates"":[2.42,6.37]}"
201311_12,11,0.0,TERRACLIMATE,WA013,2013,"{""type"":""Point"",""coordinates"":[8.52,12.05]}"
201311_13,11,6.616721153259277,TERRACLIMATE,WA014,2013,"{""type"":""Point"",""coordinates"":[-1.62,6.69]}"
201311_14,11,0.4124740660190582,TERRACLIMATE,WA015,2013,"{""type"":""Point"",""coordinates"":[-16.680000000000003,13.45]}"
,11,0.04791822,TERRACLIMATE,WA016,2013,
201312_0,12,0.0020155140664428,TERRACLIMATE,WA001,2013,"{""type"":""Point"",""coordinates"":[-17.470000000000002,14.73]}"
201312_1,12,0.0,TERRACLIMATE,WA002,2013,"{""type"":""Point"",""coordinates"":[-7.949999999999998,12.65]}"
201312_2,12,0.0,TERRACLIMATE,WA003,2013,"{""type"":""Point"",""coordinates"":[-1.5200000000000002,12.360000000000001]}"
201312_3,12,0.0,TERRACLIMATE,WA004,2013,"{""type"":""Point"",""coordinates"":[2.17,13.51]}"
201312_4,12,0.0,TERRACLIMATE,WA005,2013,"{""type"":""Point"",""coordinates"":[7.33,9.07]}"
201312_5,12,1.0262311697006226,TERRACLIMATE,WA006,2013,"{""type"":""Point"",""coordinates"":[-0.17,5.56]}"
201312_6,12,2.844770193099976,TERRACLIMATE,WA007,2013,"{""type"":""Point"",""coordinates"":[-3.9299999999999997,5.349999999999999]}"
201312_7,12,0.0241850260645151,TERRACLIMATE,WA008,2013,"{""type"":""Point"",""coordinates"":[-13.67,9.53]}"
201312_8,12,1.1793265342712402,TERRACLIMATE,WA009,2013,"{""type"":""Point"",""coordinates"":[-13.230000000000002,8.489999999999998]}"
201312_9,12,5.252765655517578,TERRACLIMATE,WA010,2013,"{""type"":""Point"",""coordinates"":[-10.799999999999999,6.3]}"
201312_10,12,0.9092784523963928,TERRACLIMATE,WA011,2013,"{""type"":""Point"",""coordinates"":[1.22,6.130000000000001]}"
201312_11,12,0.7661311030387878,TERRACLIMATE,WA012,2013,"{""type"":""Point"",""coordinates"":[2.42,6.37]}"
201312_12,12,0.0,TERRACLIMATE,WA013,2013,"{""type"":""Point"",""coordinates"":[8.52,12.05]}"
201312_13,12,0.9032257795333862,TERRACLIMATE,WA014,2013,"{""type"":""Point"",""coordinates"":[-1.62,6.69]}"
201312_14,12,0.0,TERRACLIMATE,WA015,2013,"{""type"":""Point"",""coordinates"":[-16.680000000000003,13.45]}"
,12,0.45959917,TERRACLIMATE,WA016,2013,
201401_0,1,0.0242089312523603,TERRACLIMATE,WA001,2014,"{""type"":""Point"",""coordinates"":[-17.470000000000002,14.73]}"
201401_1,1,0.0,TERRACLIMATE,WA002,2014,"{""type"":""Point"",""coordinates"":[-7.949999999999998,12.65]}"
201401_2,1,0.0,TERRACLIMATE,WA003,2014,"{""type"":""Point"",""coordinates"":[-1.5200000000000002,12.360000000000001]}"
201401_3,1,0.0,TERRACLIMATE,WA004,2014,"{""type"":""Point"",""coordinates"":[2.17,13.51]}"
201401_4,1,0.0,TERRACLIMATE,WA005,2014,"{""type"":""Point"",""coordinates"":[7.33,9.07]}"
201401_5,1,1.252052664756775,TERRACLIMATE,WA006,2014,"{""type"":""Point"",""coordinates"":[-0.17,5.56]}"
201401_6,1,1.2500251531600952,TERRACLIMATE,WA007,2014,"{""type"":""Point"",""coordinates"":[-3.9299999999999997,5.349999999999999]}"
201401_7,1,0.0,TERRACLIMATE,WA008,2014,"{""type"":""Point"",""coordinates"":[-13.67,9.53]}"
201401_8,1,0.4011557102203369,TERRACLIMATE,WA009,2014,"{""type"":""Point"",""coordinates"":[-13.230000000000002,8.489999999999998]}"
201401_9,1,1.166243314743042,TERRACLIMATE,WA010,2014,"{""type"":""Point"",""coordinates"":[-10.799999999999999,6.3]}"
201401_10,1,1.399198055267334,TERRACLIMATE,WA011,2014,"{""type"":""Point"",""coordinates"":[1.22,6.130000000000001]}"
201401_11,1,0.8306556940078735,TERRACLIMATE,WA012,2014,"{""type"":""Point"",""coordinates"":[2.42,6.37]}"
201401_12,1,0.0,TERRACLIMATE,WA013,2014,"{""type"":""Point"",""coordinates"":[8.52,12.05]}"
201401_13,1,1.5705993175506592,TERRACLIMATE,WA014,2014,"{""type"":""Point"",""coordinates"":[-1.62,6.69]}"
201401_14,1,0.0,TERRACLIMATE,WA015,2014,"{""type"":""Point"",""coordinates"":[-16.680000000000003,13.45]}"
,1,0.0,TERRACLIMATE,WA016,2014,
201402_0,2,0.0,TERRACLIMATE,WA001,2014,"{""type"":""Point"",""coordinates"":[-17.470000000000002,14.73]}"
201402_1,2,0.0,TERRACLIMATE,WA002,2014,"{""type"":""Point"",""coordinates"":[-7.949999999999998,12.65]}"
201402_2,2,0.0,TERRACLIMATE,WA003,2014,"{""type"":""Point"",""coordinates"":[-1.5200000000000002,12.360000000000001]}"
201402_3,2,0.0,TERRACLIMATE,WA004,2014,"{""type"":""Point"",""coordinates"":[2.17,13.51]}"
201402_4,2,0.0,TERRACLIMATE,WA005,2014,"{""type"":""Point"",""coordinates"":[7.33,9.07]}"
201402_5,2,2.29025936126709,TERRACLIMATE,WA006,2014,"{""type"":""Point"",""coordinates"":[-0.17,5.56]}"
201402_6,2,1.8125321865081787,TERRACLIMATE,WA007,2014,"{""type"":""Point"",""coordinates"":[-3.9299999999999997,5.349999999999999]}"
201402_7,2,0.0,TERRACLIMATE,WA008,2014,"{""type"":""Point"",""coordinates"":[-13.67,9.53]}"
201402_8,2,0.2544326782226562,TERRACLIMATE,WA009,2014,"{""type"":""Point"",""coordinates"":[-13.230000000000002,8.489999999999998]}"
201402_9,2,2.348862409591675,TERRACLIMATE,WA010,2014,"{""type"":""Point"",""coordinates"":[-10.799999999999999,6.3]}"
201402_10,2,1.895119428634644,TERRACLIMATE,WA011,2014,"{""type"":""Point"",""coordinates"":[1.22,6.130000000000001]}"
201402_11,2,1.5803548097610474,TERRACLIMATE,WA012,2014,"{""type"":""Point"",""coordinates"":[2.42,6.37]}"
201402_12,2,0.0,TERRACLIMATE,WA013,2014,"{""type"":""Point"",""coordinates"":[8.52,12.05]}"
201402_13,2,3.1629323959350586,TERRACLIMATE,WA014,2014,"{""type"":""Point"",""coordinates"":[-1.62,6.69]}"
201402_14,2,0.0,TERRACLIMATE,WA015,2014,"{""type"":""Point"",""coordinates"":[-16.680000000000003,13.45]}"
,2,0.029000636,TERRACLIMATE,WA016,2014,
201403_0,3,0.0,TERRACLIMATE,WA001,2014,"{""type"":""Point"",""coordinates"":[-17.470000000000002,14.73]}"
201403_1,3,0.0,TERRACLIMATE,WA002,2014,"{""type"":""Point"",""coordinates"":[-7.949999999999998,12.65]}"
201403_2,3,0.137085810303688,TERRACLIMATE,WA003,2014,"{""type"":""Point"",""coordinates"":[-1.5200000000000002,12.360000000000001]}"
201403_3,3,0.0,TERRACLIMATE,WA004,2014,"{""type"":""Point"",""coordinates"":[2.17,13.51]}"
201403_4,3,0.0,TERRACLIMATE,WA005,2014,"{""type"":""Point"",""coordinates"":[7.33,9.07]}"
201403_5,3,3.43959903717041,TERRACLIMATE,WA006,2014,"{""type"":""Point"",""coordinates"":[-0.17,5.56]}"
201403_6,3,3.139160633087158,TERRACLIMATE,WA007,2014,"{""type"":""Point"",""coordinates"":[-3.9299999999999997,5.349999999999999]}"
201403_7,3,0.0,TERRACLIMATE,WA008,2014,"{""type"":""Point"",""coordinates"":[-13.67,9.53]}"
201403_8,3,0.3850308954715729,TERRACLIMATE,WA009,2014,"{""type"":""Point"",""coordinates"":[-13.230000000000002,8.489999999999998]}"
201403_9,3,3.8435351848602295,TERRACLIMATE,WA010,2014,"{""type"":""Point"",""coordinates"":[-10.799999999999999,6.3]}"
201403_10,3,3.0927741527557373,TERRACLIMATE,WA011,2014,"{""type"":""Point"",""coordinates"":[1.22,6.130000000000001]}"
201403_11,3,2.637099027633667,TERRACLIMATE,WA012,2014,"{""type"":""Point"",""coordinates"":[2.42,6.37]}"
201403_12,3,0.0,TERRACLIMATE,WA013,2014,"{""type"":""Point"",""coordinates"":[8.52,12.05]}"
201403_13,3,4.135074138641357,TERRACLIMATE,WA014,2014,"{""type"":""Point"",""coordinates"":[-1.62,6.69]}"
201403_14,3,0.0,TERRACLIMATE,WA015,2014,"{""type"":""Point"",""coordinates"":[-16.680000000000003,13.45]}"
,3,0.0,TERRACLIMATE,WA016,2014,
201404_0,4,0.0,TERRACLIMATE,WA001,2014,"{""type"":""Point"",""coordinates"":[-17.470000000000002,14.73]}"
201404_1,4,1.1269315481185913,TERRACLIMATE,WA002,2014,"{""type"":""Point"",""coordinates"":[-7.949999999999998,12.65]}"
201404_2,4,1.1666085720062256,TERRACLIMATE,WA003,2014,"{""type"":""Point"",""coordinates"":[-1.5200000000000002,12.360000000000001]}"
201404_3,4,0.0520725287497043,TERRACLIMATE,WA004,2014,"{""type"":""Point"",""coordinates"":[2.17,13.51]}"
201404_4,4,4.729179859161377,TERRACLIMATE,WA005,2014,"{""type"":""Point"",""coordinates"":[7.33,9.07]}"
201404_5,4,2.6292006969451904,TERRACLIMATE,WA006,2014,"{""type"":""Point"",""coordinates"":[-0.17,5.56]}"
201404_6,4,6.858392238616943,TERRACLIMATE,WA007,2014,"{""type"":""Point"",""coordinates"":[-3.9299999999999997,5.349999999999999]}"
201404_7,4,0.0,TERRACLIMATE,WA008,2014,"{""type"":""Point"",""coordinates"":[-13.67,9.53]}"
201404_8,4,1.3789665699005127,TERRACLIMATE,WA009,2014,"{""type"":""Point"",""coordinates"":[-13.230000000000002,8.489999999999998]}"
201404_9,4,4.789953708648682,TERRACLIMATE,WA010,2014,"{""type"":""Point"",""coordinates"":[-10.799999999999999,6.3]}"
201404_10,4,2.3437530994415283,TERRACLIMATE,WA011,2014,"{""type"":""Point"",""coordinates"":[1.22,6.130000000000001]}"
201404_11,4,2.024993419647217,TERRACLIMATE,WA012,2014,"{""type"":""Point"",""coordinates"":[2.42,6.37]}"
201404_12,4,0.6603691577911377,TERRACLIMATE,WA013,2014,"{""type"":""Point"",""coordinates"":[8.52,12.05]}"
201404_13,4,4.483307361602783,TERRACLIMATE,WA014,2014,"{""type"":""Point"",""coordinates"":[-1.62,6.69]}"
201404_14,4,0.0,TERRACLIMATE,WA015,2014,"{""type"":""Point"",""coordinates"":[-16.680000000000003,13.45]}"
,4,0.0,TERRACLIMATE,WA016,2014,
201405_0,5,0.0,TERRACLIMATE,WA001,2014,"{""type"":""Point"",""coordinates"":[-17.470000000000002,14.73]}"
201405_1,5,1.4979702234268188,TERRACLIMATE,WA002,2014,"{""type"":""Point"",""coordinates"":[-7.949999999999998,12.65]}"
201405_2,5,2.0987441539764404,TERRACLIMATE,WA003,2014,"{""type"":""Point"",""coordinates"":[-1.5200000000000002,12.360000000000001]}"
201405_3,5,1.1451168060302734,TERRACLIMATE,WA004,2014,"{""type"":""Point"",""coordinates"":[2.17,13.51]}"
201405_4,5,5.372979640960693,TERRACLIMATE,WA005,2014,"{""type"":""Point"",""coordinates"":[7.33,9.07]}"
201405_5,5,4.006056785583496,TERRACLIMATE,WA006,2014,"{""type"":""Point"",""coordinates"":[-0.17,5.56]}"
201405_6,5,4.701605796813965,TERRACLIMATE,WA007,2014,"{""type"":""Point"",""coordinates"":[-3.9299999999999997,5.349999999999999]}"
201405_7,5,19.56372261047364,TERRACLIMATE,WA008,2014,"{""type"":""Point"",""coordinates"":[-13.67,9.53]}"
201405_8,5,10.275727272033691,TERRACLIMATE,WA009,2014,"{""type"":""Point"",""coordinates"":[-13.230000000000002,8.489999999999998]}"
201405_9,5,13.294929504394531,TERRACLIMATE,WA010,2014,"{""type"":""Point"",""coordinates"":[-10.799999999999999,6.3]}"
201405_10,5,5.247978210449219,TERRACLIMATE,WA011,2014,"{""type"":""Point"",""coordinates"":[1.22,6.130000000000001]}"
201405_11,5,6.169369220733643,TERRACLIMATE,WA012,2014,"{""type"":""Point"",""coordinates"":[2.42,6.37]}"
201405_12,5,1.7075738906860352,TERRACLIMATE,WA013,2014,"{""type"":""Point"",""coordinates"":[8.52,12.05]}"
201405_13,5,3.649200201034546,TERRACLIMATE,WA014,2014,"{""type"":""Point"",""coordinates"":[-1.62,6.69]}"
201405_14,5,0.1572358310222625,TERRACLIMATE,WA015,2014,"{""type"":""Point"",""coordinates"":[-16.680000000000003,13.45]}"
,5,0.0,TERRACLIMATE,WA016,2014,
201406_0,6,0.0395680740475654,TERRACLIMATE,WA001,2014,"{""type"":""Point"",""coordinates"":[-17.470000000000002,14.73]}"
201406_1,6,6.84125566482544,TERRACLIMATE,WA002,2014,"{""type"":""Point"",""coordinates"":[-7.949999999999998,12.65]}"
201406_2,6,3.5895464420318604,TERRACLIMATE,WA003,2014,"{""type"":""Point"",""coordinates"":[-1.5200000000000002,12.360000000000001]}"
201406_3,6,1.785356044769287,TERRACLIMATE,WA004,2014,"{""type"":""Point"",""coordinates"":[2.17,13.51]}"
201406_4,6,4.793772220611572,TERRACLIMATE,WA005,2014,"{""type"":""Point"",""coordinates"":[7.33,9.07]}"
201406_5,6,6.243782997131348,TERRACLIMATE,WA006,2014,"{""type"":""Point"",""coordinates"":[-0.17,5.56]}"
201406_6,6,14.583141326904297,TERRACLIMATE,WA007,2014,"{""type"":""Point"",""coordinates"":[-3.9299999999999997,5.349999999999999]}"
201406_7,6,7.210351467132568,TERRACLIMATE,WA008,2014,"{""type"":""Point"",""coordinates"":[-13.67,9.53]}"
201406_8,6,10.618370056152344,TERRACLIMATE,WA009,2014,"{""type"":""Point"",""coordinates"":[-13.230000000000002,8.489999999999998]}"
201406_9,6,26.16806411743164,TERRACLIMATE,WA010,2014,"{""type"":""Point"",""coordinates"":[-10.799999999999999,6.3]}"
201406_10,6,6.095790386199951,TERRACLIMATE,WA011,2014,"{""type"":""Point"",""coordinates"":[1.22,6.130000000000001]}"
201406_11,6,8.441673278808594,TERRACLIMATE,WA012,2014,"{""type"":""Point"",""coordinates"":[2.42,6.37]}"
201406_12,6,1.699920892715454,TERRACLIMATE,WA013,2014,"{""type"":""Point"",""coordinates"":[8.52,12.05]}"
201406_13,6,6.902138233184815,TERRACLIMATE,WA014,2014,"{""type"":""Point"",""coordinates"":[-1.62,6.69]}"
201406_14,6,0.6457858681678772,TERRACLIMATE,WA015,2014,"{""type"":""Point"",""coordinates"":[-16.680000000000003,13.45]}"
,6,0.0,TERRACLIMATE,WA016,2014,
201407_0,7,1.1832579374313354,TERRACLIMATE,WA001,2014,"{""type"":""Point"",""coordinates"":[-17.470000000000002,14.73]}"
201407_1,7,5.995790004730225,TERRACLIMATE,WA002,2014,"{""type"":""Point"",""coordinates"":[-7.949999999999998,12.65]}"
201407_2,7,5.683504104614258,TERRACLIMATE,WA003,2014,"{""type"":""Point"",""coordinates"":[-1.5200000000000002,12.360000000000001]}"
201407_3,7,4.834606647491455,TERRACLIMATE,WA004,2014,"{""type"":""Point"",""coordinates"":[2.17,13.51]}"
201407_4,7,5.552490234375,TERRACLIMATE,WA005,2014,"{""type"":""Point"",""coordinates"":[7.33,9.07]}"
201407_5,7,2.4960250854492188,TERRACLIMATE,WA006,2014,"{""type"":""Point"",""coordinates"":[-0.17,5.56]}"
201407_6,7,4.010084629058838,TERRACLIMATE,WA007,2014,"{""type"":""Point"",""coordinates"":[-3.9299999999999997,5.349999999999999]}"
201407_7,7,17.818544387817383,TERRACLIMATE,WA008,2014,"{""type"":""Point"",""coordinates"":[-13.67,9.53]}"
201407_8,7,20.537960052490234,TERRACLIMATE,WA009,2014,"{""type"":""Point"",""coordinates"":[-13.230000000000002,8.489999999999998]}"
201407_9,7,63.4904670715332,TERRACLIMATE,WA010,2014,"{""type"":""Point"",""coordinates"":[-10.799999999999999,6.3]}"
201407_10,7,3.959688186645508,TERRACLIMATE,WA011,2014,"{""type"":""Point"",""coordinates"":[1.22,6.130000000000001]}"
201407_11,7,6.693552494049072,TERRACLIMATE,WA012,2014,"{""type"":""Point"",""coordinates"":[2.42,6.37]}"
201407_12,7,6.4756855964660645,TERRACLIMATE,WA013,2014,"{""type"":""Point"",""coordinates"":[8.52,12.05]}"
201407_13,7,3.229839563369751,TERRACLIMATE,WA014,2014,"{""type"":""Point"",""coordinates"":[-1.62,6.69]}"
201407_14,7,5.298274993896484,TERRACLIMATE,WA015,2014,"{""type"":""Point"",""coordinates"":[-16.680000000000003,13.45]}"
,7,0.42535856,TERRACLIMATE,WA016,2014,
201408_0,8,4.5662336349487305,TERRACLIMATE,WA001,2014,"{""type"":""Point"",""coordinates"":[-17.470000000000002,14.73]}"
201408_1,8,6.872983455657959,TERRACLIMATE,WA002,2014,"{""type"":""Point"",""coordinates"":[-7.949999999999998,12.65]}"
201408_2,8,6.953554153442383,TERRACLIMATE,WA003,2014,"{""type"":""Point"",""coordinates"":[-1.5200000000000002,12.360000000000001]}"
201408_3,8,5.469681739807129,TERRACLIMATE,WA004,2014,"{""type"":""Point"",""coordinates"":[2.17,13.51]}"
201408_4,8,8.260212898254395,TERRACLIMATE,WA005,2014,"{""type"":""Point"",""coordinates"":[7.33,9.07]}"
201408_5,8,0.7883400321006775,TERRACLIMATE,WA006,2014,"{""type"":""Point"",""coordinates"":[-0.17,5.56]}"
201408_6,8,0.9960038661956788,TERRACLIMATE,WA007,2014,"{""type"":""Point"",""coordinates"":[-3.9299999999999997,5.349999999999999]}"
201408_7,8,31.04512405395508,TERRACLIMATE,WA008,2014,"{""type"":""Point"",""coordinates"":[-13.67,9.53]}"
201408_8,8,22.71787071228028,TERRACLIMATE,WA009,2014,"{""type"":""Point"",""coordinates"":[-13.230000000000002,8.489999999999998]}"
201408_9,8,9.934160232543944,TERRACLIMATE,WA010,2014,"{""type"":""Point"",""coordinates"":[-10.799999999999999,6.3]}"
201408_10,8,1.4899660348892212,TERRACLIMATE,WA011,2014,"{""type"":""Point"",""coordinates"":[1.22,6.130000000000001]}"
201408_11,8,2.387096881866455,TERRACLIMATE,WA012,2014,"{""type"":""Point"",""coordinates"":[2.42,6.37]}"
201408_12,8,7.546243667602539,TERRACLIMATE,WA013,2014,"{""type"":""Point"",""coordinates"":[8.52,12.05]}"
201408_13,8,1.66733980178833,TERRACLIMATE,WA014,2014,"{""type"":""Point"",""coordinates"":[-1.62,6.69]}"
201408_14,8,12.461196899414062,TERRACLIMATE,WA015,2014,"{""type"":""Point"",""coordinates"":[-16.680000000000003,13.45]}"
,8,1.9010887,TERRACLIMATE,WA016,2014,
201409_0,9,3.197795152664185,TERRACLIMATE,WA001,2014,"{""type"":""Point"",""coordinates"":[-17.470000000000002,14.73]}"
201409_1,9,5.418776988983154,TERRACLIMATE,WA002,2014,"{""type"":""Point"",""coordinates"":[-7.949999999999998,12.65]}"
201409_2,9,5.783290863037109,TERRACLIMATE,WA003,2014,"{""type"":""Point"",""coordinates"":[-1.5200000000000002,12.360000000000001]}"
201409_3,9,3.3186395168304443,TERRACLIMATE,WA004,2014,"{""type"":""Point"",""coordinates"":[2.17,13.51]}"
201409_4,9,13.48764419555664,TERRACLIMATE,WA005,2014,"{""type"":""Point"",""coordinates"":[7.33,9.07]}"
201409_5,9,3.568859815597534,TERRACLIMATE,WA006,2014,"{""type"":""Point"",""coordinates"":[-0.17,5.56]}"
201409_6,9,3.4208950996398926,TERRACLIMATE,WA007,2014,"{""type"":""Point"",""coordinates"":[-3.9299999999999997,5.349999999999999]}"
201409_7,9,23.589534759521484,TERRACLIMATE,WA008,2014,"{""type"":""Point"",""coordinates"":[-13.67,9.53]}"
201409_8,9,17.71493911743164,TERRACLIMATE,WA009,2014,"{""type"":""Point"",""coordinates"":[-13.230000000000002,8.489999999999998]}"
201409_9,9,24.7995548248291,TERRACLIMATE,WA010,2014,"{""type"":""Point"",""coordinates"":[-10.799999999999999,6.3]}"
201409_10,9,3.973013401031494,TERRACLIMATE,WA011,2014,"{""type"":""Point"",""coordinates"":[1.22,6.130000000000001]}"
201409_11,9,5.325028419494629,TERRACLIMATE,WA012,2014,"{""type"":""Point"",""coordinates"":[2.42,6.37]}"
201409_12,9,4.308183193206787,TERRACLIMATE,WA013,2014,"{""type"":""Point"",""coordinates"":[8.52,12.05]}"
201409_13,9,5.9708099365234375,TERRACLIMATE,WA014,2014,"{""type"":""Point"",""coordinates"":[-1.62,6.69]}"
201409_14,9,7.230974197387695,TERRACLIMATE,WA015,2014,"{""type"":""Point"",""coordinates"":[-16.680000000000003,13.45]}"
,9,0.43330222,TERRACLIMATE,WA016,2014,
201410_0,10,1.0946534872055054,TERRACLIMATE,WA001,2014,"{""type"":""Point"",""coordinates"":[-17.470000000000002,14.73]}"
201410_1,10,2.7398834228515625,TERRACLIMATE,WA002,2014,"{""type"":""Point"",""coordinates"":[-7.949999999999998,12.65]}"
201410_2,10,1.1915608644485474,TERRACLIMATE,WA003,2014,"{""type"":""Point"",""coordinates"":[-1.5200000000000002,12.360000000000001]}"
201410_3,10,0.32457235455513,TERRACLIMATE,WA004,2014,"{""type"":""Point"",""coordinates"":[2.17,13.51]}"
201410_4,10,3.60888671875,TERRACLIMATE,WA005,2014,"{""type"":""Point"",""coordinates"":[7.33,9.07]}"
201410_5,10,3.282358169555664,TERRACLIMATE,WA006,2014,"{""type"":""Point"",""coordinates"":[-0.17,5.56]}"
201410_6,10,3.754082202911377,TERRACLIMATE,WA007,2014,"{""type"":""Point"",""coordinates"":[-3.9299999999999997,5.349999999999999]}"
201410_7,10,6.385168552398682,TERRACLIMATE,WA008,2014,"{""type"":""Point"",""coordinates"":[-13.67,9.53]}"
201410_8,10,7.842179775238037,TERRACLIMATE,WA009,2014,"{""type"":""Point"",""coordinates"":[-13.230000000000002,8.489999999999998]}"
201410_9,10,21.102895736694336,TERRACLIMATE,WA010,2014,"{""type"":""Point"",""coordinates"":[-10.799999999999999,6.3]}"
201410_10,10,3.6592769622802734,TERRACLIMATE,WA011,2014,"{""type"":""Point"",""coordinates"":[1.22,6.130000000000001]}"
201410_11,10,4.0322747230529785,TERRACLIMATE,WA012,2014,"{""type"":""Point"",""coordinates"":[2.42,6.37]}"
201410_12,10,0.7197304368019104,TERRACLIMATE,WA013,2014,"{""type"":""Point"",""coordinates"":[8.52,12.05]}"
201410_13,10,5.193596839904785,TERRACLIMATE,WA014,2014,"{""type"":""Point"",""coordinates"":[-1.62,6.69]}"
201410_14,10,3.048257350921631,TERRACLIMATE,WA015,2014,"{""type"":""Point"",""coordinates"":[-16.680000000000003,13.45]}"
,10,0.032258064,TERRACLIMATE,WA016,2014,
201411_0,11,0.0,TERRACLIMATE,WA001,2014,"{""type"":""Point"",""coordinates"":[-17.470000000000002,14.73]}"
201411_1,11,0.3145779073238373,TERRACLIMATE,WA002,2014,"{""type"":""Point"",""coordinates"":[-7.949999999999998,12.65]}"
201411_2,11,0.0333333350718021,TERRACLIMATE,WA003,2014,"{""type"":""Point"",""coordinates"":[-1.5200000000000002,12.360000000000001]}"
201411_3,11,0.0,TERRACLIMATE,WA004,2014,"{""type"":""Point"",""coordinates"":[2.17,13.51]}"
201411_4,11,0.0,TERRACLIMATE,WA005,2014,"{""type"":""Point"",""coordinates"":[7.33,9.07]}"
201411_5,11,4.010495185852051,TERRACLIMATE,WA006,2014,"{""type"":""Point"",""coordinates"":[-0.17,5.56]}"
201411_6,11,6.322983264923096,TERRACLIMATE,WA007,2014,"{""type"":""Point"",""coordinates"":[-3.9299999999999997,5.349999999999999]}"
201411_7,11,0.4810825288295746,TERRACLIMATE,WA008,2014,"{""type"":""Point"",""coordinates"":[-13.67,9.53]}"
201411_8,11,4.995619297027588,TERRACLIMATE,WA009,2014,"{""type"":""Point"",""coordinates"":[-13.230000000000002,8.489999999999998]}"
201411_9,11,10.847869873046877,TERRACLIMATE,WA010,2014,"{""type"":""Point"",""coordinates"":[-10.799999999999999,6.3]}"
201411_10,11,4.579164028167725,TERRACLIMATE,WA011,2014,"{""type"":""Point"",""coordinates"":[1.22,6.130000000000001]}"
201411_11,11,3.4999914169311523,TERRACLIMATE,WA012,2014,"{""type"":""Point"",""coordinates"":[2.42,6.37]}"
201411_12,11,0.0,TERRACLIMATE,WA013,2014,"{""type"":""Point"",""coordinates"":[8.52,12.05]}"
201411_13,11,4.970914363861084,TERRACLIMATE,WA014,2014,"{""type"":""Point"",""coordinates"":[-1.62,6.69]}"
201411_14,11,0.0,TERRACLIMATE,WA015,2014,"{""type"":""Point"",""coordinates"":[-16.680000000000003,13.45]}"
,11,0.0,TERRACLIMATE,WA016,2014,
201412_0,12,0.0,TERRACLIMATE,WA001,2014,"{""type"":""Point"",""coordinates"":[-17.470000000000002,14.73]}"
201412_1,12,0.0,TERRACLIMATE,WA002,2014,"{""type"":""Point"",""coordinates"":[-7.949999999999998,12.65]}"
201412_2,12,0.0,TERRACLIMATE,WA003,2014,"{""type"":""Point"",""coordinates"":[-1.5200000000000002,12.360000000000001]}"
201412_3,12,0.0,TERRACLIMATE,WA004,2014,"{""type"":""Point"",""coordinates"":[2.17,13.51]}"
201412_4,12,0.0,TERRACLIMATE,WA005,2014,"{""type"":""Point"",""coordinates"":[7.33,9.07]}"
201412_5,12,0.4133129119873047,TERRACLIMATE,WA006,2014,"{""type"":""Point"",""coordinates"":[-0.17,5.56]}"
201412_6,12,1.3165283203125,TERRACLIMATE,WA007,2014,"{""type"":""Point"",""coordinates"":[-3.9299999999999997,5.349999999999999]}"
201412_7,12,0.0,TERRACLIMATE,WA008,2014,"{""type"":""Point"",""coordinates"":[-13.67,9.53]}"
201412_8,12,0.8143680691719055,TERRACLIMATE,WA009,2014,"{""type"":""Point"",""coordinates"":[-13.230000000000002,8.489999999999998]}"
201412_9,12,2.0598814487457275,TERRACLIMATE,WA010,2014,"{""type"":""Point"",""coordinates"":[-10.799999999999999,6.3]}"
201412_10,12,0.3125018179416656,TERRACLIMATE,WA011,2014,"{""type"":""Point"",""coordinates"":[1.22,6.130000000000001]}"
201412_11,12,0.2661269307136535,TERRACLIMATE,WA012,2014,"{""type"":""Point"",""coordinates"":[2.42,6.37]}"
201412_12,12,0.0,TERRACLIMATE,WA013,2014,"{""type"":""Point"",""coordinates"":[8.52,12.05]}"
201412_13,12,0.346768319606781,TERRACLIMATE,WA014,2014,"{""type"":""Point"",""coordinates"":[-1.62,6.69]}"
201412_14,12,0.0,TERRACLIMATE,WA015,2014,"{""type"":""Point"",""coordinates"":[-16.680000000000003,13.45]}"
,12,0.0,TERRACLIMATE,WA016,2014,
201501_0,1,0.0,TERRACLIMATE,WA001,2015,"{""type"":""Point"",""coordinates"":[-17.470000000000002,14.73]}"
201501_1,1,0.0,TERRACLIMATE,WA002,2015,"{""type"":""Point"",""coordinates"":[-7.949999999999998,12.65]}"
201501_2,1,0.0,TERRACLIMATE,WA003,2015,"{""type"":""Point"",""coordinates"":[-1.5200000000000002,12.360000000000001]}"
201501_3,1,0.0,TERRACLIMATE,WA004,2015,"{""type"":""Point"",""coordinates"":[2.17,13.51]}"
201501_4,1,0.0,TERRACLIMATE,WA005,2015,"{""type"":""Point"",""coordinates"":[7.33,9.07]}"
201501_5,1,0.250010073184967,TERRACLIMATE,WA006,2015,"{""type"":""Point"",""coordinates"":[-0.17,5.56]}"
201501_6,1,0.7096787095069885,TERRACLIMATE,WA007,2015,"{""type"":""Point"",""coordinates"":[-3.9299999999999997,5.349999999999999]}"
201501_7,1,0.0,TERRACLIMATE,WA008,2015,"{""type"":""Point"",""coordinates"":[-13.67,9.53]}"
201501_8,1,0.1955274939537048,TERRACLIMATE,WA009,2015,"{""type"":""Point"",""coordinates"":[-13.230000000000002,8.489999999999998]}"
201501_9,1,0.8908787369728088,TERRACLIMATE,WA010,2015,"{""type"":""Point"",""coordinates"":[-10.799999999999999,6.3]}"
201501_10,1,0.159277006983757,TERRACLIMATE,WA011,2015,"{""type"":""Point"",""coordinates"":[1.22,6.130000000000001]}"
201501_11,1,0.0322580635547637,TERRACLIMATE,WA012,2015,"{""type"":""Point"",""coordinates"":[2.42,6.37]}"
201501_12,1,0.0,TERRACLIMATE,WA013,2015,"{""type"":""Point"",""coordinates"":[8.52,12.05]}"
201501_13,1,0.1935483813285827,TERRACLIMATE,WA014,2015,"{""type"":""Point"",""coordinates"":[-1.62,6.69]}"
201501_14,1,0.0,TERRACLIMATE,WA015,2015,"{""type"":""Point"",""coordinates"":[-16.680000000000003,13.45]}"
,1,0.0,TERRACLIMATE,WA016,2015,
201502_0,2,0.0558369569480419,TERRACLIMATE,WA001,2015,"{""type"":""Point"",""coordinates"":[-17.470000000000002,14.73]}"
201502_1,2,0.0,TERRACLIMATE,WA002,2015,"{""type"":""Point"",""coordinates"":[-7.949999999999998,12.65]}"
201502_2,2,0.4017403721809387,TERRACLIMATE,WA003,2015,"{""type"":""Point"",""coordinates"":[-1.5200000000000002,12.360000000000001]}"
201502_3,2,0.0,TERRACLIMATE,WA004,2015,"{""type"":""Point"",""coordinates"":[2.17,13.51]}"
201502_4,2,0.0,TERRACLIMATE,WA005,2015,"{""type"":""Point"",""coordinates"":[7.33,9.07]}"
201502_5,2,2.2835588455200195,TERRACLIMATE,WA006,2015,"{""type"":""Point"",""coordinates"":[-0.17,5.56]}"
201502_6,2,3.375062942504883,TERRACLIMATE,WA007,2015,"{""type"":""Point"",""coordinates"":[-3.9299999999999997,5.349999999999999]}"
201502_7,2,0.0,TERRACLIMATE,WA008,2015,"{""type"":""Point"",""coordinates"":[-13.67,9.53]}"
201502_8,2,0.4999121427536011,TERRACLIMATE,WA009,2015,"{""type"":""Point"",""coordinates"":[-13.230000000000002,8.489999999999998]}"
201502_9,2,1.9944692850112915,TERRACLIMATE,WA010,2015,"{""type"":""Point"",""coordinates"":[-10.799999999999999,6.3]}"
201502_10,2,1.946468949317932,TERRACLIMATE,WA011,2015,"{""type"":""Point"",""coordinates"":[1.22,6.130000000000001]}"
201502_11,2,1.4374977350234983,TERRACLIMATE,WA012,2015,"{""type"":""Point"",""coordinates"":[2.42,6.37]}"
201502_12,2,0.0,TERRACLIMATE,WA013,2015,"{""type"":""Point"",""coordinates"":[8.52,12.05]}"
201502_13,2,4.975463390350342,TERRACLIMATE,WA014,2015,"{""type"":""Point"",""coordinates"":[-1.62,6.69]}"
201502_14,2,0.0,TERRACLIMATE,WA015,2015,"{""type"":""Point"",""coordinates"":[-16.680000000000003,13.45]}"
,2,0.071428575,TERRACLIMATE,WA016,2015,
201503_0,3,0.0,TERRACLIMATE,WA001,2015,"{""type"":""Point"",""coordinates"":[-17.470000000000002,14.73]}"
201503_1,3,0.0,TERRACLIMATE,WA002,2015,"{""type"":""Point"",""coordinates"":[-7.949999999999998,12.65]}"
201503_2,3,0.1955621242523193,TERRACLIMATE,WA003,2015,"{""type"":""Point"",""coordinates"":[-1.5200000000000002,12.360000000000001]}"
201503_3,3,0.145157516002655,TERRACLIMATE,WA004,2015,"{""type"":""Point"",""coordinates"":[2.17,13.51]}"
201503_4,3,1.493953824043274,TERRACLIMATE,WA005,2015,"{""type"":""Point"",""coordinates"":[7.33,9.07]}"
201503_5,3,4.594876766204834,TERRACLIMATE,WA006,2015,"{""type"":""Point"",""coordinates"":[-0.17,5.56]}"
201503_6,3,3.7500319480896,TERRACLIMATE,WA007,2015,"{""type"":""Point"",""coordinates"":[-3.9299999999999997,5.349999999999999]}"
201503_7,3,0.0,TERRACLIMATE,WA008,2015,"{""type"":""Point"",""coordinates"":[-13.67,9.53]}"
201503_8,3,0.3850308954715729,TERRACLIMATE,WA009,2015,"{""type"":""Point"",""coordinates"":[-13.230000000000002,8.489999999999998]}"
201503_9,3,3.054610013961792,TERRACLIMATE,WA010,2015,"{""type"":""Point"",""coordinates"":[-10.799999999999999,6.3]}"
201503_10,3,6.637186527252197,TERRACLIMATE,WA011,2015,"{""type"":""Point"",""coordinates"":[1.22,6.130000000000001]}"
201503_11,3,7.000008583068848,TERRACLIMATE,WA012,2015,"{""type"":""Point"",""coordinates"":[2.42,6.37]}"
201503_12,3,0.0,TERRACLIMATE,WA013,2015,"{""type"":""Point"",""coordinates"":[8.52,12.05]}"
201503_13,3,4.082632541656494,TERRACLIMATE,WA014,2015,"{""type"":""Point"",""coordinates"":[-1.62,6.69]}"
201503_14,3,0.0,TERRACLIMATE,WA015,2015,"{""type"":""Point"",""coordinates"":[-16.680000000000003,13.45]}"
,3,0.12293422,TERRACLIMATE,WA016,2015,
201504_0,4,0.0,TERRACLIMATE,WA001,2015,"{""type"":""Point"",""coordinates"":[-17.470000000000002,14.73]}"
201504_1,4,0.3166623413562774,TERRACLIMATE,WA002,2015,"{""type"":""Point"",""coordinates"":[-7.949999999999998,12.65]}"
201504_2,4,0.0270793884992599,TERRACLIMATE,WA003,2015,"{""type"":""Point"",""coordinates"":[-1.5200000000000002,12.360000000000001]}"
201504_3,4,0.0333333350718021,TERRACLIMATE,WA004,2015,"{""type"":""Point"",""coordinates"":[2.17,13.51]}"
201504_4,4,0.0,TERRACLIMATE,WA005,2015,"{""type"":""Point"",""coordinates"":[7.33,9.07]}"
201504_5,4,2.045862197875977,TERRACLIMATE,WA006,2015,"{""type"":""Point"",""coordinates"":[-0.17,5.56]}"
201504_6,4,4.391714096069336,TERRACLIMATE,WA007,2015,"{""type"":""Point"",""coordinates"":[-3.9299999999999997,5.349999999999999]}"
201504_7,4,0.5458329916000366,TERRACLIMATE,WA008,2015,"{""type"":""Point"",""coordinates"":[-13.67,9.53]}"
201504_8,4,1.3789665699005127,TERRACLIMATE,WA009,2015,"{""type"":""Point"",""coordinates"":[-13.230000000000002,8.489999999999998]}"
201504_9,4,3.5901949405670166,TERRACLIMATE,WA010,2015,"{""type"":""Point"",""coordinates"":[-10.799999999999999,6.3]}"
201504_10,4,1.7000092267990112,TERRACLIMATE,WA011,2015,"{""type"":""Point"",""coordinates"":[1.22,6.130000000000001]}"
201504_11,4,1.8833290338516235,TERRACLIMATE,WA012,2015,"{""type"":""Point"",""coordinates"":[2.42,6.37]}"
201504_12,4,0.0395864769816398,TERRACLIMATE,WA013,2015,"{""type"":""Point"",""coordinates"":[8.52,12.05]}"
201504_13,4,3.481226921081543,TERRACLIMATE,WA014,2015,"{""type"":""Point"",""coordinates"":[-1.62,6.69]}"
201504_14,4,0.0,TERRACLIMATE,WA015,2015,"{""type"":""Point"",""coordinates"":[-16.680000000000003,13.45]}"
,4,0.0,TERRACLIMATE,WA016,2015,
201505_0,5,0.0,TERRACLIMATE,WA001,2015,"{""type"":""Point"",""coordinates"":[-17.470000000000002,14.73]}"
201505_1,5,0.927399754524231,TERRACLIMATE,WA002,2015,"{""type"":""Point"",""coordinates"":[-7.949999999999998,12.65]}"
201505_2,5,1.0342718362808228,TERRACLIMATE,WA003,2015,"{""type"":""Point"",""coordinates"":[-1.5200000000000002,12.360000000000001]}"
201505_3,5,0.1209556758403778,TERRACLIMATE,WA004,2015,"{""type"":""Point"",""coordinates"":[2.17,13.51]}"
201505_4,5,4.092716693878174,TERRACLIMATE,WA005,2015,"{""type"":""Point"",""coordinates"":[7.33,9.07]}"
201505_5,5,2.8810551166534424,TERRACLIMATE,WA006,2015,"{""type"":""Point"",""coordinates"":[-0.17,5.56]}"
201505_6,5,5.562448024749756,TERRACLIMATE,WA007,2015,"{""type"":""Point"",""coordinates"":[-3.9299999999999997,5.349999999999999]}"
201505_7,5,1.556335210800171,TERRACLIMATE,WA008,2015,"{""type"":""Point"",""coordinates"":[-13.67,9.53]}"
201505_8,5,5.755758285522461,TERRACLIMATE,WA009,2015,"{""type"":""Point"",""coordinates"":[-13.230000000000002,8.489999999999998]}"
201505_9,5,11.665051460266112,TERRACLIMATE,WA010,2015,"{""type"":""Point"",""coordinates"":[-10.799999999999999,6.3]}"
201505_10,5,2.8266141414642334,TERRACLIMATE,WA011,2015,"{""type"":""Point"",""coordinates"":[1.22,6.130000000000001]}"
201505_11,5,3.096782684326172,TERRACLIMATE,WA012,2015,"{""type"":""Point"",""coordinates"":[2.42,6.37]}"
201505_12,5,0.145142912864685,TERRACLIMATE,WA013,2015,"{""type"":""Point"",""coordinates"":[8.52,12.05]}"
201505_13,5,3.905247926712036,TERRACLIMATE,WA014,2015,"{""type"":""Point"",""coordinates"":[-1.62,6.69]}"
201505_14,5,0.0,TERRACLIMATE,WA015,2015,"{""type"":""Point"",""coordinates"":[-16.680000000000003,13.45]}"
,5,0.0,TERRACLIMATE,WA016,2015,
201506_0,6,0.0729014128446579,TERRACLIMATE,WA001,2015,"{""type"":""Point"",""coordinates"":[-17.470000000000002,14.73]}"
201506_1,6,4.335344314575195,TERRACLIMATE,WA002,2015,"{""type"":""Point"",""coordinates"":[-7.949999999999998,12.65]}"
201506_2,6,3.554184436798096,TERRACLIMATE,WA003,2015,"{""type"":""Point"",""coordinates"":[-1.5200000000000002,12.360000000000001]}"
201506_3,6,2.045784711837769,TERRACLIMATE,WA004,2015,"{""type"":""Point"",""coordinates"":[2.17,13.51]}"
201506_4,6,8.73962688446045,TERRACLIMATE,WA005,2015,"{""type"":""Point"",""coordinates"":[7.33,9.07]}"
201506_5,6,5.800011157989502,TERRACLIMATE,WA006,2015,"{""type"":""Point"",""coordinates"":[-0.17,5.56]}"
201506_6,6,15.589262962341309,TERRACLIMATE,WA007,2015,"{""type"":""Point"",""coordinates"":[-3.9299999999999997,5.349999999999999]}"
201506_7,6,8.033258438110352,TERRACLIMATE,WA008,2015,"{""type"":""Point"",""coordinates"":[-13.67,9.53]}"
201506_8,6,10.703875541687012,TERRACLIMATE,WA009,2015,"{""type"":""Point"",""coordinates"":[-13.230000000000002,8.489999999999998]}"
201506_9,6,22.09848022460937,TERRACLIMATE,WA010,2015,"{""type"":""Point"",""coordinates"":[-10.799999999999999,6.3]}"
201506_10,6,5.360377311706543,TERRACLIMATE,WA011,2015,"{""type"":""Point"",""coordinates"":[1.22,6.130000000000001]}"
201506_11,6,7.841673374176025,TERRACLIMATE,WA012,2015,"{""type"":""Point"",""coordinates"":[2.42,6.37]}"
201506_12,6,2.468634366989136,TERRACLIMATE,WA013,2015,"{""type"":""Point"",""coordinates"":[8.52,12.05]}"
201506_13,6,4.8562331199646,TERRACLIMATE,WA014,2015,"{""type"":""Point"",""coordinates"":[-1.62,6.69]}"
201506_14,6,1.1624341011047363,TERRACLIMATE,WA015,2015,"{""type"":""Point"",""coordinates"":[-16.680000000000003,13.45]}"
,6,0.0,TERRACLIMATE,WA016,2015,
201507_0,7,1.6752063035964966,TERRACLIMATE,WA001,2015,"{""type"":""Point"",""coordinates"":[-17.470000000000002,14.73]}"
201507_1,7,7.572651863098144,TERRACLIMATE,WA002,2015,"{""type"":""Point"",""coordinates"":[-7.949999999999998,12.65]}"
201507_2,7,6.576606750488281,TERRACLIMATE,WA003,2015,"{""type"":""Point"",""coordinates"":[-1.5200000000000002,12.360000000000001]}"
201507_3,7,4.338558673858643,TERRACLIMATE,WA004,2015,"{""type"":""Point"",""coordinates"":[2.17,13.51]}"
201507_4,7,4.23393440246582,TERRACLIMATE,WA005,2015,"{""type"":""Point"",""coordinates"":[7.33,9.07]}"
201507_5,7,0.6552583575248718,TERRACLIMATE,WA006,2015,"{""type"":""Point"",""coordinates"":[-0.17,5.56]}"
201507_6,7,2.1532130241394043,TERRACLIMATE,WA007,2015,"{""type"":""Point"",""coordinates"":[-3.9299999999999997,5.349999999999999]}"
201507_7,7,25.02652931213379,TERRACLIMATE,WA008,2015,"{""type"":""Point"",""coordinates"":[-13.67,9.53]}"
201507_8,7,21.15884590148925,TERRACLIMATE,WA009,2015,"{""type"":""Point"",""coordinates"":[-13.230000000000002,8.489999999999998]}"
201507_9,7,13.215632438659668,TERRACLIMATE,WA010,2015,"{""type"":""Point"",""coordinates"":[-10.799999999999999,6.3]}"
201507_10,7,0.6552445292472839,TERRACLIMATE,WA011,2015,"{""type"":""Point"",""coordinates"":[1.22,6.130000000000001]}"
201507_11,7,1.0564537048339844,TERRACLIMATE,WA012,2015,"{""type"":""Point"",""coordinates"":[2.42,6.37]}"
201507_12,7,5.669267177581787,TERRACLIMATE,WA013,2015,"{""type"":""Point"",""coordinates"":[8.52,12.05]}"
201507_13,7,1.8851007223129272,TERRACLIMATE,WA014,2015,"{""type"":""Point"",""coordinates"":[-1.62,6.69]}"
201507_14,7,4.630900859832764,TERRACLIMATE,WA015,2015,"{""type"":""Point"",""coordinates"":[-16.680000000000003,13.45]}"
,7,0.088693626,TERRACLIMATE,WA016,2015,
201508_0,8,9.24756145477295,TERRACLIMATE,WA001,2015,"{""type"":""Point"",""coordinates"":[-17.470000000000002,14.73]}"
201508_1,8,9.036336898803713,TERRACLIMATE,WA002,2015,"{""type"":""Point"",""coordinates"":[-7.949999999999998,12.65]}"
201508_2,8,9.163272857666016,TERRACLIMATE,WA003,2015,"{""type"":""Point"",""coordinates"":[-1.5200000000000002,12.360000000000001]}"
201508_3,8,5.445472240447998,TERRACLIMATE,WA004,2015,"{""type"":""Point"",""coordinates"":[2.17,13.51]}"
201508_4,8,10.18968391418457,TERRACLIMATE,WA005,2015,"{""type"":""Point"",""coordinates"":[7.33,9.07]}"
201508_5,8,1.0423800945281982,TERRACLIMATE,WA006,2015,"{""type"":""Point"",""coordinates"":[-0.17,5.56]}"
201508_6,8,1.1633248329162598,TERRACLIMATE,WA007,2015,"{""type"":""Point"",""coordinates"":[-3.9299999999999997,5.349999999999999]}"
201508_7,8,61.46750259399414,TERRACLIMATE,WA008,2015,"{""type"":""Point"",""coordinates"":[-13.67,9.53]}"
201508_8,8,29.94786071777344,TERRACLIMATE,WA009,2015,"{""type"":""Point"",""coordinates"":[-13.230000000000002,8.489999999999998]}"
201508_9,8,20.573808670043945,TERRACLIMATE,WA010,2015,"{""type"":""Point"",""coordinates"":[-10.799999999999999,6.3]}"
201508_10,8,1.022204875946045,TERRACLIMATE,WA011,2015,"{""type"":""Point"",""coordinates"":[1.22,6.130000000000001]}"
201508_11,8,1.6129032373428345,TERRACLIMATE,WA012,2015,"{""type"":""Point"",""coordinates"":[2.42,6.37]}"
201508_12,8,9.181278228759766,TERRACLIMATE,WA013,2015,"{""type"":""Point"",""coordinates"":[8.52,12.05]}"
201508_13,8,2.3407187461853027,TERRACLIMATE,WA014,2015,"{""type"":""Point"",""coordinates"":[-1.62,6.69]}"
201508_14,8,14.69934368133545,TERRACLIMATE,WA015,2015,"{""type"":""Point"",""coordinates"":[-16.680000000000003,13.45]}"
,8,3.00787,TERRACLIMATE,WA016,2015,
201509_0,9,2.972856283187866,TERRACLIMATE,WA001,2015,"{""type"":""Point"",""coordinates"":[-17.470000000000002,14.73]}"
201509_1,9,3.629389524459839,TERRACLIMATE,WA002,2015,"{""type"":""Point"",""coordinates"":[-7.949999999999998,12.65]}"
201509_2,9,5.048173904418945,TERRACLIMATE,WA003,2015,"{""type"":""Point"",""coordinates"":[-1.5200000000000002,12.360000000000001]}"
201509_3,9,4.033254623413086,TERRACLIMATE,WA004,2015,"{""type"":""Point"",""coordinates"":[2.17,13.51]}"
201509_4,9,6.9271626472473145,TERRACLIMATE,WA005,2015,"{""type"":""Point"",""coordinates"":[7.33,9.07]}"
201509_5,9,0.912533402442932,TERRACLIMATE,WA006,2015,"{""type"":""Point"",""coordinates"":[-0.17,5.56]}"
201509_6,9,0.8750316500663757,TERRACLIMATE,WA007,2015,"{""type"":""Point"",""coordinates"":[-3.9299999999999997,5.349999999999999]}"
201509_7,9,13.7666597366333,TERRACLIMATE,WA008,2015,"{""type"":""Point"",""coordinates"":[-13.67,9.53]}"
201509_8,9,12.058520317077637,TERRACLIMATE,WA009,2015,"{""type"":""Point"",""coordinates"":[-13.230000000000002,8.489999999999998]}"
201509_9,9,21.51229858398437,TERRACLIMATE,WA010,2015,"{""type"":""Point"",""coordinates"":[-10.799999999999999,6.3]}"
201509_10,9,2.675076484680176,TERRACLIMATE,WA011,2015,"{""type"":""Point"",""coordinates"":[1.22,6.130000000000001]}"
201509_11,9,7.441681861877441,TERRACLIMATE,WA012,2015,"{""type"":""Point"",""coordinates"":[2.42,6.37]}"
201509_12,9,2.7894883155822754,TERRACLIMATE,WA013,2015,"{""type"":""Point"",""coordinates"":[8.52,12.05]}"
201509_13,9,2.4146177768707275,TERRACLIMATE,WA014,2015,"{""type"":""Point"",""coordinates"":[-1.62,6.69]}"
201509_14,9,12.072259902954102,TERRACLIMATE,WA015,2015,"{""type"":""Point"",""coordinates"":[-16.680000000000003,13.45]}"
,9,0.77287054,TERRACLIMATE,WA016,2015,
201510_0,10,2.1068129539489746,TERRACLIMATE,WA001,2015,"{""type"":""Point"",""coordinates"":[-17.470000000000002,14.73]}"
201510_1,10,2.669318437576294,TERRACLIMATE,WA002,2015,"{""type"":""Point"",""coordinates"":[-7.949999999999998,12.65]}"
201510_2,10,1.4355072975158691,TERRACLIMATE,WA003,2015,"{""type"":""Point"",""coordinates"":[-1.5200000000000002,12.360000000000001]}"
201510_3,10,0.580596923828125,TERRACLIMATE,WA004,2015,"{""type"":""Point"",""coordinates"":[2.17,13.51]}"
201510_4,10,3.004055976867676,TERRACLIMATE,WA005,2015,"{""type"":""Point"",""coordinates"":[7.33,9.07]}"
201510_5,10,3.9053585529327393,TERRACLIMATE,WA006,2015,"{""type"":""Point"",""coordinates"":[-0.17,5.56]}"
201510_6,10,5.951657295227051,TERRACLIMATE,WA007,2015,"{""type"":""Point"",""coordinates"":[-3.9299999999999997,5.349999999999999]}"
201510_7,10,17.705705642700195,TERRACLIMATE,WA008,2015,"{""type"":""Point"",""coordinates"":[-13.67,9.53]}"
201510_8,10,10.845245361328123,TERRACLIMATE,WA009,2015,"{""type"":""Point"",""coordinates"":[-13.230000000000002,8.489999999999998]}"
201510_9,10,23.2105655670166,TERRACLIMATE,WA010,2015,"{""type"":""Point"",""coordinates"":[-10.799999999999999,6.3]}"
201510_10,10,4.665328979492188,TERRACLIMATE,WA011,2015,"{""type"":""Point"",""coordinates"":[1.22,6.130000000000001]}"
201510_11,10,5.693569660186768,TERRACLIMATE,WA012,2015,"{""type"":""Point"",""coordinates"":[2.42,6.37]}"
201510_12,10,0.9092373847961426,TERRACLIMATE,WA013,2015,"{""type"":""Point"",""coordinates"":[8.52,12.05]}"
201510_13,10,7.737993240356445,TERRACLIMATE,WA014,2015,"{""type"":""Point"",""coordinates"":[-1.62,6.69]}"
201510_14,10,5.062191963195801,TERRACLIMATE,WA015,2015,"{""type"":""Point"",""coordinates"":[-16.680000000000003,13.45]}"
,10,0.18748444,TERRACLIMATE,WA016,2015,
201511_0,11,0.0,TERRACLIMATE,WA001,2015,"{""type"":""Point"",""coordinates"":[-17.470000000000002,14.73]}"
201511_1,11,0.1249884590506553,TERRACLIMATE,WA002,2015,"{""type"":""Point"",""coordinates"":[-7.949999999999998,12.65]}"
201511_2,11,0.0,TERRACLIMATE,WA003,2015,"{""type"":""Point"",""coordinates"":[-1.5200000000000002,12.360000000000001]}"
201511_3,11,0.0,TERRACLIMATE,WA004,2015,"{""type"":""Point"",""coordinates"":[2.17,13.51]}"
201511_4,11,0.2854154706001282,TERRACLIMATE,WA005,2015,"{""type"":""Point"",""coordinates"":[7.33,9.07]}"
201511_5,11,2.622962236404419,TERRACLIMATE,WA006,2015,"{""type"":""Point"",""coordinates"":[-0.17,5.56]}"
201511_6,11,7.141654968261719,TERRACLIMATE,WA007,2015,"{""type"":""Point"",""coordinates"":[-3.9299999999999997,5.349999999999999]}"
201511_7,11,0.0,TERRACLIMATE,WA008,2015,"{""type"":""Point"",""coordinates"":[-13.67,9.53]}"
201511_8,11,3.145388126373291,TERRACLIMATE,WA009,2015,"{""type"":""Point"",""coordinates"":[-13.230000000000002,8.489999999999998]}"
201511_9,11,6.525502681732178,TERRACLIMATE,WA010,2015,"{""type"":""Point"",""coordinates"":[-10.799999999999999,6.3]}"
201511_10,11,2.1604182720184326,TERRACLIMATE,WA011,2015,"{""type"":""Point"",""coordinates"":[1.22,6.130000000000001]}"
201511_11,11,1.4083311557769775,TERRACLIMATE,WA012,2015,"{""type"":""Point"",""coordinates"":[2.42,6.37]}"
201511_12,11,0.0,TERRACLIMATE,WA013,2015,"{""type"":""Point"",""coordinates"":[8.52,12.05]}"
201511_13,11,3.2249984741210938,TERRACLIMATE,WA014,2015,"{""type"":""Point"",""coordinates"":[-1.62,6.69]}"
201511_14,11,0.0416544340550899,TERRACLIMATE,WA015,2015,"{""type"":""Point"",""coordinates"":[-16.680000000000003,13.45]}"
,11,0.0,TERRACLIMATE,WA016,2015,
201512_0,12,0.0020155140664428,TERRACLIMATE,WA001,2015,"{""type"":""Point"",""coordinates"":[-17.470000000000002,14.73]}"
201512_1,12,0.0,TERRACLIMATE,WA002,2015,"{""type"":""Point"",""coordinates"":[-7.949999999999998,12.65]}"
201512_2,12,0.0080535598099231,TERRACLIMATE,WA003,2015,"{""type"":""Point"",""coordinates"":[-1.5200000000000002,12.360000000000001]}"
201512_3,12,0.0,TERRACLIMATE,WA004,2015,"{""type"":""Point"",""coordinates"":[2.17,13.51]}"
201512_4,12,0.0,TERRACLIMATE,WA005,2015,"{""type"":""Point"",""coordinates"":[7.33,9.07]}"
201512_5,12,0.0322580635547637,TERRACLIMATE,WA006,2015,"{""type"":""Point"",""coordinates"":[-0.17,5.56]}"
201512_6,12,0.4274296462535858,TERRACLIMATE,WA007,2015,"{""type"":""Point"",""coordinates"":[-3.9299999999999997,5.349999999999999]}"
201512_7,12,0.0,TERRACLIMATE,WA008,2015,"{""type"":""Point"",""coordinates"":[-13.67,9.53]}"
201512_8,12,0.8143680691719055,TERRACLIMATE,WA009,2015,"{""type"":""Point"",""coordinates"":[-13.230000000000002,8.489999999999998]}"
201512_9,12,4.034862041473389,TERRACLIMATE,WA010,2015,"{""type"":""Point"",""coordinates"":[-10.799999999999999,6.3]}"
201512_10,12,0.0,TERRACLIMATE,WA011,2015,"{""type"":""Point"",""coordinates"":[1.22,6.130000000000001]}"
201512_11,12,0.0,TERRACLIMATE,WA012,2015,"{""type"":""Point"",""coordinates"":[2.42,6.37]}"
201512_12,12,0.0,TERRACLIMATE,WA013,2015,"{""type"":""Point"",""coordinates"":[8.52,12.05]}"
201512_13,12,0.0645161271095275,TERRACLIMATE,WA014,2015,"{""type"":""Point"",""coordinates"":[-1.62,6.69]}"
201512_14,12,0.0322580635547637,TERRACLIMATE,WA015,2015,"{""type"":""Point"",""coordinates"":[-16.680000000000003,13.45]}"
,12,0.058452185,TERRACLIMATE,WA016,2015,
201601_0,1,0.0,TERRACLIMATE,WA001,2016,"{""type"":""Point"",""coordinates"":[-17.470000000000002,14.73]}"
201601_1,1,0.0,TERRACLIMATE,WA002,2016,"{""type"":""Point"",""coordinates"":[-7.949999999999998,12.65]}"
201601_2,1,0.0,TERRACLIMATE,WA003,2016,"{""type"":""Point"",""coordinates"":[-1.5200000000000002,12.360000000000001]}"
201601_3,1,0.0,TERRACLIMATE,WA004,2016,"{""type"":""Point"",""coordinates"":[2.17,13.51]}"
201601_4,1,0.0,TERRACLIMATE,WA005,2016,"{""type"":""Point"",""coordinates"":[7.33,9.07]}"
201601_5,1,0.2479877918958664,TERRACLIMATE,WA006,2016,"{""type"":""Point"",""coordinates"":[-0.17,5.56]}"
201601_6,1,0.8971800804138184,TERRACLIMATE,WA007,2016,"{""type"":""Point"",""coordinates"":[-3.9299999999999997,5.349999999999999]}"
201601_7,1,0.0,TERRACLIMATE,WA008,2016,"{""type"":""Point"",""coordinates"":[-13.67,9.53]}"
201601_8,1,0.1471742540597915,TERRACLIMATE,WA009,2016,"{""type"":""Point"",""coordinates"":[-13.230000000000002,8.489999999999998]}"
201601_9,1,1.1042038202285769,TERRACLIMATE,WA010,2016,"{""type"":""Point"",""coordinates"":[-10.799999999999999,6.3]}"
201601_10,1,0.0887086763978004,TERRACLIMATE,WA011,2016,"{""type"":""Point"",""coordinates"":[1.22,6.130000000000001]}"
201601_11,1,0.0322580635547637,TERRACLIMATE,WA012,2016,"{""type"":""Point"",""coordinates"":[2.42,6.37]}"
201601_12,1,0.0,TERRACLIMATE,WA013,2016,"{""type"":""Point"",""coordinates"":[8.52,12.05]}"
201601_13,1,0.227824404835701,TERRACLIMATE,WA014,2016,"{""type"":""Point"",""coordinates"":[-1.62,6.69]}"
201601_14,1,0.0,TERRACLIMATE,WA015,2016,"{""type"":""Point"",""coordinates"":[-16.680000000000003,13.45]}"
,1,0.008080563,TERRACLIMATE,WA016,2016,
201602_0,2,0.0280330274254083,TERRACLIMATE,WA001,2016,"{""type"":""Point"",""coordinates"":[-17.470000000000002,14.73]}"
201602_1,2,0.0,TERRACLIMATE,WA002,2016,"{""type"":""Point"",""coordinates"":[-7.949999999999998,12.65]}"
201602_2,2,0.0,TERRACLIMATE,WA003,2016,"{""type"":""Point"",""coordinates"":[-1.5200000000000002,12.360000000000001]}"
201602_3,2,0.0,TERRACLIMATE,WA004,2016,"{""type"":""Point"",""coordinates"":[2.17,13.51]}"
201602_4,2,0.0,TERRACLIMATE,WA005,2016,"{""type"":""Point"",""coordinates"":[7.33,9.07]}"
201602_5,2,0.4978545904159546,TERRACLIMATE,WA006,2016,"{""type"":""Point"",""coordinates"":[-0.17,5.56]}"
201602_6,2,1.3621008396148682,TERRACLIMATE,WA007,2016,"{""type"":""Point"",""coordinates"":[-3.9299999999999997,5.349999999999999]}"
201602_7,2,0.0258491747081279,TERRACLIMATE,WA008,2016,"{""type"":""Point"",""coordinates"":[-13.67,9.53]}"
201602_8,2,0.2542922496795654,TERRACLIMATE,WA009,2016,"{""type"":""Point"",""coordinates"":[-13.230000000000002,8.489999999999998]}"
201602_9,2,1.7851086854934692,TERRACLIMATE,WA010,2016,"{""type"":""Point"",""coordinates"":[-10.799999999999999,6.3]}"
201602_10,2,0.0948265269398689,TERRACLIMATE,WA011,2016,"{""type"":""Point"",""coordinates"":[1.22,6.130000000000001]}"
201602_11,2,0.0344827584922313,TERRACLIMATE,WA012,2016,"{""type"":""Point"",""coordinates"":[2.42,6.37]}"
201602_12,2,0.0,TERRACLIMATE,WA013,2016,"{""type"":""Point"",""coordinates"":[8.52,12.05]}"
201602_13,2,1.0236986875534058,TERRACLIMATE,WA014,2016,"{""type"":""Point"",""coordinates"":[-1.62,6.69]}"
201602_14,2,0.0344827584922313,TERRACLIMATE,WA015,2016,"{""type"":""Point"",""coordinates"":[-16.680000000000003,13.45]}"
,2,0.06896552,TERRACLIMATE,WA016,2016,
201603_0,3,0.0,TERRACLIMATE,WA001,2016,"{""type"":""Point"",""coordinates"":[-17.470000000000002,14.73]}"
201603_1,3,0.0463741235435009,TERRACLIMATE,WA002,2016,"{""type"":""Point"",""coordinates"":[-7.949999999999998,12.65]}"
201603_2,3,0.2741840183734894,TERRACLIMATE,WA003,2016,"{""type"":""Point"",""coordinates"":[-1.5200000000000002,12.360000000000001]}"
201603_3,3,0.0503927655518054,TERRACLIMATE,WA004,2016,"{""type"":""Point"",""coordinates"":[2.17,13.51]}"
201603_4,3,2.473795175552368,TERRACLIMATE,WA005,2016,"{""type"":""Point"",""coordinates"":[7.33,9.07]}"
201603_5,3,3.022256374359131,TERRACLIMATE,WA006,2016,"{""type"":""Point"",""coordinates"":[-0.17,5.56]}"
201603_6,3,5.818626880645752,TERRACLIMATE,WA007,2016,"{""type"":""Point"",""coordinates"":[-3.9299999999999997,5.349999999999999]}"
201603_7,3,0.0947529152035713,TERRACLIMATE,WA008,2016,"{""type"":""Point"",""coordinates"":[-13.67,9.53]}"
201603_8,3,0.4939145743846893,TERRACLIMATE,WA009,2016,"{""type"":""Point"",""coordinates"":[-13.230000000000002,8.489999999999998]}"
201603_9,3,2.950356960296631,TERRACLIMATE,WA010,2016,"{""type"":""Point"",""coordinates"":[-10.799999999999999,6.3]}"
201603_10,3,3.582710027694702,TERRACLIMATE,WA011,2016,"{""type"":""Point"",""coordinates"":[1.22,6.130000000000001]}"
201603_11,3,3.540324687957764,TERRACLIMATE,WA012,2016,"{""type"":""Point"",""coordinates"":[2.42,6.37]}"
201603_12,3,0.0302373394370079,TERRACLIMATE,WA013,2016,"{""type"":""Point"",""coordinates"":[8.52,12.05]}"
201603_13,3,5.473793029785156,TERRACLIMATE,WA014,2016,"{""type"":""Point"",""coordinates"":[-1.62,6.69]}"
201603_14,3,0.0,TERRACLIMATE,WA015,2016,"{""type"":""Point"",""coordinates"":[-16.680000000000003,13.45]}"
,3,0.0,TERRACLIMATE,WA016,2016,
201604_0,4,0.0,TERRACLIMATE,WA001,2016,"{""type"":""Point"",""coordinates"":[-17.470000000000002,14.73]}"
201604_1,4,0.854118287563324,TERRACLIMATE,WA002,2016,"{""type"":""Point"",""coordinates"":[-7.949999999999998,12.65]}"
201604_2,4,1.185391545295715,TERRACLIMATE,WA003,2016,"{""type"":""Point"",""coordinates"":[-1.5200000000000002,12.360000000000001]}"
201604_3,4,0.14998559653759,TERRACLIMATE,WA004,2016,"{""type"":""Point"",""coordinates"":[2.17,13.51]}"
201604_4,4,2.8604023456573486,TERRACLIMATE,WA005,2016,"{""type"":""Point"",""coordinates"":[7.33,9.07]}"
201604_5,4,3.2396390438079834,TERRACLIMATE,WA006,2016,"{""type"":""Point"",""coordinates"":[-0.17,5.56]}"
201604_6,4,3.6500227451324463,TERRACLIMATE,WA007,2016,"{""type"":""Point"",""coordinates"":[-3.9299999999999997,5.349999999999999]}"
201604_7,4,0.7728739380836487,TERRACLIMATE,WA008,2016,"{""type"":""Point"",""coordinates"":[-13.67,9.53]}"
201604_8,4,1.868651747703552,TERRACLIMATE,WA009,2016,"{""type"":""Point"",""coordinates"":[-13.230000000000002,8.489999999999998]}"
201604_9,4,5.179520130157471,TERRACLIMATE,WA010,2016,"{""type"":""Point"",""coordinates"":[-10.799999999999999,6.3]}"
201604_10,4,3.310424327850342,TERRACLIMATE,WA011,2016,"{""type"":""Point"",""coordinates"":[1.22,6.130000000000001]}"
201604_11,4,3.2416558265686035,TERRACLIMATE,WA012,2016,"{""type"":""Point"",""coordinates"":[2.42,6.37]}"
201604_12,4,0.9582778811454772,TERRACLIMATE,WA013,2016,"{""type"":""Point"",""coordinates"":[8.52,12.05]}"
201604_13,4,4.072901248931885,TERRACLIMATE,WA014,2016,"{""type"":""Point"",""coordinates"":[-1.62,6.69]}"
201604_14,4,0.0,TERRACLIMATE,WA015,2016,"{""type"":""Point"",""coordinates"":[-16.680000000000003,13.45]}"
,4,0.0,TERRACLIMATE,WA016,2016,
201605_0,5,0.0020155140664428,TERRACLIMATE,WA001,2016,"{""type"":""Point"",""coordinates"":[-17.470000000000002,14.73]}"
201605_1,5,1.7015570402145386,TERRACLIMATE,WA002,2016,"{""type"":""Point"",""coordinates"":[-7.949999999999998,12.65]}"
201605_2,5,2.7923078536987305,TERRACLIMATE,WA003,2016,"{""type"":""Point"",""coordinates"":[-1.5200000000000002,12.360000000000001]}"
201605_3,5,0.7015804648399353,TERRACLIMATE,WA004,2016,"{""type"":""Point"",""coordinates"":[2.17,13.51]}"
201605_4,5,4.671374797821045,TERRACLIMATE,WA005,2016,"{""type"":""Point"",""coordinates"":[7.33,9.07]}"
201605_5,5,5.473804473876953,TERRACLIMATE,WA006,2016,"{""type"":""Point"",""coordinates"":[-0.17,5.56]}"
201605_6,5,7.790234088897705,TERRACLIMATE,WA007,2016,"{""type"":""Point"",""coordinates"":[-3.9299999999999997,5.349999999999999]}"
201605_7,5,5.822551727294922,TERRACLIMATE,WA008,2016,"{""type"":""Point"",""coordinates"":[-13.67,9.53]}"
201605_8,5,6.382967472076416,TERRACLIMATE,WA009,2016,"{""type"":""Point"",""coordinates"":[-13.230000000000002,8.489999999999998]}"
201605_9,5,11.94041633605957,TERRACLIMATE,WA010,2016,"{""type"":""Point"",""coordinates"":[-10.799999999999999,6.3]}"
201605_10,5,5.264087677001953,TERRACLIMATE,WA011,2016,"{""type"":""Point"",""coordinates"":[1.22,6.130000000000001]}"
201605_11,5,5.854851245880127,TERRACLIMATE,WA012,2016,"{""type"":""Point"",""coordinates"":[2.42,6.37]}"
201605_12,5,1.489842653274536,TERRACLIMATE,WA013,2016,"{""type"":""Point"",""coordinates"":[8.52,12.05]}"
201605_13,5,5.762083053588867,TERRACLIMATE,WA014,2016,"{""type"":""Point"",""coordinates"":[-1.62,6.69]}"
201605_14,5,0.0786046311259269,TERRACLIMATE,WA015,2016,"{""type"":""Point"",""coordinates"":[-16.680000000000003,13.45]}"
,5,0.0,TERRACLIMATE,WA016,2016,
201606_0,6,0.1062347441911697,TERRACLIMATE,WA001,2016,"{""type"":""Point"",""coordinates"":[-17.470000000000002,14.73]}"
201606_1,6,4.781179904937744,TERRACLIMATE,WA002,2016,"{""type"":""Point"",""coordinates"":[-7.949999999999998,12.65]}"
201606_2,6,4.818739414215088,TERRACLIMATE,WA003,2016,"{""type"":""Point"",""coordinates"":[-1.5200000000000002,12.360000000000001]}"
201606_3,6,3.0894906520843506,TERRACLIMATE,WA004,2016,"{""type"":""Point"",""coordinates"":[2.17,13.51]}"
201606_4,6,7.460484027862549,TERRACLIMATE,WA005,2016,"{""type"":""Point"",""coordinates"":[7.33,9.07]}"
201606_5,6,6.4833598136901855,TERRACLIMATE,WA006,2016,"{""type"":""Point"",""coordinates"":[-0.17,5.56]}"
201606_6,6,9.329022407531738,TERRACLIMATE,WA007,2016,"{""type"":""Point"",""coordinates"":[-3.9299999999999997,5.349999999999999]}"
201606_7,6,10.39761734008789,TERRACLIMATE,WA008,2016,"{""type"":""Point"",""coordinates"":[-13.67,9.53]}"
201606_8,6,11.956259727478027,TERRACLIMATE,WA009,2016,"{""type"":""Point"",""coordinates"":[-13.230000000000002,8.489999999999998]}"
201606_9,6,30.751020431518555,TERRACLIMATE,WA010,2016,"{""type"":""Point"",""coordinates"":[-10.799999999999999,6.3]}"
201606_10,6,6.047863960266113,TERRACLIMATE,WA011,2016,"{""type"":""Point"",""coordinates"":[1.22,6.130000000000001]}"
201606_11,6,8.141664505004883,TERRACLIMATE,WA012,2016,"{""type"":""Point"",""coordinates"":[2.42,6.37]}"
201606_12,6,6.641503810882568,TERRACLIMATE,WA013,2016,"{""type"":""Point"",""coordinates"":[8.52,12.05]}"
201606_13,6,5.310426235198975,TERRACLIMATE,WA014,2016,"{""type"":""Point"",""coordinates"":[-1.62,6.69]}"
201606_14,6,0.4562125504016876,TERRACLIMATE,WA015,2016,"{""type"":""Point"",""coordinates"":[-16.680000000000003,13.45]}"
,6,0.033333335,TERRACLIMATE,WA016,2016,
201607_0,7,3.549994468688965,TERRACLIMATE,WA001,2016,"{""type"":""Point"",""coordinates"":[-17.470000000000002,14.73]}"
201607_1,7,7.675403118133545,TERRACLIMATE,WA002,2016,"{""type"":""Point"",""coordinates"":[-7.949999999999998,12.65]}"
201607_2,7,8.1471529006958,TERRACLIMATE,WA003,2016,"{""type"":""Point"",""coordinates"":[-1.5200000000000002,12.360000000000001]}"
201607_3,7,3.7841830253601074,TERRACLIMATE,WA004,2016,"{""type"":""Point"",""coordinates"":[2.17,13.51]}"
201607_4,7,6.002086639404297,TERRACLIMATE,WA005,2016,"{""type"":""Point"",""coordinates"":[7.33,9.07]}"
201607_5,7,1.7056777477264404,TERRACLIMATE,WA006,2016,"{""type"":""Point"",""coordinates"":[-0.17,5.56]}"
201607_6,7,1.3709759712219238,TERRACLIMATE,WA007,2016,"{""type"":""Point"",""coordinates"":[-3.9299999999999997,5.349999999999999]}"
201607_7,7,34.01417541503906,TERRACLIMATE,WA008,2016,"{""type"":""Point"",""coordinates"":[-13.67,9.53]}"
201607_8,7,26.473608016967773,TERRACLIMATE,WA009,2016,"{""type"":""Point"",""coordinates"":[-13.230000000000002,8.489999999999998]}"
201607_9,7,30.382328033447266,TERRACLIMATE,WA010,2016,"{""type"":""Point"",""coordinates"":[-10.799999999999999,6.3]}"
201607_10,7,1.9496055841445925,TERRACLIMATE,WA011,2016,"{""type"":""Point"",""coordinates"":[1.22,6.130000000000001]}"
201607_11,7,3.096774101257324,TERRACLIMATE,WA012,2016,"{""type"":""Point"",""coordinates"":[2.42,6.37]}"
201607_12,7,5.887001991271973,TERRACLIMATE,WA013,2016,"{""type"":""Point"",""coordinates"":[8.52,12.05]}"
201607_13,7,2.6975786685943604,TERRACLIMATE,WA014,2016,"{""type"":""Point"",""coordinates"":[-1.62,6.69]}"
201607_14,7,9.40712833404541,TERRACLIMATE,WA015,2016,"{""type"":""Point"",""coordinates"":[-16.680000000000003,13.45]}"
,7,0.8446833,TERRACLIMATE,WA016,2016,
201608_0,8,4.344429969787598,TERRACLIMATE,WA001,2016,"{""type"":""Point"",""coordinates"":[-17.470000000000002,14.73]}"
201608_1,8,8.624985694885254,TERRACLIMATE,WA002,2016,"{""type"":""Point"",""coordinates"":[-7.949999999999998,12.65]}"
201608_2,8,8.461648941040039,TERRACLIMATE,WA003,2016,"{""type"":""Point"",""coordinates"":[-1.5200000000000002,12.360000000000001]}"
201608_3,8,4.991849899291992,TERRACLIMATE,WA004,2016,"{""type"":""Point"",""coordinates"":[2.17,13.51]}"
201608_4,8,10.2118558883667,TERRACLIMATE,WA005,2016,"{""type"":""Point"",""coordinates"":[7.33,9.07]}"
201608_5,8,1.0343153476715088,TERRACLIMATE,WA006,2016,"{""type"":""Point"",""coordinates"":[-0.17,5.56]}"
201608_6,8,1.8286691904067995,TERRACLIMATE,WA007,2016,"{""type"":""Point"",""coordinates"":[-3.9299999999999997,5.349999999999999]}"
201608_7,8,35.44985580444336,TERRACLIMATE,WA008,2016,"{""type"":""Point"",""coordinates"":[-13.67,9.53]}"
201608_8,8,24.4481143951416,TERRACLIMATE,WA009,2016,"{""type"":""Point"",""coordinates"":[-13.230000000000002,8.489999999999998]}"
201608_9,8,16.481388092041016,TERRACLIMATE,WA010,2016,"{""type"":""Point"",""coordinates"":[-10.799999999999999,6.3]}"
201608_10,8,1.2077006101608276,TERRACLIMATE,WA011,2016,"{""type"":""Point"",""coordinates"":[1.22,6.130000000000001]}"
201608_11,8,1.935483813285828,TERRACLIMATE,WA012,2016,"{""type"":""Point"",""coordinates"":[2.42,6.37]}"
201608_12,8,9.669255256652832,TERRACLIMATE,WA013,2016,"{""type"":""Point"",""coordinates"":[8.52,12.05]}"
201608_13,8,2.487886428833008,TERRACLIMATE,WA014,2016,"{""type"":""Point"",""coordinates"":[-1.62,6.69]}"
201608_14,8,10.32225227355957,TERRACLIMATE,WA015,2016,"{""type"":""Point"",""coordinates"":[-16.680000000000003,13.45]}"
,8,0.7096172,TERRACLIMATE,WA016,2016,
201609_0,9,7.574816703796387,TERRACLIMATE,WA001,2016,"{""type"":""Point"",""coordinates"":[-17.470000000000002,14.73]}"
201609_1,9,5.291704177856445,TERRACLIMATE,WA002,2016,"{""type"":""Point"",""coordinates"":[-7.949999999999998,12.65]}"
201609_2,9,3.937462568283081,TERRACLIMATE,WA003,2016,"{""type"":""Point"",""coordinates"":[-1.5200000000000002,12.360000000000001]}"
201609_3,9,4.391543865203857,TERRACLIMATE,WA004,2016,"{""type"":""Point"",""coordinates"":[2.17,13.51]}"
201609_4,9,16.239728927612305,TERRACLIMATE,WA005,2016,"{""type"":""Point"",""coordinates"":[7.33,9.07]}"
201609_5,9,3.370944738388061,TERRACLIMATE,WA006,2016,"{""type"":""Point"",""coordinates"":[-0.17,5.56]}"
201609_6,9,3.6292121410369873,TERRACLIMATE,WA007,2016,"{""type"":""Point"",""coordinates"":[-3.9299999999999997,5.349999999999999]}"
201609_7,9,21.252063751220703,TERRACLIMATE,WA008,2016,"{""type"":""Point"",""coordinates"":[-13.67,9.53]}"
201609_8,9,17.372941970825195,TERRACLIMATE,WA009,2016,"{""type"":""Point"",""coordinates"":[-13.230000000000002,8.489999999999998]}"
201609_9,9,24.266469955444336,TERRACLIMATE,WA010,2016,"{""type"":""Point"",""coordinates"":[-10.799999999999999,6.3]}"
201609_10,9,3.423006772994995,TERRACLIMATE,WA011,2016,"{""type"":""Point"",""coordinates"":[1.22,6.130000000000001]}"
201609_11,9,4.000008583068848,TERRACLIMATE,WA012,2016,"{""type"":""Point"",""coordinates"":[2.42,6.37]}"
201609_12,9,3.572723627090454,TERRACLIMATE,WA013,2016,"{""type"":""Point"",""coordinates"":[8.52,12.05]}"
201609_13,9,8.183353424072266,TERRACLIMATE,WA014,2016,"{""type"":""Point"",""coordinates"":[-1.62,6.69]}"
201609_14,9,12.499754905700684,TERRACLIMATE,WA015,2016,"{""type"":""Point"",""coordinates"":[-16.680000000000003,13.45]}"
,9,1.1165713,TERRACLIMATE,WA016,2016,
201610_0,10,0.1814528107643127,TERRACLIMATE,WA001,2016,"{""type"":""Point"",""coordinates"":[-17.470000000000002,14.73]}"
201610_1,10,1.270191311836243,TERRACLIMATE,WA002,2016,"{""type"":""Point"",""coordinates"":[-7.949999999999998,12.65]}"
201610_2,10,0.4213685691356659,TERRACLIMATE,WA003,2016,"{""type"":""Point"",""coordinates"":[-1.5200000000000002,12.360000000000001]}"
201610_3,10,0.1915185898542404,TERRACLIMATE,WA004,2016,"{""type"":""Point"",""coordinates"":[2.17,13.51]}"
201610_4,10,6.645159721374512,TERRACLIMATE,WA005,2016,"{""type"":""Point"",""coordinates"":[7.33,9.07]}"
201610_5,10,3.39526104927063,TERRACLIMATE,WA006,2016,"{""type"":""Point"",""coordinates"":[-0.17,5.56]}"
201610_6,10,4.7661566734313965,TERRACLIMATE,WA007,2016,"{""type"":""Point"",""coordinates"":[-3.9299999999999997,5.349999999999999]}"
201610_7,10,8.939311981201172,TERRACLIMATE,WA008,2016,"{""type"":""Point"",""coordinates"":[-13.67,9.53]}"
201610_8,10,9.884957313537598,TERRACLIMATE,WA009,2016,"{""type"":""Point"",""coordinates"":[-13.230000000000002,8.489999999999998]}"
201610_9,10,18.059194564819336,TERRACLIMATE,WA010,2016,"{""type"":""Point"",""coordinates"":[-10.799999999999999,6.3]}"
201610_10,10,4.258058071136475,TERRACLIMATE,WA011,2016,"{""type"":""Point"",""coordinates"":[1.22,6.130000000000001]}"
201610_11,10,5.298410415649414,TERRACLIMATE,WA012,2016,"{""type"":""Point"",""coordinates"":[2.42,6.37]}"
201610_12,10,0.2096590399742126,TERRACLIMATE,WA013,2016,"{""type"":""Point"",""coordinates"":[8.52,12.05]}"
201610_13,10,5.153269290924072,TERRACLIMATE,WA014,2016,"{""type"":""Point"",""coordinates"":[-1.62,6.69]}"
201610_14,10,0.7035795450210571,TERRACLIMATE,WA015,2016,"{""type"":""Point"",""coordinates"":[-16.680000000000003,13.45]}"
,10,0.06451613,TERRACLIMATE,WA016,2016,
201611_0,11,0.0333333350718021,TERRACLIMATE,WA001,2016,"{""type"":""Point"",""coordinates"":[-17.470000000000002,14.73]}"
201611_1,11,0.1979155838489532,TERRACLIMATE,WA002,2016,"{""type"":""Point"",""coordinates"":[-7.949999999999998,12.65]}"
201611_2,11,0.0,TERRACLIMATE,WA003,2016,"{""type"":""Point"",""coordinates"":[-1.5200000000000002,12.360000000000001]}"
201611_3,11,0.0,TERRACLIMATE,WA004,2016,"{""type"":""Point"",""coordinates"":[2.17,13.51]}"
201611_4,11,0.0,TERRACLIMATE,WA005,2016,"{""type"":""Point"",""coordinates"":[7.33,9.07]}"
201611_5,11,3.1458725929260254,TERRACLIMATE,WA006,2016,"{""type"":""Point"",""coordinates"":[-0.17,5.56]}"
201611_6,11,3.9145898818969727,TERRACLIMATE,WA007,2016,"{""type"":""Point"",""coordinates"":[-3.9299999999999997,5.349999999999999]}"
201611_7,11,2.0290563106536865,TERRACLIMATE,WA008,2016,"{""type"":""Point"",""coordinates"":[-13.67,9.53]}"
201611_8,11,4.531097888946533,TERRACLIMATE,WA009,2016,"{""type"":""Point"",""coordinates"":[-13.230000000000002,8.489999999999998]}"
201611_9,11,7.322988033294678,TERRACLIMATE,WA010,2016,"{""type"":""Point"",""coordinates"":[-10.799999999999999,6.3]}"
201611_10,11,2.520822286605835,TERRACLIMATE,WA011,2016,"{""type"":""Point"",""coordinates"":[1.22,6.130000000000001]}"
201611_11,11,1.341655731201172,TERRACLIMATE,WA012,2016,"{""type"":""Point"",""coordinates"":[2.42,6.37]}"
201611_12,11,0.0,TERRACLIMATE,WA013,2016,"{""type"":""Point"",""coordinates"":[8.52,12.05]}"
201611_13,11,3.4854109287261963,TERRACLIMATE,WA014,2016,"{""type"":""Point"",""coordinates"":[-1.62,6.69]}"
201611_14,11,0.0333333350718021,TERRACLIMATE,WA015,2016,"{""type"":""Point"",""coordinates"":[-16.680000000000003,13.45]}"
,11,0.033333335,TERRACLIMATE,WA016,2016,
201612_0,12,0.0,TERRACLIMATE,WA001,2016,"{""type"":""Point"",""coordinates"":[-17.470000000000002,14.73]}"
201612_1,12,0.0,TERRACLIMATE,WA002,2016,"{""type"":""Point"",""coordinates"":[-7.949999999999998,12.65]}"
201612_2,12,0.0,TERRACLIMATE,WA003,2016,"{""type"":""Point"",""coordinates"":[-1.5200000000000002,12.360000000000001]}"
201612_3,12,0.0,TERRACLIMATE,WA004,2016,"{""type"":""Point"",""coordinates"":[2.17,13.51]}"
201612_4,12,0.0,TERRACLIMATE,WA005,2016,"{""type"":""Point"",""coordinates"":[7.33,9.07]}"
201612_5,12,1.3851149082183838,TERRACLIMATE,WA006,2016,"{""type"":""Point"",""coordinates"":[-0.17,5.56]}"
201612_6,12,2.399193048477173,TERRACLIMATE,WA007,2016,"{""type"":""Point"",""coordinates"":[-3.9299999999999997,5.349999999999999]}"
201612_7,12,0.2358631342649459,TERRACLIMATE,WA008,2016,"{""type"":""Point"",""coordinates"":[-13.67,9.53]}"
201612_8,12,0.9535497426986694,TERRACLIMATE,WA009,2016,"{""type"":""Point"",""coordinates"":[-13.230000000000002,8.489999999999998]}"
201612_9,12,3.1389739513397217,TERRACLIMATE,WA010,2016,"{""type"":""Point"",""coordinates"":[-10.799999999999999,6.3]}"
201612_10,12,0.8245924115180969,TERRACLIMATE,WA011,2016,"{""type"":""Point"",""coordinates"":[1.22,6.130000000000001]}"
201612_11,12,0.5322538614273071,TERRACLIMATE,WA012,2016,"{""type"":""Point"",""coordinates"":[2.42,6.37]}"
201612_12,12,0.0,TERRACLIMATE,WA013,2016,"{""type"":""Point"",""coordinates"":[8.52,12.05]}"
201612_13,12,1.487905502319336,TERRACLIMATE,WA014,2016,"{""type"":""Point"",""coordinates"":[-1.62,6.69]}"
201612_14,12,0.0,TERRACLIMATE,WA015,2016,"{""type"":""Point"",""coordinates"":[-16.680000000000003,13.45]}"
,12,0.23184028,TERRACLIMATE,WA016,2016,
201701_0,1,0.0,TERRACLIMATE,WA001,2017,"{""type"":""Point"",""coordinates"":[-17.470000000000002,14.73]}"
201701_1,1,0.0,TERRACLIMATE,WA002,2017,"{""type"":""Point"",""coordinates"":[-7.949999999999998,12.65]}"
201701_2,1,0.0,TERRACLIMATE,WA003,2017,"{""type"":""Point"",""coordinates"":[-1.5200000000000002,12.360000000000001]}"
201701_3,1,0.0,TERRACLIMATE,WA004,2017,"{""type"":""Point"",""coordinates"":[2.17,13.51]}"
201701_4,1,0.0,TERRACLIMATE,WA005,2017,"{""type"":""Point"",""coordinates"":[7.33,9.07]}"
201701_5,1,0.6028415560722351,TERRACLIMATE,WA006,2017,"{""type"":""Point"",""coordinates"":[-0.17,5.56]}"
201701_6,1,1.2177493572235107,TERRACLIMATE,WA007,2017,"{""type"":""Point"",""coordinates"":[-3.9299999999999997,5.349999999999999]}"
201701_7,1,0.0,TERRACLIMATE,WA008,2017,"{""type"":""Point"",""coordinates"":[-13.67,9.53]}"
201701_8,1,0.2439294159412384,TERRACLIMATE,WA009,2017,"{""type"":""Point"",""coordinates"":[-13.230000000000002,8.489999999999998]}"
201701_9,1,1.3399232625961304,TERRACLIMATE,WA010,2017,"{""type"":""Point"",""coordinates"":[-10.799999999999999,6.3]}"
201701_10,1,0.5987903475761414,TERRACLIMATE,WA011,2017,"{""type"":""Point"",""coordinates"":[1.22,6.130000000000001]}"
201701_11,1,0.3467762768268585,TERRACLIMATE,WA012,2017,"{""type"":""Point"",""coordinates"":[2.42,6.37]}"
201701_12,1,0.0,TERRACLIMATE,WA013,2017,"{""type"":""Point"",""coordinates"":[8.52,12.05]}"
201701_13,1,1.1008144617080688,TERRACLIMATE,WA014,2017,"{""type"":""Point"",""coordinates"":[-1.62,6.69]}"
201701_14,1,0.0,TERRACLIMATE,WA015,2017,"{""type"":""Point"",""coordinates"":[-16.680000000000003,13.45]}"
,1,0.008080563,TERRACLIMATE,WA016,2017,
201702_0,2,0.0,TERRACLIMATE,WA001,2017,"{""type"":""Point"",""coordinates"":[-17.470000000000002,14.73]}"
201702_1,2,0.0,TERRACLIMATE,WA002,2017,"{""type"":""Point"",""coordinates"":[-7.949999999999998,12.65]}"
201702_2,2,0.0,TERRACLIMATE,WA003,2017,"{""type"":""Point"",""coordinates"":[-1.5200000000000002,12.360000000000001]}"
201702_3,2,0.0,TERRACLIMATE,WA004,2017,"{""type"":""Point"",""coordinates"":[2.17,13.51]}"
201702_4,2,0.0,TERRACLIMATE,WA005,2017,"{""type"":""Point"",""coordinates"":[7.33,9.07]}"
201702_5,2,0.636184573173523,TERRACLIMATE,WA006,2017,"{""type"":""Point"",""coordinates"":[-0.17,5.56]}"
201702_6,2,3.046936511993408,TERRACLIMATE,WA007,2017,"{""type"":""Point"",""coordinates"":[-3.9299999999999997,5.349999999999999]}"
201702_7,2,0.0267723593860864,TERRACLIMATE,WA008,2017,"{""type"":""Point"",""coordinates"":[-13.67,9.53]}"
201702_8,2,0.2700611650943756,TERRACLIMATE,WA009,2017,"{""type"":""Point"",""coordinates"":[-13.230000000000002,8.489999999999998]}"
201702_9,2,2.2691612243652344,TERRACLIMATE,WA010,2017,"{""type"":""Point"",""coordinates"":[-10.799999999999999,6.3]}"
201702_10,2,0.4442115426063537,TERRACLIMATE,WA011,2017,"{""type"":""Point"",""coordinates"":[1.22,6.130000000000001]}"
201702_11,2,0.3303548097610473,TERRACLIMATE,WA012,2017,"{""type"":""Point"",""coordinates"":[2.42,6.37]}"
201702_12,2,0.0,TERRACLIMATE,WA013,2017,"{""type"":""Point"",""coordinates"":[8.52,12.05]}"
201702_13,2,2.0133919715881348,TERRACLIMATE,WA014,2017,"{""type"":""Point"",""coordinates"":[-1.62,6.69]}"
201702_14,2,0.0,TERRACLIMATE,WA015,2017,"{""type"":""Point"",""coordinates"":[-16.680000000000003,13.45]}"
,2,0.0,TERRACLIMATE,WA016,2017,
201703_0,3,0.0,TERRACLIMATE,WA001,2017,"{""type"":""Point"",""coordinates"":[-17.470000000000002,14.73]}"
201703_1,3,0.0665333047509193,TERRACLIMATE,WA002,2017,"{""type"":""Point"",""coordinates"":[-7.949999999999998,12.65]}"
201703_2,3,0.0020137492101639,TERRACLIMATE,WA003,2017,"{""type"":""Point"",""coordinates"":[-1.5200000000000002,12.360000000000001]}"
201703_3,3,0.0,TERRACLIMATE,WA004,2017,"{""type"":""Point"",""coordinates"":[2.17,13.51]}"
201703_4,3,0.0302415490150451,TERRACLIMATE,WA005,2017,"{""type"":""Point"",""coordinates"":[7.33,9.07]}"
201703_5,3,2.1371469497680664,TERRACLIMATE,WA006,2017,"{""type"":""Point"",""coordinates"":[-0.17,5.56]}"
201703_6,3,2.580695629119873,TERRACLIMATE,WA007,2017,"{""type"":""Point"",""coordinates"":[-3.9299999999999997,5.349999999999999]}"
201703_7,3,0.0947529152035713,TERRACLIMATE,WA008,2017,"{""type"":""Point"",""coordinates"":[-13.67,9.53]}"
201703_8,3,0.4939145743846893,TERRACLIMATE,WA009,2017,"{""type"":""Point"",""coordinates"":[-13.230000000000002,8.489999999999998]}"
201703_9,3,2.8138880729675293,TERRACLIMATE,WA010,2017,"{""type"":""Point"",""coordinates"":[-10.799999999999999,6.3]}"
201703_10,3,2.302444696426392,TERRACLIMATE,WA011,2017,"{""type"":""Point"",""coordinates"":[1.22,6.130000000000001]}"
201703_11,3,2.250002145767212,TERRACLIMATE,WA012,2017,"{""type"":""Point"",""coordinates"":[2.42,6.37]}"
201703_12,3,0.0,TERRACLIMATE,WA013,2017,"{""type"":""Point"",""coordinates"":[8.52,12.05]}"
201703_13,3,2.266120195388794,TERRACLIMATE,WA014,2017,"{""type"":""Point"",""coordinates"":[-1.62,6.69]}"
201703_14,3,0.0,TERRACLIMATE,WA015,2017,"{""type"":""Point"",""coordinates"":[-16.680000000000003,13.45]}"
,3,0.0,TERRACLIMATE,WA016,2017,
201704_0,4,0.0,TERRACLIMATE,WA001,2017,"{""type"":""Point"",""coordinates"":[-17.470000000000002,14.73]}"
201704_1,4,0.3229040503501892,TERRACLIMATE,WA002,2017,"{""type"":""Point"",""coordinates"":[-7.949999999999998,12.65]}"
201704_2,4,0.9833106398582458,TERRACLIMATE,WA003,2017,"{""type"":""Point"",""coordinates"":[-1.5200000000000002,12.360000000000001]}"
201704_3,4,0.3124620318412781,TERRACLIMATE,WA004,2017,"{""type"":""Point"",""coordinates"":[2.17,13.51]}"
201704_4,4,0.4500134885311126,TERRACLIMATE,WA005,2017,"{""type"":""Point"",""coordinates"":[7.33,9.07]}"
201704_5,4,2.8958778381347656,TERRACLIMATE,WA006,2017,"{""type"":""Point"",""coordinates"":[-0.17,5.56]}"
201704_6,4,4.541691303253174,TERRACLIMATE,WA007,2017,"{""type"":""Point"",""coordinates"":[-3.9299999999999997,5.349999999999999]}"
201704_7,4,0.7416292428970337,TERRACLIMATE,WA008,2017,"{""type"":""Point"",""coordinates"":[-13.67,9.53]}"
201704_8,4,1.874892950057984,TERRACLIMATE,WA009,2017,"{""type"":""Point"",""coordinates"":[-13.230000000000002,8.489999999999998]}"
201704_9,4,5.312853813171387,TERRACLIMATE,WA010,2017,"{""type"":""Point"",""coordinates"":[-10.799999999999999,6.3]}"
201704_10,4,2.385425567626953,TERRACLIMATE,WA011,2017,"{""type"":""Point"",""coordinates"":[1.22,6.130000000000001]}"
201704_11,4,2.1749892234802246,TERRACLIMATE,WA012,2017,"{""type"":""Point"",""coordinates"":[2.42,6.37]}"
201704_12,4,0.4937025010585785,TERRACLIMATE,WA013,2017,"{""type"":""Point"",""coordinates"":[8.52,12.05]}"
201704_13,4,5.029153823852539,TERRACLIMATE,WA014,2017,"{""type"":""Point"",""coordinates"":[-1.62,6.69]}"
201704_14,4,0.0,TERRACLIMATE,WA015,2017,"{""type"":""Point"",""coordinates"":[-16.680000000000003,13.45]}"
,4,0.0,TERRACLIMATE,WA016,2017,
201705_0,5,0.0020155140664428,TERRACLIMATE,WA001,2017,"{""type"":""Point"",""coordinates"":[-17.470000000000002,14.73]}"
201705_1,5,2.266087055206299,TERRACLIMATE,WA002,2017,"{""type"":""Point"",""coordinates"":[-7.949999999999998,12.65]}"
201705_2,5,2.796329498291016,TERRACLIMATE,WA003,2017,"{""type"":""Point"",""coordinates"":[-1.5200000000000002,12.360000000000001]}"
201705_3,5,1.6692742109298706,TERRACLIMATE,WA004,2017,"{""type"":""Point"",""coordinates"":[2.17,13.51]}"
201705_4,5,7.959656715393066,TERRACLIMATE,WA005,2017,"{""type"":""Point"",""coordinates"":[7.33,9.07]}"
201705_5,5,5.203620910644531,TERRACLIMATE,WA006,2017,"{""type"":""Point"",""coordinates"":[-0.17,5.56]}"
201705_6,5,7.397047996520996,TERRACLIMATE,WA007,2017,"{""type"":""Point"",""coordinates"":[-3.9299999999999997,5.349999999999999]}"
201705_7,5,4.943462371826172,TERRACLIMATE,WA008,2017,"{""type"":""Point"",""coordinates"":[-13.67,9.53]}"
201705_8,5,6.370865345001221,TERRACLIMATE,WA009,2017,"{""type"":""Point"",""coordinates"":[-13.230000000000002,8.489999999999998]}"
201705_9,5,12.78904628753662,TERRACLIMATE,WA010,2017,"{""type"":""Point"",""coordinates"":[-10.799999999999999,6.3]}"
201705_10,5,4.715704917907715,TERRACLIMATE,WA011,2017,"{""type"":""Point"",""coordinates"":[1.22,6.130000000000001]}"
201705_11,5,5.330659866333008,TERRACLIMATE,WA012,2017,"{""type"":""Point"",""coordinates"":[2.42,6.37]}"
201705_12,5,1.0221222639083862,TERRACLIMATE,WA013,2017,"{""type"":""Point"",""coordinates"":[8.52,12.05]}"
201705_13,5,5.1814141273498535,TERRACLIMATE,WA014,2017,"{""type"":""Point"",""coordinates"":[-1.62,6.69]}"
201705_14,5,0.07256880402565,TERRACLIMATE,WA015,2017,"{""type"":""Point"",""coordinates"":[-16.680000000000003,13.45]}"
,5,0.0,TERRACLIMATE,WA016,2017,
201706_0,6,0.4457392394542694,TERRACLIMATE,WA001,2017,"{""type"":""Point"",""coordinates"":[-17.470000000000002,14.73]}"
201706_1,6,3.166649341583252,TERRACLIMATE,WA002,2017,"{""type"":""Point"",""coordinates"":[-7.949999999999998,12.65]}"
201706_2,6,5.385406017303467,TERRACLIMATE,WA003,2017,"{""type"":""Point"",""coordinates"":[-1.5200000000000002,12.360000000000001]}"
201706_3,6,3.656107425689697,TERRACLIMATE,WA004,2017,"{""type"":""Point"",""coordinates"":[2.17,13.51]}"
201706_4,6,10.068840980529783,TERRACLIMATE,WA005,2017,"{""type"":""Point"",""coordinates"":[7.33,9.07]}"
201706_5,6,10.43964958190918,TERRACLIMATE,WA006,2017,"{""type"":""Point"",""coordinates"":[-0.17,5.56]}"
201706_6,6,11.131089210510254,TERRACLIMATE,WA007,2017,"{""type"":""Point"",""coordinates"":[-3.9299999999999997,5.349999999999999]}"
201706_7,6,13.270821571350098,TERRACLIMATE,WA008,2017,"{""type"":""Point"",""coordinates"":[-13.67,9.53]}"
201706_8,6,11.999991416931152,TERRACLIMATE,WA009,2017,"{""type"":""Point"",""coordinates"":[-13.230000000000002,8.489999999999998]}"
201706_9,6,43.93051528930664,TERRACLIMATE,WA010,2017,"{""type"":""Point"",""coordinates"":[-10.799999999999999,6.3]}"
201706_10,6,10.741582870483398,TERRACLIMATE,WA011,2017,"{""type"":""Point"",""coordinates"":[1.22,6.130000000000001]}"
201706_11,6,15.291677474975586,TERRACLIMATE,WA012,2017,"{""type"":""Point"",""coordinates"":[2.42,6.37]}"
201706_12,6,8.049772262573242,TERRACLIMATE,WA013,2017,"{""type"":""Point"",""coordinates"":[8.52,12.05]}"
201706_13,6,8.818785667419434,TERRACLIMATE,WA014,2017,"{""type"":""Point"",""coordinates"":[-1.62,6.69]}"
201706_14,6,2.5436222553253174,TERRACLIMATE,WA015,2017,"{""type"":""Point"",""coordinates"":[-16.680000000000003,13.45]}"
,6,0.07290164,TERRACLIMATE,WA016,2017,
201707_0,7,2.56418514251709,TERRACLIMATE,WA001,2017,"{""type"":""Point"",""coordinates"":[-17.470000000000002,14.73]}"
201707_1,7,7.911311149597168,TERRACLIMATE,WA002,2017,"{""type"":""Point"",""coordinates"":[-7.949999999999998,12.65]}"
201707_2,7,6.012106895446777,TERRACLIMATE,WA003,2017,"{""type"":""Point"",""coordinates"":[-1.5200000000000002,12.360000000000001]}"
201707_3,7,4.487765312194824,TERRACLIMATE,WA004,2017,"{""type"":""Point"",""coordinates"":[2.17,13.51]}"
201707_4,7,6.675480842590332,TERRACLIMATE,WA005,2017,"{""type"":""Point"",""coordinates"":[7.33,9.07]}"
201707_5,7,2.342794418334961,TERRACLIMATE,WA006,2017,"{""type"":""Point"",""coordinates"":[-0.17,5.56]}"
201707_6,7,3.2016055583953857,TERRACLIMATE,WA007,2017,"{""type"":""Point"",""coordinates"":[-3.9299999999999997,5.349999999999999]}"
201707_7,7,35.07883071899414,TERRACLIMATE,WA008,2017,"{""type"":""Point"",""coordinates"":[-13.67,9.53]}"
201707_8,7,23.23236656188965,TERRACLIMATE,WA009,2017,"{""type"":""Point"",""coordinates"":[-13.230000000000002,8.489999999999998]}"
201707_9,7,28.377405166625977,TERRACLIMATE,WA010,2017,"{""type"":""Point"",""coordinates"":[-10.799999999999999,6.3]}"
201707_10,7,3.2056565284729004,TERRACLIMATE,WA011,2017,"{""type"":""Point"",""coordinates"":[1.22,6.130000000000001]}"
201707_11,7,5.346776485443115,TERRACLIMATE,WA012,2017,"{""type"":""Point"",""coordinates"":[2.42,6.37]}"
201707_12,7,7.429337501525879,TERRACLIMATE,WA013,2017,"{""type"":""Point"",""coordinates"":[8.52,12.05]}"
201707_13,7,2.6713640689849854,TERRACLIMATE,WA014,2017,"{""type"":""Point"",""coordinates"":[-1.62,6.69]}"
201707_14,7,8.69332218170166,TERRACLIMATE,WA015,2017,"{""type"":""Point"",""coordinates"":[-16.680000000000003,13.45]}"
,7,0.12296831,TERRACLIMATE,WA016,2017,
201708_0,8,6.106482028961182,TERRACLIMATE,WA001,2017,"{""type"":""Point"",""coordinates"":[-17.470000000000002,14.73]}"
201708_1,8,7.488003253936768,TERRACLIMATE,WA002,2017,"{""type"":""Point"",""coordinates"":[-7.949999999999998,12.65]}"
201708_2,8,7.427383899688721,TERRACLIMATE,WA003,2017,"{""type"":""Point"",""coordinates"":[-1.5200000000000002,12.360000000000001]}"
201708_3,8,5.71762228012085,TERRACLIMATE,WA004,2017,"{""type"":""Point"",""coordinates"":[2.17,13.51]}"
201708_4,8,7.058591365814209,TERRACLIMATE,WA005,2017,"{""type"":""Point"",""coordinates"":[7.33,9.07]}"
201708_5,8,1.316583514213562,TERRACLIMATE,WA006,2017,"{""type"":""Point"",""coordinates"":[-0.17,5.56]}"
201708_6,8,2.024232864379883,TERRACLIMATE,WA007,2017,"{""type"":""Point"",""coordinates"":[-3.9299999999999997,5.349999999999999]}"
201708_7,8,36.93379211425781,TERRACLIMATE,WA008,2017,"{""type"":""Point"",""coordinates"":[-13.67,9.53]}"
201708_8,8,24.59517288208008,TERRACLIMATE,WA009,2017,"{""type"":""Point"",""coordinates"":[-13.230000000000002,8.489999999999998]}"
201708_9,8,16.540950775146484,TERRACLIMATE,WA010,2017,"{""type"":""Point"",""coordinates"":[-10.799999999999999,6.3]}"
201708_10,8,1.5585167407989502,TERRACLIMATE,WA011,2017,"{""type"":""Point"",""coordinates"":[1.22,6.130000000000001]}"
201708_11,8,2.387096881866455,TERRACLIMATE,WA012,2017,"{""type"":""Point"",""coordinates"":[2.42,6.37]}"
201708_12,8,9.443411827087402,TERRACLIMATE,WA013,2017,"{""type"":""Point"",""coordinates"":[8.52,12.05]}"
201708_13,8,2.9273886680603027,TERRACLIMATE,WA014,2017,"{""type"":""Point"",""coordinates"":[-1.62,6.69]}"
201708_14,8,13.501602172851562,TERRACLIMATE,WA015,2017,"{""type"":""Point"",""coordinates"":[-16.680000000000003,13.45]}"
,8,0.95960116,TERRACLIMATE,WA016,2017,
201709_0,9,3.270773410797119,TERRACLIMATE,WA001,2017,"{""type"":""Point"",""coordinates"":[-17.470000000000002,14.73]}"
201709_1,9,4.039557456970215,TERRACLIMATE,WA002,2017,"{""type"":""Point"",""coordinates"":[-7.949999999999998,12.65]}"
201709_2,9,3.3833038806915283,TERRACLIMATE,WA003,2017,"{""type"":""Point"",""coordinates"":[-1.5200000000000002,12.360000000000001]}"
201709_3,9,1.81658136844635,TERRACLIMATE,WA004,2017,"{""type"":""Point"",""coordinates"":[2.17,13.51]}"
201709_4,9,8.81050968170166,TERRACLIMATE,WA005,2017,"{""type"":""Point"",""coordinates"":[7.33,9.07]}"
201709_5,9,2.704256772994995,TERRACLIMATE,WA006,2017,"{""type"":""Point"",""coordinates"":[-0.17,5.56]}"
201709_6,9,2.2604572772979736,TERRACLIMATE,WA007,2017,"{""type"":""Point"",""coordinates"":[-3.9299999999999997,5.349999999999999]}"
201709_7,9,18.21847915649414,TERRACLIMATE,WA008,2017,"{""type"":""Point"",""coordinates"":[-13.67,9.53]}"
201709_8,9,17.252187728881836,TERRACLIMATE,WA009,2017,"{""type"":""Point"",""coordinates"":[-13.230000000000002,8.489999999999998]}"
201709_9,9,24.097288131713867,TERRACLIMATE,WA010,2017,"{""type"":""Point"",""coordinates"":[-10.799999999999999,6.3]}"
201709_10,9,3.283414840698242,TERRACLIMATE,WA011,2017,"{""type"":""Point"",""coordinates"":[1.22,6.130000000000001]}"
201709_11,9,4.325010776519775,TERRACLIMATE,WA012,2017,"{""type"":""Point"",""coordinates"":[2.42,6.37]}"
201709_12,9,3.1582398414611816,TERRACLIMATE,WA013,2017,"{""type"":""Point"",""coordinates"":[8.52,12.05]}"
201709_13,9,4.179162979125977,TERRACLIMATE,WA014,2017,"{""type"":""Point"",""coordinates"":[-1.62,6.69]}"
201709_14,9,5.676955223083496,TERRACLIMATE,WA015,2017,"{""type"":""Point"",""coordinates"":[-16.680000000000003,13.45]}"
,9,0.491619,TERRACLIMATE,WA016,2017,
201710_0,10,0.4475664496421814,TERRACLIMATE,WA001,2017,"{""type"":""Point"",""coordinates"":[-17.470000000000002,14.73]}"
201710_1,10,0.9939512014389038,TERRACLIMATE,WA002,2017,"{""type"":""Point"",""coordinates"":[-7.949999999999998,12.65]}"
201710_2,10,0.5846726298332214,TERRACLIMATE,WA003,2017,"{""type"":""Point"",""coordinates"":[-1.5200000000000002,12.360000000000001]}"
201710_3,10,0.177395224571228,TERRACLIMATE,WA004,2017,"{""type"":""Point"",""coordinates"":[2.17,13.51]}"
201710_4,10,1.2842780351638794,TERRACLIMATE,WA005,2017,"{""type"":""Point"",""coordinates"":[7.33,9.07]}"
201710_5,10,2.014153242111206,TERRACLIMATE,WA006,2017,"{""type"":""Point"",""coordinates"":[-0.17,5.56]}"
201710_6,10,9.00404167175293,TERRACLIMATE,WA007,2017,"{""type"":""Point"",""coordinates"":[-3.9299999999999997,5.349999999999999]}"
201710_7,10,9.066319465637209,TERRACLIMATE,WA008,2017,"{""type"":""Point"",""coordinates"":[-13.67,9.53]}"
201710_8,10,8.776176452636719,TERRACLIMATE,WA009,2017,"{""type"":""Point"",""coordinates"":[-13.230000000000002,8.489999999999998]}"
201710_9,10,15.813633918762209,TERRACLIMATE,WA010,2017,"{""type"":""Point"",""coordinates"":[-10.799999999999999,6.3]}"
201710_10,10,0.7600846886634827,TERRACLIMATE,WA011,2017,"{""type"":""Point"",""coordinates"":[1.22,6.130000000000001]}"
201710_11,10,0.8871009349822998,TERRACLIMATE,WA012,2017,"{""type"":""Point"",""coordinates"":[2.42,6.37]}"
201710_12,10,0.0322580635547637,TERRACLIMATE,WA013,2017,"{""type"":""Point"",""coordinates"":[8.52,12.05]}"
201710_13,10,7.080687046051025,TERRACLIMATE,WA014,2017,"{""type"":""Point"",""coordinates"":[-1.62,6.69]}"
201710_14,10,1.1692808866500854,TERRACLIMATE,WA015,2017,"{""type"":""Point"",""coordinates"":[-16.680000000000003,13.45]}"
,10,0.032258064,TERRACLIMATE,WA016,2017,
201711_0,11,0.0,TERRACLIMATE,WA001,2017,"{""type"":""Point"",""coordinates"":[-17.470000000000002,14.73]}"
201711_1,11,0.0,TERRACLIMATE,WA002,2017,"{""type"":""Point"",""coordinates"":[-7.949999999999998,12.65]}"
201711_2,11,0.0,TERRACLIMATE,WA003,2017,"{""type"":""Point"",""coordinates"":[-1.5200000000000002,12.360000000000001]}"
201711_3,11,0.0,TERRACLIMATE,WA004,2017,"{""type"":""Point"",""coordinates"":[2.17,13.51]}"
201711_4,11,0.2958258092403412,TERRACLIMATE,WA005,2017,"{""type"":""Point"",""coordinates"":[7.33,9.07]}"
201711_5,11,3.825072050094605,TERRACLIMATE,WA006,2017,"{""type"":""Point"",""coordinates"":[-0.17,5.56]}"
201711_6,11,6.383335113525391,TERRACLIMATE,WA007,2017,"{""type"":""Point"",""coordinates"":[-3.9299999999999997,5.349999999999999]}"
201711_7,11,2.472816705703736,TERRACLIMATE,WA008,2017,"{""type"":""Point"",""coordinates"":[-13.67,9.53]}"
201711_8,11,4.543600082397461,TERRACLIMATE,WA009,2017,"{""type"":""Point"",""coordinates"":[-13.230000000000002,8.489999999999998]}"
201711_9,11,7.3640055656433105,TERRACLIMATE,WA010,2017,"{""type"":""Point"",""coordinates"":[-10.799999999999999,6.3]}"
201711_10,11,3.4791550636291504,TERRACLIMATE,WA011,2017,"{""type"":""Point"",""coordinates"":[1.22,6.130000000000001]}"
201711_11,11,2.39165997505188,TERRACLIMATE,WA012,2017,"{""type"":""Point"",""coordinates"":[2.42,6.37]}"
201711_12,11,0.0,TERRACLIMATE,WA013,2017,"{""type"":""Point"",""coordinates"":[8.52,12.05]}"
201711_13,11,3.958365201950073,TERRACLIMATE,WA014,2017,"{""type"":""Point"",""coordinates"":[-1.62,6.69]}"
201711_14,11,0.0083210971206426,TERRACLIMATE,WA015,2017,"{""type"":""Point"",""coordinates"":[-16.680000000000003,13.45]}"
,11,0.033333335,TERRACLIMATE,WA016,2017,
201712_0,12,0.0,TERRACLIMATE,WA001,2017,"{""type"":""Point"",""coordinates"":[-17.470000000000002,14.73]}"
201712_1,12,0.0,TERRACLIMATE,WA002,2017,"{""type"":""Point"",""coordinates"":[-7.949999999999998,12.65]}"
201712_2,12,0.0,TERRACLIMATE,WA003,2017,"{""type"":""Point"",""coordinates"":[-1.5200000000000002,12.360000000000001]}"
201712_3,12,0.0,TERRACLIMATE,WA004,2017,"{""type"":""Point"",""coordinates"":[2.17,13.51]}"
201712_4,12,0.0242000762373209,TERRACLIMATE,WA005,2017,"{""type"":""Point"",""coordinates"":[7.33,9.07]}"
201712_5,12,0.8971940279006958,TERRACLIMATE,WA006,2017,"{""type"":""Point"",""coordinates"":[-0.17,5.56]}"
201712_6,12,1.3145142793655396,TERRACLIMATE,WA007,2017,"{""type"":""Point"",""coordinates"":[-3.9299999999999997,5.349999999999999]}"
201712_7,12,0.3064345717430115,TERRACLIMATE,WA008,2017,"{""type"":""Point"",""coordinates"":[-13.67,9.53]}"
201712_8,12,0.5604617595672607,TERRACLIMATE,WA009,2017,"{""type"":""Point"",""coordinates"":[-13.230000000000002,8.489999999999998]}"
201712_9,12,3.513638734817505,TERRACLIMATE,WA010,2017,"{""type"":""Point"",""coordinates"":[-10.799999999999999,6.3]}"
201712_10,12,0.5181427597999573,TERRACLIMATE,WA011,2017,"{""type"":""Point"",""coordinates"":[1.22,6.130000000000001]}"
201712_11,12,0.3951591849327087,TERRACLIMATE,WA012,2017,"{""type"":""Point"",""coordinates"":[2.42,6.37]}"
201712_12,12,0.0,TERRACLIMATE,WA013,2017,"{""type"":""Point"",""coordinates"":[8.52,12.05]}"
201712_13,12,0.8306437134742737,TERRACLIMATE,WA014,2017,"{""type"":""Point"",""coordinates"":[-1.62,6.69]}"
201712_14,12,0.0,TERRACLIMATE,WA015,2017,"{""type"":""Point"",""coordinates"":[-16.680000000000003,13.45]}"
,12,0.024177501,TERRACLIMATE,WA016,2017,
201801_0,1,0.0,TERRACLIMATE,WA001,2018,"{""type"":""Point"",""coordinates"":[-17.470000000000002,14.73]}"
201801_1,1,0.0,TERRACLIMATE,WA002,2018,"{""type"":""Point"",""coordinates"":[-7.949999999999998,12.65]}"
201801_2,1,0.0,TERRACLIMATE,WA003,2018,"{""type"":""Point"",""coordinates"":[-1.5200000000000002,12.360000000000001]}"
201801_3,1,0.0,TERRACLIMATE,WA004,2018,"{""type"":""Point"",""coordinates"":[2.17,13.51]}"
201801_4,1,0.0,TERRACLIMATE,WA005,2018,"{""type"":""Point"",""coordinates"":[7.33,9.07]}"
201801_5,1,0.1129034459590911,TERRACLIMATE,WA006,2018,"{""type"":""Point"",""coordinates"":[-0.17,5.56]}"
201801_6,1,0.2600785791873932,TERRACLIMATE,WA007,2018,"{""type"":""Point"",""coordinates"":[-3.9299999999999997,5.349999999999999]}"
201801_7,1,0.0,TERRACLIMATE,WA008,2018,"{""type"":""Point"",""coordinates"":[-13.67,9.53]}"
201801_8,1,0.2439294159412384,TERRACLIMATE,WA009,2018,"{""type"":""Point"",""coordinates"":[-13.230000000000002,8.489999999999998]}"
201801_9,1,0.980131447315216,TERRACLIMATE,WA010,2018,"{""type"":""Point"",""coordinates"":[-10.799999999999999,6.3]}"
201801_10,1,0.0,TERRACLIMATE,WA011,2018,"{""type"":""Point"",""coordinates"":[1.22,6.130000000000001]}"
201801_11,1,0.0,TERRACLIMATE,WA012,2018,"{""type"":""Point"",""coordinates"":[2.42,6.37]}"
201801_12,1,0.0,TERRACLIMATE,WA013,2018,"{""type"":""Point"",""coordinates"":[8.52,12.05]}"
201801_13,1,0.3064589202404022,TERRACLIMATE,WA014,2018,"{""type"":""Point"",""coordinates"":[-1.62,6.69]}"
201801_14,1,0.0,TERRACLIMATE,WA015,2018,"{""type"":""Point"",""coordinates"":[-16.680000000000003,13.45]}"
,1,0.008080563,TERRACLIMATE,WA016,2018,
201802_0,2,0.0,TERRACLIMATE,WA001,2018,"{""type"":""Point"",""coordinates"":[-17.470000000000002,14.73]}"
201802_1,2,0.1316922008991241,TERRACLIMATE,WA002,2018,"{""type"":""Point"",""coordinates"":[-7.949999999999998,12.65]}"
201802_2,2,1.0335016250610352,TERRACLIMATE,WA003,2018,"{""type"":""Point"",""coordinates"":[-1.5200000000000002,12.360000000000001]}"
201802_3,2,0.0,TERRACLIMATE,WA004,2018,"{""type"":""Point"",""coordinates"":[2.17,13.51]}"
201802_4,2,0.5535697340965271,TERRACLIMATE,WA005,2018,"{""type"":""Point"",""coordinates"":[7.33,9.07]}"
201802_5,2,0.3839397132396698,TERRACLIMATE,WA006,2018,"{""type"":""Point"",""coordinates"":[-0.17,5.56]}"
201802_6,2,1.062527775764465,TERRACLIMATE,WA007,2018,"{""type"":""Point"",""coordinates"":[-3.9299999999999997,5.349999999999999]}"
201802_7,2,0.0267723593860864,TERRACLIMATE,WA008,2018,"{""type"":""Point"",""coordinates"":[-13.67,9.53]}"
201802_8,2,0.4374460875988006,TERRACLIMATE,WA009,2018,"{""type"":""Point"",""coordinates"":[-13.230000000000002,8.489999999999998]}"
201802_9,2,2.876194715499878,TERRACLIMATE,WA010,2018,"{""type"":""Point"",""coordinates"":[-10.799999999999999,6.3]}"
201802_10,2,0.6852911710739136,TERRACLIMATE,WA011,2018,"{""type"":""Point"",""coordinates"":[1.22,6.130000000000001]}"
201802_11,2,0.8214285969734192,TERRACLIMATE,WA012,2018,"{""type"":""Point"",""coordinates"":[2.42,6.37]}"
201802_12,2,0.0,TERRACLIMATE,WA013,2018,"{""type"":""Point"",""coordinates"":[8.52,12.05]}"
201802_13,2,2.0223937034606934,TERRACLIMATE,WA014,2018,"{""type"":""Point"",""coordinates"":[-1.62,6.69]}"
201802_14,2,0.0,TERRACLIMATE,WA015,2018,"{""type"":""Point"",""coordinates"":[-16.680000000000003,13.45]}"
,2,0.0,TERRACLIMATE,WA016,2018,
201803_0,3,0.0,TERRACLIMATE,WA001,2018,"{""type"":""Point"",""coordinates"":[-17.470000000000002,14.73]}"
201803_1,3,0.0967741906642913,TERRACLIMATE,WA002,2018,"{""type"":""Point"",""coordinates"":[-7.949999999999998,12.65]}"
201803_2,3,0.2903035283088684,TERRACLIMATE,WA003,2018,"{""type"":""Point"",""coordinates"":[-1.5200000000000002,12.360000000000001]}"
201803_3,3,0.0302384477108716,TERRACLIMATE,WA004,2018,"{""type"":""Point"",""coordinates"":[2.17,13.51]}"
201803_4,3,0.4032242596149444,TERRACLIMATE,WA005,2018,"{""type"":""Point"",""coordinates"":[7.33,9.07]}"
201803_5,3,2.338764905929565,TERRACLIMATE,WA006,2018,"{""type"":""Point"",""coordinates"":[-0.17,5.56]}"
201803_6,3,4.875063896179199,TERRACLIMATE,WA007,2018,"{""type"":""Point"",""coordinates"":[-3.9299999999999997,5.349999999999999]}"
201803_7,3,0.1270109713077545,TERRACLIMATE,WA008,2018,"{""type"":""Point"",""coordinates"":[-13.67,9.53]}"
201803_8,3,1.4535073041915894,TERRACLIMATE,WA009,2018,"{""type"":""Point"",""coordinates"":[-13.230000000000002,8.489999999999998]}"
201803_9,3,3.215857982635498,TERRACLIMATE,WA010,2018,"{""type"":""Point"",""coordinates"":[-10.799999999999999,6.3]}"
201803_10,3,2.6089072227478027,TERRACLIMATE,WA011,2018,"{""type"":""Point"",""coordinates"":[1.22,6.130000000000001]}"
201803_11,3,2.6048407554626465,TERRACLIMATE,WA012,2018,"{""type"":""Point"",""coordinates"":[2.42,6.37]}"
201803_12,3,0.0,TERRACLIMATE,WA013,2018,"{""type"":""Point"",""coordinates"":[8.52,12.05]}"
201803_13,3,4.272188663482666,TERRACLIMATE,WA014,2018,"{""type"":""Point"",""coordinates"":[-1.62,6.69]}"
201803_14,3,0.0,TERRACLIMATE,WA015,2018,"{""type"":""Point"",""coordinates"":[-16.680000000000003,13.45]}"
,3,0.01814366,TERRACLIMATE,WA016,2018,
201804_0,4,0.0,TERRACLIMATE,WA001,2018,"{""type"":""Point"",""coordinates"":[-17.470000000000002,14.73]}"
201804_1,4,0.4499768912792206,TERRACLIMATE,WA002,2018,"{""type"":""Point"",""coordinates"":[-7.949999999999998,12.65]}"
201804_2,4,0.2166440337896347,TERRACLIMATE,WA003,2018,"{""type"":""Point"",""coordinates"":[-1.5200000000000002,12.360000000000001]}"
201804_3,4,0.0,TERRACLIMATE,WA004,2018,"{""type"":""Point"",""coordinates"":[2.17,13.51]}"
201804_4,4,2.737494468688965,TERRACLIMATE,WA005,2018,"{""type"":""Point"",""coordinates"":[7.33,9.07]}"
201804_5,4,2.7562954425811768,TERRACLIMATE,WA006,2018,"{""type"":""Point"",""coordinates"":[-0.17,5.56]}"
201804_6,4,2.981273412704468,TERRACLIMATE,WA007,2018,"{""type"":""Point"",""coordinates"":[-3.9299999999999997,5.349999999999999]}"
201804_7,4,0.7416292428970337,TERRACLIMATE,WA008,2018,"{""type"":""Point"",""coordinates"":[-13.67,9.53]}"
201804_8,4,1.395774483680725,TERRACLIMATE,WA009,2018,"{""type"":""Point"",""coordinates"":[-13.230000000000002,8.489999999999998]}"
201804_9,4,3.830737590789795,TERRACLIMATE,WA010,2018,"{""type"":""Point"",""coordinates"":[-10.799999999999999,6.3]}"
201804_10,4,3.1021032333374023,TERRACLIMATE,WA011,2018,"{""type"":""Point"",""coordinates"":[1.22,6.130000000000001]}"
201804_11,4,3.1666581630706787,TERRACLIMATE,WA012,2018,"{""type"":""Point"",""coordinates"":[2.42,6.37]}"
201804_12,4,0.1249889135360717,TERRACLIMATE,WA013,2018,"{""type"":""Point"",""coordinates"":[8.52,12.05]}"
201804_13,4,4.547897815704346,TERRACLIMATE,WA014,2018,"{""type"":""Point"",""coordinates"":[-1.62,6.69]}"
201804_14,4,0.0,TERRACLIMATE,WA015,2018,"{""type"":""Point"",""coordinates"":[-16.680000000000003,13.45]}"
,4,0.0,TERRACLIMATE,WA016,2018,
201805_0,5,0.0,TERRACLIMATE,WA001,2018,"{""type"":""Point"",""coordinates"":[-17.470000000000002,14.73]}"
201805_1,5,2.1814117431640625,TERRACLIMATE,WA002,2018,"{""type"":""Point"",""coordinates"":[-7.949999999999998,12.65]}"
201805_2,5,2.5040056705474854,TERRACLIMATE,WA003,2018,"{""type"":""Point"",""coordinates"":[-1.5200000000000002,12.360000000000001]}"
201805_3,5,1.0019612312316897,TERRACLIMATE,WA004,2018,"{""type"":""Point"",""coordinates"":[2.17,13.51]}"
201805_4,5,6.358865737915039,TERRACLIMATE,WA005,2018,"{""type"":""Point"",""coordinates"":[7.33,9.07]}"
201805_5,5,4.256052494049072,TERRACLIMATE,WA006,2018,"{""type"":""Point"",""coordinates"":[-0.17,5.56]}"
201805_6,5,5.687403202056885,TERRACLIMATE,WA007,2018,"{""type"":""Point"",""coordinates"":[-3.9299999999999997,5.349999999999999]}"
201805_7,5,3.229626178741455,TERRACLIMATE,WA008,2018,"{""type"":""Point"",""coordinates"":[-13.67,9.53]}"
201805_8,5,6.3204874992370605,TERRACLIMATE,WA009,2018,"{""type"":""Point"",""coordinates"":[-13.230000000000002,8.489999999999998]}"
201805_9,5,9.530797004699709,TERRACLIMATE,WA010,2018,"{""type"":""Point"",""coordinates"":[-10.799999999999999,6.3]}"
201805_10,5,4.548370838165283,TERRACLIMATE,WA011,2018,"{""type"":""Point"",""coordinates"":[1.22,6.130000000000001]}"
201805_11,5,5.419363498687744,TERRACLIMATE,WA012,2018,"{""type"":""Point"",""coordinates"":[2.42,6.37]}"
201805_12,5,1.6027275323867798,TERRACLIMATE,WA013,2018,"{""type"":""Point"",""coordinates"":[8.52,12.05]}"
201805_13,5,5.044345378875732,TERRACLIMATE,WA014,2018,"{""type"":""Point"",""coordinates"":[-1.62,6.69]}"
201805_14,5,0.0,TERRACLIMATE,WA015,2018,"{""type"":""Point"",""coordinates"":[-16.680000000000003,13.45]}"
,5,0.0,TERRACLIMATE,WA016,2018,
201806_0,6,0.5936247706413269,TERRACLIMATE,WA001,2018,"{""type"":""Point"",""coordinates"":[-17.470000000000002,14.73]}"
201806_1,6,3.899926424026489,TERRACLIMATE,WA002,2018,"{""type"":""Point"",""coordinates"":[-7.949999999999998,12.65]}"
201806_2,6,3.520831346511841,TERRACLIMATE,WA003,2018,"{""type"":""Point"",""coordinates"":[-1.5200000000000002,12.360000000000001]}"
201806_3,6,1.7436769008636477,TERRACLIMATE,WA004,2018,"{""type"":""Point"",""coordinates"":[2.17,13.51]}"
201806_4,6,6.787559509277344,TERRACLIMATE,WA005,2018,"{""type"":""Point"",""coordinates"":[7.33,9.07]}"
201806_5,6,5.893783092498779,TERRACLIMATE,WA006,2018,"{""type"":""Point"",""coordinates"":[-0.17,5.56]}"
201806_6,6,9.939422607421877,TERRACLIMATE,WA007,2018,"{""type"":""Point"",""coordinates"":[-3.9299999999999997,5.349999999999999]}"
201806_7,6,13.495750427246094,TERRACLIMATE,WA008,2018,"{""type"":""Point"",""coordinates"":[-13.67,9.53]}"
201806_8,6,12.035408973693848,TERRACLIMATE,WA009,2018,"{""type"":""Point"",""coordinates"":[-13.230000000000002,8.489999999999998]}"
201806_9,6,24.779354095458984,TERRACLIMATE,WA010,2018,"{""type"":""Point"",""coordinates"":[-10.799999999999999,6.3]}"
201806_10,6,5.837462902069092,TERRACLIMATE,WA011,2018,"{""type"":""Point"",""coordinates"":[1.22,6.130000000000001]}"
201806_11,6,8.541682243347168,TERRACLIMATE,WA012,2018,"{""type"":""Point"",""coordinates"":[2.42,6.37]}"
201806_12,6,6.999946117401123,TERRACLIMATE,WA013,2018,"{""type"":""Point"",""coordinates"":[8.52,12.05]}"
201806_13,6,6.985450267791748,TERRACLIMATE,WA014,2018,"{""type"":""Point"",""coordinates"":[-1.62,6.69]}"
201806_14,6,2.589527130126953,TERRACLIMATE,WA015,2018,"{""type"":""Point"",""coordinates"":[-16.680000000000003,13.45]}"
,6,0.2750166,TERRACLIMATE,WA016,2018,
201807_0,7,1.274026870727539,TERRACLIMATE,WA001,2018,"{""type"":""Point"",""coordinates"":[-17.470000000000002,14.73]}"
201807_1,7,7.044358253479004,TERRACLIMATE,WA002,2018,"{""type"":""Point"",""coordinates"":[-7.949999999999998,12.65]}"
201807_2,7,6.576581954956055,TERRACLIMATE,WA003,2018,"{""type"":""Point"",""coordinates"":[-1.5200000000000002,12.360000000000001]}"
201807_3,7,5.163145065307617,TERRACLIMATE,WA004,2018,"{""type"":""Point"",""coordinates"":[2.17,13.51]}"
201807_4,7,5.324666976928711,TERRACLIMATE,WA005,2018,"{""type"":""Point"",""coordinates"":[7.33,9.07]}"
201807_5,7,2.199645757675171,TERRACLIMATE,WA006,2018,"{""type"":""Point"",""coordinates"":[-0.17,5.56]}"
201807_6,7,4.118920803070068,TERRACLIMATE,WA007,2018,"{""type"":""Point"",""coordinates"":[-3.9299999999999997,5.349999999999999]}"
201807_7,7,32.044246673583984,TERRACLIMATE,WA008,2018,"{""type"":""Point"",""coordinates"":[-13.67,9.53]}"
201807_8,7,23.23634910583496,TERRACLIMATE,WA009,2018,"{""type"":""Point"",""coordinates"":[-13.230000000000002,8.489999999999998]}"
201807_9,7,28.253070831298828,TERRACLIMATE,WA010,2018,"{""type"":""Point"",""coordinates"":[-10.799999999999999,6.3]}"
201807_10,7,2.427424430847168,TERRACLIMATE,WA011,2018,"{""type"":""Point"",""coordinates"":[1.22,6.130000000000001]}"
201807_11,7,3.814513921737671,TERRACLIMATE,WA012,2018,"{""type"":""Point"",""coordinates"":[2.42,6.37]}"
201807_12,7,7.927292346954346,TERRACLIMATE,WA013,2018,"{""type"":""Point"",""coordinates"":[8.52,12.05]}"
201807_13,7,4.348789215087891,TERRACLIMATE,WA014,2018,"{""type"":""Point"",""coordinates"":[-1.62,6.69]}"
201807_14,7,3.854752540588379,TERRACLIMATE,WA015,2018,"{""type"":""Point"",""coordinates"":[-16.680000000000003,13.45]}"
,7,0.29029247,TERRACLIMATE,WA016,2018,
201808_0,8,4.348584175109863,TERRACLIMATE,WA001,2018,"{""type"":""Point"",""coordinates"":[-17.470000000000002,14.73]}"
201808_1,8,10.16137981414795,TERRACLIMATE,WA002,2018,"{""type"":""Point"",""coordinates"":[-7.949999999999998,12.65]}"
201808_2,8,9.010028839111328,TERRACLIMATE,WA003,2018,"{""type"":""Point"",""coordinates"":[-1.5200000000000002,12.360000000000001]}"
201808_3,8,4.854758739471436,TERRACLIMATE,WA004,2018,"{""type"":""Point"",""coordinates"":[2.17,13.51]}"
201808_4,8,7.832785129547119,TERRACLIMATE,WA005,2018,"{""type"":""Point"",""coordinates"":[7.33,9.07]}"
201808_5,8,1.4678016901016235,TERRACLIMATE,WA006,2018,"{""type"":""Point"",""coordinates"":[-0.17,5.56]}"
201808_6,8,2.8024752140045166,TERRACLIMATE,WA007,2018,"{""type"":""Point"",""coordinates"":[-3.9299999999999997,5.349999999999999]}"
201808_7,8,35.06055450439453,TERRACLIMATE,WA008,2018,"{""type"":""Point"",""coordinates"":[-13.67,9.53]}"
201808_8,8,24.478355407714844,TERRACLIMATE,WA009,2018,"{""type"":""Point"",""coordinates"":[-13.230000000000002,8.489999999999998]}"
201808_9,8,28.2253475189209,TERRACLIMATE,WA010,2018,"{""type"":""Point"",""coordinates"":[-10.799999999999999,6.3]}"
201808_10,8,2.0907983779907227,TERRACLIMATE,WA011,2018,"{""type"":""Point"",""coordinates"":[1.22,6.130000000000001]}"
201808_11,8,3.451612949371338,TERRACLIMATE,WA012,2018,"{""type"":""Point"",""coordinates"":[2.42,6.37]}"
201808_12,8,8.5079345703125,TERRACLIMATE,WA013,2018,"{""type"":""Point"",""coordinates"":[8.52,12.05]}"
201808_13,8,3.4576315879821777,TERRACLIMATE,WA014,2018,"{""type"":""Point"",""coordinates"":[-1.62,6.69]}"
201808_14,8,9.21345329284668,TERRACLIMATE,WA015,2018,"{""type"":""Point"",""coordinates"":[-16.680000000000003,13.45]}"
,8,0.5725345,TERRACLIMATE,WA016,2018,
201809_0,9,5.770709991455078,TERRACLIMATE,WA001,2018,"{""type"":""Point"",""coordinates"":[-17.470000000000002,14.73]}"
201809_1,9,6.777080059051514,TERRACLIMATE,WA002,2018,"{""type"":""Point"",""coordinates"":[-7.949999999999998,12.65]}"
201809_2,9,5.445823192596436,TERRACLIMATE,WA003,2018,"{""type"":""Point"",""coordinates"":[-1.5200000000000002,12.360000000000001]}"
201809_3,9,3.958242177963257,TERRACLIMATE,WA004,2018,"{""type"":""Point"",""coordinates"":[2.17,13.51]}"
201809_4,9,9.268853187561035,TERRACLIMATE,WA005,2018,"{""type"":""Point"",""coordinates"":[7.33,9.07]}"
201809_5,9,3.762626171112061,TERRACLIMATE,WA006,2018,"{""type"":""Point"",""coordinates"":[-0.17,5.56]}"
201809_6,9,3.622993230819702,TERRACLIMATE,WA007,2018,"{""type"":""Point"",""coordinates"":[-3.9299999999999997,5.349999999999999]}"
201809_7,9,22.06874656677246,TERRACLIMATE,WA008,2018,"{""type"":""Point"",""coordinates"":[-13.67,9.53]}"
201809_8,9,17.38128662109375,TERRACLIMATE,WA009,2018,"{""type"":""Point"",""coordinates"":[-13.230000000000002,8.489999999999998]}"
201809_9,9,41.39448928833008,TERRACLIMATE,WA010,2018,"{""type"":""Point"",""coordinates"":[-10.799999999999999,6.3]}"
201809_10,9,4.539693355560303,TERRACLIMATE,WA011,2018,"{""type"":""Point"",""coordinates"":[1.22,6.130000000000001]}"
201809_11,9,6.566683769226074,TERRACLIMATE,WA012,2018,"{""type"":""Point"",""coordinates"":[2.42,6.37]}"
201809_12,9,7.714360237121582,TERRACLIMATE,WA013,2018,"{""type"":""Point"",""coordinates"":[8.52,12.05]}"
201809_13,9,6.47917366027832,TERRACLIMATE,WA014,2018,"{""type"":""Point"",""coordinates"":[-1.62,6.69]}"
201809_14,9,10.289288520812988,TERRACLIMATE,WA015,2018,"{""type"":""Point"",""coordinates"":[-16.680000000000003,13.45]}"
,9,1.7810919,TERRACLIMATE,WA016,2018,
201810_0,10,1.2076157331466677,TERRACLIMATE,WA001,2018,"{""type"":""Point"",""coordinates"":[-17.470000000000002,14.73]}"
201810_1,10,2.5886592864990234,TERRACLIMATE,WA002,2018,"{""type"":""Point"",""coordinates"":[-7.949999999999998,12.65]}"
201810_2,10,1.4899122714996338,TERRACLIMATE,WA003,2018,"{""type"":""Point"",""coordinates"":[-1.5200000000000002,12.360000000000001]}"
201810_3,10,0.3326285779476166,TERRACLIMATE,WA004,2018,"{""type"":""Point"",""coordinates"":[2.17,13.51]}"
201810_4,10,4.288328647613525,TERRACLIMATE,WA005,2018,"{""type"":""Point"",""coordinates"":[7.33,9.07]}"
201810_5,10,4.439643859863281,TERRACLIMATE,WA006,2018,"{""type"":""Point"",""coordinates"":[-0.17,5.56]}"
201810_6,10,6.653258800506592,TERRACLIMATE,WA007,2018,"{""type"":""Point"",""coordinates"":[-3.9299999999999997,5.349999999999999]}"
201810_7,10,10.276152610778809,TERRACLIMATE,WA008,2018,"{""type"":""Point"",""coordinates"":[-13.67,9.53]}"
201810_8,10,9.874917030334473,TERRACLIMATE,WA009,2018,"{""type"":""Point"",""coordinates"":[-13.230000000000002,8.489999999999998]}"
201810_9,10,14.138585090637209,TERRACLIMATE,WA010,2018,"{""type"":""Point"",""coordinates"":[-10.799999999999999,6.3]}"
201810_10,10,5.137104511260986,TERRACLIMATE,WA011,2018,"{""type"":""Point"",""coordinates"":[1.22,6.130000000000001]}"
201810_11,10,6.072603702545166,TERRACLIMATE,WA012,2018,"{""type"":""Point"",""coordinates"":[2.42,6.37]}"
201810_12,10,2.7397921085357666,TERRACLIMATE,WA013,2018,"{""type"":""Point"",""coordinates"":[8.52,12.05]}"
201810_13,10,7.121020317077637,TERRACLIMATE,WA014,2018,"{""type"":""Point"",""coordinates"":[-1.62,6.69]}"
201810_14,10,3.149014711380005,TERRACLIMATE,WA015,2018,"{""type"":""Point"",""coordinates"":[-16.680000000000003,13.45]}"
,10,0.16129032,TERRACLIMATE,WA016,2018,
201811_0,11,0.1000000014901161,TERRACLIMATE,WA001,2018,"{""type"":""Point"",""coordinates"":[-17.470000000000002,14.73]}"
201811_1,11,0.0,TERRACLIMATE,WA002,2018,"{""type"":""Point"",""coordinates"":[-7.949999999999998,12.65]}"
201811_2,11,0.0,TERRACLIMATE,WA003,2018,"{""type"":""Point"",""coordinates"":[-1.5200000000000002,12.360000000000001]}"
201811_3,11,0.0,TERRACLIMATE,WA004,2018,"{""type"":""Point"",""coordinates"":[2.17,13.51]}"
201811_4,11,0.0,TERRACLIMATE,WA005,2018,"{""type"":""Point"",""coordinates"":[7.33,9.07]}"
201811_5,11,1.5896129608154297,TERRACLIMATE,WA006,2018,"{""type"":""Point"",""coordinates"":[-0.17,5.56]}"
201811_6,11,2.7562386989593506,TERRACLIMATE,WA007,2018,"{""type"":""Point"",""coordinates"":[-3.9299999999999997,5.349999999999999]}"
201811_7,11,2.093634366989136,TERRACLIMATE,WA008,2018,"{""type"":""Point"",""coordinates"":[-13.67,9.53]}"
201811_8,11,4.5456647872924805,TERRACLIMATE,WA009,2018,"{""type"":""Point"",""coordinates"":[-13.230000000000002,8.489999999999998]}"
201811_9,11,6.212700366973877,TERRACLIMATE,WA010,2018,"{""type"":""Point"",""coordinates"":[-10.799999999999999,6.3]}"
201811_10,11,1.6437444686889648,TERRACLIMATE,WA011,2018,"{""type"":""Point"",""coordinates"":[1.22,6.130000000000001]}"
201811_11,11,1.541664481163025,TERRACLIMATE,WA012,2018,"{""type"":""Point"",""coordinates"":[2.42,6.37]}"
201811_12,11,0.0,TERRACLIMATE,WA013,2018,"{""type"":""Point"",""coordinates"":[8.52,12.05]}"
201811_13,11,2.1604275703430176,TERRACLIMATE,WA014,2018,"{""type"":""Point"",""coordinates"":[-1.62,6.69]}"
201811_14,11,0.0645826011896133,TERRACLIMATE,WA015,2018,"{""type"":""Point"",""coordinates"":[-16.680000000000003,13.45]}"
,11,0.16666667,TERRACLIMATE,WA016,2018,
201812_0,12,0.0,TERRACLIMATE,WA001,2018,"{""type"":""Point"",""coordinates"":[-17.470000000000002,14.73]}"
201812_1,12,0.0,TERRACLIMATE,WA002,2018,"{""type"":""Point"",""coordinates"":[-7.949999999999998,12.65]}"
201812_2,12,0.0,TERRACLIMATE,WA003,2018,"{""type"":""Point"",""coordinates"":[-1.5200000000000002,12.360000000000001]}"
201812_3,12,0.0,TERRACLIMATE,WA004,2018,"{""type"":""Point"",""coordinates"":[2.17,13.51]}"
201812_4,12,0.0,TERRACLIMATE,WA005,2018,"{""type"":""Point"",""coordinates"":[7.33,9.07]}"
201812_5,12,0.7983976006507874,TERRACLIMATE,WA006,2018,"{""type"":""Point"",""coordinates"":[-0.17,5.56]}"
201812_6,12,0.7903116941452026,TERRACLIMATE,WA007,2018,"{""type"":""Point"",""coordinates"":[-3.9299999999999997,5.349999999999999]}"
201812_7,12,0.2358631342649459,TERRACLIMATE,WA008,2018,"{""type"":""Point"",""coordinates"":[-13.67,9.53]}"
201812_8,12,0.947509765625,TERRACLIMATE,WA009,2018,"{""type"":""Point"",""coordinates"":[-13.230000000000002,8.489999999999998]}"
201812_9,12,2.652583837509156,TERRACLIMATE,WA010,2018,"{""type"":""Point"",""coordinates"":[-10.799999999999999,6.3]}"
201812_10,12,0.5322604775428772,TERRACLIMATE,WA011,2018,"{""type"":""Point"",""coordinates"":[1.22,6.130000000000001]}"
201812_11,12,0.3306430578231811,TERRACLIMATE,WA012,2018,"{""type"":""Point"",""coordinates"":[2.42,6.37]}"
201812_12,12,0.0,TERRACLIMATE,WA013,2018,"{""type"":""Point"",""coordinates"":[8.52,12.05]}"
201812_13,12,0.9092738032341005,TERRACLIMATE,WA014,2018,"{""type"":""Point"",""coordinates"":[-1.62,6.69]}"
201812_14,12,0.0,TERRACLIMATE,WA015,2018,"{""type"":""Point"",""coordinates"":[-16.680000000000003,13.45]}"
,12,0.0,TERRACLIMATE,WA016,2018,
201901_0,1,0.0,TERRACLIMATE,WA001,2019,"{""type"":""Point"",""coordinates"":[-17.470000000000002,14.73]}"
201901_1,1,0.0,TERRACLIMATE,WA002,2019,"{""type"":""Point"",""coordinates"":[-7.949999999999998,12.65]}"
201901_2,1,0.0,TERRACLIMATE,WA003,2019,"{""type"":""Point"",""coordinates"":[-1.5200000000000002,12.360000000000001]}"
201901_3,1,0.0,TERRACLIMATE,WA004,2019,"{""type"":""Point"",""coordinates"":[2.17,13.51]}"
201901_4,1,0.0262165926396846,TERRACLIMATE,WA005,2019,"{""type"":""Point"",""coordinates"":[7.33,9.07]}"
201901_5,1,0.2358933389186859,TERRACLIMATE,WA006,2019,"{""type"":""Point"",""coordinates"":[-0.17,5.56]}"
201901_6,1,0.5907189846038818,TERRACLIMATE,WA007,2019,"{""type"":""Point"",""coordinates"":[-3.9299999999999997,5.349999999999999]}"
201901_7,1,0.0,TERRACLIMATE,WA008,2019,"{""type"":""Point"",""coordinates"":[-13.67,9.53]}"
201901_8,1,0.0322580635547637,TERRACLIMATE,WA009,2019,"{""type"":""Point"",""coordinates"":[-13.230000000000002,8.489999999999998]}"
201901_9,1,0.8411861658096313,TERRACLIMATE,WA010,2019,"{""type"":""Point"",""coordinates"":[-10.799999999999999,6.3]}"
201901_10,1,0.2096754163503646,TERRACLIMATE,WA011,2019,"{""type"":""Point"",""coordinates"":[1.22,6.130000000000001]}"
201901_11,1,0.2741977572441101,TERRACLIMATE,WA012,2019,"{""type"":""Point"",""coordinates"":[2.42,6.37]}"
201901_12,1,0.0,TERRACLIMATE,WA013,2019,"{""type"":""Point"",""coordinates"":[8.52,12.05]}"
201901_13,1,0.2016187608242035,TERRACLIMATE,WA014,2019,"{""type"":""Point"",""coordinates"":[-1.62,6.69]}"
201901_14,1,0.0,TERRACLIMATE,WA015,2019,"{""type"":""Point"",""coordinates"":[-16.680000000000003,13.45]}"
,1,0.0,TERRACLIMATE,WA016,2019,
201902_0,2,0.0,TERRACLIMATE,WA001,2019,"{""type"":""Point"",""coordinates"":[-17.470000000000002,14.73]}"
201902_1,2,0.0,TERRACLIMATE,WA002,2019,"{""type"":""Point"",""coordinates"":[-7.949999999999998,12.65]}"
201902_2,2,0.0,TERRACLIMATE,WA003,2019,"{""type"":""Point"",""coordinates"":[-1.5200000000000002,12.360000000000001]}"
201902_3,2,0.0,TERRACLIMATE,WA004,2019,"{""type"":""Point"",""coordinates"":[2.17,13.51]}"
201902_4,2,0.3594043254852295,TERRACLIMATE,WA005,2019,"{""type"":""Point"",""coordinates"":[7.33,9.07]}"
201902_5,2,1.3460302352905271,TERRACLIMATE,WA006,2019,"{""type"":""Point"",""coordinates"":[-0.17,5.56]}"
201902_6,2,2.020103454589844,TERRACLIMATE,WA007,2019,"{""type"":""Point"",""coordinates"":[-3.9299999999999997,5.349999999999999]}"
201902_7,2,0.0,TERRACLIMATE,WA008,2019,"{""type"":""Point"",""coordinates"":[-13.67,9.53]}"
201902_8,2,0.0,TERRACLIMATE,WA009,2019,"{""type"":""Point"",""coordinates"":[-13.230000000000002,8.489999999999998]}"
201902_9,2,1.5411039590835571,TERRACLIMATE,WA010,2019,"{""type"":""Point"",""coordinates"":[-10.799999999999999,6.3]}"
201902_10,2,1.3437644243240356,TERRACLIMATE,WA011,2019,"{""type"":""Point"",""coordinates"":[1.22,6.130000000000001]}"
201902_11,2,1.2678524255752563,TERRACLIMATE,WA012,2019,"{""type"":""Point"",""coordinates"":[2.42,6.37]}"
201902_12,2,0.0,TERRACLIMATE,WA013,2019,"{""type"":""Point"",""coordinates"":[8.52,12.05]}"
201902_13,2,1.4977383613586426,TERRACLIMATE,WA014,2019,"{""type"":""Point"",""coordinates"":[-1.62,6.69]}"
201902_14,2,0.0,TERRACLIMATE,WA015,2019,"{""type"":""Point"",""coordinates"":[-16.680000000000003,13.45]}"
,2,0.0,TERRACLIMATE,WA016,2019,
201903_0,3,0.0,TERRACLIMATE,WA001,2019,"{""type"":""Point"",""coordinates"":[-17.470000000000002,14.73]}"
201903_1,3,0.0705746412277221,TERRACLIMATE,WA002,2019,"{""type"":""Point"",""coordinates"":[-7.949999999999998,12.65]}"
201903_2,3,0.1633040606975555,TERRACLIMATE,WA003,2019,"{""type"":""Point"",""coordinates"":[-1.5200000000000002,12.360000000000001]}"
201903_3,3,0.0,TERRACLIMATE,WA004,2019,"{""type"":""Point"",""coordinates"":[2.17,13.51]}"
201903_4,3,0.3467922210693359,TERRACLIMATE,WA005,2019,"{""type"":""Point"",""coordinates"":[7.33,9.07]}"
201903_5,3,1.623015284538269,TERRACLIMATE,WA006,2019,"{""type"":""Point"",""coordinates"":[-0.17,5.56]}"
201903_6,3,2.237965106964112,TERRACLIMATE,WA007,2019,"{""type"":""Point"",""coordinates"":[-3.9299999999999997,5.349999999999999]}"
201903_7,3,0.0121070593595504,TERRACLIMATE,WA008,2019,"{""type"":""Point"",""coordinates"":[-13.67,9.53]}"
201903_8,3,0.2398844361305236,TERRACLIMATE,WA009,2019,"{""type"":""Point"",""coordinates"":[-13.230000000000002,8.489999999999998]}"
201903_9,3,2.600428581237793,TERRACLIMATE,WA010,2019,"{""type"":""Point"",""coordinates"":[-10.799999999999999,6.3]}"
201903_10,3,1.7097123861312866,TERRACLIMATE,WA011,2019,"{""type"":""Point"",""coordinates"":[1.22,6.130000000000001]}"
201903_11,3,1.612894892692566,TERRACLIMATE,WA012,2019,"{""type"":""Point"",""coordinates"":[2.42,6.37]}"
201903_12,3,0.0,TERRACLIMATE,WA013,2019,"{""type"":""Point"",""coordinates"":[8.52,12.05]}"
201903_13,3,3.868967056274414,TERRACLIMATE,WA014,2019,"{""type"":""Point"",""coordinates"":[-1.62,6.69]}"
201903_14,3,0.0,TERRACLIMATE,WA015,2019,"{""type"":""Point"",""coordinates"":[-16.680000000000003,13.45]}"
,3,1.3608224,TERRACLIMATE,WA016,2019,
201904_0,4,0.0,TERRACLIMATE,WA001,2019,"{""type"":""Point"",""coordinates"":[-17.470000000000002,14.73]}"
201904_1,4,0.3020382225513458,TERRACLIMATE,WA002,2019,"{""type"":""Point"",""coordinates"":[-7.949999999999998,12.65]}"
201904_2,4,0.2145956307649612,TERRACLIMATE,WA003,2019,"{""type"":""Point"",""coordinates"":[-1.5200000000000002,12.360000000000001]}"
201904_3,4,0.0,TERRACLIMATE,WA004,2019,"{""type"":""Point"",""coordinates"":[2.17,13.51]}"
201904_4,4,1.2270689010620115,TERRACLIMATE,WA005,2019,"{""type"":""Point"",""coordinates"":[7.33,9.07]}"
201904_5,4,2.743900775909424,TERRACLIMATE,WA006,2019,"{""type"":""Point"",""coordinates"":[-0.17,5.56]}"
201904_6,4,5.879095077514648,TERRACLIMATE,WA007,2019,"{""type"":""Point"",""coordinates"":[-3.9299999999999997,5.349999999999999]}"
201904_7,4,1.9874753952026367,TERRACLIMATE,WA008,2019,"{""type"":""Point"",""coordinates"":[-13.67,9.53]}"
201904_8,4,3.3687546253204346,TERRACLIMATE,WA009,2019,"{""type"":""Point"",""coordinates"":[-13.230000000000002,8.489999999999998]}"
201904_9,4,4.66667366027832,TERRACLIMATE,WA010,2019,"{""type"":""Point"",""coordinates"":[-10.799999999999999,6.3]}"
201904_10,4,4.216670989990234,TERRACLIMATE,WA011,2019,"{""type"":""Point"",""coordinates"":[1.22,6.130000000000001]}"
201904_11,4,3.7083311080932617,TERRACLIMATE,WA012,2019,"{""type"":""Point"",""coordinates"":[2.42,6.37]}"
201904_12,4,0.0,TERRACLIMATE,WA013,2019,"{""type"":""Point"",""coordinates"":[8.52,12.05]}"
201904_13,4,5.110389709472656,TERRACLIMATE,WA014,2019,"{""type"":""Point"",""coordinates"":[-1.62,6.69]}"
201904_14,4,0.0,TERRACLIMATE,WA015,2019,"{""type"":""Point"",""coordinates"":[-16.680000000000003,13.45]}"
,4,0.09373393,TERRACLIMATE,WA016,2019,
201905_0,5,0.0,TERRACLIMATE,WA001,2019,"{""type"":""Point"",""coordinates"":[-17.470000000000002,14.73]}"
201905_1,5,1.3366882801055908,TERRACLIMATE,WA002,2019,"{""type"":""Point"",""coordinates"":[-7.949999999999998,12.65]}"
201905_2,5,1.7257516384124756,TERRACLIMATE,WA003,2019,"{""type"":""Point"",""coordinates"":[-1.5200000000000002,12.360000000000001]}"
201905_3,5,0.5907209515571594,TERRACLIMATE,WA004,2019,"{""type"":""Point"",""coordinates"":[2.17,13.51]}"
201905_4,5,5.1753411293029785,TERRACLIMATE,WA005,2019,"{""type"":""Point"",""coordinates"":[7.33,9.07]}"
201905_5,5,6.165343761444092,TERRACLIMATE,WA006,2019,"{""type"":""Point"",""coordinates"":[-0.17,5.56]}"
201905_6,5,11.152810096740724,TERRACLIMATE,WA007,2019,"{""type"":""Point"",""coordinates"":[-3.9299999999999997,5.349999999999999]}"
201905_7,5,2.189404249191284,TERRACLIMATE,WA008,2019,"{""type"":""Point"",""coordinates"":[-13.67,9.53]}"
201905_8,5,6.288114070892334,TERRACLIMATE,WA009,2019,"{""type"":""Point"",""coordinates"":[-13.230000000000002,8.489999999999998]}"
201905_9,5,13.235479354858398,TERRACLIMATE,WA010,2019,"{""type"":""Point"",""coordinates"":[-10.799999999999999,6.3]}"
201905_10,5,5.461639881134033,TERRACLIMATE,WA011,2019,"{""type"":""Point"",""coordinates"":[1.22,6.130000000000001]}"
201905_11,5,6.532262325286865,TERRACLIMATE,WA012,2019,"{""type"":""Point"",""coordinates"":[2.42,6.37]}"
201905_12,5,3.53177261352539,TERRACLIMATE,WA013,2019,"{""type"":""Point"",""coordinates"":[8.52,12.05]}"
201905_13,5,5.572532176971436,TERRACLIMATE,WA014,2019,"{""type"":""Point"",""coordinates"":[-1.62,6.69]}"
201905_14,5,0.0322580635547637,TERRACLIMATE,WA015,2019,"{""type"":""Point"",""coordinates"":[-16.680000000000003,13.45]}"
,5,0.0,TERRACLIMATE,WA016,2019,
201906_0,6,0.0,TERRACLIMATE,WA001,2019,"{""type"":""Point"",""coordinates"":[-17.470000000000002,14.73]}"
201906_1,6,2.793673038482666,TERRACLIMATE,WA002,2019,"{""type"":""Point"",""coordinates"":[-7.949999999999998,12.65]}"
201906_2,6,2.862661838531494,TERRACLIMATE,WA003,2019,"{""type"":""Point"",""coordinates"":[-1.5200000000000002,12.360000000000001]}"
201906_3,6,1.8874140977859497,TERRACLIMATE,WA004,2019,"{""type"":""Point"",""coordinates"":[2.17,13.51]}"
201906_4,6,5.19179105758667,TERRACLIMATE,WA005,2019,"{""type"":""Point"",""coordinates"":[7.33,9.07]}"
201906_5,6,5.0730180740356445,TERRACLIMATE,WA006,2019,"{""type"":""Point"",""coordinates"":[-0.17,5.56]}"
201906_6,6,13.76451587677002,TERRACLIMATE,WA007,2019,"{""type"":""Point"",""coordinates"":[-3.9299999999999997,5.349999999999999]}"
201906_7,6,7.097810745239258,TERRACLIMATE,WA008,2019,"{""type"":""Point"",""coordinates"":[-13.67,9.53]}"
201906_8,6,12.911968231201172,TERRACLIMATE,WA009,2019,"{""type"":""Point"",""coordinates"":[-13.230000000000002,8.489999999999998]}"
201906_9,6,21.99410820007324,TERRACLIMATE,WA010,2019,"{""type"":""Point"",""coordinates"":[-10.799999999999999,6.3]}"
201906_10,6,7.112464904785156,TERRACLIMATE,WA011,2019,"{""type"":""Point"",""coordinates"":[1.22,6.130000000000001]}"
201906_11,6,14.683398246765137,TERRACLIMATE,WA012,2019,"{""type"":""Point"",""coordinates"":[2.42,6.37]}"
201906_12,6,4.383378028869629,TERRACLIMATE,WA013,2019,"{""type"":""Point"",""coordinates"":[8.52,12.05]}"
201906_13,6,6.091785907745361,TERRACLIMATE,WA014,2019,"{""type"":""Point"",""coordinates"":[-1.62,6.69]}"
201906_14,6,0.0333333350718021,TERRACLIMATE,WA015,2019,"{""type"":""Point"",""coordinates"":[-16.680000000000003,13.45]}"
,6,0.0,TERRACLIMATE,WA016,2019,
201907_0,7,0.0725652575492858,TERRACLIMATE,WA001,2019,"{""type"":""Point"",""coordinates"":[-17.470000000000002,14.73]}"
201907_1,7,7.282286167144775,TERRACLIMATE,WA002,2019,"{""type"":""Point"",""coordinates"":[-7.949999999999998,12.65]}"
201907_2,7,5.304464340209961,TERRACLIMATE,WA003,2019,"{""type"":""Point"",""coordinates"":[-1.5200000000000002,12.360000000000001]}"
201907_3,7,2.219695568084717,TERRACLIMATE,WA004,2019,"{""type"":""Point"",""coordinates"":[2.17,13.51]}"
201907_4,7,8.461528778076172,TERRACLIMATE,WA005,2019,"{""type"":""Point"",""coordinates"":[7.33,9.07]}"
201907_5,7,1.7601872682571411,TERRACLIMATE,WA006,2019,"{""type"":""Point"",""coordinates"":[-0.17,5.56]}"
201907_6,7,2.8588829040527344,TERRACLIMATE,WA007,2019,"{""type"":""Point"",""coordinates"":[-3.9299999999999997,5.349999999999999]}"
201907_7,7,59.62757873535156,TERRACLIMATE,WA008,2019,"{""type"":""Point"",""coordinates"":[-13.67,9.53]}"
201907_8,7,28.494373321533203,TERRACLIMATE,WA009,2019,"{""type"":""Point"",""coordinates"":[-13.230000000000002,8.489999999999998]}"
201907_9,7,28.183332443237305,TERRACLIMATE,WA010,2019,"{""type"":""Point"",""coordinates"":[-10.799999999999999,6.3]}"
201907_10,7,3.086712121963501,TERRACLIMATE,WA011,2019,"{""type"":""Point"",""coordinates"":[1.22,6.130000000000001]}"
201907_11,7,3.629019498825073,TERRACLIMATE,WA012,2019,"{""type"":""Point"",""coordinates"":[2.42,6.37]}"
201907_12,7,10.031925201416016,TERRACLIMATE,WA013,2019,"{""type"":""Point"",""coordinates"":[8.52,12.05]}"
201907_13,7,3.161345958709717,TERRACLIMATE,WA014,2019,"{""type"":""Point"",""coordinates"":[-1.62,6.69]}"
201907_14,7,3.021886110305786,TERRACLIMATE,WA015,2019,"{""type"":""Point"",""coordinates"":[-16.680000000000003,13.45]}"
,7,0.0,TERRACLIMATE,WA016,2019,
201908_0,8,7.098571300506592,TERRACLIMATE,WA001,2019,"{""type"":""Point"",""coordinates"":[-17.470000000000002,14.73]}"
201908_1,8,9.708075523376465,TERRACLIMATE,WA002,2019,"{""type"":""Point"",""coordinates"":[-7.949999999999998,12.65]}"
201908_2,8,5.695608615875244,TERRACLIMATE,WA003,2019,"{""type"":""Point"",""coordinates"":[-1.5200000000000002,12.360000000000001]}"
201908_3,8,7.143253803253174,TERRACLIMATE,WA004,2019,"{""type"":""Point"",""coordinates"":[2.17,13.51]}"
201908_4,8,8.881196975708008,TERRACLIMATE,WA005,2019,"{""type"":""Point"",""coordinates"":[7.33,9.07]}"
201908_5,8,0.6290675401687622,TERRACLIMATE,WA006,2019,"{""type"":""Point"",""coordinates"":[-0.17,5.56]}"
201908_6,8,1.2117303609848022,TERRACLIMATE,WA007,2019,"{""type"":""Point"",""coordinates"":[-3.9299999999999997,5.349999999999999]}"
201908_7,8,49.445762634277344,TERRACLIMATE,WA008,2019,"{""type"":""Point"",""coordinates"":[-13.67,9.53]}"
201908_8,8,38.45194625854492,TERRACLIMATE,WA009,2019,"{""type"":""Point"",""coordinates"":[-13.230000000000002,8.489999999999998]}"
201908_9,8,24.42708969116211,TERRACLIMATE,WA010,2019,"{""type"":""Point"",""coordinates"":[-10.799999999999999,6.3]}"
201908_10,8,0.7298818826675415,TERRACLIMATE,WA011,2019,"{""type"":""Point"",""coordinates"":[1.22,6.130000000000001]}"
201908_11,8,1.9435714483261108,TERRACLIMATE,WA012,2019,"{""type"":""Point"",""coordinates"":[2.42,6.37]}"
201908_12,8,9.167373657226562,TERRACLIMATE,WA013,2019,"{""type"":""Point"",""coordinates"":[8.52,12.05]}"
201908_13,8,1.689496397972107,TERRACLIMATE,WA014,2019,"{""type"":""Point"",""coordinates"":[-1.62,6.69]}"
201908_14,8,12.264724731445312,TERRACLIMATE,WA015,2019,"{""type"":""Point"",""coordinates"":[-16.680000000000003,13.45]}"
,8,2.0766158,TERRACLIMATE,WA016,2019,
201909_0,9,3.337353229522705,TERRACLIMATE,WA001,2019,"{""type"":""Point"",""coordinates"":[-17.470000000000002,14.73]}"
201909_1,9,3.474997043609619,TERRACLIMATE,WA002,2019,"{""type"":""Point"",""coordinates"":[-7.949999999999998,12.65]}"
201909_2,9,2.4979054927825928,TERRACLIMATE,WA003,2019,"{""type"":""Point"",""coordinates"":[-1.5200000000000002,12.360000000000001]}"
201909_3,9,1.2477961778640747,TERRACLIMATE,WA004,2019,"{""type"":""Point"",""coordinates"":[2.17,13.51]}"
201909_4,9,9.727176666259766,TERRACLIMATE,WA005,2019,"{""type"":""Point"",""coordinates"":[7.33,9.07]}"
201909_5,9,2.8876469135284424,TERRACLIMATE,WA006,2019,"{""type"":""Point"",""coordinates"":[-0.17,5.56]}"
201909_6,9,7.32695722579956,TERRACLIMATE,WA007,2019,"{""type"":""Point"",""coordinates"":[-3.9299999999999997,5.349999999999999]}"
201909_7,9,18.639663696289062,TERRACLIMATE,WA008,2019,"{""type"":""Point"",""coordinates"":[-13.67,9.53]}"
201909_8,9,19.218204498291016,TERRACLIMATE,WA009,2019,"{""type"":""Point"",""coordinates"":[-13.230000000000002,8.489999999999998]}"
201909_9,9,32.28761291503906,TERRACLIMATE,WA010,2019,"{""type"":""Point"",""coordinates"":[-10.799999999999999,6.3]}"
201909_10,9,4.214707851409912,TERRACLIMATE,WA011,2019,"{""type"":""Point"",""coordinates"":[1.22,6.130000000000001]}"
201909_11,9,7.775041580200195,TERRACLIMATE,WA012,2019,"{""type"":""Point"",""coordinates"":[2.42,6.37]}"
201909_12,9,4.3394694328308105,TERRACLIMATE,WA013,2019,"{""type"":""Point"",""coordinates"":[8.52,12.05]}"
201909_13,9,8.331380844116211,TERRACLIMATE,WA014,2019,"{""type"":""Point"",""coordinates"":[-1.62,6.69]}"
201909_14,9,6.097570896148682,TERRACLIMATE,WA015,2019,"{""type"":""Point"",""coordinates"":[-16.680000000000003,13.45]}"
,9,0.6083147,TERRACLIMATE,WA016,2019,
201910_0,10,2.43961763381958,TERRACLIMATE,WA001,2019,"{""type"":""Point"",""coordinates"":[-17.470000000000002,14.73]}"
201910_1,10,1.356917381286621,TERRACLIMATE,WA002,2019,"{""type"":""Point"",""coordinates"":[-7.949999999999998,12.65]}"
201910_2,10,1.3850406408309937,TERRACLIMATE,WA003,2019,"{""type"":""Point"",""coordinates"":[-1.5200000000000002,12.360000000000001]}"
201910_3,10,0.4515544474124908,TERRACLIMATE,WA004,2019,"{""type"":""Point"",""coordinates"":[2.17,13.51]}"
201910_4,10,8.090757369995117,TERRACLIMATE,WA005,2019,"{""type"":""Point"",""coordinates"":[7.33,9.07]}"
201910_5,10,8.240059852600098,TERRACLIMATE,WA006,2019,"{""type"":""Point"",""coordinates"":[-0.17,5.56]}"
201910_6,10,9.12459945678711,TERRACLIMATE,WA007,2019,"{""type"":""Point"",""coordinates"":[-3.9299999999999997,5.349999999999999]}"
201910_7,10,8.907036781311035,TERRACLIMATE,WA008,2019,"{""type"":""Point"",""coordinates"":[-13.67,9.53]}"
201910_8,10,9.445438385009766,TERRACLIMATE,WA009,2019,"{""type"":""Point"",""coordinates"":[-13.230000000000002,8.489999999999998]}"
201910_9,10,20.141366958618164,TERRACLIMATE,WA010,2019,"{""type"":""Point"",""coordinates"":[-10.799999999999999,6.3]}"
201910_10,10,13.37849235534668,TERRACLIMATE,WA011,2019,"{""type"":""Point"",""coordinates"":[1.22,6.130000000000001]}"
201910_11,10,14.76624870300293,TERRACLIMATE,WA012,2019,"{""type"":""Point"",""coordinates"":[2.42,6.37]}"
201910_12,10,2.8062710762023926,TERRACLIMATE,WA013,2019,"{""type"":""Point"",""coordinates"":[8.52,12.05]}"
201910_13,10,11.070473670959473,TERRACLIMATE,WA014,2019,"{""type"":""Point"",""coordinates"":[-1.62,6.69]}"
201910_14,10,3.1047139167785645,TERRACLIMATE,WA015,2019,"{""type"":""Point"",""coordinates"":[-16.680000000000003,13.45]}"
,10,0.32660988,TERRACLIMATE,WA016,2019,
201911_0,11,0.0,TERRACLIMATE,WA001,2019,"{""type"":""Point"",""coordinates"":[-17.470000000000002,14.73]}"
201911_1,11,0.0249884519726037,TERRACLIMATE,WA002,2019,"{""type"":""Point"",""coordinates"":[-7.949999999999998,12.65]}"
201911_2,11,0.0,TERRACLIMATE,WA003,2019,"{""type"":""Point"",""coordinates"":[-1.5200000000000002,12.360000000000001]}"
201911_3,11,0.0,TERRACLIMATE,WA004,2019,"{""type"":""Point"",""coordinates"":[2.17,13.51]}"
201911_4,11,0.3958408832550049,TERRACLIMATE,WA005,2019,"{""type"":""Point"",""coordinates"":[7.33,9.07]}"
201911_5,11,1.4583899974822998,TERRACLIMATE,WA006,2019,"{""type"":""Point"",""coordinates"":[-0.17,5.56]}"
201911_6,11,3.272892951965332,TERRACLIMATE,WA007,2019,"{""type"":""Point"",""coordinates"":[-3.9299999999999997,5.349999999999999]}"
201911_7,11,2.0582804679870605,TERRACLIMATE,WA008,2019,"{""type"":""Point"",""coordinates"":[-13.67,9.53]}"
201911_8,11,3.49548602104187,TERRACLIMATE,WA009,2019,"{""type"":""Point"",""coordinates"":[-13.230000000000002,8.489999999999998]}"
201911_9,11,5.428120136260986,TERRACLIMATE,WA010,2019,"{""type"":""Point"",""coordinates"":[-10.799999999999999,6.3]}"
201911_10,11,1.1645913124084473,TERRACLIMATE,WA011,2019,"{""type"":""Point"",""coordinates"":[1.22,6.130000000000001]}"
201911_11,11,0.9083311557769777,TERRACLIMATE,WA012,2019,"{""type"":""Point"",""coordinates"":[2.42,6.37]}"
201911_12,11,0.0,TERRACLIMATE,WA013,2019,"{""type"":""Point"",""coordinates"":[8.52,12.05]}"
201911_13,11,2.2562146186828613,TERRACLIMATE,WA014,2019,"{""type"":""Point"",""coordinates"":[-1.62,6.69]}"
201911_14,11,0.0124740526080131,TERRACLIMATE,WA015,2019,"{""type"":""Point"",""coordinates"":[-16.680000000000003,13.45]}"
,11,0.0062660747,TERRACLIMATE,WA016,2019,
201912_0,12,0.0,TERRACLIMATE,WA001,2019,"{""type"":""Point"",""coordinates"":[-17.470000000000002,14.73]}"
201912_1,12,0.0,TERRACLIMATE,WA002,2019,"{""type"":""Point"",""coordinates"":[-7.949999999999998,12.65]}"
201912_2,12,0.0,TERRACLIMATE,WA003,2019,"{""type"":""Point"",""coordinates"":[-1.5200000000000002,12.360000000000001]}"
201912_3,12,0.0,TERRACLIMATE,WA004,2019,"{""type"":""Point"",""coordinates"":[2.17,13.51]}"
201912_4,12,0.0,TERRACLIMATE,WA005,2019,"{""type"":""Point"",""coordinates"":[7.33,9.07]}"
201912_5,12,0.3649308979511261,TERRACLIMATE,WA006,2019,"{""type"":""Point"",""coordinates"":[-0.17,5.56]}"
201912_6,12,1.227793574333191,TERRACLIMATE,WA007,2019,"{""type"":""Point"",""coordinates"":[-3.9299999999999997,5.349999999999999]}"
201912_7,12,0.0322580635547637,TERRACLIMATE,WA008,2019,"{""type"":""Point"",""coordinates"":[-13.67,9.53]}"
201912_8,12,0.2519865036010742,TERRACLIMATE,WA009,2019,"{""type"":""Point"",""coordinates"":[-13.230000000000002,8.489999999999998]}"
201912_9,12,1.8610477447509768,TERRACLIMATE,WA010,2019,"{""type"":""Point"",""coordinates"":[-10.799999999999999,6.3]}"
201912_10,12,0.3064496219158172,TERRACLIMATE,WA011,2019,"{""type"":""Point"",""coordinates"":[1.22,6.130000000000001]}"
201912_11,12,0.2258064448833465,TERRACLIMATE,WA012,2019,"{""type"":""Point"",""coordinates"":[2.42,6.37]}"
201912_12,12,0.0,TERRACLIMATE,WA013,2019,"{""type"":""Point"",""coordinates"":[8.52,12.05]}"
201912_13,12,0.4032286703586578,TERRACLIMATE,WA014,2019,"{""type"":""Point"",""coordinates"":[-1.62,6.69]}"
201912_14,12,0.0,TERRACLIMATE,WA015,2019,"{""type"":""Point"",""coordinates"":[-16.680000000000003,13.45]}"
,12,0.0,TERRACLIMATE,WA016,2019,
202001_0,1,0.0,TERRACLIMATE,WA001,2020,"{""type"":""Point"",""coordinates"":[-17.470000000000002,14.73]}"
202001_1,1,0.0,TERRACLIMATE,WA002,2020,"{""type"":""Point"",""coordinates"":[-7.949999999999998,12.65]}"
202001_2,1,0.0,TERRACLIMATE,WA003,2020,"{""type"":""Point"",""coordinates"":[-1.5200000000000002,12.360000000000001]}"
202001_3,1,0.0,TERRACLIMATE,WA004,2020,"{""type"":""Point"",""coordinates"":[2.17,13.51]}"
202001_4,1,0.0,TERRACLIMATE,WA005,2020,"{""type"":""Point"",""coordinates"":[7.33,9.07]}"
202001_5,1,0.1653201431035995,TERRACLIMATE,WA006,2020,"{""type"":""Point"",""coordinates"":[-0.17,5.56]}"
202001_6,1,0.2782298922538757,TERRACLIMATE,WA007,2020,"{""type"":""Point"",""coordinates"":[-3.9299999999999997,5.349999999999999]}"
202001_7,1,0.0,TERRACLIMATE,WA008,2020,"{""type"":""Point"",""coordinates"":[-13.67,9.53]}"
202001_8,1,0.0584571696817874,TERRACLIMATE,WA009,2020,"{""type"":""Point"",""coordinates"":[-13.230000000000002,8.489999999999998]}"
202001_9,1,0.863531231880188,TERRACLIMATE,WA010,2020,"{""type"":""Point"",""coordinates"":[-10.799999999999999,6.3]}"
202001_10,1,0.1391070932149887,TERRACLIMATE,WA011,2020,"{""type"":""Point"",""coordinates"":[1.22,6.130000000000001]}"
202001_11,1,0.0564537122845649,TERRACLIMATE,WA012,2020,"{""type"":""Point"",""coordinates"":[2.42,6.37]}"
202001_12,1,0.0,TERRACLIMATE,WA013,2020,"{""type"":""Point"",""coordinates"":[8.52,12.05]}"
202001_13,1,0.0907217636704444,TERRACLIMATE,WA014,2020,"{""type"":""Point"",""coordinates"":[-1.62,6.69]}"
202001_14,1,0.0,TERRACLIMATE,WA015,2020,"{""type"":""Point"",""coordinates"":[-16.680000000000003,13.45]}"
,1,0.0,TERRACLIMATE,WA016,2020,
202002_0,2,0.0,TERRACLIMATE,WA001,2020,"{""type"":""Point"",""coordinates"":[-17.470000000000002,14.73]}"
202002_1,2,0.0,TERRACLIMATE,WA002,2020,"{""type"":""Point"",""coordinates"":[-7.949999999999998,12.65]}"
202002_2,2,0.0,TERRACLIMATE,WA003,2020,"{""type"":""Point"",""coordinates"":[-1.5200000000000002,12.360000000000001]}"
202002_3,2,0.0,TERRACLIMATE,WA004,2020,"{""type"":""Point"",""coordinates"":[2.17,13.51]}"
202002_4,2,0.0,TERRACLIMATE,WA005,2020,"{""type"":""Point"",""coordinates"":[7.33,9.07]}"
202002_5,2,0.3556101322174072,TERRACLIMATE,WA006,2020,"{""type"":""Point"",""coordinates"":[-0.17,5.56]}"
202002_6,2,1.4525926113128662,TERRACLIMATE,WA007,2020,"{""type"":""Point"",""coordinates"":[-3.9299999999999997,5.349999999999999]}"
202002_7,2,0.0,TERRACLIMATE,WA008,2020,"{""type"":""Point"",""coordinates"":[-13.67,9.53]}"
202002_8,2,0.1659132093191146,TERRACLIMATE,WA009,2020,"{""type"":""Point"",""coordinates"":[-13.230000000000002,8.489999999999998]}"
202002_9,2,1.973504662513733,TERRACLIMATE,WA010,2020,"{""type"":""Point"",""coordinates"":[-10.799999999999999,6.3]}"
202002_10,2,0.3168191611766815,TERRACLIMATE,WA011,2020,"{""type"":""Point"",""coordinates"":[1.22,6.130000000000001]}"
202002_11,2,0.2499977499246597,TERRACLIMATE,WA012,2020,"{""type"":""Point"",""coordinates"":[2.42,6.37]}"
202002_12,2,0.0,TERRACLIMATE,WA013,2020,"{""type"":""Point"",""coordinates"":[8.52,12.05]}"
202002_13,2,0.3017022609710693,TERRACLIMATE,WA014,2020,"{""type"":""Point"",""coordinates"":[-1.62,6.69]}"
202002_14,2,0.0,TERRACLIMATE,WA015,2020,"{""type"":""Point"",""coordinates"":[-16.680000000000003,13.45]}"
,2,0.0,TERRACLIMATE,WA016,2020,
202003_0,3,0.0,TERRACLIMATE,WA001,2020,"{""type"":""Point"",""coordinates"":[-17.470000000000002,14.73]}"
202003_1,3,0.0564404353499412,TERRACLIMATE,WA002,2020,"{""type"":""Point"",""coordinates"":[-7.949999999999998,12.65]}"
202003_2,3,0.1633040606975555,TERRACLIMATE,WA003,2020,"{""type"":""Point"",""coordinates"":[-1.5200000000000002,12.360000000000001]}"
202003_3,3,0.0483731515705585,TERRACLIMATE,WA004,2020,"{""type"":""Point"",""coordinates"":[2.17,13.51]}"
202003_4,3,1.0423033237457275,TERRACLIMATE,WA005,2020,"{""type"":""Point"",""coordinates"":[7.33,9.07]}"
202003_5,3,1.816633939743042,TERRACLIMATE,WA006,2020,"{""type"":""Point"",""coordinates"":[-0.17,5.56]}"
202003_6,3,3.9395289421081534,TERRACLIMATE,WA007,2020,"{""type"":""Point"",""coordinates"":[-3.9299999999999997,5.349999999999999]}"
202003_7,3,0.1491747200489044,TERRACLIMATE,WA008,2020,"{""type"":""Point"",""coordinates"":[-13.67,9.53]}"
202003_8,3,1.266087770462036,TERRACLIMATE,WA009,2020,"{""type"":""Point"",""coordinates"":[-13.230000000000002,8.489999999999998]}"
202003_9,3,3.734583854675293,TERRACLIMATE,WA010,2020,"{""type"":""Point"",""coordinates"":[-10.799999999999999,6.3]}"
202003_10,3,1.9214390516281128,TERRACLIMATE,WA011,2020,"{""type"":""Point"",""coordinates"":[1.22,6.130000000000001]}"
202003_11,3,1.6693569421768188,TERRACLIMATE,WA012,2020,"{""type"":""Point"",""coordinates"":[2.42,6.37]}"
202003_12,3,0.0322549641132354,TERRACLIMATE,WA013,2020,"{""type"":""Point"",""coordinates"":[8.52,12.05]}"
202003_13,3,5.042341709136963,TERRACLIMATE,WA014,2020,"{""type"":""Point"",""coordinates"":[-1.62,6.69]}"
202003_14,3,0.0,TERRACLIMATE,WA015,2020,"{""type"":""Point"",""coordinates"":[-16.680000000000003,13.45]}"
,3,0.0,TERRACLIMATE,WA016,2020,
202004_0,4,0.0,TERRACLIMATE,WA001,2020,"{""type"":""Point"",""coordinates"":[-17.470000000000002,14.73]}"
202004_1,4,1.3332597017288208,TERRACLIMATE,WA002,2020,"{""type"":""Point"",""coordinates"":[-7.949999999999998,12.65]}"
202004_2,4,0.5624611377716064,TERRACLIMATE,WA003,2020,"{""type"":""Point"",""coordinates"":[-1.5200000000000002,12.360000000000001]}"
202004_3,4,0.0,TERRACLIMATE,WA004,2020,"{""type"":""Point"",""coordinates"":[2.17,13.51]}"
202004_4,4,1.2833467721939087,TERRACLIMATE,WA005,2020,"{""type"":""Point"",""coordinates"":[7.33,9.07]}"
202004_5,4,2.2333903312683105,TERRACLIMATE,WA006,2020,"{""type"":""Point"",""coordinates"":[-0.17,5.56]}"
202004_6,4,4.031306743621826,TERRACLIMATE,WA007,2020,"{""type"":""Point"",""coordinates"":[-3.9299999999999997,5.349999999999999]}"
202004_7,4,3.1851909160614014,TERRACLIMATE,WA008,2020,"{""type"":""Point"",""coordinates"":[-13.67,9.53]}"
202004_8,4,4.393607139587402,TERRACLIMATE,WA009,2020,"{""type"":""Point"",""coordinates"":[-13.230000000000002,8.489999999999998]}"
202004_9,4,4.459070205688477,TERRACLIMATE,WA010,2020,"{""type"":""Point"",""coordinates"":[-10.799999999999999,6.3]}"
202004_10,4,2.8208212852478027,TERRACLIMATE,WA011,2020,"{""type"":""Point"",""coordinates"":[1.22,6.130000000000001]}"
202004_11,4,2.44165587425232,TERRACLIMATE,WA012,2020,"{""type"":""Point"",""coordinates"":[2.42,6.37]}"
202004_12,4,0.0,TERRACLIMATE,WA013,2020,"{""type"":""Point"",""coordinates"":[8.52,12.05]}"
202004_13,4,4.058351516723633,TERRACLIMATE,WA014,2020,"{""type"":""Point"",""coordinates"":[-1.62,6.69]}"
202004_14,4,0.0,TERRACLIMATE,WA015,2020,"{""type"":""Point"",""coordinates"":[-16.680000000000003,13.45]}"
,4,0.0,TERRACLIMATE,WA016,2020,
202005_0,5,0.0,TERRACLIMATE,WA001,2020,"{""type"":""Point"",""coordinates"":[-17.470000000000002,14.73]}"
202005_1,5,0.6672817468643188,TERRACLIMATE,WA002,2020,"{""type"":""Point"",""coordinates"":[-7.949999999999998,12.65]}"
202005_2,5,0.4435403048992157,TERRACLIMATE,WA003,2020,"{""type"":""Point"",""coordinates"":[-1.5200000000000002,12.360000000000001]}"
202005_3,5,0.1390903741121292,TERRACLIMATE,WA004,2020,"{""type"":""Point"",""coordinates"":[2.17,13.51]}"
202005_4,5,3.2480149269104004,TERRACLIMATE,WA005,2020,"{""type"":""Point"",""coordinates"":[7.33,9.07]}"
202005_5,5,4.941587448120117,TERRACLIMATE,WA006,2020,"{""type"":""Point"",""coordinates"":[-0.17,5.56]}"
202005_6,5,10.185260772705078,TERRACLIMATE,WA007,2020,"{""type"":""Point"",""coordinates"":[-3.9299999999999997,5.349999999999999]}"
202005_7,5,2.9675545692443848,TERRACLIMATE,WA008,2020,"{""type"":""Point"",""coordinates"":[-13.67,9.53]}"
202005_8,5,6.864726066589356,TERRACLIMATE,WA009,2020,"{""type"":""Point"",""coordinates"":[-13.230000000000002,8.489999999999998]}"
202005_9,5,13.39193058013916,TERRACLIMATE,WA010,2020,"{""type"":""Point"",""coordinates"":[-10.799999999999999,6.3]}"
202005_10,5,3.907322645187378,TERRACLIMATE,WA011,2020,"{""type"":""Point"",""coordinates"":[1.22,6.130000000000001]}"
202005_11,5,4.282268524169922,TERRACLIMATE,WA012,2020,"{""type"":""Point"",""coordinates"":[2.42,6.37]}"
202005_12,5,0.9736981391906738,TERRACLIMATE,WA013,2020,"{""type"":""Point"",""coordinates"":[8.52,12.05]}"
202005_13,5,4.536271095275879,TERRACLIMATE,WA014,2020,"{""type"":""Point"",""coordinates"":[-1.62,6.69]}"
202005_14,5,0.0,TERRACLIMATE,WA015,2020,"{""type"":""Point"",""coordinates"":[-16.680000000000003,13.45]}"
,5,0.0,TERRACLIMATE,WA016,2020,
202006_0,6,0.0333333350718021,TERRACLIMATE,WA001,2020,"{""type"":""Point"",""coordinates"":[-17.470000000000002,14.73]}"
202006_1,6,2.0417330265045166,TERRACLIMATE,WA002,2020,"{""type"":""Point"",""coordinates"":[-7.949999999999998,12.65]}"
202006_2,6,1.2832260131835938,TERRACLIMATE,WA003,2020,"{""type"":""Point"",""coordinates"":[-1.5200000000000002,12.360000000000001]}"
202006_3,6,1.08751380443573,TERRACLIMATE,WA004,2020,"{""type"":""Point"",""coordinates"":[2.17,13.51]}"
202006_4,6,3.977097511291504,TERRACLIMATE,WA005,2020,"{""type"":""Point"",""coordinates"":[7.33,9.07]}"
202006_5,6,6.137444496154785,TERRACLIMATE,WA006,2020,"{""type"":""Point"",""coordinates"":[-0.17,5.56]}"
202006_6,6,12.010440826416016,TERRACLIMATE,WA007,2020,"{""type"":""Point"",""coordinates"":[-3.9299999999999997,5.349999999999999]}"
202006_7,6,10.16866683959961,TERRACLIMATE,WA008,2020,"{""type"":""Point"",""coordinates"":[-13.67,9.53]}"
202006_8,6,8.035321235656738,TERRACLIMATE,WA009,2020,"{""type"":""Point"",""coordinates"":[-13.230000000000002,8.489999999999998]}"
202006_9,6,20.8223819732666,TERRACLIMATE,WA010,2020,"{""type"":""Point"",""coordinates"":[-10.799999999999999,6.3]}"
202006_10,6,8.774660110473633,TERRACLIMATE,WA011,2020,"{""type"":""Point"",""coordinates"":[1.22,6.130000000000001]}"
202006_11,6,10.033315658569336,TERRACLIMATE,WA012,2020,"{""type"":""Point"",""coordinates"":[2.42,6.37]}"
202006_12,6,2.097804307937622,TERRACLIMATE,WA013,2020,"{""type"":""Point"",""coordinates"":[8.52,12.05]}"
202006_13,6,6.7292022705078125,TERRACLIMATE,WA014,2020,"{""type"":""Point"",""coordinates"":[-1.62,6.69]}"
202006_14,6,0.6081438660621643,TERRACLIMATE,WA015,2020,"{""type"":""Point"",""coordinates"":[-16.680000000000003,13.45]}"
,6,0.0,TERRACLIMATE,WA016,2020,
202007_0,7,4.538279533386231,TERRACLIMATE,WA001,2020,"{""type"":""Point"",""coordinates"":[-17.470000000000002,14.73]}"
202007_1,7,11.429648399353027,TERRACLIMATE,WA002,2020,"{""type"":""Point"",""coordinates"":[-7.949999999999998,12.65]}"
202007_2,7,6.102883815765381,TERRACLIMATE,WA003,2020,"{""type"":""Point"",""coordinates"":[-1.5200000000000002,12.360000000000001]}"
202007_3,7,3.1088342666625977,TERRACLIMATE,WA004,2020,"{""type"":""Point"",""coordinates"":[2.17,13.51]}"
202007_4,7,7.39532995223999,TERRACLIMATE,WA005,2020,"{""type"":""Point"",""coordinates"":[7.33,9.07]}"
202007_5,7,1.2420004606246948,TERRACLIMATE,WA006,2020,"{""type"":""Point"",""coordinates"":[-0.17,5.56]}"
202007_6,7,2.135074615478516,TERRACLIMATE,WA007,2020,"{""type"":""Point"",""coordinates"":[-3.9299999999999997,5.349999999999999]}"
202007_7,7,70.46602630615234,TERRACLIMATE,WA008,2020,"{""type"":""Point"",""coordinates"":[-13.67,9.53]}"
202007_8,7,31.04326629638672,TERRACLIMATE,WA009,2020,"{""type"":""Point"",""coordinates"":[-13.230000000000002,8.489999999999998]}"
202007_9,7,24.81896209716797,TERRACLIMATE,WA010,2020,"{""type"":""Point"",""coordinates"":[-10.799999999999999,6.3]}"
202007_10,7,1.5907703638076782,TERRACLIMATE,WA011,2020,"{""type"":""Point"",""coordinates"":[1.22,6.130000000000001]}"
202007_11,7,4.443575859069824,TERRACLIMATE,WA012,2020,"{""type"":""Point"",""coordinates"":[2.42,6.37]}"
202007_12,7,6.775981426239014,TERRACLIMATE,WA013,2020,"{""type"":""Point"",""coordinates"":[8.52,12.05]}"
202007_13,7,2.854866743087769,TERRACLIMATE,WA014,2020,"{""type"":""Point"",""coordinates"":[-1.62,6.69]}"
202007_14,7,17.590530395507812,TERRACLIMATE,WA015,2020,"{""type"":""Point"",""coordinates"":[-16.680000000000003,13.45]}"
,7,1.7495806,TERRACLIMATE,WA016,2020,
202008_0,8,4.038013935089111,TERRACLIMATE,WA001,2020,"{""type"":""Point"",""coordinates"":[-17.470000000000002,14.73]}"
202008_1,8,10.131263732910156,TERRACLIMATE,WA002,2020,"{""type"":""Point"",""coordinates"":[-7.949999999999998,12.65]}"
202008_2,8,11.513916015625,TERRACLIMATE,WA003,2020,"{""type"":""Point"",""coordinates"":[-1.5200000000000002,12.360000000000001]}"
202008_3,8,9.023926734924316,TERRACLIMATE,WA004,2020,"{""type"":""Point"",""coordinates"":[2.17,13.51]}"
202008_4,8,5.909534931182861,TERRACLIMATE,WA005,2020,"{""type"":""Point"",""coordinates"":[7.33,9.07]}"
202008_5,8,0.3387297987937927,TERRACLIMATE,WA006,2020,"{""type"":""Point"",""coordinates"":[-0.17,5.56]}"
202008_6,8,0.5987991094589233,TERRACLIMATE,WA007,2020,"{""type"":""Point"",""coordinates"":[-3.9299999999999997,5.349999999999999]}"
202008_7,8,40.64527893066406,TERRACLIMATE,WA008,2020,"{""type"":""Point"",""coordinates"":[-13.67,9.53]}"
202008_8,8,31.693941116333008,TERRACLIMATE,WA009,2020,"{""type"":""Point"",""coordinates"":[-13.230000000000002,8.489999999999998]}"
202008_9,8,9.726842880249023,TERRACLIMATE,WA010,2020,"{""type"":""Point"",""coordinates"":[-10.799999999999999,6.3]}"
202008_10,8,0.2681566178798675,TERRACLIMATE,WA011,2020,"{""type"":""Point"",""coordinates"":[1.22,6.130000000000001]}"
202008_11,8,0.4838709533214569,TERRACLIMATE,WA012,2020,"{""type"":""Point"",""coordinates"":[2.42,6.37]}"
202008_12,8,11.868907928466797,TERRACLIMATE,WA013,2020,"{""type"":""Point"",""coordinates"":[8.52,12.05]}"
202008_13,8,0.7479879260063171,TERRACLIMATE,WA014,2020,"{""type"":""Point"",""coordinates"":[-1.62,6.69]}"
202008_14,8,9.20554256439209,TERRACLIMATE,WA015,2020,"{""type"":""Point"",""coordinates"":[-16.680000000000003,13.45]}"
,8,0.2741996,TERRACLIMATE,WA016,2020,
202009_0,9,13.881765365600586,TERRACLIMATE,WA001,2020,"{""type"":""Point"",""coordinates"":[-17.470000000000002,14.73]}"
202009_1,9,6.499992847442627,TERRACLIMATE,WA002,2020,"{""type"":""Point"",""coordinates"":[-7.949999999999998,12.65]}"
202009_2,9,6.084957599639893,TERRACLIMATE,WA003,2020,"{""type"":""Point"",""coordinates"":[-1.5200000000000002,12.360000000000001]}"
202009_3,9,1.92694628238678,TERRACLIMATE,WA004,2020,"{""type"":""Point"",""coordinates"":[2.17,13.51]}"
202009_4,9,9.200111389160156,TERRACLIMATE,WA005,2020,"{""type"":""Point"",""coordinates"":[7.33,9.07]}"
202009_5,9,1.489654541015625,TERRACLIMATE,WA006,2020,"{""type"":""Point"",""coordinates"":[-0.17,5.56]}"
202009_6,9,2.3458690643310547,TERRACLIMATE,WA007,2020,"{""type"":""Point"",""coordinates"":[-3.9299999999999997,5.349999999999999]}"
202009_7,9,21.29321479797364,TERRACLIMATE,WA008,2020,"{""type"":""Point"",""coordinates"":[-13.67,9.53]}"
202009_8,9,18.165512084960938,TERRACLIMATE,WA009,2020,"{""type"":""Point"",""coordinates"":[-13.230000000000002,8.489999999999998]}"
202009_9,9,22.384506225585938,TERRACLIMATE,WA010,2020,"{""type"":""Point"",""coordinates"":[-10.799999999999999,6.3]}"
202009_10,9,1.8584250211715696,TERRACLIMATE,WA011,2020,"{""type"":""Point"",""coordinates"":[1.22,6.130000000000001]}"
202009_11,9,3.825019598007202,TERRACLIMATE,WA012,2020,"{""type"":""Point"",""coordinates"":[2.42,6.37]}"
202009_12,9,5.12053918838501,TERRACLIMATE,WA013,2020,"{""type"":""Point"",""coordinates"":[8.52,12.05]}"
202009_13,9,4.400059223175049,TERRACLIMATE,WA014,2020,"{""type"":""Point"",""coordinates"":[-1.62,6.69]}"
202009_14,9,14.940214157104492,TERRACLIMATE,WA015,2020,"{""type"":""Point"",""coordinates"":[-16.680000000000003,13.45]}"
,9,0.53737664,TERRACLIMATE,WA016,2020,
202010_0,10,0.9092772006988524,TERRACLIMATE,WA001,2020,"{""type"":""Point"",""coordinates"":[-17.470000000000002,14.73]}"
202010_1,10,2.0785231590271,TERRACLIMATE,WA002,2020,"{""type"":""Point"",""coordinates"":[-7.949999999999998,12.65]}"
202010_2,10,1.6994743347167969,TERRACLIMATE,WA003,2020,"{""type"":""Point"",""coordinates"":[-1.5200000000000002,12.360000000000001]}"
202010_3,10,0.167337104678154,TERRACLIMATE,WA004,2020,"{""type"":""Point"",""coordinates"":[2.17,13.51]}"
202010_4,10,1.879056453704834,TERRACLIMATE,WA005,2020,"{""type"":""Point"",""coordinates"":[7.33,9.07]}"
202010_5,10,3.433631658554077,TERRACLIMATE,WA006,2020,"{""type"":""Point"",""coordinates"":[-0.17,5.56]}"
202010_6,10,5.9758148193359375,TERRACLIMATE,WA007,2020,"{""type"":""Point"",""coordinates"":[-3.9299999999999997,5.349999999999999]}"
202010_7,10,10.553668022155762,TERRACLIMATE,WA008,2020,"{""type"":""Point"",""coordinates"":[-13.67,9.53]}"
202010_8,10,8.661018371582031,TERRACLIMATE,WA009,2020,"{""type"":""Point"",""coordinates"":[-13.230000000000002,8.489999999999998]}"
202010_9,10,15.398666381835938,TERRACLIMATE,WA010,2020,"{""type"":""Point"",""coordinates"":[-10.799999999999999,6.3]}"
202010_10,10,7.469478130340576,TERRACLIMATE,WA011,2020,"{""type"":""Point"",""coordinates"":[1.22,6.130000000000001]}"
202010_11,10,5.879004955291748,TERRACLIMATE,WA012,2020,"{""type"":""Point"",""coordinates"":[2.42,6.37]}"
202010_12,10,0.3205262720584869,TERRACLIMATE,WA013,2020,"{""type"":""Point"",""coordinates"":[8.52,12.05]}"
202010_13,10,6.856936931610107,TERRACLIMATE,WA014,2020,"{""type"":""Point"",""coordinates"":[-1.62,6.69]}"
202010_14,10,1.6249483823776243,TERRACLIMATE,WA015,2020,"{""type"":""Point"",""coordinates"":[-16.680000000000003,13.45]}"
,10,0.20964931,TERRACLIMATE,WA016,2020,
202011_0,11,0.0,TERRACLIMATE,WA001,2020,"{""type"":""Point"",""coordinates"":[-17.470000000000002,14.73]}"
202011_1,11,0.0,TERRACLIMATE,WA002,2020,"{""type"":""Point"",""coordinates"":[-7.949999999999998,12.65]}"
202011_2,11,0.0,TERRACLIMATE,WA003,2020,"{""type"":""Point"",""coordinates"":[-1.5200000000000002,12.360000000000001]}"
202011_3,11,0.0,TERRACLIMATE,WA004,2020,"{""type"":""Point"",""coordinates"":[2.17,13.51]}"
202011_4,11,0.0,TERRACLIMATE,WA005,2020,"{""type"":""Point"",""coordinates"":[7.33,9.07]}"
202011_5,11,1.9146190881729128,TERRACLIMATE,WA006,2020,"{""type"":""Point"",""coordinates"":[-0.17,5.56]}"
202011_6,11,7.106290817260742,TERRACLIMATE,WA007,2020,"{""type"":""Point"",""coordinates"":[-3.9299999999999997,5.349999999999999]}"
202011_7,11,1.672840237617493,TERRACLIMATE,WA008,2020,"{""type"":""Point"",""coordinates"":[-13.67,9.53]}"
202011_8,11,2.7520973682403564,TERRACLIMATE,WA009,2020,"{""type"":""Point"",""coordinates"":[-13.230000000000002,8.489999999999998]}"
202011_9,11,4.7408061027526855,TERRACLIMATE,WA010,2020,"{""type"":""Point"",""coordinates"":[-10.799999999999999,6.3]}"
202011_10,11,1.4979078769683838,TERRACLIMATE,WA011,2020,"{""type"":""Point"",""coordinates"":[1.22,6.130000000000001]}"
202011_11,11,1.3750064373016355,TERRACLIMATE,WA012,2020,"{""type"":""Point"",""coordinates"":[2.42,6.37]}"
202011_12,11,0.0,TERRACLIMATE,WA013,2020,"{""type"":""Point"",""coordinates"":[8.52,12.05]}"
202011_13,11,2.239578485488892,TERRACLIMATE,WA014,2020,"{""type"":""Point"",""coordinates"":[-1.62,6.69]}"
202011_14,11,0.2207677066326141,TERRACLIMATE,WA015,2020,"{""type"":""Point"",""coordinates"":[-16.680000000000003,13.45]}"
,11,0.0,TERRACLIMATE,WA016,2020,
202012_0,12,0.0,TERRACLIMATE,WA001,2020,"{""type"":""Point"",""coordinates"":[-17.470000000000002,14.73]}"
202012_1,12,0.0,TERRACLIMATE,WA002,2020,"{""type"":""Point"",""coordinates"":[-7.949999999999998,12.65]}"
202012_2,12,0.0,TERRACLIMATE,WA003,2020,"{""type"":""Point"",""coordinates"":[-1.5200000000000002,12.360000000000001]}"
202012_3,12,0.0,TERRACLIMATE,WA004,2020,"{""type"":""Point"",""coordinates"":[2.17,13.51]}"
202012_4,12,0.0,TERRACLIMATE,WA005,2020,"{""type"":""Point"",""coordinates"":[7.33,9.07]}"
202012_5,12,0.6189704537391663,TERRACLIMATE,WA006,2020,"{""type"":""Point"",""coordinates"":[-0.17,5.56]}"
202012_6,12,1.7963446378707886,TERRACLIMATE,WA007,2020,"{""type"":""Point"",""coordinates"":[-3.9299999999999997,5.349999999999999]}"
202012_7,12,0.1532172858715057,TERRACLIMATE,WA008,2020,"{""type"":""Point"",""coordinates"":[-13.67,9.53]}"
202012_8,12,1.161184549331665,TERRACLIMATE,WA009,2020,"{""type"":""Point"",""coordinates"":[-13.230000000000002,8.489999999999998]}"
202012_9,12,2.6923704147338867,TERRACLIMATE,WA010,2020,"{""type"":""Point"",""coordinates"":[-10.799999999999999,6.3]}"
202012_10,12,0.3447598814964294,TERRACLIMATE,WA011,2020,"{""type"":""Point"",""coordinates"":[1.22,6.130000000000001]}"
202012_11,12,0.4032300114631653,TERRACLIMATE,WA012,2020,"{""type"":""Point"",""coordinates"":[2.42,6.37]}"
202012_12,12,0.0,TERRACLIMATE,WA013,2020,"{""type"":""Point"",""coordinates"":[8.52,12.05]}"
202012_13,12,1.145190715789795,TERRACLIMATE,WA014,2020,"{""type"":""Point"",""coordinates"":[-1.62,6.69]}"
202012_14,12,0.0,TERRACLIMATE,WA015,2020,"{""type"":""Point"",""coordinates"":[-16.680000000000003,13.45]}"
,12,0.0,TERRACLIMATE,WA016,2020,
