station_id,product,year,month,precip_mm_day
WA001,MERRA2,2000,1,0.3044346272945404
WA002,MERRA2,2000,1,0.0088158790022134
WA003,MERRA2,2000,1,0.0147784929722547
WA004,MERRA2,2000,1,5.489197519636946e-06
WA005,MERRA2,2000,1,6.514183041872457e-07
WA006,MERRA2,2000,1,1.058109164237976
WA007,MERRA2,2000,1,1.4572747945785522
WA008,MERRA2,2000,1,0.0075305174104869
WA009,MERRA2,2000,1,0.3085464239120483
WA010,MERRA2,2000,1,3.432647228240967
WA011,MERRA2,2000,1,0.8882609009742737
WA012,MERRA2,2000,1,0.4824014902114868
WA013,MERRA2,2000,1,3.119871792023332e-07
WA014,MERRA2,2000,1,0.9707102179527284
WA015,MERRA2,2000,1,0.0010871540289372
WA001,MERRA2,2000,2,0.3366195261478424
WA002,MERRA2,2000,2,0.0001269124331884086
WA003,MERRA2,2000,2,3.036649331988883e-08
WA004,MERRA2,2000,2,6.570351729351387e-08
WA005,MERRA2,2000,2,4.582260615393352e-08
WA006,MERRA2,2000,2,0.4513173401355743
WA007,MERRA2,2000,2,1.1125041246414185
WA008,MERRA2,2000,2,2.697306172194658e-06
WA009,MERRA2,2000,2,0.0018575253197923
WA010,MERRA2,2000,2,0.117543376982212
WA011,MERRA2,2000,2,0.1063212528824806
WA012,MERRA2,2000,2,0.0687694996595382
WA013,MERRA2,2000,2,7.973371296543519e-09
WA014,MERRA2,2000,2,0.7400428056716919
WA015,MERRA2,2000,2,8.68626344185941e-08
WA001,MERRA2,2000,3,0.0023306086659431
WA002,MERRA2,2000,3,0.0333669669926166
WA003,MERRA2,2000,3,0.0061972108669579
WA004,MERRA2,2000,3,0.0031973144505172
WA005,MERRA2,2000,3,0.1720058470964431
WA006,MERRA2,2000,3,2.374673843383789
WA007,MERRA2,2000,3,3.8250014781951904
WA008,MERRA2,2000,3,0.0059796595014631
WA009,MERRA2,2000,3,0.1494373977184295
WA010,MERRA2,2000,3,2.5875163078308105
WA011,MERRA2,2000,3,1.262123942375183
WA012,MERRA2,2000,3,1.5581061840057373
WA013,MERRA2,2000,3,3.512663533911109e-05
WA014,MERRA2,2000,3,2.504251003265381
WA015,MERRA2,2000,3,6.318378495961952e-07
WA001,MERRA2,2000,4,0.1117733269929885
WA002,MERRA2,2000,4,0.2082577645778656
WA003,MERRA2,2000,4,0.4310351908206939
WA004,MERRA2,2000,4,0.1553075015544891
WA005,MERRA2,2000,4,2.7904422283172607
WA006,MERRA2,2000,4,2.1504805088043213
WA007,MERRA2,2000,4,4.978298664093018
WA008,MERRA2,2000,4,0.1397977024316787
WA009,MERRA2,2000,4,0.8145531415939331
WA010,MERRA2,2000,4,7.515176773071289
WA011,MERRA2,2000,4,1.9980275630950928
WA012,MERRA2,2000,4,2.4195964336395264
WA013,MERRA2,2000,4,0.0254593547433614
WA014,MERRA2,2000,4,1.5604512691497805
WA015,MERRA2,2000,4,0.0
WA001,MERRA2,2000,5,0.036201387643814
WA002,MERRA2,2000,5,1.1787807941436768
WA003,MERRA2,2000,5,1.791130542755127
WA004,MERRA2,2000,5,0.1390665471553802
WA005,MERRA2,2000,5,7.143143177032471
WA006,MERRA2,2000,5,3.7531697750091553
WA007,MERRA2,2000,5,4.978565216064453
WA008,MERRA2,2000,5,1.8392999172210691
WA009,MERRA2,2000,5,2.5797557830810547
WA010,MERRA2,2000,5,7.296554088592529
WA011,MERRA2,2000,5,3.622483730316162
WA012,MERRA2,2000,5,3.7427918910980233
WA013,MERRA2,2000,5,0.6530044674873352
WA014,MERRA2,2000,5,2.907145500183105
WA015,MERRA2,2000,5,0.0016881490591913
WA001,MERRA2,2000,6,0.1014974564313888
WA002,MERRA2,2000,6,3.05344295501709
WA003,MERRA2,2000,6,3.597970724105835
WA004,MERRA2,2000,6,1.507255792617798
WA005,MERRA2,2000,6,16.45752716064453
WA006,MERRA2,2000,6,5.957098484039307
WA007,MERRA2,2000,6,8.946985244750977
WA008,MERRA2,2000,6,8.186790466308594
WA009,MERRA2,2000,6,11.172327995300291
WA010,MERRA2,2000,6,6.946502685546875
WA011,MERRA2,2000,6,4.7027587890625
WA012,MERRA2,2000,6,5.326513290405273
WA013,MERRA2,2000,6,2.7313456535339355
WA014,MERRA2,2000,6,4.170137405395508
WA015,MERRA2,2000,6,1.0794686079025269
WA001,MERRA2,2000,7,1.8369758129119875
WA002,MERRA2,2000,7,7.506702899932861
WA003,MERRA2,2000,7,4.595271587371826
WA004,MERRA2,2000,7,4.131667137145996
WA005,MERRA2,2000,7,18.012304306030273
WA006,MERRA2,2000,7,3.2266359329223637
WA007,MERRA2,2000,7,3.67453932762146
WA008,MERRA2,2000,7,12.848670959472656
WA009,MERRA2,2000,7,13.26327419281006
WA010,MERRA2,2000,7,3.9978315830230713
WA011,MERRA2,2000,7,3.634545564651489
WA012,MERRA2,2000,7,4.7589111328125
WA013,MERRA2,2000,7,5.721781253814697
WA014,MERRA2,2000,7,4.5669379234313965
WA015,MERRA2,2000,7,4.65632438659668
WA001,MERRA2,2000,8,3.4042627811431885
WA002,MERRA2,2000,8,8.334322929382324
WA003,MERRA2,2000,8,7.301676273345947
WA004,MERRA2,2000,8,3.542633056640625
WA005,MERRA2,2000,8,5.080325603485107
WA006,MERRA2,2000,8,2.7253570556640625
WA007,MERRA2,2000,8,1.6788102388381958
WA008,MERRA2,2000,8,20.64748764038086
WA009,MERRA2,2000,8,19.50457763671875
WA010,MERRA2,2000,8,12.40371036529541
WA011,MERRA2,2000,8,3.1270103454589844
WA012,MERRA2,2000,8,2.054586410522461
WA013,MERRA2,2000,8,4.34537935256958
WA014,MERRA2,2000,8,3.913775682449341
WA015,MERRA2,2000,8,6.28359842300415
WA001,MERRA2,2000,9,3.06294322013855
WA002,MERRA2,2000,9,4.553412914276123
WA003,MERRA2,2000,9,3.684582710266113
WA004,MERRA2,2000,9,1.7881020307540894
WA005,MERRA2,2000,9,6.829564571380615
WA006,MERRA2,2000,9,3.51816463470459
WA007,MERRA2,2000,9,3.137234926223755
WA008,MERRA2,2000,9,9.473173141479492
WA009,MERRA2,2000,9,9.991294860839844
WA010,MERRA2,2000,9,3.92443585395813
WA011,MERRA2,2000,9,5.035094738006592
WA012,MERRA2,2000,9,3.99969220161438
WA013,MERRA2,2000,9,3.734865427017212
WA014,MERRA2,2000,9,3.525275468826294
WA015,MERRA2,2000,9,5.730771064758301
WA001,MERRA2,2000,10,2.598216772079468
WA002,MERRA2,2000,10,1.1969640254974363
WA003,MERRA2,2000,10,1.3544689416885376
WA004,MERRA2,2000,10,0.3050565719604492
WA005,MERRA2,2000,10,8.25294017791748
WA006,MERRA2,2000,10,2.4450466632843018
WA007,MERRA2,2000,10,2.77499794960022
WA008,MERRA2,2000,10,4.007688522338867
WA009,MERRA2,2000,10,4.347162246704102
WA010,MERRA2,2000,10,8.972700119018555
WA011,MERRA2,2000,10,3.0572290420532227
WA012,MERRA2,2000,10,3.426997661590576
WA013,MERRA2,2000,10,0.5108689069747925
WA014,MERRA2,2000,10,2.242905855178833
WA015,MERRA2,2000,10,3.57879638671875
WA001,MERRA2,2000,11,0.3045229017734527
WA002,MERRA2,2000,11,0.1146175190806388
WA003,MERRA2,2000,11,0.0015707256970927
WA004,MERRA2,2000,11,6.467848265856446e-07
WA005,MERRA2,2000,11,0.3016014993190765
WA006,MERRA2,2000,11,1.5812742710113523
WA007,MERRA2,2000,11,2.631367921829224
WA008,MERRA2,2000,11,2.3865907192230225
WA009,MERRA2,2000,11,4.292546272277832
WA010,MERRA2,2000,11,1.156871676445007
WA011,MERRA2,2000,11,0.9250072836875916
WA012,MERRA2,2000,11,1.3157271146774292
WA013,MERRA2,2000,11,4.293679296552e-07
WA014,MERRA2,2000,11,1.8737717866897583
WA015,MERRA2,2000,11,0.0012280251830816
WA001,MERRA2,2000,12,0.2889332175254822
WA002,MERRA2,2000,12,0.0004448933177627623
WA003,MERRA2,2000,12,1.3418295566225424e-05
WA004,MERRA2,2000,12,3.1577499157720013e-06
WA005,MERRA2,2000,12,0.0041086981073021
WA006,MERRA2,2000,12,0.1952037215232849
WA007,MERRA2,2000,12,0.5591062307357788
WA008,MERRA2,2000,12,4.073198851983761e-06
WA009,MERRA2,2000,12,0.0003658100322354585
WA010,MERRA2,2000,12,0.1892232149839401
WA011,MERRA2,2000,12,0.1931222230195999
WA012,MERRA2,2000,12,0.2445558458566665
WA013,MERRA2,2000,12,3.8934828694436884e-07
WA014,MERRA2,2000,12,0.0864203199744224
WA015,MERRA2,2000,12,1.8845878457796061e-07
WA001,MERRA2,2001,1,0.0236310996115207
WA002,MERRA2,2001,1,7.6871056080563e-06
WA003,MERRA2,2001,1,3.015031325048767e-06
WA004,MERRA2,2001,1,2.207431748502131e-07
WA005,MERRA2,2001,1,2.2345348682506483e-08
WA006,MERRA2,2001,1,0.0728413611650466
WA007,MERRA2,2001,1,0.3266215324401855
WA008,MERRA2,2001,1,1.6068464901763946e-05
WA009,MERRA2,2001,1,8.277774759335443e-05
WA010,MERRA2,2001,1,0.0461597479879856
WA011,MERRA2,2001,1,0.021963158622384
WA012,MERRA2,2001,1,0.0236174389719963
WA013,MERRA2,2001,1,9.441775361551665e-09
WA014,MERRA2,2001,1,0.0627032741904258
WA015,MERRA2,2001,1,8.582945838497835e-07
WA001,MERRA2,2001,2,0.7211084365844727
WA002,MERRA2,2001,2,1.873143446573522e-06
WA003,MERRA2,2001,2,1.0794264198921155e-05
WA004,MERRA2,2001,2,2.317774033144815e-06
WA005,MERRA2,2001,2,0.00027867822791449726
WA006,MERRA2,2001,2,1.279926896095276
WA007,MERRA2,2001,2,1.0593440532684326
WA008,MERRA2,2001,2,4.95931431032659e-07
WA009,MERRA2,2001,2,1.3042724276601804e-05
WA010,MERRA2,2001,2,0.109140545129776
WA011,MERRA2,2001,2,1.1765652894973757
WA012,MERRA2,2001,2,0.8050259947776794
WA013,MERRA2,2001,2,1.478008698541089e-06
WA014,MERRA2,2001,2,0.8033665418624878
WA015,MERRA2,2001,2,1.2766203383307584e-07
WA001,MERRA2,2001,3,0.0896400287747383
WA002,MERRA2,2001,3,0.0069748871028423
WA003,MERRA2,2001,3,0.0058182352222502
WA004,MERRA2,2001,3,1.425489585926698e-06
WA005,MERRA2,2001,3,0.2152782529592514
WA006,MERRA2,2001,3,2.3911983966827397
WA007,MERRA2,2001,3,4.835860252380371
WA008,MERRA2,2001,3,0.0027589257806539
WA009,MERRA2,2001,3,0.0145839909091591
WA010,MERRA2,2001,3,0.6754923462867737
WA011,MERRA2,2001,3,1.5839859247207642
WA012,MERRA2,2001,3,1.304259181022644
WA013,MERRA2,2001,3,3.5390323773754062e-06
WA014,MERRA2,2001,3,2.243916273117065
WA015,MERRA2,2001,3,4.174216883257032e-08
WA001,MERRA2,2001,4,0.1228291168808937
WA002,MERRA2,2001,4,0.4775119721889496
WA003,MERRA2,2001,4,0.2976208031177521
WA004,MERRA2,2001,4,0.0040981383062899
WA005,MERRA2,2001,4,3.8437631130218506
WA006,MERRA2,2001,4,4.410295009613037
WA007,MERRA2,2001,4,7.765249252319336
WA008,MERRA2,2001,4,0.4001249969005584
WA009,MERRA2,2001,4,0.4320688247680664
WA010,MERRA2,2001,4,1.5529099702835083
WA011,MERRA2,2001,4,4.8719329833984375
WA012,MERRA2,2001,4,7.272077560424805
WA013,MERRA2,2001,4,0.6792444586753845
WA014,MERRA2,2001,4,3.052126169204712
WA015,MERRA2,2001,4,0.00365845952183
WA001,MERRA2,2001,5,0.078189343214035
WA002,MERRA2,2001,5,0.7516192197799683
WA003,MERRA2,2001,5,1.730230450630188
WA004,MERRA2,2001,5,0.374483585357666
WA005,MERRA2,2001,5,5.599230766296387
WA006,MERRA2,2001,5,5.669776916503906
WA007,MERRA2,2001,5,4.985386848449707
WA008,MERRA2,2001,5,0.6776933073997498
WA009,MERRA2,2001,5,1.4598034620285034
WA010,MERRA2,2001,5,1.39079749584198
WA011,MERRA2,2001,5,5.446680068969727
WA012,MERRA2,2001,5,7.753349781036377
WA013,MERRA2,2001,5,1.406403660774231
WA014,MERRA2,2001,5,3.975586891174317
WA015,MERRA2,2001,5,0.0
WA001,MERRA2,2001,6,0.1618510037660598
WA002,MERRA2,2001,6,4.426692008972168
WA003,MERRA2,2001,6,3.583300828933716
WA004,MERRA2,2001,6,1.6838958263397217
WA005,MERRA2,2001,6,5.770224571228027
WA006,MERRA2,2001,6,6.757195472717285
WA007,MERRA2,2001,6,6.9727463722229
WA008,MERRA2,2001,6,4.726224899291992
WA009,MERRA2,2001,6,6.358965873718262
WA010,MERRA2,2001,6,6.656244277954102
WA011,MERRA2,2001,6,5.402233123779297
WA012,MERRA2,2001,6,6.458784580230713
WA013,MERRA2,2001,6,2.411794424057007
WA014,MERRA2,2001,6,7.326462745666504
WA015,MERRA2,2001,6,1.5732815265655518
WA001,MERRA2,2001,7,2.071246862411499
WA002,MERRA2,2001,7,6.362796783447266
WA003,MERRA2,2001,7,5.839199066162109
WA004,MERRA2,2001,7,4.453447818756104
WA005,MERRA2,2001,7,4.901028156280518
WA006,MERRA2,2001,7,2.7633168697357178
WA007,MERRA2,2001,7,4.615115642547607
WA008,MERRA2,2001,7,10.343141555786133
WA009,MERRA2,2001,7,9.211345672607422
WA010,MERRA2,2001,7,2.866569757461548
WA011,MERRA2,2001,7,2.324147939682007
WA012,MERRA2,2001,7,2.7322020530700684
WA013,MERRA2,2001,7,6.455452919006348
WA014,MERRA2,2001,7,4.793940544128418
WA015,MERRA2,2001,7,4.850412845611572
WA001,MERRA2,2001,8,4.260398387908936
WA002,MERRA2,2001,8,6.477367401123047
WA003,MERRA2,2001,8,5.771866798400879
WA004,MERRA2,2001,8,3.9975199699401855
WA005,MERRA2,2001,8,6.650237560272217
WA006,MERRA2,2001,8,1.930197596549988
WA007,MERRA2,2001,8,1.288577675819397
WA008,MERRA2,2001,8,12.96566677093506
WA009,MERRA2,2001,8,14.520794868469238
WA010,MERRA2,2001,8,5.223080635070801
WA011,MERRA2,2001,8,2.984537363052368
WA012,MERRA2,2001,8,1.4133678674697876
WA013,MERRA2,2001,8,7.559169769287109
WA014,MERRA2,2001,8,4.0186381340026855
WA015,MERRA2,2001,8,5.302624225616455
WA001,MERRA2,2001,9,4.030142307281494
WA002,MERRA2,2001,9,4.078684329986572
WA003,MERRA2,2001,9,2.680556535720825
WA004,MERRA2,2001,9,2.9575724601745605
WA005,MERRA2,2001,9,6.712560653686523
WA006,MERRA2,2001,9,3.8990399837493896
WA007,MERRA2,2001,9,1.427891969680786
WA008,MERRA2,2001,9,7.495637893676758
WA009,MERRA2,2001,9,7.933037757873535
WA010,MERRA2,2001,9,5.553664684295654
WA011,MERRA2,2001,9,5.60862922668457
WA012,MERRA2,2001,9,4.888442039489746
WA013,MERRA2,2001,9,2.181559801101685
WA014,MERRA2,2001,9,4.993748664855957
WA015,MERRA2,2001,9,3.167276620864868
WA001,MERRA2,2001,10,0.945764422416687
WA002,MERRA2,2001,10,0.8337728381156921
WA003,MERRA2,2001,10,0.6553989052772522
WA004,MERRA2,2001,10,0.0580479726195335
WA005,MERRA2,2001,10,1.311429500579834
WA006,MERRA2,2001,10,2.4455597400665283
WA007,MERRA2,2001,10,2.9134347438812256
WA008,MERRA2,2001,10,1.6702888011932373
WA009,MERRA2,2001,10,1.982011675834656
WA010,MERRA2,2001,10,1.6911438703536987
WA011,MERRA2,2001,10,1.9739875793457031
WA012,MERRA2,2001,10,2.64324951171875
WA013,MERRA2,2001,10,0.0401249304413795
WA014,MERRA2,2001,10,2.8317313194274902
WA015,MERRA2,2001,10,0.3834598362445831
WA001,MERRA2,2001,11,0.6262759566307068
WA002,MERRA2,2001,11,0.022553164511919
WA003,MERRA2,2001,11,1.6338035493390637e-06
WA004,MERRA2,2001,11,1.341611124416886e-07
WA005,MERRA2,2001,11,0.2909030318260193
WA006,MERRA2,2001,11,1.3623172044754028
WA007,MERRA2,2001,11,2.9373605251312256
WA008,MERRA2,2001,11,1.1201882362365725
WA009,MERRA2,2001,11,1.0756709575653076
WA010,MERRA2,2001,11,0.5193325281143188
WA011,MERRA2,2001,11,0.565701961517334
WA012,MERRA2,2001,11,1.504365086555481
WA013,MERRA2,2001,11,2.162567398045212e-06
WA014,MERRA2,2001,11,1.5906749963760376
WA015,MERRA2,2001,11,0.1344615966081619
WA001,MERRA2,2001,12,0.9632973670959472
WA002,MERRA2,2001,12,1.2091363714716865e-05
WA003,MERRA2,2001,12,3.277093583164969e-06
WA004,MERRA2,2001,12,2.0846587176492903e-06
WA005,MERRA2,2001,12,0.0092552974820137
WA006,MERRA2,2001,12,0.1440864354372024
WA007,MERRA2,2001,12,1.0666011571884155
WA008,MERRA2,2001,12,0.0
WA009,MERRA2,2001,12,0.0008008399163372815
WA010,MERRA2,2001,12,0.0876331850886344
WA011,MERRA2,2001,12,0.0407890975475311
WA012,MERRA2,2001,12,0.8684920072555542
WA013,MERRA2,2001,12,9.818611488299211e-07
WA014,MERRA2,2001,12,0.1799487322568893
WA015,MERRA2,2001,12,1.0963674412778346e-06
WA001,MERRA2,2002,1,0.6687396764755249
WA002,MERRA2,2002,1,0.0211284384131431
WA003,MERRA2,2002,1,6.215544999577105e-06
WA004,MERRA2,2002,1,0.0004672289942391217
WA005,MERRA2,2002,1,0.00103330030106
WA006,MERRA2,2002,1,0.9731109738349916
WA007,MERRA2,2002,1,0.8289340734481812
WA008,MERRA2,2002,1,0.1040085926651954
WA009,MERRA2,2002,1,0.3133320212364197
WA010,MERRA2,2002,1,0.5439165830612183
WA011,MERRA2,2002,1,0.9217107892036438
WA012,MERRA2,2002,1,0.9166189432144164
WA013,MERRA2,2002,1,2.554578486524406e-07
WA014,MERRA2,2002,1,0.5021913647651672
WA015,MERRA2,2002,1,0.3715558052062988
WA001,MERRA2,2002,2,0.7552014589309692
WA002,MERRA2,2002,2,1.0897826541622637e-05
WA003,MERRA2,2002,2,1.832743328122888e-05
WA004,MERRA2,2002,2,3.91687592582457e-07
WA005,MERRA2,2002,2,1.6549453221159638e-06
WA006,MERRA2,2002,2,0.6645230650901794
WA007,MERRA2,2002,2,0.8089576959609985
WA008,MERRA2,2002,2,1.799631536414381e-05
WA009,MERRA2,2002,2,0.0006288318545557559
WA010,MERRA2,2002,2,0.1557883620262146
WA011,MERRA2,2002,2,0.4419062435626983
WA012,MERRA2,2002,2,0.2883980274200439
WA013,MERRA2,2002,2,5.069371127319755e-07
WA014,MERRA2,2002,2,0.8279643058776855
WA015,MERRA2,2002,2,1.237128526554443e-05
WA001,MERRA2,2002,3,0.1821028143167495
WA002,MERRA2,2002,3,0.0627250373363494
WA003,MERRA2,2002,3,0.0009210724383592606
WA004,MERRA2,2002,3,4.072196134075057e-06
WA005,MERRA2,2002,3,1.2618759870529177
WA006,MERRA2,2002,3,2.527961492538452
WA007,MERRA2,2002,3,2.935231924057007
WA008,MERRA2,2002,3,0.0044021941721439
WA009,MERRA2,2002,3,0.013091767206788
WA010,MERRA2,2002,3,1.074605107307434
WA011,MERRA2,2002,3,1.935185194015503
WA012,MERRA2,2002,3,2.315620422363281
WA013,MERRA2,2002,3,0.0198647249490022
WA014,MERRA2,2002,3,2.643760204315185
WA015,MERRA2,2002,3,0.0079041887074708
WA001,MERRA2,2002,4,0.1427063196897506
WA002,MERRA2,2002,4,0.240891546010971
WA003,MERRA2,2002,4,0.539074718952179
WA004,MERRA2,2002,4,0.0157076828181743
WA005,MERRA2,2002,4,7.88156270980835
WA006,MERRA2,2002,4,4.860456943511963
WA007,MERRA2,2002,4,4.047647953033447
WA008,MERRA2,2002,4,0.0005874392809346318
WA009,MERRA2,2002,4,0.0313550569117069
WA010,MERRA2,2002,4,1.6562010049819946
WA011,MERRA2,2002,4,4.01960563659668
WA012,MERRA2,2002,4,4.085466384887695
WA013,MERRA2,2002,4,0.282166987657547
WA014,MERRA2,2002,4,4.540602684020996
WA015,MERRA2,2002,4,1.8907145715729714e-07
WA001,MERRA2,2002,5,0.023103954270482
WA002,MERRA2,2002,5,0.8811087012290955
WA003,MERRA2,2002,5,0.8213148713111877
WA004,MERRA2,2002,5,0.2443135678768158
WA005,MERRA2,2002,5,4.285671710968018
WA006,MERRA2,2002,5,5.745246410369873
WA007,MERRA2,2002,5,5.542734146118164
WA008,MERRA2,2002,5,0.23719222843647
WA009,MERRA2,2002,5,0.2960500717163086
WA010,MERRA2,2002,5,0.96589857339859
WA011,MERRA2,2002,5,5.24828052520752
WA012,MERRA2,2002,5,4.307404518127441
WA013,MERRA2,2002,5,0.5000250339508057
WA014,MERRA2,2002,5,5.424185752868652
WA015,MERRA2,2002,5,0.0167972408235073
WA001,MERRA2,2002,6,0.1213886961340904
WA002,MERRA2,2002,6,2.761002540588379
WA003,MERRA2,2002,6,2.4269285202026367
WA004,MERRA2,2002,6,1.802964210510254
WA005,MERRA2,2002,6,3.895869493484497
WA006,MERRA2,2002,6,4.334846019744873
WA007,MERRA2,2002,6,7.404879570007324
WA008,MERRA2,2002,6,7.13510274887085
WA009,MERRA2,2002,6,7.9645562171936035
WA010,MERRA2,2002,6,0.7168296575546265
WA011,MERRA2,2002,6,4.960106372833252
WA012,MERRA2,2002,6,8.317777633666992
WA013,MERRA2,2002,6,1.648994207382202
WA014,MERRA2,2002,6,3.1524949073791504
WA015,MERRA2,2002,6,1.3300447463989258
WA001,MERRA2,2002,7,0.5125228762626648
WA002,MERRA2,2002,7,6.064278602600098
WA003,MERRA2,2002,7,3.3628575801849365
WA004,MERRA2,2002,7,3.101857185363769
WA005,MERRA2,2002,7,8.726910591125488
WA006,MERRA2,2002,7,3.335874080657959
WA007,MERRA2,2002,7,4.807934284210205
WA008,MERRA2,2002,7,4.73566484451294
WA009,MERRA2,2002,7,3.977739572525024
WA010,MERRA2,2002,7,2.389118432998657
WA011,MERRA2,2002,7,4.304553031921387
WA012,MERRA2,2002,7,6.830231189727783
WA013,MERRA2,2002,7,4.593536376953125
WA014,MERRA2,2002,7,3.7847161293029785
WA015,MERRA2,2002,7,0.7169327139854431
WA001,MERRA2,2002,8,2.7389791011810303
WA002,MERRA2,2002,8,7.490890979766846
WA003,MERRA2,2002,8,4.168889999389648
WA004,MERRA2,2002,8,4.477148056030273
WA005,MERRA2,2002,8,7.075108051300049
WA006,MERRA2,2002,8,4.477276802062988
WA007,MERRA2,2002,8,3.1677348613739014
WA008,MERRA2,2002,8,12.461623191833496
WA009,MERRA2,2002,8,11.4766206741333
WA010,MERRA2,2002,8,6.607314586639404
WA011,MERRA2,2002,8,5.812044620513916
WA012,MERRA2,2002,8,3.864092111587525
WA013,MERRA2,2002,8,4.831746578216553
WA014,MERRA2,2002,8,6.655026435852051
WA015,MERRA2,2002,8,4.679555416107178
WA001,MERRA2,2002,9,3.5928008556365967
WA002,MERRA2,2002,9,3.962288618087769
WA003,MERRA2,2002,9,3.43393349647522
WA004,MERRA2,2002,9,2.045825958251953
WA005,MERRA2,2002,9,6.6638031005859375
WA006,MERRA2,2002,9,2.672386407852173
WA007,MERRA2,2002,9,1.548643946647644
WA008,MERRA2,2002,9,4.337615489959717
WA009,MERRA2,2002,9,3.724226474761963
WA010,MERRA2,2002,9,1.5661828517913818
WA011,MERRA2,2002,9,3.7981038093566895
WA012,MERRA2,2002,9,2.8348805904388428
WA013,MERRA2,2002,9,3.3782436847686768
WA014,MERRA2,2002,9,3.0370588302612305
WA015,MERRA2,2002,9,4.245637893676758
WA001,MERRA2,2002,10,1.2332947254180908
WA002,MERRA2,2002,10,1.7772116661071775
WA003,MERRA2,2002,10,1.6084043979644775
WA004,MERRA2,2002,10,0.6492426991462708
WA005,MERRA2,2002,10,4.934022426605225
WA006,MERRA2,2002,10,5.280850887298584
WA007,MERRA2,2002,10,1.8526411056518557
WA008,MERRA2,2002,10,1.7975906133651731
WA009,MERRA2,2002,10,1.8776819705963133
WA010,MERRA2,2002,10,0.299858033657074
WA011,MERRA2,2002,10,6.112473964691162
WA012,MERRA2,2002,10,6.95024299621582
WA013,MERRA2,2002,10,0.9458826184272766
WA014,MERRA2,2002,10,4.214236259460449
WA015,MERRA2,2002,10,1.528182864189148
WA001,MERRA2,2002,11,0.2063914686441421
WA002,MERRA2,2002,11,0.002526031807065
WA003,MERRA2,2002,11,0.0559183061122894
WA004,MERRA2,2002,11,0.0177147816866636
WA005,MERRA2,2002,11,0.0094240354374051
WA006,MERRA2,2002,11,1.456090807914734
WA007,MERRA2,2002,11,1.5877704620361328
WA008,MERRA2,2002,11,0.5789191722869873
WA009,MERRA2,2002,11,0.4920002222061157
WA010,MERRA2,2002,11,0.220889151096344
WA011,MERRA2,2002,11,0.9068763852119446
WA012,MERRA2,2002,11,0.9311871528625488
WA013,MERRA2,2002,11,5.749368980900727e-08
WA014,MERRA2,2002,11,2.32578706741333
WA015,MERRA2,2002,11,0.0013492284342646
WA001,MERRA2,2002,12,0.7029439806938171
WA002,MERRA2,2002,12,0.0146477241069078
WA003,MERRA2,2002,12,1.0856237167899964e-05
WA004,MERRA2,2002,12,0.0129788676276803
WA005,MERRA2,2002,12,5.43922396900598e-06
WA006,MERRA2,2002,12,0.2221404761075973
WA007,MERRA2,2002,12,0.9357746243476868
WA008,MERRA2,2002,12,0.0017915789503604
WA009,MERRA2,2002,12,0.0004668934852816165
WA010,MERRA2,2002,12,0.0632417947053909
WA011,MERRA2,2002,12,0.1093494370579719
WA012,MERRA2,2002,12,0.0670932680368423
WA013,MERRA2,2002,12,1.4010735185365777e-06
WA014,MERRA2,2002,12,0.3002353310585022
WA015,MERRA2,2002,12,0.0034995274618268
WA001,MERRA2,2003,1,0.1206066161394119
WA002,MERRA2,2003,1,0.0262947883456945
WA003,MERRA2,2003,1,2.307650674993056e-06
WA004,MERRA2,2003,1,0.0016024548094719
WA005,MERRA2,2003,1,0.0503572821617126
WA006,MERRA2,2003,1,0.6077980399131775
WA007,MERRA2,2003,1,0.574276328086853
WA008,MERRA2,2003,1,0.0100004002451896
WA009,MERRA2,2003,1,0.0064308568835258
WA010,MERRA2,2003,1,0.1818550378084182
WA011,MERRA2,2003,1,0.6297134757041931
WA012,MERRA2,2003,1,1.4496314525604248
WA013,MERRA2,2003,1,4.72431611342472e-06
WA014,MERRA2,2003,1,0.2901346087455749
WA015,MERRA2,2003,1,1.0554028762044252e-09
WA001,MERRA2,2003,2,0.5567426681518555
WA002,MERRA2,2003,2,0.0020444674883037
WA003,MERRA2,2003,2,0.0320823974907398
WA004,MERRA2,2003,2,0.0018081758171319
WA005,MERRA2,2003,2,1.213038682937622
WA006,MERRA2,2003,2,1.198704957962036
WA007,MERRA2,2003,2,2.5822014808654785
WA008,MERRA2,2003,2,0.0
WA009,MERRA2,2003,2,0.0010280044516548
WA010,MERRA2,2003,2,0.1695778667926788
WA011,MERRA2,2003,2,0.5341359376907349
WA012,MERRA2,2003,2,0.885538637638092
WA013,MERRA2,2003,2,0.0080010518431663
WA014,MERRA2,2003,2,1.3654022216796875
WA015,MERRA2,2003,2,0.0014220410957932
WA001,MERRA2,2003,3,0.2442483603954315
WA002,MERRA2,2003,3,0.0005097971297800541
WA003,MERRA2,2003,3,0.6930687427520752
WA004,MERRA2,2003,3,0.0378272384405136
WA005,MERRA2,2003,3,0.0343960560858249
WA006,MERRA2,2003,3,2.013521671295166
WA007,MERRA2,2003,3,3.973212242126465
WA008,MERRA2,2003,3,0.0
WA009,MERRA2,2003,3,0.00017309546819888055
WA010,MERRA2,2003,3,0.1015717014670372
WA011,MERRA2,2003,3,0.825525164604187
WA012,MERRA2,2003,3,0.6666871309280396
WA013,MERRA2,2003,3,1.6030777487685557e-06
WA014,MERRA2,2003,3,2.5263795852661133
WA015,MERRA2,2003,3,1.4147223055260838e-06
WA001,MERRA2,2003,4,0.1213605999946594
WA002,MERRA2,2003,4,0.3628165423870086
WA003,MERRA2,2003,4,1.1558160781860352
WA004,MERRA2,2003,4,0.0737370923161506
WA005,MERRA2,2003,4,4.648812770843506
WA006,MERRA2,2003,4,3.490154266357422
WA007,MERRA2,2003,4,5.236685276031494
WA008,MERRA2,2003,4,0.2844628989696502
WA009,MERRA2,2003,4,0.1173217445611953
WA010,MERRA2,2003,4,1.0539929866790771
WA011,MERRA2,2003,4,4.027774810791016
WA012,MERRA2,2003,4,7.732663154602051
WA013,MERRA2,2003,4,1.1849607229232788
WA014,MERRA2,2003,4,2.5790584087371826
WA015,MERRA2,2003,4,0.0024081941228359
WA001,MERRA2,2003,5,0.086159624159336
WA002,MERRA2,2003,5,1.41673481464386
WA003,MERRA2,2003,5,2.232677936553955
WA004,MERRA2,2003,5,0.994947612285614
WA005,MERRA2,2003,5,2.386712551116944
WA006,MERRA2,2003,5,3.401224374771118
WA007,MERRA2,2003,5,6.352242946624756
WA008,MERRA2,2003,5,0.5709369778633118
WA009,MERRA2,2003,5,1.0209236145019531
WA010,MERRA2,2003,5,0.7843446731567383
WA011,MERRA2,2003,5,2.5113983154296875
WA012,MERRA2,2003,5,3.3264400959014893
WA013,MERRA2,2003,5,0.606238067150116
WA014,MERRA2,2003,5,4.0530924797058105
WA015,MERRA2,2003,5,4.045487003168091e-06
WA001,MERRA2,2003,6,0.4322434365749359
WA002,MERRA2,2003,6,3.418569803237915
WA003,MERRA2,2003,6,4.47048807144165
WA004,MERRA2,2003,6,2.392180919647217
WA005,MERRA2,2003,6,3.799558162689209
WA006,MERRA2,2003,6,6.765596866607666
WA007,MERRA2,2003,6,9.025891304016112
WA008,MERRA2,2003,6,5.077552318572998
WA009,MERRA2,2003,6,5.165287017822266
WA010,MERRA2,2003,6,1.863763451576233
WA011,MERRA2,2003,6,8.299911499023438
WA012,MERRA2,2003,6,7.702680110931396
WA013,MERRA2,2003,6,2.9246459007263184
WA014,MERRA2,2003,6,6.589080333709717
WA015,MERRA2,2003,6,1.6640546321868896
WA001,MERRA2,2003,7,1.089948654174805
WA002,MERRA2,2003,7,5.936676979064941
WA003,MERRA2,2003,7,5.358949661254883
WA004,MERRA2,2003,7,3.0883355140686035
WA005,MERRA2,2003,7,5.175562858581543
WA006,MERRA2,2003,7,4.592450141906738
WA007,MERRA2,2003,7,1.5153595209121704
WA008,MERRA2,2003,7,7.202474117279053
WA009,MERRA2,2003,7,7.165955066680908
WA010,MERRA2,2003,7,1.913270115852356
WA011,MERRA2,2003,7,7.341734409332275
WA012,MERRA2,2003,7,4.731278896331787
WA013,MERRA2,2003,7,4.955998420715332
WA014,MERRA2,2003,7,2.931493043899536
WA015,MERRA2,2003,7,4.243922233581543
WA001,MERRA2,2003,8,2.920205354690552
WA002,MERRA2,2003,8,3.910369634628296
WA003,MERRA2,2003,8,7.665425300598144
WA004,MERRA2,2003,8,5.203935623168945
WA005,MERRA2,2003,8,5.505541324615479
WA006,MERRA2,2003,8,1.6825743913650513
WA007,MERRA2,2003,8,1.0444512367248535
WA008,MERRA2,2003,8,18.4649658203125
WA009,MERRA2,2003,8,14.315539360046388
WA010,MERRA2,2003,8,4.112408638000488
WA011,MERRA2,2003,8,3.1376640796661377
WA012,MERRA2,2003,8,2.018174886703491
WA013,MERRA2,2003,8,4.835185527801514
WA014,MERRA2,2003,8,2.557705879211426
WA015,MERRA2,2003,8,9.878972053527832
WA001,MERRA2,2003,9,4.425952911376953
WA002,MERRA2,2003,9,4.091579914093018
WA003,MERRA2,2003,9,4.750028610229492
WA004,MERRA2,2003,9,2.395533561706543
WA005,MERRA2,2003,9,8.537514686584473
WA006,MERRA2,2003,9,4.214118480682373
WA007,MERRA2,2003,9,3.609765291213989
WA008,MERRA2,2003,9,7.868340015411377
WA009,MERRA2,2003,9,4.953348636627197
WA010,MERRA2,2003,9,0.929584264755249
WA011,MERRA2,2003,9,6.438075542449951
WA012,MERRA2,2003,9,7.662312507629394
WA013,MERRA2,2003,9,4.213583469390869
WA014,MERRA2,2003,9,4.545047283172607
WA015,MERRA2,2003,9,7.403692245483398
WA001,MERRA2,2003,10,1.8419246673583984
WA002,MERRA2,2003,10,0.9354353547096252
WA003,MERRA2,2003,10,1.3617868423461914
WA004,MERRA2,2003,10,0.678802490234375
WA005,MERRA2,2003,10,4.994226455688477
WA006,MERRA2,2003,10,6.600054264068604
WA007,MERRA2,2003,10,8.368453979492188
WA008,MERRA2,2003,10,2.7212302684783936
WA009,MERRA2,2003,10,1.0496578216552734
WA010,MERRA2,2003,10,1.6535484790802002
WA011,MERRA2,2003,10,4.506241798400879
WA012,MERRA2,2003,10,5.64420223236084
WA013,MERRA2,2003,10,0.4819072484970093
WA014,MERRA2,2003,10,7.47385835647583
WA015,MERRA2,2003,10,2.6051583290100098
WA001,MERRA2,2003,11,0.0905389860272407
WA002,MERRA2,2003,11,0.2003106921911239
WA003,MERRA2,2003,11,0.0285263992846012
WA004,MERRA2,2003,11,0.0027257029432803
WA005,MERRA2,2003,11,0.1085308194160461
WA006,MERRA2,2003,11,2.8010683059692383
WA007,MERRA2,2003,11,2.5671634674072266
WA008,MERRA2,2003,11,0.901978075504303
WA009,MERRA2,2003,11,2.428194046020508
WA010,MERRA2,2003,11,1.9412204027175903
WA011,MERRA2,2003,11,1.0789939165115356
WA012,MERRA2,2003,11,1.5186482667922974
WA013,MERRA2,2003,11,0.0012031689984723
WA014,MERRA2,2003,11,4.8315043449401855
WA015,MERRA2,2003,11,0.0243910476565361
WA001,MERRA2,2003,12,0.6572121977806091
WA002,MERRA2,2003,12,2.3519123715232126e-05
WA003,MERRA2,2003,12,1.845365886765649e-07
WA004,MERRA2,2003,12,2.644239430082962e-06
WA005,MERRA2,2003,12,0.0372652672231197
WA006,MERRA2,2003,12,0.573890209197998
WA007,MERRA2,2003,12,1.407821536064148
WA008,MERRA2,2003,12,0.0003380758862476796
WA009,MERRA2,2003,12,0.0076042399741709
WA010,MERRA2,2003,12,0.1956966966390609
WA011,MERRA2,2003,12,0.6949435472488403
WA012,MERRA2,2003,12,0.3681999444961548
WA013,MERRA2,2003,12,6.469785489571223e-07
WA014,MERRA2,2003,12,0.3521024286746979
WA015,MERRA2,2003,12,7.241684585324037e-08
WA001,MERRA2,2004,1,0.4778782427310943
WA002,MERRA2,2004,1,0.0551680549979209
WA003,MERRA2,2004,1,0.0121345082297921
WA004,MERRA2,2004,1,0.00029271424864418805
WA005,MERRA2,2004,1,0.0362004227936267
WA006,MERRA2,2004,1,0.7480084300041199
WA007,MERRA2,2004,1,1.595695734024048
WA008,MERRA2,2004,1,0.0008064997382462025
WA009,MERRA2,2004,1,0.00013607107393909246
WA010,MERRA2,2004,1,0.0597791485488414
WA011,MERRA2,2004,1,0.711992084980011
WA012,MERRA2,2004,1,1.0702065229415894
WA013,MERRA2,2004,1,0.0007165508577600121
WA014,MERRA2,2004,1,0.4405686259269714
WA015,MERRA2,2004,1,0.0191388484090566
WA001,MERRA2,2004,2,0.0720312595367431
WA002,MERRA2,2004,2,0.0238496493548154
WA003,MERRA2,2004,2,0.0407069772481918
WA004,MERRA2,2004,2,6.047077022230951e-06
WA005,MERRA2,2004,2,4.174017522018403e-05
WA006,MERRA2,2004,2,0.9534112811088562
WA007,MERRA2,2004,2,1.6983038187026978
WA008,MERRA2,2004,2,0.0034444036427885
WA009,MERRA2,2004,2,0.0295880511403083
WA010,MERRA2,2004,2,0.1621354967355728
WA011,MERRA2,2004,2,0.6161190271377563
WA012,MERRA2,2004,2,0.751089334487915
WA013,MERRA2,2004,2,5.575653176492779e-06
WA014,MERRA2,2004,2,1.0340837240219116
WA015,MERRA2,2004,2,0.0010850511025637
WA001,MERRA2,2004,3,0.106763981282711
WA002,MERRA2,2004,3,0.0976715013384819
WA003,MERRA2,2004,3,0.0408437587320804
WA004,MERRA2,2004,3,0.002447648672387
WA005,MERRA2,2004,3,0.0005159852444194257
WA006,MERRA2,2004,3,3.0785672664642334
WA007,MERRA2,2004,3,2.882969856262207
WA008,MERRA2,2004,3,0.0011179624125361
WA009,MERRA2,2004,3,0.0075064306147396
WA010,MERRA2,2004,3,0.1884233802556991
WA011,MERRA2,2004,3,2.4185092449188232
WA012,MERRA2,2004,3,2.078528642654419
WA013,MERRA2,2004,3,5.916590453125536e-07
WA014,MERRA2,2004,3,3.3207294940948486
WA015,MERRA2,2004,3,1.0590934795828844e-09
WA001,MERRA2,2004,4,0.3393696546554565
WA002,MERRA2,2004,4,0.8237254619598389
WA003,MERRA2,2004,4,1.2814875841140747
WA004,MERRA2,2004,4,0.1835646480321884
WA005,MERRA2,2004,4,4.276524066925049
WA006,MERRA2,2004,4,3.763951063156128
WA007,MERRA2,2004,4,4.892908096313477
WA008,MERRA2,2004,4,0.324763536453247
WA009,MERRA2,2004,4,0.4014060497283935
WA010,MERRA2,2004,4,3.133082628250122
WA011,MERRA2,2004,4,4.623327255249023
WA012,MERRA2,2004,4,5.0998735427856445
WA013,MERRA2,2004,4,0.2277020066976547
WA014,MERRA2,2004,4,2.5215818881988525
WA015,MERRA2,2004,4,0.0
WA001,MERRA2,2004,5,0.1325248330831527
WA002,MERRA2,2004,5,1.4803637266159058
WA003,MERRA2,2004,5,1.3722388744354248
WA004,MERRA2,2004,5,0.6355298161506653
WA005,MERRA2,2004,5,5.943713188171387
WA006,MERRA2,2004,5,4.0569047927856445
WA007,MERRA2,2004,5,5.333607196807861
WA008,MERRA2,2004,5,1.1002967357635498
WA009,MERRA2,2004,5,1.3143517971038818
WA010,MERRA2,2004,5,1.7690001726150513
WA011,MERRA2,2004,5,5.245377540588379
WA012,MERRA2,2004,5,8.224730491638184
WA013,MERRA2,2004,5,2.0686192512512207
WA014,MERRA2,2004,5,3.4836814403533936
WA015,MERRA2,2004,5,0.3259535729885101
WA001,MERRA2,2004,6,0.1877922415733337
WA002,MERRA2,2004,6,4.931476593017578
WA003,MERRA2,2004,6,2.104027032852173
WA004,MERRA2,2004,6,1.198442459106445
WA005,MERRA2,2004,6,3.1838715076446533
WA006,MERRA2,2004,6,5.002841949462891
WA007,MERRA2,2004,6,7.661320209503174
WA008,MERRA2,2004,6,5.29927396774292
WA009,MERRA2,2004,6,5.723124504089356
WA010,MERRA2,2004,6,0.834281861782074
WA011,MERRA2,2004,6,3.6676909923553462
WA012,MERRA2,2004,6,4.239978313446045
WA013,MERRA2,2004,6,1.59776508808136
WA014,MERRA2,2004,6,5.532115936279297
WA015,MERRA2,2004,6,2.624111652374268
WA001,MERRA2,2004,7,1.294291853904724
WA002,MERRA2,2004,7,7.842502117156982
WA003,MERRA2,2004,7,5.3619585037231445
WA004,MERRA2,2004,7,3.1027910709381104
WA005,MERRA2,2004,7,3.8033721446990967
WA006,MERRA2,2004,7,4.019325733184815
WA007,MERRA2,2004,7,2.2577109336853027
WA008,MERRA2,2004,7,11.585197448730469
WA009,MERRA2,2004,7,9.985812187194824
WA010,MERRA2,2004,7,2.723970413208008
WA011,MERRA2,2004,7,5.592750549316406
WA012,MERRA2,2004,7,5.673890113830566
WA013,MERRA2,2004,7,3.0613656044006348
WA014,MERRA2,2004,7,5.678675174713135
WA015,MERRA2,2004,7,5.146929264068604
WA001,MERRA2,2004,8,4.647349834442139
WA002,MERRA2,2004,8,6.680701732635498
WA003,MERRA2,2004,8,4.735063552856445
WA004,MERRA2,2004,8,3.538182020187378
WA005,MERRA2,2004,8,2.5535686016082764
WA006,MERRA2,2004,8,2.83309006690979
WA007,MERRA2,2004,8,1.8951747417449951
WA008,MERRA2,2004,8,17.157379150390625
WA009,MERRA2,2004,8,19.59557342529297
WA010,MERRA2,2004,8,10.932143211364746
WA011,MERRA2,2004,8,3.7733969688415527
WA012,MERRA2,2004,8,3.1768856048583984
WA013,MERRA2,2004,8,3.114882230758667
WA014,MERRA2,2004,8,4.071933746337891
WA015,MERRA2,2004,8,8.044853210449219
WA001,MERRA2,2004,9,3.7917001247406006
WA002,MERRA2,2004,9,2.2980058193206787
WA003,MERRA2,2004,9,2.792791843414306
WA004,MERRA2,2004,9,1.7883304357528689
WA005,MERRA2,2004,9,3.626335859298706
WA006,MERRA2,2004,9,4.969814300537109
WA007,MERRA2,2004,9,4.860530853271484
WA008,MERRA2,2004,9,6.634220123291016
WA009,MERRA2,2004,9,5.530145168304443
WA010,MERRA2,2004,9,2.738914966583252
WA011,MERRA2,2004,9,5.007489204406738
WA012,MERRA2,2004,9,6.845119953155518
WA013,MERRA2,2004,9,0.9004693627357483
WA014,MERRA2,2004,9,5.337626457214356
WA015,MERRA2,2004,9,5.688502311706543
WA001,MERRA2,2004,10,0.6368799209594727
WA002,MERRA2,2004,10,0.6833142042160034
WA003,MERRA2,2004,10,0.4800829887390136
WA004,MERRA2,2004,10,0.0946104153990745
WA005,MERRA2,2004,10,1.2302981615066528
WA006,MERRA2,2004,10,5.3356781005859375
WA007,MERRA2,2004,10,6.449326992034912
WA008,MERRA2,2004,10,3.139730453491211
WA009,MERRA2,2004,10,2.6325039863586426
WA010,MERRA2,2004,10,1.4807190895080566
WA011,MERRA2,2004,10,4.424368381500244
WA012,MERRA2,2004,10,5.37926721572876
WA013,MERRA2,2004,10,0.14064522087574
WA014,MERRA2,2004,10,6.240246295928955
WA015,MERRA2,2004,10,1.1511517763137815
WA001,MERRA2,2004,11,0.1718367785215377
WA002,MERRA2,2004,11,0.0433495193719863
WA003,MERRA2,2004,11,0.1300557851791381
WA004,MERRA2,2004,11,4.242806426191237e-07
WA005,MERRA2,2004,11,0.1388815492391586
WA006,MERRA2,2004,11,2.519510507583618
WA007,MERRA2,2004,11,3.220916271209717
WA008,MERRA2,2004,11,3.508538722991944
WA009,MERRA2,2004,11,4.258321762084961
WA010,MERRA2,2004,11,1.310418963432312
WA011,MERRA2,2004,11,2.0353620052337646
WA012,MERRA2,2004,11,1.665589690208435
WA013,MERRA2,2004,11,0.0024597030133008
WA014,MERRA2,2004,11,2.75693154335022
WA015,MERRA2,2004,11,0.8743203282356262
WA001,MERRA2,2004,12,0.3215807378292084
WA002,MERRA2,2004,12,4.0381277358392254e-05
WA003,MERRA2,2004,12,3.102308937741327e-06
WA004,MERRA2,2004,12,6.694994425515688e-08
WA005,MERRA2,2004,12,8.954562957796952e-08
WA006,MERRA2,2004,12,0.9364491105079652
WA007,MERRA2,2004,12,0.8819730877876282
WA008,MERRA2,2004,12,0.0
WA009,MERRA2,2004,12,0.0039093350060284
WA010,MERRA2,2004,12,0.3090632855892181
WA011,MERRA2,2004,12,0.6990302801132202
WA012,MERRA2,2004,12,0.3942876756191253
WA013,MERRA2,2004,12,7.229064635794202e-08
WA014,MERRA2,2004,12,1.0065932273864746
WA015,MERRA2,2004,12,1.5383191964701837e-07
WA001,MERRA2,2005,1,0.4329042434692383
WA002,MERRA2,2005,1,0.0015678608324378
WA003,MERRA2,2005,1,0.0215589571744203
WA004,MERRA2,2005,1,0.0002934589865617454
WA005,MERRA2,2005,1,8.511442501912825e-06
WA006,MERRA2,2005,1,0.3494496345520019
WA007,MERRA2,2005,1,0.9759020805358888
WA008,MERRA2,2005,1,0.0012259172508493
WA009,MERRA2,2005,1,0.0049282205291092
WA010,MERRA2,2005,1,0.144948661327362
WA011,MERRA2,2005,1,0.2806261777877807
WA012,MERRA2,2005,1,0.166769802570343
WA013,MERRA2,2005,1,4.1893624569411265e-08
WA014,MERRA2,2005,1,0.3430037796497345
WA015,MERRA2,2005,1,7.139712579373736e-06
WA001,MERRA2,2005,2,0.5730127096176147
WA002,MERRA2,2005,2,0.0607161410152912
WA003,MERRA2,2005,2,0.0028410730883479
WA004,MERRA2,2005,2,0.0022580823861062
WA005,MERRA2,2005,2,0.062781848013401
WA006,MERRA2,2005,2,1.7738661766052246
WA007,MERRA2,2005,2,1.4531270265579224
WA008,MERRA2,2005,2,0.8322235941886902
WA009,MERRA2,2005,2,0.3044285476207733
WA010,MERRA2,2005,2,0.9045071601867676
WA011,MERRA2,2005,2,1.7374744415283203
WA012,MERRA2,2005,2,1.5108065605163574
WA013,MERRA2,2005,2,1.033653552440228e-05
WA014,MERRA2,2005,2,1.3374934196472168
WA015,MERRA2,2005,2,0.0642454549670219
WA001,MERRA2,2005,3,0.0121725713834166
WA002,MERRA2,2005,3,0.0564689226448535
WA003,MERRA2,2005,3,0.0401554889976978
WA004,MERRA2,2005,3,0.0156382136046886
WA005,MERRA2,2005,3,0.5925815105438232
WA006,MERRA2,2005,3,4.118523597717285
WA007,MERRA2,2005,3,4.101762771606445
WA008,MERRA2,2005,3,0.2998753786087036
WA009,MERRA2,2005,3,0.6434290409088135
WA010,MERRA2,2005,3,0.3622896373271942
WA011,MERRA2,2005,3,3.072702646255493
WA012,MERRA2,2005,3,3.037472486495972
WA013,MERRA2,2005,3,1.1227172763028648e-05
WA014,MERRA2,2005,3,3.5145416259765625
WA015,MERRA2,2005,3,0.000926199834793806
WA001,MERRA2,2005,4,0.1341317743062973
WA002,MERRA2,2005,4,0.2172584384679794
WA003,MERRA2,2005,4,0.8887939453125
WA004,MERRA2,2005,4,0.0246266853064298
WA005,MERRA2,2005,4,1.745678424835205
WA006,MERRA2,2005,4,5.057947158813477
WA007,MERRA2,2005,4,6.219614505767822
WA008,MERRA2,2005,4,0.0006846407777629793
WA009,MERRA2,2005,4,0.0201757159084081
WA010,MERRA2,2005,4,0.6954270005226135
WA011,MERRA2,2005,4,4.193247318267822
WA012,MERRA2,2005,4,2.8723599910736084
WA013,MERRA2,2005,4,0.1867644637823104
WA014,MERRA2,2005,4,3.980168104171753
WA015,MERRA2,2005,4,0.0
WA001,MERRA2,2005,5,0.1887683421373367
WA002,MERRA2,2005,5,0.9666703343391418
WA003,MERRA2,2005,5,4.966646671295166
WA004,MERRA2,2005,5,0.8799647092819214
WA005,MERRA2,2005,5,1.8187116384506223
WA006,MERRA2,2005,5,4.785562515258789
WA007,MERRA2,2005,5,7.209426403045654
WA008,MERRA2,2005,5,2.049753427505493
WA009,MERRA2,2005,5,2.48020076751709
WA010,MERRA2,2005,5,1.3185464143753052
WA011,MERRA2,2005,5,3.780462741851807
WA012,MERRA2,2005,5,3.1455233097076416
WA013,MERRA2,2005,5,1.376944661140442
WA014,MERRA2,2005,5,5.688328266143799
WA015,MERRA2,2005,5,0.2693357467651367
WA001,MERRA2,2005,6,0.2097340822219848
WA002,MERRA2,2005,6,3.009798288345337
WA003,MERRA2,2005,6,4.456100940704346
WA004,MERRA2,2005,6,3.8111672401428223
WA005,MERRA2,2005,6,4.17928409576416
WA006,MERRA2,2005,6,4.775099754333496
WA007,MERRA2,2005,6,7.605055809020996
WA008,MERRA2,2005,6,11.478336334228516
WA009,MERRA2,2005,6,11.218827247619627
WA010,MERRA2,2005,6,1.7809418439865112
WA011,MERRA2,2005,6,5.247454643249512
WA012,MERRA2,2005,6,9.080530166625977
WA013,MERRA2,2005,6,3.792210102081299
WA014,MERRA2,2005,6,5.728960514068604
WA015,MERRA2,2005,6,3.196570634841919
WA001,MERRA2,2005,7,3.196730613708496
WA002,MERRA2,2005,7,3.961839199066162
WA003,MERRA2,2005,7,3.3160691261291504
WA004,MERRA2,2005,7,3.655060291290283
WA005,MERRA2,2005,7,2.9485960006713867
WA006,MERRA2,2005,7,1.7523977756500244
WA007,MERRA2,2005,7,1.7823785543441772
WA008,MERRA2,2005,7,17.436939239501953
WA009,MERRA2,2005,7,14.645252227783203
WA010,MERRA2,2005,7,0.7830685377120972
WA011,MERRA2,2005,7,2.6195287704467773
WA012,MERRA2,2005,7,2.4044010639190674
WA013,MERRA2,2005,7,3.768801927566528
WA014,MERRA2,2005,7,2.2770326137542725
WA015,MERRA2,2005,7,9.52014446258545
WA001,MERRA2,2005,8,4.652977466583252
WA002,MERRA2,2005,8,6.276609420776367
WA003,MERRA2,2005,8,6.076510429382324
WA004,MERRA2,2005,8,3.552783727645874
WA005,MERRA2,2005,8,4.762866020202637
WA006,MERRA2,2005,8,2.332531690597534
WA007,MERRA2,2005,8,0.8217778205871582
WA008,MERRA2,2005,8,20.702245712280277
WA009,MERRA2,2005,8,20.149375915527344
WA010,MERRA2,2005,8,1.977654218673706
WA011,MERRA2,2005,8,2.81103777885437
WA012,MERRA2,2005,8,1.897076964378357
WA013,MERRA2,2005,8,4.898194313049316
WA014,MERRA2,2005,8,2.081094980239868
WA015,MERRA2,2005,8,11.62290859222412
WA001,MERRA2,2005,9,3.042579174041748
WA002,MERRA2,2005,9,3.2449169158935547
WA003,MERRA2,2005,9,4.54078483581543
WA004,MERRA2,2005,9,2.1963865756988525
WA005,MERRA2,2005,9,9.579782485961914
WA006,MERRA2,2005,9,4.610474586486816
WA007,MERRA2,2005,9,4.194337368011475
WA008,MERRA2,2005,9,11.262184143066406
WA009,MERRA2,2005,9,10.741094589233398
WA010,MERRA2,2005,9,1.0314903259277344
WA011,MERRA2,2005,9,4.56240701675415
WA012,MERRA2,2005,9,4.626737594604492
WA013,MERRA2,2005,9,3.109849691390991
WA014,MERRA2,2005,9,5.898462295532227
WA015,MERRA2,2005,9,7.802316188812256
WA001,MERRA2,2005,10,1.6766058206558228
WA002,MERRA2,2005,10,0.6820611357688904
WA003,MERRA2,2005,10,0.712459146976471
WA004,MERRA2,2005,10,0.3131617307662964
WA005,MERRA2,2005,10,2.629566431045532
WA006,MERRA2,2005,10,5.890365123748779
WA007,MERRA2,2005,10,7.144341468811035
WA008,MERRA2,2005,10,8.888078689575195
WA009,MERRA2,2005,10,9.09748077392578
WA010,MERRA2,2005,10,1.45603346824646
WA011,MERRA2,2005,10,3.3519577980041504
WA012,MERRA2,2005,10,3.0633533000946045
WA013,MERRA2,2005,10,0.2360469400882721
WA014,MERRA2,2005,10,7.757920742034912
WA015,MERRA2,2005,10,4.427123546600342
WA001,MERRA2,2005,11,0.5728320479393005
WA002,MERRA2,2005,11,0.0021587105002254
WA003,MERRA2,2005,11,0.0007433590362779796
WA004,MERRA2,2005,11,0.003603053279221
WA005,MERRA2,2005,11,0.0609749071300029
WA006,MERRA2,2005,11,2.0286693572998047
WA007,MERRA2,2005,11,3.0378777980804443
WA008,MERRA2,2005,11,0.9944040179252625
WA009,MERRA2,2005,11,0.5900669693946838
WA010,MERRA2,2005,11,0.7193984389305115
WA011,MERRA2,2005,11,1.2408981323242188
WA012,MERRA2,2005,11,1.1719772815704346
WA013,MERRA2,2005,11,2.252483852771548e-07
WA014,MERRA2,2005,11,2.6268036365509038
WA015,MERRA2,2005,11,0.0007195554208010435
WA001,MERRA2,2005,12,0.5356821417808533
WA002,MERRA2,2005,12,3.7804497878823895e-06
WA003,MERRA2,2005,12,9.23162151593715e-05
WA004,MERRA2,2005,12,2.3698443385455906e-07
WA005,MERRA2,2005,12,0.0002092562790494412
WA006,MERRA2,2005,12,0.4828850030899048
WA007,MERRA2,2005,12,0.9528148174285888
WA008,MERRA2,2005,12,0.9088724851608276
WA009,MERRA2,2005,12,1.959351181983948
WA010,MERRA2,2005,12,0.4863374531269073
WA011,MERRA2,2005,12,0.3480406105518341
WA012,MERRA2,2005,12,0.21915103495121
WA013,MERRA2,2005,12,7.717044070432166e-08
WA014,MERRA2,2005,12,0.5038307309150696
WA015,MERRA2,2005,12,2.0655761823196173e-11
WA001,MERRA2,2006,1,0.931118369102478
WA002,MERRA2,2006,1,0.3171542584896087
WA003,MERRA2,2006,1,0.018726397305727
WA004,MERRA2,2006,1,9.176166713587008e-06
WA005,MERRA2,2006,1,0.055980697274208
WA006,MERRA2,2006,1,1.2446413040161133
WA007,MERRA2,2006,1,1.73381245136261
WA008,MERRA2,2006,1,0.0103507693856954
WA009,MERRA2,2006,1,0.0507995262742042
WA010,MERRA2,2006,1,0.156113788485527
WA011,MERRA2,2006,1,0.4378718137741089
WA012,MERRA2,2006,1,0.3750460147857666
WA013,MERRA2,2006,1,1.2914868818825198e-07
WA014,MERRA2,2006,1,1.8317174911499023
WA015,MERRA2,2006,1,0.064381219446659
WA001,MERRA2,2006,2,0.3478001356124878
WA002,MERRA2,2006,2,0.0211151707917451
WA003,MERRA2,2006,2,0.0376201570034027
WA004,MERRA2,2006,2,0.001010003266856
WA005,MERRA2,2006,2,0.162666842341423
WA006,MERRA2,2006,2,2.451181650161743
WA007,MERRA2,2006,2,1.5270689725875854
WA008,MERRA2,2006,2,0.1326323747634887
WA009,MERRA2,2006,2,0.1976784765720367
WA010,MERRA2,2006,2,0.2086839079856872
WA011,MERRA2,2006,2,1.3041977882385254
WA012,MERRA2,2006,2,1.1020759344100952
WA013,MERRA2,2006,2,2.53030839303392e-06
WA014,MERRA2,2006,2,3.284942626953125
WA015,MERRA2,2006,2,3.807856217008521e-07
WA001,MERRA2,2006,3,0.0400600619614124
WA002,MERRA2,2006,3,0.0197232495993375
WA003,MERRA2,2006,3,0.0137404957786202
WA004,MERRA2,2006,3,3.92143510907772e-06
WA005,MERRA2,2006,3,0.1144890114665031
WA006,MERRA2,2006,3,3.3897738456726074
WA007,MERRA2,2006,3,4.601263046264648
WA008,MERRA2,2006,3,0.0597751848399639
WA009,MERRA2,2006,3,0.0405496396124362
WA010,MERRA2,2006,3,0.8728262186050415
WA011,MERRA2,2006,3,2.834477424621582
WA012,MERRA2,2006,3,2.761834621429444
WA013,MERRA2,2006,3,3.904025561496383e-06
WA014,MERRA2,2006,3,3.2957561016082764
WA015,MERRA2,2006,3,0.0051542096771299
WA001,MERRA2,2006,4,0.009270123206079
WA002,MERRA2,2006,4,1.032951831817627
WA003,MERRA2,2006,4,0.8996021747589111
WA004,MERRA2,2006,4,0.0011901656398549
WA005,MERRA2,2006,4,1.4572311639785769
WA006,MERRA2,2006,4,2.7362914085388184
WA007,MERRA2,2006,4,4.416979789733887
WA008,MERRA2,2006,4,0.4892102181911468
WA009,MERRA2,2006,4,0.7977532744407654
WA010,MERRA2,2006,4,0.6771540641784668
WA011,MERRA2,2006,4,1.8681020736694336
WA012,MERRA2,2006,4,1.523109793663025
WA013,MERRA2,2006,4,2.641945911818766e-06
WA014,MERRA2,2006,4,3.065772294998169
WA015,MERRA2,2006,4,5.020077082917851e-07
WA001,MERRA2,2006,5,0.239500418305397
WA002,MERRA2,2006,5,1.7624117136001587
WA003,MERRA2,2006,5,1.0344654321670532
WA004,MERRA2,2006,5,0.2578963935375213
WA005,MERRA2,2006,5,3.2225334644317627
WA006,MERRA2,2006,5,6.701625823974609
WA007,MERRA2,2006,5,7.538689613342285
WA008,MERRA2,2006,5,2.1419990062713623
WA009,MERRA2,2006,5,3.0273549556732178
WA010,MERRA2,2006,5,0.7645756602287292
WA011,MERRA2,2006,5,5.412662982940674
WA012,MERRA2,2006,5,5.496019840240479
WA013,MERRA2,2006,5,0.6742648482322693
WA014,MERRA2,2006,5,5.889708042144775
WA015,MERRA2,2006,5,0.1003372743725776
WA001,MERRA2,2006,6,0.2869529128074646
WA002,MERRA2,2006,6,1.8233215808868408
WA003,MERRA2,2006,6,3.105700969696045
WA004,MERRA2,2006,6,1.4027931690216064
WA005,MERRA2,2006,6,2.362849712371826
WA006,MERRA2,2006,6,4.903557300567627
WA007,MERRA2,2006,6,7.720664978027344
WA008,MERRA2,2006,6,4.408738136291504
WA009,MERRA2,2006,6,3.7459423542022714
WA010,MERRA2,2006,6,1.9013742208480835
WA011,MERRA2,2006,6,5.150810241699219
WA012,MERRA2,2006,6,4.356215000152588
WA013,MERRA2,2006,6,0.8148953318595886
WA014,MERRA2,2006,6,5.211014747619629
WA015,MERRA2,2006,6,3.5133538246154785
WA001,MERRA2,2006,7,1.7194751501083374
WA002,MERRA2,2006,7,2.6738195419311523
WA003,MERRA2,2006,7,4.994017601013184
WA004,MERRA2,2006,7,3.5787041187286377
WA005,MERRA2,2006,7,3.803095817565918
WA006,MERRA2,2006,7,3.716477155685425
WA007,MERRA2,2006,7,4.234825134277344
WA008,MERRA2,2006,7,9.043328285217283
WA009,MERRA2,2006,7,10.458782196044922
WA010,MERRA2,2006,7,1.4857629537582395
WA011,MERRA2,2006,7,4.187453746795654
WA012,MERRA2,2006,7,4.376175880432129
WA013,MERRA2,2006,7,2.949434995651245
WA014,MERRA2,2006,7,4.720986366271973
WA015,MERRA2,2006,7,4.170878887176514
WA001,MERRA2,2006,8,3.5472137928009038
WA002,MERRA2,2006,8,5.504256248474121
WA003,MERRA2,2006,8,5.3937578201293945
WA004,MERRA2,2006,8,4.67763614654541
WA005,MERRA2,2006,8,14.736931800842283
WA006,MERRA2,2006,8,1.7135334014892578
WA007,MERRA2,2006,8,0.7850891351699829
WA008,MERRA2,2006,8,20.037324905395508
WA009,MERRA2,2006,8,15.178579330444336
WA010,MERRA2,2006,8,1.7827882766723633
WA011,MERRA2,2006,8,3.4331536293029785
WA012,MERRA2,2006,8,4.200266361236572
WA013,MERRA2,2006,8,7.259929180145264
WA014,MERRA2,2006,8,1.950637936592102
WA015,MERRA2,2006,8,10.987234115600586
WA001,MERRA2,2006,9,6.122219085693359
WA002,MERRA2,2006,9,5.081720352172852
WA003,MERRA2,2006,9,5.0192036628723145
WA004,MERRA2,2006,9,2.536982774734497
WA005,MERRA2,2006,9,6.753425121307373
WA006,MERRA2,2006,9,5.068576812744141
WA007,MERRA2,2006,9,3.488765001296997
WA008,MERRA2,2006,9,8.78780746459961
WA009,MERRA2,2006,9,7.756397724151611
WA010,MERRA2,2006,9,5.644014358520508
WA011,MERRA2,2006,9,6.493182182312012
WA012,MERRA2,2006,9,7.075028419494629
WA013,MERRA2,2006,9,3.0906786918640137
WA014,MERRA2,2006,9,5.60374116897583
WA015,MERRA2,2006,9,6.358720302581787
WA001,MERRA2,2006,10,1.969496726989746
WA002,MERRA2,2006,10,0.5687791705131531
WA003,MERRA2,2006,10,1.6674121618270874
WA004,MERRA2,2006,10,0.4230144619941711
WA005,MERRA2,2006,10,1.6651744842529297
WA006,MERRA2,2006,10,4.5673909187316895
WA007,MERRA2,2006,10,5.1651225090026855
WA008,MERRA2,2006,10,3.797871589660645
WA009,MERRA2,2006,10,3.683913469314575
WA010,MERRA2,2006,10,3.674384355545044
WA011,MERRA2,2006,10,3.4103333950042725
WA012,MERRA2,2006,10,3.173190116882324
WA013,MERRA2,2006,10,0.4527857601642608
WA014,MERRA2,2006,10,6.620867729187012
WA015,MERRA2,2006,10,2.92200231552124
WA001,MERRA2,2006,11,0.1542836427688598
WA002,MERRA2,2006,11,4.813426130567677e-06
WA003,MERRA2,2006,11,6.476709677372128e-05
WA004,MERRA2,2006,11,0.0011308010434731
WA005,MERRA2,2006,11,0.0299130659550428
WA006,MERRA2,2006,11,1.109991192817688
WA007,MERRA2,2006,11,1.6757445335388184
WA008,MERRA2,2006,11,0.1555520296096801
WA009,MERRA2,2006,11,0.2132644057273864
WA010,MERRA2,2006,11,0.2823182642459869
WA011,MERRA2,2006,11,0.8705976605415344
WA012,MERRA2,2006,11,1.3595572710037231
WA013,MERRA2,2006,11,1.3765677067567594e-05
WA014,MERRA2,2006,11,1.2606509923934937
WA015,MERRA2,2006,11,0.0117137972265481
WA001,MERRA2,2006,12,0.3276989161968231
WA002,MERRA2,2006,12,4.847539912589127e-06
WA003,MERRA2,2006,12,1.210414325214515e-06
WA004,MERRA2,2006,12,7.708148785923187e-08
WA005,MERRA2,2006,12,1.267997731702053e-06
WA006,MERRA2,2006,12,0.2017080038785934
WA007,MERRA2,2006,12,0.8795456290245056
WA008,MERRA2,2006,12,8.142014848999679e-06
WA009,MERRA2,2006,12,0.0029743728227913
WA010,MERRA2,2006,12,0.0738475918769836
WA011,MERRA2,2006,12,0.1653722375631332
WA012,MERRA2,2006,12,0.087502397596836
WA013,MERRA2,2006,12,7.096049969845808e-09
WA014,MERRA2,2006,12,0.3359359800815582
WA015,MERRA2,2006,12,4.08709553312292e-07
WA001,MERRA2,2007,1,0.1769590228796005
WA002,MERRA2,2007,1,4.03909471060615e-05
WA003,MERRA2,2007,1,2.535402927605901e-07
WA004,MERRA2,2007,1,0.0038503869436681
WA005,MERRA2,2007,1,1.3987587976771465e-08
WA006,MERRA2,2007,1,0.1079945564270019
WA007,MERRA2,2007,1,0.3127021491527557
WA008,MERRA2,2007,1,3.317854498163797e-05
WA009,MERRA2,2007,1,0.0035444090608507
WA010,MERRA2,2007,1,0.0083588566631078
WA011,MERRA2,2007,1,0.0598360337316989
WA012,MERRA2,2007,1,0.0301723685115575
WA013,MERRA2,2007,1,6.435900701262653e-08
WA014,MERRA2,2007,1,0.1261766850948333
WA015,MERRA2,2007,1,1.6355502907572372e-07
WA001,MERRA2,2007,2,0.2382658123970031
WA002,MERRA2,2007,2,0.0386913642287254
WA003,MERRA2,2007,2,3.829962224699557e-06
WA004,MERRA2,2007,2,3.464661801899638e-07
WA005,MERRA2,2007,2,0.1439597755670547
WA006,MERRA2,2007,2,0.8430111408233643
WA007,MERRA2,2007,2,2.024026393890381
WA008,MERRA2,2007,2,0.4042947292327881
WA009,MERRA2,2007,2,0.2794970273971557
WA010,MERRA2,2007,2,1.7343260049819946
WA011,MERRA2,2007,2,0.8196228742599487
WA012,MERRA2,2007,2,0.5898959040641785
WA013,MERRA2,2007,2,8.960298032434366e-07
WA014,MERRA2,2007,2,0.5221042633056641
WA015,MERRA2,2007,2,7.136505786320414e-08
WA001,MERRA2,2007,3,0.2090123444795608
WA002,MERRA2,2007,3,0.0007883841753937304
WA003,MERRA2,2007,3,0.0112096266821026
WA004,MERRA2,2007,3,5.1070961490040645e-05
WA005,MERRA2,2007,3,0.6017961502075195
WA006,MERRA2,2007,3,1.995264172554016
WA007,MERRA2,2007,3,4.6598944664001465
WA008,MERRA2,2007,3,0.0
WA009,MERRA2,2007,3,0.0429435148835182
WA010,MERRA2,2007,3,3.467650413513184
WA011,MERRA2,2007,3,1.6877782344818115
WA012,MERRA2,2007,3,1.5557358264923096
WA013,MERRA2,2007,3,0.0099313119426369
WA014,MERRA2,2007,3,1.805583357810974
WA015,MERRA2,2007,3,4.680480003571575e-07
WA001,MERRA2,2007,4,0.2278974801301956
WA002,MERRA2,2007,4,0.0834661051630973
WA003,MERRA2,2007,4,1.5495729446411133
WA004,MERRA2,2007,4,0.1527464836835861
WA005,MERRA2,2007,4,2.250926733016968
WA006,MERRA2,2007,4,4.880338191986084
WA007,MERRA2,2007,4,4.651175022125244
WA008,MERRA2,2007,4,0.0
WA009,MERRA2,2007,4,0.0251820515841245
WA010,MERRA2,2007,4,0.6150466203689575
WA011,MERRA2,2007,4,3.4277830123901367
WA012,MERRA2,2007,4,3.609588623046875
WA013,MERRA2,2007,4,0.5090715885162354
WA014,MERRA2,2007,4,5.283955097198486
WA015,MERRA2,2007,4,1.6581167017193368e-07
WA001,MERRA2,2007,5,0.1576620787382125
WA002,MERRA2,2007,5,0.9236655831336976
WA003,MERRA2,2007,5,1.5019426345825195
WA004,MERRA2,2007,5,0.6242600679397583
WA005,MERRA2,2007,5,3.820135593414306
WA006,MERRA2,2007,5,5.9281158447265625
WA007,MERRA2,2007,5,5.424432277679443
WA008,MERRA2,2007,5,2.3950083255767822
WA009,MERRA2,2007,5,3.234236240386963
WA010,MERRA2,2007,5,0.8780692219734192
WA011,MERRA2,2007,5,6.722045421600342
WA012,MERRA2,2007,5,6.9202141761779785
WA013,MERRA2,2007,5,1.2602133750915527
WA014,MERRA2,2007,5,4.957871437072754
WA015,MERRA2,2007,5,0.0276726484298706
WA001,MERRA2,2007,6,0.1179481372237205
WA002,MERRA2,2007,6,2.219860553741455
WA003,MERRA2,2007,6,2.145823240280152
WA004,MERRA2,2007,6,1.8441137075424197
WA005,MERRA2,2007,6,8.765925407409668
WA006,MERRA2,2007,6,5.4911651611328125
WA007,MERRA2,2007,6,7.627090454101562
WA008,MERRA2,2007,6,4.702073574066162
WA009,MERRA2,2007,6,4.084794044494629
WA010,MERRA2,2007,6,1.378782868385315
WA011,MERRA2,2007,6,5.191617488861084
WA012,MERRA2,2007,6,8.650485038757324
WA013,MERRA2,2007,6,2.7551674842834477
WA014,MERRA2,2007,6,4.397625923156738
WA015,MERRA2,2007,6,1.196851134300232
WA001,MERRA2,2007,7,1.318543791770935
WA002,MERRA2,2007,7,6.466055870056152
WA003,MERRA2,2007,7,5.357739448547363
WA004,MERRA2,2007,7,5.517087936401367
WA005,MERRA2,2007,7,7.816449642181396
WA006,MERRA2,2007,7,5.7630767822265625
WA007,MERRA2,2007,7,4.820816993713379
WA008,MERRA2,2007,7,13.567526817321776
WA009,MERRA2,2007,7,10.721914291381836
WA010,MERRA2,2007,7,2.2917070388793945
WA011,MERRA2,2007,7,8.480415344238281
WA012,MERRA2,2007,7,7.654815673828125
WA013,MERRA2,2007,7,4.915122985839844
WA014,MERRA2,2007,7,6.121175765991211
WA015,MERRA2,2007,7,5.095834732055664
WA001,MERRA2,2007,8,4.096127986907959
WA002,MERRA2,2007,8,9.237321853637695
WA003,MERRA2,2007,8,9.640265464782717
WA004,MERRA2,2007,8,5.490274906158447
WA005,MERRA2,2007,8,15.411739349365234
WA006,MERRA2,2007,8,3.240419149398804
WA007,MERRA2,2007,8,1.5575517416000366
WA008,MERRA2,2007,8,16.108854293823242
WA009,MERRA2,2007,8,13.234460830688477
WA010,MERRA2,2007,8,4.517254829406738
WA011,MERRA2,2007,8,4.789819240570068
WA012,MERRA2,2007,8,5.17999792098999
WA013,MERRA2,2007,8,9.068517684936523
WA014,MERRA2,2007,8,4.394576549530029
WA015,MERRA2,2007,8,10.278091430664062
WA001,MERRA2,2007,9,3.814951181411743
WA002,MERRA2,2007,9,3.6875078678131104
WA003,MERRA2,2007,9,4.514771938323975
WA004,MERRA2,2007,9,1.4712430238723757
WA005,MERRA2,2007,9,11.217167854309082
WA006,MERRA2,2007,9,7.527492523193359
WA007,MERRA2,2007,9,2.7571065425872803
WA008,MERRA2,2007,9,8.546210289001465
WA009,MERRA2,2007,9,4.603633403778076
WA010,MERRA2,2007,9,0.4969123005867004
WA011,MERRA2,2007,9,9.642955780029297
WA012,MERRA2,2007,9,9.890233993530272
WA013,MERRA2,2007,9,2.948439121246338
WA014,MERRA2,2007,9,6.411812782287598
WA015,MERRA2,2007,9,7.679683685302734
WA001,MERRA2,2007,10,0.9521004557609558
WA002,MERRA2,2007,10,1.0190787315368652
WA003,MERRA2,2007,10,0.2531696856021881
WA004,MERRA2,2007,10,0.0369006432592868
WA005,MERRA2,2007,10,4.643477439880371
WA006,MERRA2,2007,10,4.425027847290039
WA007,MERRA2,2007,10,5.207188129425049
WA008,MERRA2,2007,10,2.05708122253418
WA009,MERRA2,2007,10,1.6048448085784912
WA010,MERRA2,2007,10,1.292227864265442
WA011,MERRA2,2007,10,5.50657320022583
WA012,MERRA2,2007,10,6.893460273742676
WA013,MERRA2,2007,10,0.314426839351654
WA014,MERRA2,2007,10,3.598641872406006
WA015,MERRA2,2007,10,0.8494882583618164
WA001,MERRA2,2007,11,0.2382432520389557
WA002,MERRA2,2007,11,0.0150274271145462
WA003,MERRA2,2007,11,0.0163612253963947
WA004,MERRA2,2007,11,3.51442358805798e-05
WA005,MERRA2,2007,11,0.2665353119373321
WA006,MERRA2,2007,11,1.234368085861206
WA007,MERRA2,2007,11,2.743453025817871
WA008,MERRA2,2007,11,0.18110291659832
WA009,MERRA2,2007,11,0.0251740589737892
WA010,MERRA2,2007,11,2.882653951644897
WA011,MERRA2,2007,11,0.7203922867774963
WA012,MERRA2,2007,11,1.2891790866851809
WA013,MERRA2,2007,11,4.7357683996551714e-08
WA014,MERRA2,2007,11,1.977692723274231
WA015,MERRA2,2007,11,0.1148895472288131
WA001,MERRA2,2007,12,0.2898463010787964
WA002,MERRA2,2007,12,3.4207303542643785e-05
WA003,MERRA2,2007,12,0.0001842901110649109
WA004,MERRA2,2007,12,0.0098089026287198
WA005,MERRA2,2007,12,0.0614162050187587
WA006,MERRA2,2007,12,0.890653669834137
WA007,MERRA2,2007,12,1.5106916427612305
WA008,MERRA2,2007,12,0.0
WA009,MERRA2,2007,12,0.0404615961015224
WA010,MERRA2,2007,12,2.9421756267547607
WA011,MERRA2,2007,12,1.0124742984771729
WA012,MERRA2,2007,12,1.342780351638794
WA013,MERRA2,2007,12,0.00012784681166522205
WA014,MERRA2,2007,12,0.669340193271637
WA015,MERRA2,2007,12,5.3722857273896813e-08
WA001,MERRA2,2008,1,0.7412635087966919
WA002,MERRA2,2008,1,0.0001384759088978171
WA003,MERRA2,2008,1,1.6387939467676915e-06
WA004,MERRA2,2008,1,2.071438416351157e-07
WA005,MERRA2,2008,1,0.0241714809089899
WA006,MERRA2,2008,1,1.7754855155944824
WA007,MERRA2,2008,1,0.7849941253662109
WA008,MERRA2,2008,1,7.896324859757442e-06
WA009,MERRA2,2008,1,0.0004946773406118155
WA010,MERRA2,2008,1,1.3802655935287476
WA011,MERRA2,2008,1,1.1824451684951782
WA012,MERRA2,2008,1,0.7529934048652649
WA013,MERRA2,2008,1,0.0023118164390325
WA014,MERRA2,2008,1,1.4008736610412598
WA015,MERRA2,2008,1,4.339902943684138e-07
WA001,MERRA2,2008,2,0.2519937455654144
WA002,MERRA2,2008,2,2.670041340024909e-06
WA003,MERRA2,2008,2,1.329318592979689e-07
WA004,MERRA2,2008,2,4.3947103733898985e-08
WA005,MERRA2,2008,2,0.0199490562081336
WA006,MERRA2,2008,2,0.2230842411518097
WA007,MERRA2,2008,2,0.7404134273529053
WA008,MERRA2,2008,2,0.0018732397584244
WA009,MERRA2,2008,2,0.0006581523921340704
WA010,MERRA2,2008,2,0.2478728294372558
WA011,MERRA2,2008,2,0.1840952485799789
WA012,MERRA2,2008,2,0.3835512697696686
WA013,MERRA2,2008,2,1.8341365759511064e-08
WA014,MERRA2,2008,2,0.2975533902645111
WA015,MERRA2,2008,2,0.0243749804794788
WA001,MERRA2,2008,3,0.0068436553701758
WA002,MERRA2,2008,3,0.0442999862134456
WA003,MERRA2,2008,3,0.0371139459311962
WA004,MERRA2,2008,3,0.0003953043778892607
WA005,MERRA2,2008,3,0.6746877431869507
WA006,MERRA2,2008,3,2.1276886463165283
WA007,MERRA2,2008,3,4.478403568267822
WA008,MERRA2,2008,3,0.0
WA009,MERRA2,2008,3,0.1072879433631897
WA010,MERRA2,2008,3,6.164889812469482
WA011,MERRA2,2008,3,1.222225308418274
WA012,MERRA2,2008,3,1.4309566020965576
WA013,MERRA2,2008,3,0.0009476367267780006
WA014,MERRA2,2008,3,2.554048538208008
WA015,MERRA2,2008,3,2.226260287230275e-09
WA001,MERRA2,2008,4,0.0071546416729688
WA002,MERRA2,2008,4,0.802847146987915
WA003,MERRA2,2008,4,0.8092830777168274
WA004,MERRA2,2008,4,0.060130663216114
WA005,MERRA2,2008,4,1.652298927307129
WA006,MERRA2,2008,4,2.106457471847534
WA007,MERRA2,2008,4,5.371512413024902
WA008,MERRA2,2008,4,0.0139309726655483
WA009,MERRA2,2008,4,0.0381303541362285
WA010,MERRA2,2008,4,1.191508412361145
WA011,MERRA2,2008,4,1.656328558921814
WA012,MERRA2,2008,4,2.0748090744018555
WA013,MERRA2,2008,4,0.0421424992382526
WA014,MERRA2,2008,4,2.4385910034179688
WA015,MERRA2,2008,4,1.9487165445752908e-06
WA001,MERRA2,2008,5,0.0910370126366615
WA002,MERRA2,2008,5,0.3891400992870331
WA003,MERRA2,2008,5,0.4941957592964172
WA004,MERRA2,2008,5,0.1056908071041107
WA005,MERRA2,2008,5,2.7512519359588623
WA006,MERRA2,2008,5,3.470745801925659
WA007,MERRA2,2008,5,5.199124336242676
WA008,MERRA2,2008,5,1.8838313817977903
WA009,MERRA2,2008,5,3.3946757316589355
WA010,MERRA2,2008,5,3.774858236312866
WA011,MERRA2,2008,5,3.1798458099365234
WA012,MERRA2,2008,5,3.6427483558654794
WA013,MERRA2,2008,5,1.031943440437317
WA014,MERRA2,2008,5,3.884907484054565
WA015,MERRA2,2008,5,0.1202715337276458
WA001,MERRA2,2008,6,0.0810049921274185
WA002,MERRA2,2008,6,4.27464771270752
WA003,MERRA2,2008,6,3.645347833633423
WA004,MERRA2,2008,6,3.0017361640930176
WA005,MERRA2,2008,6,5.211845397949219
WA006,MERRA2,2008,6,6.861259937286377
WA007,MERRA2,2008,6,7.871978759765625
WA008,MERRA2,2008,6,6.244189262390137
WA009,MERRA2,2008,6,5.029792785644531
WA010,MERRA2,2008,6,11.794947624206545
WA011,MERRA2,2008,6,7.6610636711120605
WA012,MERRA2,2008,6,10.08932876586914
WA013,MERRA2,2008,6,1.717196702957153
WA014,MERRA2,2008,6,6.584378719329834
WA015,MERRA2,2008,6,4.243386268615723
WA001,MERRA2,2008,7,3.414224863052368
WA002,MERRA2,2008,7,8.622465133666992
WA003,MERRA2,2008,7,6.233308792114258
WA004,MERRA2,2008,7,2.924679756164551
WA005,MERRA2,2008,7,8.70468521118164
WA006,MERRA2,2008,7,5.1955671310424805
WA007,MERRA2,2008,7,3.324093103408813
WA008,MERRA2,2008,7,12.9616117477417
WA009,MERRA2,2008,7,10.332584381103516
WA010,MERRA2,2008,7,13.356976509094238
WA011,MERRA2,2008,7,8.354458808898926
WA012,MERRA2,2008,7,10.65854835510254
WA013,MERRA2,2008,7,5.66910457611084
WA014,MERRA2,2008,7,4.48551082611084
WA015,MERRA2,2008,7,12.411603927612305
WA001,MERRA2,2008,8,6.019106864929199
WA002,MERRA2,2008,8,8.48326301574707
WA003,MERRA2,2008,8,7.829744815826416
WA004,MERRA2,2008,8,5.554262638092041
WA005,MERRA2,2008,8,14.811508178710938
WA006,MERRA2,2008,8,2.815904140472412
WA007,MERRA2,2008,8,2.05356502532959
WA008,MERRA2,2008,8,24.236724853515625
WA009,MERRA2,2008,8,16.354650497436523
WA010,MERRA2,2008,8,15.652859687805176
WA011,MERRA2,2008,8,3.2682945728302
WA012,MERRA2,2008,8,3.916958093643189
WA013,MERRA2,2008,8,7.044483184814453
WA014,MERRA2,2008,8,4.720743179321289
WA015,MERRA2,2008,8,12.249401092529297
WA001,MERRA2,2008,9,3.881557941436768
WA002,MERRA2,2008,9,5.722121715545654
WA003,MERRA2,2008,9,4.06455135345459
WA004,MERRA2,2008,9,2.199938535690308
WA005,MERRA2,2008,9,8.891159057617188
WA006,MERRA2,2008,9,4.86175012588501
WA007,MERRA2,2008,9,2.954761266708374
WA008,MERRA2,2008,9,14.28268814086914
WA009,MERRA2,2008,9,14.080329895019531
WA010,MERRA2,2008,9,16.27907371520996
WA011,MERRA2,2008,9,6.276920318603516
WA012,MERRA2,2008,9,6.758313655853272
WA013,MERRA2,2008,9,3.74287486076355
WA014,MERRA2,2008,9,5.73431921005249
WA015,MERRA2,2008,9,8.079405784606934
WA001,MERRA2,2008,10,1.480825424194336
WA002,MERRA2,2008,10,1.934467315673828
WA003,MERRA2,2008,10,1.395539164543152
WA004,MERRA2,2008,10,0.4528327584266662
WA005,MERRA2,2008,10,4.262508392333984
WA006,MERRA2,2008,10,3.1489901542663574
WA007,MERRA2,2008,10,3.6026597023010254
WA008,MERRA2,2008,10,7.886934757232666
WA009,MERRA2,2008,10,8.496808052062988
WA010,MERRA2,2008,10,11.279752731323242
WA011,MERRA2,2008,10,3.416938781738281
WA012,MERRA2,2008,10,3.929574489593506
WA013,MERRA2,2008,10,0.5177286863327026
WA014,MERRA2,2008,10,3.637558937072754
WA015,MERRA2,2008,10,2.111658811569214
WA001,MERRA2,2008,11,0.1978549808263778
WA002,MERRA2,2008,11,1.5579494174744468e-06
WA003,MERRA2,2008,11,2.1877749531995505e-05
WA004,MERRA2,2008,11,2.437795103560348e-07
WA005,MERRA2,2008,11,0.0020994637161493
WA006,MERRA2,2008,11,1.3141701221466064
WA007,MERRA2,2008,11,3.400375843048096
WA008,MERRA2,2008,11,0.2018933594226837
WA009,MERRA2,2008,11,0.0023694008123129
WA010,MERRA2,2008,11,0.2589341700077057
WA011,MERRA2,2008,11,0.7278373837471008
WA012,MERRA2,2008,11,0.8814789652824402
WA013,MERRA2,2008,11,1.29476518395677e-07
WA014,MERRA2,2008,11,2.194232702255249
WA015,MERRA2,2008,11,0.0092907790094614
WA001,MERRA2,2008,12,0.1325476169586181
WA002,MERRA2,2008,12,0.0063943453133106
WA003,MERRA2,2008,12,7.3297828748764e-06
WA004,MERRA2,2008,12,5.290939952828921e-07
WA005,MERRA2,2008,12,0.0811616778373718
WA006,MERRA2,2008,12,1.2829993963241575
WA007,MERRA2,2008,12,1.2956812381744385
WA008,MERRA2,2008,12,0.0022370242513716
WA009,MERRA2,2008,12,0.0040909806266427
WA010,MERRA2,2008,12,1.7792901992797852
WA011,MERRA2,2008,12,1.6872293949127195
WA012,MERRA2,2008,12,1.3335144519805908
WA013,MERRA2,2008,12,0.0075922510586678
WA014,MERRA2,2008,12,0.8382747173309326
WA015,MERRA2,2008,12,1.5119518081974093e-07
WA001,MERRA2,2009,1,0.3065500259399414
WA002,MERRA2,2009,1,0.0079224044457077
WA003,MERRA2,2009,1,7.598227966809645e-07
WA004,MERRA2,2009,1,9.669724931882229e-07
WA005,MERRA2,2009,1,0.0491326674818992
WA006,MERRA2,2009,1,0.4658564031124115
WA007,MERRA2,2009,1,0.7374080419540405
WA008,MERRA2,2009,1,0.0
WA009,MERRA2,2009,1,0.001552740111947
WA010,MERRA2,2009,1,0.4261128902435303
WA011,MERRA2,2009,1,0.6524477005004883
WA012,MERRA2,2009,1,0.9054931998252868
WA013,MERRA2,2009,1,4.593262019625399e-06
WA014,MERRA2,2009,1,0.2174234092235565
WA015,MERRA2,2009,1,3.936797838832717e-06
WA001,MERRA2,2009,2,0.1083713993430137
WA002,MERRA2,2009,2,0.0620447732508182
WA003,MERRA2,2009,2,0.0311550423502922
WA004,MERRA2,2009,2,1.9109485947410576e-05
WA005,MERRA2,2009,2,0.0089102853089571
WA006,MERRA2,2009,2,1.3783665895462036
WA007,MERRA2,2009,2,3.787821769714356
WA008,MERRA2,2009,2,0.0797737315297126
WA009,MERRA2,2009,2,0.3198746144771576
WA010,MERRA2,2009,2,0.6429096460342407
WA011,MERRA2,2009,2,1.2121418714523315
WA012,MERRA2,2009,2,1.151916742324829
WA013,MERRA2,2009,2,6.095523730209608e-08
WA014,MERRA2,2009,2,1.5434483289718628
WA015,MERRA2,2009,2,7.79780384618789e-06
WA001,MERRA2,2009,3,0.1312033087015152
WA002,MERRA2,2009,3,0.0928438976407051
WA003,MERRA2,2009,3,0.0609214194118976
WA004,MERRA2,2009,3,0.0026772511191666
WA005,MERRA2,2009,3,0.1248661279678344
WA006,MERRA2,2009,3,3.421334743499756
WA007,MERRA2,2009,3,3.8013203144073486
WA008,MERRA2,2009,3,0.0027376795187592
WA009,MERRA2,2009,3,0.013802932575345
WA010,MERRA2,2009,3,1.4599299430847168
WA011,MERRA2,2009,3,3.3391330242156982
WA012,MERRA2,2009,3,2.7255005836486816
WA013,MERRA2,2009,3,3.232933522667736e-06
WA014,MERRA2,2009,3,3.5279700756073
WA015,MERRA2,2009,3,0.00092438847059384
WA001,MERRA2,2009,4,0.0187591705471277
WA002,MERRA2,2009,4,0.2545906901359558
WA003,MERRA2,2009,4,0.2794956564903259
WA004,MERRA2,2009,4,0.0875858068466186
WA005,MERRA2,2009,4,5.375465393066406
WA006,MERRA2,2009,4,4.932988166809082
WA007,MERRA2,2009,4,4.1792168617248535
WA008,MERRA2,2009,4,0.0
WA009,MERRA2,2009,4,0.0260740537196397
WA010,MERRA2,2009,4,2.089833498001098
WA011,MERRA2,2009,4,5.735136032104492
WA012,MERRA2,2009,4,6.041789531707764
WA013,MERRA2,2009,4,0.2372933030128479
WA014,MERRA2,2009,4,5.032172203063965
WA015,MERRA2,2009,4,5.31094501710072e-10
WA001,MERRA2,2009,5,0.0245400760322809
WA002,MERRA2,2009,5,0.9002384543418884
WA003,MERRA2,2009,5,1.0380911827087402
WA004,MERRA2,2009,5,0.2894180119037628
WA005,MERRA2,2009,5,5.87042760848999
WA006,MERRA2,2009,5,5.002090930938721
WA007,MERRA2,2009,5,7.238827228546143
WA008,MERRA2,2009,5,2.11306381225586
WA009,MERRA2,2009,5,2.6281418800354004
WA010,MERRA2,2009,5,4.921018123626709
WA011,MERRA2,2009,5,4.18634557723999
WA012,MERRA2,2009,5,4.845152854919434
WA013,MERRA2,2009,5,1.040664792060852
WA014,MERRA2,2009,5,4.862975597381592
WA015,MERRA2,2009,5,0.0607512146234512
WA001,MERRA2,2009,6,0.2706941068172455
WA002,MERRA2,2009,6,4.459307670593262
WA003,MERRA2,2009,6,3.98825740814209
WA004,MERRA2,2009,6,2.006917953491211
WA005,MERRA2,2009,6,5.273214340209961
WA006,MERRA2,2009,6,8.052348136901855
WA007,MERRA2,2009,6,12.404428482055664
WA008,MERRA2,2009,6,13.284234046936035
WA009,MERRA2,2009,6,13.851146697998049
WA010,MERRA2,2009,6,18.519649505615234
WA011,MERRA2,2009,6,6.745066165924072
WA012,MERRA2,2009,6,8.751632690429688
WA013,MERRA2,2009,6,1.5807994604110718
WA014,MERRA2,2009,6,7.833167552947998
WA015,MERRA2,2009,6,3.0167572498321533
WA001,MERRA2,2009,7,2.732152223587036
WA002,MERRA2,2009,7,6.181212902069092
WA003,MERRA2,2009,7,4.924028873443604
WA004,MERRA2,2009,7,3.925292015075684
WA005,MERRA2,2009,7,5.613198280334473
WA006,MERRA2,2009,7,6.552375316619873
WA007,MERRA2,2009,7,4.401524066925049
WA008,MERRA2,2009,7,11.62158203125
WA009,MERRA2,2009,7,6.481451988220215
WA010,MERRA2,2009,7,9.22055721282959
WA011,MERRA2,2009,7,6.155879020690918
WA012,MERRA2,2009,7,7.361720561981201
WA013,MERRA2,2009,7,4.247033596038818
WA014,MERRA2,2009,7,6.833581447601318
WA015,MERRA2,2009,7,8.339441299438477
WA001,MERRA2,2009,8,7.891469478607178
WA002,MERRA2,2009,8,7.208912849426269
WA003,MERRA2,2009,8,8.476655006408691
WA004,MERRA2,2009,8,5.2113776206970215
WA005,MERRA2,2009,8,9.691373825073242
WA006,MERRA2,2009,8,1.7073653936386108
WA007,MERRA2,2009,8,1.264551877975464
WA008,MERRA2,2009,8,46.17765045166016
WA009,MERRA2,2009,8,36.84882736206055
WA010,MERRA2,2009,8,27.23021125793457
WA011,MERRA2,2009,8,3.1651599407196045
WA012,MERRA2,2009,8,3.1784937381744385
WA013,MERRA2,2009,8,5.741946220397949
WA014,MERRA2,2009,8,1.8878145217895508
WA015,MERRA2,2009,8,15.278924942016602
WA001,MERRA2,2009,9,5.1367363929748535
WA002,MERRA2,2009,9,9.27454948425293
WA003,MERRA2,2009,9,5.584870338439941
WA004,MERRA2,2009,9,2.0480599403381348
WA005,MERRA2,2009,9,5.283774375915527
WA006,MERRA2,2009,9,2.35408616065979
WA007,MERRA2,2009,9,0.9537498950958252
WA008,MERRA2,2009,9,27.29545021057129
WA009,MERRA2,2009,9,23.581144332885746
WA010,MERRA2,2009,9,15.603065490722656
WA011,MERRA2,2009,9,3.5234413146972656
WA012,MERRA2,2009,9,3.604928731918335
WA013,MERRA2,2009,9,2.115614891052246
WA014,MERRA2,2009,9,2.9325883388519287
WA015,MERRA2,2009,9,9.106574058532717
WA001,MERRA2,2009,10,1.2921816110610962
WA002,MERRA2,2009,10,2.188112497329712
WA003,MERRA2,2009,10,1.5904057025909424
WA004,MERRA2,2009,10,0.7438180446624756
WA005,MERRA2,2009,10,3.5171902179718018
WA006,MERRA2,2009,10,3.6434326171875
WA007,MERRA2,2009,10,2.2214627265930176
WA008,MERRA2,2009,10,5.82124662399292
WA009,MERRA2,2009,10,3.891190767288208
WA010,MERRA2,2009,10,3.7887542247772217
WA011,MERRA2,2009,10,4.278573036193848
WA012,MERRA2,2009,10,6.47958517074585
WA013,MERRA2,2009,10,0.5394644737243652
WA014,MERRA2,2009,10,5.060279846191406
WA015,MERRA2,2009,10,1.168311595916748
WA001,MERRA2,2009,11,1.1494735479354858
WA002,MERRA2,2009,11,0.1775669008493423
WA003,MERRA2,2009,11,0.013299711048603
WA004,MERRA2,2009,11,0.0037934991996735
WA005,MERRA2,2009,11,0.5022077560424805
WA006,MERRA2,2009,11,1.5201070308685305
WA007,MERRA2,2009,11,4.155678749084473
WA008,MERRA2,2009,11,1.4356234073638916
WA009,MERRA2,2009,11,1.1037095785140991
WA010,MERRA2,2009,11,4.534378528594971
WA011,MERRA2,2009,11,0.9351776838302612
WA012,MERRA2,2009,11,1.7499055862426758
WA013,MERRA2,2009,11,0.0038184055592864
WA014,MERRA2,2009,11,2.89579176902771
WA015,MERRA2,2009,11,0.2375341653823852
WA001,MERRA2,2009,12,1.823477268218994
WA002,MERRA2,2009,12,0.00014269269013311714
WA003,MERRA2,2009,12,6.574721192009747e-05
WA004,MERRA2,2009,12,6.003465841786237e-06
WA005,MERRA2,2009,12,1.1973556865996215e-05
WA006,MERRA2,2009,12,0.2501014471054077
WA007,MERRA2,2009,12,1.5418825149536133
WA008,MERRA2,2009,12,0.0247107408940792
WA009,MERRA2,2009,12,0.3120821714401245
WA010,MERRA2,2009,12,1.4824126958847046
WA011,MERRA2,2009,12,0.106123462319374
WA012,MERRA2,2009,12,0.0540403090417385
WA013,MERRA2,2009,12,4.2392471755192673e-07
WA014,MERRA2,2009,12,0.4814144670963287
WA015,MERRA2,2009,12,0.0014799087075516
WA001,MERRA2,2010,1,0.3775859773159027
WA002,MERRA2,2010,1,0.0004077110206708312
WA003,MERRA2,2010,1,1.2299128115955682e-07
WA004,MERRA2,2010,1,4.3004843064409215e-06
WA005,MERRA2,2010,1,0.0776306837797164
WA006,MERRA2,2010,1,0.5774807333946228
WA007,MERRA2,2010,1,0.7956816554069519
WA008,MERRA2,2010,1,0.0
WA009,MERRA2,2010,1,0.00035422915243543684
WA010,MERRA2,2010,1,0.6167687773704529
WA011,MERRA2,2010,1,0.3692077696323395
WA012,MERRA2,2010,1,0.4921407401561737
WA013,MERRA2,2010,1,4.14537140613902e-07
WA014,MERRA2,2010,1,0.8985422253608704
WA015,MERRA2,2010,1,5.455612139826371e-08
WA001,MERRA2,2010,2,0.1778133809566497
WA002,MERRA2,2010,2,0.0041714250110089
WA003,MERRA2,2010,2,0.0302018579095602
WA004,MERRA2,2010,2,0.00021351035684347155
WA005,MERRA2,2010,2,0.1568785458803177
WA006,MERRA2,2010,2,1.1257044076919556
WA007,MERRA2,2010,2,2.5138421058654785
WA008,MERRA2,2010,2,0.0
WA009,MERRA2,2010,2,0.027452565729618
WA010,MERRA2,2010,2,1.6751413345336914
WA011,MERRA2,2010,2,1.0052812099456787
WA012,MERRA2,2010,2,1.228785514831543
WA013,MERRA2,2010,2,6.753771231160499e-08
WA014,MERRA2,2010,2,1.0972950458526611
WA015,MERRA2,2010,2,8.196197143206518e-08
WA001,MERRA2,2010,3,0.0241467952728271
WA002,MERRA2,2010,3,0.0107471421360969
WA003,MERRA2,2010,3,0.0014635827392339
WA004,MERRA2,2010,3,0.0008900797693058848
WA005,MERRA2,2010,3,0.1941457986831665
WA006,MERRA2,2010,3,3.1004035472869877
WA007,MERRA2,2010,3,4.386529922485352
WA008,MERRA2,2010,3,0.0190137457102537
WA009,MERRA2,2010,3,0.064084768295288
WA010,MERRA2,2010,3,1.8561986684799197
WA011,MERRA2,2010,3,3.670292615890503
WA012,MERRA2,2010,3,3.3688292503356934
WA013,MERRA2,2010,3,3.278073990031771e-08
WA014,MERRA2,2010,3,2.2583975791931152
WA015,MERRA2,2010,3,1.112794838914466e-11
WA001,MERRA2,2010,4,0.1308729946613311
WA002,MERRA2,2010,4,0.3743192255496979
WA003,MERRA2,2010,4,0.8387035727500916
WA004,MERRA2,2010,4,0.0844534784555435
WA005,MERRA2,2010,4,1.861141800880432
WA006,MERRA2,2010,4,3.593793630599976
WA007,MERRA2,2010,4,4.821140289306641
WA008,MERRA2,2010,4,2.924134969711304
WA009,MERRA2,2010,4,3.5522310733795166
WA010,MERRA2,2010,4,5.118317127227783
WA011,MERRA2,2010,4,2.975281953811645
WA012,MERRA2,2010,4,3.4129788875579834
WA013,MERRA2,2010,4,0.1029164344072341
WA014,MERRA2,2010,4,3.529989719390869
WA015,MERRA2,2010,4,3.2918419492489197e-06
WA001,MERRA2,2010,5,0.0861313641071319
WA002,MERRA2,2010,5,3.248100519180298
WA003,MERRA2,2010,5,1.897771954536438
WA004,MERRA2,2010,5,0.5813724398612976
WA005,MERRA2,2010,5,5.82126522064209
WA006,MERRA2,2010,5,5.352848052978516
WA007,MERRA2,2010,5,6.336260318756104
WA008,MERRA2,2010,5,0.7186632752418518
WA009,MERRA2,2010,5,0.1155071556568145
WA010,MERRA2,2010,5,6.799037456512451
WA011,MERRA2,2010,5,5.215505123138428
WA012,MERRA2,2010,5,6.254480838775635
WA013,MERRA2,2010,5,0.7650381326675415
WA014,MERRA2,2010,5,4.0752034187316895
WA015,MERRA2,2010,5,0.0576565377414226
WA001,MERRA2,2010,6,1.2135907411575315
WA002,MERRA2,2010,6,4.83614444732666
WA003,MERRA2,2010,6,4.049716472625732
WA004,MERRA2,2010,6,3.327495574951172
WA005,MERRA2,2010,6,5.078686714172363
WA006,MERRA2,2010,6,7.182392120361328
WA007,MERRA2,2010,6,9.293457984924316
WA008,MERRA2,2010,6,5.363327026367188
WA009,MERRA2,2010,6,3.537105083465576
WA010,MERRA2,2010,6,3.429905891418457
WA011,MERRA2,2010,6,6.298585891723633
WA012,MERRA2,2010,6,8.054616928100586
WA013,MERRA2,2010,6,3.961269855499268
WA014,MERRA2,2010,6,7.7452392578125
WA015,MERRA2,2010,6,4.301353454589844
WA001,MERRA2,2010,7,2.4697859287261963
WA002,MERRA2,2010,7,5.797414779663086
WA003,MERRA2,2010,7,6.041815757751465
WA004,MERRA2,2010,7,4.298850059509277
WA005,MERRA2,2010,7,9.902514457702637
WA006,MERRA2,2010,7,2.924280405044556
WA007,MERRA2,2010,7,4.309941291809082
WA008,MERRA2,2010,7,26.93498420715332
WA009,MERRA2,2010,7,24.06254768371582
WA010,MERRA2,2010,7,19.3536434173584
WA011,MERRA2,2010,7,3.8415703773498535
WA012,MERRA2,2010,7,4.726014137268066
WA013,MERRA2,2010,7,4.956225872039795
WA014,MERRA2,2010,7,3.279334306716919
WA015,MERRA2,2010,7,6.053012371063232
WA001,MERRA2,2010,8,5.604495048522949
WA002,MERRA2,2010,8,10.250432014465332
WA003,MERRA2,2010,8,9.18502140045166
WA004,MERRA2,2010,8,4.639123439788818
WA005,MERRA2,2010,8,10.595909118652344
WA006,MERRA2,2010,8,3.046794891357422
WA007,MERRA2,2010,8,2.3170456886291504
WA008,MERRA2,2010,8,19.97007751464844
WA009,MERRA2,2010,8,16.421955108642578
WA010,MERRA2,2010,8,14.928091049194336
WA011,MERRA2,2010,8,3.663558006286621
WA012,MERRA2,2010,8,5.774252414703369
WA013,MERRA2,2010,8,5.755834579467773
WA014,MERRA2,2010,8,3.658653736114502
WA015,MERRA2,2010,8,6.674986362457275
WA001,MERRA2,2010,9,7.582019805908203
WA002,MERRA2,2010,9,8.584967613220215
WA003,MERRA2,2010,9,6.477512836456299
WA004,MERRA2,2010,9,2.6665329933166504
WA005,MERRA2,2010,9,7.706840515136719
WA006,MERRA2,2010,9,6.56557035446167
WA007,MERRA2,2010,9,3.9620227813720703
WA008,MERRA2,2010,9,13.891128540039062
WA009,MERRA2,2010,9,10.184581756591797
WA010,MERRA2,2010,9,8.982398986816406
WA011,MERRA2,2010,9,8.110635757446289
WA012,MERRA2,2010,9,11.854719161987305
WA013,MERRA2,2010,9,5.968363761901856
WA014,MERRA2,2010,9,5.220358848571777
WA015,MERRA2,2010,9,10.081513404846191
WA001,MERRA2,2010,10,1.677861571311951
WA002,MERRA2,2010,10,1.8997091054916384
WA003,MERRA2,2010,10,2.889192819595337
WA004,MERRA2,2010,10,1.0154682397842407
WA005,MERRA2,2010,10,4.412569522857666
WA006,MERRA2,2010,10,7.281231880187988
WA007,MERRA2,2010,10,7.061861515045166
WA008,MERRA2,2010,10,5.713781356811523
WA009,MERRA2,2010,10,3.4609925746917725
WA010,MERRA2,2010,10,9.323524475097656
WA011,MERRA2,2010,10,7.114321231842041
WA012,MERRA2,2010,10,7.519164085388184
WA013,MERRA2,2010,10,1.411866545677185
WA014,MERRA2,2010,10,7.179736614227295
WA015,MERRA2,2010,10,1.779940843582153
WA001,MERRA2,2010,11,0.0815806686878204
WA002,MERRA2,2010,11,0.0368760265409946
WA003,MERRA2,2010,11,0.0105001488700509
WA004,MERRA2,2010,11,3.5136410588165745e-05
WA005,MERRA2,2010,11,0.8051139116287231
WA006,MERRA2,2010,11,3.0990614891052246
WA007,MERRA2,2010,11,2.9003679752349854
WA008,MERRA2,2010,11,1.252580165863037
WA009,MERRA2,2010,11,0.0383646413683891
WA010,MERRA2,2010,11,2.495388984680176
WA011,MERRA2,2010,11,2.1461181640625
WA012,MERRA2,2010,11,3.1397173404693604
WA013,MERRA2,2010,11,0.0062687946483492
WA014,MERRA2,2010,11,3.2656867504119877
WA015,MERRA2,2010,11,0.0407102555036544
WA001,MERRA2,2010,12,0.2878687083721161
WA002,MERRA2,2010,12,2.5075300072785467e-05
WA003,MERRA2,2010,12,1.0002368355799265e-07
WA004,MERRA2,2010,12,1.02966275505878e-07
WA005,MERRA2,2010,12,0.0473043359816074
WA006,MERRA2,2010,12,0.6859402060508728
WA007,MERRA2,2010,12,1.6857188940048218
WA008,MERRA2,2010,12,0.0
WA009,MERRA2,2010,12,0.051969401538372
WA010,MERRA2,2010,12,4.2002854347229
WA011,MERRA2,2010,12,0.4171205461025238
WA012,MERRA2,2010,12,1.566906452178955
WA013,MERRA2,2010,12,4.095053100172663e-06
WA014,MERRA2,2010,12,1.0443861484527588
WA015,MERRA2,2010,12,8.252901140259893e-10
WA001,MERRA2,2011,1,0.4204889833927154
WA002,MERRA2,2011,1,4.831522801396204e-06
WA003,MERRA2,2011,1,0.001020484836772
WA004,MERRA2,2011,1,2.60835986409802e-06
WA005,MERRA2,2011,1,0.0012395530939102
WA006,MERRA2,2011,1,0.1928251087665558
WA007,MERRA2,2011,1,0.9618000984191896
WA008,MERRA2,2011,1,2.741099258685153e-08
WA009,MERRA2,2011,1,0.0006052444805391133
WA010,MERRA2,2011,1,0.1944475769996643
WA011,MERRA2,2011,1,0.0125197116285562
WA012,MERRA2,2011,1,0.0340213142335414
WA013,MERRA2,2011,1,6.859992396357485e-08
WA014,MERRA2,2011,1,0.3808407485485077
WA015,MERRA2,2011,1,2.372147811513514e-09
WA001,MERRA2,2011,2,0.1258582770824432
WA002,MERRA2,2011,2,0.0009473948739469052
WA003,MERRA2,2011,2,0.0180515442043542
WA004,MERRA2,2011,2,0.0056388699449598
WA005,MERRA2,2011,2,0.2712373435497284
WA006,MERRA2,2011,2,3.09617280960083
WA007,MERRA2,2011,2,5.121109485626221
WA008,MERRA2,2011,2,1.3146476703695951e-05
WA009,MERRA2,2011,2,0.0173109266906976
WA010,MERRA2,2011,2,2.396940231323242
WA011,MERRA2,2011,2,3.0490310192108154
WA012,MERRA2,2011,2,3.2290706634521484
WA013,MERRA2,2011,2,0.0012215543538331
WA014,MERRA2,2011,2,2.8804492950439453
WA015,MERRA2,2011,2,6.054507650787856e-08
WA001,MERRA2,2011,3,0.0124904196709394
WA002,MERRA2,2011,3,0.0255889110267162
WA003,MERRA2,2011,3,0.0768535062670707
WA004,MERRA2,2011,3,0.0013891228009015
WA005,MERRA2,2011,3,0.1088970527052879
WA006,MERRA2,2011,3,2.276394844055176
WA007,MERRA2,2011,3,4.57030200958252
WA008,MERRA2,2011,3,0.0308980196714401
WA009,MERRA2,2011,3,0.051483929157257
WA010,MERRA2,2011,3,1.537438154220581
WA011,MERRA2,2011,3,0.7377243638038635
WA012,MERRA2,2011,3,1.0529872179031372
WA013,MERRA2,2011,3,5.757969120168127e-06
WA014,MERRA2,2011,3,3.882218837738037
WA015,MERRA2,2011,3,1.3055045933185738e-10
WA001,MERRA2,2011,4,0.0479159355163574
WA002,MERRA2,2011,4,0.3710997700691223
WA003,MERRA2,2011,4,0.3123895823955536
WA004,MERRA2,2011,4,0.0460356287658214
WA005,MERRA2,2011,4,0.9602693915367126
WA006,MERRA2,2011,4,5.233502864837647
WA007,MERRA2,2011,4,4.656966686248779
WA008,MERRA2,2011,4,0.0
WA009,MERRA2,2011,4,0.0283360481262207
WA010,MERRA2,2011,4,1.6468113660812378
WA011,MERRA2,2011,4,4.333374977111816
WA012,MERRA2,2011,4,3.625929117202759
WA013,MERRA2,2011,4,0.0586123540997505
WA014,MERRA2,2011,4,5.264883041381836
WA015,MERRA2,2011,4,1.3603884326585105e-05
WA001,MERRA2,2011,5,0.0337809138000011
WA002,MERRA2,2011,5,2.049872636795044
WA003,MERRA2,2011,5,1.7347278594970703
WA004,MERRA2,2011,5,0.2658999562263489
WA005,MERRA2,2011,5,5.344691753387451
WA006,MERRA2,2011,5,3.965842485427856
WA007,MERRA2,2011,5,5.409715175628662
WA008,MERRA2,2011,5,1.843262314796448
WA009,MERRA2,2011,5,2.3762385845184326
WA010,MERRA2,2011,5,4.46498966217041
WA011,MERRA2,2011,5,3.7761518955230713
WA012,MERRA2,2011,5,5.3420729637146
WA013,MERRA2,2011,5,0.7585870623588562
WA014,MERRA2,2011,5,3.630397081375122
WA015,MERRA2,2011,5,0.0095427231863141
WA001,MERRA2,2011,6,0.4728733897209167
WA002,MERRA2,2011,6,3.1195228099823
WA003,MERRA2,2011,6,3.447248935699463
WA004,MERRA2,2011,6,1.4747942686080933
WA005,MERRA2,2011,6,5.00658130645752
WA006,MERRA2,2011,6,5.631858825683594
WA007,MERRA2,2011,6,8.859163284301758
WA008,MERRA2,2011,6,5.3550519943237305
WA009,MERRA2,2011,6,3.510265588760376
WA010,MERRA2,2011,6,1.962506890296936
WA011,MERRA2,2011,6,5.733390808105469
WA012,MERRA2,2011,6,6.165596008300781
WA013,MERRA2,2011,6,1.791926026344299
WA014,MERRA2,2011,6,5.663320064544678
WA015,MERRA2,2011,6,1.4125776290893557
WA001,MERRA2,2011,7,1.5366102457046509
WA002,MERRA2,2011,7,7.494394302368164
WA003,MERRA2,2011,7,6.320990562438965
WA004,MERRA2,2011,7,3.0877504348754883
WA005,MERRA2,2011,7,6.072221755981445
WA006,MERRA2,2011,7,6.250987529754639
WA007,MERRA2,2011,7,3.063676357269287
WA008,MERRA2,2011,7,8.974143028259277
WA009,MERRA2,2011,7,4.00927209854126
WA010,MERRA2,2011,7,1.7388482093811035
WA011,MERRA2,2011,7,7.039172172546387
WA012,MERRA2,2011,7,7.586759567260742
WA013,MERRA2,2011,7,2.741922378540039
WA014,MERRA2,2011,7,8.59417724609375
WA015,MERRA2,2011,7,3.543190717697144
WA001,MERRA2,2011,8,7.505593776702881
WA002,MERRA2,2011,8,9.476324081420898
WA003,MERRA2,2011,8,8.465876579284668
WA004,MERRA2,2011,8,4.363447189331055
WA005,MERRA2,2011,8,8.76778793334961
WA006,MERRA2,2011,8,2.108654499053955
WA007,MERRA2,2011,8,1.1299419403076172
WA008,MERRA2,2011,8,11.744598388671877
WA009,MERRA2,2011,8,6.229193687438965
WA010,MERRA2,2011,8,6.829445838928223
WA011,MERRA2,2011,8,3.3871002197265625
WA012,MERRA2,2011,8,3.287905693054199
WA013,MERRA2,2011,8,6.403066635131836
WA014,MERRA2,2011,8,2.625983238220215
WA015,MERRA2,2011,8,9.237584114074709
WA001,MERRA2,2011,9,3.397308826446533
WA002,MERRA2,2011,9,3.369048595428467
WA003,MERRA2,2011,9,4.592214107513428
WA004,MERRA2,2011,9,2.1857497692108154
WA005,MERRA2,2011,9,7.465161323547363
WA006,MERRA2,2011,9,4.602205276489258
WA007,MERRA2,2011,9,4.769890308380127
WA008,MERRA2,2011,9,8.596259117126465
WA009,MERRA2,2011,9,5.357897758483887
WA010,MERRA2,2011,9,7.104722023010254
WA011,MERRA2,2011,9,3.775022268295288
WA012,MERRA2,2011,9,5.078613758087158
WA013,MERRA2,2011,9,3.663015365600586
WA014,MERRA2,2011,9,6.154414176940918
WA015,MERRA2,2011,9,4.547659873962402
WA001,MERRA2,2011,10,0.874729573726654
WA002,MERRA2,2011,10,0.6912795901298523
WA003,MERRA2,2011,10,0.8872646689414978
WA004,MERRA2,2011,10,0.4690697193145752
WA005,MERRA2,2011,10,3.971344947814941
WA006,MERRA2,2011,10,6.977230072021484
WA007,MERRA2,2011,10,7.273609161376953
WA008,MERRA2,2011,10,2.9894590377807617
WA009,MERRA2,2011,10,1.7140220403671265
WA010,MERRA2,2011,10,3.4891302585601807
WA011,MERRA2,2011,10,7.138517379760742
WA012,MERRA2,2011,10,7.984488010406494
WA013,MERRA2,2011,10,1.0550931692123413
WA014,MERRA2,2011,10,5.760221004486084
WA015,MERRA2,2011,10,1.3182064294815063
WA001,MERRA2,2011,11,0.2890525758266449
WA002,MERRA2,2011,11,0.0010079969651997
WA003,MERRA2,2011,11,3.669425132102333e-05
WA004,MERRA2,2011,11,1.5114899269974558e-06
WA005,MERRA2,2011,11,0.066316433250904
WA006,MERRA2,2011,11,1.1846803426742554
WA007,MERRA2,2011,11,2.687610626220703
WA008,MERRA2,2011,11,0.1609045416116714
WA009,MERRA2,2011,11,0.1390306502580642
WA010,MERRA2,2011,11,2.6902029514312744
WA011,MERRA2,2011,11,0.9452410936355592
WA012,MERRA2,2011,11,2.35754132270813
WA013,MERRA2,2011,11,1.1359838225644125e-07
WA014,MERRA2,2011,11,1.5062295198440552
WA015,MERRA2,2011,11,0.0080592213198542
WA001,MERRA2,2011,12,0.5751157402992249
WA002,MERRA2,2011,12,1.319754801443196e-06
WA003,MERRA2,2011,12,6.599142921004386e-08
WA004,MERRA2,2011,12,1.272385308226376e-08
WA005,MERRA2,2011,12,0.00017423523240722716
WA006,MERRA2,2011,12,0.1206852942705154
WA007,MERRA2,2011,12,1.501200795173645
WA008,MERRA2,2011,12,2.7228059806816415e-08
WA009,MERRA2,2011,12,0.0048327455297112
WA010,MERRA2,2011,12,1.724639058113098
WA011,MERRA2,2011,12,0.0016284338198602
WA012,MERRA2,2011,12,0.025382874533534
WA013,MERRA2,2011,12,1.1340442540586083e-07
WA014,MERRA2,2011,12,0.2815278768539428
WA015,MERRA2,2011,12,1.1813466471721767e-06
WA001,MERRA2,2012,1,0.4894216358661651
WA002,MERRA2,2012,1,6.726476840412943e-06
WA003,MERRA2,2012,1,9.112149257362034e-08
WA004,MERRA2,2012,1,0.001829728600569
WA005,MERRA2,2012,1,0.0021119734738022
WA006,MERRA2,2012,1,0.4626362323760986
WA007,MERRA2,2012,1,0.3631991446018219
WA008,MERRA2,2012,1,3.194581040588673e-06
WA009,MERRA2,2012,1,0.00020545843290165067
WA010,MERRA2,2012,1,0.0316781550645828
WA011,MERRA2,2012,1,0.2714666128158569
WA012,MERRA2,2012,1,0.4009032547473907
WA013,MERRA2,2012,1,2.805458620969148e-07
WA014,MERRA2,2012,1,0.3590072691440582
WA015,MERRA2,2012,1,8.87289297679672e-06
WA001,MERRA2,2012,2,0.8979414701461792
WA002,MERRA2,2012,2,0.0020419710781425
WA003,MERRA2,2012,2,0.1686198562383651
WA004,MERRA2,2012,2,0.1385862976312637
WA005,MERRA2,2012,2,0.120111308991909
WA006,MERRA2,2012,2,2.025366306304932
WA007,MERRA2,2012,2,1.7466717958450315
WA008,MERRA2,2012,2,0.0004773658292833716
WA009,MERRA2,2012,2,0.014811866916716
WA010,MERRA2,2012,2,0.926612913608551
WA011,MERRA2,2012,2,2.082145929336548
WA012,MERRA2,2012,2,2.119410991668701
WA013,MERRA2,2012,2,1.991236331377877e-07
WA014,MERRA2,2012,2,2.6150567531585693
WA015,MERRA2,2012,2,2.8418389774742536e-06
WA001,MERRA2,2012,3,0.1864287257194519
WA002,MERRA2,2012,3,0.0148524679243564
WA003,MERRA2,2012,3,0.020395403727889
WA004,MERRA2,2012,3,1.844521648308728e-05
WA005,MERRA2,2012,3,0.0138877956196665
WA006,MERRA2,2012,3,1.4826972484588623
WA007,MERRA2,2012,3,2.203707218170166
WA008,MERRA2,2012,3,0.3297509849071502
WA009,MERRA2,2012,3,0.0706801488995552
WA010,MERRA2,2012,3,0.2902881503105163
WA011,MERRA2,2012,3,1.3820558786392212
WA012,MERRA2,2012,3,1.8144198656082156
WA013,MERRA2,2012,3,2.19786488742102e-06
WA014,MERRA2,2012,3,2.1564598083496094
WA015,MERRA2,2012,3,0.2394018024206161
WA001,MERRA2,2012,4,0.276928573846817
WA002,MERRA2,2012,4,0.3081296980381012
WA003,MERRA2,2012,4,0.8639410734176636
WA004,MERRA2,2012,4,0.0698224678635597
WA005,MERRA2,2012,4,2.2364206314086914
WA006,MERRA2,2012,4,3.5541915893554688
WA007,MERRA2,2012,4,4.388069152832031
WA008,MERRA2,2012,4,1.044628024101257
WA009,MERRA2,2012,4,1.5208953619003296
WA010,MERRA2,2012,4,1.1525284051895142
WA011,MERRA2,2012,4,4.168967723846436
WA012,MERRA2,2012,4,6.112719535827637
WA013,MERRA2,2012,4,0.1353377550840377
WA014,MERRA2,2012,4,2.873922109603882
WA015,MERRA2,2012,4,0.0050915060564875
WA001,MERRA2,2012,5,0.1635082960128784
WA002,MERRA2,2012,5,1.101324200630188
WA003,MERRA2,2012,5,2.001070022583008
WA004,MERRA2,2012,5,0.5142378211021423
WA005,MERRA2,2012,5,6.399736404418945
WA006,MERRA2,2012,5,6.176016807556152
WA007,MERRA2,2012,5,7.347306251525879
WA008,MERRA2,2012,5,2.1819281578063965
WA009,MERRA2,2012,5,2.4736831188201904
WA010,MERRA2,2012,5,4.745038032531738
WA011,MERRA2,2012,5,5.226652145385742
WA012,MERRA2,2012,5,6.505130290985107
WA013,MERRA2,2012,5,2.951441526412964
WA014,MERRA2,2012,5,6.467249393463135
WA015,MERRA2,2012,5,0.2726178467273712
WA001,MERRA2,2012,6,0.3307524025440216
WA002,MERRA2,2012,6,4.87695837020874
WA003,MERRA2,2012,6,3.559150695800781
WA004,MERRA2,2012,6,2.2127814292907715
WA005,MERRA2,2012,6,6.654190540313721
WA006,MERRA2,2012,6,7.668884754180908
WA007,MERRA2,2012,6,9.537485122680664
WA008,MERRA2,2012,6,14.179183959960938
WA009,MERRA2,2012,6,13.914012908935549
WA010,MERRA2,2012,6,10.757978439331056
WA011,MERRA2,2012,6,7.052815914154053
WA012,MERRA2,2012,6,8.508185386657715
WA013,MERRA2,2012,6,4.847482681274414
WA014,MERRA2,2012,6,8.842577934265137
WA015,MERRA2,2012,6,1.970913290977478
WA001,MERRA2,2012,7,1.265762448310852
WA002,MERRA2,2012,7,7.891254425048828
WA003,MERRA2,2012,7,8.019206047058105
WA004,MERRA2,2012,7,4.344924449920654
WA005,MERRA2,2012,7,9.997963905334473
WA006,MERRA2,2012,7,2.440473318099976
WA007,MERRA2,2012,7,1.629175066947937
WA008,MERRA2,2012,7,40.19844436645508
WA009,MERRA2,2012,7,33.51909255981445
WA010,MERRA2,2012,7,11.560587882995604
WA011,MERRA2,2012,7,3.5533039569854736
WA012,MERRA2,2012,7,4.135773658752441
WA013,MERRA2,2012,7,6.46220588684082
WA014,MERRA2,2012,7,4.0667595863342285
WA015,MERRA2,2012,7,6.346877098083496
WA001,MERRA2,2012,8,4.043703556060791
WA002,MERRA2,2012,8,10.73545742034912
WA003,MERRA2,2012,8,10.04433250427246
WA004,MERRA2,2012,8,6.055100917816162
WA005,MERRA2,2012,8,11.41097640991211
WA006,MERRA2,2012,8,1.2436082363128662
WA007,MERRA2,2012,8,0.6885613203048706
WA008,MERRA2,2012,8,35.28387451171875
WA009,MERRA2,2012,8,29.285364151000977
WA010,MERRA2,2012,8,12.423232078552246
WA011,MERRA2,2012,8,2.0882363319396973
WA012,MERRA2,2012,8,2.00483512878418
WA013,MERRA2,2012,8,9.054181098937988
WA014,MERRA2,2012,8,1.7769758701324463
WA015,MERRA2,2012,8,9.01815414428711
WA001,MERRA2,2012,9,4.211925506591797
WA002,MERRA2,2012,9,6.0997395515441895
WA003,MERRA2,2012,9,6.926182270050049
WA004,MERRA2,2012,9,3.090721368789673
WA005,MERRA2,2012,9,10.306599617004396
WA006,MERRA2,2012,9,3.904705762863159
WA007,MERRA2,2012,9,2.4104673862457275
WA008,MERRA2,2012,9,15.048407554626465
WA009,MERRA2,2012,9,12.888495445251465
WA010,MERRA2,2012,9,11.19468593597412
WA011,MERRA2,2012,9,4.762950420379639
WA012,MERRA2,2012,9,6.942177772521973
WA013,MERRA2,2012,9,4.38618278503418
WA014,MERRA2,2012,9,5.354138374328613
WA015,MERRA2,2012,9,8.991111755371094
WA001,MERRA2,2012,10,1.4570366144180298
WA002,MERRA2,2012,10,1.3456926345825195
WA003,MERRA2,2012,10,1.8857533931732176
WA004,MERRA2,2012,10,0.5160727500915527
WA005,MERRA2,2012,10,6.740638732910156
WA006,MERRA2,2012,10,6.643193244934082
WA007,MERRA2,2012,10,7.020346641540527
WA008,MERRA2,2012,10,6.376147747039795
WA009,MERRA2,2012,10,6.221584796905518
WA010,MERRA2,2012,10,10.324132919311523
WA011,MERRA2,2012,10,4.7354416847229
WA012,MERRA2,2012,10,6.927616119384766
WA013,MERRA2,2012,10,0.9970478415489196
WA014,MERRA2,2012,10,8.93596363067627
WA015,MERRA2,2012,10,1.275301218032837
WA001,MERRA2,2012,11,0.500849723815918
WA002,MERRA2,2012,11,0.1040776595473289
WA003,MERRA2,2012,11,0.1493704169988632
WA004,MERRA2,2012,11,0.0039520813152194
WA005,MERRA2,2012,11,0.3689902722835541
WA006,MERRA2,2012,11,1.8652660846710205
WA007,MERRA2,2012,11,4.218166351318359
WA008,MERRA2,2012,11,2.899136781692505
WA009,MERRA2,2012,11,3.35278582572937
WA010,MERRA2,2012,11,4.144425868988037
WA011,MERRA2,2012,11,1.131357192993164
WA012,MERRA2,2012,11,3.1976518630981445
WA013,MERRA2,2012,11,2.0801112441404257e-06
WA014,MERRA2,2012,11,2.384756565093994
WA015,MERRA2,2012,11,0.0708586871623992
WA001,MERRA2,2012,12,0.591621994972229
WA002,MERRA2,2012,12,0.0015157026937231
WA003,MERRA2,2012,12,0.0069564781151711
WA004,MERRA2,2012,12,7.098523724380358e-08
WA005,MERRA2,2012,12,0.0072350134141743
WA006,MERRA2,2012,12,0.8613277077674866
WA007,MERRA2,2012,12,3.033200263977051
WA008,MERRA2,2012,12,1.4817132978350855e-06
WA009,MERRA2,2012,12,0.0353350490331649
WA010,MERRA2,2012,12,1.5997854471206665
WA011,MERRA2,2012,12,1.12164044380188
WA012,MERRA2,2012,12,1.7129634618759155
WA013,MERRA2,2012,12,1.911283789013396e-07
WA014,MERRA2,2012,12,0.6857206225395203
WA015,MERRA2,2012,12,6.917159680597251e-07
WA001,MERRA2,2013,1,0.7019618153572083
WA002,MERRA2,2013,1,0.0230640061199665
WA003,MERRA2,2013,1,2.5630292839196045e-06
WA004,MERRA2,2013,1,0.006350606214255
WA005,MERRA2,2013,1,0.6181517839431763
WA006,MERRA2,2013,1,0.6126776933670044
WA007,MERRA2,2013,1,0.2526297569274902
WA008,MERRA2,2013,1,0.0019406938226893
WA009,MERRA2,2013,1,7.443564390996471e-05
WA010,MERRA2,2013,1,0.4697003364562988
WA011,MERRA2,2013,1,0.5970478057861328
WA012,MERRA2,2013,1,1.9474972486495967
WA013,MERRA2,2013,1,0.00043998906039632857
WA014,MERRA2,2013,1,0.5567027926445007
WA015,MERRA2,2013,1,0.0224623288959264
WA001,MERRA2,2013,2,0.1947213858366012
WA002,MERRA2,2013,2,0.0001968562719412148
WA003,MERRA2,2013,2,0.1737991124391555
WA004,MERRA2,2013,2,2.161063719086087e-07
WA005,MERRA2,2013,2,0.4682082831859588
WA006,MERRA2,2013,2,1.1583796739578247
WA007,MERRA2,2013,2,1.938892245292664
WA008,MERRA2,2013,2,2.520486077628448e-07
WA009,MERRA2,2013,2,0.005548037122935
WA010,MERRA2,2013,2,1.008844017982483
WA011,MERRA2,2013,2,0.3645577132701874
WA012,MERRA2,2013,2,1.2303739786148071
WA013,MERRA2,2013,2,3.595249609134044e-07
WA014,MERRA2,2013,2,2.5196495056152344
WA015,MERRA2,2013,2,2.746431846389896e-07
WA001,MERRA2,2013,3,0.271228939294815
WA002,MERRA2,2013,3,0.0063049844466149
WA003,MERRA2,2013,3,0.3214655816555023
WA004,MERRA2,2013,3,0.0204839501529932
WA005,MERRA2,2013,3,0.8570275902748108
WA006,MERRA2,2013,3,3.4130160808563232
WA007,MERRA2,2013,3,3.887779474258423
WA008,MERRA2,2013,3,6.652438969467767e-06
WA009,MERRA2,2013,3,0.0541864447295665
WA010,MERRA2,2013,3,1.4031203985214231
WA011,MERRA2,2013,3,3.657810926437378
WA012,MERRA2,2013,3,3.9680469036102295
WA013,MERRA2,2013,3,0.0106412721797823
WA014,MERRA2,2013,3,3.0820441246032715
WA015,MERRA2,2013,3,9.865744488024577e-08
WA001,MERRA2,2013,4,0.0246711913496255
WA002,MERRA2,2013,4,0.2160341590642929
WA003,MERRA2,2013,4,1.9554896354675293
WA004,MERRA2,2013,4,1.0507892370224
WA005,MERRA2,2013,4,1.726224422454834
WA006,MERRA2,2013,4,3.620969295501709
WA007,MERRA2,2013,4,5.376550197601318
WA008,MERRA2,2013,4,0.0607998557388782
WA009,MERRA2,2013,4,0.1579181551933288
WA010,MERRA2,2013,4,2.757110595703125
WA011,MERRA2,2013,4,4.261959552764893
WA012,MERRA2,2013,4,4.783720970153809
WA013,MERRA2,2013,4,0.3192878663539886
WA014,MERRA2,2013,4,2.613002300262451
WA015,MERRA2,2013,4,0.0
WA001,MERRA2,2013,5,0.0561715811491012
WA002,MERRA2,2013,5,1.0476425886154177
WA003,MERRA2,2013,5,2.054598808288574
WA004,MERRA2,2013,5,0.535036563873291
WA005,MERRA2,2013,5,2.656233549118042
WA006,MERRA2,2013,5,4.709152221679688
WA007,MERRA2,2013,5,9.401870727539062
WA008,MERRA2,2013,5,6.596331596374512
WA009,MERRA2,2013,5,13.183830261230469
WA010,MERRA2,2013,5,6.921244144439697
WA011,MERRA2,2013,5,4.921337127685547
WA012,MERRA2,2013,5,6.066642761230469
WA013,MERRA2,2013,5,0.3259799182415008
WA014,MERRA2,2013,5,3.9636735916137695
WA015,MERRA2,2013,5,0.0683929547667503
WA001,MERRA2,2013,6,0.1716959327459335
WA002,MERRA2,2013,6,2.716305017471313
WA003,MERRA2,2013,6,3.0141005516052246
WA004,MERRA2,2013,6,2.3539273738861084
WA005,MERRA2,2013,6,4.683934211730957
WA006,MERRA2,2013,6,2.570955276489258
WA007,MERRA2,2013,6,6.052718162536621
WA008,MERRA2,2013,6,18.97542381286621
WA009,MERRA2,2013,6,20.76561164855957
WA010,MERRA2,2013,6,4.230966091156006
WA011,MERRA2,2013,6,2.8849222660064697
WA012,MERRA2,2013,6,3.9035041332244873
WA013,MERRA2,2013,6,1.6403679847717283
WA014,MERRA2,2013,6,2.299122095108032
WA015,MERRA2,2013,6,1.4714535474777222
WA001,MERRA2,2013,7,2.109365224838257
WA002,MERRA2,2013,7,4.462684154510498
WA003,MERRA2,2013,7,7.576990604400635
WA004,MERRA2,2013,7,3.218940019607544
WA005,MERRA2,2013,7,5.338136196136475
WA006,MERRA2,2013,7,2.34822940826416
WA007,MERRA2,2013,7,2.3585405349731445
WA008,MERRA2,2013,7,27.822790145874023
WA009,MERRA2,2013,7,24.437959671020508
WA010,MERRA2,2013,7,11.036004066467283
WA011,MERRA2,2013,7,2.912724018096924
WA012,MERRA2,2013,7,4.7392754554748535
WA013,MERRA2,2013,7,3.471524953842163
WA014,MERRA2,2013,7,3.691042184829712
WA015,MERRA2,2013,7,5.631025791168213
WA001,MERRA2,2013,8,6.022140026092529
WA002,MERRA2,2013,8,10.392182350158691
WA003,MERRA2,2013,8,8.714478492736816
WA004,MERRA2,2013,8,6.76829195022583
WA005,MERRA2,2013,8,4.066527366638184
WA006,MERRA2,2013,8,0.4807132184505462
WA007,MERRA2,2013,8,0.6093396544456482
WA008,MERRA2,2013,8,46.6270637512207
WA009,MERRA2,2013,8,38.60504150390625
WA010,MERRA2,2013,8,12.36321258544922
WA011,MERRA2,2013,8,1.0086126327514648
WA012,MERRA2,2013,8,1.1521971225738523
WA013,MERRA2,2013,8,6.151327610015869
WA014,MERRA2,2013,8,0.7338448762893677
WA015,MERRA2,2013,8,11.170589447021484
WA001,MERRA2,2013,9,4.018886566162109
WA002,MERRA2,2013,9,6.094717502593994
WA003,MERRA2,2013,9,4.872282028198242
WA004,MERRA2,2013,9,1.6562615633010864
WA005,MERRA2,2013,9,3.3799421787261963
WA006,MERRA2,2013,9,3.2778265476226807
WA007,MERRA2,2013,9,3.0669660568237305
WA008,MERRA2,2013,9,19.61016273498535
WA009,MERRA2,2013,9,20.16497611999512
WA010,MERRA2,2013,9,9.165567398071287
WA011,MERRA2,2013,9,3.517298936843872
WA012,MERRA2,2013,9,4.341216564178467
WA013,MERRA2,2013,9,1.8985538482666016
WA014,MERRA2,2013,9,4.598367691040039
WA015,MERRA2,2013,9,5.72185754776001
WA001,MERRA2,2013,10,1.6434224843978882
WA002,MERRA2,2013,10,2.6042754650115967
WA003,MERRA2,2013,10,1.5871639251708984
WA004,MERRA2,2013,10,0.4780029952526092
WA005,MERRA2,2013,10,2.3258423805236816
WA006,MERRA2,2013,10,3.2900819778442383
WA007,MERRA2,2013,10,3.48621678352356
WA008,MERRA2,2013,10,8.83782958984375
WA009,MERRA2,2013,10,6.557603359222412
WA010,MERRA2,2013,10,5.5095062255859375
WA011,MERRA2,2013,10,3.444757461547852
WA012,MERRA2,2013,10,3.35310173034668
WA013,MERRA2,2013,10,0.6575400233268738
WA014,MERRA2,2013,10,4.681751251220703
WA015,MERRA2,2013,10,2.3263840675354004
WA001,MERRA2,2013,11,0.8237383961677551
WA002,MERRA2,2013,11,7.449189433827996e-05
WA003,MERRA2,2013,11,0.0169600695371627
WA004,MERRA2,2013,11,0.00013243203284218907
WA005,MERRA2,2013,11,0.2484372854232788
WA006,MERRA2,2013,11,1.4356727600097656
WA007,MERRA2,2013,11,5.633697032928467
WA008,MERRA2,2013,11,1.9633593559265137
WA009,MERRA2,2013,11,2.264800786972046
WA010,MERRA2,2013,11,6.822774887084961
WA011,MERRA2,2013,11,0.9366231560707092
WA012,MERRA2,2013,11,1.864453077316284
WA013,MERRA2,2013,11,1.863875695562456e-05
WA014,MERRA2,2013,11,2.6255125999450684
WA015,MERRA2,2013,11,0.0125384321436285
WA001,MERRA2,2013,12,0.4922246038913727
WA002,MERRA2,2013,12,1.1710018043231685e-05
WA003,MERRA2,2013,12,6.8610120251833e-06
WA004,MERRA2,2013,12,9.503038199909495e-06
WA005,MERRA2,2013,12,0.0950054377317428
WA006,MERRA2,2013,12,0.3279159963130951
WA007,MERRA2,2013,12,2.140897274017334
WA008,MERRA2,2013,12,9.054234624272794e-07
WA009,MERRA2,2013,12,0.0087478132918477
WA010,MERRA2,2013,12,3.58504319190979
WA011,MERRA2,2013,12,0.1940920054912567
WA012,MERRA2,2013,12,0.6349050998687744
WA013,MERRA2,2013,12,4.159571471973322e-05
WA014,MERRA2,2013,12,0.3119194805622101
WA015,MERRA2,2013,12,0.0040184566751122
WA001,MERRA2,2014,1,1.064659595489502
WA002,MERRA2,2014,1,0.0033171004615724
WA003,MERRA2,2014,1,0.6578704118728638
WA004,MERRA2,2014,1,0.0123904552310705
WA005,MERRA2,2014,1,0.078164555132389
WA006,MERRA2,2014,1,1.0607882738113403
WA007,MERRA2,2014,1,0.910804569721222
WA008,MERRA2,2014,1,0.0
WA009,MERRA2,2014,1,0.0019592372700572
WA010,MERRA2,2014,1,1.1393388509750366
WA011,MERRA2,2014,1,1.459473967552185
WA012,MERRA2,2014,1,2.4706499576568604
WA013,MERRA2,2014,1,0.0012119178427383
WA014,MERRA2,2014,1,0.5254613161087036
WA015,MERRA2,2014,1,4.2084938201014666e-08
WA001,MERRA2,2014,2,0.0475505627691745
WA002,MERRA2,2014,2,7.858958997530863e-05
WA003,MERRA2,2014,2,0.0067130322568118
WA004,MERRA2,2014,2,0.0152815114706754
WA005,MERRA2,2014,2,0.022871570661664
WA006,MERRA2,2014,2,0.6860492825508118
WA007,MERRA2,2014,2,2.063616275787353
WA008,MERRA2,2014,2,8.406806273342228e-08
WA009,MERRA2,2014,2,0.0126749696210026
WA010,MERRA2,2014,2,2.154991865158081
WA011,MERRA2,2014,2,0.6500542759895325
WA012,MERRA2,2014,2,1.13521146774292
WA013,MERRA2,2014,2,0.0050317519344389
WA014,MERRA2,2014,2,0.6654115915298462
WA015,MERRA2,2014,2,3.6924304822605336e-06
WA001,MERRA2,2014,3,0.1812640875577926
WA002,MERRA2,2014,3,0.000226620672037825
WA003,MERRA2,2014,3,0.0604647733271122
WA004,MERRA2,2014,3,0.0019600614905357
WA005,MERRA2,2014,3,0.6933167576789856
WA006,MERRA2,2014,3,2.949089765548706
WA007,MERRA2,2014,3,5.043152332305908
WA008,MERRA2,2014,3,2.6582689827137077e-08
WA009,MERRA2,2014,3,0.0112903444096446
WA010,MERRA2,2014,3,2.8448245525360107
WA011,MERRA2,2014,3,2.4938406944274902
WA012,MERRA2,2014,3,2.789865732192993
WA013,MERRA2,2014,3,0.0033834381029009
WA014,MERRA2,2014,3,3.326239109039306
WA015,MERRA2,2014,3,3.428811794492504e-07
WA001,MERRA2,2014,4,0.0833129808306694
WA002,MERRA2,2014,4,0.9862321615219116
WA003,MERRA2,2014,4,1.122794508934021
WA004,MERRA2,2014,4,0.1470739096403122
WA005,MERRA2,2014,4,4.342934608459473
WA006,MERRA2,2014,4,3.3181793689727783
WA007,MERRA2,2014,4,7.628997802734375
WA008,MERRA2,2014,4,0.6093693971633911
WA009,MERRA2,2014,4,1.8999059200286863
WA010,MERRA2,2014,4,7.061586856842041
WA011,MERRA2,2014,4,2.1383206844329834
WA012,MERRA2,2014,4,3.2769386768341064
WA013,MERRA2,2014,4,0.7080624103546143
WA014,MERRA2,2014,4,4.970423698425293
WA015,MERRA2,2014,4,1.5837399587326215e-06
WA001,MERRA2,2014,5,0.0619149915874004
WA002,MERRA2,2014,5,4.559518337249756
WA003,MERRA2,2014,5,2.102067708969116
WA004,MERRA2,2014,5,0.8896809816360474
WA005,MERRA2,2014,5,4.426037788391113
WA006,MERRA2,2014,5,4.058731555938721
WA007,MERRA2,2014,5,6.502531051635742
WA008,MERRA2,2014,5,3.831183671951294
WA009,MERRA2,2014,5,3.6822686195373535
WA010,MERRA2,2014,5,8.867908477783203
WA011,MERRA2,2014,5,3.622634649276733
WA012,MERRA2,2014,5,7.158731937408447
WA013,MERRA2,2014,5,0.969733476638794
WA014,MERRA2,2014,5,3.864773750305176
WA015,MERRA2,2014,5,0.2110801935195922
WA001,MERRA2,2014,6,0.2442443370819091
WA002,MERRA2,2014,6,7.381707668304443
WA003,MERRA2,2014,6,2.8542349338531494
WA004,MERRA2,2014,6,1.5380512475967407
WA005,MERRA2,2014,6,4.250178337097168
WA006,MERRA2,2014,6,5.428426742553711
WA007,MERRA2,2014,6,11.43883228302002
WA008,MERRA2,2014,6,19.16391944885254
WA009,MERRA2,2014,6,14.98936367034912
WA010,MERRA2,2014,6,16.65395736694336
WA011,MERRA2,2014,6,4.141520977020264
WA012,MERRA2,2014,6,4.521915435791016
WA013,MERRA2,2014,6,1.349973201751709
WA014,MERRA2,2014,6,7.436511516571045
WA015,MERRA2,2014,6,5.970310211181641
WA001,MERRA2,2014,7,0.972784698009491
WA002,MERRA2,2014,7,5.220692157745361
WA003,MERRA2,2014,7,3.0666728019714355
WA004,MERRA2,2014,7,2.9803061485290527
WA005,MERRA2,2014,7,4.309009075164795
WA006,MERRA2,2014,7,2.712705373764038
WA007,MERRA2,2014,7,4.498039722442627
WA008,MERRA2,2014,7,18.173322677612305
WA009,MERRA2,2014,7,16.554311752319336
WA010,MERRA2,2014,7,10.423195838928224
WA011,MERRA2,2014,7,2.866001844406128
WA012,MERRA2,2014,7,4.487562656402588
WA013,MERRA2,2014,7,3.817371368408203
WA014,MERRA2,2014,7,3.1909596920013428
WA015,MERRA2,2014,7,2.6391427516937256
WA001,MERRA2,2014,8,3.994356393814087
WA002,MERRA2,2014,8,8.041791915893555
WA003,MERRA2,2014,8,6.392679214477539
WA004,MERRA2,2014,8,4.997584342956543
WA005,MERRA2,2014,8,9.3195161819458
WA006,MERRA2,2014,8,3.12563705444336
WA007,MERRA2,2014,8,1.670215725898743
WA008,MERRA2,2014,8,23.72838020324707
WA009,MERRA2,2014,8,20.199594497680664
WA010,MERRA2,2014,8,9.901373863220217
WA011,MERRA2,2014,8,4.632724761962891
WA012,MERRA2,2014,8,4.400660037994385
WA013,MERRA2,2014,8,6.151382923126221
WA014,MERRA2,2014,8,3.100691556930542
WA015,MERRA2,2014,8,9.50265884399414
WA001,MERRA2,2014,9,3.987762689590454
WA002,MERRA2,2014,9,4.784199237823486
WA003,MERRA2,2014,9,7.076076984405518
WA004,MERRA2,2014,9,2.6326887607574463
WA005,MERRA2,2014,9,7.0972981452941895
WA006,MERRA2,2014,9,5.87441873550415
WA007,MERRA2,2014,9,3.8107621669769287
WA008,MERRA2,2014,9,17.011043548583984
WA009,MERRA2,2014,9,14.775896072387695
WA010,MERRA2,2014,9,13.801901817321776
WA011,MERRA2,2014,9,7.84424352645874
WA012,MERRA2,2014,9,7.491146564483643
WA013,MERRA2,2014,9,3.713346481323242
WA014,MERRA2,2014,9,6.482194423675537
WA015,MERRA2,2014,9,6.039669513702393
WA001,MERRA2,2014,10,1.053575038909912
WA002,MERRA2,2014,10,1.0783523321151731
WA003,MERRA2,2014,10,1.2803878784179688
WA004,MERRA2,2014,10,0.301297515630722
WA005,MERRA2,2014,10,2.74125599861145
WA006,MERRA2,2014,10,3.5038466453552246
WA007,MERRA2,2014,10,3.593059778213501
WA008,MERRA2,2014,10,8.490257263183594
WA009,MERRA2,2014,10,8.326692581176758
WA010,MERRA2,2014,10,9.112319946289062
WA011,MERRA2,2014,10,3.396542549133301
WA012,MERRA2,2014,10,5.597658634185791
WA013,MERRA2,2014,10,0.4735003709793091
WA014,MERRA2,2014,10,4.850275993347168
WA015,MERRA2,2014,10,1.6673640012741089
WA001,MERRA2,2014,11,0.1984643787145614
WA002,MERRA2,2014,11,0.0717889666557312
WA003,MERRA2,2014,11,0.0362366624176502
WA004,MERRA2,2014,11,0.0111490944400429
WA005,MERRA2,2014,11,0.2124530375003814
WA006,MERRA2,2014,11,1.4269936084747314
WA007,MERRA2,2014,11,3.620932340621948
WA008,MERRA2,2014,11,0.784927248954773
WA009,MERRA2,2014,11,0.8463709950447083
WA010,MERRA2,2014,11,9.592267990112305
WA011,MERRA2,2014,11,1.140107035636902
WA012,MERRA2,2014,11,2.5585012435913086
WA013,MERRA2,2014,11,3.045073242446961e-07
WA014,MERRA2,2014,11,2.2382683753967285
WA015,MERRA2,2014,11,0.001181137165986
WA001,MERRA2,2014,12,0.5820887684822083
WA002,MERRA2,2014,12,0.00012895646796096116
WA003,MERRA2,2014,12,1.7197031354498907e-07
WA004,MERRA2,2014,12,6.874597602291034e-08
WA005,MERRA2,2014,12,0.0001469735288992524
WA006,MERRA2,2014,12,0.6640622615814209
WA007,MERRA2,2014,12,1.819178581237793
WA008,MERRA2,2014,12,1.4721165086939436e-07
WA009,MERRA2,2014,12,0.0210634320974349
WA010,MERRA2,2014,12,2.006971836090088
WA011,MERRA2,2014,12,0.597456157207489
WA012,MERRA2,2014,12,0.3830865025520324
WA013,MERRA2,2014,12,2.0252874932680246e-08
WA014,MERRA2,2014,12,0.7090722918510437
WA015,MERRA2,2014,12,0.0034060722682625
WA001,MERRA2,2015,1,0.299731582403183
WA002,MERRA2,2015,1,3.093530542841449e-09
WA003,MERRA2,2015,1,5.903643685023495e-10
WA004,MERRA2,2015,1,2.7566757148609357e-15
WA005,MERRA2,2015,1,0.00015244567475747317
WA006,MERRA2,2015,1,0.5111375451087952
WA007,MERRA2,2015,1,0.6268098950386047
WA008,MERRA2,2015,1,0.0
WA009,MERRA2,2015,1,0.0001880507625173777
WA010,MERRA2,2015,1,0.334737092256546
WA011,MERRA2,2015,1,0.3021045923233032
WA012,MERRA2,2015,1,0.1722521036863327
WA013,MERRA2,2015,1,2.53957038775024e-13
WA014,MERRA2,2015,1,0.2168889939785003
WA015,MERRA2,2015,1,2.293313094980931e-08
WA001,MERRA2,2015,2,0.1341500729322433
WA002,MERRA2,2015,2,0.0026934933848679
WA003,MERRA2,2015,2,0.1706520169973373
WA004,MERRA2,2015,2,0.0927245616912841
WA005,MERRA2,2015,2,0.1861323416233062
WA006,MERRA2,2015,2,1.8449186086654663
WA007,MERRA2,2015,2,3.5773138999938965
WA008,MERRA2,2015,2,0.0
WA009,MERRA2,2015,2,0.0211238451302051
WA010,MERRA2,2015,2,2.4669106006622314
WA011,MERRA2,2015,2,1.4161540269851685
WA012,MERRA2,2015,2,1.4499799013137815
WA013,MERRA2,2015,2,2.567052615631837e-05
WA014,MERRA2,2015,2,2.2033824920654297
WA015,MERRA2,2015,2,5.0794226602590706e-09
WA001,MERRA2,2015,3,0.1513636708259582
WA002,MERRA2,2015,3,2.5003977498272437e-05
WA003,MERRA2,2015,3,0.409099280834198
WA004,MERRA2,2015,3,0.0010849210666492
WA005,MERRA2,2015,3,0.5000603795051575
WA006,MERRA2,2015,3,4.608706474304199
WA007,MERRA2,2015,3,7.092028617858887
WA008,MERRA2,2015,3,0.0
WA009,MERRA2,2015,3,0.0050617367960512
WA010,MERRA2,2015,3,1.5921162366867063
WA011,MERRA2,2015,3,3.951488971710205
WA012,MERRA2,2015,3,5.188326358795166
WA013,MERRA2,2015,3,1.775899545464199e-05
WA014,MERRA2,2015,3,5.125484466552734
WA015,MERRA2,2015,3,0.0
WA001,MERRA2,2015,4,0.0376434363424778
WA002,MERRA2,2015,4,0.0265236943960189
WA003,MERRA2,2015,4,0.0117764035239815
WA004,MERRA2,2015,4,2.150420783664231e-07
WA005,MERRA2,2015,4,0.2587278485298157
WA006,MERRA2,2015,4,2.6000008583068848
WA007,MERRA2,2015,4,6.38613748550415
WA008,MERRA2,2015,4,0.0635032132267952
WA009,MERRA2,2015,4,0.132169097661972
WA010,MERRA2,2015,4,2.440213441848755
WA011,MERRA2,2015,4,1.842867136001587
WA012,MERRA2,2015,4,2.183344841003418
WA013,MERRA2,2015,4,2.298144750056963e-07
WA014,MERRA2,2015,4,3.3760037422180176
WA015,MERRA2,2015,4,0.0
WA001,MERRA2,2015,5,0.0188366472721099
WA002,MERRA2,2015,5,1.0095436573028564
WA003,MERRA2,2015,5,0.7370938062667847
WA004,MERRA2,2015,5,0.1176389902830123
WA005,MERRA2,2015,5,1.42543363571167
WA006,MERRA2,2015,5,2.246598720550537
WA007,MERRA2,2015,5,5.2052202224731445
WA008,MERRA2,2015,5,6.553069591522217
WA009,MERRA2,2015,5,15.547340393066406
WA010,MERRA2,2015,5,10.041357040405272
WA011,MERRA2,2015,5,1.9922261238098145
WA012,MERRA2,2015,5,2.9710958003997803
WA013,MERRA2,2015,5,0.0970757156610488
WA014,MERRA2,2015,5,3.0762453079223637
WA015,MERRA2,2015,5,0.0247927960008382
WA001,MERRA2,2015,6,0.0928320959210395
WA002,MERRA2,2015,6,3.4302306175231934
WA003,MERRA2,2015,6,4.801904201507568
WA004,MERRA2,2015,6,2.716207981109619
WA005,MERRA2,2015,6,3.067004442214966
WA006,MERRA2,2015,6,5.860034465789795
WA007,MERRA2,2015,6,12.554170608520508
WA008,MERRA2,2015,6,15.858333587646484
WA009,MERRA2,2015,6,25.04131507873535
WA010,MERRA2,2015,6,18.383413314819336
WA011,MERRA2,2015,6,3.988863706588745
WA012,MERRA2,2015,6,5.335329055786133
WA013,MERRA2,2015,6,0.907383680343628
WA014,MERRA2,2015,6,5.974982261657715
WA015,MERRA2,2015,6,0.3299167454242706
WA001,MERRA2,2015,7,2.7031216621398926
WA002,MERRA2,2015,7,8.698152542114258
WA003,MERRA2,2015,7,7.651646137237549
WA004,MERRA2,2015,7,4.339956760406494
WA005,MERRA2,2015,7,8.545315742492676
WA006,MERRA2,2015,7,2.661771535873413
WA007,MERRA2,2015,7,2.415427923202514
WA008,MERRA2,2015,7,46.42002487182617
WA009,MERRA2,2015,7,22.324689865112305
WA010,MERRA2,2015,7,21.053163528442383
WA011,MERRA2,2015,7,2.85880184173584
WA012,MERRA2,2015,7,3.029174566268921
WA013,MERRA2,2015,7,3.954522132873535
WA014,MERRA2,2015,7,3.025888442993164
WA015,MERRA2,2015,7,5.920087814331055
WA001,MERRA2,2015,8,7.864205360412598
WA002,MERRA2,2015,8,11.568770408630373
WA003,MERRA2,2015,8,11.02200984954834
WA004,MERRA2,2015,8,6.715868949890137
WA005,MERRA2,2015,8,9.945748329162598
WA006,MERRA2,2015,8,1.4815603494644165
WA007,MERRA2,2015,8,0.7679116725921631
WA008,MERRA2,2015,8,32.494930267333984
WA009,MERRA2,2015,8,27.447696685791016
WA010,MERRA2,2015,8,14.959324836730955
WA011,MERRA2,2015,8,1.7732936143875122
WA012,MERRA2,2015,8,1.477180242538452
WA013,MERRA2,2015,8,6.05755615234375
WA014,MERRA2,2015,8,1.8713057041168213
WA015,MERRA2,2015,8,11.588043212890623
WA001,MERRA2,2015,9,6.516703605651856
WA002,MERRA2,2015,9,5.617221355438232
WA003,MERRA2,2015,9,5.727043628692627
WA004,MERRA2,2015,9,3.788319349288941
WA005,MERRA2,2015,9,7.456609725952148
WA006,MERRA2,2015,9,2.178828239440918
WA007,MERRA2,2015,9,1.521658182144165
WA008,MERRA2,2015,9,22.42623710632324
WA009,MERRA2,2015,9,21.49269294738769
WA010,MERRA2,2015,9,11.890396118164062
WA011,MERRA2,2015,9,2.507925510406494
WA012,MERRA2,2015,9,3.533157587051392
WA013,MERRA2,2015,9,3.842826843261719
WA014,MERRA2,2015,9,2.969055652618408
WA015,MERRA2,2015,9,10.875479698181152
WA001,MERRA2,2015,10,3.6005539894104004
WA002,MERRA2,2015,10,2.7770090103149414
WA003,MERRA2,2015,10,1.987280368804932
WA004,MERRA2,2015,10,0.3861480057239532
WA005,MERRA2,2015,10,2.453230142593384
WA006,MERRA2,2015,10,4.675395488739014
WA007,MERRA2,2015,10,7.630574703216553
WA008,MERRA2,2015,10,8.31174087524414
WA009,MERRA2,2015,10,13.921815872192385
WA010,MERRA2,2015,10,17.086992263793945
WA011,MERRA2,2015,10,3.9043831825256343
WA012,MERRA2,2015,10,4.385119438171387
WA013,MERRA2,2015,10,0.4200412333011627
WA014,MERRA2,2015,10,7.485201358795166
WA015,MERRA2,2015,10,6.03400993347168
WA001,MERRA2,2015,11,0.052373070269823
WA002,MERRA2,2015,11,0.0800933241844177
WA003,MERRA2,2015,11,0.1319465786218643
WA004,MERRA2,2015,11,9.141862165051862e-07
WA005,MERRA2,2015,11,0.1057590916752815
WA006,MERRA2,2015,11,1.9516267776489256
WA007,MERRA2,2015,11,5.902004241943359
WA008,MERRA2,2015,11,0.9889382719993592
WA009,MERRA2,2015,11,2.4349496364593506
WA010,MERRA2,2015,11,0.7971184849739075
WA011,MERRA2,2015,11,0.8571491241455078
WA012,MERRA2,2015,11,1.374732255935669
WA013,MERRA2,2015,11,1.764158241712721e-06
WA014,MERRA2,2015,11,2.038216352462769
WA015,MERRA2,2015,11,0.3347220718860626
WA001,MERRA2,2015,12,0.2588810324668884
WA002,MERRA2,2015,12,1.5164829392233514e-07
WA003,MERRA2,2015,12,4.0094292330650205e-09
WA004,MERRA2,2015,12,2.4283344779441047e-10
WA005,MERRA2,2015,12,9.034613057679051e-10
WA006,MERRA2,2015,12,0.3255147933959961
WA007,MERRA2,2015,12,1.0662387609481812
WA008,MERRA2,2015,12,9.404647585142812e-07
WA009,MERRA2,2015,12,0.0010986233828589
WA010,MERRA2,2015,12,0.28206866979599
WA011,MERRA2,2015,12,0.1976848989725113
WA012,MERRA2,2015,12,0.1227932721376419
WA013,MERRA2,2015,12,5.5838656615181386e-11
WA014,MERRA2,2015,12,0.1368454396724701
WA015,MERRA2,2015,12,1.723679199372441e-09
WA001,MERRA2,2016,1,0.0014578667469322
WA002,MERRA2,2016,1,0.0145037891343235
WA003,MERRA2,2016,1,6.362505246215733e-06
WA004,MERRA2,2016,1,6.188062684486795e-07
WA005,MERRA2,2016,1,8.008110796708935e-08
WA006,MERRA2,2016,1,0.1157630681991577
WA007,MERRA2,2016,1,0.4488952755928039
WA008,MERRA2,2016,1,0.0157785546034574
WA009,MERRA2,2016,1,0.1410658210515976
WA010,MERRA2,2016,1,0.8094478249549866
WA011,MERRA2,2016,1,0.0548289269208908
WA012,MERRA2,2016,1,0.4051752388477325
WA013,MERRA2,2016,1,1.160140370272747e-13
WA014,MERRA2,2016,1,0.0365702100098133
WA015,MERRA2,2016,1,0.0020807064138352
WA001,MERRA2,2016,2,0.0060755084268748
WA002,MERRA2,2016,2,6.113583861377947e-09
WA003,MERRA2,2016,2,4.4896186324194793e-08
WA004,MERRA2,2016,2,1.9256766320419058e-11
WA005,MERRA2,2016,2,1.0790712622110732e-05
WA006,MERRA2,2016,2,0.4955577850341797
WA007,MERRA2,2016,2,1.5701566934585571
WA008,MERRA2,2016,2,0.0
WA009,MERRA2,2016,2,0.00015495592379011214
WA010,MERRA2,2016,2,0.0202252008020877
WA011,MERRA2,2016,2,0.263340562582016
WA012,MERRA2,2016,2,0.1629502475261688
WA013,MERRA2,2016,2,5.3770139382680596e-12
WA014,MERRA2,2016,2,0.4286412000656128
WA015,MERRA2,2016,2,0.0
WA001,MERRA2,2016,3,0.0099448915570974
WA002,MERRA2,2016,3,0.0003190170391462744
WA003,MERRA2,2016,3,0.1617750376462936
WA004,MERRA2,2016,3,0.0688495114445686
WA005,MERRA2,2016,3,1.2662289142608645
WA006,MERRA2,2016,3,4.184201240539551
WA007,MERRA2,2016,3,4.14610481262207
WA008,MERRA2,2016,3,4.485124271980112e-09
WA009,MERRA2,2016,3,0.0103773102164268
WA010,MERRA2,2016,3,1.006372332572937
WA011,MERRA2,2016,3,4.24749755859375
WA012,MERRA2,2016,3,4.2546210289001465
WA013,MERRA2,2016,3,0.0098889218643307
WA014,MERRA2,2016,3,3.7497284412384033
WA015,MERRA2,2016,3,8.231137993419678e-10
WA001,MERRA2,2016,4,0.0347259938716888
WA002,MERRA2,2016,4,0.1053783297538757
WA003,MERRA2,2016,4,1.1717599630355835
WA004,MERRA2,2016,4,0.4507322013378143
WA005,MERRA2,2016,4,3.4253363609313965
WA006,MERRA2,2016,4,3.065899610519409
WA007,MERRA2,2016,4,3.833226203918457
WA008,MERRA2,2016,4,0.5547680258750916
WA009,MERRA2,2016,4,2.120950937271118
WA010,MERRA2,2016,4,1.7912542819976809
WA011,MERRA2,2016,4,3.505213022232056
WA012,MERRA2,2016,4,3.548412561416626
WA013,MERRA2,2016,4,0.1759208440780639
WA014,MERRA2,2016,4,2.123171329498291
WA015,MERRA2,2016,4,0.0
WA001,MERRA2,2016,5,0.0747262313961982
WA002,MERRA2,2016,5,1.0642603635787964
WA003,MERRA2,2016,5,1.2255849838256836
WA004,MERRA2,2016,5,0.6628751754760742
WA005,MERRA2,2016,5,6.604525566101074
WA006,MERRA2,2016,5,5.187026023864746
WA007,MERRA2,2016,5,7.456246376037598
WA008,MERRA2,2016,5,2.708458662033081
WA009,MERRA2,2016,5,8.195517539978027
WA010,MERRA2,2016,5,1.6730791330337524
WA011,MERRA2,2016,5,4.063991546630859
WA012,MERRA2,2016,5,4.929640293121338
WA013,MERRA2,2016,5,1.1363475322723389
WA014,MERRA2,2016,5,4.708587646484375
WA015,MERRA2,2016,5,0.3739670813083648
WA001,MERRA2,2016,6,0.2085138261318206
WA002,MERRA2,2016,6,6.568207740783691
WA003,MERRA2,2016,6,4.304572105407715
WA004,MERRA2,2016,6,1.2050100564956665
WA005,MERRA2,2016,6,6.016715049743652
WA006,MERRA2,2016,6,5.783976078033447
WA007,MERRA2,2016,6,7.578981876373291
WA008,MERRA2,2016,6,36.52703857421875
WA009,MERRA2,2016,6,51.27714538574219
WA010,MERRA2,2016,6,20.0207633972168
WA011,MERRA2,2016,6,4.896757125854492
WA012,MERRA2,2016,6,5.373688220977783
WA013,MERRA2,2016,6,3.1679487228393555
WA014,MERRA2,2016,6,4.602451324462891
WA015,MERRA2,2016,6,1.0719836950302124
WA001,MERRA2,2016,7,4.925857067108154
WA002,MERRA2,2016,7,10.5001859664917
WA003,MERRA2,2016,7,9.273143768310549
WA004,MERRA2,2016,7,3.434603691101074
WA005,MERRA2,2016,7,11.704395294189451
WA006,MERRA2,2016,7,2.625113248825073
WA007,MERRA2,2016,7,1.5288022756576538
WA008,MERRA2,2016,7,68.00159454345703
WA009,MERRA2,2016,7,62.42455291748047
WA010,MERRA2,2016,7,9.374871253967283
WA011,MERRA2,2016,7,2.38511061668396
WA012,MERRA2,2016,7,3.1019604206085205
WA013,MERRA2,2016,7,4.905143737792969
WA014,MERRA2,2016,7,2.608598470687866
WA015,MERRA2,2016,7,6.57172155380249
WA001,MERRA2,2016,8,4.520814418792725
WA002,MERRA2,2016,8,8.705474853515625
WA003,MERRA2,2016,8,8.329160690307617
WA004,MERRA2,2016,8,4.493706226348877
WA005,MERRA2,2016,8,9.399569511413574
WA006,MERRA2,2016,8,2.20592737197876
WA007,MERRA2,2016,8,1.8998948335647583
WA008,MERRA2,2016,8,30.43380546569824
WA009,MERRA2,2016,8,29.46198463439941
WA010,MERRA2,2016,8,1.8476314544677732
WA011,MERRA2,2016,8,2.120450019836426
WA012,MERRA2,2016,8,2.6942646503448486
WA013,MERRA2,2016,8,3.789217472076416
WA014,MERRA2,2016,8,2.7095181941986084
WA015,MERRA2,2016,8,6.445562362670898
WA001,MERRA2,2016,9,5.864677429199219
WA002,MERRA2,2016,9,5.280115127563477
WA003,MERRA2,2016,9,4.309266567230225
WA004,MERRA2,2016,9,3.21010160446167
WA005,MERRA2,2016,9,10.834280967712402
WA006,MERRA2,2016,9,6.438169956207275
WA007,MERRA2,2016,9,4.077521800994873
WA008,MERRA2,2016,9,32.12059783935547
WA009,MERRA2,2016,9,32.56207275390625
WA010,MERRA2,2016,9,2.924048900604248
WA011,MERRA2,2016,9,5.570846557617188
WA012,MERRA2,2016,9,9.187318801879885
WA013,MERRA2,2016,9,2.1995444297790527
WA014,MERRA2,2016,9,10.25205135345459
WA015,MERRA2,2016,9,9.331639289855955
WA001,MERRA2,2016,10,0.2674864530563354
WA002,MERRA2,2016,10,1.6967666149139404
WA003,MERRA2,2016,10,0.6823958158493042
WA004,MERRA2,2016,10,0.0283789038658142
WA005,MERRA2,2016,10,3.746595621109009
WA006,MERRA2,2016,10,5.036074638366699
WA007,MERRA2,2016,10,5.677268981933594
WA008,MERRA2,2016,10,6.594822406768799
WA009,MERRA2,2016,10,5.902614116668701
WA010,MERRA2,2016,10,1.1270599365234375
WA011,MERRA2,2016,10,3.919736385345459
WA012,MERRA2,2016,10,6.328452110290527
WA013,MERRA2,2016,10,0.2340381145477295
WA014,MERRA2,2016,10,5.356132507324219
WA015,MERRA2,2016,10,0.8897387981414795
WA001,MERRA2,2016,11,4.621983051300049
WA002,MERRA2,2016,11,0.1432419568300247
WA003,MERRA2,2016,11,0.0007299872813746333
WA004,MERRA2,2016,11,4.099913297750391e-08
WA005,MERRA2,2016,11,0.0031830563675612
WA006,MERRA2,2016,11,1.5986319780349731
WA007,MERRA2,2016,11,3.616929054260254
WA008,MERRA2,2016,11,1.6088931560516355
WA009,MERRA2,2016,11,3.71481728553772
WA010,MERRA2,2016,11,0.4229462742805481
WA011,MERRA2,2016,11,0.7523438334465027
WA012,MERRA2,2016,11,1.1376298666000366
WA013,MERRA2,2016,11,4.4793107889518076e-08
WA014,MERRA2,2016,11,1.4599329233169556
WA015,MERRA2,2016,11,0.2523547112941742
WA001,MERRA2,2016,12,0.005826590117067
WA002,MERRA2,2016,12,4.202535637887195e-05
WA003,MERRA2,2016,12,2.98144406940537e-08
WA004,MERRA2,2016,12,5.767342372564599e-07
WA005,MERRA2,2016,12,2.232383303635288e-05
WA006,MERRA2,2016,12,0.7155143618583679
WA007,MERRA2,2016,12,2.3775622844696045
WA008,MERRA2,2016,12,1.190807552120532e-06
WA009,MERRA2,2016,12,0.001021143165417
WA010,MERRA2,2016,12,0.1263743937015533
WA011,MERRA2,2016,12,0.3892194628715515
WA012,MERRA2,2016,12,0.3310946226119995
WA013,MERRA2,2016,12,1.1836055335834317e-07
WA014,MERRA2,2016,12,0.417506456375122
WA015,MERRA2,2016,12,4.659706291931798e-07
WA001,MERRA2,2017,1,0.0124635780230164
WA002,MERRA2,2017,1,2.7805761249055653e-08
WA003,MERRA2,2017,1,3.7485403669990086e-10
WA004,MERRA2,2017,1,1.6593823204402725e-08
WA005,MERRA2,2017,1,3.605186066124588e-05
WA006,MERRA2,2017,1,0.5816110968589783
WA007,MERRA2,2017,1,2.8902900218963623
WA008,MERRA2,2017,1,0.0
WA009,MERRA2,2017,1,0.0023240710142999
WA010,MERRA2,2017,1,0.148254320025444
WA011,MERRA2,2017,1,0.2674186825752258
WA012,MERRA2,2017,1,0.2102202475070953
WA013,MERRA2,2017,1,1.6838459515611248e-08
WA014,MERRA2,2017,1,0.3889787197113037
WA015,MERRA2,2017,1,1.9788684468835527e-08
WA001,MERRA2,2017,2,0.1368529349565506
WA002,MERRA2,2017,2,3.866020051646046e-06
WA003,MERRA2,2017,2,2.222093462478369e-05
WA004,MERRA2,2017,2,2.2962888479582944e-08
WA005,MERRA2,2017,2,0.0008008035947568715
WA006,MERRA2,2017,2,1.0499966144561768
WA007,MERRA2,2017,2,2.060617446899414
WA008,MERRA2,2017,2,0.0
WA009,MERRA2,2017,2,0.0015869364142417
WA010,MERRA2,2017,2,0.3145977258682251
WA011,MERRA2,2017,2,0.5560494661331177
WA012,MERRA2,2017,2,0.4838512241840362
WA013,MERRA2,2017,2,5.915234968512095e-09
WA014,MERRA2,2017,2,0.8699718713760376
WA015,MERRA2,2017,2,3.4672703419769667e-16
WA001,MERRA2,2017,3,0.0999292656779289
WA002,MERRA2,2017,3,0.3071476221084595
WA003,MERRA2,2017,3,0.0373871549963951
WA004,MERRA2,2017,3,1.3335209381182269e-08
WA005,MERRA2,2017,3,0.0134063130244612
WA006,MERRA2,2017,3,3.324506521224976
WA007,MERRA2,2017,3,3.297024726867676
WA008,MERRA2,2017,3,0.0396602749824523
WA009,MERRA2,2017,3,0.0251023843884468
WA010,MERRA2,2017,3,0.1725412756204605
WA011,MERRA2,2017,3,2.3224480152130127
WA012,MERRA2,2017,3,2.4472734928131104
WA013,MERRA2,2017,3,2.585186393844197e-07
WA014,MERRA2,2017,3,2.254220962524414
WA015,MERRA2,2017,3,0.0
WA001,MERRA2,2017,4,0.0176168903708457
WA002,MERRA2,2017,4,1.1416325569152832
WA003,MERRA2,2017,4,0.958083152770996
WA004,MERRA2,2017,4,0.0511047504842281
WA005,MERRA2,2017,4,1.7468069791793823
WA006,MERRA2,2017,4,4.010582447052002
WA007,MERRA2,2017,4,5.449486255645752
WA008,MERRA2,2017,4,0.2933916747570038
WA009,MERRA2,2017,4,1.7796872854232788
WA010,MERRA2,2017,4,0.9819220900535583
WA011,MERRA2,2017,4,3.5314183235168457
WA012,MERRA2,2017,4,3.313115358352661
WA013,MERRA2,2017,4,0.1376952230930328
WA014,MERRA2,2017,4,2.441271543502808
WA015,MERRA2,2017,4,0.0
WA001,MERRA2,2017,5,0.159972995519638
WA002,MERRA2,2017,5,2.012174129486084
WA003,MERRA2,2017,5,7.160092353820801
WA004,MERRA2,2017,5,0.5290090441703796
WA005,MERRA2,2017,5,6.258613586425781
WA006,MERRA2,2017,5,5.523348331451416
WA007,MERRA2,2017,5,5.742904186248779
WA008,MERRA2,2017,5,5.147228240966797
WA009,MERRA2,2017,5,11.812280654907228
WA010,MERRA2,2017,5,1.228021502494812
WA011,MERRA2,2017,5,3.9694244861602783
WA012,MERRA2,2017,5,5.027377128601074
WA013,MERRA2,2017,5,0.9888842701911926
WA014,MERRA2,2017,5,5.980306625366211
WA015,MERRA2,2017,5,0.3346486985683441
WA001,MERRA2,2017,6,1.7262221574783323
WA002,MERRA2,2017,6,3.709397792816162
WA003,MERRA2,2017,6,4.672804355621338
WA004,MERRA2,2017,6,2.727907657623291
WA005,MERRA2,2017,6,9.613268852233888
WA006,MERRA2,2017,6,7.334551334381103
WA007,MERRA2,2017,6,9.687236785888672
WA008,MERRA2,2017,6,13.462361335754396
WA009,MERRA2,2017,6,30.4528923034668
WA010,MERRA2,2017,6,7.534281253814697
WA011,MERRA2,2017,6,5.772459506988525
WA012,MERRA2,2017,6,9.441067695617676
WA013,MERRA2,2017,6,4.045928955078125
WA014,MERRA2,2017,6,7.813195705413818
WA015,MERRA2,2017,6,5.460677623748779
WA001,MERRA2,2017,7,3.788774728775024
WA002,MERRA2,2017,7,7.582968711853027
WA003,MERRA2,2017,7,4.886579513549805
WA004,MERRA2,2017,7,4.394054412841797
WA005,MERRA2,2017,7,10.585091590881348
WA006,MERRA2,2017,7,4.566474437713623
WA007,MERRA2,2017,7,2.3873965740203857
WA008,MERRA2,2017,7,34.53997039794922
WA009,MERRA2,2017,7,42.21132278442383
WA010,MERRA2,2017,7,12.49216365814209
WA011,MERRA2,2017,7,4.976041316986084
WA012,MERRA2,2017,7,5.7871994972229
WA013,MERRA2,2017,7,6.456305027008057
WA014,MERRA2,2017,7,6.841695308685303
WA015,MERRA2,2017,7,10.89317798614502
WA001,MERRA2,2017,8,6.184638977050781
WA002,MERRA2,2017,8,11.685766220092772
WA003,MERRA2,2017,8,7.144415855407715
WA004,MERRA2,2017,8,4.740733623504639
WA005,MERRA2,2017,8,9.924189567565918
WA006,MERRA2,2017,8,2.8357372283935547
WA007,MERRA2,2017,8,2.0721371173858643
WA008,MERRA2,2017,8,49.940895080566406
WA009,MERRA2,2017,8,44.39751052856445
WA010,MERRA2,2017,8,5.586460590362549
WA011,MERRA2,2017,8,2.7873709201812744
WA012,MERRA2,2017,8,2.923017263412476
WA013,MERRA2,2017,8,10.184054374694824
WA014,MERRA2,2017,8,2.220538377761841
WA015,MERRA2,2017,8,12.599663734436035
WA001,MERRA2,2017,9,2.715020179748535
WA002,MERRA2,2017,9,4.340551853179932
WA003,MERRA2,2017,9,4.762239456176758
WA004,MERRA2,2017,9,1.0986096858978271
WA005,MERRA2,2017,9,5.807822227478027
WA006,MERRA2,2017,9,3.3184468746185303
WA007,MERRA2,2017,9,3.343038558959961
WA008,MERRA2,2017,9,11.91777801513672
WA009,MERRA2,2017,9,15.54481315612793
WA010,MERRA2,2017,9,6.355199813842773
WA011,MERRA2,2017,9,4.308293342590332
WA012,MERRA2,2017,9,4.6676435470581055
WA013,MERRA2,2017,9,1.3754607439041138
WA014,MERRA2,2017,9,5.806455135345459
WA015,MERRA2,2017,9,5.250069618225098
WA001,MERRA2,2017,10,0.4607322812080383
WA002,MERRA2,2017,10,0.5418124198913574
WA003,MERRA2,2017,10,0.3675805628299713
WA004,MERRA2,2017,10,0.111222892999649
WA005,MERRA2,2017,10,2.0995724201202397
WA006,MERRA2,2017,10,2.2810652256011963
WA007,MERRA2,2017,10,7.614679336547852
WA008,MERRA2,2017,10,3.2778003215789795
WA009,MERRA2,2017,10,8.73707103729248
WA010,MERRA2,2017,10,5.387235641479492
WA011,MERRA2,2017,10,1.4076318740844729
WA012,MERRA2,2017,10,2.7003369331359863
WA013,MERRA2,2017,10,0.0044103660620749
WA014,MERRA2,2017,10,3.806858777999878
WA015,MERRA2,2017,10,1.2927191257476809
WA001,MERRA2,2017,11,0.0290913116186857
WA002,MERRA2,2017,11,0.0005557488766498864
WA003,MERRA2,2017,11,0.0006218645139597356
WA004,MERRA2,2017,11,3.634371248395496e-09
WA005,MERRA2,2017,11,5.485488600243116e-06
WA006,MERRA2,2017,11,2.5929934978485107
WA007,MERRA2,2017,11,5.622785568237305
WA008,MERRA2,2017,11,4.631119251251221
WA009,MERRA2,2017,11,8.369532585144043
WA010,MERRA2,2017,11,0.7558023929595947
WA011,MERRA2,2017,11,1.9569250345230105
WA012,MERRA2,2017,11,2.0072948932647705
WA013,MERRA2,2017,11,4.815526153834071e-06
WA014,MERRA2,2017,11,1.8096657991409304
WA015,MERRA2,2017,11,0.0070617482997477
WA001,MERRA2,2017,12,0.0070564304478466
WA002,MERRA2,2017,12,4.853596191622955e-09
WA003,MERRA2,2017,12,1.4473598319852954e-08
WA004,MERRA2,2017,12,3.645128288098931e-08
WA005,MERRA2,2017,12,0.0059283608570694
WA006,MERRA2,2017,12,0.8844758868217468
WA007,MERRA2,2017,12,2.186053276062012
WA008,MERRA2,2017,12,7.505976213906251e-07
WA009,MERRA2,2017,12,0.0002951139467768371
WA010,MERRA2,2017,12,0.0357317328453063
WA011,MERRA2,2017,12,0.4286303520202636
WA012,MERRA2,2017,12,1.0652018785476685
WA013,MERRA2,2017,12,1.27606938349345e-06
WA014,MERRA2,2017,12,0.363004207611084
WA015,MERRA2,2017,12,9.531420097630416e-09
WA001,MERRA2,2018,1,0.00012451960355974734
WA002,MERRA2,2018,1,0.00013072033470962197
WA003,MERRA2,2018,1,9.015697344239017e-08
WA004,MERRA2,2018,1,4.359963431954661e-11
WA005,MERRA2,2018,1,4.102728823340841e-09
WA006,MERRA2,2018,1,0.0637943595647811
WA007,MERRA2,2018,1,0.3797414600849151
WA008,MERRA2,2018,1,0.0
WA009,MERRA2,2018,1,5.8476871345192194e-05
WA010,MERRA2,2018,1,0.1274227052927017
WA011,MERRA2,2018,1,0.022350238636136
WA012,MERRA2,2018,1,0.0083277598023414
WA013,MERRA2,2018,1,8.348857716278245e-10
WA014,MERRA2,2018,1,0.0199232995510101
WA015,MERRA2,2018,1,2.5053058586022026e-12
WA001,MERRA2,2018,2,0.0293711479753255
WA002,MERRA2,2018,2,0.0066362316720187
WA003,MERRA2,2018,2,0.3266850113868713
WA004,MERRA2,2018,2,0.0239924900233745
WA005,MERRA2,2018,2,2.807395696640014
WA006,MERRA2,2018,2,2.493008852005005
WA007,MERRA2,2018,2,5.664431095123291
WA008,MERRA2,2018,2,0.0694261640310287
WA009,MERRA2,2018,2,0.4226855039596557
WA010,MERRA2,2018,2,0.3764340281486511
WA011,MERRA2,2018,2,2.3900866508483887
WA012,MERRA2,2018,2,2.096364498138428
WA013,MERRA2,2018,2,0.0022975502070039
WA014,MERRA2,2018,2,1.5827386379241943
WA015,MERRA2,2018,2,0.0
WA001,MERRA2,2018,3,0.0824216902256012
WA002,MERRA2,2018,3,0.0098005086183547
WA003,MERRA2,2018,3,0.0777550786733627
WA004,MERRA2,2018,3,0.016758969053626
WA005,MERRA2,2018,3,0.0661079511046409
WA006,MERRA2,2018,3,2.9753940105438232
WA007,MERRA2,2018,3,4.188931465148926
WA008,MERRA2,2018,3,0.049320638179779
WA009,MERRA2,2018,3,0.2209734916687011
WA010,MERRA2,2018,3,0.4115388989448547
WA011,MERRA2,2018,3,2.31091856956482
WA012,MERRA2,2018,3,1.9525946378707888
WA013,MERRA2,2018,3,9.848192483730145e-09
WA014,MERRA2,2018,3,2.9936327934265137
WA015,MERRA2,2018,3,0.0132320448756217
WA001,MERRA2,2018,4,0.0516844354569911
WA002,MERRA2,2018,4,0.0777439624071121
WA003,MERRA2,2018,4,0.2479799538850784
WA004,MERRA2,2018,4,0.00029087081202305853
WA005,MERRA2,2018,4,0.761832594871521
WA006,MERRA2,2018,4,2.3526041507720947
WA007,MERRA2,2018,4,4.167795658111572
WA008,MERRA2,2018,4,6.789575854782015e-05
WA009,MERRA2,2018,4,0.0786537379026413
WA010,MERRA2,2018,4,1.0861750841140747
WA011,MERRA2,2018,4,1.8784492015838623
WA012,MERRA2,2018,4,1.8450095653533936
WA013,MERRA2,2018,4,0.0003288407751824707
WA014,MERRA2,2018,4,4.0251641273498535
WA015,MERRA2,2018,4,0.0
WA001,MERRA2,2018,5,0.0034223042894154
WA002,MERRA2,2018,5,2.3218483924865723
WA003,MERRA2,2018,5,2.2443156242370605
WA004,MERRA2,2018,5,0.7670353055000305
WA005,MERRA2,2018,5,4.298920631408691
WA006,MERRA2,2018,5,6.83750057220459
WA007,MERRA2,2018,5,6.8232245445251465
WA008,MERRA2,2018,5,0.3350445628166199
WA009,MERRA2,2018,5,1.3458796739578247
WA010,MERRA2,2018,5,2.379233360290528
WA011,MERRA2,2018,5,4.123861312866211
WA012,MERRA2,2018,5,4.929010391235352
WA013,MERRA2,2018,5,0.7821189761161804
WA014,MERRA2,2018,5,5.07167387008667
WA015,MERRA2,2018,5,0.0
WA001,MERRA2,2018,6,0.3196278512477875
WA002,MERRA2,2018,6,3.1423497200012207
WA003,MERRA2,2018,6,2.8853836059570312
WA004,MERRA2,2018,6,2.1786422729492188
WA005,MERRA2,2018,6,7.68140697479248
WA006,MERRA2,2018,6,4.625253677368164
WA007,MERRA2,2018,6,7.490477085113525
WA008,MERRA2,2018,6,10.294363975524902
WA009,MERRA2,2018,6,21.82064437866211
WA010,MERRA2,2018,6,2.8201966285705566
WA011,MERRA2,2018,6,3.994380474090576
WA012,MERRA2,2018,6,5.106461524963379
WA013,MERRA2,2018,6,2.2324378490448
WA014,MERRA2,2018,6,8.3638916015625
WA015,MERRA2,2018,6,1.5636284351348877
WA001,MERRA2,2018,7,2.0420494079589844
WA002,MERRA2,2018,7,8.92568302154541
WA003,MERRA2,2018,7,5.157413005828857
WA004,MERRA2,2018,7,3.2887485027313232
WA005,MERRA2,2018,7,6.705596446990967
WA006,MERRA2,2018,7,4.931703090667725
WA007,MERRA2,2018,7,3.653517961502075
WA008,MERRA2,2018,7,24.557695388793945
WA009,MERRA2,2018,7,25.07158660888672
WA010,MERRA2,2018,7,4.423740863800049
WA011,MERRA2,2018,7,4.503693103790283
WA012,MERRA2,2018,7,5.309446334838867
WA013,MERRA2,2018,7,4.672220230102539
WA014,MERRA2,2018,7,4.956581115722656
WA015,MERRA2,2018,7,4.40493631362915
WA001,MERRA2,2018,8,4.628496170043945
WA002,MERRA2,2018,8,15.761152267456056
WA003,MERRA2,2018,8,10.146461486816406
WA004,MERRA2,2018,8,4.949982166290283
WA005,MERRA2,2018,8,8.517027854919434
WA006,MERRA2,2018,8,2.084571361541748
WA007,MERRA2,2018,8,2.6208667755126958
WA008,MERRA2,2018,8,43.34375
WA009,MERRA2,2018,8,27.06145668029785
WA010,MERRA2,2018,8,67.6904296875
WA011,MERRA2,2018,8,3.72165846824646
WA012,MERRA2,2018,8,4.397623062133789
WA013,MERRA2,2018,8,5.227474689483643
WA014,MERRA2,2018,8,4.376089572906494
WA015,MERRA2,2018,8,10.999460220336914
WA001,MERRA2,2018,9,6.583858966827393
WA002,MERRA2,2018,9,7.148800849914551
WA003,MERRA2,2018,9,5.404821395874023
WA004,MERRA2,2018,9,1.6966423988342283
WA005,MERRA2,2018,9,5.781296253204346
WA006,MERRA2,2018,9,6.335336685180664
WA007,MERRA2,2018,9,3.391294002532959
WA008,MERRA2,2018,9,28.15730857849121
WA009,MERRA2,2018,9,32.67391586303711
WA010,MERRA2,2018,9,31.65474319458008
WA011,MERRA2,2018,9,6.377834796905518
WA012,MERRA2,2018,9,7.404983043670654
WA013,MERRA2,2018,9,4.063572883605957
WA014,MERRA2,2018,9,11.30865478515625
WA015,MERRA2,2018,9,11.13942813873291
WA001,MERRA2,2018,10,1.045762300491333
WA002,MERRA2,2018,10,0.8108733892440796
WA003,MERRA2,2018,10,2.3375449180603027
WA004,MERRA2,2018,10,0.7405893802642822
WA005,MERRA2,2018,10,3.3672754764556885
WA006,MERRA2,2018,10,4.470731258392334
WA007,MERRA2,2018,10,5.753462314605713
WA008,MERRA2,2018,10,7.657252311706543
WA009,MERRA2,2018,10,10.87006664276123
WA010,MERRA2,2018,10,11.665428161621094
WA011,MERRA2,2018,10,4.590487003326416
WA012,MERRA2,2018,10,5.789899826049805
WA013,MERRA2,2018,10,0.4133515954017639
WA014,MERRA2,2018,10,4.518585681915283
WA015,MERRA2,2018,10,2.679302453994751
WA001,MERRA2,2018,11,0.2672432363033294
WA002,MERRA2,2018,11,0.0016687243478372
WA003,MERRA2,2018,11,0.0049088858067989
WA004,MERRA2,2018,11,1.3309404778283354e-07
WA005,MERRA2,2018,11,0.0635695680975914
WA006,MERRA2,2018,11,1.706624984741211
WA007,MERRA2,2018,11,4.835415840148926
WA008,MERRA2,2018,11,3.2129721641540527
WA009,MERRA2,2018,11,9.401090621948242
WA010,MERRA2,2018,11,2.680018186569214
WA011,MERRA2,2018,11,1.2781885862350464
WA012,MERRA2,2018,11,2.3201911449432373
WA013,MERRA2,2018,11,2.6981689105198825e-10
WA014,MERRA2,2018,11,1.5121253728866575
WA015,MERRA2,2018,11,0.0187304504215717
WA001,MERRA2,2018,12,0.0052158194594085
WA002,MERRA2,2018,12,3.181596097689976e-09
WA003,MERRA2,2018,12,7.175870564424258e-08
WA004,MERRA2,2018,12,5.4823079409516147e-08
WA005,MERRA2,2018,12,9.156841406365857e-05
WA006,MERRA2,2018,12,0.2599468827247619
WA007,MERRA2,2018,12,1.18274188041687
WA008,MERRA2,2018,12,0.0040444056503474
WA009,MERRA2,2018,12,0.1594856083393097
WA010,MERRA2,2018,12,0.8257054686546326
WA011,MERRA2,2018,12,0.1619361340999603
WA012,MERRA2,2018,12,0.2231993228197097
WA013,MERRA2,2018,12,2.1354555883590365e-06
WA014,MERRA2,2018,12,0.0414181947708129
WA015,MERRA2,2018,12,8.638253348181024e-07
WA001,MERRA2,2019,1,0.1970644444227218
WA002,MERRA2,2019,1,2.1673372430086602e-07
WA003,MERRA2,2019,1,5.4512383940164e-05
WA004,MERRA2,2019,1,1.6109604969449798e-11
WA005,MERRA2,2019,1,0.0009297134238295256
WA006,MERRA2,2019,1,0.9093238711357116
WA007,MERRA2,2019,1,1.0530654191970823
WA008,MERRA2,2019,1,0.0
WA009,MERRA2,2019,1,0.0015447385376319
WA010,MERRA2,2019,1,0.0772803276777267
WA011,MERRA2,2019,1,0.8073986172676086
WA012,MERRA2,2019,1,1.25498366355896
WA013,MERRA2,2019,1,2.945851917957043e-07
WA014,MERRA2,2019,1,0.1900299787521362
WA015,MERRA2,2019,1,6.261946516872285e-09
WA001,MERRA2,2019,2,0.0141576277092099
WA002,MERRA2,2019,2,4.441623246975723e-08
WA003,MERRA2,2019,2,2.1532245227717794e-05
WA004,MERRA2,2019,2,3.5612148785446607e-09
WA005,MERRA2,2019,2,0.0370284356176853
WA006,MERRA2,2019,2,2.253404140472412
WA007,MERRA2,2019,2,2.099216938018799
WA008,MERRA2,2019,2,0.0
WA009,MERRA2,2019,2,0.0011840569786727
WA010,MERRA2,2019,2,0.4569385051727295
WA011,MERRA2,2019,2,1.665824055671692
WA012,MERRA2,2019,2,2.300546169281006
WA013,MERRA2,2019,2,0.0022952121216803
WA014,MERRA2,2019,2,1.8245325088500977
WA015,MERRA2,2019,2,2.186124170577841e-08
WA001,MERRA2,2019,3,0.0259829815477132
WA002,MERRA2,2019,3,0.005602968391031
WA003,MERRA2,2019,3,0.129039853811264
WA004,MERRA2,2019,3,0.0084444545209407
WA005,MERRA2,2019,3,4.449340343475342
WA006,MERRA2,2019,3,3.5475847721099854
WA007,MERRA2,2019,3,3.5224788188934326
WA008,MERRA2,2019,3,0.0
WA009,MERRA2,2019,3,0.000264280301053077
WA010,MERRA2,2019,3,0.4875196516513824
WA011,MERRA2,2019,3,3.718276262283325
WA012,MERRA2,2019,3,3.0976195335388184
WA013,MERRA2,2019,3,0.0038127130828797
WA014,MERRA2,2019,3,2.160614490509033
WA015,MERRA2,2019,3,1.2499436707003042e-05
WA001,MERRA2,2019,4,0.0142935682088136
WA002,MERRA2,2019,4,0.1407719254493713
WA003,MERRA2,2019,4,1.6160459518432615
WA004,MERRA2,2019,4,0.0130327343940734
WA005,MERRA2,2019,4,0.4119173288345337
WA006,MERRA2,2019,4,4.926423072814941
WA007,MERRA2,2019,4,7.275684356689453
WA008,MERRA2,2019,4,0.1673738062381744
WA009,MERRA2,2019,4,0.498046338558197
WA010,MERRA2,2019,4,0.9708398580551147
WA011,MERRA2,2019,4,3.2133166790008545
WA012,MERRA2,2019,4,3.210599184036255
WA013,MERRA2,2019,4,0.0238253381103277
WA014,MERRA2,2019,4,3.7246460914611816
WA015,MERRA2,2019,4,0.00353265251033
WA001,MERRA2,2019,5,0.0067978980951011
WA002,MERRA2,2019,5,0.4343668520450592
WA003,MERRA2,2019,5,3.615477085113525
WA004,MERRA2,2019,5,0.0914008095860481
WA005,MERRA2,2019,5,3.575902938842773
WA006,MERRA2,2019,5,6.129374027252197
WA007,MERRA2,2019,5,7.744889259338379
WA008,MERRA2,2019,5,0.1736348420381546
WA009,MERRA2,2019,5,0.4382168352603912
WA010,MERRA2,2019,5,0.7999724745750427
WA011,MERRA2,2019,5,6.337133407592773
WA012,MERRA2,2019,5,6.470113277435303
WA013,MERRA2,2019,5,1.3857759237289429
WA014,MERRA2,2019,5,4.380987167358398
WA015,MERRA2,2019,5,0.0
WA001,MERRA2,2019,6,0.446393609046936
WA002,MERRA2,2019,6,3.857830047607422
WA003,MERRA2,2019,6,2.81368350982666
WA004,MERRA2,2019,6,2.04356050491333
WA005,MERRA2,2019,6,3.8392722606658936
WA006,MERRA2,2019,6,6.659592628479004
WA007,MERRA2,2019,6,6.020828723907471
WA008,MERRA2,2019,6,6.768169403076172
WA009,MERRA2,2019,6,12.617836952209473
WA010,MERRA2,2019,6,8.864649772644043
WA011,MERRA2,2019,6,5.58543872833252
WA012,MERRA2,2019,6,7.773986339569092
WA013,MERRA2,2019,6,2.1974265575408936
WA014,MERRA2,2019,6,6.199727535247803
WA015,MERRA2,2019,6,0.8103624582290649
WA001,MERRA2,2019,7,0.5824992060661316
WA002,MERRA2,2019,7,5.643442153930664
WA003,MERRA2,2019,7,5.3321852684021
WA004,MERRA2,2019,7,3.240334272384644
WA005,MERRA2,2019,7,5.665039539337158
WA006,MERRA2,2019,7,4.782637596130371
WA007,MERRA2,2019,7,2.8133578300476074
WA008,MERRA2,2019,7,54.29954147338867
WA009,MERRA2,2019,7,40.72347259521485
WA010,MERRA2,2019,7,15.766260147094728
WA011,MERRA2,2019,7,5.903851509094238
WA012,MERRA2,2019,7,5.84995698928833
WA013,MERRA2,2019,7,4.533059120178223
WA014,MERRA2,2019,7,4.9417901039123535
WA015,MERRA2,2019,7,4.552262306213379
WA001,MERRA2,2019,8,5.535821437835693
WA002,MERRA2,2019,8,8.290382385253906
WA003,MERRA2,2019,8,8.265981674194336
WA004,MERRA2,2019,8,4.678917407989502
WA005,MERRA2,2019,8,11.7012300491333
WA006,MERRA2,2019,8,1.6400115489959717
WA007,MERRA2,2019,8,1.7443256378173828
WA008,MERRA2,2019,8,52.5894775390625
WA009,MERRA2,2019,8,38.61968994140625
WA010,MERRA2,2019,8,20.824411392211918
WA011,MERRA2,2019,8,2.206702470779419
WA012,MERRA2,2019,8,2.251084089279175
WA013,MERRA2,2019,8,7.675071716308594
WA014,MERRA2,2019,8,2.804731607437134
WA015,MERRA2,2019,8,12.047137260437012
WA001,MERRA2,2019,9,4.038183689117432
WA002,MERRA2,2019,9,5.728706359863281
WA003,MERRA2,2019,9,3.665836811065674
WA004,MERRA2,2019,9,1.29737651348114
WA005,MERRA2,2019,9,8.297329902648926
WA006,MERRA2,2019,9,6.396482467651367
WA007,MERRA2,2019,9,5.35568380355835
WA008,MERRA2,2019,9,14.92058563232422
WA009,MERRA2,2019,9,14.1234769821167
WA010,MERRA2,2019,9,14.07109546661377
WA011,MERRA2,2019,9,7.6079182624816895
WA012,MERRA2,2019,9,8.324514389038086
WA013,MERRA2,2019,9,1.9539132118225095
WA014,MERRA2,2019,9,7.839892387390137
WA015,MERRA2,2019,9,9.458035469055176
WA001,MERRA2,2019,10,2.8469526767730717
WA002,MERRA2,2019,10,3.996439695358277
WA003,MERRA2,2019,10,3.4234368801116943
WA004,MERRA2,2019,10,0.9227076768875122
WA005,MERRA2,2019,10,9.809433937072754
WA006,MERRA2,2019,10,8.926826477050781
WA007,MERRA2,2019,10,9.82627296447754
WA008,MERRA2,2019,10,10.04450511932373
WA009,MERRA2,2019,10,12.597397804260254
WA010,MERRA2,2019,10,31.30870246887207
WA011,MERRA2,2019,10,8.11680793762207
WA012,MERRA2,2019,10,11.96225357055664
WA013,MERRA2,2019,10,1.0111961364746094
WA014,MERRA2,2019,10,12.641275405883787
WA015,MERRA2,2019,10,3.497144222259521
WA001,MERRA2,2019,11,0.051666997373104
WA002,MERRA2,2019,11,0.0696535035967826
WA003,MERRA2,2019,11,0.0004049805284012109
WA004,MERRA2,2019,11,0.0003768819151446223
WA005,MERRA2,2019,11,3.2207319736480717
WA006,MERRA2,2019,11,2.129913568496704
WA007,MERRA2,2019,11,4.382930278778076
WA008,MERRA2,2019,11,3.5260958671569824
WA009,MERRA2,2019,11,6.803168773651123
WA010,MERRA2,2019,11,8.2042875289917
WA011,MERRA2,2019,11,1.7802599668502808
WA012,MERRA2,2019,11,2.257949113845825
WA013,MERRA2,2019,11,0.2142273634672165
WA014,MERRA2,2019,11,1.3994605541229248
WA015,MERRA2,2019,11,0.0505158640444278
WA001,MERRA2,2019,12,0.0648158714175224
WA002,MERRA2,2019,12,2.8814380352223945e-14
WA003,MERRA2,2019,12,3.164144293799076e-13
WA004,MERRA2,2019,12,5.309689557334626e-15
WA005,MERRA2,2019,12,1.8211775199006297e-08
WA006,MERRA2,2019,12,0.790486752986908
WA007,MERRA2,2019,12,1.74185311794281
WA008,MERRA2,2019,12,5.53069003217388e-06
WA009,MERRA2,2019,12,0.0073452615179121
WA010,MERRA2,2019,12,0.4056889116764068
WA011,MERRA2,2019,12,0.4326805770397186
WA012,MERRA2,2019,12,1.2996163368225098
WA013,MERRA2,2019,12,1.4018760596812283e-09
WA014,MERRA2,2019,12,0.4665091335773468
WA015,MERRA2,2019,12,0.0
WA001,MERRA2,2020,1,0.030852735042572
WA002,MERRA2,2020,1,2.794561737573531e-07
WA003,MERRA2,2020,1,1.4257563130115614e-08
WA004,MERRA2,2020,1,5.708435537599144e-07
WA005,MERRA2,2020,1,1.3391691027209165e-06
WA006,MERRA2,2020,1,0.1555127203464508
WA007,MERRA2,2020,1,0.3006035685539245
WA008,MERRA2,2020,1,0.0224292986094951
WA009,MERRA2,2020,1,0.0010944311507046
WA010,MERRA2,2020,1,0.0245651192963123
WA011,MERRA2,2020,1,0.1015423983335495
WA012,MERRA2,2020,1,0.0736736953258514
WA013,MERRA2,2020,1,1.1619147244346095e-06
WA014,MERRA2,2020,1,0.0267399884760379
WA015,MERRA2,2020,1,6.69798772001684e-10
WA001,MERRA2,2020,2,5.150978088378906
WA002,MERRA2,2020,2,0.000926734006498009
WA003,MERRA2,2020,2,2.664903409055341e-09
WA004,MERRA2,2020,2,1.1960061829796587e-09
WA005,MERRA2,2020,2,0.000531190016772598
WA006,MERRA2,2020,2,0.0875720232725143
WA007,MERRA2,2020,2,0.7943825125694275
WA008,MERRA2,2020,2,0.0
WA009,MERRA2,2020,2,0.000936255615670234
WA010,MERRA2,2020,2,0.2307790219783783
WA011,MERRA2,2020,2,0.0282332431524992
WA012,MERRA2,2020,2,0.022337781265378
WA013,MERRA2,2020,2,2.5717244511724857e-07
WA014,MERRA2,2020,2,1.287982702255249
WA015,MERRA2,2020,2,0.094004601240158
WA001,MERRA2,2020,3,1.9039227962493896
WA002,MERRA2,2020,3,3.863702774047852
WA003,MERRA2,2020,3,0.0270563196390867
WA004,MERRA2,2020,3,0.0142734171822667
WA005,MERRA2,2020,3,3.350522518157959
WA006,MERRA2,2020,3,3.3534953594207764
WA007,MERRA2,2020,3,4.935401439666748
WA008,MERRA2,2020,3,0.0332910604774951
WA009,MERRA2,2020,3,0.1417707204818725
WA010,MERRA2,2020,3,2.4596502780914307
WA011,MERRA2,2020,3,2.2753851413726807
WA012,MERRA2,2020,3,2.494223356246948
WA013,MERRA2,2020,3,1.9144889116287231
WA014,MERRA2,2020,3,4.6471266746521
WA015,MERRA2,2020,3,2.8501501083374023
WA001,MERRA2,2020,4,4.686220645904541
WA002,MERRA2,2020,4,6.654614448547363
WA003,MERRA2,2020,4,0.6828927993774414
WA004,MERRA2,2020,4,0.0086292289197444
WA005,MERRA2,2020,4,14.979181289672852
WA006,MERRA2,2020,4,3.948425054550171
WA007,MERRA2,2020,4,4.158198356628418
WA008,MERRA2,2020,4,1.44741952419281
WA009,MERRA2,2020,4,2.7990872859954834
WA010,MERRA2,2020,4,1.870062232017517
WA011,MERRA2,2020,4,3.736206531524658
WA012,MERRA2,2020,4,3.9309723377227774
WA013,MERRA2,2020,4,0.6862570643424988
WA014,MERRA2,2020,4,3.76340126991272
WA015,MERRA2,2020,4,1.4291690587997437
WA001,MERRA2,2020,5,0.0284393411129713
WA002,MERRA2,2020,5,2.202364683151245
WA003,MERRA2,2020,5,0.872033417224884
WA004,MERRA2,2020,5,0.368679016828537
WA005,MERRA2,2020,5,6.523049831390381
WA006,MERRA2,2020,5,7.636195182800293
WA007,MERRA2,2020,5,6.715794563293457
WA008,MERRA2,2020,5,12.533631324768066
WA009,MERRA2,2020,5,9.30153465270996
WA010,MERRA2,2020,5,5.939385890960693
WA011,MERRA2,2020,5,10.321097373962402
WA012,MERRA2,2020,5,9.16274642944336
WA013,MERRA2,2020,5,3.191277265548706
WA014,MERRA2,2020,5,6.427424430847168
WA015,MERRA2,2020,5,0.0007043551304377615
WA001,MERRA2,2020,6,0.222637727856636
WA002,MERRA2,2020,6,4.149949073791504
WA003,MERRA2,2020,6,4.943860054016113
WA004,MERRA2,2020,6,2.1772830486297607
WA005,MERRA2,2020,6,7.3729376792907715
WA006,MERRA2,2020,6,9.282366752624512
WA007,MERRA2,2020,6,10.76600456237793
WA008,MERRA2,2020,6,5.890190601348877
WA009,MERRA2,2020,6,4.607591152191162
WA010,MERRA2,2020,6,10.213422775268556
WA011,MERRA2,2020,6,11.926247596740724
WA012,MERRA2,2020,6,11.87008571624756
WA013,MERRA2,2020,6,1.2106877565383911
WA014,MERRA2,2020,6,8.588777542114258
WA015,MERRA2,2020,6,2.6562399864196777
WA001,MERRA2,2020,7,6.778268814086914
WA002,MERRA2,2020,7,7.323545455932617
WA003,MERRA2,2020,7,6.4941511154174805
WA004,MERRA2,2020,7,5.447790145874023
WA005,MERRA2,2020,7,19.553937911987305
WA006,MERRA2,2020,7,2.220377922058105
WA007,MERRA2,2020,7,3.041082859039306
WA008,MERRA2,2020,7,34.266361236572266
WA009,MERRA2,2020,7,36.92706298828125
WA010,MERRA2,2020,7,11.70048999786377
WA011,MERRA2,2020,7,2.805738925933838
WA012,MERRA2,2020,7,5.315255641937256
WA013,MERRA2,2020,7,9.15745449066162
WA014,MERRA2,2020,7,5.102982044219971
WA015,MERRA2,2020,7,9.426262855529783
WA001,MERRA2,2020,8,7.744168281555176
WA002,MERRA2,2020,8,9.247418403625488
WA003,MERRA2,2020,8,10.56118869781494
WA004,MERRA2,2020,8,9.449163436889648
WA005,MERRA2,2020,8,6.080935001373291
WA006,MERRA2,2020,8,0.6333604454994202
WA007,MERRA2,2020,8,0.5515946745872498
WA008,MERRA2,2020,8,24.00383758544922
WA009,MERRA2,2020,8,11.772332191467283
WA010,MERRA2,2020,8,11.701889038085938
WA011,MERRA2,2020,8,0.7475129961967468
WA012,MERRA2,2020,8,0.5356218814849854
WA013,MERRA2,2020,8,11.95233917236328
WA014,MERRA2,2020,8,1.226593852043152
WA015,MERRA2,2020,8,9.94918727874756
WA001,MERRA2,2020,9,10.892728805541992
WA002,MERRA2,2020,9,6.033394813537598
WA003,MERRA2,2020,9,7.021771430969238
WA004,MERRA2,2020,9,4.268097877502441
WA005,MERRA2,2020,9,11.619138717651367
WA006,MERRA2,2020,9,4.676356315612793
WA007,MERRA2,2020,9,4.355817794799805
WA008,MERRA2,2020,9,11.757346153259276
WA009,MERRA2,2020,9,3.9021849632263184
WA010,MERRA2,2020,9,9.844317436218262
WA011,MERRA2,2020,9,6.18618631362915
WA012,MERRA2,2020,9,9.110265731811523
WA013,MERRA2,2020,9,3.24476957321167
WA014,MERRA2,2020,9,4.323103904724121
WA015,MERRA2,2020,9,13.036277770996094
WA001,MERRA2,2020,10,3.7965645790100098
WA002,MERRA2,2020,10,1.4696149826049805
WA003,MERRA2,2020,10,1.658182144165039
WA004,MERRA2,2020,10,0.6219191551208496
WA005,MERRA2,2020,10,2.974808692932129
WA006,MERRA2,2020,10,7.12578821182251
WA007,MERRA2,2020,10,9.828805923461914
WA008,MERRA2,2020,10,8.76341724395752
WA009,MERRA2,2020,10,7.967454433441162
WA010,MERRA2,2020,10,4.422138690948486
WA011,MERRA2,2020,10,4.253687858581543
WA012,MERRA2,2020,10,4.009367942810059
WA013,MERRA2,2020,10,0.4422028660774231
WA014,MERRA2,2020,10,9.499773979187012
WA015,MERRA2,2020,10,3.663137674331665
WA001,MERRA2,2020,11,0.0182300452142953
WA002,MERRA2,2020,11,1.003465695248451e-05
WA003,MERRA2,2020,11,6.146062332845759e-06
WA004,MERRA2,2020,11,0.0078654047101736
WA005,MERRA2,2020,11,0.5241957902908325
WA006,MERRA2,2020,11,2.8135793209075928
WA007,MERRA2,2020,11,4.629172801971436
WA008,MERRA2,2020,11,0.1054863110184669
WA009,MERRA2,2020,11,0.1939818561077118
WA010,MERRA2,2020,11,1.1350964307785034
WA011,MERRA2,2020,11,1.4430923461914062
WA012,MERRA2,2020,11,2.0478248596191406
WA013,MERRA2,2020,11,5.268167972564697
WA014,MERRA2,2020,11,2.6593942642211914
WA015,MERRA2,2020,11,0.0510321445763111
WA001,MERRA2,2020,12,0.3603426516056061
WA002,MERRA2,2020,12,1.9408957996347453e-08
WA003,MERRA2,2020,12,2.5484395038688493e-08
WA004,MERRA2,2020,12,3.7119077256342337e-10
WA005,MERRA2,2020,12,0.00029309827368706465
WA006,MERRA2,2020,12,1.1668576002120972
WA007,MERRA2,2020,12,2.862323045730591
WA008,MERRA2,2020,12,2.736416035986622e-07
WA009,MERRA2,2020,12,0.0406665280461311
WA010,MERRA2,2020,12,1.3585448265075684
WA011,MERRA2,2020,12,0.9022744297981262
WA012,MERRA2,2020,12,0.9258742332458496
WA013,MERRA2,2020,12,2.3368314228111583e-11
WA014,MERRA2,2020,12,0.7520425319671631
WA015,MERRA2,2020,12,1.0211131211690372e-06
