system:index,month,precip_mm_day,product,station_id,year,.geo
20000601000000_0,6,0.0997667014598846,GPM_IMERG,WA001,2000,"{""type"":""Point"",""coordinates"":[-17.470000000000002,14.73]}"
20000601000000_1,6,4.029923439025879,GPM_IMERG,WA002,2000,"{""type"":""Point"",""coordinates"":[-7.949999999999998,12.65]}"
20000601000000_2,6,3.992431402206421,GPM_IMERG,WA003,2000,"{""type"":""Point"",""coordinates"":[-1.5200000000000002,12.360000000000001]}"
20000601000000_3,6,2.9631266593933105,GPM_IMERG,WA004,2000,"{""type"":""Point"",""coordinates"":[2.17,13.51]}"
20000601000000_4,6,6.000070571899414,GPM_IMERG,WA005,2000,"{""type"":""Point"",""coordinates"":[7.33,9.07]}"
20000601000000_5,6,4.977797985076904,GPM_IMERG,WA006,2000,"{""type"":""Point"",""coordinates"":[-0.17,5.56]}"
20000601000000_6,6,14.262650489807127,GPM_IMERG,WA007,2000,"{""type"":""Point"",""coordinates"":[-3.9299999999999997,5.349999999999999]}"
20000601000000_7,6,10.448038101196287,GPM_IMERG,WA008,2000,"{""type"":""Point"",""coordinates"":[-13.67,9.53]}"
20000601000000_8,6,12.432350158691406,GPM_IMERG,WA009,2000,"{""type"":""Point"",""coordinates"":[-13.230000000000002,8.489999999999998]}"
20000601000000_9,6,15.930805206298828,GPM_IMERG,WA010,2000,"{""type"":""Point"",""coordinates"":[-10.799999999999999,6.3]}"
20000601000000_10,6,4.969673156738281,GPM_IMERG,WA011,2000,"{""type"":""Point"",""coordinates"":[1.22,6.130000000000001]}"
20000601000000_11,6,5.708019733428955,GPM_IMERG,WA012,2000,"{""type"":""Point"",""coordinates"":[2.42,6.37]}"
20000601000000_12,6,3.8255057334899902,GPM_IMERG,WA013,2000,"{""type"":""Point"",""coordinates"":[8.52,12.05]}"
20000601000000_13,6,11.314682006835938,GPM_IMERG,WA014,2000,"{""type"":""Point"",""coordinates"":[-1.62,6.69]}"
20000601000000_14,6,2.8534207344055176,GPM_IMERG,WA015,2000,"{""type"":""Point"",""coordinates"":[-16.680000000000003,13.45]}"
20000701000000_0,7,4.433528900146484,GPM_IMERG,WA001,2000,"{""type"":""Point"",""coordinates"":[-17.470000000000002,14.73]}"
20000701000000_1,7,8.034698486328125,GPM_IMERG,WA002,2000,"{""type"":""Point"",""coordinates"":[-7.949999999999998,12.65]}"
20000701000000_2,7,6.323875904083252,GPM_IMERG,WA003,2000,"{""type"":""Point"",""coordinates"":[-1.5200000000000002,12.360000000000001]}"
20000701000000_3,7,6.041927814483643,GPM_IMERG,WA004,2000,"{""type"":""Point"",""coordinates"":[2.17,13.51]}"
20000701000000_4,7,7.420069694519043,GPM_IMERG,WA005,2000,"{""type"":""Point"",""coordinates"":[7.33,9.07]}"
20000701000000_5,7,2.772955894470215,GPM_IMERG,WA006,2000,"{""type"":""Point"",""coordinates"":[-0.17,5.56]}"
20000701000000_6,7,4.296800136566162,GPM_IMERG,WA007,2000,"{""type"":""Point"",""coordinates"":[-3.9299999999999997,5.349999999999999]}"
20000701000000_7,7,17.771709442138672,GPM_IMERG,WA008,2000,"{""type"":""Point"",""coordinates"":[-13.67,9.53]}"
20000701000000_8,7,12.86549472808838,GPM_IMERG,WA009,2000,"{""type"":""Point"",""coordinates"":[-13.230000000000002,8.489999999999998]}"
20000701000000_9,7,12.27139663696289,GPM_IMERG,WA010,2000,"{""type"":""Point"",""coordinates"":[-10.799999999999999,6.3]}"
20000701000000_10,7,2.279194593429565,GPM_IMERG,WA011,2000,"{""type"":""Point"",""coordinates"":[1.22,6.130000000000001]}"
20000701000000_11,7,2.88514256477356,GPM_IMERG,WA012,2000,"{""type"":""Point"",""coordinates"":[2.42,6.37]}"
20000701000000_12,7,7.24837064743042,GPM_IMERG,WA013,2000,"{""type"":""Point"",""coordinates"":[8.52,12.05]}"
20000701000000_13,7,5.141321182250977,GPM_IMERG,WA014,2000,"{""type"":""Point"",""coordinates"":[-1.62,6.69]}"
20000701000000_14,7,9.088034629821776,GPM_IMERG,WA015,2000,"{""type"":""Point"",""coordinates"":[-16.680000000000003,13.45]}"
20000801000000_0,8,5.337971210479736,GPM_IMERG,WA001,2000,"{""type"":""Point"",""coordinates"":[-17.470000000000002,14.73]}"
20000801000000_1,8,7.913526058197021,GPM_IMERG,WA002,2000,"{""type"":""Point"",""coordinates"":[-7.949999999999998,12.65]}"
20000801000000_2,8,5.234062194824219,GPM_IMERG,WA003,2000,"{""type"":""Point"",""coordinates"":[-1.5200000000000002,12.360000000000001]}"
20000801000000_3,8,4.042348384857178,GPM_IMERG,WA004,2000,"{""type"":""Point"",""coordinates"":[2.17,13.51]}"
20000801000000_4,8,8.620323181152344,GPM_IMERG,WA005,2000,"{""type"":""Point"",""coordinates"":[7.33,9.07]}"
20000801000000_5,8,1.8033571243286133,GPM_IMERG,WA006,2000,"{""type"":""Point"",""coordinates"":[-0.17,5.56]}"
20000801000000_6,8,1.3689287900924685,GPM_IMERG,WA007,2000,"{""type"":""Point"",""coordinates"":[-3.9299999999999997,5.349999999999999]}"
20000801000000_7,8,17.288541793823242,GPM_IMERG,WA008,2000,"{""type"":""Point"",""coordinates"":[-13.67,9.53]}"
20000801000000_8,8,14.88275909423828,GPM_IMERG,WA009,2000,"{""type"":""Point"",""coordinates"":[-13.230000000000002,8.489999999999998]}"
20000801000000_9,8,10.412811279296877,GPM_IMERG,WA010,2000,"{""type"":""Point"",""coordinates"":[-10.799999999999999,6.3]}"
20000801000000_10,8,2.6854171752929688,GPM_IMERG,WA011,2000,"{""type"":""Point"",""coordinates"":[1.22,6.130000000000001]}"
20000801000000_11,8,3.421614170074463,GPM_IMERG,WA012,2000,"{""type"":""Point"",""coordinates"":[2.42,6.37]}"
20000801000000_12,8,6.849699974060059,GPM_IMERG,WA013,2000,"{""type"":""Point"",""coordinates"":[8.52,12.05]}"
20000801000000_13,8,3.0618817806243896,GPM_IMERG,WA014,2000,"{""type"":""Point"",""coordinates"":[-1.62,6.69]}"
20000801000000_14,8,9.818570137023926,GPM_IMERG,WA015,2000,"{""type"":""Point"",""coordinates"":[-16.680000000000003,13.45]}"
20000901000000_0,9,1.9183140993118288,GPM_IMERG,WA001,2000,"{""type"":""Point"",""coordinates"":[-17.470000000000002,14.73]}"
20000901000000_1,9,3.081016540527344,GPM_IMERG,WA002,2000,"{""type"":""Point"",""coordinates"":[-7.949999999999998,12.65]}"
20000901000000_2,9,2.364225149154663,GPM_IMERG,WA003,2000,"{""type"":""Point"",""coordinates"":[-1.5200000000000002,12.360000000000001]}"
20000901000000_3,9,1.3531522750854492,GPM_IMERG,WA004,2000,"{""type"":""Point"",""coordinates"":[2.17,13.51]}"
20000901000000_4,9,8.616064071655273,GPM_IMERG,WA005,2000,"{""type"":""Point"",""coordinates"":[7.33,9.07]}"
20000901000000_5,9,2.017237663269043,GPM_IMERG,WA006,2000,"{""type"":""Point"",""coordinates"":[-0.17,5.56]}"
20000901000000_6,9,1.477220058441162,GPM_IMERG,WA007,2000,"{""type"":""Point"",""coordinates"":[-3.9299999999999997,5.349999999999999]}"
20000901000000_7,9,13.810040473937988,GPM_IMERG,WA008,2000,"{""type"":""Point"",""coordinates"":[-13.67,9.53]}"
20000901000000_8,9,14.186540603637695,GPM_IMERG,WA009,2000,"{""type"":""Point"",""coordinates"":[-13.230000000000002,8.489999999999998]}"
20000901000000_9,9,16.925975799560547,GPM_IMERG,WA010,2000,"{""type"":""Point"",""coordinates"":[-10.799999999999999,6.3]}"
20000901000000_10,9,3.0507960319519043,GPM_IMERG,WA011,2000,"{""type"":""Point"",""coordinates"":[1.22,6.130000000000001]}"
20000901000000_11,9,5.510002613067627,GPM_IMERG,WA012,2000,"{""type"":""Point"",""coordinates"":[2.42,6.37]}"
20000901000000_12,9,4.077887535095215,GPM_IMERG,WA013,2000,"{""type"":""Point"",""coordinates"":[8.52,12.05]}"
20000901000000_13,9,4.443057060241699,GPM_IMERG,WA014,2000,"{""type"":""Point"",""coordinates"":[-1.62,6.69]}"
20000901000000_14,9,8.811668395996094,GPM_IMERG,WA015,2000,"{""type"":""Point"",""coordinates"":[-16.680000000000003,13.45]}"
20001001000000_0,10,2.932256937026977,GPM_IMERG,WA001,2000,"{""type"":""Point"",""coordinates"":[-17.470000000000002,14.73]}"
20001001000000_1,10,1.6294025182724,GPM_IMERG,WA002,2000,"{""type"":""Point"",""coordinates"":[-7.949999999999998,12.65]}"
20001001000000_2,10,1.227833867073059,GPM_IMERG,WA003,2000,"{""type"":""Point"",""coordinates"":[-1.5200000000000002,12.360000000000001]}"
20001001000000_3,10,0.1678223013877868,GPM_IMERG,WA004,2000,"{""type"":""Point"",""coordinates"":[2.17,13.51]}"
20001001000000_4,10,3.5177760124206543,GPM_IMERG,WA005,2000,"{""type"":""Point"",""coordinates"":[7.33,9.07]}"
20001001000000_5,10,2.481757640838623,GPM_IMERG,WA006,2000,"{""type"":""Point"",""coordinates"":[-0.17,5.56]}"
20001001000000_6,10,3.415175437927246,GPM_IMERG,WA007,2000,"{""type"":""Point"",""coordinates"":[-3.9299999999999997,5.349999999999999]}"
20001001000000_7,10,7.406079292297363,GPM_IMERG,WA008,2000,"{""type"":""Point"",""coordinates"":[-13.67,9.53]}"
20001001000000_8,10,6.348912715911865,GPM_IMERG,WA009,2000,"{""type"":""Point"",""coordinates"":[-13.230000000000002,8.489999999999998]}"
20001001000000_9,10,13.412492752075195,GPM_IMERG,WA010,2000,"{""type"":""Point"",""coordinates"":[-10.799999999999999,6.3]}"
20001001000000_10,10,2.8450722694396973,GPM_IMERG,WA011,2000,"{""type"":""Point"",""coordinates"":[1.22,6.130000000000001]}"
20001001000000_11,10,3.456378221511841,GPM_IMERG,WA012,2000,"{""type"":""Point"",""coordinates"":[2.42,6.37]}"
20001001000000_12,10,1.1855485439300537,GPM_IMERG,WA013,2000,"{""type"":""Point"",""coordinates"":[8.52,12.05]}"
20001001000000_13,10,3.398249387741089,GPM_IMERG,WA014,2000,"{""type"":""Point"",""coordinates"":[-1.62,6.69]}"
20001001000000_14,10,5.074459075927734,GPM_IMERG,WA015,2000,"{""type"":""Point"",""coordinates"":[-16.680000000000003,13.45]}"
20001101000000_0,11,0.0622714608907699,GPM_IMERG,WA001,2000,"{""type"":""Point"",""coordinates"":[-17.470000000000002,14.73]}"
20001101000000_1,11,0.2237646281719207,GPM_IMERG,WA002,2000,"{""type"":""Point"",""coordinates"":[-7.949999999999998,12.65]}"
20001101000000_2,11,0.0,GPM_IMERG,WA003,2000,"{""type"":""Point"",""coordinates"":[-1.5200000000000002,12.360000000000001]}"
20001101000000_3,11,0.0,GPM_IMERG,WA004,2000,"{""type"":""Point"",""coordinates"":[2.17,13.51]}"
20001101000000_4,11,0.0,GPM_IMERG,WA005,2000,"{""type"":""Point"",""coordinates"":[7.33,9.07]}"
20001101000000_5,11,1.7630237340927124,GPM_IMERG,WA006,2000,"{""type"":""Point"",""coordinates"":[-0.17,5.56]}"
20001101000000_6,11,3.6006574630737305,GPM_IMERG,WA007,2000,"{""type"":""Point"",""coordinates"":[-3.9299999999999997,5.349999999999999]}"
20001101000000_7,11,1.038174390792847,GPM_IMERG,WA008,2000,"{""type"":""Point"",""coordinates"":[-13.67,9.53]}"
20001101000000_8,11,2.6478137969970703,GPM_IMERG,WA009,2000,"{""type"":""Point"",""coordinates"":[-13.230000000000002,8.489999999999998]}"
20001101000000_9,11,7.591096878051758,GPM_IMERG,WA010,2000,"{""type"":""Point"",""coordinates"":[-10.799999999999999,6.3]}"
20001101000000_10,11,1.0800117254257202,GPM_IMERG,WA011,2000,"{""type"":""Point"",""coordinates"":[1.22,6.130000000000001]}"
20001101000000_11,11,1.2287102937698364,GPM_IMERG,WA012,2000,"{""type"":""Point"",""coordinates"":[2.42,6.37]}"
20001101000000_12,11,0.0098354537039995,GPM_IMERG,WA013,2000,"{""type"":""Point"",""coordinates"":[8.52,12.05]}"
20001101000000_13,11,2.9713594913482666,GPM_IMERG,WA014,2000,"{""type"":""Point"",""coordinates"":[-1.62,6.69]}"
20001101000000_14,11,0.0192174185067415,GPM_IMERG,WA015,2000,"{""type"":""Point"",""coordinates"":[-16.680000000000003,13.45]}"
20001201000000_0,12,0.0,GPM_IMERG,WA001,2000,"{""type"":""Point"",""coordinates"":[-17.470000000000002,14.73]}"
20001201000000_1,12,0.0,GPM_IMERG,WA002,2000,"{""type"":""Point"",""coordinates"":[-7.949999999999998,12.65]}"
20001201000000_2,12,0.0,GPM_IMERG,WA003,2000,"{""type"":""Point"",""coordinates"":[-1.5200000000000002,12.360000000000001]}"
20001201000000_3,12,0.0,GPM_IMERG,WA004,2000,"{""type"":""Point"",""coordinates"":[2.17,13.51]}"
20001201000000_4,12,0.0,GPM_IMERG,WA005,2000,"{""type"":""Point"",""coordinates"":[7.33,9.07]}"
20001201000000_5,12,0.8306283950805664,GPM_IMERG,WA006,2000,"{""type"":""Point"",""coordinates"":[-0.17,5.56]}"
20001201000000_6,12,1.1162757873535156,GPM_IMERG,WA007,2000,"{""type"":""Point"",""coordinates"":[-3.9299999999999997,5.349999999999999]}"
20001201000000_7,12,0.029896231368184,GPM_IMERG,WA008,2000,"{""type"":""Point"",""coordinates"":[-13.67,9.53]}"
20001201000000_8,12,0.2658123075962066,GPM_IMERG,WA009,2000,"{""type"":""Point"",""coordinates"":[-13.230000000000002,8.489999999999998]}"
20001201000000_9,12,0.954112470149994,GPM_IMERG,WA010,2000,"{""type"":""Point"",""coordinates"":[-10.799999999999999,6.3]}"
20001201000000_10,12,0.3283134698867798,GPM_IMERG,WA011,2000,"{""type"":""Point"",""coordinates"":[1.22,6.130000000000001]}"
20001201000000_11,12,0.0797779038548469,GPM_IMERG,WA012,2000,"{""type"":""Point"",""coordinates"":[2.42,6.37]}"
20001201000000_12,12,0.0,GPM_IMERG,WA013,2000,"{""type"":""Point"",""coordinates"":[8.52,12.05]}"
20001201000000_13,12,0.4421505331993103,GPM_IMERG,WA014,2000,"{""type"":""Point"",""coordinates"":[-1.62,6.69]}"
20001201000000_14,12,0.0014082533307373,GPM_IMERG,WA015,2000,"{""type"":""Point"",""coordinates"":[-16.680000000000003,13.45]}"
20010101000000_0,1,0.0,GPM_IMERG,WA001,2001,"{""type"":""Point"",""coordinates"":[-17.470000000000002,14.73]}"
20010101000000_1,1,0.0,GPM_IMERG,WA002,2001,"{""type"":""Point"",""coordinates"":[-7.949999999999998,12.65]}"
20010101000000_2,1,0.0,GPM_IMERG,WA003,2001,"{""type"":""Point"",""coordinates"":[-1.5200000000000002,12.360000000000001]}"
20010101000000_3,1,0.0,GPM_IMERG,WA004,2001,"{""type"":""Point"",""coordinates"":[2.17,13.51]}"
20010101000000_4,1,0.0,GPM_IMERG,WA005,2001,"{""type"":""Point"",""coordinates"":[7.33,9.07]}"
20010101000000_5,1,0.0881223231554031,GPM_IMERG,WA006,2001,"{""type"":""Point"",""coordinates"":[-0.17,5.56]}"
20010101000000_6,1,0.0873690024018287,GPM_IMERG,WA007,2001,"{""type"":""Point"",""coordinates"":[-3.9299999999999997,5.349999999999999]}"
20010101000000_7,1,0.005897878203541,GPM_IMERG,WA008,2001,"{""type"":""Point"",""coordinates"":[-13.67,9.53]}"
20010101000000_8,1,0.0565188117325305,GPM_IMERG,WA009,2001,"{""type"":""Point"",""coordinates"":[-13.230000000000002,8.489999999999998]}"
20010101000000_9,1,0.6912230849266052,GPM_IMERG,WA010,2001,"{""type"":""Point"",""coordinates"":[-10.799999999999999,6.3]}"
20010101000000_10,1,0.0240000002086162,GPM_IMERG,WA011,2001,"{""type"":""Point"",""coordinates"":[1.22,6.130000000000001]}"
20010101000000_11,1,0.1874739825725555,GPM_IMERG,WA012,2001,"{""type"":""Point"",""coordinates"":[2.42,6.37]}"
20010101000000_12,1,0.0,GPM_IMERG,WA013,2001,"{""type"":""Point"",""coordinates"":[8.52,12.05]}"
20010101000000_13,1,0.0508160777390003,GPM_IMERG,WA014,2001,"{""type"":""Point"",""coordinates"":[-1.62,6.69]}"
20010101000000_14,1,0.0,GPM_IMERG,WA015,2001,"{""type"":""Point"",""coordinates"":[-16.680000000000003,13.45]}"
,1,0.0,GPM_IMERG,WA016,2001,
20010201000000_0,2,0.016504768282175,GPM_IMERG,WA001,2001,"{""type"":""Point"",""coordinates"":[-17.470000000000002,14.73]}"
20010201000000_1,2,0.0,GPM_IMERG,WA002,2001,"{""type"":""Point"",""coordinates"":[-7.949999999999998,12.65]}"
20010201000000_2,2,0.0,GPM_IMERG,WA003,2001,"{""type"":""Point"",""coordinates"":[-1.5200000000000002,12.360000000000001]}"
20010201000000_3,2,0.0,GPM_IMERG,WA004,2001,"{""type"":""Point"",""coordinates"":[2.17,13.51]}"
20010201000000_4,2,0.0224974956363439,GPM_IMERG,WA005,2001,"{""type"":""Point"",""coordinates"":[7.33,9.07]}"
20010201000000_5,2,0.5615858435630798,GPM_IMERG,WA006,2001,"{""type"":""Point"",""coordinates"":[-0.17,5.56]}"
20010201000000_6,2,2.382446050643921,GPM_IMERG,WA007,2001,"{""type"":""Point"",""coordinates"":[-3.9299999999999997,5.349999999999999]}"
20010201000000_7,2,0.0178036745637655,GPM_IMERG,WA008,2001,"{""type"":""Point"",""coordinates"":[-13.67,9.53]}"
20010201000000_8,2,0.1106856763362884,GPM_IMERG,WA009,2001,"{""type"":""Point"",""coordinates"":[-13.230000000000002,8.489999999999998]}"
20010201000000_9,2,0.2046551555395126,GPM_IMERG,WA010,2001,"{""type"":""Point"",""coordinates"":[-10.799999999999999,6.3]}"
20010201000000_10,2,0.5015666484832764,GPM_IMERG,WA011,2001,"{""type"":""Point"",""coordinates"":[1.22,6.130000000000001]}"
20010201000000_11,2,0.3118216693401336,GPM_IMERG,WA012,2001,"{""type"":""Point"",""coordinates"":[2.42,6.37]}"
20010201000000_12,2,0.0,GPM_IMERG,WA013,2001,"{""type"":""Point"",""coordinates"":[8.52,12.05]}"
20010201000000_13,2,0.6089871525764465,GPM_IMERG,WA014,2001,"{""type"":""Point"",""coordinates"":[-1.62,6.69]}"
20010201000000_14,2,0.0014082533307373,GPM_IMERG,WA015,2001,"{""type"":""Point"",""coordinates"":[-16.680000000000003,13.45]}"
,2,0.021850323,GPM_IMERG,WA016,2001,
20010301000000_0,3,0.0510286130011081,GPM_IMERG,WA001,2001,"{""type"":""Point"",""coordinates"":[-17.470000000000002,14.73]}"
20010301000000_1,3,0.0270028132945299,GPM_IMERG,WA002,2001,"{""type"":""Point"",""coordinates"":[-7.949999999999998,12.65]}"
20010301000000_2,3,0.0084339575842022,GPM_IMERG,WA003,2001,"{""type"":""Point"",""coordinates"":[-1.5200000000000002,12.360000000000001]}"
20010301000000_3,3,0.0,GPM_IMERG,WA004,2001,"{""type"":""Point"",""coordinates"":[2.17,13.51]}"
20010301000000_4,3,0.1483924239873886,GPM_IMERG,WA005,2001,"{""type"":""Point"",""coordinates"":[7.33,9.07]}"
20010301000000_5,3,2.6784121990203857,GPM_IMERG,WA006,2001,"{""type"":""Point"",""coordinates"":[-0.17,5.56]}"
20010301000000_6,3,3.0900697708129883,GPM_IMERG,WA007,2001,"{""type"":""Point"",""coordinates"":[-3.9299999999999997,5.349999999999999]}"
20010301000000_7,3,0.0449020639061927,GPM_IMERG,WA008,2001,"{""type"":""Point"",""coordinates"":[-13.67,9.53]}"
20010301000000_8,3,0.1610269844532013,GPM_IMERG,WA009,2001,"{""type"":""Point"",""coordinates"":[-13.230000000000002,8.489999999999998]}"
20010301000000_9,3,1.691487431526184,GPM_IMERG,WA010,2001,"{""type"":""Point"",""coordinates"":[-10.799999999999999,6.3]}"
20010301000000_10,3,2.097596883773804,GPM_IMERG,WA011,2001,"{""type"":""Point"",""coordinates"":[1.22,6.130000000000001]}"
20010301000000_11,3,1.408520221710205,GPM_IMERG,WA012,2001,"{""type"":""Point"",""coordinates"":[2.42,6.37]}"
20010301000000_12,3,0.0019670906476676,GPM_IMERG,WA013,2001,"{""type"":""Point"",""coordinates"":[8.52,12.05]}"
20010301000000_13,3,6.176824569702148,GPM_IMERG,WA014,2001,"{""type"":""Point"",""coordinates"":[-1.62,6.69]}"
20010301000000_14,3,0.0,GPM_IMERG,WA015,2001,"{""type"":""Point"",""coordinates"":[-16.680000000000003,13.45]}"
,3,0.0,GPM_IMERG,WA016,2001,
20010401000000_0,4,0.0975333899259567,GPM_IMERG,WA001,2001,"{""type"":""Point"",""coordinates"":[-17.470000000000002,14.73]}"
20010401000000_1,4,0.8775851130485535,GPM_IMERG,WA002,2001,"{""type"":""Point"",""coordinates"":[-7.949999999999998,12.65]}"
20010401000000_2,4,0.134426012635231,GPM_IMERG,WA003,2001,"{""type"":""Point"",""coordinates"":[-1.5200000000000002,12.360000000000001]}"
20010401000000_3,4,0.0272827036678791,GPM_IMERG,WA004,2001,"{""type"":""Point"",""coordinates"":[2.17,13.51]}"
20010401000000_4,4,3.395397186279297,GPM_IMERG,WA005,2001,"{""type"":""Point"",""coordinates"":[7.33,9.07]}"
20010401000000_5,4,4.584334850311279,GPM_IMERG,WA006,2001,"{""type"":""Point"",""coordinates"":[-0.17,5.56]}"
20010401000000_6,4,8.086954116821289,GPM_IMERG,WA007,2001,"{""type"":""Point"",""coordinates"":[-3.9299999999999997,5.349999999999999]}"
20010401000000_7,4,0.1852333098649978,GPM_IMERG,WA008,2001,"{""type"":""Point"",""coordinates"":[-13.67,9.53]}"
20010401000000_8,4,0.6639186143875122,GPM_IMERG,WA009,2001,"{""type"":""Point"",""coordinates"":[-13.230000000000002,8.489999999999998]}"
20010401000000_9,4,4.043298244476318,GPM_IMERG,WA010,2001,"{""type"":""Point"",""coordinates"":[-10.799999999999999,6.3]}"
20010401000000_10,4,5.596468925476074,GPM_IMERG,WA011,2001,"{""type"":""Point"",""coordinates"":[1.22,6.130000000000001]}"
20010401000000_11,4,5.931093215942383,GPM_IMERG,WA012,2001,"{""type"":""Point"",""coordinates"":[2.42,6.37]}"
20010401000000_12,4,0.9504604935646056,GPM_IMERG,WA013,2001,"{""type"":""Point"",""coordinates"":[8.52,12.05]}"
20010401000000_13,4,7.653892517089844,GPM_IMERG,WA014,2001,"{""type"":""Point"",""coordinates"":[-1.62,6.69]}"
20010401000000_14,4,0.0,GPM_IMERG,WA015,2001,"{""type"":""Point"",""coordinates"":[-16.680000000000003,13.45]}"
,4,0.013308068,GPM_IMERG,WA016,2001,
20010501000000_0,5,0.0480190776288509,GPM_IMERG,WA001,2001,"{""type"":""Point"",""coordinates"":[-17.470000000000002,14.73]}"
20010501000000_1,5,0.7483717799186707,GPM_IMERG,WA002,2001,"{""type"":""Point"",""coordinates"":[-7.949999999999998,12.65]}"
20010501000000_2,5,1.8458759784698489,GPM_IMERG,WA003,2001,"{""type"":""Point"",""coordinates"":[-1.5200000000000002,12.360000000000001]}"
20010501000000_3,5,0.3318427205085754,GPM_IMERG,WA004,2001,"{""type"":""Point"",""coordinates"":[2.17,13.51]}"
20010501000000_4,5,4.131476402282715,GPM_IMERG,WA005,2001,"{""type"":""Point"",""coordinates"":[7.33,9.07]}"
20010501000000_5,5,5.995110034942627,GPM_IMERG,WA006,2001,"{""type"":""Point"",""coordinates"":[-0.17,5.56]}"
20010501000000_6,5,4.226795196533203,GPM_IMERG,WA007,2001,"{""type"":""Point"",""coordinates"":[-3.9299999999999997,5.349999999999999]}"
20010501000000_7,5,5.450767993927002,GPM_IMERG,WA008,2001,"{""type"":""Point"",""coordinates"":[-13.67,9.53]}"
20010501000000_8,5,6.696633815765381,GPM_IMERG,WA009,2001,"{""type"":""Point"",""coordinates"":[-13.230000000000002,8.489999999999998]}"
20010501000000_9,5,10.140617370605469,GPM_IMERG,WA010,2001,"{""type"":""Point"",""coordinates"":[-10.799999999999999,6.3]}"
20010501000000_10,5,5.681504249572754,GPM_IMERG,WA011,2001,"{""type"":""Point"",""coordinates"":[1.22,6.130000000000001]}"
20010501000000_11,5,6.855640888214111,GPM_IMERG,WA012,2001,"{""type"":""Point"",""coordinates"":[2.42,6.37]}"
20010501000000_12,5,1.7166060209274292,GPM_IMERG,WA013,2001,"{""type"":""Point"",""coordinates"":[8.52,12.05]}"
20010501000000_13,5,3.8925979137420654,GPM_IMERG,WA014,2001,"{""type"":""Point"",""coordinates"":[-1.62,6.69]}"
20010501000000_14,5,0.0164009109139442,GPM_IMERG,WA015,2001,"{""type"":""Point"",""coordinates"":[-16.680000000000003,13.45]}"
,5,0.016415235,GPM_IMERG,WA016,2001,
20010601000000_0,6,0.3068144023418426,GPM_IMERG,WA001,2001,"{""type"":""Point"",""coordinates"":[-17.470000000000002,14.73]}"
20010601000000_1,6,4.572721481323242,GPM_IMERG,WA002,2001,"{""type"":""Point"",""coordinates"":[-7.949999999999998,12.65]}"
20010601000000_2,6,1.9471901655197144,GPM_IMERG,WA003,2001,"{""type"":""Point"",""coordinates"":[-1.5200000000000002,12.360000000000001]}"
20010601000000_3,6,3.3830103874206543,GPM_IMERG,WA004,2001,"{""type"":""Point"",""coordinates"":[2.17,13.51]}"
20010601000000_4,6,6.720752239227295,GPM_IMERG,WA005,2001,"{""type"":""Point"",""coordinates"":[7.33,9.07]}"
20010601000000_5,6,7.034790515899658,GPM_IMERG,WA006,2001,"{""type"":""Point"",""coordinates"":[-0.17,5.56]}"
20010601000000_6,6,12.938718795776367,GPM_IMERG,WA007,2001,"{""type"":""Point"",""coordinates"":[-3.9299999999999997,5.349999999999999]}"
20010601000000_7,6,13.259775161743164,GPM_IMERG,WA008,2001,"{""type"":""Point"",""coordinates"":[-13.67,9.53]}"
20010601000000_8,6,14.509098052978516,GPM_IMERG,WA009,2001,"{""type"":""Point"",""coordinates"":[-13.230000000000002,8.489999999999998]}"
20010601000000_9,6,12.96335220336914,GPM_IMERG,WA010,2001,"{""type"":""Point"",""coordinates"":[-10.799999999999999,6.3]}"
20010601000000_10,6,6.75078010559082,GPM_IMERG,WA011,2001,"{""type"":""Point"",""coordinates"":[1.22,6.130000000000001]}"
20010601000000_11,6,7.143264293670654,GPM_IMERG,WA012,2001,"{""type"":""Point"",""coordinates"":[2.42,6.37]}"
20010601000000_12,6,6.107641220092773,GPM_IMERG,WA013,2001,"{""type"":""Point"",""coordinates"":[8.52,12.05]}"
20010601000000_13,6,7.108301639556885,GPM_IMERG,WA014,2001,"{""type"":""Point"",""coordinates"":[-1.62,6.69]}"
20010601000000_14,6,2.710092782974243,GPM_IMERG,WA015,2001,"{""type"":""Point"",""coordinates"":[-16.680000000000003,13.45]}"
,6,0.048654035,GPM_IMERG,WA016,2001,
20010701000000_0,7,3.81631851196289,GPM_IMERG,WA001,2001,"{""type"":""Point"",""coordinates"":[-17.470000000000002,14.73]}"
20010701000000_1,7,7.562602519989014,GPM_IMERG,WA002,2001,"{""type"":""Point"",""coordinates"":[-7.949999999999998,12.65]}"
20010701000000_2,7,6.091021537780762,GPM_IMERG,WA003,2001,"{""type"":""Point"",""coordinates"":[-1.5200000000000002,12.360000000000001]}"
20010701000000_3,7,5.134603500366211,GPM_IMERG,WA004,2001,"{""type"":""Point"",""coordinates"":[2.17,13.51]}"
20010701000000_4,7,9.767449378967283,GPM_IMERG,WA005,2001,"{""type"":""Point"",""coordinates"":[7.33,9.07]}"
20010701000000_5,7,1.189436435699463,GPM_IMERG,WA006,2001,"{""type"":""Point"",""coordinates"":[-0.17,5.56]}"
20010701000000_6,7,7.387336254119873,GPM_IMERG,WA007,2001,"{""type"":""Point"",""coordinates"":[-3.9299999999999997,5.349999999999999]}"
20010701000000_7,7,22.616596221923828,GPM_IMERG,WA008,2001,"{""type"":""Point"",""coordinates"":[-13.67,9.53]}"
20010701000000_8,7,17.96057891845703,GPM_IMERG,WA009,2001,"{""type"":""Point"",""coordinates"":[-13.230000000000002,8.489999999999998]}"
20010701000000_9,7,12.5995454788208,GPM_IMERG,WA010,2001,"{""type"":""Point"",""coordinates"":[-10.799999999999999,6.3]}"
20010701000000_10,7,1.2479246854782104,GPM_IMERG,WA011,2001,"{""type"":""Point"",""coordinates"":[1.22,6.130000000000001]}"
20010701000000_11,7,2.412527322769165,GPM_IMERG,WA012,2001,"{""type"":""Point"",""coordinates"":[2.42,6.37]}"
20010701000000_12,7,11.64959716796875,GPM_IMERG,WA013,2001,"{""type"":""Point"",""coordinates"":[8.52,12.05]}"
20010701000000_13,7,3.185353279113769,GPM_IMERG,WA014,2001,"{""type"":""Point"",""coordinates"":[-1.62,6.69]}"
20010701000000_14,7,8.955256462097168,GPM_IMERG,WA015,2001,"{""type"":""Point"",""coordinates"":[-16.680000000000003,13.45]}"
,7,0.48299494,GPM_IMERG,WA016,2001,
20010801000000_0,8,5.359762668609619,GPM_IMERG,WA001,2001,"{""type"":""Point"",""coordinates"":[-17.470000000000002,14.73]}"
20010801000000_1,8,8.160367012023926,GPM_IMERG,WA002,2001,"{""type"":""Point"",""coordinates"":[-7.949999999999998,12.65]}"
20010801000000_2,8,7.832586288452148,GPM_IMERG,WA003,2001,"{""type"":""Point"",""coordinates"":[-1.5200000000000002,12.360000000000001]}"
20010801000000_3,8,3.2784743309021,GPM_IMERG,WA004,2001,"{""type"":""Point"",""coordinates"":[2.17,13.51]}"
20010801000000_4,8,8.794072151184082,GPM_IMERG,WA005,2001,"{""type"":""Point"",""coordinates"":[7.33,9.07]}"
20010801000000_5,8,0.6447407603263855,GPM_IMERG,WA006,2001,"{""type"":""Point"",""coordinates"":[-0.17,5.56]}"
20010801000000_6,8,1.8413257598876955,GPM_IMERG,WA007,2001,"{""type"":""Point"",""coordinates"":[-3.9299999999999997,5.349999999999999]}"
20010801000000_7,8,24.92288398742676,GPM_IMERG,WA008,2001,"{""type"":""Point"",""coordinates"":[-13.67,9.53]}"
20010801000000_8,8,19.64694595336914,GPM_IMERG,WA009,2001,"{""type"":""Point"",""coordinates"":[-13.230000000000002,8.489999999999998]}"
20010801000000_9,8,12.025677680969238,GPM_IMERG,WA010,2001,"{""type"":""Point"",""coordinates"":[-10.799999999999999,6.3]}"
20010801000000_10,8,0.6804401278495789,GPM_IMERG,WA011,2001,"{""type"":""Point"",""coordinates"":[1.22,6.130000000000001]}"
20010801000000_11,8,0.5856773257255554,GPM_IMERG,WA012,2001,"{""type"":""Point"",""coordinates"":[2.42,6.37]}"
20010801000000_12,8,13.768619537353516,GPM_IMERG,WA013,2001,"{""type"":""Point"",""coordinates"":[8.52,12.05]}"
20010801000000_13,8,1.7087973356246948,GPM_IMERG,WA014,2001,"{""type"":""Point"",""coordinates"":[-1.62,6.69]}"
20010801000000_14,8,8.645546913146973,GPM_IMERG,WA015,2001,"{""type"":""Point"",""coordinates"":[-16.680000000000003,13.45]}"
,8,2.1095083,GPM_IMERG,WA016,2001,
20010901000000_0,9,6.648019313812256,GPM_IMERG,WA001,2001,"{""type"":""Point"",""coordinates"":[-17.470000000000002,14.73]}"
20010901000000_1,9,3.132982015609741,GPM_IMERG,WA002,2001,"{""type"":""Point"",""coordinates"":[-7.949999999999998,12.65]}"
20010901000000_2,9,3.2818524837493896,GPM_IMERG,WA003,2001,"{""type"":""Point"",""coordinates"":[-1.5200000000000002,12.360000000000001]}"
20010901000000_3,9,3.755094528198242,GPM_IMERG,WA004,2001,"{""type"":""Point"",""coordinates"":[2.17,13.51]}"
20010901000000_4,9,9.974620819091797,GPM_IMERG,WA005,2001,"{""type"":""Point"",""coordinates"":[7.33,9.07]}"
20010901000000_5,9,3.134814739227295,GPM_IMERG,WA006,2001,"{""type"":""Point"",""coordinates"":[-0.17,5.56]}"
20010901000000_6,9,1.6897351741790771,GPM_IMERG,WA007,2001,"{""type"":""Point"",""coordinates"":[-3.9299999999999997,5.349999999999999]}"
20010901000000_7,9,18.165748596191406,GPM_IMERG,WA008,2001,"{""type"":""Point"",""coordinates"":[-13.67,9.53]}"
20010901000000_8,9,16.139707565307617,GPM_IMERG,WA009,2001,"{""type"":""Point"",""coordinates"":[-13.230000000000002,8.489999999999998]}"
20010901000000_9,9,11.772682189941406,GPM_IMERG,WA010,2001,"{""type"":""Point"",""coordinates"":[-10.799999999999999,6.3]}"
20010901000000_10,9,4.132723808288574,GPM_IMERG,WA011,2001,"{""type"":""Point"",""coordinates"":[1.22,6.130000000000001]}"
20010901000000_11,9,4.126947402954102,GPM_IMERG,WA012,2001,"{""type"":""Point"",""coordinates"":[2.42,6.37]}"
20010901000000_12,9,5.568783760070801,GPM_IMERG,WA013,2001,"{""type"":""Point"",""coordinates"":[8.52,12.05]}"
20010901000000_13,9,5.805430889129639,GPM_IMERG,WA014,2001,"{""type"":""Point"",""coordinates"":[-1.62,6.69]}"
20010901000000_14,9,6.765525817871094,GPM_IMERG,WA015,2001,"{""type"":""Point"",""coordinates"":[-16.680000000000003,13.45]}"
,9,1.9866089,GPM_IMERG,WA016,2001,
20011001000000_0,10,0.3773000836372375,GPM_IMERG,WA001,2001,"{""type"":""Point"",""coordinates"":[-17.470000000000002,14.73]}"
20011001000000_1,10,0.9397712349891664,GPM_IMERG,WA002,2001,"{""type"":""Point"",""coordinates"":[-7.949999999999998,12.65]}"
20011001000000_2,10,0.4519679248332977,GPM_IMERG,WA003,2001,"{""type"":""Point"",""coordinates"":[-1.5200000000000002,12.360000000000001]}"
20011001000000_3,10,0.1208876892924308,GPM_IMERG,WA004,2001,"{""type"":""Point"",""coordinates"":[2.17,13.51]}"
20011001000000_4,10,2.3510513305664062,GPM_IMERG,WA005,2001,"{""type"":""Point"",""coordinates"":[7.33,9.07]}"
20011001000000_5,10,2.2515909671783447,GPM_IMERG,WA006,2001,"{""type"":""Point"",""coordinates"":[-0.17,5.56]}"
20011001000000_6,10,5.669541358947754,GPM_IMERG,WA007,2001,"{""type"":""Point"",""coordinates"":[-3.9299999999999997,5.349999999999999]}"
20011001000000_7,10,8.042613983154297,GPM_IMERG,WA008,2001,"{""type"":""Point"",""coordinates"":[-13.67,9.53]}"
20011001000000_8,10,9.936152458190918,GPM_IMERG,WA009,2001,"{""type"":""Point"",""coordinates"":[-13.230000000000002,8.489999999999998]}"
20011001000000_9,10,8.307027816772461,GPM_IMERG,WA010,2001,"{""type"":""Point"",""coordinates"":[-10.799999999999999,6.3]}"
20011001000000_10,10,1.967110276222229,GPM_IMERG,WA011,2001,"{""type"":""Point"",""coordinates"":[1.22,6.130000000000001]}"
20011001000000_11,10,2.2870864868164062,GPM_IMERG,WA012,2001,"{""type"":""Point"",""coordinates"":[2.42,6.37]}"
20011001000000_12,10,0.0039341812953352,GPM_IMERG,WA013,2001,"{""type"":""Point"",""coordinates"":[8.52,12.05]}"
20011001000000_13,10,4.432778358459473,GPM_IMERG,WA014,2001,"{""type"":""Point"",""coordinates"":[-1.62,6.69]}"
20011001000000_14,10,1.884509444236756,GPM_IMERG,WA015,2001,"{""type"":""Point"",""coordinates"":[-16.680000000000003,13.45]}"
,10,0.0,GPM_IMERG,WA016,2001,
20011101000000_0,11,1.2093720436096191,GPM_IMERG,WA001,2001,"{""type"":""Point"",""coordinates"":[-17.470000000000002,14.73]}"
20011101000000_1,11,0.1692089736461639,GPM_IMERG,WA002,2001,"{""type"":""Point"",""coordinates"":[-7.949999999999998,12.65]}"
20011101000000_2,11,0.2340020835399627,GPM_IMERG,WA003,2001,"{""type"":""Point"",""coordinates"":[-1.5200000000000002,12.360000000000001]}"
20011101000000_3,11,0.0104994168505072,GPM_IMERG,WA004,2001,"{""type"":""Point"",""coordinates"":[2.17,13.51]}"
20011101000000_4,11,0.0227748118340969,GPM_IMERG,WA005,2001,"{""type"":""Point"",""coordinates"":[7.33,9.07]}"
20011101000000_5,11,1.9484632015228271,GPM_IMERG,WA006,2001,"{""type"":""Point"",""coordinates"":[-0.17,5.56]}"
20011101000000_6,11,4.013979434967041,GPM_IMERG,WA007,2001,"{""type"":""Point"",""coordinates"":[-3.9299999999999997,5.349999999999999]}"
20011101000000_7,11,2.464877128601074,GPM_IMERG,WA008,2001,"{""type"":""Point"",""coordinates"":[-13.67,9.53]}"
20011101000000_8,11,8.82138729095459,GPM_IMERG,WA009,2001,"{""type"":""Point"",""coordinates"":[-13.230000000000002,8.489999999999998]}"
20011101000000_9,11,8.067203521728516,GPM_IMERG,WA010,2001,"{""type"":""Point"",""coordinates"":[-10.799999999999999,6.3]}"
20011101000000_10,11,0.8277223706245422,GPM_IMERG,WA011,2001,"{""type"":""Point"",""coordinates"":[1.22,6.130000000000001]}"
20011101000000_11,11,0.9545671343803406,GPM_IMERG,WA012,2001,"{""type"":""Point"",""coordinates"":[2.42,6.37]}"
20011101000000_12,11,0.0,GPM_IMERG,WA013,2001,"{""type"":""Point"",""coordinates"":[8.52,12.05]}"
20011101000000_13,11,1.6955842971801758,GPM_IMERG,WA014,2001,"{""type"":""Point"",""coordinates"":[-1.62,6.69]}"
20011101000000_14,11,0.26120325922966,GPM_IMERG,WA015,2001,"{""type"":""Point"",""coordinates"":[-16.680000000000003,13.45]}"
,11,0.19763075,GPM_IMERG,WA016,2001,
20011201000000_0,12,0.0345238409936428,GPM_IMERG,WA001,2001,"{""type"":""Point"",""coordinates"":[-17.470000000000002,14.73]}"
20011201000000_1,12,0.0,GPM_IMERG,WA002,2001,"{""type"":""Point"",""coordinates"":[-7.949999999999998,12.65]}"
20011201000000_2,12,0.0,GPM_IMERG,WA003,2001,"{""type"":""Point"",""coordinates"":[-1.5200000000000002,12.360000000000001]}"
20011201000000_3,12,0.0,GPM_IMERG,WA004,2001,"{""type"":""Point"",""coordinates"":[2.17,13.51]}"
20011201000000_4,12,0.0,GPM_IMERG,WA005,2001,"{""type"":""Point"",""coordinates"":[7.33,9.07]}"
20011201000000_5,12,0.5395476222038269,GPM_IMERG,WA006,2001,"{""type"":""Point"",""coordinates"":[-0.17,5.56]}"
20011201000000_6,12,2.45557713508606,GPM_IMERG,WA007,2001,"{""type"":""Point"",""coordinates"":[-3.9299999999999997,5.349999999999999]}"
20011201000000_7,12,0.1199029460549354,GPM_IMERG,WA008,2001,"{""type"":""Point"",""coordinates"":[-13.67,9.53]}"
20011201000000_8,12,0.3192689418792724,GPM_IMERG,WA009,2001,"{""type"":""Point"",""coordinates"":[-13.230000000000002,8.489999999999998]}"
20011201000000_9,12,1.23423433303833,GPM_IMERG,WA010,2001,"{""type"":""Point"",""coordinates"":[-10.799999999999999,6.3]}"
20011201000000_10,12,0.2874370813369751,GPM_IMERG,WA011,2001,"{""type"":""Point"",""coordinates"":[1.22,6.130000000000001]}"
20011201000000_11,12,0.1808388233184814,GPM_IMERG,WA012,2001,"{""type"":""Point"",""coordinates"":[2.42,6.37]}"
20011201000000_12,12,0.0,GPM_IMERG,WA013,2001,"{""type"":""Point"",""coordinates"":[8.52,12.05]}"
20011201000000_13,12,1.0024698972702026,GPM_IMERG,WA014,2001,"{""type"":""Point"",""coordinates"":[-1.62,6.69]}"
20011201000000_14,12,0.0028165066614747,GPM_IMERG,WA015,2001,"{""type"":""Point"",""coordinates"":[-16.680000000000003,13.45]}"
,12,0.04857891,GPM_IMERG,WA016,2001,
20020101000000_0,1,1.495495319366455,GPM_IMERG,WA001,2002,"{""type"":""Point"",""coordinates"":[-17.470000000000002,14.73]}"
20020101000000_1,1,0.0900873467326164,GPM_IMERG,WA002,2002,"{""type"":""Point"",""coordinates"":[-7.949999999999998,12.65]}"
20020101000000_2,1,0.0,GPM_IMERG,WA003,2002,"{""type"":""Point"",""coordinates"":[-1.5200000000000002,12.360000000000001]}"
20020101000000_3,1,0.0,GPM_IMERG,WA004,2002,"{""type"":""Point"",""coordinates"":[2.17,13.51]}"
20020101000000_4,1,0.0,GPM_IMERG,WA005,2002,"{""type"":""Point"",""coordinates"":[7.33,9.07]}"
20020101000000_5,1,1.3950109481811523,GPM_IMERG,WA006,2002,"{""type"":""Point"",""coordinates"":[-0.17,5.56]}"
20020101000000_6,1,0.5068979859352112,GPM_IMERG,WA007,2002,"{""type"":""Point"",""coordinates"":[-3.9299999999999997,5.349999999999999]}"
20020101000000_7,1,0.3650560677051544,GPM_IMERG,WA008,2002,"{""type"":""Point"",""coordinates"":[-13.67,9.53]}"
20020101000000_8,1,0.5494327545166016,GPM_IMERG,WA009,2002,"{""type"":""Point"",""coordinates"":[-13.230000000000002,8.489999999999998]}"
20020101000000_9,1,3.120837450027466,GPM_IMERG,WA010,2002,"{""type"":""Point"",""coordinates"":[-10.799999999999999,6.3]}"
20020101000000_10,1,0.9631689786911012,GPM_IMERG,WA011,2002,"{""type"":""Point"",""coordinates"":[1.22,6.130000000000001]}"
20020101000000_11,1,0.5964452624320984,GPM_IMERG,WA012,2002,"{""type"":""Point"",""coordinates"":[2.42,6.37]}"
20020101000000_12,1,0.0,GPM_IMERG,WA013,2002,"{""type"":""Point"",""coordinates"":[8.52,12.05]}"
20020101000000_13,1,0.6587167978286743,GPM_IMERG,WA014,2002,"{""type"":""Point"",""coordinates"":[-1.62,6.69]}"
20020101000000_14,1,0.6962319612503052,GPM_IMERG,WA015,2002,"{""type"":""Point"",""coordinates"":[-16.680000000000003,13.45]}"
,1,0.59474367,GPM_IMERG,WA016,2002,
20020201000000_0,2,0.1620190739631652,GPM_IMERG,WA001,2002,"{""type"":""Point"",""coordinates"":[-17.470000000000002,14.73]}"
20020201000000_1,2,0.0112454537302255,GPM_IMERG,WA002,2002,"{""type"":""Point"",""coordinates"":[-7.949999999999998,12.65]}"
20020201000000_2,2,0.0,GPM_IMERG,WA003,2002,"{""type"":""Point"",""coordinates"":[-1.5200000000000002,12.360000000000001]}"
20020201000000_3,2,0.0,GPM_IMERG,WA004,2002,"{""type"":""Point"",""coordinates"":[2.17,13.51]}"
20020201000000_4,2,0.1015305966138839,GPM_IMERG,WA005,2002,"{""type"":""Point"",""coordinates"":[7.33,9.07]}"
20020201000000_5,2,1.0885659456253052,GPM_IMERG,WA006,2002,"{""type"":""Point"",""coordinates"":[-0.17,5.56]}"
20020201000000_6,2,1.2657527923583984,GPM_IMERG,WA007,2002,"{""type"":""Point"",""coordinates"":[-3.9299999999999997,5.349999999999999]}"
20020201000000_7,2,0.0053388145752251,GPM_IMERG,WA008,2002,"{""type"":""Point"",""coordinates"":[-13.67,9.53]}"
20020201000000_8,2,0.112960897386074,GPM_IMERG,WA009,2002,"{""type"":""Point"",""coordinates"":[-13.230000000000002,8.489999999999998]}"
20020201000000_9,2,0.3925909101963043,GPM_IMERG,WA010,2002,"{""type"":""Point"",""coordinates"":[-10.799999999999999,6.3]}"
20020201000000_10,2,0.7422323822975159,GPM_IMERG,WA011,2002,"{""type"":""Point"",""coordinates"":[1.22,6.130000000000001]}"
20020201000000_11,2,0.3533509075641632,GPM_IMERG,WA012,2002,"{""type"":""Point"",""coordinates"":[2.42,6.37]}"
20020201000000_12,2,0.0059012719430029,GPM_IMERG,WA013,2002,"{""type"":""Point"",""coordinates"":[8.52,12.05]}"
20020201000000_13,2,0.97259783744812,GPM_IMERG,WA014,2002,"{""type"":""Point"",""coordinates"":[-1.62,6.69]}"
20020201000000_14,2,0.0014082533307373,GPM_IMERG,WA015,2002,"{""type"":""Point"",""coordinates"":[-16.680000000000003,13.45]}"
,2,0.0,GPM_IMERG,WA016,2002,
20020301000000_0,3,0.006000000052154,GPM_IMERG,WA001,2002,"{""type"":""Point"",""coordinates"":[-17.470000000000002,14.73]}"
20020301000000_1,3,0.0511022880673408,GPM_IMERG,WA002,2002,"{""type"":""Point"",""coordinates"":[-7.949999999999998,12.65]}"
20020301000000_2,3,0.0014054739149287,GPM_IMERG,WA003,2002,"{""type"":""Point"",""coordinates"":[-1.5200000000000002,12.360000000000001]}"
20020301000000_3,3,0.0004691660578828,GPM_IMERG,WA004,2002,"{""type"":""Point"",""coordinates"":[2.17,13.51]}"
20020301000000_4,3,1.494809865951538,GPM_IMERG,WA005,2002,"{""type"":""Point"",""coordinates"":[7.33,9.07]}"
20020301000000_5,3,2.039137601852417,GPM_IMERG,WA006,2002,"{""type"":""Point"",""coordinates"":[-0.17,5.56]}"
20020301000000_6,3,1.4116226434707642,GPM_IMERG,WA007,2002,"{""type"":""Point"",""coordinates"":[-3.9299999999999997,5.349999999999999]}"
20020301000000_7,3,0.0774292722344398,GPM_IMERG,WA008,2002,"{""type"":""Point"",""coordinates"":[-13.67,9.53]}"
20020301000000_8,3,0.9289251565933228,GPM_IMERG,WA009,2002,"{""type"":""Point"",""coordinates"":[-13.230000000000002,8.489999999999998]}"
20020301000000_9,3,1.3783061504364014,GPM_IMERG,WA010,2002,"{""type"":""Point"",""coordinates"":[-10.799999999999999,6.3]}"
20020301000000_10,3,1.6832283735275269,GPM_IMERG,WA011,2002,"{""type"":""Point"",""coordinates"":[1.22,6.130000000000001]}"
20020301000000_11,3,1.7608730792999268,GPM_IMERG,WA012,2002,"{""type"":""Point"",""coordinates"":[2.42,6.37]}"
20020301000000_12,3,0.101418986916542,GPM_IMERG,WA013,2002,"{""type"":""Point"",""coordinates"":[8.52,12.05]}"
20020301000000_13,3,3.3366904258728027,GPM_IMERG,WA014,2002,"{""type"":""Point"",""coordinates"":[-1.62,6.69]}"
20020301000000_14,3,0.0,GPM_IMERG,WA015,2002,"{""type"":""Point"",""coordinates"":[-16.680000000000003,13.45]}"
,3,0.0,GPM_IMERG,WA016,2002,
20020401000000_0,4,0.0427571572363376,GPM_IMERG,WA001,2002,"{""type"":""Point"",""coordinates"":[-17.470000000000002,14.73]}"
20020401000000_1,4,0.5729551911354065,GPM_IMERG,WA002,2002,"{""type"":""Point"",""coordinates"":[-7.949999999999998,12.65]}"
20020401000000_2,4,0.4992566108703613,GPM_IMERG,WA003,2002,"{""type"":""Point"",""coordinates"":[-1.5200000000000002,12.360000000000001]}"
20020401000000_3,4,0.1842022985219955,GPM_IMERG,WA004,2002,"{""type"":""Point"",""coordinates"":[2.17,13.51]}"
20020401000000_4,4,3.898439884185791,GPM_IMERG,WA005,2002,"{""type"":""Point"",""coordinates"":[7.33,9.07]}"
20020401000000_5,4,6.378878116607666,GPM_IMERG,WA006,2002,"{""type"":""Point"",""coordinates"":[-0.17,5.56]}"
20020401000000_6,4,5.784675121307373,GPM_IMERG,WA007,2002,"{""type"":""Point"",""coordinates"":[-3.9299999999999997,5.349999999999999]}"
20020401000000_7,4,0.2378300428390503,GPM_IMERG,WA008,2002,"{""type"":""Point"",""coordinates"":[-13.67,9.53]}"
20020401000000_8,4,0.5003533363342285,GPM_IMERG,WA009,2002,"{""type"":""Point"",""coordinates"":[-13.230000000000002,8.489999999999998]}"
20020401000000_9,4,3.0599961280822754,GPM_IMERG,WA010,2002,"{""type"":""Point"",""coordinates"":[-10.799999999999999,6.3]}"
20020401000000_10,4,5.287796974182129,GPM_IMERG,WA011,2002,"{""type"":""Point"",""coordinates"":[1.22,6.130000000000001]}"
20020401000000_11,4,6.3334174156188965,GPM_IMERG,WA012,2002,"{""type"":""Point"",""coordinates"":[2.42,6.37]}"
20020401000000_12,4,0.2740064859390259,GPM_IMERG,WA013,2002,"{""type"":""Point"",""coordinates"":[8.52,12.05]}"
20020401000000_13,4,6.486651420593262,GPM_IMERG,WA014,2002,"{""type"":""Point"",""coordinates"":[-1.62,6.69]}"
20020401000000_14,4,0.0037522814236581,GPM_IMERG,WA015,2002,"{""type"":""Point"",""coordinates"":[-16.680000000000003,13.45]}"
,4,0.0,GPM_IMERG,WA016,2002,
20020501000000_0,5,0.0435143038630485,GPM_IMERG,WA001,2002,"{""type"":""Point"",""coordinates"":[-17.470000000000002,14.73]}"
20020501000000_1,5,1.0400158166885376,GPM_IMERG,WA002,2002,"{""type"":""Point"",""coordinates"":[-7.949999999999998,12.65]}"
20020501000000_2,5,0.8013860583305359,GPM_IMERG,WA003,2002,"{""type"":""Point"",""coordinates"":[-1.5200000000000002,12.360000000000001]}"
20020501000000_3,5,0.2994047105312347,GPM_IMERG,WA004,2002,"{""type"":""Point"",""coordinates"":[2.17,13.51]}"
20020501000000_4,5,3.4627742767333984,GPM_IMERG,WA005,2002,"{""type"":""Point"",""coordinates"":[7.33,9.07]}"
20020501000000_5,5,4.271793365478516,GPM_IMERG,WA006,2002,"{""type"":""Point"",""coordinates"":[-0.17,5.56]}"
20020501000000_6,5,4.455872535705566,GPM_IMERG,WA007,2002,"{""type"":""Point"",""coordinates"":[-3.9299999999999997,5.349999999999999]}"
20020501000000_7,5,2.619919776916504,GPM_IMERG,WA008,2002,"{""type"":""Point"",""coordinates"":[-13.67,9.53]}"
20020501000000_8,5,3.4799933433532715,GPM_IMERG,WA009,2002,"{""type"":""Point"",""coordinates"":[-13.230000000000002,8.489999999999998]}"
20020501000000_9,5,6.093839168548584,GPM_IMERG,WA010,2002,"{""type"":""Point"",""coordinates"":[-10.799999999999999,6.3]}"
20020501000000_10,5,3.4282450675964355,GPM_IMERG,WA011,2002,"{""type"":""Point"",""coordinates"":[1.22,6.130000000000001]}"
20020501000000_11,5,2.974642515182495,GPM_IMERG,WA012,2002,"{""type"":""Point"",""coordinates"":[2.42,6.37]}"
20020501000000_12,5,0.1594426482915878,GPM_IMERG,WA013,2002,"{""type"":""Point"",""coordinates"":[8.52,12.05]}"
20020501000000_13,5,7.648696422576904,GPM_IMERG,WA014,2002,"{""type"":""Point"",""coordinates"":[-1.62,6.69]}"
20020501000000_14,5,0.0502586849033832,GPM_IMERG,WA015,2002,"{""type"":""Point"",""coordinates"":[-16.680000000000003,13.45]}"
,5,0.035350632,GPM_IMERG,WA016,2002,
20020601000000_0,6,1.7388482093811035,GPM_IMERG,WA001,2002,"{""type"":""Point"",""coordinates"":[-17.470000000000002,14.73]}"
20020601000000_1,6,2.586777687072754,GPM_IMERG,WA002,2002,"{""type"":""Point"",""coordinates"":[-7.949999999999998,12.65]}"
20020601000000_2,6,2.336278200149536,GPM_IMERG,WA003,2002,"{""type"":""Point"",""coordinates"":[-1.5200000000000002,12.360000000000001]}"
20020601000000_3,6,4.344324111938477,GPM_IMERG,WA004,2002,"{""type"":""Point"",""coordinates"":[2.17,13.51]}"
20020601000000_4,6,7.309720993041992,GPM_IMERG,WA005,2002,"{""type"":""Point"",""coordinates"":[7.33,9.07]}"
20020601000000_5,6,9.608489990234377,GPM_IMERG,WA006,2002,"{""type"":""Point"",""coordinates"":[-0.17,5.56]}"
20020601000000_6,6,8.571474075317383,GPM_IMERG,WA007,2002,"{""type"":""Point"",""coordinates"":[-3.9299999999999997,5.349999999999999]}"
20020601000000_7,6,12.695704460144045,GPM_IMERG,WA008,2002,"{""type"":""Point"",""coordinates"":[-13.67,9.53]}"
20020601000000_8,6,11.527999877929688,GPM_IMERG,WA009,2002,"{""type"":""Point"",""coordinates"":[-13.230000000000002,8.489999999999998]}"
20020601000000_9,6,14.679579734802246,GPM_IMERG,WA010,2002,"{""type"":""Point"",""coordinates"":[-10.799999999999999,6.3]}"
20020601000000_10,6,9.030405044555664,GPM_IMERG,WA011,2002,"{""type"":""Point"",""coordinates"":[1.22,6.130000000000001]}"
20020601000000_11,6,11.267020225524902,GPM_IMERG,WA012,2002,"{""type"":""Point"",""coordinates"":[2.42,6.37]}"
20020601000000_12,6,2.8348605632781982,GPM_IMERG,WA013,2002,"{""type"":""Point"",""coordinates"":[8.52,12.05]}"
20020601000000_13,6,8.290257453918457,GPM_IMERG,WA014,2002,"{""type"":""Point"",""coordinates"":[-1.62,6.69]}"
20020601000000_14,6,2.24158787727356,GPM_IMERG,WA015,2002,"{""type"":""Point"",""coordinates"":[-16.680000000000003,13.45]}"
,6,0.029252179,GPM_IMERG,WA016,2002,
20020701000000_0,7,0.689185619354248,GPM_IMERG,WA001,2002,"{""type"":""Point"",""coordinates"":[-17.470000000000002,14.73]}"
20020701000000_1,7,5.664634704589844,GPM_IMERG,WA002,2002,"{""type"":""Point"",""coordinates"":[-7.949999999999998,12.65]}"
20020701000000_2,7,6.504065036773682,GPM_IMERG,WA003,2002,"{""type"":""Point"",""coordinates"":[-1.5200000000000002,12.360000000000001]}"
20020701000000_3,7,4.207859516143799,GPM_IMERG,WA004,2002,"{""type"":""Point"",""coordinates"":[2.17,13.51]}"
20020701000000_4,7,12.22935676574707,GPM_IMERG,WA005,2002,"{""type"":""Point"",""coordinates"":[7.33,9.07]}"
20020701000000_5,7,3.7453343868255615,GPM_IMERG,WA006,2002,"{""type"":""Point"",""coordinates"":[-0.17,5.56]}"
20020701000000_6,7,9.263885498046877,GPM_IMERG,WA007,2002,"{""type"":""Point"",""coordinates"":[-3.9299999999999997,5.349999999999999]}"
20020701000000_7,7,15.08333683013916,GPM_IMERG,WA008,2002,"{""type"":""Point"",""coordinates"":[-13.67,9.53]}"
20020701000000_8,7,14.68484592437744,GPM_IMERG,WA009,2002,"{""type"":""Point"",""coordinates"":[-13.230000000000002,8.489999999999998]}"
20020701000000_9,7,11.73960018157959,GPM_IMERG,WA010,2002,"{""type"":""Point"",""coordinates"":[-10.799999999999999,6.3]}"
20020701000000_10,7,3.602503538131714,GPM_IMERG,WA011,2002,"{""type"":""Point"",""coordinates"":[1.22,6.130000000000001]}"
20020701000000_11,7,5.422377586364746,GPM_IMERG,WA012,2002,"{""type"":""Point"",""coordinates"":[2.42,6.37]}"
20020701000000_12,7,6.242830753326416,GPM_IMERG,WA013,2002,"{""type"":""Point"",""coordinates"":[8.52,12.05]}"
20020701000000_13,7,8.856689453125,GPM_IMERG,WA014,2002,"{""type"":""Point"",""coordinates"":[-1.62,6.69]}"
20020701000000_14,7,2.184974908828736,GPM_IMERG,WA015,2002,"{""type"":""Point"",""coordinates"":[-16.680000000000003,13.45]}"
,7,0.06796211,GPM_IMERG,WA016,2002,
20020801000000_0,8,5.039166927337647,GPM_IMERG,WA001,2002,"{""type"":""Point"",""coordinates"":[-17.470000000000002,14.73]}"
20020801000000_1,8,7.68938684463501,GPM_IMERG,WA002,2002,"{""type"":""Point"",""coordinates"":[-7.949999999999998,12.65]}"
20020801000000_2,8,5.5479044914245605,GPM_IMERG,WA003,2002,"{""type"":""Point"",""coordinates"":[-1.5200000000000002,12.360000000000001]}"
20020801000000_3,8,3.726531028747559,GPM_IMERG,WA004,2002,"{""type"":""Point"",""coordinates"":[2.17,13.51]}"
20020801000000_4,8,12.808377265930176,GPM_IMERG,WA005,2002,"{""type"":""Point"",""coordinates"":[7.33,9.07]}"
20020801000000_5,8,1.439422369003296,GPM_IMERG,WA006,2002,"{""type"":""Point"",""coordinates"":[-0.17,5.56]}"
20020801000000_6,8,8.098197937011719,GPM_IMERG,WA007,2002,"{""type"":""Point"",""coordinates"":[-3.9299999999999997,5.349999999999999]}"
20020801000000_7,8,23.651945114135746,GPM_IMERG,WA008,2002,"{""type"":""Point"",""coordinates"":[-13.67,9.53]}"
20020801000000_8,8,17.88070297241211,GPM_IMERG,WA009,2002,"{""type"":""Point"",""coordinates"":[-13.230000000000002,8.489999999999998]}"
20020801000000_9,8,13.29202938079834,GPM_IMERG,WA010,2002,"{""type"":""Point"",""coordinates"":[-10.799999999999999,6.3]}"
20020801000000_10,8,1.4276504516601562,GPM_IMERG,WA011,2002,"{""type"":""Point"",""coordinates"":[1.22,6.130000000000001]}"
20020801000000_11,8,1.1516823768615725,GPM_IMERG,WA012,2002,"{""type"":""Point"",""coordinates"":[2.42,6.37]}"
20020801000000_12,8,7.902538776397705,GPM_IMERG,WA013,2002,"{""type"":""Point"",""coordinates"":[8.52,12.05]}"
20020801000000_13,8,3.0537238121032715,GPM_IMERG,WA014,2002,"{""type"":""Point"",""coordinates"":[-1.62,6.69]}"
20020801000000_14,8,7.853694438934326,GPM_IMERG,WA015,2002,"{""type"":""Point"",""coordinates"":[-16.680000000000003,13.45]}"
,8,0.69695324,GPM_IMERG,WA016,2002,
20020901000000_0,9,3.811781406402588,GPM_IMERG,WA001,2002,"{""type"":""Point"",""coordinates"":[-17.470000000000002,14.73]}"
20020901000000_1,9,3.206216812133789,GPM_IMERG,WA002,2002,"{""type"":""Point"",""coordinates"":[-7.949999999999998,12.65]}"
20020901000000_2,9,5.768545627593994,GPM_IMERG,WA003,2002,"{""type"":""Point"",""coordinates"":[-1.5200000000000002,12.360000000000001]}"
20020901000000_3,9,3.121924638748169,GPM_IMERG,WA004,2002,"{""type"":""Point"",""coordinates"":[2.17,13.51]}"
20020901000000_4,9,9.749224662780762,GPM_IMERG,WA005,2002,"{""type"":""Point"",""coordinates"":[7.33,9.07]}"
20020901000000_5,9,1.8176368474960327,GPM_IMERG,WA006,2002,"{""type"":""Point"",""coordinates"":[-0.17,5.56]}"
20020901000000_6,9,0.8070192337036133,GPM_IMERG,WA007,2002,"{""type"":""Point"",""coordinates"":[-3.9299999999999997,5.349999999999999]}"
20020901000000_7,9,15.327655792236328,GPM_IMERG,WA008,2002,"{""type"":""Point"",""coordinates"":[-13.67,9.53]}"
20020901000000_8,9,16.199695587158203,GPM_IMERG,WA009,2002,"{""type"":""Point"",""coordinates"":[-13.230000000000002,8.489999999999998]}"
20020901000000_9,9,9.85917854309082,GPM_IMERG,WA010,2002,"{""type"":""Point"",""coordinates"":[-10.799999999999999,6.3]}"
20020901000000_10,9,2.0838515758514404,GPM_IMERG,WA011,2002,"{""type"":""Point"",""coordinates"":[1.22,6.130000000000001]}"
20020901000000_11,9,2.192534923553467,GPM_IMERG,WA012,2002,"{""type"":""Point"",""coordinates"":[2.42,6.37]}"
20020901000000_12,9,4.902523994445801,GPM_IMERG,WA013,2002,"{""type"":""Point"",""coordinates"":[8.52,12.05]}"
20020901000000_13,9,4.169809341430664,GPM_IMERG,WA014,2002,"{""type"":""Point"",""coordinates"":[-1.62,6.69]}"
20020901000000_14,9,6.1142754554748535,GPM_IMERG,WA015,2002,"{""type"":""Point"",""coordinates"":[-16.680000000000003,13.45]}"
,9,0.9313108,GPM_IMERG,WA016,2002,
20021001000000_0,10,1.3259810209274292,GPM_IMERG,WA001,2002,"{""type"":""Point"",""coordinates"":[-17.470000000000002,14.73]}"
20021001000000_1,10,2.747099161148072,GPM_IMERG,WA002,2002,"{""type"":""Point"",""coordinates"":[-7.949999999999998,12.65]}"
20021001000000_2,10,1.77944016456604,GPM_IMERG,WA003,2002,"{""type"":""Point"",""coordinates"":[-1.5200000000000002,12.360000000000001]}"
20021001000000_3,10,1.0747284889221191,GPM_IMERG,WA004,2002,"{""type"":""Point"",""coordinates"":[2.17,13.51]}"
20021001000000_4,10,7.264456748962402,GPM_IMERG,WA005,2002,"{""type"":""Point"",""coordinates"":[7.33,9.07]}"
20021001000000_5,10,4.124502658843994,GPM_IMERG,WA006,2002,"{""type"":""Point"",""coordinates"":[-0.17,5.56]}"
20021001000000_6,10,4.19569730758667,GPM_IMERG,WA007,2002,"{""type"":""Point"",""coordinates"":[-3.9299999999999997,5.349999999999999]}"
20021001000000_7,10,10.456536293029783,GPM_IMERG,WA008,2002,"{""type"":""Point"",""coordinates"":[-13.67,9.53]}"
20021001000000_8,10,12.905847549438477,GPM_IMERG,WA009,2002,"{""type"":""Point"",""coordinates"":[-13.230000000000002,8.489999999999998]}"
20021001000000_9,10,13.51086711883545,GPM_IMERG,WA010,2002,"{""type"":""Point"",""coordinates"":[-10.799999999999999,6.3]}"
20021001000000_10,10,4.32487678527832,GPM_IMERG,WA011,2002,"{""type"":""Point"",""coordinates"":[1.22,6.130000000000001]}"
20021001000000_11,10,5.690492630004883,GPM_IMERG,WA012,2002,"{""type"":""Point"",""coordinates"":[2.42,6.37]}"
20021001000000_12,10,2.0236716270446777,GPM_IMERG,WA013,2002,"{""type"":""Point"",""coordinates"":[8.52,12.05]}"
20021001000000_13,10,7.781876564025879,GPM_IMERG,WA014,2002,"{""type"":""Point"",""coordinates"":[-1.62,6.69]}"
20021001000000_14,10,2.3898818492889404,GPM_IMERG,WA015,2002,"{""type"":""Point"",""coordinates"":[-16.680000000000003,13.45]}"
,10,0.076873615,GPM_IMERG,WA016,2002,
20021101000000_0,11,0.0960190817713737,GPM_IMERG,WA001,2002,"{""type"":""Point"",""coordinates"":[-17.470000000000002,14.73]}"
20021101000000_1,11,0.0082467580214142,GPM_IMERG,WA002,2002,"{""type"":""Point"",""coordinates"":[-7.949999999999998,12.65]}"
20021101000000_2,11,0.039837509393692,GPM_IMERG,WA003,2002,"{""type"":""Point"",""coordinates"":[-1.5200000000000002,12.360000000000001]}"
20021101000000_3,11,0.0681609436869621,GPM_IMERG,WA004,2002,"{""type"":""Point"",""coordinates"":[2.17,13.51]}"
20021101000000_4,11,0.1669641733169555,GPM_IMERG,WA005,2002,"{""type"":""Point"",""coordinates"":[7.33,9.07]}"
20021101000000_5,11,2.3185412883758545,GPM_IMERG,WA006,2002,"{""type"":""Point"",""coordinates"":[-0.17,5.56]}"
20021101000000_6,11,1.5857725143432615,GPM_IMERG,WA007,2002,"{""type"":""Point"",""coordinates"":[-3.9299999999999997,5.349999999999999]}"
20021101000000_7,11,2.275456666946411,GPM_IMERG,WA008,2002,"{""type"":""Point"",""coordinates"":[-13.67,9.53]}"
20021101000000_8,11,4.108211517333984,GPM_IMERG,WA009,2002,"{""type"":""Point"",""coordinates"":[-13.230000000000002,8.489999999999998]}"
20021101000000_9,11,3.532381772994995,GPM_IMERG,WA010,2002,"{""type"":""Point"",""coordinates"":[-10.799999999999999,6.3]}"
20021101000000_10,11,1.7357022762298584,GPM_IMERG,WA011,2002,"{""type"":""Point"",""coordinates"":[1.22,6.130000000000001]}"
20021101000000_11,11,1.6211819648742676,GPM_IMERG,WA012,2002,"{""type"":""Point"",""coordinates"":[2.42,6.37]}"
20021101000000_12,11,0.0059012719430029,GPM_IMERG,WA013,2002,"{""type"":""Point"",""coordinates"":[8.52,12.05]}"
20021101000000_13,11,2.1976678371429443,GPM_IMERG,WA014,2002,"{""type"":""Point"",""coordinates"":[-1.62,6.69]}"
20021101000000_14,11,0.0134000200778245,GPM_IMERG,WA015,2002,"{""type"":""Point"",""coordinates"":[-16.680000000000003,13.45]}"
,11,0.0013080676,GPM_IMERG,WA016,2002,
20021201000000_0,12,0.579219400882721,GPM_IMERG,WA001,2002,"{""type"":""Point"",""coordinates"":[-17.470000000000002,14.73]}"
20021201000000_1,12,0.0175373349338769,GPM_IMERG,WA002,2002,"{""type"":""Point"",""coordinates"":[-7.949999999999998,12.65]}"
20021201000000_2,12,0.0,GPM_IMERG,WA003,2002,"{""type"":""Point"",""coordinates"":[-1.5200000000000002,12.360000000000001]}"
20021201000000_3,12,0.0,GPM_IMERG,WA004,2002,"{""type"":""Point"",""coordinates"":[2.17,13.51]}"
20021201000000_4,12,0.0019691658671945,GPM_IMERG,WA005,2002,"{""type"":""Point"",""coordinates"":[7.33,9.07]}"
20021201000000_5,12,0.4196443259716034,GPM_IMERG,WA006,2002,"{""type"":""Point"",""coordinates"":[-0.17,5.56]}"
20021201000000_6,12,2.0324487686157227,GPM_IMERG,WA007,2002,"{""type"":""Point"",""coordinates"":[-3.9299999999999997,5.349999999999999]}"
20021201000000_7,12,0.0445271134376525,GPM_IMERG,WA008,2002,"{""type"":""Point"",""coordinates"":[-13.67,9.53]}"
20021201000000_8,12,0.3456945419311523,GPM_IMERG,WA009,2002,"{""type"":""Point"",""coordinates"":[-13.230000000000002,8.489999999999998]}"
20021201000000_9,12,1.0849040746688845,GPM_IMERG,WA010,2002,"{""type"":""Point"",""coordinates"":[-10.799999999999999,6.3]}"
20021201000000_10,12,0.1260027587413787,GPM_IMERG,WA011,2002,"{""type"":""Point"",""coordinates"":[1.22,6.130000000000001]}"
20021201000000_11,12,0.0713475942611694,GPM_IMERG,WA012,2002,"{""type"":""Point"",""coordinates"":[2.42,6.37]}"
20021201000000_12,12,0.0032812454737722,GPM_IMERG,WA013,2002,"{""type"":""Point"",""coordinates"":[8.52,12.05]}"
20021201000000_13,12,1.148080825805664,GPM_IMERG,WA014,2002,"{""type"":""Point"",""coordinates"":[-1.62,6.69]}"
20021201000000_14,12,0.035266026854515,GPM_IMERG,WA015,2002,"{""type"":""Point"",""coordinates"":[-16.680000000000003,13.45]}"
,12,0.034682598,GPM_IMERG,WA016,2002,
20030101000000_0,1,0.0330095365643501,GPM_IMERG,WA001,2003,"{""type"":""Point"",""coordinates"":[-17.470000000000002,14.73]}"
20030101000000_1,1,0.0241932887583971,GPM_IMERG,WA002,2003,"{""type"":""Point"",""coordinates"":[-7.949999999999998,12.65]}"
20030101000000_2,1,0.0,GPM_IMERG,WA003,2003,"{""type"":""Point"",""coordinates"":[-1.5200000000000002,12.360000000000001]}"
20030101000000_3,1,0.0,GPM_IMERG,WA004,2003,"{""type"":""Point"",""coordinates"":[2.17,13.51]}"
20030101000000_4,1,0.0091870790347456,GPM_IMERG,WA005,2003,"{""type"":""Point"",""coordinates"":[7.33,9.07]}"
20030101000000_5,1,0.4881735146045685,GPM_IMERG,WA006,2003,"{""type"":""Point"",""coordinates"":[-0.17,5.56]}"
20030101000000_6,1,0.3339426815509796,GPM_IMERG,WA007,2003,"{""type"":""Point"",""coordinates"":[-3.9299999999999997,5.349999999999999]}"
20030101000000_7,1,0.0324367508292198,GPM_IMERG,WA008,2003,"{""type"":""Point"",""coordinates"":[-13.67,9.53]}"
20030101000000_8,1,0.1520474404096603,GPM_IMERG,WA009,2003,"{""type"":""Point"",""coordinates"":[-13.230000000000002,8.489999999999998]}"
20030101000000_9,1,0.7304077744483948,GPM_IMERG,WA010,2003,"{""type"":""Point"",""coordinates"":[-10.799999999999999,6.3]}"
20030101000000_10,1,1.1396284103393557,GPM_IMERG,WA011,2003,"{""type"":""Point"",""coordinates"":[1.22,6.130000000000001]}"
20030101000000_11,1,1.2990249395370483,GPM_IMERG,WA012,2003,"{""type"":""Point"",""coordinates"":[2.42,6.37]}"
20030101000000_12,1,0.0,GPM_IMERG,WA013,2003,"{""type"":""Point"",""coordinates"":[8.52,12.05]}"
20030101000000_13,1,1.0441877841949463,GPM_IMERG,WA014,2003,"{""type"":""Point"",""coordinates"":[-1.62,6.69]}"
20030101000000_14,1,0.007041267119348,GPM_IMERG,WA015,2003,"{""type"":""Point"",""coordinates"":[-16.680000000000003,13.45]}"
,1,0.022028567,GPM_IMERG,WA016,2003,
20030201000000_0,2,0.2250858396291732,GPM_IMERG,WA001,2003,"{""type"":""Point"",""coordinates"":[-17.470000000000002,14.73]}"
20030201000000_1,2,0.0304609332233667,GPM_IMERG,WA002,2003,"{""type"":""Point"",""coordinates"":[-7.949999999999998,12.65]}"
20030201000000_2,2,0.0662792921066284,GPM_IMERG,WA003,2003,"{""type"":""Point"",""coordinates"":[-1.5200000000000002,12.360000000000001]}"
20030201000000_3,2,0.0,GPM_IMERG,WA004,2003,"{""type"":""Point"",""coordinates"":[2.17,13.51]}"
20030201000000_4,2,0.6334037780761719,GPM_IMERG,WA005,2003,"{""type"":""Point"",""coordinates"":[7.33,9.07]}"
20030201000000_5,2,1.1575665473937988,GPM_IMERG,WA006,2003,"{""type"":""Point"",""coordinates"":[-0.17,5.56]}"
20030201000000_6,2,1.8116631507873533,GPM_IMERG,WA007,2003,"{""type"":""Point"",""coordinates"":[-3.9299999999999997,5.349999999999999]}"
20030201000000_7,2,0.0164957121014595,GPM_IMERG,WA008,2003,"{""type"":""Point"",""coordinates"":[-13.67,9.53]}"
20030201000000_8,2,0.106096513569355,GPM_IMERG,WA009,2003,"{""type"":""Point"",""coordinates"":[-13.230000000000002,8.489999999999998]}"
20030201000000_9,2,0.525928258895874,GPM_IMERG,WA010,2003,"{""type"":""Point"",""coordinates"":[-10.799999999999999,6.3]}"
20030201000000_10,2,1.0824538469314575,GPM_IMERG,WA011,2003,"{""type"":""Point"",""coordinates"":[1.22,6.130000000000001]}"
20030201000000_11,2,1.277205228805542,GPM_IMERG,WA012,2003,"{""type"":""Point"",""coordinates"":[2.42,6.37]}"
20030201000000_12,2,0.0078683625906705,GPM_IMERG,WA013,2003,"{""type"":""Point"",""coordinates"":[8.52,12.05]}"
20030201000000_13,2,2.6320157051086426,GPM_IMERG,WA014,2003,"{""type"":""Point"",""coordinates"":[-1.62,6.69]}"
20030201000000_14,2,0.0234545301645994,GPM_IMERG,WA015,2003,"{""type"":""Point"",""coordinates"":[-16.680000000000003,13.45]}"
,2,0.053327307,GPM_IMERG,WA016,2003,
20030301000000_0,3,0.0225047692656517,GPM_IMERG,WA001,2003,"{""type"":""Point"",""coordinates"":[-17.470000000000002,14.73]}"
20030301000000_1,3,0.020820777863264,GPM_IMERG,WA002,2003,"{""type"":""Point"",""coordinates"":[-7.949999999999998,12.65]}"
20030301000000_2,3,0.6003246307373047,GPM_IMERG,WA003,2003,"{""type"":""Point"",""coordinates"":[-1.5200000000000002,12.360000000000001]}"
20030301000000_3,3,0.0283109657466411,GPM_IMERG,WA004,2003,"{""type"":""Point"",""coordinates"":[2.17,13.51]}"
20030301000000_4,3,0.4647038578987121,GPM_IMERG,WA005,2003,"{""type"":""Point"",""coordinates"":[7.33,9.07]}"
20030301000000_5,3,1.6262242794036863,GPM_IMERG,WA006,2003,"{""type"":""Point"",""coordinates"":[-0.17,5.56]}"
20030301000000_6,3,3.317246437072754,GPM_IMERG,WA007,2003,"{""type"":""Point"",""coordinates"":[-3.9299999999999997,5.349999999999999]}"
20030301000000_7,3,0.0197816248983144,GPM_IMERG,WA008,2003,"{""type"":""Point"",""coordinates"":[-13.67,9.53]}"
20030301000000_8,3,0.1989167332649231,GPM_IMERG,WA009,2003,"{""type"":""Point"",""coordinates"":[-13.230000000000002,8.489999999999998]}"
20030301000000_9,3,0.7246665358543396,GPM_IMERG,WA010,2003,"{""type"":""Point"",""coordinates"":[-10.799999999999999,6.3]}"
20030301000000_10,3,1.5852282047271729,GPM_IMERG,WA011,2003,"{""type"":""Point"",""coordinates"":[1.22,6.130000000000001]}"
20030301000000_11,3,1.308923602104187,GPM_IMERG,WA012,2003,"{""type"":""Point"",""coordinates"":[2.42,6.37]}"
20030301000000_12,3,0.0177120994776487,GPM_IMERG,WA013,2003,"{""type"":""Point"",""coordinates"":[8.52,12.05]}"
20030301000000_13,3,2.915234565734864,GPM_IMERG,WA014,2003,"{""type"":""Point"",""coordinates"":[-1.62,6.69]}"
20030301000000_14,3,0.0,GPM_IMERG,WA015,2003,"{""type"":""Point"",""coordinates"":[-16.680000000000003,13.45]}"
,3,0.0,GPM_IMERG,WA016,2003,
20030401000000_0,4,0.0517666898667812,GPM_IMERG,WA001,2003,"{""type"":""Point"",""coordinates"":[-17.470000000000002,14.73]}"
20030401000000_1,4,0.6517296433448792,GPM_IMERG,WA002,2003,"{""type"":""Point"",""coordinates"":[-7.949999999999998,12.65]}"
20030401000000_2,4,0.9560179114341736,GPM_IMERG,WA003,2003,"{""type"":""Point"",""coordinates"":[-1.5200000000000002,12.360000000000001]}"
20030401000000_3,4,0.1101491525769233,GPM_IMERG,WA004,2003,"{""type"":""Point"",""coordinates"":[2.17,13.51]}"
20030401000000_4,4,2.494107484817505,GPM_IMERG,WA005,2003,"{""type"":""Point"",""coordinates"":[7.33,9.07]}"
20030401000000_5,4,5.697311401367188,GPM_IMERG,WA006,2003,"{""type"":""Point"",""coordinates"":[-0.17,5.56]}"
20030401000000_6,4,6.523697376251221,GPM_IMERG,WA007,2003,"{""type"":""Point"",""coordinates"":[-3.9299999999999997,5.349999999999999]}"
20030401000000_7,4,1.3177571296691897,GPM_IMERG,WA008,2003,"{""type"":""Point"",""coordinates"":[-13.67,9.53]}"
20030401000000_8,4,1.549836039543152,GPM_IMERG,WA009,2003,"{""type"":""Point"",""coordinates"":[-13.230000000000002,8.489999999999998]}"
20030401000000_9,4,6.884720802307129,GPM_IMERG,WA010,2003,"{""type"":""Point"",""coordinates"":[-10.799999999999999,6.3]}"
20030401000000_10,4,5.962702751159668,GPM_IMERG,WA011,2003,"{""type"":""Point"",""coordinates"":[1.22,6.130000000000001]}"
20030401000000_11,4,7.014817237854004,GPM_IMERG,WA012,2003,"{""type"":""Point"",""coordinates"":[2.42,6.37]}"
20030401000000_12,4,0.5127721428871155,GPM_IMERG,WA013,2003,"{""type"":""Point"",""coordinates"":[8.52,12.05]}"
20030401000000_13,4,5.1888203620910645,GPM_IMERG,WA014,2003,"{""type"":""Point"",""coordinates"":[-1.62,6.69]}"
20030401000000_14,4,0.0,GPM_IMERG,WA015,2003,"{""type"":""Point"",""coordinates"":[-16.680000000000003,13.45]}"
,4,0.0,GPM_IMERG,WA016,2003,
20030501000000_0,5,0.0607571564614772,GPM_IMERG,WA001,2003,"{""type"":""Point"",""coordinates"":[-17.470000000000002,14.73]}"
20030501000000_1,5,1.729645609855652,GPM_IMERG,WA002,2003,"{""type"":""Point"",""coordinates"":[-7.949999999999998,12.65]}"
20030501000000_2,5,2.002344846725464,GPM_IMERG,WA003,2003,"{""type"":""Point"",""coordinates"":[-1.5200000000000002,12.360000000000001]}"
20030501000000_3,5,1.3091096878051758,GPM_IMERG,WA004,2003,"{""type"":""Point"",""coordinates"":[2.17,13.51]}"
20030501000000_4,5,5.098165035247803,GPM_IMERG,WA005,2003,"{""type"":""Point"",""coordinates"":[7.33,9.07]}"
20030501000000_5,5,3.755232810974121,GPM_IMERG,WA006,2003,"{""type"":""Point"",""coordinates"":[-0.17,5.56]}"
20030501000000_6,5,6.419355392456055,GPM_IMERG,WA007,2003,"{""type"":""Point"",""coordinates"":[-3.9299999999999997,5.349999999999999]}"
20030501000000_7,5,2.655828952789306,GPM_IMERG,WA008,2003,"{""type"":""Point"",""coordinates"":[-13.67,9.53]}"
20030501000000_8,5,4.584466457366943,GPM_IMERG,WA009,2003,"{""type"":""Point"",""coordinates"":[-13.230000000000002,8.489999999999998]}"
20030501000000_9,5,9.62956714630127,GPM_IMERG,WA010,2003,"{""type"":""Point"",""coordinates"":[-10.799999999999999,6.3]}"
20030501000000_10,5,3.2015295028686523,GPM_IMERG,WA011,2003,"{""type"":""Point"",""coordinates"":[1.22,6.130000000000001]}"
20030501000000_11,5,3.45310115814209,GPM_IMERG,WA012,2003,"{""type"":""Point"",""coordinates"":[2.42,6.37]}"
20030501000000_12,5,2.456758499145508,GPM_IMERG,WA013,2003,"{""type"":""Point"",""coordinates"":[8.52,12.05]}"
20030501000000_13,5,5.7679314613342285,GPM_IMERG,WA014,2003,"{""type"":""Point"",""coordinates"":[-1.62,6.69]}"
20030501000000_14,5,0.0,GPM_IMERG,WA015,2003,"{""type"":""Point"",""coordinates"":[-16.680000000000003,13.45]}"
,5,0.022028567,GPM_IMERG,WA016,2003,
20030601000000_0,6,1.3204330205917358,GPM_IMERG,WA001,2003,"{""type"":""Point"",""coordinates"":[-17.470000000000002,14.73]}"
20030601000000_1,6,5.345678329467773,GPM_IMERG,WA002,2003,"{""type"":""Point"",""coordinates"":[-7.949999999999998,12.65]}"
20030601000000_2,6,5.476259231567383,GPM_IMERG,WA003,2003,"{""type"":""Point"",""coordinates"":[-1.5200000000000002,12.360000000000001]}"
20030601000000_3,6,4.034053325653076,GPM_IMERG,WA004,2003,"{""type"":""Point"",""coordinates"":[2.17,13.51]}"
20030601000000_4,6,8.823919296264648,GPM_IMERG,WA005,2003,"{""type"":""Point"",""coordinates"":[7.33,9.07]}"
20030601000000_5,6,7.615853309631348,GPM_IMERG,WA006,2003,"{""type"":""Point"",""coordinates"":[-0.17,5.56]}"
20030601000000_6,6,8.853201866149902,GPM_IMERG,WA007,2003,"{""type"":""Point"",""coordinates"":[-3.9299999999999997,5.349999999999999]}"
20030601000000_7,6,17.0693416595459,GPM_IMERG,WA008,2003,"{""type"":""Point"",""coordinates"":[-13.67,9.53]}"
20030601000000_8,6,17.016521453857422,GPM_IMERG,WA009,2003,"{""type"":""Point"",""coordinates"":[-13.230000000000002,8.489999999999998]}"
20030601000000_9,6,21.01866149902344,GPM_IMERG,WA010,2003,"{""type"":""Point"",""coordinates"":[-10.799999999999999,6.3]}"
20030601000000_10,6,7.013381481170654,GPM_IMERG,WA011,2003,"{""type"":""Point"",""coordinates"":[1.22,6.130000000000001]}"
20030601000000_11,6,7.96012020111084,GPM_IMERG,WA012,2003,"{""type"":""Point"",""coordinates"":[2.42,6.37]}"
20030601000000_12,6,5.700715065002441,GPM_IMERG,WA013,2003,"{""type"":""Point"",""coordinates"":[8.52,12.05]}"
20030601000000_13,6,7.368419170379639,GPM_IMERG,WA014,2003,"{""type"":""Point"",""coordinates"":[-1.62,6.69]}"
20030601000000_14,6,3.18638563156128,GPM_IMERG,WA015,2003,"{""type"":""Point"",""coordinates"":[-16.680000000000003,13.45]}"
,6,0.078854375,GPM_IMERG,WA016,2003,
20030701000000_0,7,2.0825283527374268,GPM_IMERG,WA001,2003,"{""type"":""Point"",""coordinates"":[-17.470000000000002,14.73]}"
20030701000000_1,7,9.46633243560791,GPM_IMERG,WA002,2003,"{""type"":""Point"",""coordinates"":[-7.949999999999998,12.65]}"
20030701000000_2,7,6.050093173980713,GPM_IMERG,WA003,2003,"{""type"":""Point"",""coordinates"":[-1.5200000000000002,12.360000000000001]}"
20030701000000_3,7,2.862508773803711,GPM_IMERG,WA004,2003,"{""type"":""Point"",""coordinates"":[2.17,13.51]}"
20030701000000_4,7,12.256189346313477,GPM_IMERG,WA005,2003,"{""type"":""Point"",""coordinates"":[7.33,9.07]}"
20030701000000_5,7,1.706134557723999,GPM_IMERG,WA006,2003,"{""type"":""Point"",""coordinates"":[-0.17,5.56]}"
20030701000000_6,7,0.649463951587677,GPM_IMERG,WA007,2003,"{""type"":""Point"",""coordinates"":[-3.9299999999999997,5.349999999999999]}"
20030701000000_7,7,25.83742332458496,GPM_IMERG,WA008,2003,"{""type"":""Point"",""coordinates"":[-13.67,9.53]}"
20030701000000_8,7,18.423324584960938,GPM_IMERG,WA009,2003,"{""type"":""Point"",""coordinates"":[-13.230000000000002,8.489999999999998]}"
20030701000000_9,7,15.133880615234377,GPM_IMERG,WA010,2003,"{""type"":""Point"",""coordinates"":[-10.799999999999999,6.3]}"
20030701000000_10,7,2.0401387214660645,GPM_IMERG,WA011,2003,"{""type"":""Point"",""coordinates"":[1.22,6.130000000000001]}"
20030701000000_11,7,1.9689199924469,GPM_IMERG,WA012,2003,"{""type"":""Point"",""coordinates"":[2.42,6.37]}"
20030701000000_12,7,9.007316589355469,GPM_IMERG,WA013,2003,"{""type"":""Point"",""coordinates"":[8.52,12.05]}"
20030701000000_13,7,2.371057271957397,GPM_IMERG,WA014,2003,"{""type"":""Point"",""coordinates"":[-1.62,6.69]}"
20030701000000_14,7,6.179934501647949,GPM_IMERG,WA015,2003,"{""type"":""Point"",""coordinates"":[-16.680000000000003,13.45]}"
,7,0.62921333,GPM_IMERG,WA016,2003,
20030801000000_0,8,3.2927470207214355,GPM_IMERG,WA001,2003,"{""type"":""Point"",""coordinates"":[-17.470000000000002,14.73]}"
20030801000000_1,8,8.55180549621582,GPM_IMERG,WA002,2003,"{""type"":""Point"",""coordinates"":[-7.949999999999998,12.65]}"
20030801000000_2,8,6.860252857208252,GPM_IMERG,WA003,2003,"{""type"":""Point"",""coordinates"":[-1.5200000000000002,12.360000000000001]}"
20030801000000_3,8,5.006879806518555,GPM_IMERG,WA004,2003,"{""type"":""Point"",""coordinates"":[2.17,13.51]}"
20030801000000_4,8,7.822587490081787,GPM_IMERG,WA005,2003,"{""type"":""Point"",""coordinates"":[7.33,9.07]}"
20030801000000_5,8,0.922536313533783,GPM_IMERG,WA006,2003,"{""type"":""Point"",""coordinates"":[-0.17,5.56]}"
20030801000000_6,8,0.9919689893722534,GPM_IMERG,WA007,2003,"{""type"":""Point"",""coordinates"":[-3.9299999999999997,5.349999999999999]}"
20030801000000_7,8,26.38063240051269,GPM_IMERG,WA008,2003,"{""type"":""Point"",""coordinates"":[-13.67,9.53]}"
20030801000000_8,8,17.846071243286133,GPM_IMERG,WA009,2003,"{""type"":""Point"",""coordinates"":[-13.230000000000002,8.489999999999998]}"
20030801000000_9,8,7.154931545257568,GPM_IMERG,WA010,2003,"{""type"":""Point"",""coordinates"":[-10.799999999999999,6.3]}"
20030801000000_10,8,0.5584787130355835,GPM_IMERG,WA011,2003,"{""type"":""Point"",""coordinates"":[1.22,6.130000000000001]}"
20030801000000_11,8,0.7221094965934753,GPM_IMERG,WA012,2003,"{""type"":""Point"",""coordinates"":[2.42,6.37]}"
20030801000000_12,8,11.713141441345217,GPM_IMERG,WA013,2003,"{""type"":""Point"",""coordinates"":[8.52,12.05]}"
20030801000000_13,8,1.3959516286849976,GPM_IMERG,WA014,2003,"{""type"":""Point"",""coordinates"":[-1.62,6.69]}"
20030801000000_14,8,9.440929412841797,GPM_IMERG,WA015,2003,"{""type"":""Point"",""coordinates"":[-16.680000000000003,13.45]}"
,8,0.66328347,GPM_IMERG,WA016,2003,
20030901000000_0,9,3.635166645050049,GPM_IMERG,WA001,2003,"{""type"":""Point"",""coordinates"":[-17.470000000000002,14.73]}"
20030901000000_1,9,6.903604030609131,GPM_IMERG,WA002,2003,"{""type"":""Point"",""coordinates"":[-7.949999999999998,12.65]}"
20030901000000_2,9,6.008976936340332,GPM_IMERG,WA003,2003,"{""type"":""Point"",""coordinates"":[-1.5200000000000002,12.360000000000001]}"
20030901000000_3,9,3.6731133460998535,GPM_IMERG,WA004,2003,"{""type"":""Point"",""coordinates"":[2.17,13.51]}"
20030901000000_4,9,8.762479782104492,GPM_IMERG,WA005,2003,"{""type"":""Point"",""coordinates"":[7.33,9.07]}"
20030901000000_5,9,1.792931079864502,GPM_IMERG,WA006,2003,"{""type"":""Point"",""coordinates"":[-0.17,5.56]}"
20030901000000_6,9,2.8431944847106934,GPM_IMERG,WA007,2003,"{""type"":""Point"",""coordinates"":[-3.9299999999999997,5.349999999999999]}"
20030901000000_7,9,18.208295822143555,GPM_IMERG,WA008,2003,"{""type"":""Point"",""coordinates"":[-13.67,9.53]}"
20030901000000_8,9,15.813413619995115,GPM_IMERG,WA009,2003,"{""type"":""Point"",""coordinates"":[-13.230000000000002,8.489999999999998]}"
20030901000000_9,9,16.613515853881836,GPM_IMERG,WA010,2003,"{""type"":""Point"",""coordinates"":[-10.799999999999999,6.3]}"
20030901000000_10,9,3.1763947010040283,GPM_IMERG,WA011,2003,"{""type"":""Point"",""coordinates"":[1.22,6.130000000000001]}"
20030901000000_11,9,5.262112140655518,GPM_IMERG,WA012,2003,"{""type"":""Point"",""coordinates"":[2.42,6.37]}"
20030901000000_12,9,5.624679565429688,GPM_IMERG,WA013,2003,"{""type"":""Point"",""coordinates"":[8.52,12.05]}"
20030901000000_13,9,4.316074371337891,GPM_IMERG,WA014,2003,"{""type"":""Point"",""coordinates"":[-1.62,6.69]}"
20030901000000_14,9,6.694476127624512,GPM_IMERG,WA015,2003,"{""type"":""Point"",""coordinates"":[-16.680000000000003,13.45]}"
,9,0.8393754,GPM_IMERG,WA016,2003,
20031001000000_0,10,1.4955525398254397,GPM_IMERG,WA001,2003,"{""type"":""Point"",""coordinates"":[-17.470000000000002,14.73]}"
20031001000000_1,10,1.6305752992630005,GPM_IMERG,WA002,2003,"{""type"":""Point"",""coordinates"":[-7.949999999999998,12.65]}"
20031001000000_2,10,1.7704174518585205,GPM_IMERG,WA003,2003,"{""type"":""Point"",""coordinates"":[-1.5200000000000002,12.360000000000001]}"
20031001000000_3,10,0.1952886134386062,GPM_IMERG,WA004,2003,"{""type"":""Point"",""coordinates"":[2.17,13.51]}"
20031001000000_4,10,3.2195565700531006,GPM_IMERG,WA005,2003,"{""type"":""Point"",""coordinates"":[7.33,9.07]}"
20031001000000_5,10,4.586006164550781,GPM_IMERG,WA006,2003,"{""type"":""Point"",""coordinates"":[-0.17,5.56]}"
20031001000000_6,10,7.0721306800842285,GPM_IMERG,WA007,2003,"{""type"":""Point"",""coordinates"":[-3.9299999999999997,5.349999999999999]}"
20031001000000_7,10,8.989151954650879,GPM_IMERG,WA008,2003,"{""type"":""Point"",""coordinates"":[-13.67,9.53]}"
20031001000000_8,10,8.151601791381836,GPM_IMERG,WA009,2003,"{""type"":""Point"",""coordinates"":[-13.230000000000002,8.489999999999998]}"
20031001000000_9,10,12.04290008544922,GPM_IMERG,WA010,2003,"{""type"":""Point"",""coordinates"":[-10.799999999999999,6.3]}"
20031001000000_10,10,4.574119567871094,GPM_IMERG,WA011,2003,"{""type"":""Point"",""coordinates"":[1.22,6.130000000000001]}"
20031001000000_11,10,6.273400783538818,GPM_IMERG,WA012,2003,"{""type"":""Point"",""coordinates"":[2.42,6.37]}"
20031001000000_12,10,0.5274612307548523,GPM_IMERG,WA013,2003,"{""type"":""Point"",""coordinates"":[8.52,12.05]}"
20031001000000_13,10,7.002630710601807,GPM_IMERG,WA014,2003,"{""type"":""Point"",""coordinates"":[-1.62,6.69]}"
20031001000000_14,10,2.4284768104553223,GPM_IMERG,WA015,2003,"{""type"":""Point"",""coordinates"":[-16.680000000000003,13.45]}"
,10,2.0191007,GPM_IMERG,WA016,2003,
20031101000000_0,11,0.0367571525275707,GPM_IMERG,WA001,2003,"{""type"":""Point"",""coordinates"":[-17.470000000000002,14.73]}"
20031101000000_1,11,0.2920602858066559,GPM_IMERG,WA002,2003,"{""type"":""Point"",""coordinates"":[-7.949999999999998,12.65]}"
20031101000000_2,11,0.0449040010571479,GPM_IMERG,WA003,2003,"{""type"":""Point"",""coordinates"":[-1.5200000000000002,12.360000000000001]}"
20031101000000_3,11,0.0,GPM_IMERG,WA004,2003,"{""type"":""Point"",""coordinates"":[2.17,13.51]}"
20031101000000_4,11,1.5005592107772827,GPM_IMERG,WA005,2003,"{""type"":""Point"",""coordinates"":[7.33,9.07]}"
20031101000000_5,11,2.0381734371185303,GPM_IMERG,WA006,2003,"{""type"":""Point"",""coordinates"":[-0.17,5.56]}"
20031101000000_6,11,2.302302360534668,GPM_IMERG,WA007,2003,"{""type"":""Point"",""coordinates"":[-3.9299999999999997,5.349999999999999]}"
20031101000000_7,11,6.350904941558838,GPM_IMERG,WA008,2003,"{""type"":""Point"",""coordinates"":[-13.67,9.53]}"
20031101000000_8,11,6.055474281311035,GPM_IMERG,WA009,2003,"{""type"":""Point"",""coordinates"":[-13.230000000000002,8.489999999999998]}"
20031101000000_9,11,5.894275665283203,GPM_IMERG,WA010,2003,"{""type"":""Point"",""coordinates"":[-10.799999999999999,6.3]}"
20031101000000_10,11,1.8620822429656985,GPM_IMERG,WA011,2003,"{""type"":""Point"",""coordinates"":[1.22,6.130000000000001]}"
20031101000000_11,11,2.111214399337769,GPM_IMERG,WA012,2003,"{""type"":""Point"",""coordinates"":[2.42,6.37]}"
20031101000000_12,11,0.0170591622591018,GPM_IMERG,WA013,2003,"{""type"":""Point"",""coordinates"":[8.52,12.05]}"
20031101000000_13,11,4.989202976226807,GPM_IMERG,WA014,2003,"{""type"":""Point"",""coordinates"":[-1.62,6.69]}"
20031101000000_14,11,0.0028123899828642,GPM_IMERG,WA015,2003,"{""type"":""Point"",""coordinates"":[-16.680000000000003,13.45]}"
,11,0.0,GPM_IMERG,WA016,2003,
20031201000000_0,12,0.0270095374435186,GPM_IMERG,WA001,2003,"{""type"":""Point"",""coordinates"":[-17.470000000000002,14.73]}"
20031201000000_1,12,0.0,GPM_IMERG,WA002,2003,"{""type"":""Point"",""coordinates"":[-7.949999999999998,12.65]}"
20031201000000_2,12,0.0045033963397145,GPM_IMERG,WA003,2003,"{""type"":""Point"",""coordinates"":[-1.5200000000000002,12.360000000000001]}"
20031201000000_3,12,0.0,GPM_IMERG,WA004,2003,"{""type"":""Point"",""coordinates"":[2.17,13.51]}"
20031201000000_4,12,0.0,GPM_IMERG,WA005,2003,"{""type"":""Point"",""coordinates"":[7.33,9.07]}"
20031201000000_5,12,0.8750825524330139,GPM_IMERG,WA006,2003,"{""type"":""Point"",""coordinates"":[-0.17,5.56]}"
20031201000000_6,12,3.0894339084625244,GPM_IMERG,WA007,2003,"{""type"":""Point"",""coordinates"":[-3.9299999999999997,5.349999999999999]}"
20031201000000_7,12,0.0683457404375076,GPM_IMERG,WA008,2003,"{""type"":""Point"",""coordinates"":[-13.67,9.53]}"
20031201000000_8,12,0.3153965771198272,GPM_IMERG,WA009,2003,"{""type"":""Point"",""coordinates"":[-13.230000000000002,8.489999999999998]}"
20031201000000_9,12,0.689210057258606,GPM_IMERG,WA010,2003,"{""type"":""Point"",""coordinates"":[-10.799999999999999,6.3]}"
20031201000000_10,12,0.6969319581985474,GPM_IMERG,WA011,2003,"{""type"":""Point"",""coordinates"":[1.22,6.130000000000001]}"
20031201000000_11,12,0.2115058302879333,GPM_IMERG,WA012,2003,"{""type"":""Point"",""coordinates"":[2.42,6.37]}"
20031201000000_12,12,0.0,GPM_IMERG,WA013,2003,"{""type"":""Point"",""coordinates"":[8.52,12.05]}"
20031201000000_13,12,2.0454046726226807,GPM_IMERG,WA014,2003,"{""type"":""Point"",""coordinates"":[-1.62,6.69]}"
20031201000000_14,12,0.0014082533307373,GPM_IMERG,WA015,2003,"{""type"":""Point"",""coordinates"":[-16.680000000000003,13.45]}"
,12,0.023059938,GPM_IMERG,WA016,2003,
20040101000000_0,1,0.2836287915706634,GPM_IMERG,WA001,2004,"{""type"":""Point"",""coordinates"":[-17.470000000000002,14.73]}"
20040101000000_1,1,0.0178164541721344,GPM_IMERG,WA002,2004,"{""type"":""Point"",""coordinates"":[-7.949999999999998,12.65]}"
20040101000000_2,1,0.0051537756808102,GPM_IMERG,WA003,2004,"{""type"":""Point"",""coordinates"":[-1.5200000000000002,12.360000000000001]}"
20040101000000_3,1,0.0,GPM_IMERG,WA004,2004,"{""type"":""Point"",""coordinates"":[2.17,13.51]}"
20040101000000_4,1,0.0019691658671945,GPM_IMERG,WA005,2004,"{""type"":""Point"",""coordinates"":[7.33,9.07]}"
20040101000000_5,1,0.8566112518310547,GPM_IMERG,WA006,2004,"{""type"":""Point"",""coordinates"":[-0.17,5.56]}"
20040101000000_6,1,1.192373514175415,GPM_IMERG,WA007,2004,"{""type"":""Point"",""coordinates"":[-3.9299999999999997,5.349999999999999]}"
20040101000000_7,1,0.0189324617385864,GPM_IMERG,WA008,2004,"{""type"":""Point"",""coordinates"":[-13.67,9.53]}"
20040101000000_8,1,0.1052303910255432,GPM_IMERG,WA009,2004,"{""type"":""Point"",""coordinates"":[-13.230000000000002,8.489999999999998]}"
20040101000000_9,1,0.1389256417751312,GPM_IMERG,WA010,2004,"{""type"":""Point"",""coordinates"":[-10.799999999999999,6.3]}"
20040101000000_10,1,0.7842322587966919,GPM_IMERG,WA011,2004,"{""type"":""Point"",""coordinates"":[1.22,6.130000000000001]}"
20040101000000_11,1,1.698817491531372,GPM_IMERG,WA012,2004,"{""type"":""Point"",""coordinates"":[2.42,6.37]}"
20040101000000_12,1,0.0,GPM_IMERG,WA013,2004,"{""type"":""Point"",""coordinates"":[8.52,12.05]}"
20040101000000_13,1,1.5411638021469116,GPM_IMERG,WA014,2004,"{""type"":""Point"",""coordinates"":[-1.62,6.69]}"
20040101000000_14,1,0.0869453176856041,GPM_IMERG,WA015,2004,"{""type"":""Point"",""coordinates"":[-16.680000000000003,13.45]}"
,1,0.03206522,GPM_IMERG,WA016,2004,
20040201000000_0,2,0.2303096204996109,GPM_IMERG,WA001,2004,"{""type"":""Point"",""coordinates"":[-17.470000000000002,14.73]}"
20040201000000_1,2,0.0405951291322708,GPM_IMERG,WA002,2004,"{""type"":""Point"",""coordinates"":[-7.949999999999998,12.65]}"
20040201000000_2,2,0.0149989705532789,GPM_IMERG,WA003,2004,"{""type"":""Point"",""coordinates"":[-1.5200000000000002,12.360000000000001]}"
20040201000000_3,2,0.0,GPM_IMERG,WA004,2004,"{""type"":""Point"",""coordinates"":[2.17,13.51]}"
20040201000000_4,2,0.2147811502218246,GPM_IMERG,WA005,2004,"{""type"":""Point"",""coordinates"":[7.33,9.07]}"
20040201000000_5,2,1.3032728433609009,GPM_IMERG,WA006,2004,"{""type"":""Point"",""coordinates"":[-0.17,5.56]}"
20040201000000_6,2,1.5535229444503784,GPM_IMERG,WA007,2004,"{""type"":""Point"",""coordinates"":[-3.9299999999999997,5.349999999999999]}"
20040201000000_7,2,0.0088106039911508,GPM_IMERG,WA008,2004,"{""type"":""Point"",""coordinates"":[-13.67,9.53]}"
20040201000000_8,2,0.1013223007321357,GPM_IMERG,WA009,2004,"{""type"":""Point"",""coordinates"":[-13.230000000000002,8.489999999999998]}"
20040201000000_9,2,0.2785845100879669,GPM_IMERG,WA010,2004,"{""type"":""Point"",""coordinates"":[-10.799999999999999,6.3]}"
20040201000000_10,2,1.3909595012664795,GPM_IMERG,WA011,2004,"{""type"":""Point"",""coordinates"":[1.22,6.130000000000001]}"
20040201000000_11,2,1.329616904258728,GPM_IMERG,WA012,2004,"{""type"":""Point"",""coordinates"":[2.42,6.37]}"
20040201000000_12,2,0.0059012719430029,GPM_IMERG,WA013,2004,"{""type"":""Point"",""coordinates"":[8.52,12.05]}"
20040201000000_13,2,3.5696589946746826,GPM_IMERG,WA014,2004,"{""type"":""Point"",""coordinates"":[-1.62,6.69]}"
20040201000000_14,2,0.004224759992212,GPM_IMERG,WA015,2004,"{""type"":""Point"",""coordinates"":[-16.680000000000003,13.45]}"
,2,0.0014111869,GPM_IMERG,WA016,2004,
20040301000000_0,3,0.0794952362775802,GPM_IMERG,WA001,2004,"{""type"":""Point"",""coordinates"":[-17.470000000000002,14.73]}"
20040301000000_1,3,0.0669406950473785,GPM_IMERG,WA002,2004,"{""type"":""Point"",""coordinates"":[-7.949999999999998,12.65]}"
20040301000000_2,3,0.103465586900711,GPM_IMERG,WA003,2004,"{""type"":""Point"",""coordinates"":[-1.5200000000000002,12.360000000000001]}"
20040301000000_3,3,0.0,GPM_IMERG,WA004,2004,"{""type"":""Point"",""coordinates"":[2.17,13.51]}"
20040301000000_4,3,0.0714379027485847,GPM_IMERG,WA005,2004,"{""type"":""Point"",""coordinates"":[7.33,9.07]}"
20040301000000_5,3,1.9944037199020384,GPM_IMERG,WA006,2004,"{""type"":""Point"",""coordinates"":[-0.17,5.56]}"
20040301000000_6,3,1.8470759391784668,GPM_IMERG,WA007,2004,"{""type"":""Point"",""coordinates"":[-3.9299999999999997,5.349999999999999]}"
20040301000000_7,3,0.0514695979654789,GPM_IMERG,WA008,2004,"{""type"":""Point"",""coordinates"":[-13.67,9.53]}"
20040301000000_8,3,0.1755793541669845,GPM_IMERG,WA009,2004,"{""type"":""Point"",""coordinates"":[-13.230000000000002,8.489999999999998]}"
20040301000000_9,3,1.1739455461502075,GPM_IMERG,WA010,2004,"{""type"":""Point"",""coordinates"":[-10.799999999999999,6.3]}"
20040301000000_10,3,1.9296081066131592,GPM_IMERG,WA011,2004,"{""type"":""Point"",""coordinates"":[1.22,6.130000000000001]}"
20040301000000_11,3,1.873111724853516,GPM_IMERG,WA012,2004,"{""type"":""Point"",""coordinates"":[2.42,6.37]}"
20040301000000_12,3,0.0177038181573152,GPM_IMERG,WA013,2004,"{""type"":""Point"",""coordinates"":[8.52,12.05]}"
20040301000000_13,3,4.320435047149658,GPM_IMERG,WA014,2004,"{""type"":""Point"",""coordinates"":[-1.62,6.69]}"
20040301000000_14,3,0.0,GPM_IMERG,WA015,2004,"{""type"":""Point"",""coordinates"":[-16.680000000000003,13.45]}"
,3,0.0006586996,GPM_IMERG,WA016,2004,
20040401000000_0,4,0.0825238451361656,GPM_IMERG,WA001,2004,"{""type"":""Point"",""coordinates"":[-17.470000000000002,14.73]}"
20040401000000_1,4,1.0074316263198853,GPM_IMERG,WA002,2004,"{""type"":""Point"",""coordinates"":[-7.949999999999998,12.65]}"
20040401000000_2,4,2.113764524459839,GPM_IMERG,WA003,2004,"{""type"":""Point"",""coordinates"":[-1.5200000000000002,12.360000000000001]}"
20040401000000_3,4,0.8544622659683228,GPM_IMERG,WA004,2004,"{""type"":""Point"",""coordinates"":[2.17,13.51]}"
20040401000000_4,4,2.3215107917785645,GPM_IMERG,WA005,2004,"{""type"":""Point"",""coordinates"":[7.33,9.07]}"
20040401000000_5,4,1.923827528953552,GPM_IMERG,WA006,2004,"{""type"":""Point"",""coordinates"":[-0.17,5.56]}"
20040401000000_6,4,4.967887878417969,GPM_IMERG,WA007,2004,"{""type"":""Point"",""coordinates"":[-3.9299999999999997,5.349999999999999]}"
20040401000000_7,4,0.645363450050354,GPM_IMERG,WA008,2004,"{""type"":""Point"",""coordinates"":[-13.67,9.53]}"
20040401000000_8,4,1.7594232559204102,GPM_IMERG,WA009,2004,"{""type"":""Point"",""coordinates"":[-13.230000000000002,8.489999999999998]}"
20040401000000_9,4,5.05633020401001,GPM_IMERG,WA010,2004,"{""type"":""Point"",""coordinates"":[-10.799999999999999,6.3]}"
20040401000000_10,4,2.578534841537476,GPM_IMERG,WA011,2004,"{""type"":""Point"",""coordinates"":[1.22,6.130000000000001]}"
20040401000000_11,4,3.1794936656951904,GPM_IMERG,WA012,2004,"{""type"":""Point"",""coordinates"":[2.42,6.37]}"
20040401000000_12,4,0.1543794274330139,GPM_IMERG,WA013,2004,"{""type"":""Point"",""coordinates"":[8.52,12.05]}"
20040401000000_13,4,3.637402057647705,GPM_IMERG,WA014,2004,"{""type"":""Point"",""coordinates"":[-1.62,6.69]}"
20040401000000_14,4,0.0014082533307373,GPM_IMERG,WA015,2004,"{""type"":""Point"",""coordinates"":[-16.680000000000003,13.45]}"
,4,0.0,GPM_IMERG,WA016,2004,
20040501000000_0,5,0.0442714616656303,GPM_IMERG,WA001,2004,"{""type"":""Point"",""coordinates"":[-17.470000000000002,14.73]}"
20040501000000_1,5,1.0362322330474854,GPM_IMERG,WA002,2004,"{""type"":""Point"",""coordinates"":[-7.949999999999998,12.65]}"
20040501000000_2,5,1.6814336776733398,GPM_IMERG,WA003,2004,"{""type"":""Point"",""coordinates"":[-1.5200000000000002,12.360000000000001]}"
20040501000000_3,5,0.2768568992614746,GPM_IMERG,WA004,2004,"{""type"":""Point"",""coordinates"":[2.17,13.51]}"
20040501000000_4,5,6.424215316772461,GPM_IMERG,WA005,2004,"{""type"":""Point"",""coordinates"":[7.33,9.07]}"
20040501000000_5,5,4.59501838684082,GPM_IMERG,WA006,2004,"{""type"":""Point"",""coordinates"":[-0.17,5.56]}"
20040501000000_6,5,4.762303352355957,GPM_IMERG,WA007,2004,"{""type"":""Point"",""coordinates"":[-3.9299999999999997,5.349999999999999]}"
20040501000000_7,5,1.7814416885375977,GPM_IMERG,WA008,2004,"{""type"":""Point"",""coordinates"":[-13.67,9.53]}"
20040501000000_8,5,4.569155693054199,GPM_IMERG,WA009,2004,"{""type"":""Point"",""coordinates"":[-13.230000000000002,8.489999999999998]}"
20040501000000_9,5,10.956307411193848,GPM_IMERG,WA010,2004,"{""type"":""Point"",""coordinates"":[-10.799999999999999,6.3]}"
20040501000000_10,5,6.407281398773193,GPM_IMERG,WA011,2004,"{""type"":""Point"",""coordinates"":[1.22,6.130000000000001]}"
20040501000000_11,5,8.546050071716309,GPM_IMERG,WA012,2004,"{""type"":""Point"",""coordinates"":[2.42,6.37]}"
20040501000000_12,5,4.014256954193115,GPM_IMERG,WA013,2004,"{""type"":""Point"",""coordinates"":[8.52,12.05]}"
20040501000000_13,5,3.722702264785767,GPM_IMERG,WA014,2004,"{""type"":""Point"",""coordinates"":[-1.62,6.69]}"
20040501000000_14,5,0.0180921927094459,GPM_IMERG,WA015,2004,"{""type"":""Point"",""coordinates"":[-16.680000000000003,13.45]}"
,5,0.0,GPM_IMERG,WA016,2004,
20040601000000_0,6,0.32316654920578,GPM_IMERG,WA001,2004,"{""type"":""Point"",""coordinates"":[-17.470000000000002,14.73]}"
20040601000000_1,6,7.108974933624268,GPM_IMERG,WA002,2004,"{""type"":""Point"",""coordinates"":[-7.949999999999998,12.65]}"
20040601000000_2,6,1.7657300233840942,GPM_IMERG,WA003,2004,"{""type"":""Point"",""coordinates"":[-1.5200000000000002,12.360000000000001]}"
20040601000000_3,6,1.2309340238571167,GPM_IMERG,WA004,2004,"{""type"":""Point"",""coordinates"":[2.17,13.51]}"
20040601000000_4,6,8.199594497680664,GPM_IMERG,WA005,2004,"{""type"":""Point"",""coordinates"":[7.33,9.07]}"
20040601000000_5,6,3.815899133682251,GPM_IMERG,WA006,2004,"{""type"":""Point"",""coordinates"":[-0.17,5.56]}"
20040601000000_6,6,5.806121826171875,GPM_IMERG,WA007,2004,"{""type"":""Point"",""coordinates"":[-3.9299999999999997,5.349999999999999]}"
20040601000000_7,6,11.581514358520508,GPM_IMERG,WA008,2004,"{""type"":""Point"",""coordinates"":[-13.67,9.53]}"
20040601000000_8,6,10.471975326538086,GPM_IMERG,WA009,2004,"{""type"":""Point"",""coordinates"":[-13.230000000000002,8.489999999999998]}"
20040601000000_9,6,10.013425827026367,GPM_IMERG,WA010,2004,"{""type"":""Point"",""coordinates"":[-10.799999999999999,6.3]}"
20040601000000_10,6,4.1810622215271,GPM_IMERG,WA011,2004,"{""type"":""Point"",""coordinates"":[1.22,6.130000000000001]}"
20040601000000_11,6,6.384449005126953,GPM_IMERG,WA012,2004,"{""type"":""Point"",""coordinates"":[2.42,6.37]}"
20040601000000_12,6,6.103233814239502,GPM_IMERG,WA013,2004,"{""type"":""Point"",""coordinates"":[8.52,12.05]}"
20040601000000_13,6,2.5120513439178467,GPM_IMERG,WA014,2004,"{""type"":""Point"",""coordinates"":[-1.62,6.69]}"
20040601000000_14,6,2.570985794067383,GPM_IMERG,WA015,2004,"{""type"":""Point"",""coordinates"":[-16.680000000000003,13.45]}"
,6,0.09148165,GPM_IMERG,WA016,2004,
20040701000000_0,7,1.284661889076233,GPM_IMERG,WA001,2004,"{""type"":""Point"",""coordinates"":[-17.470000000000002,14.73]}"
20040701000000_1,7,11.410659790039062,GPM_IMERG,WA002,2004,"{""type"":""Point"",""coordinates"":[-7.949999999999998,12.65]}"
20040701000000_2,7,6.151214599609375,GPM_IMERG,WA003,2004,"{""type"":""Point"",""coordinates"":[-1.5200000000000002,12.360000000000001]}"
20040701000000_3,7,4.846037864685059,GPM_IMERG,WA004,2004,"{""type"":""Point"",""coordinates"":[2.17,13.51]}"
20040701000000_4,7,7.206188201904297,GPM_IMERG,WA005,2004,"{""type"":""Point"",""coordinates"":[7.33,9.07]}"
20040701000000_5,7,1.8542344570159912,GPM_IMERG,WA006,2004,"{""type"":""Point"",""coordinates"":[-0.17,5.56]}"
20040701000000_6,7,0.8244284987449646,GPM_IMERG,WA007,2004,"{""type"":""Point"",""coordinates"":[-3.9299999999999997,5.349999999999999]}"
20040701000000_7,7,22.57857131958008,GPM_IMERG,WA008,2004,"{""type"":""Point"",""coordinates"":[-13.67,9.53]}"
20040701000000_8,7,17.269214630126953,GPM_IMERG,WA009,2004,"{""type"":""Point"",""coordinates"":[-13.230000000000002,8.489999999999998]}"
20040701000000_9,7,10.858515739440918,GPM_IMERG,WA010,2004,"{""type"":""Point"",""coordinates"":[-10.799999999999999,6.3]}"
20040701000000_10,7,2.165867567062378,GPM_IMERG,WA011,2004,"{""type"":""Point"",""coordinates"":[1.22,6.130000000000001]}"
20040701000000_11,7,3.0715808868408203,GPM_IMERG,WA012,2004,"{""type"":""Point"",""coordinates"":[2.42,6.37]}"
20040701000000_12,7,7.374712944030762,GPM_IMERG,WA013,2004,"{""type"":""Point"",""coordinates"":[8.52,12.05]}"
20040701000000_13,7,5.834376811981201,GPM_IMERG,WA014,2004,"{""type"":""Point"",""coordinates"":[-1.62,6.69]}"
20040701000000_14,7,6.930673599243164,GPM_IMERG,WA015,2004,"{""type"":""Point"",""coordinates"":[-16.680000000000003,13.45]}"
,7,0.7310558,GPM_IMERG,WA016,2004,
20040801000000_0,8,6.021486759185791,GPM_IMERG,WA001,2004,"{""type"":""Point"",""coordinates"":[-17.470000000000002,14.73]}"
20040801000000_1,8,8.969053268432617,GPM_IMERG,WA002,2004,"{""type"":""Point"",""coordinates"":[-7.949999999999998,12.65]}"
20040801000000_2,8,6.3337273597717285,GPM_IMERG,WA003,2004,"{""type"":""Point"",""coordinates"":[-1.5200000000000002,12.360000000000001]}"
20040801000000_3,8,5.193313121795654,GPM_IMERG,WA004,2004,"{""type"":""Point"",""coordinates"":[2.17,13.51]}"
20040801000000_4,8,8.260748863220215,GPM_IMERG,WA005,2004,"{""type"":""Point"",""coordinates"":[7.33,9.07]}"
20040801000000_5,8,1.5256571769714355,GPM_IMERG,WA006,2004,"{""type"":""Point"",""coordinates"":[-0.17,5.56]}"
20040801000000_6,8,1.5018653869628906,GPM_IMERG,WA007,2004,"{""type"":""Point"",""coordinates"":[-3.9299999999999997,5.349999999999999]}"
20040801000000_7,8,15.354669570922852,GPM_IMERG,WA008,2004,"{""type"":""Point"",""coordinates"":[-13.67,9.53]}"
20040801000000_8,8,12.80929183959961,GPM_IMERG,WA009,2004,"{""type"":""Point"",""coordinates"":[-13.230000000000002,8.489999999999998]}"
20040801000000_9,8,12.676979064941406,GPM_IMERG,WA010,2004,"{""type"":""Point"",""coordinates"":[-10.799999999999999,6.3]}"
20040801000000_10,8,1.9712059497833248,GPM_IMERG,WA011,2004,"{""type"":""Point"",""coordinates"":[1.22,6.130000000000001]}"
20040801000000_11,8,1.708001732826233,GPM_IMERG,WA012,2004,"{""type"":""Point"",""coordinates"":[2.42,6.37]}"
20040801000000_12,8,8.132387161254883,GPM_IMERG,WA013,2004,"{""type"":""Point"",""coordinates"":[8.52,12.05]}"
20040801000000_13,8,4.428318500518799,GPM_IMERG,WA014,2004,"{""type"":""Point"",""coordinates"":[-1.62,6.69]}"
20040801000000_14,8,9.68195629119873,GPM_IMERG,WA015,2004,"{""type"":""Point"",""coordinates"":[-16.680000000000003,13.45]}"
,8,0.45593226,GPM_IMERG,WA016,2004,
20040901000000_0,9,2.552685499191284,GPM_IMERG,WA001,2004,"{""type"":""Point"",""coordinates"":[-17.470000000000002,14.73]}"
20040901000000_1,9,2.4729695320129395,GPM_IMERG,WA002,2004,"{""type"":""Point"",""coordinates"":[-7.949999999999998,12.65]}"
20040901000000_2,9,4.988576889038086,GPM_IMERG,WA003,2004,"{""type"":""Point"",""coordinates"":[-1.5200000000000002,12.360000000000001]}"
20040901000000_3,9,3.2885634899139404,GPM_IMERG,WA004,2004,"{""type"":""Point"",""coordinates"":[2.17,13.51]}"
20040901000000_4,9,5.9018235206604,GPM_IMERG,WA005,2004,"{""type"":""Point"",""coordinates"":[7.33,9.07]}"
20040901000000_5,9,5.366284370422363,GPM_IMERG,WA006,2004,"{""type"":""Point"",""coordinates"":[-0.17,5.56]}"
20040901000000_6,9,7.104355812072754,GPM_IMERG,WA007,2004,"{""type"":""Point"",""coordinates"":[-3.9299999999999997,5.349999999999999]}"
20040901000000_7,9,10.966867446899414,GPM_IMERG,WA008,2004,"{""type"":""Point"",""coordinates"":[-13.67,9.53]}"
20040901000000_8,9,8.167277336120605,GPM_IMERG,WA009,2004,"{""type"":""Point"",""coordinates"":[-13.230000000000002,8.489999999999998]}"
20040901000000_9,9,16.000812530517578,GPM_IMERG,WA010,2004,"{""type"":""Point"",""coordinates"":[-10.799999999999999,6.3]}"
20040901000000_10,9,7.668320178985596,GPM_IMERG,WA011,2004,"{""type"":""Point"",""coordinates"":[1.22,6.130000000000001]}"
20040901000000_11,9,9.133336067199709,GPM_IMERG,WA012,2004,"{""type"":""Point"",""coordinates"":[2.42,6.37]}"
20040901000000_12,9,4.776333808898926,GPM_IMERG,WA013,2004,"{""type"":""Point"",""coordinates"":[8.52,12.05]}"
20040901000000_13,9,8.941072463989258,GPM_IMERG,WA014,2004,"{""type"":""Point"",""coordinates"":[-1.62,6.69]}"
20040901000000_14,9,6.134886741638184,GPM_IMERG,WA015,2004,"{""type"":""Point"",""coordinates"":[-16.680000000000003,13.45]}"
,9,0.5231033,GPM_IMERG,WA016,2004,
20041001000000_0,10,0.1650286316871643,GPM_IMERG,WA001,2004,"{""type"":""Point"",""coordinates"":[-17.470000000000002,14.73]}"
20041001000000_1,10,0.8295939564704895,GPM_IMERG,WA002,2004,"{""type"":""Point"",""coordinates"":[-7.949999999999998,12.65]}"
20041001000000_2,10,0.5566052794456482,GPM_IMERG,WA003,2004,"{""type"":""Point"",""coordinates"":[-1.5200000000000002,12.360000000000001]}"
20041001000000_3,10,0.0799940153956413,GPM_IMERG,WA004,2004,"{""type"":""Point"",""coordinates"":[2.17,13.51]}"
20041001000000_4,10,5.986212730407715,GPM_IMERG,WA005,2004,"{""type"":""Point"",""coordinates"":[7.33,9.07]}"
20041001000000_5,10,4.45037317276001,GPM_IMERG,WA006,2004,"{""type"":""Point"",""coordinates"":[-0.17,5.56]}"
20041001000000_6,10,8.129992485046387,GPM_IMERG,WA007,2004,"{""type"":""Point"",""coordinates"":[-3.9299999999999997,5.349999999999999]}"
20041001000000_7,10,3.9179847240448,GPM_IMERG,WA008,2004,"{""type"":""Point"",""coordinates"":[-13.67,9.53]}"
20041001000000_8,10,6.783149242401123,GPM_IMERG,WA009,2004,"{""type"":""Point"",""coordinates"":[-13.230000000000002,8.489999999999998]}"
20041001000000_9,10,13.591885566711426,GPM_IMERG,WA010,2004,"{""type"":""Point"",""coordinates"":[-10.799999999999999,6.3]}"
20041001000000_10,10,4.850309371948242,GPM_IMERG,WA011,2004,"{""type"":""Point"",""coordinates"":[1.22,6.130000000000001]}"
20041001000000_11,10,6.240556716918945,GPM_IMERG,WA012,2004,"{""type"":""Point"",""coordinates"":[2.42,6.37]}"
20041001000000_12,10,0.0955075174570083,GPM_IMERG,WA013,2004,"{""type"":""Point"",""coordinates"":[8.52,12.05]}"
20041001000000_13,10,6.964201927185059,GPM_IMERG,WA014,2004,"{""type"":""Point"",""coordinates"":[-1.62,6.69]}"
20041001000000_14,10,0.6022279262542725,GPM_IMERG,WA015,2004,"{""type"":""Point"",""coordinates"":[-16.680000000000003,13.45]}"
,10,0.022405904,GPM_IMERG,WA016,2004,
20041101000000_0,11,0.0600000023841857,GPM_IMERG,WA001,2004,"{""type"":""Point"",""coordinates"":[-17.470000000000002,14.73]}"
20041101000000_1,11,0.0346857085824012,GPM_IMERG,WA002,2004,"{""type"":""Point"",""coordinates"":[-7.949999999999998,12.65]}"
20041101000000_2,11,0.4297039806842804,GPM_IMERG,WA003,2004,"{""type"":""Point"",""coordinates"":[-1.5200000000000002,12.360000000000001]}"
20041101000000_3,11,0.0,GPM_IMERG,WA004,2004,"{""type"":""Point"",""coordinates"":[2.17,13.51]}"
20041101000000_4,11,0.2011948078870773,GPM_IMERG,WA005,2004,"{""type"":""Point"",""coordinates"":[7.33,9.07]}"
20041101000000_5,11,2.4152371883392334,GPM_IMERG,WA006,2004,"{""type"":""Point"",""coordinates"":[-0.17,5.56]}"
20041101000000_6,11,3.347562074661255,GPM_IMERG,WA007,2004,"{""type"":""Point"",""coordinates"":[-3.9299999999999997,5.349999999999999]}"
20041101000000_7,11,2.534146308898926,GPM_IMERG,WA008,2004,"{""type"":""Point"",""coordinates"":[-13.67,9.53]}"
20041101000000_8,11,2.427286148071289,GPM_IMERG,WA009,2004,"{""type"":""Point"",""coordinates"":[-13.230000000000002,8.489999999999998]}"
20041101000000_9,11,5.036821365356445,GPM_IMERG,WA010,2004,"{""type"":""Point"",""coordinates"":[-10.799999999999999,6.3]}"
20041101000000_10,11,1.5837273597717283,GPM_IMERG,WA011,2004,"{""type"":""Point"",""coordinates"":[1.22,6.130000000000001]}"
20041101000000_11,11,1.3316584825515747,GPM_IMERG,WA012,2004,"{""type"":""Point"",""coordinates"":[2.42,6.37]}"
20041101000000_12,11,0.0393500961363315,GPM_IMERG,WA013,2004,"{""type"":""Point"",""coordinates"":[8.52,12.05]}"
20041101000000_13,11,2.574391841888428,GPM_IMERG,WA014,2004,"{""type"":""Point"",""coordinates"":[-1.62,6.69]}"
20041101000000_14,11,0.0366660468280315,GPM_IMERG,WA015,2004,"{""type"":""Point"",""coordinates"":[-16.680000000000003,13.45]}"
,11,0.66089755,GPM_IMERG,WA016,2004,
20041201000000_0,12,0.0990286096930503,GPM_IMERG,WA001,2004,"{""type"":""Point"",""coordinates"":[-17.470000000000002,14.73]}"
20041201000000_1,12,0.0052510807290673,GPM_IMERG,WA002,2004,"{""type"":""Point"",""coordinates"":[-7.949999999999998,12.65]}"
20041201000000_2,12,0.0156533289700746,GPM_IMERG,WA003,2004,"{""type"":""Point"",""coordinates"":[-1.5200000000000002,12.360000000000001]}"
20041201000000_3,12,0.0,GPM_IMERG,WA004,2004,"{""type"":""Point"",""coordinates"":[2.17,13.51]}"
20041201000000_4,12,0.0019691658671945,GPM_IMERG,WA005,2004,"{""type"":""Point"",""coordinates"":[7.33,9.07]}"
20041201000000_5,12,1.0204153060913086,GPM_IMERG,WA006,2004,"{""type"":""Point"",""coordinates"":[-0.17,5.56]}"
20041201000000_6,12,0.5406416654586792,GPM_IMERG,WA007,2004,"{""type"":""Point"",""coordinates"":[-3.9299999999999997,5.349999999999999]}"
20041201000000_7,12,0.2286555171012878,GPM_IMERG,WA008,2004,"{""type"":""Point"",""coordinates"":[-13.67,9.53]}"
20041201000000_8,12,0.8107133507728577,GPM_IMERG,WA009,2004,"{""type"":""Point"",""coordinates"":[-13.230000000000002,8.489999999999998]}"
20041201000000_9,12,2.823314428329468,GPM_IMERG,WA010,2004,"{""type"":""Point"",""coordinates"":[-10.799999999999999,6.3]}"
20041201000000_10,12,0.4185013771057129,GPM_IMERG,WA011,2004,"{""type"":""Point"",""coordinates"":[1.22,6.130000000000001]}"
20041201000000_11,12,0.0679702460765838,GPM_IMERG,WA012,2004,"{""type"":""Point"",""coordinates"":[2.42,6.37]}"
20041201000000_12,12,0.0,GPM_IMERG,WA013,2004,"{""type"":""Point"",""coordinates"":[8.52,12.05]}"
20041201000000_13,12,1.7646406888961792,GPM_IMERG,WA014,2004,"{""type"":""Point"",""coordinates"":[-1.62,6.69]}"
20041201000000_14,12,0.004224759992212,GPM_IMERG,WA015,2004,"{""type"":""Point"",""coordinates"":[-16.680000000000003,13.45]}"
,12,0.0220379,GPM_IMERG,WA016,2004,
20050101000000_0,1,0.1320572197437286,GPM_IMERG,WA001,2005,"{""type"":""Point"",""coordinates"":[-17.470000000000002,14.73]}"
20050101000000_1,1,0.0242806281894445,GPM_IMERG,WA002,2005,"{""type"":""Point"",""coordinates"":[-7.949999999999998,12.65]}"
20050101000000_2,1,0.0025329093914479,GPM_IMERG,WA003,2005,"{""type"":""Point"",""coordinates"":[-1.5200000000000002,12.360000000000001]}"
20050101000000_3,1,0.0032827036920934,GPM_IMERG,WA004,2005,"{""type"":""Point"",""coordinates"":[2.17,13.51]}"
20050101000000_4,1,0.003279582131654,GPM_IMERG,WA005,2005,"{""type"":""Point"",""coordinates"":[7.33,9.07]}"
20050101000000_5,1,0.1937905997037887,GPM_IMERG,WA006,2005,"{""type"":""Point"",""coordinates"":[-0.17,5.56]}"
20050101000000_6,1,0.2727296650409698,GPM_IMERG,WA007,2005,"{""type"":""Point"",""coordinates"":[-3.9299999999999997,5.349999999999999]}"
20050101000000_7,1,0.0282139647752046,GPM_IMERG,WA008,2005,"{""type"":""Point"",""coordinates"":[-13.67,9.53]}"
20050101000000_8,1,0.0970725417137146,GPM_IMERG,WA009,2005,"{""type"":""Point"",""coordinates"":[-13.230000000000002,8.489999999999998]}"
20050101000000_9,1,0.3482832908630371,GPM_IMERG,WA010,2005,"{""type"":""Point"",""coordinates"":[-10.799999999999999,6.3]}"
20050101000000_10,1,0.1445678919553756,GPM_IMERG,WA011,2005,"{""type"":""Point"",""coordinates"":[1.22,6.130000000000001]}"
20050101000000_11,1,0.0329054743051528,GPM_IMERG,WA012,2005,"{""type"":""Point"",""coordinates"":[2.42,6.37]}"
20050101000000_12,1,0.0019670906476676,GPM_IMERG,WA013,2005,"{""type"":""Point"",""coordinates"":[8.52,12.05]}"
20050101000000_13,1,0.7845757007598877,GPM_IMERG,WA014,2005,"{""type"":""Point"",""coordinates"":[-1.62,6.69]}"
20050101000000_14,1,0.007041267119348,GPM_IMERG,WA015,2005,"{""type"":""Point"",""coordinates"":[-16.680000000000003,13.45]}"
,1,0.048752487,GPM_IMERG,WA016,2005,
20050201000000_0,2,0.736771821975708,GPM_IMERG,WA001,2005,"{""type"":""Point"",""coordinates"":[-17.470000000000002,14.73]}"
20050201000000_1,2,0.0237249974161386,GPM_IMERG,WA002,2005,"{""type"":""Point"",""coordinates"":[-7.949999999999998,12.65]}"
20050201000000_2,2,0.1540885269641876,GPM_IMERG,WA003,2005,"{""type"":""Point"",""coordinates"":[-1.5200000000000002,12.360000000000001]}"
20050201000000_3,2,0.0,GPM_IMERG,WA004,2005,"{""type"":""Point"",""coordinates"":[2.17,13.51]}"
20050201000000_4,2,0.1154924854636192,GPM_IMERG,WA005,2005,"{""type"":""Point"",""coordinates"":[7.33,9.07]}"
20050201000000_5,2,1.0334529876708984,GPM_IMERG,WA006,2005,"{""type"":""Point"",""coordinates"":[-0.17,5.56]}"
20050201000000_6,2,1.5779356956481934,GPM_IMERG,WA007,2005,"{""type"":""Point"",""coordinates"":[-3.9299999999999997,5.349999999999999]}"
20050201000000_7,2,0.0937463641166687,GPM_IMERG,WA008,2005,"{""type"":""Point"",""coordinates"":[-13.67,9.53]}"
20050201000000_8,2,0.2474887520074844,GPM_IMERG,WA009,2005,"{""type"":""Point"",""coordinates"":[-13.230000000000002,8.489999999999998]}"
20050201000000_9,2,4.998315811157227,GPM_IMERG,WA010,2005,"{""type"":""Point"",""coordinates"":[-10.799999999999999,6.3]}"
20050201000000_10,2,0.8139559030532837,GPM_IMERG,WA011,2005,"{""type"":""Point"",""coordinates"":[1.22,6.130000000000001]}"
20050201000000_11,2,1.2154569625854492,GPM_IMERG,WA012,2005,"{""type"":""Point"",""coordinates"":[2.42,6.37]}"
20050201000000_12,2,0.0019670906476676,GPM_IMERG,WA013,2005,"{""type"":""Point"",""coordinates"":[8.52,12.05]}"
20050201000000_13,2,2.172636747360229,GPM_IMERG,WA014,2005,"{""type"":""Point"",""coordinates"":[-1.62,6.69]}"
20050201000000_14,2,0.1614527404308319,GPM_IMERG,WA015,2005,"{""type"":""Point"",""coordinates"":[-16.680000000000003,13.45]}"
,2,0.77498084,GPM_IMERG,WA016,2005,
20050301000000_0,3,0.0307571552693843,GPM_IMERG,WA001,2005,"{""type"":""Point"",""coordinates"":[-17.470000000000002,14.73]}"
20050301000000_1,3,0.2051175236701965,GPM_IMERG,WA002,2005,"{""type"":""Point"",""coordinates"":[-7.949999999999998,12.65]}"
20050301000000_2,3,0.0943112671375274,GPM_IMERG,WA003,2005,"{""type"":""Point"",""coordinates"":[-1.5200000000000002,12.360000000000001]}"
20050301000000_3,3,0.0025292558129876,GPM_IMERG,WA004,2005,"{""type"":""Point"",""coordinates"":[2.17,13.51]}"
20050301000000_4,3,0.3969666063785553,GPM_IMERG,WA005,2005,"{""type"":""Point"",""coordinates"":[7.33,9.07]}"
20050301000000_5,3,4.501523971557617,GPM_IMERG,WA006,2005,"{""type"":""Point"",""coordinates"":[-0.17,5.56]}"
20050301000000_6,3,3.823629379272461,GPM_IMERG,WA007,2005,"{""type"":""Point"",""coordinates"":[-3.9299999999999997,5.349999999999999]}"
20050301000000_7,3,0.308336853981018,GPM_IMERG,WA008,2005,"{""type"":""Point"",""coordinates"":[-13.67,9.53]}"
20050301000000_8,3,0.9290289878845216,GPM_IMERG,WA009,2005,"{""type"":""Point"",""coordinates"":[-13.230000000000002,8.489999999999998]}"
20050301000000_9,3,1.008719801902771,GPM_IMERG,WA010,2005,"{""type"":""Point"",""coordinates"":[-10.799999999999999,6.3]}"
20050301000000_10,3,4.140279293060303,GPM_IMERG,WA011,2005,"{""type"":""Point"",""coordinates"":[1.22,6.130000000000001]}"
20050301000000_11,3,4.314632892608643,GPM_IMERG,WA012,2005,"{""type"":""Point"",""coordinates"":[2.42,6.37]}"
20050301000000_12,3,0.0072154267691075,GPM_IMERG,WA013,2005,"{""type"":""Point"",""coordinates"":[8.52,12.05]}"
20050301000000_13,3,4.869470119476318,GPM_IMERG,WA014,2005,"{""type"":""Point"",""coordinates"":[-1.62,6.69]}"
20050301000000_14,3,0.0,GPM_IMERG,WA015,2005,"{""type"":""Point"",""coordinates"":[-16.680000000000003,13.45]}"
,3,0.0006540338,GPM_IMERG,WA016,2005,
20050401000000_0,4,0.0022523843217641,GPM_IMERG,WA001,2005,"{""type"":""Point"",""coordinates"":[-17.470000000000002,14.73]}"
20050401000000_1,4,0.355401873588562,GPM_IMERG,WA002,2005,"{""type"":""Point"",""coordinates"":[-7.949999999999998,12.65]}"
20050401000000_2,4,0.7762536406517029,GPM_IMERG,WA003,2005,"{""type"":""Point"",""coordinates"":[-1.5200000000000002,12.360000000000001]}"
20050401000000_3,4,0.0485685616731643,GPM_IMERG,WA004,2005,"{""type"":""Point"",""coordinates"":[2.17,13.51]}"
20050401000000_4,4,2.4213767051696777,GPM_IMERG,WA005,2005,"{""type"":""Point"",""coordinates"":[7.33,9.07]}"
20050401000000_5,4,2.547524690628052,GPM_IMERG,WA006,2005,"{""type"":""Point"",""coordinates"":[-0.17,5.56]}"
20050401000000_6,4,6.919291019439697,GPM_IMERG,WA007,2005,"{""type"":""Point"",""coordinates"":[-3.9299999999999997,5.349999999999999]}"
20050401000000_7,4,0.3216927051544189,GPM_IMERG,WA008,2005,"{""type"":""Point"",""coordinates"":[-13.67,9.53]}"
20050401000000_8,4,1.3212088346481323,GPM_IMERG,WA009,2005,"{""type"":""Point"",""coordinates"":[-13.230000000000002,8.489999999999998]}"
20050401000000_9,4,8.200989723205566,GPM_IMERG,WA010,2005,"{""type"":""Point"",""coordinates"":[-10.799999999999999,6.3]}"
20050401000000_10,4,2.93869423866272,GPM_IMERG,WA011,2005,"{""type"":""Point"",""coordinates"":[1.22,6.130000000000001]}"
20050401000000_11,4,3.3891992568969727,GPM_IMERG,WA012,2005,"{""type"":""Point"",""coordinates"":[2.42,6.37]}"
20050401000000_12,4,0.3695435225963592,GPM_IMERG,WA013,2005,"{""type"":""Point"",""coordinates"":[8.52,12.05]}"
20050401000000_13,4,4.619168758392334,GPM_IMERG,WA014,2005,"{""type"":""Point"",""coordinates"":[-1.62,6.69]}"
20050401000000_14,4,0.0,GPM_IMERG,WA015,2005,"{""type"":""Point"",""coordinates"":[-16.680000000000003,13.45]}"
,4,0.015756534,GPM_IMERG,WA016,2005,
20050501000000_0,5,0.0600190795958042,GPM_IMERG,WA001,2005,"{""type"":""Point"",""coordinates"":[-17.470000000000002,14.73]}"
20050501000000_1,5,1.3155027627944946,GPM_IMERG,WA002,2005,"{""type"":""Point"",""coordinates"":[-7.949999999999998,12.65]}"
20050501000000_2,5,1.3178454637527466,GPM_IMERG,WA003,2005,"{""type"":""Point"",""coordinates"":[-1.5200000000000002,12.360000000000001]}"
20050501000000_3,5,1.1815849542617798,GPM_IMERG,WA004,2005,"{""type"":""Point"",""coordinates"":[2.17,13.51]}"
20050501000000_4,5,3.658513784408569,GPM_IMERG,WA005,2005,"{""type"":""Point"",""coordinates"":[7.33,9.07]}"
20050501000000_5,5,4.79897928237915,GPM_IMERG,WA006,2005,"{""type"":""Point"",""coordinates"":[-0.17,5.56]}"
20050501000000_6,5,6.110144138336182,GPM_IMERG,WA007,2005,"{""type"":""Point"",""coordinates"":[-3.9299999999999997,5.349999999999999]}"
20050501000000_7,5,3.505507707595825,GPM_IMERG,WA008,2005,"{""type"":""Point"",""coordinates"":[-13.67,9.53]}"
20050501000000_8,5,5.136449337005615,GPM_IMERG,WA009,2005,"{""type"":""Point"",""coordinates"":[-13.230000000000002,8.489999999999998]}"
20050501000000_9,5,8.690646171569824,GPM_IMERG,WA010,2005,"{""type"":""Point"",""coordinates"":[-10.799999999999999,6.3]}"
20050501000000_10,5,4.41900634765625,GPM_IMERG,WA011,2005,"{""type"":""Point"",""coordinates"":[1.22,6.130000000000001]}"
20050501000000_11,5,6.993903160095215,GPM_IMERG,WA012,2005,"{""type"":""Point"",""coordinates"":[2.42,6.37]}"
20050501000000_12,5,2.278045892715454,GPM_IMERG,WA013,2005,"{""type"":""Point"",""coordinates"":[8.52,12.05]}"
20050501000000_13,5,7.658525943756103,GPM_IMERG,WA014,2005,"{""type"":""Point"",""coordinates"":[-1.62,6.69]}"
20050501000000_14,5,0.0764100924134254,GPM_IMERG,WA015,2005,"{""type"":""Point"",""coordinates"":[-16.680000000000003,13.45]}"
,5,0.0006586996,GPM_IMERG,WA016,2005,
20050601000000_0,6,0.5864856839179993,GPM_IMERG,WA001,2005,"{""type"":""Point"",""coordinates"":[-17.470000000000002,14.73]}"
20050601000000_1,6,4.581372261047363,GPM_IMERG,WA002,2005,"{""type"":""Point"",""coordinates"":[-7.949999999999998,12.65]}"
20050601000000_2,6,3.050681829452514,GPM_IMERG,WA003,2005,"{""type"":""Point"",""coordinates"":[-1.5200000000000002,12.360000000000001]}"
20050601000000_3,6,4.313133239746094,GPM_IMERG,WA004,2005,"{""type"":""Point"",""coordinates"":[2.17,13.51]}"
20050601000000_4,6,8.710567474365234,GPM_IMERG,WA005,2005,"{""type"":""Point"",""coordinates"":[7.33,9.07]}"
20050601000000_5,6,5.437911033630371,GPM_IMERG,WA006,2005,"{""type"":""Point"",""coordinates"":[-0.17,5.56]}"
20050601000000_6,6,9.756336212158203,GPM_IMERG,WA007,2005,"{""type"":""Point"",""coordinates"":[-3.9299999999999997,5.349999999999999]}"
20050601000000_7,6,12.577950477600098,GPM_IMERG,WA008,2005,"{""type"":""Point"",""coordinates"":[-13.67,9.53]}"
20050601000000_8,6,12.413172721862791,GPM_IMERG,WA009,2005,"{""type"":""Point"",""coordinates"":[-13.230000000000002,8.489999999999998]}"
20050601000000_9,6,9.628790855407717,GPM_IMERG,WA010,2005,"{""type"":""Point"",""coordinates"":[-10.799999999999999,6.3]}"
20050601000000_10,6,4.81866455078125,GPM_IMERG,WA011,2005,"{""type"":""Point"",""coordinates"":[1.22,6.130000000000001]}"
20050601000000_11,6,7.116396427154541,GPM_IMERG,WA012,2005,"{""type"":""Point"",""coordinates"":[2.42,6.37]}"
20050601000000_12,6,6.251298904418945,GPM_IMERG,WA013,2005,"{""type"":""Point"",""coordinates"":[8.52,12.05]}"
20050601000000_13,6,5.444748878479004,GPM_IMERG,WA014,2005,"{""type"":""Point"",""coordinates"":[-1.62,6.69]}"
20050601000000_14,6,1.7635157108306885,GPM_IMERG,WA015,2005,"{""type"":""Point"",""coordinates"":[-16.680000000000003,13.45]}"
,6,0.49464685,GPM_IMERG,WA016,2005,
20050701000000_0,7,3.105703592300415,GPM_IMERG,WA001,2005,"{""type"":""Point"",""coordinates"":[-17.470000000000002,14.73]}"
20050701000000_1,7,7.066096305847168,GPM_IMERG,WA002,2005,"{""type"":""Point"",""coordinates"":[-7.949999999999998,12.65]}"
20050701000000_2,7,6.597117424011231,GPM_IMERG,WA003,2005,"{""type"":""Point"",""coordinates"":[-1.5200000000000002,12.360000000000001]}"
20050701000000_3,7,5.593976974487305,GPM_IMERG,WA004,2005,"{""type"":""Point"",""coordinates"":[2.17,13.51]}"
20050701000000_4,7,9.131658554077148,GPM_IMERG,WA005,2005,"{""type"":""Point"",""coordinates"":[7.33,9.07]}"
20050701000000_5,7,1.6047488451004028,GPM_IMERG,WA006,2005,"{""type"":""Point"",""coordinates"":[-0.17,5.56]}"
20050701000000_6,7,2.15071177482605,GPM_IMERG,WA007,2005,"{""type"":""Point"",""coordinates"":[-3.9299999999999997,5.349999999999999]}"
20050701000000_7,7,12.265110969543455,GPM_IMERG,WA008,2005,"{""type"":""Point"",""coordinates"":[-13.67,9.53]}"
20050701000000_8,7,8.101243019104004,GPM_IMERG,WA009,2005,"{""type"":""Point"",""coordinates"":[-13.230000000000002,8.489999999999998]}"
20050701000000_9,7,13.141597747802734,GPM_IMERG,WA010,2005,"{""type"":""Point"",""coordinates"":[-10.799999999999999,6.3]}"
20050701000000_10,7,2.50311279296875,GPM_IMERG,WA011,2005,"{""type"":""Point"",""coordinates"":[1.22,6.130000000000001]}"
20050701000000_11,7,3.168637752532959,GPM_IMERG,WA012,2005,"{""type"":""Point"",""coordinates"":[2.42,6.37]}"
20050701000000_12,7,8.438960075378418,GPM_IMERG,WA013,2005,"{""type"":""Point"",""coordinates"":[8.52,12.05]}"
20050701000000_13,7,1.3344041109085083,GPM_IMERG,WA014,2005,"{""type"":""Point"",""coordinates"":[-1.62,6.69]}"
20050701000000_14,7,6.036675930023193,GPM_IMERG,WA015,2005,"{""type"":""Point"",""coordinates"":[-16.680000000000003,13.45]}"
,7,0.39800215,GPM_IMERG,WA016,2005,
20050801000000_0,8,7.977932453155518,GPM_IMERG,WA001,2005,"{""type"":""Point"",""coordinates"":[-17.470000000000002,14.73]}"
20050801000000_1,8,9.064053535461426,GPM_IMERG,WA002,2005,"{""type"":""Point"",""coordinates"":[-7.949999999999998,12.65]}"
20050801000000_2,8,8.683624267578125,GPM_IMERG,WA003,2005,"{""type"":""Point"",""coordinates"":[-1.5200000000000002,12.360000000000001]}"
20050801000000_3,8,5.434816360473633,GPM_IMERG,WA004,2005,"{""type"":""Point"",""coordinates"":[2.17,13.51]}"
20050801000000_4,8,5.919238567352295,GPM_IMERG,WA005,2005,"{""type"":""Point"",""coordinates"":[7.33,9.07]}"
20050801000000_5,8,1.194678544998169,GPM_IMERG,WA006,2005,"{""type"":""Point"",""coordinates"":[-0.17,5.56]}"
20050801000000_6,8,0.7681753635406494,GPM_IMERG,WA007,2005,"{""type"":""Point"",""coordinates"":[-3.9299999999999997,5.349999999999999]}"
20050801000000_7,8,19.687673568725582,GPM_IMERG,WA008,2005,"{""type"":""Point"",""coordinates"":[-13.67,9.53]}"
20050801000000_8,8,13.553300857543944,GPM_IMERG,WA009,2005,"{""type"":""Point"",""coordinates"":[-13.230000000000002,8.489999999999998]}"
20050801000000_9,8,8.430512428283691,GPM_IMERG,WA010,2005,"{""type"":""Point"",""coordinates"":[-10.799999999999999,6.3]}"
20050801000000_10,8,1.7010798454284668,GPM_IMERG,WA011,2005,"{""type"":""Point"",""coordinates"":[1.22,6.130000000000001]}"
20050801000000_11,8,2.030738592147827,GPM_IMERG,WA012,2005,"{""type"":""Point"",""coordinates"":[2.42,6.37]}"
20050801000000_12,8,10.629024505615234,GPM_IMERG,WA013,2005,"{""type"":""Point"",""coordinates"":[8.52,12.05]}"
20050801000000_13,8,1.835462093353272,GPM_IMERG,WA014,2005,"{""type"":""Point"",""coordinates"":[-1.62,6.69]}"
20050801000000_14,8,8.822466850280762,GPM_IMERG,WA015,2005,"{""type"":""Point"",""coordinates"":[-16.680000000000003,13.45]}"
,8,3.5935812,GPM_IMERG,WA016,2005,
20050901000000_0,9,4.015171051025391,GPM_IMERG,WA001,2005,"{""type"":""Point"",""coordinates"":[-17.470000000000002,14.73]}"
20050901000000_1,9,3.9925594329833984,GPM_IMERG,WA002,2005,"{""type"":""Point"",""coordinates"":[-7.949999999999998,12.65]}"
20050901000000_2,9,4.181503772735596,GPM_IMERG,WA003,2005,"{""type"":""Point"",""coordinates"":[-1.5200000000000002,12.360000000000001]}"
20050901000000_3,9,1.708060383796692,GPM_IMERG,WA004,2005,"{""type"":""Point"",""coordinates"":[2.17,13.51]}"
20050901000000_4,9,6.350056171417236,GPM_IMERG,WA005,2005,"{""type"":""Point"",""coordinates"":[7.33,9.07]}"
20050901000000_5,9,1.969113826751709,GPM_IMERG,WA006,2005,"{""type"":""Point"",""coordinates"":[-0.17,5.56]}"
20050901000000_6,9,2.976418256759644,GPM_IMERG,WA007,2005,"{""type"":""Point"",""coordinates"":[-3.9299999999999997,5.349999999999999]}"
20050901000000_7,9,11.721089363098145,GPM_IMERG,WA008,2005,"{""type"":""Point"",""coordinates"":[-13.67,9.53]}"
20050901000000_8,9,14.554234504699709,GPM_IMERG,WA009,2005,"{""type"":""Point"",""coordinates"":[-13.230000000000002,8.489999999999998]}"
20050901000000_9,9,17.01410675048828,GPM_IMERG,WA010,2005,"{""type"":""Point"",""coordinates"":[-10.799999999999999,6.3]}"
20050901000000_10,9,2.837624311447144,GPM_IMERG,WA011,2005,"{""type"":""Point"",""coordinates"":[1.22,6.130000000000001]}"
20050901000000_11,9,3.889425277709961,GPM_IMERG,WA012,2005,"{""type"":""Point"",""coordinates"":[2.42,6.37]}"
20050901000000_12,9,4.573191165924072,GPM_IMERG,WA013,2005,"{""type"":""Point"",""coordinates"":[8.52,12.05]}"
20050901000000_13,9,5.318109512329102,GPM_IMERG,WA014,2005,"{""type"":""Point"",""coordinates"":[-1.62,6.69]}"
20050901000000_14,9,8.384455680847168,GPM_IMERG,WA015,2005,"{""type"":""Point"",""coordinates"":[-16.680000000000003,13.45]}"
,9,2.0192478,GPM_IMERG,WA016,2005,
20051001000000_0,10,1.5307191610336304,GPM_IMERG,WA001,2005,"{""type"":""Point"",""coordinates"":[-17.470000000000002,14.73]}"
20051001000000_1,10,1.006845474243164,GPM_IMERG,WA002,2005,"{""type"":""Point"",""coordinates"":[-7.949999999999998,12.65]}"
20051001000000_2,10,0.8911438584327698,GPM_IMERG,WA003,2005,"{""type"":""Point"",""coordinates"":[-1.5200000000000002,12.360000000000001]}"
20051001000000_3,10,0.9393823146820068,GPM_IMERG,WA004,2005,"{""type"":""Point"",""coordinates"":[2.17,13.51]}"
20051001000000_4,10,5.060193061828613,GPM_IMERG,WA005,2005,"{""type"":""Point"",""coordinates"":[7.33,9.07]}"
20051001000000_5,10,3.886897802352905,GPM_IMERG,WA006,2005,"{""type"":""Point"",""coordinates"":[-0.17,5.56]}"
20051001000000_6,10,7.560070991516113,GPM_IMERG,WA007,2005,"{""type"":""Point"",""coordinates"":[-3.9299999999999997,5.349999999999999]}"
20051001000000_7,10,7.915744781494141,GPM_IMERG,WA008,2005,"{""type"":""Point"",""coordinates"":[-13.67,9.53]}"
20051001000000_8,10,8.785381317138672,GPM_IMERG,WA009,2005,"{""type"":""Point"",""coordinates"":[-13.230000000000002,8.489999999999998]}"
20051001000000_9,10,10.228869438171388,GPM_IMERG,WA010,2005,"{""type"":""Point"",""coordinates"":[-10.799999999999999,6.3]}"
20051001000000_10,10,3.658331632614136,GPM_IMERG,WA011,2005,"{""type"":""Point"",""coordinates"":[1.22,6.130000000000001]}"
20051001000000_11,10,3.667579412460327,GPM_IMERG,WA012,2005,"{""type"":""Point"",""coordinates"":[2.42,6.37]}"
20051001000000_12,10,1.1143478155136108,GPM_IMERG,WA013,2005,"{""type"":""Point"",""coordinates"":[8.52,12.05]}"
20051001000000_13,10,6.876046657562256,GPM_IMERG,WA014,2005,"{""type"":""Point"",""coordinates"":[-1.62,6.69]}"
20051001000000_14,10,4.67575216293335,GPM_IMERG,WA015,2005,"{""type"":""Point"",""coordinates"":[-16.680000000000003,13.45]}"
,10,0.100578256,GPM_IMERG,WA016,2005,
20051101000000_0,11,0.0990476906299591,GPM_IMERG,WA001,2005,"{""type"":""Point"",""coordinates"":[-17.470000000000002,14.73]}"
20051101000000_1,11,0.0122765116393566,GPM_IMERG,WA002,2005,"{""type"":""Point"",""coordinates"":[-7.949999999999998,12.65]}"
20051101000000_2,11,0.0262497775256633,GPM_IMERG,WA003,2005,"{""type"":""Point"",""coordinates"":[-1.5200000000000002,12.360000000000001]}"
20051101000000_3,11,0.0,GPM_IMERG,WA004,2005,"{""type"":""Point"",""coordinates"":[2.17,13.51]}"
20051101000000_4,11,0.0417108833789825,GPM_IMERG,WA005,2005,"{""type"":""Point"",""coordinates"":[7.33,9.07]}"
20051101000000_5,11,2.253236055374145,GPM_IMERG,WA006,2005,"{""type"":""Point"",""coordinates"":[-0.17,5.56]}"
20051101000000_6,11,4.989007472991943,GPM_IMERG,WA007,2005,"{""type"":""Point"",""coordinates"":[-3.9299999999999997,5.349999999999999]}"
20051101000000_7,11,2.2522635459899902,GPM_IMERG,WA008,2005,"{""type"":""Point"",""coordinates"":[-13.67,9.53]}"
20051101000000_8,11,3.786321640014648,GPM_IMERG,WA009,2005,"{""type"":""Point"",""coordinates"":[-13.230000000000002,8.489999999999998]}"
20051101000000_9,11,2.453707695007324,GPM_IMERG,WA010,2005,"{""type"":""Point"",""coordinates"":[-10.799999999999999,6.3]}"
20051101000000_10,11,1.7333589792251587,GPM_IMERG,WA011,2005,"{""type"":""Point"",""coordinates"":[1.22,6.130000000000001]}"
20051101000000_11,11,1.561623215675354,GPM_IMERG,WA012,2005,"{""type"":""Point"",""coordinates"":[2.42,6.37]}"
20051101000000_12,11,0.0495875962078571,GPM_IMERG,WA013,2005,"{""type"":""Point"",""coordinates"":[8.52,12.05]}"
20051101000000_13,11,3.208382606506348,GPM_IMERG,WA014,2005,"{""type"":""Point"",""coordinates"":[-1.62,6.69]}"
20051101000000_14,11,0.016680771484971,GPM_IMERG,WA015,2005,"{""type"":""Point"",""coordinates"":[-16.680000000000003,13.45]}"
,11,0.024,GPM_IMERG,WA016,2005,
20051201000000_0,12,0.0187571533024311,GPM_IMERG,WA001,2005,"{""type"":""Point"",""coordinates"":[-17.470000000000002,14.73]}"
20051201000000_1,12,0.0,GPM_IMERG,WA002,2005,"{""type"":""Point"",""coordinates"":[-7.949999999999998,12.65]}"
20051201000000_2,12,0.0256886053830385,GPM_IMERG,WA003,2005,"{""type"":""Point"",""coordinates"":[-1.5200000000000002,12.360000000000001]}"
20051201000000_3,12,0.0,GPM_IMERG,WA004,2005,"{""type"":""Point"",""coordinates"":[2.17,13.51]}"
20051201000000_4,12,0.0342129059135913,GPM_IMERG,WA005,2005,"{""type"":""Point"",""coordinates"":[7.33,9.07]}"
20051201000000_5,12,0.8232471942901611,GPM_IMERG,WA006,2005,"{""type"":""Point"",""coordinates"":[-0.17,5.56]}"
20051201000000_6,12,1.2242528200149536,GPM_IMERG,WA007,2005,"{""type"":""Point"",""coordinates"":[-3.9299999999999997,5.349999999999999]}"
20051201000000_7,12,0.1602167338132858,GPM_IMERG,WA008,2005,"{""type"":""Point"",""coordinates"":[-13.67,9.53]}"
20051201000000_8,12,0.7059082388877869,GPM_IMERG,WA009,2005,"{""type"":""Point"",""coordinates"":[-13.230000000000002,8.489999999999998]}"
20051201000000_9,12,2.768244504928589,GPM_IMERG,WA010,2005,"{""type"":""Point"",""coordinates"":[-10.799999999999999,6.3]}"
20051201000000_10,12,0.4150379598140716,GPM_IMERG,WA011,2005,"{""type"":""Point"",""coordinates"":[1.22,6.130000000000001]}"
20051201000000_11,12,0.3036677241325378,GPM_IMERG,WA012,2005,"{""type"":""Point"",""coordinates"":[2.42,6.37]}"
20051201000000_12,12,0.0,GPM_IMERG,WA013,2005,"{""type"":""Point"",""coordinates"":[8.52,12.05]}"
20051201000000_13,12,1.0279191732406616,GPM_IMERG,WA014,2005,"{""type"":""Point"",""coordinates"":[-1.62,6.69]}"
20051201000000_14,12,0.0014082533307373,GPM_IMERG,WA015,2005,"{""type"":""Point"",""coordinates"":[-16.680000000000003,13.45]}"
,12,0.0,GPM_IMERG,WA016,2005,
20060101000000_0,1,0.0359999984502792,GPM_IMERG,WA001,2006,"{""type"":""Point"",""coordinates"":[-17.470000000000002,14.73]}"
20060101000000_1,1,0.0453917756676673,GPM_IMERG,WA002,2006,"{""type"":""Point"",""coordinates"":[-7.949999999999998,12.65]}"
20060101000000_2,1,0.0014054739149287,GPM_IMERG,WA003,2006,"{""type"":""Point"",""coordinates"":[-1.5200000000000002,12.360000000000001]}"
20060101000000_3,1,0.0,GPM_IMERG,WA004,2006,"{""type"":""Point"",""coordinates"":[2.17,13.51]}"
20060101000000_4,1,0.5365884304046631,GPM_IMERG,WA005,2006,"{""type"":""Point"",""coordinates"":[7.33,9.07]}"
20060101000000_5,1,0.8555134534835815,GPM_IMERG,WA006,2006,"{""type"":""Point"",""coordinates"":[-0.17,5.56]}"
20060101000000_6,1,1.195504665374756,GPM_IMERG,WA007,2006,"{""type"":""Point"",""coordinates"":[-3.9299999999999997,5.349999999999999]}"
20060101000000_7,1,0.0450119897723197,GPM_IMERG,WA008,2006,"{""type"":""Point"",""coordinates"":[-13.67,9.53]}"
20060101000000_8,1,0.6372405290603638,GPM_IMERG,WA009,2006,"{""type"":""Point"",""coordinates"":[-13.230000000000002,8.489999999999998]}"
20060101000000_9,1,1.3560383319854736,GPM_IMERG,WA010,2006,"{""type"":""Point"",""coordinates"":[-10.799999999999999,6.3]}"
20060101000000_10,1,0.7413721084594727,GPM_IMERG,WA011,2006,"{""type"":""Point"",""coordinates"":[1.22,6.130000000000001]}"
20060101000000_11,1,0.298034131526947,GPM_IMERG,WA012,2006,"{""type"":""Point"",""coordinates"":[2.42,6.37]}"
20060101000000_12,1,0.0019670906476676,GPM_IMERG,WA013,2006,"{""type"":""Point"",""coordinates"":[8.52,12.05]}"
20060101000000_13,1,2.666055917739868,GPM_IMERG,WA014,2006,"{""type"":""Point"",""coordinates"":[-1.62,6.69]}"
20060101000000_14,1,0.0194041356444358,GPM_IMERG,WA015,2006,"{""type"":""Point"",""coordinates"":[-16.680000000000003,13.45]}"
,1,0.06000933,GPM_IMERG,WA016,2006,
20060201000000_0,2,0.1327762305736541,GPM_IMERG,WA001,2006,"{""type"":""Point"",""coordinates"":[-17.470000000000002,14.73]}"
20060201000000_1,2,0.021940903738141,GPM_IMERG,WA002,2006,"{""type"":""Point"",""coordinates"":[-7.949999999999998,12.65]}"
20060201000000_2,2,0.0156552512198686,GPM_IMERG,WA003,2006,"{""type"":""Point"",""coordinates"":[-1.5200000000000002,12.360000000000001]}"
20060201000000_3,2,0.0,GPM_IMERG,WA004,2006,"{""type"":""Point"",""coordinates"":[2.17,13.51]}"
20060201000000_4,2,0.5164729952812195,GPM_IMERG,WA005,2006,"{""type"":""Point"",""coordinates"":[7.33,9.07]}"
20060201000000_5,2,1.1609514951705933,GPM_IMERG,WA006,2006,"{""type"":""Point"",""coordinates"":[-0.17,5.56]}"
20060201000000_6,2,1.3476650714874268,GPM_IMERG,WA007,2006,"{""type"":""Point"",""coordinates"":[-3.9299999999999997,5.349999999999999]}"
20060201000000_7,2,0.1387412995100021,GPM_IMERG,WA008,2006,"{""type"":""Point"",""coordinates"":[-13.67,9.53]}"
20060201000000_8,2,0.0953201875090599,GPM_IMERG,WA009,2006,"{""type"":""Point"",""coordinates"":[-13.230000000000002,8.489999999999998]}"
20060201000000_9,2,4.501459121704102,GPM_IMERG,WA010,2006,"{""type"":""Point"",""coordinates"":[-10.799999999999999,6.3]}"
20060201000000_10,2,0.8828663229942322,GPM_IMERG,WA011,2006,"{""type"":""Point"",""coordinates"":[1.22,6.130000000000001]}"
20060201000000_11,2,0.8690937757492065,GPM_IMERG,WA012,2006,"{""type"":""Point"",""coordinates"":[2.42,6.37]}"
20060201000000_12,2,0.0264308527112007,GPM_IMERG,WA013,2006,"{""type"":""Point"",""coordinates"":[8.52,12.05]}"
20060201000000_13,2,3.462150812149048,GPM_IMERG,WA014,2006,"{""type"":""Point"",""coordinates"":[-1.62,6.69]}"
20060201000000_14,2,0.0756600871682167,GPM_IMERG,WA015,2006,"{""type"":""Point"",""coordinates"":[-16.680000000000003,13.45]}"
,2,0.087477654,GPM_IMERG,WA016,2006,
20060301000000_0,3,0.0037476157303899,GPM_IMERG,WA001,2006,"{""type"":""Point"",""coordinates"":[-17.470000000000002,14.73]}"
20060301000000_1,3,0.0820096358656883,GPM_IMERG,WA002,2006,"{""type"":""Point"",""coordinates"":[-7.949999999999998,12.65]}"
20060301000000_2,3,0.0338432751595974,GPM_IMERG,WA003,2006,"{""type"":""Point"",""coordinates"":[-1.5200000000000002,12.360000000000001]}"
20060301000000_3,3,0.0,GPM_IMERG,WA004,2006,"{""type"":""Point"",""coordinates"":[2.17,13.51]}"
20060301000000_4,3,1.0030168294906616,GPM_IMERG,WA005,2006,"{""type"":""Point"",""coordinates"":[7.33,9.07]}"
20060301000000_5,3,2.531688690185547,GPM_IMERG,WA006,2006,"{""type"":""Point"",""coordinates"":[-0.17,5.56]}"
20060301000000_6,3,3.9920973777771,GPM_IMERG,WA007,2006,"{""type"":""Point"",""coordinates"":[-3.9299999999999997,5.349999999999999]}"
20060301000000_7,3,0.0251204390078783,GPM_IMERG,WA008,2006,"{""type"":""Point"",""coordinates"":[-13.67,9.53]}"
20060301000000_8,3,0.3089826703071594,GPM_IMERG,WA009,2006,"{""type"":""Point"",""coordinates"":[-13.230000000000002,8.489999999999998]}"
20060301000000_9,3,1.9541337490081787,GPM_IMERG,WA010,2006,"{""type"":""Point"",""coordinates"":[-10.799999999999999,6.3]}"
20060301000000_10,3,3.500646114349365,GPM_IMERG,WA011,2006,"{""type"":""Point"",""coordinates"":[1.22,6.130000000000001]}"
20060301000000_11,3,2.911672353744507,GPM_IMERG,WA012,2006,"{""type"":""Point"",""coordinates"":[2.42,6.37]}"
20060301000000_12,3,0.0,GPM_IMERG,WA013,2006,"{""type"":""Point"",""coordinates"":[8.52,12.05]}"
20060301000000_13,3,4.454826831817627,GPM_IMERG,WA014,2006,"{""type"":""Point"",""coordinates"":[-1.62,6.69]}"
20060301000000_14,3,0.0023440280929207,GPM_IMERG,WA015,2006,"{""type"":""Point"",""coordinates"":[-16.680000000000003,13.45]}"
,3,0.0,GPM_IMERG,WA016,2006,
20060401000000_0,4,0.05100953951478,GPM_IMERG,WA001,2006,"{""type"":""Point"",""coordinates"":[-17.470000000000002,14.73]}"
20060401000000_1,4,2.2671127319335938,GPM_IMERG,WA002,2006,"{""type"":""Point"",""coordinates"":[-7.949999999999998,12.65]}"
20060401000000_2,4,0.5794023275375366,GPM_IMERG,WA003,2006,"{""type"":""Point"",""coordinates"":[-1.5200000000000002,12.360000000000001]}"
20060401000000_3,4,0.0019670047331601,GPM_IMERG,WA004,2006,"{""type"":""Point"",""coordinates"":[2.17,13.51]}"
20060401000000_4,4,1.6901943683624268,GPM_IMERG,WA005,2006,"{""type"":""Point"",""coordinates"":[7.33,9.07]}"
20060401000000_5,4,2.373798131942749,GPM_IMERG,WA006,2006,"{""type"":""Point"",""coordinates"":[-0.17,5.56]}"
20060401000000_6,4,3.831298828125,GPM_IMERG,WA007,2006,"{""type"":""Point"",""coordinates"":[-3.9299999999999997,5.349999999999999]}"
20060401000000_7,4,2.22910737991333,GPM_IMERG,WA008,2006,"{""type"":""Point"",""coordinates"":[-13.67,9.53]}"
20060401000000_8,4,3.909590244293213,GPM_IMERG,WA009,2006,"{""type"":""Point"",""coordinates"":[-13.230000000000002,8.489999999999998]}"
20060401000000_9,4,6.4715256690979,GPM_IMERG,WA010,2006,"{""type"":""Point"",""coordinates"":[-10.799999999999999,6.3]}"
20060401000000_10,4,2.309159517288208,GPM_IMERG,WA011,2006,"{""type"":""Point"",""coordinates"":[1.22,6.130000000000001]}"
20060401000000_11,4,2.429895639419556,GPM_IMERG,WA012,2006,"{""type"":""Point"",""coordinates"":[2.42,6.37]}"
20060401000000_12,4,0.0209933444857597,GPM_IMERG,WA013,2006,"{""type"":""Point"",""coordinates"":[8.52,12.05]}"
20060401000000_13,4,3.773919343948364,GPM_IMERG,WA014,2006,"{""type"":""Point"",""coordinates"":[-1.62,6.69]}"
20060401000000_14,4,0.0333761125802993,GPM_IMERG,WA015,2006,"{""type"":""Point"",""coordinates"":[-16.680000000000003,13.45]}"
,4,0.0006540338,GPM_IMERG,WA016,2006,
20060501000000_0,5,0.0734952315688133,GPM_IMERG,WA001,2006,"{""type"":""Point"",""coordinates"":[-17.470000000000002,14.73]}"
20060501000000_1,5,3.0052714347839355,GPM_IMERG,WA002,2006,"{""type"":""Point"",""coordinates"":[-7.949999999999998,12.65]}"
20060501000000_2,5,0.6826671957969666,GPM_IMERG,WA003,2006,"{""type"":""Point"",""coordinates"":[-1.5200000000000002,12.360000000000001]}"
20060501000000_3,5,0.2432890385389328,GPM_IMERG,WA004,2006,"{""type"":""Point"",""coordinates"":[2.17,13.51]}"
20060501000000_4,5,6.630407810211182,GPM_IMERG,WA005,2006,"{""type"":""Point"",""coordinates"":[7.33,9.07]}"
20060501000000_5,5,8.305621147155762,GPM_IMERG,WA006,2006,"{""type"":""Point"",""coordinates"":[-0.17,5.56]}"
20060501000000_6,5,9.923705101013184,GPM_IMERG,WA007,2006,"{""type"":""Point"",""coordinates"":[-3.9299999999999997,5.349999999999999]}"
20060501000000_7,5,1.728539228439331,GPM_IMERG,WA008,2006,"{""type"":""Point"",""coordinates"":[-13.67,9.53]}"
20060501000000_8,5,4.459863662719727,GPM_IMERG,WA009,2006,"{""type"":""Point"",""coordinates"":[-13.230000000000002,8.489999999999998]}"
20060501000000_9,5,10.746186256408691,GPM_IMERG,WA010,2006,"{""type"":""Point"",""coordinates"":[-10.799999999999999,6.3]}"
20060501000000_10,5,9.101627349853516,GPM_IMERG,WA011,2006,"{""type"":""Point"",""coordinates"":[1.22,6.130000000000001]}"
20060501000000_11,5,7.318093776702881,GPM_IMERG,WA012,2006,"{""type"":""Point"",""coordinates"":[2.42,6.37]}"
20060501000000_12,5,3.411623001098633,GPM_IMERG,WA013,2006,"{""type"":""Point"",""coordinates"":[8.52,12.05]}"
20060501000000_13,5,7.9789137840271,GPM_IMERG,WA014,2006,"{""type"":""Point"",""coordinates"":[-1.62,6.69]}"
20060501000000_14,5,0.0324321053922176,GPM_IMERG,WA015,2006,"{""type"":""Point"",""coordinates"":[-16.680000000000003,13.45]}"
,5,0.10343577,GPM_IMERG,WA016,2006,
20060601000000_0,6,0.3358855545520782,GPM_IMERG,WA001,2006,"{""type"":""Point"",""coordinates"":[-17.470000000000002,14.73]}"
20060601000000_1,6,2.8014020919799805,GPM_IMERG,WA002,2006,"{""type"":""Point"",""coordinates"":[-7.949999999999998,12.65]}"
20060601000000_2,6,2.8583078384399414,GPM_IMERG,WA003,2006,"{""type"":""Point"",""coordinates"":[-1.5200000000000002,12.360000000000001]}"
20060601000000_3,6,1.4959324598312378,GPM_IMERG,WA004,2006,"{""type"":""Point"",""coordinates"":[2.17,13.51]}"
20060601000000_4,6,3.3514866828918457,GPM_IMERG,WA005,2006,"{""type"":""Point"",""coordinates"":[7.33,9.07]}"
20060601000000_5,6,5.353358268737793,GPM_IMERG,WA006,2006,"{""type"":""Point"",""coordinates"":[-0.17,5.56]}"
20060601000000_6,6,7.342245578765869,GPM_IMERG,WA007,2006,"{""type"":""Point"",""coordinates"":[-3.9299999999999997,5.349999999999999]}"
20060601000000_7,6,7.311057090759277,GPM_IMERG,WA008,2006,"{""type"":""Point"",""coordinates"":[-13.67,9.53]}"
20060601000000_8,6,9.969985008239746,GPM_IMERG,WA009,2006,"{""type"":""Point"",""coordinates"":[-13.230000000000002,8.489999999999998]}"
20060601000000_9,6,15.735403060913086,GPM_IMERG,WA010,2006,"{""type"":""Point"",""coordinates"":[-10.799999999999999,6.3]}"
20060601000000_10,6,5.246620178222656,GPM_IMERG,WA011,2006,"{""type"":""Point"",""coordinates"":[1.22,6.130000000000001]}"
20060601000000_11,6,7.390397071838379,GPM_IMERG,WA012,2006,"{""type"":""Point"",""coordinates"":[2.42,6.37]}"
20060601000000_12,6,3.466716289520264,GPM_IMERG,WA013,2006,"{""type"":""Point"",""coordinates"":[8.52,12.05]}"
20060601000000_13,6,5.396318912506104,GPM_IMERG,WA014,2006,"{""type"":""Point"",""coordinates"":[-1.62,6.69]}"
20060601000000_14,6,3.0370326042175293,GPM_IMERG,WA015,2006,"{""type"":""Point"",""coordinates"":[-16.680000000000003,13.45]}"
,6,0.23335533,GPM_IMERG,WA016,2006,
20060701000000_0,7,2.3863525390625,GPM_IMERG,WA001,2006,"{""type"":""Point"",""coordinates"":[-17.470000000000002,14.73]}"
20060701000000_1,7,4.433289051055908,GPM_IMERG,WA002,2006,"{""type"":""Point"",""coordinates"":[-7.949999999999998,12.65]}"
20060701000000_2,7,5.444822311401367,GPM_IMERG,WA003,2006,"{""type"":""Point"",""coordinates"":[-1.5200000000000002,12.360000000000001]}"
20060701000000_3,7,4.654780864715576,GPM_IMERG,WA004,2006,"{""type"":""Point"",""coordinates"":[2.17,13.51]}"
20060701000000_4,7,7.75105619430542,GPM_IMERG,WA005,2006,"{""type"":""Point"",""coordinates"":[7.33,9.07]}"
20060701000000_5,7,2.051935911178589,GPM_IMERG,WA006,2006,"{""type"":""Point"",""coordinates"":[-0.17,5.56]}"
20060701000000_6,7,3.6462910175323486,GPM_IMERG,WA007,2006,"{""type"":""Point"",""coordinates"":[-3.9299999999999997,5.349999999999999]}"
20060701000000_7,7,14.956098556518556,GPM_IMERG,WA008,2006,"{""type"":""Point"",""coordinates"":[-13.67,9.53]}"
20060701000000_8,7,11.902947425842283,GPM_IMERG,WA009,2006,"{""type"":""Point"",""coordinates"":[-13.230000000000002,8.489999999999998]}"
20060701000000_9,7,13.386629104614258,GPM_IMERG,WA010,2006,"{""type"":""Point"",""coordinates"":[-10.799999999999999,6.3]}"
20060701000000_10,7,1.6809346675872805,GPM_IMERG,WA011,2006,"{""type"":""Point"",""coordinates"":[1.22,6.130000000000001]}"
20060701000000_11,7,2.0838119983673096,GPM_IMERG,WA012,2006,"{""type"":""Point"",""coordinates"":[2.42,6.37]}"
20060701000000_12,7,7.939762115478516,GPM_IMERG,WA013,2006,"{""type"":""Point"",""coordinates"":[8.52,12.05]}"
20060701000000_13,7,2.962815999984741,GPM_IMERG,WA014,2006,"{""type"":""Point"",""coordinates"":[-1.62,6.69]}"
20060701000000_14,7,5.028433799743652,GPM_IMERG,WA015,2006,"{""type"":""Point"",""coordinates"":[-16.680000000000003,13.45]}"
,7,1.5321769,GPM_IMERG,WA016,2006,
20060801000000_0,8,6.416214466094971,GPM_IMERG,WA001,2006,"{""type"":""Point"",""coordinates"":[-17.470000000000002,14.73]}"
20060801000000_1,8,8.458248138427734,GPM_IMERG,WA002,2006,"{""type"":""Point"",""coordinates"":[-7.949999999999998,12.65]}"
20060801000000_2,8,6.980489730834961,GPM_IMERG,WA003,2006,"{""type"":""Point"",""coordinates"":[-1.5200000000000002,12.360000000000001]}"
20060801000000_3,8,6.830176830291748,GPM_IMERG,WA004,2006,"{""type"":""Point"",""coordinates"":[2.17,13.51]}"
20060801000000_4,8,12.536792755126951,GPM_IMERG,WA005,2006,"{""type"":""Point"",""coordinates"":[7.33,9.07]}"
20060801000000_5,8,0.7867791056632996,GPM_IMERG,WA006,2006,"{""type"":""Point"",""coordinates"":[-0.17,5.56]}"
20060801000000_6,8,1.2068288326263428,GPM_IMERG,WA007,2006,"{""type"":""Point"",""coordinates"":[-3.9299999999999997,5.349999999999999]}"
20060801000000_7,8,32.809627532958984,GPM_IMERG,WA008,2006,"{""type"":""Point"",""coordinates"":[-13.67,9.53]}"
20060801000000_8,8,24.17407989501953,GPM_IMERG,WA009,2006,"{""type"":""Point"",""coordinates"":[-13.230000000000002,8.489999999999998]}"
20060801000000_9,8,12.931779861450195,GPM_IMERG,WA010,2006,"{""type"":""Point"",""coordinates"":[-10.799999999999999,6.3]}"
20060801000000_10,8,1.321325421333313,GPM_IMERG,WA011,2006,"{""type"":""Point"",""coordinates"":[1.22,6.130000000000001]}"
20060801000000_11,8,0.6649776101112366,GPM_IMERG,WA012,2006,"{""type"":""Point"",""coordinates"":[2.42,6.37]}"
20060801000000_12,8,8.889021873474121,GPM_IMERG,WA013,2006,"{""type"":""Point"",""coordinates"":[8.52,12.05]}"
20060801000000_13,8,1.9410042762756348,GPM_IMERG,WA014,2006,"{""type"":""Point"",""coordinates"":[-1.62,6.69]}"
20060801000000_14,8,13.114392280578612,GPM_IMERG,WA015,2006,"{""type"":""Point"",""coordinates"":[-16.680000000000003,13.45]}"
,8,1.016775,GPM_IMERG,WA016,2006,
20060901000000_0,9,5.153962135314941,GPM_IMERG,WA001,2006,"{""type"":""Point"",""coordinates"":[-17.470000000000002,14.73]}"
20060901000000_1,9,8.518386840820312,GPM_IMERG,WA002,2006,"{""type"":""Point"",""coordinates"":[-7.949999999999998,12.65]}"
20060901000000_2,9,5.730627059936523,GPM_IMERG,WA003,2006,"{""type"":""Point"",""coordinates"":[-1.5200000000000002,12.360000000000001]}"
20060901000000_3,9,3.240802049636841,GPM_IMERG,WA004,2006,"{""type"":""Point"",""coordinates"":[2.17,13.51]}"
20060901000000_4,9,8.180715560913086,GPM_IMERG,WA005,2006,"{""type"":""Point"",""coordinates"":[7.33,9.07]}"
20060901000000_5,9,3.5278563499450684,GPM_IMERG,WA006,2006,"{""type"":""Point"",""coordinates"":[-0.17,5.56]}"
20060901000000_6,9,3.2756097316741943,GPM_IMERG,WA007,2006,"{""type"":""Point"",""coordinates"":[-3.9299999999999997,5.349999999999999]}"
20060901000000_7,9,12.122736930847168,GPM_IMERG,WA008,2006,"{""type"":""Point"",""coordinates"":[-13.67,9.53]}"
20060901000000_8,9,13.610926628112791,GPM_IMERG,WA009,2006,"{""type"":""Point"",""coordinates"":[-13.230000000000002,8.489999999999998]}"
20060901000000_9,9,15.368447303771973,GPM_IMERG,WA010,2006,"{""type"":""Point"",""coordinates"":[-10.799999999999999,6.3]}"
20060901000000_10,9,4.2193684577941895,GPM_IMERG,WA011,2006,"{""type"":""Point"",""coordinates"":[1.22,6.130000000000001]}"
20060901000000_11,9,5.076615333557129,GPM_IMERG,WA012,2006,"{""type"":""Point"",""coordinates"":[2.42,6.37]}"
20060901000000_12,9,7.69922924041748,GPM_IMERG,WA013,2006,"{""type"":""Point"",""coordinates"":[8.52,12.05]}"
20060901000000_13,9,5.301310062408447,GPM_IMERG,WA014,2006,"{""type"":""Point"",""coordinates"":[-1.62,6.69]}"
20060901000000_14,9,9.45915412902832,GPM_IMERG,WA015,2006,"{""type"":""Point"",""coordinates"":[-16.680000000000003,13.45]}"
,9,1.5450209,GPM_IMERG,WA016,2006,
20061001000000_0,10,1.91260027885437,GPM_IMERG,WA001,2006,"{""type"":""Point"",""coordinates"":[-17.470000000000002,14.73]}"
20061001000000_1,10,1.3972951173782349,GPM_IMERG,WA002,2006,"{""type"":""Point"",""coordinates"":[-7.949999999999998,12.65]}"
20061001000000_2,10,1.2720798254013062,GPM_IMERG,WA003,2006,"{""type"":""Point"",""coordinates"":[-1.5200000000000002,12.360000000000001]}"
20061001000000_3,10,0.1528971046209335,GPM_IMERG,WA004,2006,"{""type"":""Point"",""coordinates"":[2.17,13.51]}"
20061001000000_4,10,6.219775676727295,GPM_IMERG,WA005,2006,"{""type"":""Point"",""coordinates"":[7.33,9.07]}"
20061001000000_5,10,4.439568519592285,GPM_IMERG,WA006,2006,"{""type"":""Point"",""coordinates"":[-0.17,5.56]}"
20061001000000_6,10,5.28344202041626,GPM_IMERG,WA007,2006,"{""type"":""Point"",""coordinates"":[-3.9299999999999997,5.349999999999999]}"
20061001000000_7,10,10.599278450012209,GPM_IMERG,WA008,2006,"{""type"":""Point"",""coordinates"":[-13.67,9.53]}"
20061001000000_8,10,9.793475151062012,GPM_IMERG,WA009,2006,"{""type"":""Point"",""coordinates"":[-13.230000000000002,8.489999999999998]}"
20061001000000_9,10,10.081677436828612,GPM_IMERG,WA010,2006,"{""type"":""Point"",""coordinates"":[-10.799999999999999,6.3]}"
20061001000000_10,10,5.003931522369385,GPM_IMERG,WA011,2006,"{""type"":""Point"",""coordinates"":[1.22,6.130000000000001]}"
20061001000000_11,10,6.6419548988342285,GPM_IMERG,WA012,2006,"{""type"":""Point"",""coordinates"":[2.42,6.37]}"
20061001000000_12,10,0.3702087700366974,GPM_IMERG,WA013,2006,"{""type"":""Point"",""coordinates"":[8.52,12.05]}"
20061001000000_13,10,6.587123870849609,GPM_IMERG,WA014,2006,"{""type"":""Point"",""coordinates"":[-1.62,6.69]}"
20061001000000_14,10,2.0155270099639893,GPM_IMERG,WA015,2006,"{""type"":""Point"",""coordinates"":[-16.680000000000003,13.45]}"
,10,0.043215524,GPM_IMERG,WA016,2006,
20061101000000_0,11,0.0382523834705352,GPM_IMERG,WA001,2006,"{""type"":""Point"",""coordinates"":[-17.470000000000002,14.73]}"
20061101000000_1,11,0.0403145030140876,GPM_IMERG,WA002,2006,"{""type"":""Point"",""coordinates"":[-7.949999999999998,12.65]}"
20061101000000_2,11,0.0200617536902427,GPM_IMERG,WA003,2006,"{""type"":""Point"",""coordinates"":[-1.5200000000000002,12.360000000000001]}"
20061101000000_3,11,0.0,GPM_IMERG,WA004,2006,"{""type"":""Point"",""coordinates"":[2.17,13.51]}"
20061101000000_4,11,0.021658269688487,GPM_IMERG,WA005,2006,"{""type"":""Point"",""coordinates"":[7.33,9.07]}"
20061101000000_5,11,1.2408177852630615,GPM_IMERG,WA006,2006,"{""type"":""Point"",""coordinates"":[-0.17,5.56]}"
20061101000000_6,11,3.995154619216919,GPM_IMERG,WA007,2006,"{""type"":""Point"",""coordinates"":[-3.9299999999999997,5.349999999999999]}"
20061101000000_7,11,1.0185831785202026,GPM_IMERG,WA008,2006,"{""type"":""Point"",""coordinates"":[-13.67,9.53]}"
20061101000000_8,11,3.1630451679229736,GPM_IMERG,WA009,2006,"{""type"":""Point"",""coordinates"":[-13.230000000000002,8.489999999999998]}"
20061101000000_9,11,4.650040626525879,GPM_IMERG,WA010,2006,"{""type"":""Point"",""coordinates"":[-10.799999999999999,6.3]}"
20061101000000_10,11,0.5031628608703613,GPM_IMERG,WA011,2006,"{""type"":""Point"",""coordinates"":[1.22,6.130000000000001]}"
20061101000000_11,11,0.9290769696235656,GPM_IMERG,WA012,2006,"{""type"":""Point"",""coordinates"":[2.42,6.37]}"
20061101000000_12,11,0.0465655252337455,GPM_IMERG,WA013,2006,"{""type"":""Point"",""coordinates"":[8.52,12.05]}"
20061101000000_13,11,1.5303304195404053,GPM_IMERG,WA014,2006,"{""type"":""Point"",""coordinates"":[-1.62,6.69]}"
20061101000000_14,11,0.0126527464017272,GPM_IMERG,WA015,2006,"{""type"":""Point"",""coordinates"":[-16.680000000000003,13.45]}"
,11,0.0105043575,GPM_IMERG,WA016,2006,
20061201000000_0,12,0.0937666967511177,GPM_IMERG,WA001,2006,"{""type"":""Point"",""coordinates"":[-17.470000000000002,14.73]}"
20061201000000_1,12,0.0240000002086162,GPM_IMERG,WA002,2006,"{""type"":""Point"",""coordinates"":[-7.949999999999998,12.65]}"
20061201000000_2,12,0.0,GPM_IMERG,WA003,2006,"{""type"":""Point"",""coordinates"":[-1.5200000000000002,12.360000000000001]}"
20061201000000_3,12,0.0,GPM_IMERG,WA004,2006,"{""type"":""Point"",""coordinates"":[2.17,13.51]}"
20061201000000_4,12,0.0,GPM_IMERG,WA005,2006,"{""type"":""Point"",""coordinates"":[7.33,9.07]}"
20061201000000_5,12,0.3233489692211151,GPM_IMERG,WA006,2006,"{""type"":""Point"",""coordinates"":[-0.17,5.56]}"
20061201000000_6,12,0.8871942162513733,GPM_IMERG,WA007,2006,"{""type"":""Point"",""coordinates"":[-3.9299999999999997,5.349999999999999]}"
20061201000000_7,12,0.0953637957572937,GPM_IMERG,WA008,2006,"{""type"":""Point"",""coordinates"":[-13.67,9.53]}"
20061201000000_8,12,0.2378918826580047,GPM_IMERG,WA009,2006,"{""type"":""Point"",""coordinates"":[-13.230000000000002,8.489999999999998]}"
20061201000000_9,12,0.4418982565402984,GPM_IMERG,WA010,2006,"{""type"":""Point"",""coordinates"":[-10.799999999999999,6.3]}"
20061201000000_10,12,0.1954663097858429,GPM_IMERG,WA011,2006,"{""type"":""Point"",""coordinates"":[1.22,6.130000000000001]}"
20061201000000_11,12,0.0998343378305435,GPM_IMERG,WA012,2006,"{""type"":""Point"",""coordinates"":[2.42,6.37]}"
20061201000000_12,12,0.0,GPM_IMERG,WA013,2006,"{""type"":""Point"",""coordinates"":[8.52,12.05]}"
20061201000000_13,12,0.8660934567451477,GPM_IMERG,WA014,2006,"{""type"":""Point"",""coordinates"":[-1.62,6.69]}"
20061201000000_14,12,0.0028165066614747,GPM_IMERG,WA015,2006,"{""type"":""Point"",""coordinates"":[-16.680000000000003,13.45]}"
,12,0.0065695774,GPM_IMERG,WA016,2006,
20070101000000_0,1,0.0225047674030065,GPM_IMERG,WA001,2007,"{""type"":""Point"",""coordinates"":[-17.470000000000002,14.73]}"
20070101000000_1,1,0.0,GPM_IMERG,WA002,2007,"{""type"":""Point"",""coordinates"":[-7.949999999999998,12.65]}"
20070101000000_2,1,0.0,GPM_IMERG,WA003,2007,"{""type"":""Point"",""coordinates"":[-1.5200000000000002,12.360000000000001]}"
20070101000000_3,1,0.0,GPM_IMERG,WA004,2007,"{""type"":""Point"",""coordinates"":[2.17,13.51]}"
20070101000000_4,1,0.0,GPM_IMERG,WA005,2007,"{""type"":""Point"",""coordinates"":[7.33,9.07]}"
20070101000000_5,1,0.2006325125694275,GPM_IMERG,WA006,2007,"{""type"":""Point"",""coordinates"":[-0.17,5.56]}"
20070101000000_6,1,0.0640327408909797,GPM_IMERG,WA007,2007,"{""type"":""Point"",""coordinates"":[-3.9299999999999997,5.349999999999999]}"
20070101000000_7,1,0.0107885543256998,GPM_IMERG,WA008,2007,"{""type"":""Point"",""coordinates"":[-13.67,9.53]}"
20070101000000_8,1,0.0302778147161006,GPM_IMERG,WA009,2007,"{""type"":""Point"",""coordinates"":[-13.230000000000002,8.489999999999998]}"
20070101000000_9,1,0.1113765463232994,GPM_IMERG,WA010,2007,"{""type"":""Point"",""coordinates"":[-10.799999999999999,6.3]}"
20070101000000_10,1,0.0553146228194236,GPM_IMERG,WA011,2007,"{""type"":""Point"",""coordinates"":[1.22,6.130000000000001]}"
20070101000000_11,1,0.0188447497785091,GPM_IMERG,WA012,2007,"{""type"":""Point"",""coordinates"":[2.42,6.37]}"
20070101000000_12,1,0.0,GPM_IMERG,WA013,2007,"{""type"":""Point"",""coordinates"":[8.52,12.05]}"
20070101000000_13,1,0.2444348335266113,GPM_IMERG,WA014,2007,"{""type"":""Point"",""coordinates"":[-1.62,6.69]}"
20070101000000_14,1,0.0014082533307373,GPM_IMERG,WA015,2007,"{""type"":""Point"",""coordinates"":[-16.680000000000003,13.45]}"
,1,0.024004666,GPM_IMERG,WA016,2007,
20070201000000_0,2,0.0022523843217641,GPM_IMERG,WA001,2007,"{""type"":""Point"",""coordinates"":[-17.470000000000002,14.73]}"
20070201000000_1,2,0.0,GPM_IMERG,WA002,2007,"{""type"":""Point"",""coordinates"":[-7.949999999999998,12.65]}"
20070201000000_2,2,0.0,GPM_IMERG,WA003,2007,"{""type"":""Point"",""coordinates"":[-1.5200000000000002,12.360000000000001]}"
20070201000000_3,2,0.0,GPM_IMERG,WA004,2007,"{""type"":""Point"",""coordinates"":[2.17,13.51]}"
20070201000000_4,2,0.0594379045069217,GPM_IMERG,WA005,2007,"{""type"":""Point"",""coordinates"":[7.33,9.07]}"
20070201000000_5,2,0.7189868092536926,GPM_IMERG,WA006,2007,"{""type"":""Point"",""coordinates"":[-0.17,5.56]}"
20070201000000_6,2,2.043470859527588,GPM_IMERG,WA007,2007,"{""type"":""Point"",""coordinates"":[-3.9299999999999997,5.349999999999999]}"
20070201000000_7,2,0.5938279032707214,GPM_IMERG,WA008,2007,"{""type"":""Point"",""coordinates"":[-13.67,9.53]}"
20070201000000_8,2,1.0564106702804563,GPM_IMERG,WA009,2007,"{""type"":""Point"",""coordinates"":[-13.230000000000002,8.489999999999998]}"
20070201000000_9,2,1.5233608484268188,GPM_IMERG,WA010,2007,"{""type"":""Point"",""coordinates"":[-10.799999999999999,6.3]}"
20070201000000_10,2,0.7959548234939575,GPM_IMERG,WA011,2007,"{""type"":""Point"",""coordinates"":[1.22,6.130000000000001]}"
20070201000000_11,2,1.0832337141036987,GPM_IMERG,WA012,2007,"{""type"":""Point"",""coordinates"":[2.42,6.37]}"
20070201000000_12,2,0.0059012719430029,GPM_IMERG,WA013,2007,"{""type"":""Point"",""coordinates"":[8.52,12.05]}"
20070201000000_13,2,1.1092356443405151,GPM_IMERG,WA014,2007,"{""type"":""Point"",""coordinates"":[-1.62,6.69]}"
20070201000000_14,2,0.0,GPM_IMERG,WA015,2007,"{""type"":""Point"",""coordinates"":[-16.680000000000003,13.45]}"
,2,0.0014111869,GPM_IMERG,WA016,2007,
20070301000000_0,3,0.0285047683864831,GPM_IMERG,WA001,2007,"{""type"":""Point"",""coordinates"":[-17.470000000000002,14.73]}"
20070301000000_1,3,0.0,GPM_IMERG,WA002,2007,"{""type"":""Point"",""coordinates"":[-7.949999999999998,12.65]}"
20070301000000_2,3,0.0182820186018943,GPM_IMERG,WA003,2007,"{""type"":""Point"",""coordinates"":[-1.5200000000000002,12.360000000000001]}"
20070301000000_3,3,0.0,GPM_IMERG,WA004,2007,"{""type"":""Point"",""coordinates"":[2.17,13.51]}"
20070301000000_4,3,0.9015545845031738,GPM_IMERG,WA005,2007,"{""type"":""Point"",""coordinates"":[7.33,9.07]}"
20070301000000_5,3,2.154799222946167,GPM_IMERG,WA006,2007,"{""type"":""Point"",""coordinates"":[-0.17,5.56]}"
20070301000000_6,3,4.103046417236328,GPM_IMERG,WA007,2007,"{""type"":""Point"",""coordinates"":[-3.9299999999999997,5.349999999999999]}"
20070301000000_7,3,0.0284946151077747,GPM_IMERG,WA008,2007,"{""type"":""Point"",""coordinates"":[-13.67,9.53]}"
20070301000000_8,3,0.0644845962524414,GPM_IMERG,WA009,2007,"{""type"":""Point"",""coordinates"":[-13.230000000000002,8.489999999999998]}"
20070301000000_9,3,4.289218902587891,GPM_IMERG,WA010,2007,"{""type"":""Point"",""coordinates"":[-10.799999999999999,6.3]}"
20070301000000_10,3,1.911965250968933,GPM_IMERG,WA011,2007,"{""type"":""Point"",""coordinates"":[1.22,6.130000000000001]}"
20070301000000_11,3,1.53996741771698,GPM_IMERG,WA012,2007,"{""type"":""Point"",""coordinates"":[2.42,6.37]}"
20070301000000_12,3,0.1189521551132202,GPM_IMERG,WA013,2007,"{""type"":""Point"",""coordinates"":[8.52,12.05]}"
20070301000000_13,3,2.631598711013794,GPM_IMERG,WA014,2007,"{""type"":""Point"",""coordinates"":[-1.62,6.69]}"
20070301000000_14,3,0.0164091456681489,GPM_IMERG,WA015,2007,"{""type"":""Point"",""coordinates"":[-16.680000000000003,13.45]}"
,3,0.0,GPM_IMERG,WA016,2007,
20070401000000_0,4,0.0179999992251396,GPM_IMERG,WA001,2007,"{""type"":""Point"",""coordinates"":[-17.470000000000002,14.73]}"
20070401000000_1,4,0.3540611863136291,GPM_IMERG,WA002,2007,"{""type"":""Point"",""coordinates"":[-7.949999999999998,12.65]}"
20070401000000_2,4,2.4148473739624023,GPM_IMERG,WA003,2007,"{""type"":""Point"",""coordinates"":[-1.5200000000000002,12.360000000000001]}"
20070401000000_3,4,0.0475280918180942,GPM_IMERG,WA004,2007,"{""type"":""Point"",""coordinates"":[2.17,13.51]}"
20070401000000_4,4,3.7907776832580566,GPM_IMERG,WA005,2007,"{""type"":""Point"",""coordinates"":[7.33,9.07]}"
20070401000000_5,4,3.9175679683685294,GPM_IMERG,WA006,2007,"{""type"":""Point"",""coordinates"":[-0.17,5.56]}"
20070401000000_6,4,3.185352325439453,GPM_IMERG,WA007,2007,"{""type"":""Point"",""coordinates"":[-3.9299999999999997,5.349999999999999]}"
20070401000000_7,4,0.2593600451946258,GPM_IMERG,WA008,2007,"{""type"":""Point"",""coordinates"":[-13.67,9.53]}"
20070401000000_8,4,0.6521281003952026,GPM_IMERG,WA009,2007,"{""type"":""Point"",""coordinates"":[-13.230000000000002,8.489999999999998]}"
20070401000000_9,4,5.219234466552734,GPM_IMERG,WA010,2007,"{""type"":""Point"",""coordinates"":[-10.799999999999999,6.3]}"
20070401000000_10,4,4.076454639434815,GPM_IMERG,WA011,2007,"{""type"":""Point"",""coordinates"":[1.22,6.130000000000001]}"
20070401000000_11,4,3.1369338035583496,GPM_IMERG,WA012,2007,"{""type"":""Point"",""coordinates"":[2.42,6.37]}"
20070401000000_12,4,0.8953325152397156,GPM_IMERG,WA013,2007,"{""type"":""Point"",""coordinates"":[8.52,12.05]}"
20070401000000_13,4,6.141818523406982,GPM_IMERG,WA014,2007,"{""type"":""Point"",""coordinates"":[-1.62,6.69]}"
20070401000000_14,4,0.0023440280929207,GPM_IMERG,WA015,2007,"{""type"":""Point"",""coordinates"":[-16.680000000000003,13.45]}"
,4,0.15423016,GPM_IMERG,WA016,2007,
20070501000000_0,5,0.0202523842453956,GPM_IMERG,WA001,2007,"{""type"":""Point"",""coordinates"":[-17.470000000000002,14.73]}"
20070501000000_1,5,2.182595729827881,GPM_IMERG,WA002,2007,"{""type"":""Point"",""coordinates"":[-7.949999999999998,12.65]}"
20070501000000_2,5,1.1916295289993286,GPM_IMERG,WA003,2007,"{""type"":""Point"",""coordinates"":[-1.5200000000000002,12.360000000000001]}"
20070501000000_3,5,0.6715944409370422,GPM_IMERG,WA004,2007,"{""type"":""Point"",""coordinates"":[2.17,13.51]}"
20070501000000_4,5,5.42258882522583,GPM_IMERG,WA005,2007,"{""type"":""Point"",""coordinates"":[7.33,9.07]}"
20070501000000_5,5,3.903912305831909,GPM_IMERG,WA006,2007,"{""type"":""Point"",""coordinates"":[-0.17,5.56]}"
20070501000000_6,5,2.665726900100708,GPM_IMERG,WA007,2007,"{""type"":""Point"",""coordinates"":[-3.9299999999999997,5.349999999999999]}"
20070501000000_7,5,1.4195636510849,GPM_IMERG,WA008,2007,"{""type"":""Point"",""coordinates"":[-13.67,9.53]}"
20070501000000_8,5,2.623547077178955,GPM_IMERG,WA009,2007,"{""type"":""Point"",""coordinates"":[-13.230000000000002,8.489999999999998]}"
20070501000000_9,5,7.743190765380859,GPM_IMERG,WA010,2007,"{""type"":""Point"",""coordinates"":[-10.799999999999999,6.3]}"
20070501000000_10,5,4.779675960540772,GPM_IMERG,WA011,2007,"{""type"":""Point"",""coordinates"":[1.22,6.130000000000001]}"
20070501000000_11,5,5.821238994598389,GPM_IMERG,WA012,2007,"{""type"":""Point"",""coordinates"":[2.42,6.37]}"
20070501000000_12,5,2.8920605182647705,GPM_IMERG,WA013,2007,"{""type"":""Point"",""coordinates"":[8.52,12.05]}"
20070501000000_13,5,4.818063259124756,GPM_IMERG,WA014,2007,"{""type"":""Point"",""coordinates"":[-1.62,6.69]}"
20070501000000_14,5,0.0426527485251426,GPM_IMERG,WA015,2007,"{""type"":""Point"",""coordinates"":[-16.680000000000003,13.45]}"
,5,0.0,GPM_IMERG,WA016,2007,
20070601000000_0,6,0.2227190285921096,GPM_IMERG,WA001,2007,"{""type"":""Point"",""coordinates"":[-17.470000000000002,14.73]}"
20070601000000_1,6,2.624222993850708,GPM_IMERG,WA002,2007,"{""type"":""Point"",""coordinates"":[-7.949999999999998,12.65]}"
20070601000000_2,6,2.17244029045105,GPM_IMERG,WA003,2007,"{""type"":""Point"",""coordinates"":[-1.5200000000000002,12.360000000000001]}"
20070601000000_3,6,1.3261746168136597,GPM_IMERG,WA004,2007,"{""type"":""Point"",""coordinates"":[2.17,13.51]}"
20070601000000_4,6,5.921602725982666,GPM_IMERG,WA005,2007,"{""type"":""Point"",""coordinates"":[7.33,9.07]}"
20070601000000_5,6,5.749242305755615,GPM_IMERG,WA006,2007,"{""type"":""Point"",""coordinates"":[-0.17,5.56]}"
20070601000000_6,6,7.313197135925293,GPM_IMERG,WA007,2007,"{""type"":""Point"",""coordinates"":[-3.9299999999999997,5.349999999999999]}"
20070601000000_7,6,7.548966884613037,GPM_IMERG,WA008,2007,"{""type"":""Point"",""coordinates"":[-13.67,9.53]}"
20070601000000_8,6,12.278322219848633,GPM_IMERG,WA009,2007,"{""type"":""Point"",""coordinates"":[-13.230000000000002,8.489999999999998]}"
20070601000000_9,6,16.9798583984375,GPM_IMERG,WA010,2007,"{""type"":""Point"",""coordinates"":[-10.799999999999999,6.3]}"
20070601000000_10,6,7.731987953186035,GPM_IMERG,WA011,2007,"{""type"":""Point"",""coordinates"":[1.22,6.130000000000001]}"
20070601000000_11,6,10.38601303100586,GPM_IMERG,WA012,2007,"{""type"":""Point"",""coordinates"":[2.42,6.37]}"
20070601000000_12,6,6.169229030609131,GPM_IMERG,WA013,2007,"{""type"":""Point"",""coordinates"":[8.52,12.05]}"
20070601000000_13,6,6.402956008911133,GPM_IMERG,WA014,2007,"{""type"":""Point"",""coordinates"":[-1.62,6.69]}"
20070601000000_14,6,1.0247951745986938,GPM_IMERG,WA015,2007,"{""type"":""Point"",""coordinates"":[-16.680000000000003,13.45]}"
,6,0.0,GPM_IMERG,WA016,2007,
20070701000000_0,7,3.084433078765869,GPM_IMERG,WA001,2007,"{""type"":""Point"",""coordinates"":[-17.470000000000002,14.73]}"
20070701000000_1,7,6.409643173217773,GPM_IMERG,WA002,2007,"{""type"":""Point"",""coordinates"":[-7.949999999999998,12.65]}"
20070701000000_2,7,4.408563613891602,GPM_IMERG,WA003,2007,"{""type"":""Point"",""coordinates"":[-1.5200000000000002,12.360000000000001]}"
20070701000000_3,7,5.488109588623047,GPM_IMERG,WA004,2007,"{""type"":""Point"",""coordinates"":[2.17,13.51]}"
20070701000000_4,7,9.604872703552246,GPM_IMERG,WA005,2007,"{""type"":""Point"",""coordinates"":[7.33,9.07]}"
20070701000000_5,7,4.448217391967773,GPM_IMERG,WA006,2007,"{""type"":""Point"",""coordinates"":[-0.17,5.56]}"
20070701000000_6,7,6.164863109588623,GPM_IMERG,WA007,2007,"{""type"":""Point"",""coordinates"":[-3.9299999999999997,5.349999999999999]}"
20070701000000_7,7,18.34560775756836,GPM_IMERG,WA008,2007,"{""type"":""Point"",""coordinates"":[-13.67,9.53]}"
20070701000000_8,7,12.60606861114502,GPM_IMERG,WA009,2007,"{""type"":""Point"",""coordinates"":[-13.230000000000002,8.489999999999998]}"
20070701000000_9,7,16.587608337402344,GPM_IMERG,WA010,2007,"{""type"":""Point"",""coordinates"":[-10.799999999999999,6.3]}"
20070701000000_10,7,4.6636738777160645,GPM_IMERG,WA011,2007,"{""type"":""Point"",""coordinates"":[1.22,6.130000000000001]}"
20070701000000_11,7,6.037714004516602,GPM_IMERG,WA012,2007,"{""type"":""Point"",""coordinates"":[2.42,6.37]}"
20070701000000_12,7,5.829539775848389,GPM_IMERG,WA013,2007,"{""type"":""Point"",""coordinates"":[8.52,12.05]}"
20070701000000_13,7,6.2010016441345215,GPM_IMERG,WA014,2007,"{""type"":""Point"",""coordinates"":[-1.62,6.69]}"
20070701000000_14,7,4.744306564331055,GPM_IMERG,WA015,2007,"{""type"":""Point"",""coordinates"":[-16.680000000000003,13.45]}"
,7,0.11082487,GPM_IMERG,WA016,2007,
20070801000000_0,8,3.4299325942993164,GPM_IMERG,WA001,2007,"{""type"":""Point"",""coordinates"":[-17.470000000000002,14.73]}"
20070801000000_1,8,7.546886920928955,GPM_IMERG,WA002,2007,"{""type"":""Point"",""coordinates"":[-7.949999999999998,12.65]}"
20070801000000_2,8,9.392724990844728,GPM_IMERG,WA003,2007,"{""type"":""Point"",""coordinates"":[-1.5200000000000002,12.360000000000001]}"
20070801000000_3,8,7.303915023803711,GPM_IMERG,WA004,2007,"{""type"":""Point"",""coordinates"":[2.17,13.51]}"
20070801000000_4,8,8.918624877929688,GPM_IMERG,WA005,2007,"{""type"":""Point"",""coordinates"":[7.33,9.07]}"
20070801000000_5,8,1.7749340534210205,GPM_IMERG,WA006,2007,"{""type"":""Point"",""coordinates"":[-0.17,5.56]}"
20070801000000_6,8,1.1042662858963013,GPM_IMERG,WA007,2007,"{""type"":""Point"",""coordinates"":[-3.9299999999999997,5.349999999999999]}"
20070801000000_7,8,20.31340408325196,GPM_IMERG,WA008,2007,"{""type"":""Point"",""coordinates"":[-13.67,9.53]}"
20070801000000_8,8,17.96644401550293,GPM_IMERG,WA009,2007,"{""type"":""Point"",""coordinates"":[-13.230000000000002,8.489999999999998]}"
20070801000000_9,8,15.825798988342283,GPM_IMERG,WA010,2007,"{""type"":""Point"",""coordinates"":[-10.799999999999999,6.3]}"
20070801000000_10,8,2.7080910205841064,GPM_IMERG,WA011,2007,"{""type"":""Point"",""coordinates"":[1.22,6.130000000000001]}"
20070801000000_11,8,3.5510804653167725,GPM_IMERG,WA012,2007,"{""type"":""Point"",""coordinates"":[2.42,6.37]}"
20070801000000_12,8,11.433740615844728,GPM_IMERG,WA013,2007,"{""type"":""Point"",""coordinates"":[8.52,12.05]}"
20070801000000_13,8,3.427267551422119,GPM_IMERG,WA014,2007,"{""type"":""Point"",""coordinates"":[-1.62,6.69]}"
20070801000000_14,8,9.60437297821045,GPM_IMERG,WA015,2007,"{""type"":""Point"",""coordinates"":[-16.680000000000003,13.45]}"
,8,0.47434133,GPM_IMERG,WA016,2007,
20070901000000_0,9,3.888885021209717,GPM_IMERG,WA001,2007,"{""type"":""Point"",""coordinates"":[-17.470000000000002,14.73]}"
20070901000000_1,9,4.112364768981934,GPM_IMERG,WA002,2007,"{""type"":""Point"",""coordinates"":[-7.949999999999998,12.65]}"
20070901000000_2,9,5.049105167388916,GPM_IMERG,WA003,2007,"{""type"":""Point"",""coordinates"":[-1.5200000000000002,12.360000000000001]}"
20070901000000_3,9,1.6984913349151611,GPM_IMERG,WA004,2007,"{""type"":""Point"",""coordinates"":[2.17,13.51]}"
20070901000000_4,9,8.988448143005371,GPM_IMERG,WA005,2007,"{""type"":""Point"",""coordinates"":[7.33,9.07]}"
20070901000000_5,9,4.1109113693237305,GPM_IMERG,WA006,2007,"{""type"":""Point"",""coordinates"":[-0.17,5.56]}"
20070901000000_6,9,2.604356050491333,GPM_IMERG,WA007,2007,"{""type"":""Point"",""coordinates"":[-3.9299999999999997,5.349999999999999]}"
20070901000000_7,9,14.09817886352539,GPM_IMERG,WA008,2007,"{""type"":""Point"",""coordinates"":[-13.67,9.53]}"
20070901000000_8,9,11.1370267868042,GPM_IMERG,WA009,2007,"{""type"":""Point"",""coordinates"":[-13.230000000000002,8.489999999999998]}"
20070901000000_9,9,13.06313705444336,GPM_IMERG,WA010,2007,"{""type"":""Point"",""coordinates"":[-10.799999999999999,6.3]}"
20070901000000_10,9,4.015671253204346,GPM_IMERG,WA011,2007,"{""type"":""Point"",""coordinates"":[1.22,6.130000000000001]}"
20070901000000_11,9,5.132690906524658,GPM_IMERG,WA012,2007,"{""type"":""Point"",""coordinates"":[2.42,6.37]}"
20070901000000_12,9,1.1300967931747437,GPM_IMERG,WA013,2007,"{""type"":""Point"",""coordinates"":[8.52,12.05]}"
20070901000000_13,9,12.335558891296388,GPM_IMERG,WA014,2007,"{""type"":""Point"",""coordinates"":[-1.62,6.69]}"
20070901000000_14,9,8.465740203857422,GPM_IMERG,WA015,2007,"{""type"":""Point"",""coordinates"":[-16.680000000000003,13.45]}"
,9,0.42778093,GPM_IMERG,WA016,2007,
20071001000000_0,10,0.0967571586370468,GPM_IMERG,WA001,2007,"{""type"":""Point"",""coordinates"":[-17.470000000000002,14.73]}"
20071001000000_1,10,1.132189154624939,GPM_IMERG,WA002,2007,"{""type"":""Point"",""coordinates"":[-7.949999999999998,12.65]}"
20071001000000_2,10,0.0735818371176719,GPM_IMERG,WA003,2007,"{""type"":""Point"",""coordinates"":[-1.5200000000000002,12.360000000000001]}"
20071001000000_3,10,0.0235398896038532,GPM_IMERG,WA004,2007,"{""type"":""Point"",""coordinates"":[2.17,13.51]}"
20071001000000_4,10,5.537033557891846,GPM_IMERG,WA005,2007,"{""type"":""Point"",""coordinates"":[7.33,9.07]}"
20071001000000_5,10,4.947474002838135,GPM_IMERG,WA006,2007,"{""type"":""Point"",""coordinates"":[-0.17,5.56]}"
20071001000000_6,10,6.0843000411987305,GPM_IMERG,WA007,2007,"{""type"":""Point"",""coordinates"":[-3.9299999999999997,5.349999999999999]}"
20071001000000_7,10,5.626333236694336,GPM_IMERG,WA008,2007,"{""type"":""Point"",""coordinates"":[-13.67,9.53]}"
20071001000000_8,10,5.396935939788818,GPM_IMERG,WA009,2007,"{""type"":""Point"",""coordinates"":[-13.230000000000002,8.489999999999998]}"
20071001000000_9,10,10.765146255493164,GPM_IMERG,WA010,2007,"{""type"":""Point"",""coordinates"":[-10.799999999999999,6.3]}"
20071001000000_10,10,4.7546892166137695,GPM_IMERG,WA011,2007,"{""type"":""Point"",""coordinates"":[1.22,6.130000000000001]}"
20071001000000_11,10,5.70619010925293,GPM_IMERG,WA012,2007,"{""type"":""Point"",""coordinates"":[2.42,6.37]}"
20071001000000_12,10,0.027458069846034,GPM_IMERG,WA013,2007,"{""type"":""Point"",""coordinates"":[8.52,12.05]}"
20071001000000_13,10,6.4177565574646,GPM_IMERG,WA014,2007,"{""type"":""Point"",""coordinates"":[-1.62,6.69]}"
20071001000000_14,10,0.7819709777832031,GPM_IMERG,WA015,2007,"{""type"":""Point"",""coordinates"":[-16.680000000000003,13.45]}"
,10,0.0105043575,GPM_IMERG,WA016,2007,
20071101000000_0,11,0.0269904620945453,GPM_IMERG,WA001,2007,"{""type"":""Point"",""coordinates"":[-17.470000000000002,14.73]}"
20071101000000_1,11,0.0144374398514628,GPM_IMERG,WA002,2007,"{""type"":""Point"",""coordinates"":[-7.949999999999998,12.65]}"
20071101000000_2,11,0.0,GPM_IMERG,WA003,2007,"{""type"":""Point"",""coordinates"":[-1.5200000000000002,12.360000000000001]}"
20071101000000_3,11,0.0085324123501777,GPM_IMERG,WA004,2007,"{""type"":""Point"",""coordinates"":[2.17,13.51]}"
20071101000000_4,11,0.0385345891118049,GPM_IMERG,WA005,2007,"{""type"":""Point"",""coordinates"":[7.33,9.07]}"
20071101000000_5,11,1.9943904876708984,GPM_IMERG,WA006,2007,"{""type"":""Point"",""coordinates"":[-0.17,5.56]}"
20071101000000_6,11,3.329707860946656,GPM_IMERG,WA007,2007,"{""type"":""Point"",""coordinates"":[-3.9299999999999997,5.349999999999999]}"
20071101000000_7,11,2.1153929233551025,GPM_IMERG,WA008,2007,"{""type"":""Point"",""coordinates"":[-13.67,9.53]}"
20071101000000_8,11,2.478567123413086,GPM_IMERG,WA009,2007,"{""type"":""Point"",""coordinates"":[-13.230000000000002,8.489999999999998]}"
20071101000000_9,11,5.343563556671143,GPM_IMERG,WA010,2007,"{""type"":""Point"",""coordinates"":[-10.799999999999999,6.3]}"
20071101000000_10,11,1.3641008138656616,GPM_IMERG,WA011,2007,"{""type"":""Point"",""coordinates"":[1.22,6.130000000000001]}"
20071101000000_11,11,2.026700258255005,GPM_IMERG,WA012,2007,"{""type"":""Point"",""coordinates"":[2.42,6.37]}"
20071101000000_12,11,0.0157450083643198,GPM_IMERG,WA013,2007,"{""type"":""Point"",""coordinates"":[8.52,12.05]}"
20071101000000_13,11,2.138446807861328,GPM_IMERG,WA014,2007,"{""type"":""Point"",""coordinates"":[-1.62,6.69]}"
20071101000000_14,11,0.074427992105484,GPM_IMERG,WA015,2007,"{""type"":""Point"",""coordinates"":[-16.680000000000003,13.45]}"
,11,0.01594411,GPM_IMERG,WA016,2007,
20071201000000_0,12,0.042019072920084,GPM_IMERG,WA001,2007,"{""type"":""Point"",""coordinates"":[-17.470000000000002,14.73]}"
20071201000000_1,12,0.0241932887583971,GPM_IMERG,WA002,2007,"{""type"":""Point"",""coordinates"":[-7.949999999999998,12.65]}"
20071201000000_2,12,0.0119031062349677,GPM_IMERG,WA003,2007,"{""type"":""Point"",""coordinates"":[-1.5200000000000002,12.360000000000001]}"
20071201000000_3,12,0.0240000002086162,GPM_IMERG,WA004,2007,"{""type"":""Point"",""coordinates"":[2.17,13.51]}"
20071201000000_4,12,0.0,GPM_IMERG,WA005,2007,"{""type"":""Point"",""coordinates"":[7.33,9.07]}"
20071201000000_5,12,1.1214147806167605,GPM_IMERG,WA006,2007,"{""type"":""Point"",""coordinates"":[-0.17,5.56]}"
20071201000000_6,12,2.0979764461517334,GPM_IMERG,WA007,2007,"{""type"":""Point"",""coordinates"":[-3.9299999999999997,5.349999999999999]}"
20071201000000_7,12,0.6924908757209778,GPM_IMERG,WA008,2007,"{""type"":""Point"",""coordinates"":[-13.67,9.53]}"
20071201000000_8,12,1.293037176132202,GPM_IMERG,WA009,2007,"{""type"":""Point"",""coordinates"":[-13.230000000000002,8.489999999999998]}"
20071201000000_9,12,2.77198338508606,GPM_IMERG,WA010,2007,"{""type"":""Point"",""coordinates"":[-10.799999999999999,6.3]}"
20071201000000_10,12,0.6543644070625305,GPM_IMERG,WA011,2007,"{""type"":""Point"",""coordinates"":[1.22,6.130000000000001]}"
20071201000000_11,12,1.2577369213104248,GPM_IMERG,WA012,2007,"{""type"":""Point"",""coordinates"":[2.42,6.37]}"
20071201000000_12,12,0.019670907407999,GPM_IMERG,WA013,2007,"{""type"":""Point"",""coordinates"":[8.52,12.05]}"
20071201000000_13,12,1.1391091346740725,GPM_IMERG,WA014,2007,"{""type"":""Point"",""coordinates"":[-1.62,6.69]}"
20071201000000_14,12,0.0,GPM_IMERG,WA015,2007,"{""type"":""Point"",""coordinates"":[-16.680000000000003,13.45]}"
,12,0.023350632,GPM_IMERG,WA016,2007,
20080101000000_0,1,0.0727762281894683,GPM_IMERG,WA001,2008,"{""type"":""Point"",""coordinates"":[-17.470000000000002,14.73]}"
20080101000000_1,1,0.0,GPM_IMERG,WA002,2008,"{""type"":""Point"",""coordinates"":[-7.949999999999998,12.65]}"
20080101000000_2,1,0.0,GPM_IMERG,WA003,2008,"{""type"":""Point"",""coordinates"":[-1.5200000000000002,12.360000000000001]}"
20080101000000_3,1,0.0,GPM_IMERG,WA004,2008,"{""type"":""Point"",""coordinates"":[2.17,13.51]}"
20080101000000_4,1,0.0078766634687781,GPM_IMERG,WA005,2008,"{""type"":""Point"",""coordinates"":[7.33,9.07]}"
20080101000000_5,1,0.2344749569892883,GPM_IMERG,WA006,2008,"{""type"":""Point"",""coordinates"":[-0.17,5.56]}"
20080101000000_6,1,0.0739695951342582,GPM_IMERG,WA007,2008,"{""type"":""Point"",""coordinates"":[-3.9299999999999997,5.349999999999999]}"
20080101000000_7,1,0.0,GPM_IMERG,WA008,2008,"{""type"":""Point"",""coordinates"":[-13.67,9.53]}"
20080101000000_8,1,0.0678678154945373,GPM_IMERG,WA009,2008,"{""type"":""Point"",""coordinates"":[-13.230000000000002,8.489999999999998]}"
20080101000000_9,1,0.1813797652721405,GPM_IMERG,WA010,2008,"{""type"":""Point"",""coordinates"":[-10.799999999999999,6.3]}"
20080101000000_10,1,0.678827702999115,GPM_IMERG,WA011,2008,"{""type"":""Point"",""coordinates"":[1.22,6.130000000000001]}"
20080101000000_11,1,0.2046374827623367,GPM_IMERG,WA012,2008,"{""type"":""Point"",""coordinates"":[2.42,6.37]}"
20080101000000_12,1,0.0472101792693138,GPM_IMERG,WA013,2008,"{""type"":""Point"",""coordinates"":[8.52,12.05]}"
20080101000000_13,1,0.3514093160629272,GPM_IMERG,WA014,2008,"{""type"":""Point"",""coordinates"":[-1.62,6.69]}"
20080101000000_14,1,0.0084412861615419,GPM_IMERG,WA015,2008,"{""type"":""Point"",""coordinates"":[-16.680000000000003,13.45]}"
,1,0.0006586996,GPM_IMERG,WA016,2008,
20080201000000_0,2,0.1725429147481918,GPM_IMERG,WA001,2008,"{""type"":""Point"",""coordinates"":[-17.470000000000002,14.73]}"
20080201000000_1,2,0.0,GPM_IMERG,WA002,2008,"{""type"":""Point"",""coordinates"":[-7.949999999999998,12.65]}"
20080201000000_2,2,0.0036571722012013,GPM_IMERG,WA003,2008,"{""type"":""Point"",""coordinates"":[-1.5200000000000002,12.360000000000001]}"
20080201000000_3,2,0.0,GPM_IMERG,WA004,2008,"{""type"":""Point"",""coordinates"":[2.17,13.51]}"
20080201000000_4,2,0.0224032085388898,GPM_IMERG,WA005,2008,"{""type"":""Point"",""coordinates"":[7.33,9.07]}"
20080201000000_5,2,0.539271354675293,GPM_IMERG,WA006,2008,"{""type"":""Point"",""coordinates"":[-0.17,5.56]}"
20080201000000_6,2,1.4812729358673096,GPM_IMERG,WA007,2008,"{""type"":""Point"",""coordinates"":[-3.9299999999999997,5.349999999999999]}"
20080201000000_7,2,0.0514490120112896,GPM_IMERG,WA008,2008,"{""type"":""Point"",""coordinates"":[-13.67,9.53]}"
20080201000000_8,2,0.5149573087692261,GPM_IMERG,WA009,2008,"{""type"":""Point"",""coordinates"":[-13.230000000000002,8.489999999999998]}"
20080201000000_9,2,1.6721540689468384,GPM_IMERG,WA010,2008,"{""type"":""Point"",""coordinates"":[-10.799999999999999,6.3]}"
20080201000000_10,2,0.4058554768562317,GPM_IMERG,WA011,2008,"{""type"":""Point"",""coordinates"":[1.22,6.130000000000001]}"
20080201000000_11,2,0.2250105291604995,GPM_IMERG,WA012,2008,"{""type"":""Point"",""coordinates"":[2.42,6.37]}"
20080201000000_12,2,0.0,GPM_IMERG,WA013,2008,"{""type"":""Point"",""coordinates"":[8.52,12.05]}"
20080201000000_13,2,2.5023438930511475,GPM_IMERG,WA014,2008,"{""type"":""Point"",""coordinates"":[-1.62,6.69]}"
20080201000000_14,2,0.0766972377896308,GPM_IMERG,WA015,2008,"{""type"":""Point"",""coordinates"":[-16.680000000000003,13.45]}"
,2,0.04499005,GPM_IMERG,WA016,2008,
20080301000000_0,3,0.0269904620945453,GPM_IMERG,WA001,2008,"{""type"":""Point"",""coordinates"":[-17.470000000000002,14.73]}"
20080301000000_1,3,0.5755806565284729,GPM_IMERG,WA002,2008,"{""type"":""Point"",""coordinates"":[-7.949999999999998,12.65]}"
20080301000000_2,3,0.1656408607959747,GPM_IMERG,WA003,2008,"{""type"":""Point"",""coordinates"":[-1.5200000000000002,12.360000000000001]}"
20080301000000_3,3,0.0463109649717807,GPM_IMERG,WA004,2008,"{""type"":""Point"",""coordinates"":[2.17,13.51]}"
20080301000000_4,3,0.7493492364883423,GPM_IMERG,WA005,2008,"{""type"":""Point"",""coordinates"":[7.33,9.07]}"
20080301000000_5,3,2.4064502716064453,GPM_IMERG,WA006,2008,"{""type"":""Point"",""coordinates"":[-0.17,5.56]}"
20080301000000_6,3,4.01059627532959,GPM_IMERG,WA007,2008,"{""type"":""Point"",""coordinates"":[-3.9299999999999997,5.349999999999999]}"
20080301000000_7,3,0.0520252510905265,GPM_IMERG,WA008,2008,"{""type"":""Point"",""coordinates"":[-13.67,9.53]}"
20080301000000_8,3,0.267109602689743,GPM_IMERG,WA009,2008,"{""type"":""Point"",""coordinates"":[-13.230000000000002,8.489999999999998]}"
20080301000000_9,3,1.4140294790267944,GPM_IMERG,WA010,2008,"{""type"":""Point"",""coordinates"":[-10.799999999999999,6.3]}"
20080301000000_10,3,2.252081871032715,GPM_IMERG,WA011,2008,"{""type"":""Point"",""coordinates"":[1.22,6.130000000000001]}"
20080301000000_11,3,1.9352426528930664,GPM_IMERG,WA012,2008,"{""type"":""Point"",""coordinates"":[2.42,6.37]}"
20080301000000_12,3,0.0078683625906705,GPM_IMERG,WA013,2008,"{""type"":""Point"",""coordinates"":[8.52,12.05]}"
20080301000000_13,3,4.863601207733154,GPM_IMERG,WA014,2008,"{""type"":""Point"",""coordinates"":[-1.62,6.69]}"
20080301000000_14,3,0.0037522814236581,GPM_IMERG,WA015,2008,"{""type"":""Point"",""coordinates"":[-16.680000000000003,13.45]}"
,3,0.023345966,GPM_IMERG,WA016,2008,
20080401000000_0,4,0.0074952314607799,GPM_IMERG,WA001,2008,"{""type"":""Point"",""coordinates"":[-17.470000000000002,14.73]}"
20080401000000_1,4,1.6723484992980957,GPM_IMERG,WA002,2008,"{""type"":""Point"",""coordinates"":[-7.949999999999998,12.65]}"
20080401000000_2,4,0.3067007660865783,GPM_IMERG,WA003,2008,"{""type"":""Point"",""coordinates"":[-1.5200000000000002,12.360000000000001]}"
20080401000000_3,4,0.0076858792454004,GPM_IMERG,WA004,2008,"{""type"":""Point"",""coordinates"":[2.17,13.51]}"
20080401000000_4,4,2.122945785522461,GPM_IMERG,WA005,2008,"{""type"":""Point"",""coordinates"":[7.33,9.07]}"
20080401000000_5,4,4.937253952026367,GPM_IMERG,WA006,2008,"{""type"":""Point"",""coordinates"":[-0.17,5.56]}"
20080401000000_6,4,5.042451858520508,GPM_IMERG,WA007,2008,"{""type"":""Point"",""coordinates"":[-3.9299999999999997,5.349999999999999]}"
20080401000000_7,4,0.1374242454767227,GPM_IMERG,WA008,2008,"{""type"":""Point"",""coordinates"":[-13.67,9.53]}"
20080401000000_8,4,1.0801135301589966,GPM_IMERG,WA009,2008,"{""type"":""Point"",""coordinates"":[-13.230000000000002,8.489999999999998]}"
20080401000000_9,4,3.951777935028076,GPM_IMERG,WA010,2008,"{""type"":""Point"",""coordinates"":[-10.799999999999999,6.3]}"
20080401000000_10,4,3.3950769901275635,GPM_IMERG,WA011,2008,"{""type"":""Point"",""coordinates"":[1.22,6.130000000000001]}"
20080401000000_11,4,2.843058109283448,GPM_IMERG,WA012,2008,"{""type"":""Point"",""coordinates"":[2.42,6.37]}"
20080401000000_12,4,0.1476348936557769,GPM_IMERG,WA013,2008,"{""type"":""Point"",""coordinates"":[8.52,12.05]}"
20080401000000_13,4,4.442714691162109,GPM_IMERG,WA014,2008,"{""type"":""Point"",""coordinates"":[-1.62,6.69]}"
20080401000000_14,4,0.0107843652367591,GPM_IMERG,WA015,2008,"{""type"":""Point"",""coordinates"":[-16.680000000000003,13.45]}"
,4,0.0,GPM_IMERG,WA016,2008,
20080501000000_0,5,0.0937857702374458,GPM_IMERG,WA001,2008,"{""type"":""Point"",""coordinates"":[-17.470000000000002,14.73]}"
20080501000000_1,5,1.8968104124069207,GPM_IMERG,WA002,2008,"{""type"":""Point"",""coordinates"":[-7.949999999999998,12.65]}"
20080501000000_2,5,1.8503384590148928,GPM_IMERG,WA003,2008,"{""type"":""Point"",""coordinates"":[-1.5200000000000002,12.360000000000001]}"
20080501000000_3,5,0.3946209847927093,GPM_IMERG,WA004,2008,"{""type"":""Point"",""coordinates"":[2.17,13.51]}"
20080501000000_4,5,3.062760353088379,GPM_IMERG,WA005,2008,"{""type"":""Point"",""coordinates"":[7.33,9.07]}"
20080501000000_5,5,7.872197151184082,GPM_IMERG,WA006,2008,"{""type"":""Point"",""coordinates"":[-0.17,5.56]}"
20080501000000_6,5,10.243491172790527,GPM_IMERG,WA007,2008,"{""type"":""Point"",""coordinates"":[-3.9299999999999997,5.349999999999999]}"
20080501000000_7,5,2.191254138946533,GPM_IMERG,WA008,2008,"{""type"":""Point"",""coordinates"":[-13.67,9.53]}"
20080501000000_8,5,5.890151977539063,GPM_IMERG,WA009,2008,"{""type"":""Point"",""coordinates"":[-13.230000000000002,8.489999999999998]}"
20080501000000_9,5,8.777239799499512,GPM_IMERG,WA010,2008,"{""type"":""Point"",""coordinates"":[-10.799999999999999,6.3]}"
20080501000000_10,5,5.566675186157227,GPM_IMERG,WA011,2008,"{""type"":""Point"",""coordinates"":[1.22,6.130000000000001]}"
20080501000000_11,5,5.658241748809815,GPM_IMERG,WA012,2008,"{""type"":""Point"",""coordinates"":[2.42,6.37]}"
20080501000000_12,5,0.6547899842262268,GPM_IMERG,WA013,2008,"{""type"":""Point"",""coordinates"":[8.52,12.05]}"
20080501000000_13,5,7.732792377471924,GPM_IMERG,WA014,2008,"{""type"":""Point"",""coordinates"":[-1.62,6.69]}"
20080501000000_14,5,0.0312133021652698,GPM_IMERG,WA015,2008,"{""type"":""Point"",""coordinates"":[-16.680000000000003,13.45]}"
,5,0.0,GPM_IMERG,WA016,2008,
20080601000000_0,6,0.5879237055778503,GPM_IMERG,WA001,2008,"{""type"":""Point"",""coordinates"":[-17.470000000000002,14.73]}"
20080601000000_1,6,4.789507865905762,GPM_IMERG,WA002,2008,"{""type"":""Point"",""coordinates"":[-7.949999999999998,12.65]}"
20080601000000_2,6,3.29549503326416,GPM_IMERG,WA003,2008,"{""type"":""Point"",""coordinates"":[-1.5200000000000002,12.360000000000001]}"
20080601000000_3,6,3.408379077911377,GPM_IMERG,WA004,2008,"{""type"":""Point"",""coordinates"":[2.17,13.51]}"
20080601000000_4,6,6.355425834655762,GPM_IMERG,WA005,2008,"{""type"":""Point"",""coordinates"":[7.33,9.07]}"
20080601000000_5,6,5.180620193481445,GPM_IMERG,WA006,2008,"{""type"":""Point"",""coordinates"":[-0.17,5.56]}"
20080601000000_6,6,10.089665412902832,GPM_IMERG,WA007,2008,"{""type"":""Point"",""coordinates"":[-3.9299999999999997,5.349999999999999]}"
20080601000000_7,6,11.538033485412598,GPM_IMERG,WA008,2008,"{""type"":""Point"",""coordinates"":[-13.67,9.53]}"
20080601000000_8,6,10.455656051635742,GPM_IMERG,WA009,2008,"{""type"":""Point"",""coordinates"":[-13.230000000000002,8.489999999999998]}"
20080601000000_9,6,17.08082389831543,GPM_IMERG,WA010,2008,"{""type"":""Point"",""coordinates"":[-10.799999999999999,6.3]}"
20080601000000_10,6,8.527151107788086,GPM_IMERG,WA011,2008,"{""type"":""Point"",""coordinates"":[1.22,6.130000000000001]}"
20080601000000_11,6,9.008502006530762,GPM_IMERG,WA012,2008,"{""type"":""Point"",""coordinates"":[2.42,6.37]}"
20080601000000_12,6,4.065847396850586,GPM_IMERG,WA013,2008,"{""type"":""Point"",""coordinates"":[8.52,12.05]}"
20080601000000_13,6,8.164270401000977,GPM_IMERG,WA014,2008,"{""type"":""Point"",""coordinates"":[-1.62,6.69]}"
20080601000000_14,6,3.021106481552124,GPM_IMERG,WA015,2008,"{""type"":""Point"",""coordinates"":[-16.680000000000003,13.45]}"
,6,0.052396577,GPM_IMERG,WA016,2008,
20080701000000_0,7,3.462299346923828,GPM_IMERG,WA001,2008,"{""type"":""Point"",""coordinates"":[-17.470000000000002,14.73]}"
20080701000000_1,7,9.176634788513184,GPM_IMERG,WA002,2008,"{""type"":""Point"",""coordinates"":[-7.949999999999998,12.65]}"
20080701000000_2,7,8.48679256439209,GPM_IMERG,WA003,2008,"{""type"":""Point"",""coordinates"":[-1.5200000000000002,12.360000000000001]}"
20080701000000_3,7,5.001871585845947,GPM_IMERG,WA004,2008,"{""type"":""Point"",""coordinates"":[2.17,13.51]}"
20080701000000_4,7,7.714522838592529,GPM_IMERG,WA005,2008,"{""type"":""Point"",""coordinates"":[7.33,9.07]}"
20080701000000_5,7,3.465162515640259,GPM_IMERG,WA006,2008,"{""type"":""Point"",""coordinates"":[-0.17,5.56]}"
20080701000000_6,7,3.309287071228028,GPM_IMERG,WA007,2008,"{""type"":""Point"",""coordinates"":[-3.9299999999999997,5.349999999999999]}"
20080701000000_7,7,19.52284240722656,GPM_IMERG,WA008,2008,"{""type"":""Point"",""coordinates"":[-13.67,9.53]}"
20080701000000_8,7,20.86360549926757,GPM_IMERG,WA009,2008,"{""type"":""Point"",""coordinates"":[-13.230000000000002,8.489999999999998]}"
20080701000000_9,7,19.99974632263184,GPM_IMERG,WA010,2008,"{""type"":""Point"",""coordinates"":[-10.799999999999999,6.3]}"
20080701000000_10,7,4.723776340484619,GPM_IMERG,WA011,2008,"{""type"":""Point"",""coordinates"":[1.22,6.130000000000001]}"
20080701000000_11,7,8.054966926574707,GPM_IMERG,WA012,2008,"{""type"":""Point"",""coordinates"":[2.42,6.37]}"
20080701000000_12,7,8.552933692932129,GPM_IMERG,WA013,2008,"{""type"":""Point"",""coordinates"":[8.52,12.05]}"
20080701000000_13,7,4.463927268981934,GPM_IMERG,WA014,2008,"{""type"":""Point"",""coordinates"":[-1.62,6.69]}"
20080701000000_14,7,9.830792427062988,GPM_IMERG,WA015,2008,"{""type"":""Point"",""coordinates"":[-16.680000000000003,13.45]}"
,7,0.2165416,GPM_IMERG,WA016,2008,
20080801000000_0,8,6.0629658699035645,GPM_IMERG,WA001,2008,"{""type"":""Point"",""coordinates"":[-17.470000000000002,14.73]}"
20080801000000_1,8,11.39362621307373,GPM_IMERG,WA002,2008,"{""type"":""Point"",""coordinates"":[-7.949999999999998,12.65]}"
20080801000000_2,8,6.846569061279297,GPM_IMERG,WA003,2008,"{""type"":""Point"",""coordinates"":[-1.5200000000000002,12.360000000000001]}"
20080801000000_3,8,5.87042236328125,GPM_IMERG,WA004,2008,"{""type"":""Point"",""coordinates"":[2.17,13.51]}"
20080801000000_4,8,9.109017372131348,GPM_IMERG,WA005,2008,"{""type"":""Point"",""coordinates"":[7.33,9.07]}"
20080801000000_5,8,2.3929829597473145,GPM_IMERG,WA006,2008,"{""type"":""Point"",""coordinates"":[-0.17,5.56]}"
20080801000000_6,8,1.5340346097946167,GPM_IMERG,WA007,2008,"{""type"":""Point"",""coordinates"":[-3.9299999999999997,5.349999999999999]}"
20080801000000_7,8,24.66904067993164,GPM_IMERG,WA008,2008,"{""type"":""Point"",""coordinates"":[-13.67,9.53]}"
20080801000000_8,8,18.2634334564209,GPM_IMERG,WA009,2008,"{""type"":""Point"",""coordinates"":[-13.230000000000002,8.489999999999998]}"
20080801000000_9,8,15.447894096374512,GPM_IMERG,WA010,2008,"{""type"":""Point"",""coordinates"":[-10.799999999999999,6.3]}"
20080801000000_10,8,2.259699821472168,GPM_IMERG,WA011,2008,"{""type"":""Point"",""coordinates"":[1.22,6.130000000000001]}"
20080801000000_11,8,1.7058449983596802,GPM_IMERG,WA012,2008,"{""type"":""Point"",""coordinates"":[2.42,6.37]}"
20080801000000_12,8,7.623425006866455,GPM_IMERG,WA013,2008,"{""type"":""Point"",""coordinates"":[8.52,12.05]}"
20080801000000_13,8,4.967859268188477,GPM_IMERG,WA014,2008,"{""type"":""Point"",""coordinates"":[-1.62,6.69]}"
20080801000000_14,8,12.516159057617188,GPM_IMERG,WA015,2008,"{""type"":""Point"",""coordinates"":[-16.680000000000003,13.45]}"
,8,1.4125054,GPM_IMERG,WA016,2008,
20080901000000_0,9,4.980923652648926,GPM_IMERG,WA001,2008,"{""type"":""Point"",""coordinates"":[-17.470000000000002,14.73]}"
20080901000000_1,9,4.789532661437988,GPM_IMERG,WA002,2008,"{""type"":""Point"",""coordinates"":[-7.949999999999998,12.65]}"
20080901000000_2,9,4.631436824798584,GPM_IMERG,WA003,2008,"{""type"":""Point"",""coordinates"":[-1.5200000000000002,12.360000000000001]}"
20080901000000_3,9,1.9441676139831543,GPM_IMERG,WA004,2008,"{""type"":""Point"",""coordinates"":[2.17,13.51]}"
20080901000000_4,9,8.229552268981934,GPM_IMERG,WA005,2008,"{""type"":""Point"",""coordinates"":[7.33,9.07]}"
20080901000000_5,9,2.398197650909424,GPM_IMERG,WA006,2008,"{""type"":""Point"",""coordinates"":[-0.17,5.56]}"
20080901000000_6,9,2.631654024124145,GPM_IMERG,WA007,2008,"{""type"":""Point"",""coordinates"":[-3.9299999999999997,5.349999999999999]}"
20080901000000_7,9,12.525525093078612,GPM_IMERG,WA008,2008,"{""type"":""Point"",""coordinates"":[-13.67,9.53]}"
20080901000000_8,9,14.715164184570312,GPM_IMERG,WA009,2008,"{""type"":""Point"",""coordinates"":[-13.230000000000002,8.489999999999998]}"
20080901000000_9,9,16.602237701416016,GPM_IMERG,WA010,2008,"{""type"":""Point"",""coordinates"":[-10.799999999999999,6.3]}"
20080901000000_10,9,4.049552440643311,GPM_IMERG,WA011,2008,"{""type"":""Point"",""coordinates"":[1.22,6.130000000000001]}"
20080901000000_11,9,5.520071506500244,GPM_IMERG,WA012,2008,"{""type"":""Point"",""coordinates"":[2.42,6.37]}"
20080901000000_12,9,3.711613178253174,GPM_IMERG,WA013,2008,"{""type"":""Point"",""coordinates"":[8.52,12.05]}"
20080901000000_13,9,6.25219202041626,GPM_IMERG,WA014,2008,"{""type"":""Point"",""coordinates"":[-1.62,6.69]}"
20080901000000_14,9,7.6860575675964355,GPM_IMERG,WA015,2008,"{""type"":""Point"",""coordinates"":[-16.680000000000003,13.45]}"
,9,0.74814,GPM_IMERG,WA016,2008,
20081001000000_0,10,1.235357403755188,GPM_IMERG,WA001,2008,"{""type"":""Point"",""coordinates"":[-17.470000000000002,14.73]}"
20081001000000_1,10,5.131428718566895,GPM_IMERG,WA002,2008,"{""type"":""Point"",""coordinates"":[-7.949999999999998,12.65]}"
20081001000000_2,10,1.3868950605392456,GPM_IMERG,WA003,2008,"{""type"":""Point"",""coordinates"":[-1.5200000000000002,12.360000000000001]}"
20081001000000_3,10,0.1779529899358749,GPM_IMERG,WA004,2008,"{""type"":""Point"",""coordinates"":[2.17,13.51]}"
20081001000000_4,10,2.9300854206085205,GPM_IMERG,WA005,2008,"{""type"":""Point"",""coordinates"":[7.33,9.07]}"
20081001000000_5,10,3.176927089691162,GPM_IMERG,WA006,2008,"{""type"":""Point"",""coordinates"":[-0.17,5.56]}"
20081001000000_6,10,3.271493911743164,GPM_IMERG,WA007,2008,"{""type"":""Point"",""coordinates"":[-3.9299999999999997,5.349999999999999]}"
20081001000000_7,10,7.712281227111816,GPM_IMERG,WA008,2008,"{""type"":""Point"",""coordinates"":[-13.67,9.53]}"
20081001000000_8,10,8.294139862060547,GPM_IMERG,WA009,2008,"{""type"":""Point"",""coordinates"":[-13.230000000000002,8.489999999999998]}"
20081001000000_9,10,11.351067543029783,GPM_IMERG,WA010,2008,"{""type"":""Point"",""coordinates"":[-10.799999999999999,6.3]}"
20081001000000_10,10,3.61364221572876,GPM_IMERG,WA011,2008,"{""type"":""Point"",""coordinates"":[1.22,6.130000000000001]}"
20081001000000_11,10,5.1484856605529785,GPM_IMERG,WA012,2008,"{""type"":""Point"",""coordinates"":[2.42,6.37]}"
20081001000000_12,10,0.248777374625206,GPM_IMERG,WA013,2008,"{""type"":""Point"",""coordinates"":[8.52,12.05]}"
20081001000000_13,10,5.898765563964844,GPM_IMERG,WA014,2008,"{""type"":""Point"",""coordinates"":[-1.62,6.69]}"
20081001000000_14,10,3.857560396194458,GPM_IMERG,WA015,2008,"{""type"":""Point"",""coordinates"":[-16.680000000000003,13.45]}"
,10,0.094860844,GPM_IMERG,WA016,2008,
20081101000000_0,11,0.0345047712326049,GPM_IMERG,WA001,2008,"{""type"":""Point"",""coordinates"":[-17.470000000000002,14.73]}"
20081101000000_1,11,0.0694726109504699,GPM_IMERG,WA002,2008,"{""type"":""Point"",""coordinates"":[-7.949999999999998,12.65]}"
20081101000000_2,11,0.0022497770842164,GPM_IMERG,WA003,2008,"{""type"":""Point"",""coordinates"":[-1.5200000000000002,12.360000000000001]}"
20081101000000_3,11,0.0,GPM_IMERG,WA004,2008,"{""type"":""Point"",""coordinates"":[2.17,13.51]}"
20081101000000_4,11,0.1001176610589027,GPM_IMERG,WA005,2008,"{""type"":""Point"",""coordinates"":[7.33,9.07]}"
20081101000000_5,11,2.5863921642303467,GPM_IMERG,WA006,2008,"{""type"":""Point"",""coordinates"":[-0.17,5.56]}"
20081101000000_6,11,3.975977659225464,GPM_IMERG,WA007,2008,"{""type"":""Point"",""coordinates"":[-3.9299999999999997,5.349999999999999]}"
20081101000000_7,11,0.473400741815567,GPM_IMERG,WA008,2008,"{""type"":""Point"",""coordinates"":[-13.67,9.53]}"
20081101000000_8,11,1.7454876899719238,GPM_IMERG,WA009,2008,"{""type"":""Point"",""coordinates"":[-13.230000000000002,8.489999999999998]}"
20081101000000_9,11,3.01541519165039,GPM_IMERG,WA010,2008,"{""type"":""Point"",""coordinates"":[-10.799999999999999,6.3]}"
20081101000000_10,11,0.944420039653778,GPM_IMERG,WA011,2008,"{""type"":""Point"",""coordinates"":[1.22,6.130000000000001]}"
20081101000000_11,11,0.8434432148933411,GPM_IMERG,WA012,2008,"{""type"":""Point"",""coordinates"":[2.42,6.37]}"
20081101000000_12,11,0.0384308546781539,GPM_IMERG,WA013,2008,"{""type"":""Point"",""coordinates"":[8.52,12.05]}"
20081101000000_13,11,1.404545783996582,GPM_IMERG,WA014,2008,"{""type"":""Point"",""coordinates"":[-1.62,6.69]}"
20081101000000_14,11,0.0334569029510021,GPM_IMERG,WA015,2008,"{""type"":""Point"",""coordinates"":[-16.680000000000003,13.45]}"
,11,0.0015987622,GPM_IMERG,WA016,2008,
20081201000000_0,12,0.0450095348060131,GPM_IMERG,WA001,2008,"{""type"":""Point"",""coordinates"":[-17.470000000000002,14.73]}"
20081201000000_1,12,0.0065668835304677,GPM_IMERG,WA002,2008,"{""type"":""Point"",""coordinates"":[-7.949999999999998,12.65]}"
20081201000000_2,12,0.0044995541684329,GPM_IMERG,WA003,2008,"{""type"":""Point"",""coordinates"":[-1.5200000000000002,12.360000000000001]}"
20081201000000_3,12,0.0,GPM_IMERG,WA004,2008,"{""type"":""Point"",""coordinates"":[2.17,13.51]}"
20081201000000_4,12,0.1987437903881073,GPM_IMERG,WA005,2008,"{""type"":""Point"",""coordinates"":[7.33,9.07]}"
20081201000000_5,12,2.2145473957061768,GPM_IMERG,WA006,2008,"{""type"":""Point"",""coordinates"":[-0.17,5.56]}"
20081201000000_6,12,2.6874449253082275,GPM_IMERG,WA007,2008,"{""type"":""Point"",""coordinates"":[-3.9299999999999997,5.349999999999999]}"
20081201000000_7,12,0.044061254709959,GPM_IMERG,WA008,2008,"{""type"":""Point"",""coordinates"":[-13.67,9.53]}"
20081201000000_8,12,0.6020469069480896,GPM_IMERG,WA009,2008,"{""type"":""Point"",""coordinates"":[-13.230000000000002,8.489999999999998]}"
20081201000000_9,12,1.484794855117798,GPM_IMERG,WA010,2008,"{""type"":""Point"",""coordinates"":[-10.799999999999999,6.3]}"
20081201000000_10,12,1.6270945072174072,GPM_IMERG,WA011,2008,"{""type"":""Point"",""coordinates"":[1.22,6.130000000000001]}"
20081201000000_11,12,0.8200275301933289,GPM_IMERG,WA012,2008,"{""type"":""Point"",""coordinates"":[2.42,6.37]}"
20081201000000_12,12,0.0486230589449405,GPM_IMERG,WA013,2008,"{""type"":""Point"",""coordinates"":[8.52,12.05]}"
20081201000000_13,12,2.696274757385254,GPM_IMERG,WA014,2008,"{""type"":""Point"",""coordinates"":[-1.62,6.69]}"
20081201000000_14,12,0.0014082533307373,GPM_IMERG,WA015,2008,"{""type"":""Point"",""coordinates"":[-16.680000000000003,13.45]}"
,12,0.021756535,GPM_IMERG,WA016,2008,
20090101000000_0,1,0.0037476157303899,GPM_IMERG,WA001,2009,"{""type"":""Point"",""coordinates"":[-17.470000000000002,14.73]}"
20090101000000_1,1,0.0,GPM_IMERG,WA002,2009,"{""type"":""Point"",""coordinates"":[-7.949999999999998,12.65]}"
20090101000000_2,1,0.0022497770842164,GPM_IMERG,WA003,2009,"{""type"":""Point"",""coordinates"":[-1.5200000000000002,12.360000000000001]}"
20090101000000_3,1,0.0,GPM_IMERG,WA004,2009,"{""type"":""Point"",""coordinates"":[2.17,13.51]}"
20090101000000_4,1,0.3232460021972656,GPM_IMERG,WA005,2009,"{""type"":""Point"",""coordinates"":[7.33,9.07]}"
20090101000000_5,1,0.4119167923927307,GPM_IMERG,WA006,2009,"{""type"":""Point"",""coordinates"":[-0.17,5.56]}"
20090101000000_6,1,0.4382604658603668,GPM_IMERG,WA007,2009,"{""type"":""Point"",""coordinates"":[-3.9299999999999997,5.349999999999999]}"
20090101000000_7,1,0.0256851073354482,GPM_IMERG,WA008,2009,"{""type"":""Point"",""coordinates"":[-13.67,9.53]}"
20090101000000_8,1,0.0765172019600868,GPM_IMERG,WA009,2009,"{""type"":""Point"",""coordinates"":[-13.230000000000002,8.489999999999998]}"
20090101000000_9,1,1.511540770530701,GPM_IMERG,WA010,2009,"{""type"":""Point"",""coordinates"":[-10.799999999999999,6.3]}"
20090101000000_10,1,0.136501058936119,GPM_IMERG,WA011,2009,"{""type"":""Point"",""coordinates"":[1.22,6.130000000000001]}"
20090101000000_11,1,0.1034023240208625,GPM_IMERG,WA012,2009,"{""type"":""Point"",""coordinates"":[2.42,6.37]}"
20090101000000_12,1,0.0,GPM_IMERG,WA013,2009,"{""type"":""Point"",""coordinates"":[8.52,12.05]}"
20090101000000_13,1,0.4022354483604431,GPM_IMERG,WA014,2009,"{""type"":""Point"",""coordinates"":[-1.62,6.69]}"
20090101000000_14,1,0.0050601083785295,GPM_IMERG,WA015,2009,"{""type"":""Point"",""coordinates"":[-16.680000000000003,13.45]}"
,1,0.0,GPM_IMERG,WA016,2009,
20090201000000_0,2,0.0405047684907913,GPM_IMERG,WA001,2009,"{""type"":""Point"",""coordinates"":[-17.470000000000002,14.73]}"
20090201000000_1,2,0.0317897200584411,GPM_IMERG,WA002,2009,"{""type"":""Point"",""coordinates"":[-7.949999999999998,12.65]}"
20090201000000_2,2,0.0956193059682846,GPM_IMERG,WA003,2009,"{""type"":""Point"",""coordinates"":[-1.5200000000000002,12.360000000000001]}"
20090201000000_3,2,0.0,GPM_IMERG,WA004,2009,"{""type"":""Point"",""coordinates"":[2.17,13.51]}"
20090201000000_4,2,0.1334970146417617,GPM_IMERG,WA005,2009,"{""type"":""Point"",""coordinates"":[7.33,9.07]}"
20090201000000_5,2,2.26922869682312,GPM_IMERG,WA006,2009,"{""type"":""Point"",""coordinates"":[-0.17,5.56]}"
20090201000000_6,2,3.4393389225006104,GPM_IMERG,WA007,2009,"{""type"":""Point"",""coordinates"":[-3.9299999999999997,5.349999999999999]}"
20090201000000_7,2,0.0687233433127403,GPM_IMERG,WA008,2009,"{""type"":""Point"",""coordinates"":[-13.67,9.53]}"
20090201000000_8,2,0.1273798942565918,GPM_IMERG,WA009,2009,"{""type"":""Point"",""coordinates"":[-13.230000000000002,8.489999999999998]}"
20090201000000_9,2,0.4701695740222931,GPM_IMERG,WA010,2009,"{""type"":""Point"",""coordinates"":[-10.799999999999999,6.3]}"
20090201000000_10,2,1.9508497714996336,GPM_IMERG,WA011,2009,"{""type"":""Point"",""coordinates"":[1.22,6.130000000000001]}"
20090201000000_11,2,1.3776565790176392,GPM_IMERG,WA012,2009,"{""type"":""Point"",""coordinates"":[2.42,6.37]}"
20090201000000_12,2,0.0078683625906705,GPM_IMERG,WA013,2009,"{""type"":""Point"",""coordinates"":[8.52,12.05]}"
20090201000000_13,2,4.163305759429932,GPM_IMERG,WA014,2009,"{""type"":""Point"",""coordinates"":[-1.62,6.69]}"
20090201000000_14,2,0.0112660266458988,GPM_IMERG,WA015,2009,"{""type"":""Point"",""coordinates"":[-16.680000000000003,13.45]}"
,2,0.0006586996,GPM_IMERG,WA016,2009,
20090301000000_0,3,0.063009537756443,GPM_IMERG,WA001,2009,"{""type"":""Point"",""coordinates"":[-17.470000000000002,14.73]}"
20090301000000_1,3,0.2333546429872512,GPM_IMERG,WA002,2009,"{""type"":""Point"",""coordinates"":[-7.949999999999998,12.65]}"
20090301000000_2,3,0.1452288478612899,GPM_IMERG,WA003,2009,"{""type"":""Point"",""coordinates"":[-1.5200000000000002,12.360000000000001]}"
20090301000000_3,3,0.0,GPM_IMERG,WA004,2009,"{""type"":""Point"",""coordinates"":[2.17,13.51]}"
20090301000000_4,3,0.090375892817974,GPM_IMERG,WA005,2009,"{""type"":""Point"",""coordinates"":[7.33,9.07]}"
20090301000000_5,3,2.3392372131347656,GPM_IMERG,WA006,2009,"{""type"":""Point"",""coordinates"":[-0.17,5.56]}"
20090301000000_6,3,3.441208600997925,GPM_IMERG,WA007,2009,"{""type"":""Point"",""coordinates"":[-3.9299999999999997,5.349999999999999]}"
20090301000000_7,3,0.0332670919597148,GPM_IMERG,WA008,2009,"{""type"":""Point"",""coordinates"":[-13.67,9.53]}"
20090301000000_8,3,0.2175963968038559,GPM_IMERG,WA009,2009,"{""type"":""Point"",""coordinates"":[-13.230000000000002,8.489999999999998]}"
20090301000000_9,3,0.640298068523407,GPM_IMERG,WA010,2009,"{""type"":""Point"",""coordinates"":[-10.799999999999999,6.3]}"
20090301000000_10,3,2.23128342628479,GPM_IMERG,WA011,2009,"{""type"":""Point"",""coordinates"":[1.22,6.130000000000001]}"
20090301000000_11,3,1.5055605173110962,GPM_IMERG,WA012,2009,"{""type"":""Point"",""coordinates"":[2.42,6.37]}"
20090301000000_12,3,0.0127454884350299,GPM_IMERG,WA013,2009,"{""type"":""Point"",""coordinates"":[8.52,12.05]}"
20090301000000_13,3,4.784364223480225,GPM_IMERG,WA014,2009,"{""type"":""Point"",""coordinates"":[-1.62,6.69]}"
20090301000000_14,3,0.0,GPM_IMERG,WA015,2009,"{""type"":""Point"",""coordinates"":[-16.680000000000003,13.45]}"
,3,0.06028603,GPM_IMERG,WA016,2009,
20090401000000_0,4,0.0322523862123489,GPM_IMERG,WA001,2009,"{""type"":""Point"",""coordinates"":[-17.470000000000002,14.73]}"
20090401000000_1,4,0.0741535723209381,GPM_IMERG,WA002,2009,"{""type"":""Point"",""coordinates"":[-7.949999999999998,12.65]}"
20090401000000_2,4,0.4151583313941955,GPM_IMERG,WA003,2009,"{""type"":""Point"",""coordinates"":[-1.5200000000000002,12.360000000000001]}"
20090401000000_3,4,0.2089757770299911,GPM_IMERG,WA004,2009,"{""type"":""Point"",""coordinates"":[2.17,13.51]}"
20090401000000_4,4,4.511571407318115,GPM_IMERG,WA005,2009,"{""type"":""Point"",""coordinates"":[7.33,9.07]}"
20090401000000_5,4,4.2584381103515625,GPM_IMERG,WA006,2009,"{""type"":""Point"",""coordinates"":[-0.17,5.56]}"
20090401000000_6,4,3.8834173679351807,GPM_IMERG,WA007,2009,"{""type"":""Point"",""coordinates"":[-3.9299999999999997,5.349999999999999]}"
20090401000000_7,4,0.125804141163826,GPM_IMERG,WA008,2009,"{""type"":""Point"",""coordinates"":[-13.67,9.53]}"
20090401000000_8,4,0.3777324557304382,GPM_IMERG,WA009,2009,"{""type"":""Point"",""coordinates"":[-13.230000000000002,8.489999999999998]}"
20090401000000_9,4,1.5889474153518677,GPM_IMERG,WA010,2009,"{""type"":""Point"",""coordinates"":[-10.799999999999999,6.3]}"
20090401000000_10,4,4.782546520233154,GPM_IMERG,WA011,2009,"{""type"":""Point"",""coordinates"":[1.22,6.130000000000001]}"
20090401000000_11,4,5.240344524383545,GPM_IMERG,WA012,2009,"{""type"":""Point"",""coordinates"":[2.42,6.37]}"
20090401000000_12,4,0.1455868333578109,GPM_IMERG,WA013,2009,"{""type"":""Point"",""coordinates"":[8.52,12.05]}"
20090401000000_13,4,5.060704231262207,GPM_IMERG,WA014,2009,"{""type"":""Point"",""coordinates"":[-1.62,6.69]}"
20090401000000_14,4,0.0,GPM_IMERG,WA015,2009,"{""type"":""Point"",""coordinates"":[-16.680000000000003,13.45]}"
,4,0.024,GPM_IMERG,WA016,2009,
20090501000000_0,5,0.0434761568903923,GPM_IMERG,WA001,2009,"{""type"":""Point"",""coordinates"":[-17.470000000000002,14.73]}"
20090501000000_1,5,1.7873075008392334,GPM_IMERG,WA002,2009,"{""type"":""Point"",""coordinates"":[-7.949999999999998,12.65]}"
20090501000000_2,5,1.1497762203216553,GPM_IMERG,WA003,2009,"{""type"":""Point"",""coordinates"":[-1.5200000000000002,12.360000000000001]}"
20090501000000_3,5,0.4664754271507263,GPM_IMERG,WA004,2009,"{""type"":""Point"",""coordinates"":[2.17,13.51]}"
20090501000000_4,5,5.345808982849121,GPM_IMERG,WA005,2009,"{""type"":""Point"",""coordinates"":[7.33,9.07]}"
20090501000000_5,5,4.356677055358887,GPM_IMERG,WA006,2009,"{""type"":""Point"",""coordinates"":[-0.17,5.56]}"
20090501000000_6,5,7.727707862854004,GPM_IMERG,WA007,2009,"{""type"":""Point"",""coordinates"":[-3.9299999999999997,5.349999999999999]}"
20090501000000_7,5,1.389230251312256,GPM_IMERG,WA008,2009,"{""type"":""Point"",""coordinates"":[-13.67,9.53]}"
20090501000000_8,5,1.8460367918014529,GPM_IMERG,WA009,2009,"{""type"":""Point"",""coordinates"":[-13.230000000000002,8.489999999999998]}"
20090501000000_9,5,4.493220329284668,GPM_IMERG,WA010,2009,"{""type"":""Point"",""coordinates"":[-10.799999999999999,6.3]}"
20090501000000_10,5,5.198136806488037,GPM_IMERG,WA011,2009,"{""type"":""Point"",""coordinates"":[1.22,6.130000000000001]}"
20090501000000_11,5,6.130380153656006,GPM_IMERG,WA012,2009,"{""type"":""Point"",""coordinates"":[2.42,6.37]}"
20090501000000_12,5,1.5445268154144287,GPM_IMERG,WA013,2009,"{""type"":""Point"",""coordinates"":[8.52,12.05]}"
20090501000000_13,5,5.55141544342041,GPM_IMERG,WA014,2009,"{""type"":""Point"",""coordinates"":[-1.62,6.69]}"
20090501000000_14,5,0.0324321053922176,GPM_IMERG,WA015,2009,"{""type"":""Point"",""coordinates"":[-16.680000000000003,13.45]}"
,5,0.022495026,GPM_IMERG,WA016,2009,
20090601000000_0,6,0.3262523710727691,GPM_IMERG,WA001,2009,"{""type"":""Point"",""coordinates"":[-17.470000000000002,14.73]}"
20090601000000_1,6,2.908811330795288,GPM_IMERG,WA002,2009,"{""type"":""Point"",""coordinates"":[-7.949999999999998,12.65]}"
20090601000000_2,6,4.204378604888916,GPM_IMERG,WA003,2009,"{""type"":""Point"",""coordinates"":[-1.5200000000000002,12.360000000000001]}"
20090601000000_3,6,1.7303889989852903,GPM_IMERG,WA004,2009,"{""type"":""Point"",""coordinates"":[2.17,13.51]}"
20090601000000_4,6,6.055679321289063,GPM_IMERG,WA005,2009,"{""type"":""Point"",""coordinates"":[7.33,9.07]}"
20090601000000_5,6,10.624626159667969,GPM_IMERG,WA006,2009,"{""type"":""Point"",""coordinates"":[-0.17,5.56]}"
20090601000000_6,6,14.735513687133787,GPM_IMERG,WA007,2009,"{""type"":""Point"",""coordinates"":[-3.9299999999999997,5.349999999999999]}"
20090601000000_7,6,10.986679077148438,GPM_IMERG,WA008,2009,"{""type"":""Point"",""coordinates"":[-13.67,9.53]}"
20090601000000_8,6,12.202412605285645,GPM_IMERG,WA009,2009,"{""type"":""Point"",""coordinates"":[-13.230000000000002,8.489999999999998]}"
20090601000000_9,6,20.1944580078125,GPM_IMERG,WA010,2009,"{""type"":""Point"",""coordinates"":[-10.799999999999999,6.3]}"
20090601000000_10,6,10.054864883422852,GPM_IMERG,WA011,2009,"{""type"":""Point"",""coordinates"":[1.22,6.130000000000001]}"
20090601000000_11,6,14.56014633178711,GPM_IMERG,WA012,2009,"{""type"":""Point"",""coordinates"":[2.42,6.37]}"
20090601000000_12,6,3.055618524551392,GPM_IMERG,WA013,2009,"{""type"":""Point"",""coordinates"":[8.52,12.05]}"
20090601000000_13,6,11.778596878051758,GPM_IMERG,WA014,2009,"{""type"":""Point"",""coordinates"":[-1.62,6.69]}"
20090601000000_14,6,1.4516363143920898,GPM_IMERG,WA015,2009,"{""type"":""Point"",""coordinates"":[-16.680000000000003,13.45]}"
,6,0.38446084,GPM_IMERG,WA016,2009,
20090701000000_0,7,3.3000195026397705,GPM_IMERG,WA001,2009,"{""type"":""Point"",""coordinates"":[-17.470000000000002,14.73]}"
20090701000000_1,7,5.764217853546143,GPM_IMERG,WA002,2009,"{""type"":""Point"",""coordinates"":[-7.949999999999998,12.65]}"
20090701000000_2,7,5.422510147094727,GPM_IMERG,WA003,2009,"{""type"":""Point"",""coordinates"":[-1.5200000000000002,12.360000000000001]}"
20090701000000_3,7,4.423060417175293,GPM_IMERG,WA004,2009,"{""type"":""Point"",""coordinates"":[2.17,13.51]}"
20090701000000_4,7,5.683236122131348,GPM_IMERG,WA005,2009,"{""type"":""Point"",""coordinates"":[7.33,9.07]}"
20090701000000_5,7,3.765512704849243,GPM_IMERG,WA006,2009,"{""type"":""Point"",""coordinates"":[-0.17,5.56]}"
20090701000000_6,7,5.8512067794799805,GPM_IMERG,WA007,2009,"{""type"":""Point"",""coordinates"":[-3.9299999999999997,5.349999999999999]}"
20090701000000_7,7,17.17868995666504,GPM_IMERG,WA008,2009,"{""type"":""Point"",""coordinates"":[-13.67,9.53]}"
20090701000000_8,7,16.72531509399414,GPM_IMERG,WA009,2009,"{""type"":""Point"",""coordinates"":[-13.230000000000002,8.489999999999998]}"
20090701000000_9,7,10.971811294555664,GPM_IMERG,WA010,2009,"{""type"":""Point"",""coordinates"":[-10.799999999999999,6.3]}"
20090701000000_10,7,4.100338459014893,GPM_IMERG,WA011,2009,"{""type"":""Point"",""coordinates"":[1.22,6.130000000000001]}"
20090701000000_11,7,5.658873558044434,GPM_IMERG,WA012,2009,"{""type"":""Point"",""coordinates"":[2.42,6.37]}"
20090701000000_12,7,9.76138401031494,GPM_IMERG,WA013,2009,"{""type"":""Point"",""coordinates"":[8.52,12.05]}"
20090701000000_13,7,8.028046607971191,GPM_IMERG,WA014,2009,"{""type"":""Point"",""coordinates"":[-1.62,6.69]}"
20090701000000_14,7,6.823661804199219,GPM_IMERG,WA015,2009,"{""type"":""Point"",""coordinates"":[-16.680000000000003,13.45]}"
,7,0.8616034,GPM_IMERG,WA016,2009,
20090801000000_0,8,7.189960479736328,GPM_IMERG,WA001,2009,"{""type"":""Point"",""coordinates"":[-17.470000000000002,14.73]}"
20090801000000_1,8,6.283685207366943,GPM_IMERG,WA002,2009,"{""type"":""Point"",""coordinates"":[-7.949999999999998,12.65]}"
20090801000000_2,8,8.344043731689453,GPM_IMERG,WA003,2009,"{""type"":""Point"",""coordinates"":[-1.5200000000000002,12.360000000000001]}"
20090801000000_3,8,6.073132038116455,GPM_IMERG,WA004,2009,"{""type"":""Point"",""coordinates"":[2.17,13.51]}"
20090801000000_4,8,13.666433334350586,GPM_IMERG,WA005,2009,"{""type"":""Point"",""coordinates"":[7.33,9.07]}"
20090801000000_5,8,1.1420167684555054,GPM_IMERG,WA006,2009,"{""type"":""Point"",""coordinates"":[-0.17,5.56]}"
20090801000000_6,8,1.4869394302368164,GPM_IMERG,WA007,2009,"{""type"":""Point"",""coordinates"":[-3.9299999999999997,5.349999999999999]}"
20090801000000_7,8,15.614129066467283,GPM_IMERG,WA008,2009,"{""type"":""Point"",""coordinates"":[-13.67,9.53]}"
20090801000000_8,8,15.817289352416992,GPM_IMERG,WA009,2009,"{""type"":""Point"",""coordinates"":[-13.230000000000002,8.489999999999998]}"
20090801000000_9,8,6.780643463134766,GPM_IMERG,WA010,2009,"{""type"":""Point"",""coordinates"":[-10.799999999999999,6.3]}"
20090801000000_10,8,2.105198621749878,GPM_IMERG,WA011,2009,"{""type"":""Point"",""coordinates"":[1.22,6.130000000000001]}"
20090801000000_11,8,0.9587298631668092,GPM_IMERG,WA012,2009,"{""type"":""Point"",""coordinates"":[2.42,6.37]}"
20090801000000_12,8,10.040771484375,GPM_IMERG,WA013,2009,"{""type"":""Point"",""coordinates"":[8.52,12.05]}"
20090801000000_13,8,1.1155638694763184,GPM_IMERG,WA014,2009,"{""type"":""Point"",""coordinates"":[-1.62,6.69]}"
20090801000000_14,8,18.119422912597656,GPM_IMERG,WA015,2009,"{""type"":""Point"",""coordinates"":[-16.680000000000003,13.45]}"
,8,2.7700305,GPM_IMERG,WA016,2009,
20090901000000_0,9,5.767833232879639,GPM_IMERG,WA001,2009,"{""type"":""Point"",""coordinates"":[-17.470000000000002,14.73]}"
20090901000000_1,9,12.187780380249023,GPM_IMERG,WA002,2009,"{""type"":""Point"",""coordinates"":[-7.949999999999998,12.65]}"
20090901000000_2,9,8.129974365234375,GPM_IMERG,WA003,2009,"{""type"":""Point"",""coordinates"":[-1.5200000000000002,12.360000000000001]}"
20090901000000_3,9,2.861703634262085,GPM_IMERG,WA004,2009,"{""type"":""Point"",""coordinates"":[2.17,13.51]}"
20090901000000_4,9,7.712154865264893,GPM_IMERG,WA005,2009,"{""type"":""Point"",""coordinates"":[7.33,9.07]}"
20090901000000_5,9,1.2174127101898191,GPM_IMERG,WA006,2009,"{""type"":""Point"",""coordinates"":[-0.17,5.56]}"
20090901000000_6,9,0.9700279235839844,GPM_IMERG,WA007,2009,"{""type"":""Point"",""coordinates"":[-3.9299999999999997,5.349999999999999]}"
20090901000000_7,9,19.87535858154297,GPM_IMERG,WA008,2009,"{""type"":""Point"",""coordinates"":[-13.67,9.53]}"
20090901000000_8,9,12.230657577514648,GPM_IMERG,WA009,2009,"{""type"":""Point"",""coordinates"":[-13.230000000000002,8.489999999999998]}"
20090901000000_9,9,5.797444820404053,GPM_IMERG,WA010,2009,"{""type"":""Point"",""coordinates"":[-10.799999999999999,6.3]}"
20090901000000_10,9,1.7227097749710083,GPM_IMERG,WA011,2009,"{""type"":""Point"",""coordinates"":[1.22,6.130000000000001]}"
20090901000000_11,9,1.742528200149536,GPM_IMERG,WA012,2009,"{""type"":""Point"",""coordinates"":[2.42,6.37]}"
20090901000000_12,9,3.92232084274292,GPM_IMERG,WA013,2009,"{""type"":""Point"",""coordinates"":[8.52,12.05]}"
20090901000000_13,9,2.9185585975646973,GPM_IMERG,WA014,2009,"{""type"":""Point"",""coordinates"":[-1.62,6.69]}"
20090901000000_14,9,9.387941360473633,GPM_IMERG,WA015,2009,"{""type"":""Point"",""coordinates"":[-16.680000000000003,13.45]}"
,9,3.099211,GPM_IMERG,WA016,2009,
20091001000000_0,10,0.7216097116470337,GPM_IMERG,WA001,2009,"{""type"":""Point"",""coordinates"":[-17.470000000000002,14.73]}"
20091001000000_1,10,2.368433713912964,GPM_IMERG,WA002,2009,"{""type"":""Point"",""coordinates"":[-7.949999999999998,12.65]}"
20091001000000_2,10,1.0731074810028076,GPM_IMERG,WA003,2009,"{""type"":""Point"",""coordinates"":[-1.5200000000000002,12.360000000000001]}"
20091001000000_3,10,1.0473814010620115,GPM_IMERG,WA004,2009,"{""type"":""Point"",""coordinates"":[2.17,13.51]}"
20091001000000_4,10,6.870806694030762,GPM_IMERG,WA005,2009,"{""type"":""Point"",""coordinates"":[7.33,9.07]}"
20091001000000_5,10,2.085575819015503,GPM_IMERG,WA006,2009,"{""type"":""Point"",""coordinates"":[-0.17,5.56]}"
20091001000000_6,10,1.978050112724304,GPM_IMERG,WA007,2009,"{""type"":""Point"",""coordinates"":[-3.9299999999999997,5.349999999999999]}"
20091001000000_7,10,3.570395231246948,GPM_IMERG,WA008,2009,"{""type"":""Point"",""coordinates"":[-13.67,9.53]}"
20091001000000_8,10,4.394948482513428,GPM_IMERG,WA009,2009,"{""type"":""Point"",""coordinates"":[-13.230000000000002,8.489999999999998]}"
20091001000000_9,10,7.671727657318115,GPM_IMERG,WA010,2009,"{""type"":""Point"",""coordinates"":[-10.799999999999999,6.3]}"
20091001000000_10,10,2.3777432441711426,GPM_IMERG,WA011,2009,"{""type"":""Point"",""coordinates"":[1.22,6.130000000000001]}"
20091001000000_11,10,4.135402202606201,GPM_IMERG,WA012,2009,"{""type"":""Point"",""coordinates"":[2.42,6.37]}"
20091001000000_12,10,0.6267415881156921,GPM_IMERG,WA013,2009,"{""type"":""Point"",""coordinates"":[8.52,12.05]}"
20091001000000_13,10,4.968185424804688,GPM_IMERG,WA014,2009,"{""type"":""Point"",""coordinates"":[-1.62,6.69]}"
20091001000000_14,10,0.9744310975074768,GPM_IMERG,WA015,2009,"{""type"":""Point"",""coordinates"":[-16.680000000000003,13.45]}"
,10,0.046504356,GPM_IMERG,WA016,2009,
20091101000000_0,11,0.0982714667916297,GPM_IMERG,WA001,2009,"{""type"":""Point"",""coordinates"":[-17.470000000000002,14.73]}"
20091101000000_1,11,0.3862524032592773,GPM_IMERG,WA002,2009,"{""type"":""Point"",""coordinates"":[-7.949999999999998,12.65]}"
20091101000000_2,11,0.0139647237956523,GPM_IMERG,WA003,2009,"{""type"":""Point"",""coordinates"":[-1.5200000000000002,12.360000000000001]}"
20091101000000_3,11,0.0,GPM_IMERG,WA004,2009,"{""type"":""Point"",""coordinates"":[2.17,13.51]}"
20091101000000_4,11,1.8679049015045168,GPM_IMERG,WA005,2009,"{""type"":""Point"",""coordinates"":[7.33,9.07]}"
20091101000000_5,11,1.1553339958190918,GPM_IMERG,WA006,2009,"{""type"":""Point"",""coordinates"":[-0.17,5.56]}"
20091101000000_6,11,2.916067600250244,GPM_IMERG,WA007,2009,"{""type"":""Point"",""coordinates"":[-3.9299999999999997,5.349999999999999]}"
20091101000000_7,11,2.4411051273345947,GPM_IMERG,WA008,2009,"{""type"":""Point"",""coordinates"":[-13.67,9.53]}"
20091101000000_8,11,2.952166557312012,GPM_IMERG,WA009,2009,"{""type"":""Point"",""coordinates"":[-13.230000000000002,8.489999999999998]}"
20091101000000_9,11,6.4315505027771,GPM_IMERG,WA010,2009,"{""type"":""Point"",""coordinates"":[-10.799999999999999,6.3]}"
20091101000000_10,11,1.0349173545837402,GPM_IMERG,WA011,2009,"{""type"":""Point"",""coordinates"":[1.22,6.130000000000001]}"
20091101000000_11,11,0.9631052613258362,GPM_IMERG,WA012,2009,"{""type"":""Point"",""coordinates"":[2.42,6.37]}"
20091101000000_12,11,0.045814823359251,GPM_IMERG,WA013,2009,"{""type"":""Point"",""coordinates"":[8.52,12.05]}"
20091101000000_13,11,3.21671462059021,GPM_IMERG,WA014,2009,"{""type"":""Point"",""coordinates"":[-1.62,6.69]}"
20091101000000_14,11,0.1554174721240997,GPM_IMERG,WA015,2009,"{""type"":""Point"",""coordinates"":[-16.680000000000003,13.45]}"
,11,0.077247515,GPM_IMERG,WA016,2009,
20091201000000_0,12,0.2625810801982879,GPM_IMERG,WA001,2009,"{""type"":""Point"",""coordinates"":[-17.470000000000002,14.73]}"
20091201000000_1,12,0.0,GPM_IMERG,WA002,2009,"{""type"":""Point"",""coordinates"":[-7.949999999999998,12.65]}"
20091201000000_2,12,0.0,GPM_IMERG,WA003,2009,"{""type"":""Point"",""coordinates"":[-1.5200000000000002,12.360000000000001]}"
20091201000000_3,12,0.0,GPM_IMERG,WA004,2009,"{""type"":""Point"",""coordinates"":[2.17,13.51]}"
20091201000000_4,12,0.0258721336722373,GPM_IMERG,WA005,2009,"{""type"":""Point"",""coordinates"":[7.33,9.07]}"
20091201000000_5,12,0.951641321182251,GPM_IMERG,WA006,2009,"{""type"":""Point"",""coordinates"":[-0.17,5.56]}"
20091201000000_6,12,1.038164734840393,GPM_IMERG,WA007,2009,"{""type"":""Point"",""coordinates"":[-3.9299999999999997,5.349999999999999]}"
20091201000000_7,12,0.0492097996175289,GPM_IMERG,WA008,2009,"{""type"":""Point"",""coordinates"":[-13.67,9.53]}"
20091201000000_8,12,0.2697551846504211,GPM_IMERG,WA009,2009,"{""type"":""Point"",""coordinates"":[-13.230000000000002,8.489999999999998]}"
20091201000000_9,12,0.6542962789535522,GPM_IMERG,WA010,2009,"{""type"":""Point"",""coordinates"":[-10.799999999999999,6.3]}"
20091201000000_10,12,0.3291581869125366,GPM_IMERG,WA011,2009,"{""type"":""Point"",""coordinates"":[1.22,6.130000000000001]}"
20091201000000_11,12,0.1222530752420425,GPM_IMERG,WA012,2009,"{""type"":""Point"",""coordinates"":[2.42,6.37]}"
20091201000000_12,12,0.0,GPM_IMERG,WA013,2009,"{""type"":""Point"",""coordinates"":[8.52,12.05]}"
20091201000000_13,12,1.254853367805481,GPM_IMERG,WA014,2009,"{""type"":""Point"",""coordinates"":[-1.62,6.69]}"
20091201000000_14,12,0.0324495211243629,GPM_IMERG,WA015,2009,"{""type"":""Point"",""coordinates"":[-16.680000000000003,13.45]}"
,12,0.04660281,GPM_IMERG,WA016,2009,
20100101000000_0,1,0.0179999992251396,GPM_IMERG,WA001,2010,"{""type"":""Point"",""coordinates"":[-17.470000000000002,14.73]}"
20100101000000_1,1,0.0552323572337627,GPM_IMERG,WA002,2010,"{""type"":""Point"",""coordinates"":[-7.949999999999998,12.65]}"
20100101000000_2,1,0.0068443031050264,GPM_IMERG,WA003,2010,"{""type"":""Point"",""coordinates"":[-1.5200000000000002,12.360000000000001]}"
20100101000000_3,1,0.0,GPM_IMERG,WA004,2010,"{""type"":""Point"",""coordinates"":[2.17,13.51]}"
20100101000000_4,1,0.0155639816075563,GPM_IMERG,WA005,2010,"{""type"":""Point"",""coordinates"":[7.33,9.07]}"
20100101000000_5,1,1.128605604171753,GPM_IMERG,WA006,2010,"{""type"":""Point"",""coordinates"":[-0.17,5.56]}"
20100101000000_6,1,1.558413863182068,GPM_IMERG,WA007,2010,"{""type"":""Point"",""coordinates"":[-3.9299999999999997,5.349999999999999]}"
20100101000000_7,1,0.0304725654423236,GPM_IMERG,WA008,2010,"{""type"":""Point"",""coordinates"":[-13.67,9.53]}"
20100101000000_8,1,0.1696383655071258,GPM_IMERG,WA009,2010,"{""type"":""Point"",""coordinates"":[-13.230000000000002,8.489999999999998]}"
20100101000000_9,1,0.8794746398925781,GPM_IMERG,WA010,2010,"{""type"":""Point"",""coordinates"":[-10.799999999999999,6.3]}"
20100101000000_10,1,0.5258535742759705,GPM_IMERG,WA011,2010,"{""type"":""Point"",""coordinates"":[1.22,6.130000000000001]}"
20100101000000_11,1,0.4160252511501312,GPM_IMERG,WA012,2010,"{""type"":""Point"",""coordinates"":[2.42,6.37]}"
20100101000000_12,1,0.0,GPM_IMERG,WA013,2010,"{""type"":""Point"",""coordinates"":[8.52,12.05]}"
20100101000000_13,1,1.244571089744568,GPM_IMERG,WA014,2010,"{""type"":""Point"",""coordinates"":[-1.62,6.69]}"
20100101000000_14,1,0.006460128352046,GPM_IMERG,WA015,2010,"{""type"":""Point"",""coordinates"":[-16.680000000000003,13.45]}"
,1,0.0,GPM_IMERG,WA016,2010,
20100201000000_0,2,0.0217666905373334,GPM_IMERG,WA001,2010,"{""type"":""Point"",""coordinates"":[-17.470000000000002,14.73]}"
20100201000000_1,2,0.0532372221350669,GPM_IMERG,WA002,2010,"{""type"":""Point"",""coordinates"":[-7.949999999999998,12.65]}"
20100201000000_2,2,0.0444320403039455,GPM_IMERG,WA003,2010,"{""type"":""Point"",""coordinates"":[-1.5200000000000002,12.360000000000001]}"
20100201000000_3,2,0.0,GPM_IMERG,WA004,2010,"{""type"":""Point"",""coordinates"":[2.17,13.51]}"
20100201000000_4,2,0.0978613570332527,GPM_IMERG,WA005,2010,"{""type"":""Point"",""coordinates"":[7.33,9.07]}"
20100201000000_5,2,2.388448715209961,GPM_IMERG,WA006,2010,"{""type"":""Point"",""coordinates"":[-0.17,5.56]}"
20100201000000_6,2,2.960165739059448,GPM_IMERG,WA007,2010,"{""type"":""Point"",""coordinates"":[-3.9299999999999997,5.349999999999999]}"
20100201000000_7,2,0.0419095456600189,GPM_IMERG,WA008,2010,"{""type"":""Point"",""coordinates"":[-13.67,9.53]}"
20100201000000_8,2,0.1837431937456131,GPM_IMERG,WA009,2010,"{""type"":""Point"",""coordinates"":[-13.230000000000002,8.489999999999998]}"
20100201000000_9,2,1.664081573486328,GPM_IMERG,WA010,2010,"{""type"":""Point"",""coordinates"":[-10.799999999999999,6.3]}"
20100201000000_10,2,2.447625160217285,GPM_IMERG,WA011,2010,"{""type"":""Point"",""coordinates"":[1.22,6.130000000000001]}"
20100201000000_11,2,0.903346300125122,GPM_IMERG,WA012,2010,"{""type"":""Point"",""coordinates"":[2.42,6.37]}"
20100201000000_12,2,0.0039341812953352,GPM_IMERG,WA013,2010,"{""type"":""Point"",""coordinates"":[8.52,12.05]}"
20100201000000_13,2,2.1711409091949463,GPM_IMERG,WA014,2010,"{""type"":""Point"",""coordinates"":[-1.62,6.69]}"
20100201000000_14,2,0.0,GPM_IMERG,WA015,2010,"{""type"":""Point"",""coordinates"":[-16.680000000000003,13.45]}"
,2,0.0,GPM_IMERG,WA016,2010,
20100301000000_0,3,0.047980923205614,GPM_IMERG,WA001,2010,"{""type"":""Point"",""coordinates"":[-17.470000000000002,14.73]}"
20100301000000_1,3,0.1476754397153854,GPM_IMERG,WA002,2010,"{""type"":""Point"",""coordinates"":[-7.949999999999998,12.65]}"
20100301000000_2,3,0.0022497770842164,GPM_IMERG,WA003,2010,"{""type"":""Point"",""coordinates"":[-1.5200000000000002,12.360000000000001]}"
20100301000000_3,3,0.0,GPM_IMERG,WA004,2010,"{""type"":""Point"",""coordinates"":[2.17,13.51]}"
20100301000000_4,3,0.323153555393219,GPM_IMERG,WA005,2010,"{""type"":""Point"",""coordinates"":[7.33,9.07]}"
20100301000000_5,3,2.7761709690093994,GPM_IMERG,WA006,2010,"{""type"":""Point"",""coordinates"":[-0.17,5.56]}"
20100301000000_6,3,3.791661262512207,GPM_IMERG,WA007,2010,"{""type"":""Point"",""coordinates"":[-3.9299999999999997,5.349999999999999]}"
20100301000000_7,3,0.0559624433517456,GPM_IMERG,WA008,2010,"{""type"":""Point"",""coordinates"":[-13.67,9.53]}"
20100301000000_8,3,0.5740258693695068,GPM_IMERG,WA009,2010,"{""type"":""Point"",""coordinates"":[-13.230000000000002,8.489999999999998]}"
20100301000000_9,3,5.016539573669434,GPM_IMERG,WA010,2010,"{""type"":""Point"",""coordinates"":[-10.799999999999999,6.3]}"
20100301000000_10,3,2.819902181625366,GPM_IMERG,WA011,2010,"{""type"":""Point"",""coordinates"":[1.22,6.130000000000001]}"
20100301000000_11,3,3.2557172775268555,GPM_IMERG,WA012,2010,"{""type"":""Point"",""coordinates"":[2.42,6.37]}"
20100301000000_12,3,0.0101171787828207,GPM_IMERG,WA013,2010,"{""type"":""Point"",""coordinates"":[8.52,12.05]}"
20100301000000_13,3,4.09696626663208,GPM_IMERG,WA014,2010,"{""type"":""Point"",""coordinates"":[-1.62,6.69]}"
20100301000000_14,3,0.0,GPM_IMERG,WA015,2010,"{""type"":""Point"",""coordinates"":[-16.680000000000003,13.45]}"
,3,0.0,GPM_IMERG,WA016,2010,
20100401000000_0,4,0.0157476160675287,GPM_IMERG,WA001,2010,"{""type"":""Point"",""coordinates"":[-17.470000000000002,14.73]}"
20100401000000_1,4,0.9502373933792114,GPM_IMERG,WA002,2010,"{""type"":""Point"",""coordinates"":[-7.949999999999998,12.65]}"
20100401000000_2,4,1.341875433921814,GPM_IMERG,WA003,2010,"{""type"":""Point"",""coordinates"":[-1.5200000000000002,12.360000000000001]}"
20100401000000_3,4,0.3946776092052459,GPM_IMERG,WA004,2010,"{""type"":""Point"",""coordinates"":[2.17,13.51]}"
20100401000000_4,4,2.2515904903411865,GPM_IMERG,WA005,2010,"{""type"":""Point"",""coordinates"":[7.33,9.07]}"
20100401000000_5,4,2.8524529933929443,GPM_IMERG,WA006,2010,"{""type"":""Point"",""coordinates"":[-0.17,5.56]}"
20100401000000_6,4,4.986518383026123,GPM_IMERG,WA007,2010,"{""type"":""Point"",""coordinates"":[-3.9299999999999997,5.349999999999999]}"
20100401000000_7,4,2.2927470207214355,GPM_IMERG,WA008,2010,"{""type"":""Point"",""coordinates"":[-13.67,9.53]}"
20100401000000_8,4,2.255322217941284,GPM_IMERG,WA009,2010,"{""type"":""Point"",""coordinates"":[-13.230000000000002,8.489999999999998]}"
20100401000000_9,4,6.941534996032715,GPM_IMERG,WA010,2010,"{""type"":""Point"",""coordinates"":[-10.799999999999999,6.3]}"
20100401000000_10,4,3.3051114082336426,GPM_IMERG,WA011,2010,"{""type"":""Point"",""coordinates"":[1.22,6.130000000000001]}"
20100401000000_11,4,2.668214797973633,GPM_IMERG,WA012,2010,"{""type"":""Point"",""coordinates"":[2.42,6.37]}"
20100401000000_12,4,1.6334307193756104,GPM_IMERG,WA013,2010,"{""type"":""Point"",""coordinates"":[8.52,12.05]}"
20100401000000_13,4,5.092797756195068,GPM_IMERG,WA014,2010,"{""type"":""Point"",""coordinates"":[-1.62,6.69]}"
20100401000000_14,4,0.0,GPM_IMERG,WA015,2010,"{""type"":""Point"",""coordinates"":[-16.680000000000003,13.45]}"
,4,0.024,GPM_IMERG,WA016,2010,
20100501000000_0,5,0.0502714626491069,GPM_IMERG,WA001,2010,"{""type"":""Point"",""coordinates"":[-17.470000000000002,14.73]}"
20100501000000_1,5,3.959587812423706,GPM_IMERG,WA002,2010,"{""type"":""Point"",""coordinates"":[-7.949999999999998,12.65]}"
20100501000000_2,5,2.8821475505828857,GPM_IMERG,WA003,2010,"{""type"":""Point"",""coordinates"":[-1.5200000000000002,12.360000000000001]}"
20100501000000_3,5,0.8740788698196411,GPM_IMERG,WA004,2010,"{""type"":""Point"",""coordinates"":[2.17,13.51]}"
20100501000000_4,5,7.953503608703613,GPM_IMERG,WA005,2010,"{""type"":""Point"",""coordinates"":[7.33,9.07]}"
20100501000000_5,5,4.94676399230957,GPM_IMERG,WA006,2010,"{""type"":""Point"",""coordinates"":[-0.17,5.56]}"
20100501000000_6,5,8.512910842895508,GPM_IMERG,WA007,2010,"{""type"":""Point"",""coordinates"":[-3.9299999999999997,5.349999999999999]}"
20100501000000_7,5,5.884737491607666,GPM_IMERG,WA008,2010,"{""type"":""Point"",""coordinates"":[-13.67,9.53]}"
20100501000000_8,5,9.03406810760498,GPM_IMERG,WA009,2010,"{""type"":""Point"",""coordinates"":[-13.230000000000002,8.489999999999998]}"
20100501000000_9,5,9.02311897277832,GPM_IMERG,WA010,2010,"{""type"":""Point"",""coordinates"":[-10.799999999999999,6.3]}"
20100501000000_10,5,4.9245429039001465,GPM_IMERG,WA011,2010,"{""type"":""Point"",""coordinates"":[1.22,6.130000000000001]}"
20100501000000_11,5,6.541936874389648,GPM_IMERG,WA012,2010,"{""type"":""Point"",""coordinates"":[2.42,6.37]}"
20100501000000_12,5,1.6067572832107544,GPM_IMERG,WA013,2010,"{""type"":""Point"",""coordinates"":[8.52,12.05]}"
20100501000000_13,5,5.540365695953369,GPM_IMERG,WA014,2010,"{""type"":""Point"",""coordinates"":[-1.62,6.69]}"
20100501000000_14,5,0.0562371499836444,GPM_IMERG,WA015,2010,"{""type"":""Point"",""coordinates"":[-16.680000000000003,13.45]}"
,5,0.024,GPM_IMERG,WA016,2010,
20100601000000_0,6,1.0204520225524902,GPM_IMERG,WA001,2010,"{""type"":""Point"",""coordinates"":[-17.470000000000002,14.73]}"
20100601000000_1,6,4.952408790588379,GPM_IMERG,WA002,2010,"{""type"":""Point"",""coordinates"":[-7.949999999999998,12.65]}"
20100601000000_2,6,4.557502269744873,GPM_IMERG,WA003,2010,"{""type"":""Point"",""coordinates"":[-1.5200000000000002,12.360000000000001]}"
20100601000000_3,6,1.890420198440552,GPM_IMERG,WA004,2010,"{""type"":""Point"",""coordinates"":[2.17,13.51]}"
20100601000000_4,6,6.038168430328369,GPM_IMERG,WA005,2010,"{""type"":""Point"",""coordinates"":[7.33,9.07]}"
20100601000000_5,6,7.023149967193604,GPM_IMERG,WA006,2010,"{""type"":""Point"",""coordinates"":[-0.17,5.56]}"
20100601000000_6,6,8.147671699523926,GPM_IMERG,WA007,2010,"{""type"":""Point"",""coordinates"":[-3.9299999999999997,5.349999999999999]}"
20100601000000_7,6,13.38841724395752,GPM_IMERG,WA008,2010,"{""type"":""Point"",""coordinates"":[-13.67,9.53]}"
20100601000000_8,6,14.85686492919922,GPM_IMERG,WA009,2010,"{""type"":""Point"",""coordinates"":[-13.230000000000002,8.489999999999998]}"
20100601000000_9,6,18.588716506958008,GPM_IMERG,WA010,2010,"{""type"":""Point"",""coordinates"":[-10.799999999999999,6.3]}"
20100601000000_10,6,7.928909301757812,GPM_IMERG,WA011,2010,"{""type"":""Point"",""coordinates"":[1.22,6.130000000000001]}"
20100601000000_11,6,12.630170822143556,GPM_IMERG,WA012,2010,"{""type"":""Point"",""coordinates"":[2.42,6.37]}"
20100601000000_12,6,4.0942888259887695,GPM_IMERG,WA013,2010,"{""type"":""Point"",""coordinates"":[8.52,12.05]}"
20100601000000_13,6,6.98360538482666,GPM_IMERG,WA014,2010,"{""type"":""Point"",""coordinates"":[-1.62,6.69]}"
20100601000000_14,6,3.434051513671875,GPM_IMERG,WA015,2010,"{""type"":""Point"",""coordinates"":[-16.680000000000003,13.45]}"
,6,0.38876233,GPM_IMERG,WA016,2010,
20100701000000_0,7,2.1366617679595947,GPM_IMERG,WA001,2010,"{""type"":""Point"",""coordinates"":[-17.470000000000002,14.73]}"
20100701000000_1,7,8.637871742248535,GPM_IMERG,WA002,2010,"{""type"":""Point"",""coordinates"":[-7.949999999999998,12.65]}"
20100701000000_2,7,6.168124675750732,GPM_IMERG,WA003,2010,"{""type"":""Point"",""coordinates"":[-1.5200000000000002,12.360000000000001]}"
20100701000000_3,7,4.163666248321533,GPM_IMERG,WA004,2010,"{""type"":""Point"",""coordinates"":[2.17,13.51]}"
20100701000000_4,7,10.290319442749023,GPM_IMERG,WA005,2010,"{""type"":""Point"",""coordinates"":[7.33,9.07]}"
20100701000000_5,7,1.642031192779541,GPM_IMERG,WA006,2010,"{""type"":""Point"",""coordinates"":[-0.17,5.56]}"
20100701000000_6,7,5.320616245269775,GPM_IMERG,WA007,2010,"{""type"":""Point"",""coordinates"":[-3.9299999999999997,5.349999999999999]}"
20100701000000_7,7,13.964574813842772,GPM_IMERG,WA008,2010,"{""type"":""Point"",""coordinates"":[-13.67,9.53]}"
20100701000000_8,7,9.084146499633787,GPM_IMERG,WA009,2010,"{""type"":""Point"",""coordinates"":[-13.230000000000002,8.489999999999998]}"
20100701000000_9,7,9.586603164672852,GPM_IMERG,WA010,2010,"{""type"":""Point"",""coordinates"":[-10.799999999999999,6.3]}"
20100701000000_10,7,2.3889145851135254,GPM_IMERG,WA011,2010,"{""type"":""Point"",""coordinates"":[1.22,6.130000000000001]}"
20100701000000_11,7,6.141201019287109,GPM_IMERG,WA012,2010,"{""type"":""Point"",""coordinates"":[2.42,6.37]}"
20100701000000_12,7,7.842625141143799,GPM_IMERG,WA013,2010,"{""type"":""Point"",""coordinates"":[8.52,12.05]}"
20100701000000_13,7,3.2238078117370605,GPM_IMERG,WA014,2010,"{""type"":""Point"",""coordinates"":[-1.62,6.69]}"
20100701000000_14,7,6.712460041046143,GPM_IMERG,WA015,2010,"{""type"":""Point"",""coordinates"":[-16.680000000000003,13.45]}"
,7,0.5569102,GPM_IMERG,WA016,2010,
20100801000000_0,8,6.451533794403076,GPM_IMERG,WA001,2010,"{""type"":""Point"",""coordinates"":[-17.470000000000002,14.73]}"
20100801000000_1,8,10.239364624023438,GPM_IMERG,WA002,2010,"{""type"":""Point"",""coordinates"":[-7.949999999999998,12.65]}"
20100801000000_2,8,8.651984214782715,GPM_IMERG,WA003,2010,"{""type"":""Point"",""coordinates"":[-1.5200000000000002,12.360000000000001]}"
20100801000000_3,8,5.595597743988037,GPM_IMERG,WA004,2010,"{""type"":""Point"",""coordinates"":[2.17,13.51]}"
20100801000000_4,8,9.061284065246582,GPM_IMERG,WA005,2010,"{""type"":""Point"",""coordinates"":[7.33,9.07]}"
20100801000000_5,8,1.7920901775360107,GPM_IMERG,WA006,2010,"{""type"":""Point"",""coordinates"":[-0.17,5.56]}"
20100801000000_6,8,3.162761211395264,GPM_IMERG,WA007,2010,"{""type"":""Point"",""coordinates"":[-3.9299999999999997,5.349999999999999]}"
20100801000000_7,8,14.444581985473633,GPM_IMERG,WA008,2010,"{""type"":""Point"",""coordinates"":[-13.67,9.53]}"
20100801000000_8,8,11.172840118408203,GPM_IMERG,WA009,2010,"{""type"":""Point"",""coordinates"":[-13.230000000000002,8.489999999999998]}"
20100801000000_9,8,16.40934181213379,GPM_IMERG,WA010,2010,"{""type"":""Point"",""coordinates"":[-10.799999999999999,6.3]}"
20100801000000_10,8,2.7688941955566406,GPM_IMERG,WA011,2010,"{""type"":""Point"",""coordinates"":[1.22,6.130000000000001]}"
20100801000000_11,8,3.3017830848693848,GPM_IMERG,WA012,2010,"{""type"":""Point"",""coordinates"":[2.42,6.37]}"
20100801000000_12,8,8.802720069885254,GPM_IMERG,WA013,2010,"{""type"":""Point"",""coordinates"":[8.52,12.05]}"
20100801000000_13,8,3.5241315364837646,GPM_IMERG,WA014,2010,"{""type"":""Point"",""coordinates"":[-1.62,6.69]}"
20100801000000_14,8,7.683883190155029,GPM_IMERG,WA015,2010,"{""type"":""Point"",""coordinates"":[-16.680000000000003,13.45]}"
,8,2.3221428,GPM_IMERG,WA016,2010,
20100901000000_0,9,8.992079734802246,GPM_IMERG,WA001,2010,"{""type"":""Point"",""coordinates"":[-17.470000000000002,14.73]}"
20100901000000_1,9,9.312260627746582,GPM_IMERG,WA002,2010,"{""type"":""Point"",""coordinates"":[-7.949999999999998,12.65]}"
20100901000000_2,9,4.274267196655273,GPM_IMERG,WA003,2010,"{""type"":""Point"",""coordinates"":[-1.5200000000000002,12.360000000000001]}"
20100901000000_3,9,2.246079206466675,GPM_IMERG,WA004,2010,"{""type"":""Point"",""coordinates"":[2.17,13.51]}"
20100901000000_4,9,8.872945785522461,GPM_IMERG,WA005,2010,"{""type"":""Point"",""coordinates"":[7.33,9.07]}"
20100901000000_5,9,3.698709011077881,GPM_IMERG,WA006,2010,"{""type"":""Point"",""coordinates"":[-0.17,5.56]}"
20100901000000_6,9,5.444611072540283,GPM_IMERG,WA007,2010,"{""type"":""Point"",""coordinates"":[-3.9299999999999997,5.349999999999999]}"
20100901000000_7,9,10.451276779174805,GPM_IMERG,WA008,2010,"{""type"":""Point"",""coordinates"":[-13.67,9.53]}"
20100901000000_8,9,9.035807609558104,GPM_IMERG,WA009,2010,"{""type"":""Point"",""coordinates"":[-13.230000000000002,8.489999999999998]}"
20100901000000_9,9,12.356993675231934,GPM_IMERG,WA010,2010,"{""type"":""Point"",""coordinates"":[-10.799999999999999,6.3]}"
20100901000000_10,9,5.559613227844238,GPM_IMERG,WA011,2010,"{""type"":""Point"",""coordinates"":[1.22,6.130000000000001]}"
20100901000000_11,9,7.62369966506958,GPM_IMERG,WA012,2010,"{""type"":""Point"",""coordinates"":[2.42,6.37]}"
20100901000000_12,9,6.947175025939941,GPM_IMERG,WA013,2010,"{""type"":""Point"",""coordinates"":[8.52,12.05]}"
20100901000000_13,9,5.138240814208984,GPM_IMERG,WA014,2010,"{""type"":""Point"",""coordinates"":[-1.62,6.69]}"
20100901000000_14,9,18.69872665405273,GPM_IMERG,WA015,2010,"{""type"":""Point"",""coordinates"":[-16.680000000000003,13.45]}"
,9,3.7491152,GPM_IMERG,WA016,2010,
20101001000000_0,10,1.332114577293396,GPM_IMERG,WA001,2010,"{""type"":""Point"",""coordinates"":[-17.470000000000002,14.73]}"
20101001000000_1,10,2.1884074211120605,GPM_IMERG,WA002,2010,"{""type"":""Point"",""coordinates"":[-7.949999999999998,12.65]}"
20101001000000_2,10,1.899754285812378,GPM_IMERG,WA003,2010,"{""type"":""Point"",""coordinates"":[-1.5200000000000002,12.360000000000001]}"
20101001000000_3,10,1.936757445335388,GPM_IMERG,WA004,2010,"{""type"":""Point"",""coordinates"":[2.17,13.51]}"
20101001000000_4,10,6.952815055847168,GPM_IMERG,WA005,2010,"{""type"":""Point"",""coordinates"":[7.33,9.07]}"
20101001000000_5,10,4.023555278778076,GPM_IMERG,WA006,2010,"{""type"":""Point"",""coordinates"":[-0.17,5.56]}"
20101001000000_6,10,6.739595890045166,GPM_IMERG,WA007,2010,"{""type"":""Point"",""coordinates"":[-3.9299999999999997,5.349999999999999]}"
20101001000000_7,10,5.309569358825684,GPM_IMERG,WA008,2010,"{""type"":""Point"",""coordinates"":[-13.67,9.53]}"
20101001000000_8,10,5.106429100036621,GPM_IMERG,WA009,2010,"{""type"":""Point"",""coordinates"":[-13.230000000000002,8.489999999999998]}"
20101001000000_9,10,9.67458438873291,GPM_IMERG,WA010,2010,"{""type"":""Point"",""coordinates"":[-10.799999999999999,6.3]}"
20101001000000_10,10,4.820869445800781,GPM_IMERG,WA011,2010,"{""type"":""Point"",""coordinates"":[1.22,6.130000000000001]}"
20101001000000_11,10,6.239263534545898,GPM_IMERG,WA012,2010,"{""type"":""Point"",""coordinates"":[2.42,6.37]}"
20101001000000_12,10,1.6242763996124268,GPM_IMERG,WA013,2010,"{""type"":""Point"",""coordinates"":[8.52,12.05]}"
20101001000000_13,10,7.3985772132873535,GPM_IMERG,WA014,2010,"{""type"":""Point"",""coordinates"":[-1.62,6.69]}"
20101001000000_14,10,2.223483324050904,GPM_IMERG,WA015,2010,"{""type"":""Point"",""coordinates"":[-16.680000000000003,13.45]}"
,10,1.3294121,GPM_IMERG,WA016,2010,
20101101000000_0,11,0.0300000011920928,GPM_IMERG,WA001,2010,"{""type"":""Point"",""coordinates"":[-17.470000000000002,14.73]}"
20101101000000_1,11,0.0887715369462966,GPM_IMERG,WA002,2010,"{""type"":""Point"",""coordinates"":[-7.949999999999998,12.65]}"
20101101000000_2,11,0.0494054742157459,GPM_IMERG,WA003,2010,"{""type"":""Point"",""coordinates"":[-1.5200000000000002,12.360000000000001]}"
20101101000000_3,11,0.0240000002086162,GPM_IMERG,WA004,2010,"{""type"":""Point"",""coordinates"":[2.17,13.51]}"
20101101000000_4,11,0.3483659327030182,GPM_IMERG,WA005,2010,"{""type"":""Point"",""coordinates"":[7.33,9.07]}"
20101101000000_5,11,3.0619146823883057,GPM_IMERG,WA006,2010,"{""type"":""Point"",""coordinates"":[-0.17,5.56]}"
20101101000000_6,11,3.576519727706909,GPM_IMERG,WA007,2010,"{""type"":""Point"",""coordinates"":[-3.9299999999999997,5.349999999999999]}"
20101101000000_7,11,2.1372880935668945,GPM_IMERG,WA008,2010,"{""type"":""Point"",""coordinates"":[-13.67,9.53]}"
20101101000000_8,11,1.7187187671661377,GPM_IMERG,WA009,2010,"{""type"":""Point"",""coordinates"":[-13.230000000000002,8.489999999999998]}"
20101101000000_9,11,3.692996501922608,GPM_IMERG,WA010,2010,"{""type"":""Point"",""coordinates"":[-10.799999999999999,6.3]}"
20101101000000_10,11,2.8338634967803955,GPM_IMERG,WA011,2010,"{""type"":""Point"",""coordinates"":[1.22,6.130000000000001]}"
20101101000000_11,11,3.076266288757324,GPM_IMERG,WA012,2010,"{""type"":""Point"",""coordinates"":[2.42,6.37]}"
20101101000000_12,11,0.0196791887283325,GPM_IMERG,WA013,2010,"{""type"":""Point"",""coordinates"":[8.52,12.05]}"
20101101000000_13,11,2.8990492820739746,GPM_IMERG,WA014,2010,"{""type"":""Point"",""coordinates"":[-1.62,6.69]}"
20101101000000_14,11,0.0874925777316093,GPM_IMERG,WA015,2010,"{""type"":""Point"",""coordinates"":[-16.680000000000003,13.45]}"
,11,0.005345966,GPM_IMERG,WA016,2010,
20101201000000_0,12,0.0,GPM_IMERG,WA001,2010,"{""type"":""Point"",""coordinates"":[-17.470000000000002,14.73]}"
20101201000000_1,12,0.0005612570093944,GPM_IMERG,WA002,2010,"{""type"":""Point"",""coordinates"":[-7.949999999999998,12.65]}"
20101201000000_2,12,0.0051537756808102,GPM_IMERG,WA003,2010,"{""type"":""Point"",""coordinates"":[-1.5200000000000002,12.360000000000001]}"
20101201000000_3,12,0.0,GPM_IMERG,WA004,2010,"{""type"":""Point"",""coordinates"":[2.17,13.51]}"
20101201000000_4,12,0.0105002401396632,GPM_IMERG,WA005,2010,"{""type"":""Point"",""coordinates"":[7.33,9.07]}"
20101201000000_5,12,1.0695462226867676,GPM_IMERG,WA006,2010,"{""type"":""Point"",""coordinates"":[-0.17,5.56]}"
20101201000000_6,12,2.5251526832580566,GPM_IMERG,WA007,2010,"{""type"":""Point"",""coordinates"":[-3.9299999999999997,5.349999999999999]}"
20101201000000_7,12,1.3756630420684814,GPM_IMERG,WA008,2010,"{""type"":""Point"",""coordinates"":[-13.67,9.53]}"
20101201000000_8,12,1.010388731956482,GPM_IMERG,WA009,2010,"{""type"":""Point"",""coordinates"":[-13.230000000000002,8.489999999999998]}"
20101201000000_9,12,3.203674793243408,GPM_IMERG,WA010,2010,"{""type"":""Point"",""coordinates"":[-10.799999999999999,6.3]}"
20101201000000_10,12,0.4917162656784057,GPM_IMERG,WA011,2010,"{""type"":""Point"",""coordinates"":[1.22,6.130000000000001]}"
20101201000000_11,12,0.4584684073925018,GPM_IMERG,WA012,2010,"{""type"":""Point"",""coordinates"":[2.42,6.37]}"
20101201000000_12,12,0.0,GPM_IMERG,WA013,2010,"{""type"":""Point"",""coordinates"":[8.52,12.05]}"
20101201000000_13,12,2.3309903144836426,GPM_IMERG,WA014,2010,"{""type"":""Point"",""coordinates"":[-1.62,6.69]}"
20101201000000_14,12,0.0,GPM_IMERG,WA015,2010,"{""type"":""Point"",""coordinates"":[-16.680000000000003,13.45]}"
,12,0.0,GPM_IMERG,WA016,2010,
20110101000000_0,1,0.0397666916251182,GPM_IMERG,WA001,2011,"{""type"":""Point"",""coordinates"":[-17.470000000000002,14.73]}"
20110101000000_1,1,0.0,GPM_IMERG,WA002,2011,"{""type"":""Point"",""coordinates"":[-7.949999999999998,12.65]}"
20110101000000_2,1,0.0014054739149287,GPM_IMERG,WA003,2011,"{""type"":""Point"",""coordinates"":[-1.5200000000000002,12.360000000000001]}"
20110101000000_3,1,0.0,GPM_IMERG,WA004,2011,"{""type"":""Point"",""coordinates"":[2.17,13.51]}"
20110101000000_4,1,0.0,GPM_IMERG,WA005,2011,"{""type"":""Point"",""coordinates"":[7.33,9.07]}"
20110101000000_5,1,0.072750836610794,GPM_IMERG,WA006,2011,"{""type"":""Point"",""coordinates"":[-0.17,5.56]}"
20110101000000_6,1,0.6166691184043884,GPM_IMERG,WA007,2011,"{""type"":""Point"",""coordinates"":[-3.9299999999999997,5.349999999999999]}"
20110101000000_7,1,0.0403088331222534,GPM_IMERG,WA008,2011,"{""type"":""Point"",""coordinates"":[-13.67,9.53]}"
20110101000000_8,1,0.0554065890610218,GPM_IMERG,WA009,2011,"{""type"":""Point"",""coordinates"":[-13.230000000000002,8.489999999999998]}"
20110101000000_9,1,1.2992154359817505,GPM_IMERG,WA010,2011,"{""type"":""Point"",""coordinates"":[-10.799999999999999,6.3]}"
20110101000000_10,1,0.0240000002086162,GPM_IMERG,WA011,2011,"{""type"":""Point"",""coordinates"":[1.22,6.130000000000001]}"
20110101000000_11,1,0.037022553384304,GPM_IMERG,WA012,2011,"{""type"":""Point"",""coordinates"":[2.42,6.37]}"
20110101000000_12,1,0.0,GPM_IMERG,WA013,2011,"{""type"":""Point"",""coordinates"":[8.52,12.05]}"
20110101000000_13,1,1.713119387626648,GPM_IMERG,WA014,2011,"{""type"":""Point"",""coordinates"":[-1.62,6.69]}"
20110101000000_14,1,0.0,GPM_IMERG,WA015,2011,"{""type"":""Point"",""coordinates"":[-16.680000000000003,13.45]}"
,1,0.26040256,GPM_IMERG,WA016,2011,
20110201000000_0,2,0.016504768282175,GPM_IMERG,WA001,2011,"{""type"":""Point"",""coordinates"":[-17.470000000000002,14.73]}"
20110201000000_1,2,0.0098503250628709,GPM_IMERG,WA002,2011,"{""type"":""Point"",""coordinates"":[-7.949999999999998,12.65]}"
20110201000000_2,2,0.1642533242702484,GPM_IMERG,WA003,2011,"{""type"":""Point"",""coordinates"":[-1.5200000000000002,12.360000000000001]}"
20110201000000_3,2,0.0811805576086044,GPM_IMERG,WA004,2011,"{""type"":""Point"",""coordinates"":[2.17,13.51]}"
20110201000000_4,2,0.7264136672019958,GPM_IMERG,WA005,2011,"{""type"":""Point"",""coordinates"":[7.33,9.07]}"
20110201000000_5,2,4.0402140617370605,GPM_IMERG,WA006,2011,"{""type"":""Point"",""coordinates"":[-0.17,5.56]}"
20110201000000_6,2,4.700257301330566,GPM_IMERG,WA007,2011,"{""type"":""Point"",""coordinates"":[-3.9299999999999997,5.349999999999999]}"
20110201000000_7,2,0.0641190186142921,GPM_IMERG,WA008,2011,"{""type"":""Point"",""coordinates"":[-13.67,9.53]}"
20110201000000_8,2,0.1807092428207397,GPM_IMERG,WA009,2011,"{""type"":""Point"",""coordinates"":[-13.230000000000002,8.489999999999998]}"
20110201000000_9,2,1.455435872077942,GPM_IMERG,WA010,2011,"{""type"":""Point"",""coordinates"":[-10.799999999999999,6.3]}"
20110201000000_10,2,2.378343343734741,GPM_IMERG,WA011,2011,"{""type"":""Point"",""coordinates"":[1.22,6.130000000000001]}"
20110201000000_11,2,4.431993007659912,GPM_IMERG,WA012,2011,"{""type"":""Point"",""coordinates"":[2.42,6.37]}"
20110201000000_12,2,0.0236133709549903,GPM_IMERG,WA013,2011,"{""type"":""Point"",""coordinates"":[8.52,12.05]}"
20110201000000_13,2,4.554911136627197,GPM_IMERG,WA014,2011,"{""type"":""Point"",""coordinates"":[-1.62,6.69]}"
20110201000000_14,2,0.0,GPM_IMERG,WA015,2011,"{""type"":""Point"",""coordinates"":[-16.680000000000003,13.45]}"
,2,0.02503385,GPM_IMERG,WA016,2011,
20110301000000_0,3,0.0,GPM_IMERG,WA001,2011,"{""type"":""Point"",""coordinates"":[-17.470000000000002,14.73]}"
20110301000000_1,3,0.0537232682108879,GPM_IMERG,WA002,2011,"{""type"":""Point"",""coordinates"":[-7.949999999999998,12.65]}"
20110301000000_2,3,0.09805778414011,GPM_IMERG,WA003,2011,"{""type"":""Point"",""coordinates"":[-1.5200000000000002,12.360000000000001]}"
20110301000000_3,3,0.0,GPM_IMERG,WA004,2011,"{""type"":""Point"",""coordinates"":[2.17,13.51]}"
20110301000000_4,3,0.1940332055091858,GPM_IMERG,WA005,2011,"{""type"":""Point"",""coordinates"":[7.33,9.07]}"
20110301000000_5,3,0.6869605183601379,GPM_IMERG,WA006,2011,"{""type"":""Point"",""coordinates"":[-0.17,5.56]}"
20110301000000_6,3,3.196378707885742,GPM_IMERG,WA007,2011,"{""type"":""Point"",""coordinates"":[-3.9299999999999997,5.349999999999999]}"
20110301000000_7,3,0.0609385222196579,GPM_IMERG,WA008,2011,"{""type"":""Point"",""coordinates"":[-13.67,9.53]}"
20110301000000_8,3,0.2355086356401443,GPM_IMERG,WA009,2011,"{""type"":""Point"",""coordinates"":[-13.230000000000002,8.489999999999998]}"
20110301000000_9,3,1.6404138803482056,GPM_IMERG,WA010,2011,"{""type"":""Point"",""coordinates"":[-10.799999999999999,6.3]}"
20110301000000_10,3,0.679391622543335,GPM_IMERG,WA011,2011,"{""type"":""Point"",""coordinates"":[1.22,6.130000000000001]}"
20110301000000_11,3,0.4028620719909668,GPM_IMERG,WA012,2011,"{""type"":""Point"",""coordinates"":[2.42,6.37]}"
20110301000000_12,3,0.0039341812953352,GPM_IMERG,WA013,2011,"{""type"":""Point"",""coordinates"":[8.52,12.05]}"
20110301000000_13,3,9.746918678283691,GPM_IMERG,WA014,2011,"{""type"":""Point"",""coordinates"":[-1.62,6.69]}"
20110301000000_14,3,0.0,GPM_IMERG,WA015,2011,"{""type"":""Point"",""coordinates"":[-16.680000000000003,13.45]}"
,3,0.004593479,GPM_IMERG,WA016,2011,
20110401000000_0,4,0.0022523843217641,GPM_IMERG,WA001,2011,"{""type"":""Point"",""coordinates"":[-17.470000000000002,14.73]}"
20110401000000_1,4,0.8141106367111206,GPM_IMERG,WA002,2011,"{""type"":""Point"",""coordinates"":[-7.949999999999998,12.65]}"
20110401000000_2,4,0.7946746945381165,GPM_IMERG,WA003,2011,"{""type"":""Point"",""coordinates"":[-1.5200000000000002,12.360000000000001]}"
20110401000000_3,4,0.0415217764675617,GPM_IMERG,WA004,2011,"{""type"":""Point"",""coordinates"":[2.17,13.51]}"
20110401000000_4,4,2.429889917373657,GPM_IMERG,WA005,2011,"{""type"":""Point"",""coordinates"":[7.33,9.07]}"
20110401000000_5,4,2.759427070617676,GPM_IMERG,WA006,2011,"{""type"":""Point"",""coordinates"":[-0.17,5.56]}"
20110401000000_6,4,3.910733461380005,GPM_IMERG,WA007,2011,"{""type"":""Point"",""coordinates"":[-3.9299999999999997,5.349999999999999]}"
20110401000000_7,4,1.376887321472168,GPM_IMERG,WA008,2011,"{""type"":""Point"",""coordinates"":[-13.67,9.53]}"
20110401000000_8,4,0.7769927978515625,GPM_IMERG,WA009,2011,"{""type"":""Point"",""coordinates"":[-13.230000000000002,8.489999999999998]}"
20110401000000_9,4,4.104731559753418,GPM_IMERG,WA010,2011,"{""type"":""Point"",""coordinates"":[-10.799999999999999,6.3]}"
20110401000000_10,4,3.859455823898315,GPM_IMERG,WA011,2011,"{""type"":""Point"",""coordinates"":[1.22,6.130000000000001]}"
20110401000000_11,4,3.00596284866333,GPM_IMERG,WA012,2011,"{""type"":""Point"",""coordinates"":[2.42,6.37]}"
20110401000000_12,4,0.454342633485794,GPM_IMERG,WA013,2011,"{""type"":""Point"",""coordinates"":[8.52,12.05]}"
20110401000000_13,4,7.1798481941223145,GPM_IMERG,WA014,2011,"{""type"":""Point"",""coordinates"":[-1.62,6.69]}"
20110401000000_14,4,0.0,GPM_IMERG,WA015,2011,"{""type"":""Point"",""coordinates"":[-16.680000000000003,13.45]}"
,4,0.0,GPM_IMERG,WA016,2011,
20110501000000_0,5,0.012757153250277,GPM_IMERG,WA001,2011,"{""type"":""Point"",""coordinates"":[-17.470000000000002,14.73]}"
20110501000000_1,5,1.9505945444107056,GPM_IMERG,WA002,2011,"{""type"":""Point"",""coordinates"":[-7.949999999999998,12.65]}"
20110501000000_2,5,1.0022658109664917,GPM_IMERG,WA003,2011,"{""type"":""Point"",""coordinates"":[-1.5200000000000002,12.360000000000001]}"
20110501000000_3,5,0.1529870927333831,GPM_IMERG,WA004,2011,"{""type"":""Point"",""coordinates"":[2.17,13.51]}"
20110501000000_4,5,5.8722825050354,GPM_IMERG,WA005,2011,"{""type"":""Point"",""coordinates"":[7.33,9.07]}"
20110501000000_5,5,5.391551971435547,GPM_IMERG,WA006,2011,"{""type"":""Point"",""coordinates"":[-0.17,5.56]}"
20110501000000_6,5,6.131758213043213,GPM_IMERG,WA007,2011,"{""type"":""Point"",""coordinates"":[-3.9299999999999997,5.349999999999999]}"
20110501000000_7,5,1.7860441207885742,GPM_IMERG,WA008,2011,"{""type"":""Point"",""coordinates"":[-13.67,9.53]}"
20110501000000_8,5,4.8726887702941895,GPM_IMERG,WA009,2011,"{""type"":""Point"",""coordinates"":[-13.230000000000002,8.489999999999998]}"
20110501000000_9,5,8.29588508605957,GPM_IMERG,WA010,2011,"{""type"":""Point"",""coordinates"":[-10.799999999999999,6.3]}"
20110501000000_10,5,5.384505748748779,GPM_IMERG,WA011,2011,"{""type"":""Point"",""coordinates"":[1.22,6.130000000000001]}"
20110501000000_11,5,7.62853193283081,GPM_IMERG,WA012,2011,"{""type"":""Point"",""coordinates"":[2.42,6.37]}"
20110501000000_12,5,2.2739949226379395,GPM_IMERG,WA013,2011,"{""type"":""Point"",""coordinates"":[8.52,12.05]}"
20110501000000_13,5,4.1227545738220215,GPM_IMERG,WA014,2011,"{""type"":""Point"",""coordinates"":[-1.62,6.69]}"
20110501000000_14,5,0.031775239855051,GPM_IMERG,WA015,2011,"{""type"":""Point"",""coordinates"":[-16.680000000000003,13.45]}"
,5,0.0,GPM_IMERG,WA016,2011,
20110601000000_0,6,0.3254952430725097,GPM_IMERG,WA001,2011,"{""type"":""Point"",""coordinates"":[-17.470000000000002,14.73]}"
20110601000000_1,6,4.874019145965576,GPM_IMERG,WA002,2011,"{""type"":""Point"",""coordinates"":[-7.949999999999998,12.65]}"
20110601000000_2,6,3.715241670608521,GPM_IMERG,WA003,2011,"{""type"":""Point"",""coordinates"":[-1.5200000000000002,12.360000000000001]}"
20110601000000_3,6,2.160194396972656,GPM_IMERG,WA004,2011,"{""type"":""Point"",""coordinates"":[2.17,13.51]}"
20110601000000_4,6,4.712993621826172,GPM_IMERG,WA005,2011,"{""type"":""Point"",""coordinates"":[7.33,9.07]}"
20110601000000_5,6,3.994977474212648,GPM_IMERG,WA006,2011,"{""type"":""Point"",""coordinates"":[-0.17,5.56]}"
20110601000000_6,6,8.421278953552246,GPM_IMERG,WA007,2011,"{""type"":""Point"",""coordinates"":[-3.9299999999999997,5.349999999999999]}"
20110601000000_7,6,13.054734230041504,GPM_IMERG,WA008,2011,"{""type"":""Point"",""coordinates"":[-13.67,9.53]}"
20110601000000_8,6,14.599087715148926,GPM_IMERG,WA009,2011,"{""type"":""Point"",""coordinates"":[-13.230000000000002,8.489999999999998]}"
20110601000000_9,6,21.844491958618164,GPM_IMERG,WA010,2011,"{""type"":""Point"",""coordinates"":[-10.799999999999999,6.3]}"
20110601000000_10,6,4.687152862548828,GPM_IMERG,WA011,2011,"{""type"":""Point"",""coordinates"":[1.22,6.130000000000001]}"
20110601000000_11,6,7.169887542724609,GPM_IMERG,WA012,2011,"{""type"":""Point"",""coordinates"":[2.42,6.37]}"
20110601000000_12,6,4.626469612121582,GPM_IMERG,WA013,2011,"{""type"":""Point"",""coordinates"":[8.52,12.05]}"
20110601000000_13,6,5.1298136711120605,GPM_IMERG,WA014,2011,"{""type"":""Point"",""coordinates"":[-1.62,6.69]}"
20110601000000_14,6,1.0748811960220337,GPM_IMERG,WA015,2011,"{""type"":""Point"",""coordinates"":[-16.680000000000003,13.45]}"
,6,0.01697796,GPM_IMERG,WA016,2011,
20110701000000_0,7,1.4212238788604736,GPM_IMERG,WA001,2011,"{""type"":""Point"",""coordinates"":[-17.470000000000002,14.73]}"
20110701000000_1,7,8.72016429901123,GPM_IMERG,WA002,2011,"{""type"":""Point"",""coordinates"":[-7.949999999999998,12.65]}"
20110701000000_2,7,6.606258869171143,GPM_IMERG,WA003,2011,"{""type"":""Point"",""coordinates"":[-1.5200000000000002,12.360000000000001]}"
20110701000000_3,7,2.253172874450684,GPM_IMERG,WA004,2011,"{""type"":""Point"",""coordinates"":[2.17,13.51]}"
20110701000000_4,7,8.901266098022461,GPM_IMERG,WA005,2011,"{""type"":""Point"",""coordinates"":[7.33,9.07]}"
20110701000000_5,7,3.165006160736084,GPM_IMERG,WA006,2011,"{""type"":""Point"",""coordinates"":[-0.17,5.56]}"
20110701000000_6,7,2.260472297668457,GPM_IMERG,WA007,2011,"{""type"":""Point"",""coordinates"":[-3.9299999999999997,5.349999999999999]}"
20110701000000_7,7,19.531986236572266,GPM_IMERG,WA008,2011,"{""type"":""Point"",""coordinates"":[-13.67,9.53]}"
20110701000000_8,7,14.749464988708496,GPM_IMERG,WA009,2011,"{""type"":""Point"",""coordinates"":[-13.230000000000002,8.489999999999998]}"
20110701000000_9,7,8.054496765136719,GPM_IMERG,WA010,2011,"{""type"":""Point"",""coordinates"":[-10.799999999999999,6.3]}"
20110701000000_10,7,4.290246486663818,GPM_IMERG,WA011,2011,"{""type"":""Point"",""coordinates"":[1.22,6.130000000000001]}"
20110701000000_11,7,6.189498424530029,GPM_IMERG,WA012,2011,"{""type"":""Point"",""coordinates"":[2.42,6.37]}"
20110701000000_12,7,7.249853134155273,GPM_IMERG,WA013,2011,"{""type"":""Point"",""coordinates"":[8.52,12.05]}"
20110701000000_13,7,4.951852321624756,GPM_IMERG,WA014,2011,"{""type"":""Point"",""coordinates"":[-1.62,6.69]}"
20110701000000_14,7,4.564688682556152,GPM_IMERG,WA015,2011,"{""type"":""Point"",""coordinates"":[-16.680000000000003,13.45]}"
,7,1.182033,GPM_IMERG,WA016,2011,
20110801000000_0,8,7.461671352386475,GPM_IMERG,WA001,2011,"{""type"":""Point"",""coordinates"":[-17.470000000000002,14.73]}"
20110801000000_1,8,10.436881065368652,GPM_IMERG,WA002,2011,"{""type"":""Point"",""coordinates"":[-7.949999999999998,12.65]}"
20110801000000_2,8,5.747143268585205,GPM_IMERG,WA003,2011,"{""type"":""Point"",""coordinates"":[-1.5200000000000002,12.360000000000001]}"
20110801000000_3,8,3.557441711425781,GPM_IMERG,WA004,2011,"{""type"":""Point"",""coordinates"":[2.17,13.51]}"
20110801000000_4,8,8.775604248046875,GPM_IMERG,WA005,2011,"{""type"":""Point"",""coordinates"":[7.33,9.07]}"
20110801000000_5,8,1.24289071559906,GPM_IMERG,WA006,2011,"{""type"":""Point"",""coordinates"":[-0.17,5.56]}"
20110801000000_6,8,1.0488650798797607,GPM_IMERG,WA007,2011,"{""type"":""Point"",""coordinates"":[-3.9299999999999997,5.349999999999999]}"
20110801000000_7,8,22.37346076965332,GPM_IMERG,WA008,2011,"{""type"":""Point"",""coordinates"":[-13.67,9.53]}"
20110801000000_8,8,17.466794967651367,GPM_IMERG,WA009,2011,"{""type"":""Point"",""coordinates"":[-13.230000000000002,8.489999999999998]}"
20110801000000_9,8,11.305718421936035,GPM_IMERG,WA010,2011,"{""type"":""Point"",""coordinates"":[-10.799999999999999,6.3]}"
20110801000000_10,8,1.0784273147583008,GPM_IMERG,WA011,2011,"{""type"":""Point"",""coordinates"":[1.22,6.130000000000001]}"
20110801000000_11,8,1.0712425708770752,GPM_IMERG,WA012,2011,"{""type"":""Point"",""coordinates"":[2.42,6.37]}"
20110801000000_12,8,9.22158432006836,GPM_IMERG,WA013,2011,"{""type"":""Point"",""coordinates"":[8.52,12.05]}"
20110801000000_13,8,2.084112405776977,GPM_IMERG,WA014,2011,"{""type"":""Point"",""coordinates"":[-1.62,6.69]}"
20110801000000_14,8,11.861322402954102,GPM_IMERG,WA015,2011,"{""type"":""Point"",""coordinates"":[-16.680000000000003,13.45]}"
,8,3.0137053,GPM_IMERG,WA016,2011,
20110901000000_0,9,3.15043306350708,GPM_IMERG,WA001,2011,"{""type"":""Point"",""coordinates"":[-17.470000000000002,14.73]}"
20110901000000_1,9,2.763317346572876,GPM_IMERG,WA002,2011,"{""type"":""Point"",""coordinates"":[-7.949999999999998,12.65]}"
20110901000000_2,9,3.247729778289795,GPM_IMERG,WA003,2011,"{""type"":""Point"",""coordinates"":[-1.5200000000000002,12.360000000000001]}"
20110901000000_3,9,1.4200562238693235,GPM_IMERG,WA004,2011,"{""type"":""Point"",""coordinates"":[2.17,13.51]}"
20110901000000_4,9,8.593842506408691,GPM_IMERG,WA005,2011,"{""type"":""Point"",""coordinates"":[7.33,9.07]}"
20110901000000_5,9,1.4249699115753174,GPM_IMERG,WA006,2011,"{""type"":""Point"",""coordinates"":[-0.17,5.56]}"
20110901000000_6,9,3.3703360557556152,GPM_IMERG,WA007,2011,"{""type"":""Point"",""coordinates"":[-3.9299999999999997,5.349999999999999]}"
20110901000000_7,9,8.924245834350586,GPM_IMERG,WA008,2011,"{""type"":""Point"",""coordinates"":[-13.67,9.53]}"
20110901000000_8,9,6.95235538482666,GPM_IMERG,WA009,2011,"{""type"":""Point"",""coordinates"":[-13.230000000000002,8.489999999999998]}"
20110901000000_9,9,22.188396453857425,GPM_IMERG,WA010,2011,"{""type"":""Point"",""coordinates"":[-10.799999999999999,6.3]}"
20110901000000_10,9,1.932355284690857,GPM_IMERG,WA011,2011,"{""type"":""Point"",""coordinates"":[1.22,6.130000000000001]}"
20110901000000_11,9,3.5644726753234863,GPM_IMERG,WA012,2011,"{""type"":""Point"",""coordinates"":[2.42,6.37]}"
20110901000000_12,9,5.484094619750977,GPM_IMERG,WA013,2011,"{""type"":""Point"",""coordinates"":[8.52,12.05]}"
20110901000000_13,9,4.521285057067871,GPM_IMERG,WA014,2011,"{""type"":""Point"",""coordinates"":[-1.62,6.69]}"
20110901000000_14,9,7.7405829429626465,GPM_IMERG,WA015,2011,"{""type"":""Point"",""coordinates"":[-16.680000000000003,13.45]}"
,9,0.6656494,GPM_IMERG,WA016,2011,
20111001000000_0,10,0.2632237672805786,GPM_IMERG,WA001,2011,"{""type"":""Point"",""coordinates"":[-17.470000000000002,14.73]}"
20111001000000_1,10,1.0046100616455078,GPM_IMERG,WA002,2011,"{""type"":""Point"",""coordinates"":[-7.949999999999998,12.65]}"
20111001000000_2,10,0.6380905508995056,GPM_IMERG,WA003,2011,"{""type"":""Point"",""coordinates"":[-1.5200000000000002,12.360000000000001]}"
20111001000000_3,10,0.5869185328483582,GPM_IMERG,WA004,2011,"{""type"":""Point"",""coordinates"":[2.17,13.51]}"
20111001000000_4,10,4.559939384460449,GPM_IMERG,WA005,2011,"{""type"":""Point"",""coordinates"":[7.33,9.07]}"
20111001000000_5,10,4.925129890441895,GPM_IMERG,WA006,2011,"{""type"":""Point"",""coordinates"":[-0.17,5.56]}"
20111001000000_6,10,7.969141483306885,GPM_IMERG,WA007,2011,"{""type"":""Point"",""coordinates"":[-3.9299999999999997,5.349999999999999]}"
20111001000000_7,10,6.310446739196777,GPM_IMERG,WA008,2011,"{""type"":""Point"",""coordinates"":[-13.67,9.53]}"
20111001000000_8,10,6.642290592193604,GPM_IMERG,WA009,2011,"{""type"":""Point"",""coordinates"":[-13.230000000000002,8.489999999999998]}"
20111001000000_9,10,9.704889297485352,GPM_IMERG,WA010,2011,"{""type"":""Point"",""coordinates"":[-10.799999999999999,6.3]}"
20111001000000_10,10,5.242726802825928,GPM_IMERG,WA011,2011,"{""type"":""Point"",""coordinates"":[1.22,6.130000000000001]}"
20111001000000_11,10,7.364250183105469,GPM_IMERG,WA012,2011,"{""type"":""Point"",""coordinates"":[2.42,6.37]}"
20111001000000_12,10,0.9716261029243468,GPM_IMERG,WA013,2011,"{""type"":""Point"",""coordinates"":[8.52,12.05]}"
20111001000000_13,10,6.203433036804199,GPM_IMERG,WA014,2011,"{""type"":""Point"",""coordinates"":[-1.62,6.69]}"
20111001000000_14,10,1.6424555778503418,GPM_IMERG,WA015,2011,"{""type"":""Point"",""coordinates"":[-16.680000000000003,13.45]}"
,10,0.07752298,GPM_IMERG,WA016,2011,
20111101000000_0,11,0.0082523841410875,GPM_IMERG,WA001,2011,"{""type"":""Point"",""coordinates"":[-17.470000000000002,14.73]}"
20111101000000_1,11,0.0032834417652338,GPM_IMERG,WA002,2011,"{""type"":""Point"",""coordinates"":[-7.949999999999998,12.65]}"
20111101000000_2,11,0.0028109478298574,GPM_IMERG,WA003,2011,"{""type"":""Point"",""coordinates"":[-1.5200000000000002,12.360000000000001]}"
20111101000000_3,11,0.0,GPM_IMERG,WA004,2011,"{""type"":""Point"",""coordinates"":[2.17,13.51]}"
20111101000000_4,11,0.3708640336990356,GPM_IMERG,WA005,2011,"{""type"":""Point"",""coordinates"":[7.33,9.07]}"
20111101000000_5,11,1.038976550102234,GPM_IMERG,WA006,2011,"{""type"":""Point"",""coordinates"":[-0.17,5.56]}"
20111101000000_6,11,3.560757875442505,GPM_IMERG,WA007,2011,"{""type"":""Point"",""coordinates"":[-3.9299999999999997,5.349999999999999]}"
20111101000000_7,11,1.3777852058410645,GPM_IMERG,WA008,2011,"{""type"":""Point"",""coordinates"":[-13.67,9.53]}"
20111101000000_8,11,2.333975076675415,GPM_IMERG,WA009,2011,"{""type"":""Point"",""coordinates"":[-13.230000000000002,8.489999999999998]}"
20111101000000_9,11,4.983959674835205,GPM_IMERG,WA010,2011,"{""type"":""Point"",""coordinates"":[-10.799999999999999,6.3]}"
20111101000000_10,11,0.8444267511367798,GPM_IMERG,WA011,2011,"{""type"":""Point"",""coordinates"":[1.22,6.130000000000001]}"
20111101000000_11,11,1.3572449684143066,GPM_IMERG,WA012,2011,"{""type"":""Point"",""coordinates"":[2.42,6.37]}"
20111101000000_12,11,0.0039341812953352,GPM_IMERG,WA013,2011,"{""type"":""Point"",""coordinates"":[8.52,12.05]}"
20111101000000_13,11,1.8164621591567995,GPM_IMERG,WA014,2011,"{""type"":""Point"",""coordinates"":[-1.62,6.69]}"
20111101000000_14,11,0.0324454046785831,GPM_IMERG,WA015,2011,"{""type"":""Point"",""coordinates"":[-16.680000000000003,13.45]}"
,11,0.0013173992,GPM_IMERG,WA016,2011,
20111201000000_0,12,0.016504768282175,GPM_IMERG,WA001,2011,"{""type"":""Point"",""coordinates"":[-17.470000000000002,14.73]}"
20111201000000_1,12,0.0240000002086162,GPM_IMERG,WA002,2011,"{""type"":""Point"",""coordinates"":[-7.949999999999998,12.65]}"
20111201000000_2,12,0.0014054739149287,GPM_IMERG,WA003,2011,"{""type"":""Point"",""coordinates"":[-1.5200000000000002,12.360000000000001]}"
20111201000000_3,12,0.0,GPM_IMERG,WA004,2011,"{""type"":""Point"",""coordinates"":[2.17,13.51]}"
20111201000000_4,12,0.0403168313205242,GPM_IMERG,WA005,2011,"{""type"":""Point"",""coordinates"":[7.33,9.07]}"
20111201000000_5,12,0.3597231209278106,GPM_IMERG,WA006,2011,"{""type"":""Point"",""coordinates"":[-0.17,5.56]}"
20111201000000_6,12,1.4864014387130735,GPM_IMERG,WA007,2011,"{""type"":""Point"",""coordinates"":[-3.9299999999999997,5.349999999999999]}"
20111201000000_7,12,0.0904347375035286,GPM_IMERG,WA008,2011,"{""type"":""Point"",""coordinates"":[-13.67,9.53]}"
20111201000000_8,12,1.192660570144653,GPM_IMERG,WA009,2011,"{""type"":""Point"",""coordinates"":[-13.230000000000002,8.489999999999998]}"
20111201000000_9,12,0.2420224547386169,GPM_IMERG,WA010,2011,"{""type"":""Point"",""coordinates"":[-10.799999999999999,6.3]}"
20111201000000_10,12,0.0,GPM_IMERG,WA011,2011,"{""type"":""Point"",""coordinates"":[1.22,6.130000000000001]}"
20111201000000_11,12,0.0054380749352276,GPM_IMERG,WA012,2011,"{""type"":""Point"",""coordinates"":[2.42,6.37]}"
20111201000000_12,12,0.0,GPM_IMERG,WA013,2011,"{""type"":""Point"",""coordinates"":[8.52,12.05]}"
20111201000000_13,12,1.3855611085891724,GPM_IMERG,WA014,2011,"{""type"":""Point"",""coordinates"":[-1.62,6.69]}"
20111201000000_14,12,0.0,GPM_IMERG,WA015,2011,"{""type"":""Point"",""coordinates"":[-16.680000000000003,13.45]}"
,12,0.023345966,GPM_IMERG,WA016,2011,
20120101000000_0,1,0.0187571533024311,GPM_IMERG,WA001,2012,"{""type"":""Point"",""coordinates"":[-17.470000000000002,14.73]}"
20120101000000_1,1,0.0032834417652338,GPM_IMERG,WA002,2012,"{""type"":""Point"",""coordinates"":[-7.949999999999998,12.65]}"
20120101000000_2,1,0.0,GPM_IMERG,WA003,2012,"{""type"":""Point"",""coordinates"":[-1.5200000000000002,12.360000000000001]}"
20120101000000_3,1,0.0079638483002781,GPM_IMERG,WA004,2012,"{""type"":""Point"",""coordinates"":[2.17,13.51]}"
20120101000000_4,1,0.0298104658722877,GPM_IMERG,WA005,2012,"{""type"":""Point"",""coordinates"":[7.33,9.07]}"
20120101000000_5,1,0.5935302972793579,GPM_IMERG,WA006,2012,"{""type"":""Point"",""coordinates"":[-0.17,5.56]}"
20120101000000_6,1,0.4053847193717956,GPM_IMERG,WA007,2012,"{""type"":""Point"",""coordinates"":[-3.9299999999999997,5.349999999999999]}"
20120101000000_7,1,0.0,GPM_IMERG,WA008,2012,"{""type"":""Point"",""coordinates"":[-13.67,9.53]}"
20120101000000_8,1,0.0482719168066978,GPM_IMERG,WA009,2012,"{""type"":""Point"",""coordinates"":[-13.230000000000002,8.489999999999998]}"
20120101000000_9,1,0.7245722413063049,GPM_IMERG,WA010,2012,"{""type"":""Point"",""coordinates"":[-10.799999999999999,6.3]}"
20120101000000_10,1,0.4042340219020843,GPM_IMERG,WA011,2012,"{""type"":""Point"",""coordinates"":[1.22,6.130000000000001]}"
20120101000000_11,1,0.1370394378900528,GPM_IMERG,WA012,2012,"{""type"":""Point"",""coordinates"":[2.42,6.37]}"
20120101000000_12,1,0.0,GPM_IMERG,WA013,2012,"{""type"":""Point"",""coordinates"":[8.52,12.05]}"
20120101000000_13,1,1.2999922037124634,GPM_IMERG,WA014,2012,"{""type"":""Point"",""coordinates"":[-1.62,6.69]}"
20120101000000_14,1,0.0,GPM_IMERG,WA015,2012,"{""type"":""Point"",""coordinates"":[-16.680000000000003,13.45]}"
,1,0.022691933,GPM_IMERG,WA016,2012,
20120201000000_0,2,0.0524856932461261,GPM_IMERG,WA001,2012,"{""type"":""Point"",""coordinates"":[-17.470000000000002,14.73]}"
20120201000000_1,2,0.0932890698313713,GPM_IMERG,WA002,2012,"{""type"":""Point"",""coordinates"":[-7.949999999999998,12.65]}"
20120201000000_2,2,0.0721881613135337,GPM_IMERG,WA003,2012,"{""type"":""Point"",""coordinates"":[-1.5200000000000002,12.360000000000001]}"
20120201000000_3,2,0.1513861864805221,GPM_IMERG,WA004,2012,"{""type"":""Point"",""coordinates"":[2.17,13.51]}"
20120201000000_4,2,0.3892990350723266,GPM_IMERG,WA005,2012,"{""type"":""Point"",""coordinates"":[7.33,9.07]}"
20120201000000_5,2,0.9556730389595032,GPM_IMERG,WA006,2012,"{""type"":""Point"",""coordinates"":[-0.17,5.56]}"
20120201000000_6,2,1.869408130645752,GPM_IMERG,WA007,2012,"{""type"":""Point"",""coordinates"":[-3.9299999999999997,5.349999999999999]}"
20120201000000_7,2,0.0904598981142044,GPM_IMERG,WA008,2012,"{""type"":""Point"",""coordinates"":[-13.67,9.53]}"
20120201000000_8,2,0.2881307303905487,GPM_IMERG,WA009,2012,"{""type"":""Point"",""coordinates"":[-13.230000000000002,8.489999999999998]}"
20120201000000_9,2,0.6817618608474731,GPM_IMERG,WA010,2012,"{""type"":""Point"",""coordinates"":[-10.799999999999999,6.3]}"
20120201000000_10,2,1.7951074838638306,GPM_IMERG,WA011,2012,"{""type"":""Point"",""coordinates"":[1.22,6.130000000000001]}"
20120201000000_11,2,2.489674091339112,GPM_IMERG,WA012,2012,"{""type"":""Point"",""coordinates"":[2.42,6.37]}"
20120201000000_12,2,0.0240000002086162,GPM_IMERG,WA013,2012,"{""type"":""Point"",""coordinates"":[8.52,12.05]}"
20120201000000_13,2,2.5309505462646484,GPM_IMERG,WA014,2012,"{""type"":""Point"",""coordinates"":[-1.62,6.69]}"
20120201000000_14,2,0.0,GPM_IMERG,WA015,2012,"{""type"":""Point"",""coordinates"":[-16.680000000000003,13.45]}"
,2,0.05532207,GPM_IMERG,WA016,2012,
20120301000000_0,3,0.289533406496048,GPM_IMERG,WA001,2012,"{""type"":""Point"",""coordinates"":[-17.470000000000002,14.73]}"
20120301000000_1,3,0.0705951228737831,GPM_IMERG,WA002,2012,"{""type"":""Point"",""coordinates"":[-7.949999999999998,12.65]}"
20120301000000_2,3,0.020057775080204,GPM_IMERG,WA003,2012,"{""type"":""Point"",""coordinates"":[-1.5200000000000002,12.360000000000001]}"
20120301000000_3,3,0.0,GPM_IMERG,WA004,2012,"{""type"":""Point"",""coordinates"":[2.17,13.51]}"
20120301000000_4,3,0.4155601263046264,GPM_IMERG,WA005,2012,"{""type"":""Point"",""coordinates"":[7.33,9.07]}"
20120301000000_5,3,1.1138784885406494,GPM_IMERG,WA006,2012,"{""type"":""Point"",""coordinates"":[-0.17,5.56]}"
20120301000000_6,3,1.680759072303772,GPM_IMERG,WA007,2012,"{""type"":""Point"",""coordinates"":[-3.9299999999999997,5.349999999999999]}"
20120301000000_7,3,0.0008425539708696,GPM_IMERG,WA008,2012,"{""type"":""Point"",""coordinates"":[-13.67,9.53]}"
20120301000000_8,3,0.1185662448406219,GPM_IMERG,WA009,2012,"{""type"":""Point"",""coordinates"":[-13.230000000000002,8.489999999999998]}"
20120301000000_9,3,0.9581013321876526,GPM_IMERG,WA010,2012,"{""type"":""Point"",""coordinates"":[-10.799999999999999,6.3]}"
20120301000000_10,3,0.9592863917350768,GPM_IMERG,WA011,2012,"{""type"":""Point"",""coordinates"":[1.22,6.130000000000001]}"
20120301000000_11,3,1.1616686582565308,GPM_IMERG,WA012,2012,"{""type"":""Point"",""coordinates"":[2.42,6.37]}"
20120301000000_12,3,0.0304575897753238,GPM_IMERG,WA013,2012,"{""type"":""Point"",""coordinates"":[8.52,12.05]}"
20120301000000_13,3,2.4601142406463623,GPM_IMERG,WA014,2012,"{""type"":""Point"",""coordinates"":[-1.62,6.69]}"
20120301000000_14,3,0.0602109842002391,GPM_IMERG,WA015,2012,"{""type"":""Point"",""coordinates"":[-16.680000000000003,13.45]}"
,3,0.04058415,GPM_IMERG,WA016,2012,
20120401000000_0,4,0.1545238494873047,GPM_IMERG,WA001,2012,"{""type"":""Point"",""coordinates"":[-17.470000000000002,14.73]}"
20120401000000_1,4,0.7427883744239807,GPM_IMERG,WA002,2012,"{""type"":""Point"",""coordinates"":[-7.949999999999998,12.65]}"
20120401000000_2,4,1.0276015996932983,GPM_IMERG,WA003,2012,"{""type"":""Point"",""coordinates"":[-1.5200000000000002,12.360000000000001]}"
20120401000000_3,4,0.1826560199260711,GPM_IMERG,WA004,2012,"{""type"":""Point"",""coordinates"":[2.17,13.51]}"
20120401000000_4,4,4.551333904266357,GPM_IMERG,WA005,2012,"{""type"":""Point"",""coordinates"":[7.33,9.07]}"
20120401000000_5,4,2.7341833114624023,GPM_IMERG,WA006,2012,"{""type"":""Point"",""coordinates"":[-0.17,5.56]}"
20120401000000_6,4,3.316235065460205,GPM_IMERG,WA007,2012,"{""type"":""Point"",""coordinates"":[-3.9299999999999997,5.349999999999999]}"
20120401000000_7,4,0.5775464177131653,GPM_IMERG,WA008,2012,"{""type"":""Point"",""coordinates"":[-13.67,9.53]}"
20120401000000_8,4,0.8238803744316101,GPM_IMERG,WA009,2012,"{""type"":""Point"",""coordinates"":[-13.230000000000002,8.489999999999998]}"
20120401000000_9,4,4.512272357940674,GPM_IMERG,WA010,2012,"{""type"":""Point"",""coordinates"":[-10.799999999999999,6.3]}"
20120401000000_10,4,3.4289822578430176,GPM_IMERG,WA011,2012,"{""type"":""Point"",""coordinates"":[1.22,6.130000000000001]}"
20120401000000_11,4,6.180883884429932,GPM_IMERG,WA012,2012,"{""type"":""Point"",""coordinates"":[2.42,6.37]}"
20120401000000_12,4,0.1926334649324417,GPM_IMERG,WA013,2012,"{""type"":""Point"",""coordinates"":[8.52,12.05]}"
20120401000000_13,4,3.0767757892608643,GPM_IMERG,WA014,2012,"{""type"":""Point"",""coordinates"":[-1.62,6.69]}"
20120401000000_14,4,0.0121853342279791,GPM_IMERG,WA015,2012,"{""type"":""Point"",""coordinates"":[-16.680000000000003,13.45]}"
,4,0.045097835,GPM_IMERG,WA016,2012,
20120501000000_0,5,0.2400763183832168,GPM_IMERG,WA001,2012,"{""type"":""Point"",""coordinates"":[-17.470000000000002,14.73]}"
20120501000000_1,5,2.1482717990875244,GPM_IMERG,WA002,2012,"{""type"":""Point"",""coordinates"":[-7.949999999999998,12.65]}"
20120501000000_2,5,2.214024782180786,GPM_IMERG,WA003,2012,"{""type"":""Point"",""coordinates"":[-1.5200000000000002,12.360000000000001]}"
20120501000000_3,5,0.6813173890113831,GPM_IMERG,WA004,2012,"{""type"":""Point"",""coordinates"":[2.17,13.51]}"
20120501000000_4,5,10.454955101013184,GPM_IMERG,WA005,2012,"{""type"":""Point"",""coordinates"":[7.33,9.07]}"
20120501000000_5,5,3.569650650024414,GPM_IMERG,WA006,2012,"{""type"":""Point"",""coordinates"":[-0.17,5.56]}"
20120501000000_6,5,5.8812575340271,GPM_IMERG,WA007,2012,"{""type"":""Point"",""coordinates"":[-3.9299999999999997,5.349999999999999]}"
20120501000000_7,5,2.488436222076416,GPM_IMERG,WA008,2012,"{""type"":""Point"",""coordinates"":[-13.67,9.53]}"
20120501000000_8,5,4.997069358825684,GPM_IMERG,WA009,2012,"{""type"":""Point"",""coordinates"":[-13.230000000000002,8.489999999999998]}"
20120501000000_9,5,11.87895965576172,GPM_IMERG,WA010,2012,"{""type"":""Point"",""coordinates"":[-10.799999999999999,6.3]}"
20120501000000_10,5,4.038206100463867,GPM_IMERG,WA011,2012,"{""type"":""Point"",""coordinates"":[1.22,6.130000000000001]}"
20120501000000_11,5,4.657741069793701,GPM_IMERG,WA012,2012,"{""type"":""Point"",""coordinates"":[2.42,6.37]}"
20120501000000_12,5,2.3682894706726074,GPM_IMERG,WA013,2012,"{""type"":""Point"",""coordinates"":[8.52,12.05]}"
20120501000000_13,5,4.169387340545654,GPM_IMERG,WA014,2012,"{""type"":""Point"",""coordinates"":[-1.62,6.69]}"
20120501000000_14,5,0.8383969664573669,GPM_IMERG,WA015,2012,"{""type"":""Point"",""coordinates"":[-16.680000000000003,13.45]}"
,5,0.0019760986,GPM_IMERG,WA016,2012,
20120601000000_0,6,0.1394952237606048,GPM_IMERG,WA001,2012,"{""type"":""Point"",""coordinates"":[-17.470000000000002,14.73]}"
20120601000000_1,6,7.491127014160156,GPM_IMERG,WA002,2012,"{""type"":""Point"",""coordinates"":[-7.949999999999998,12.65]}"
20120601000000_2,6,2.275740146636963,GPM_IMERG,WA003,2012,"{""type"":""Point"",""coordinates"":[-1.5200000000000002,12.360000000000001]}"
20120601000000_3,6,3.117453098297119,GPM_IMERG,WA004,2012,"{""type"":""Point"",""coordinates"":[2.17,13.51]}"
20120601000000_4,6,5.3265485763549805,GPM_IMERG,WA005,2012,"{""type"":""Point"",""coordinates"":[7.33,9.07]}"
20120601000000_5,6,4.633579254150391,GPM_IMERG,WA006,2012,"{""type"":""Point"",""coordinates"":[-0.17,5.56]}"
20120601000000_6,6,7.308505058288574,GPM_IMERG,WA007,2012,"{""type"":""Point"",""coordinates"":[-3.9299999999999997,5.349999999999999]}"
20120601000000_7,6,7.949676036834717,GPM_IMERG,WA008,2012,"{""type"":""Point"",""coordinates"":[-13.67,9.53]}"
20120601000000_8,6,12.330851554870604,GPM_IMERG,WA009,2012,"{""type"":""Point"",""coordinates"":[-13.230000000000002,8.489999999999998]}"
20120601000000_9,6,18.496723175048828,GPM_IMERG,WA010,2012,"{""type"":""Point"",""coordinates"":[-10.799999999999999,6.3]}"
20120601000000_10,6,7.116079330444336,GPM_IMERG,WA011,2012,"{""type"":""Point"",""coordinates"":[1.22,6.130000000000001]}"
20120601000000_11,6,10.654236793518066,GPM_IMERG,WA012,2012,"{""type"":""Point"",""coordinates"":[2.42,6.37]}"
20120601000000_12,6,6.98433780670166,GPM_IMERG,WA013,2012,"{""type"":""Point"",""coordinates"":[8.52,12.05]}"
20120601000000_13,6,7.880609512329102,GPM_IMERG,WA014,2012,"{""type"":""Point"",""coordinates"":[-1.62,6.69]}"
20120601000000_14,6,3.2004942893981934,GPM_IMERG,WA015,2012,"{""type"":""Point"",""coordinates"":[-16.680000000000003,13.45]}"
,6,0.010125776,GPM_IMERG,WA016,2012,
20120701000000_0,7,3.10097599029541,GPM_IMERG,WA001,2012,"{""type"":""Point"",""coordinates"":[-17.470000000000002,14.73]}"
20120701000000_1,7,11.066737174987791,GPM_IMERG,WA002,2012,"{""type"":""Point"",""coordinates"":[-7.949999999999998,12.65]}"
20120701000000_2,7,8.724502563476562,GPM_IMERG,WA003,2012,"{""type"":""Point"",""coordinates"":[-1.5200000000000002,12.360000000000001]}"
20120701000000_3,7,5.307760238647461,GPM_IMERG,WA004,2012,"{""type"":""Point"",""coordinates"":[2.17,13.51]}"
20120701000000_4,7,12.403223037719728,GPM_IMERG,WA005,2012,"{""type"":""Point"",""coordinates"":[7.33,9.07]}"
20120701000000_5,7,0.7966091632843018,GPM_IMERG,WA006,2012,"{""type"":""Point"",""coordinates"":[-0.17,5.56]}"
20120701000000_6,7,1.7037739753723145,GPM_IMERG,WA007,2012,"{""type"":""Point"",""coordinates"":[-3.9299999999999997,5.349999999999999]}"
20120701000000_7,7,24.52028083801269,GPM_IMERG,WA008,2012,"{""type"":""Point"",""coordinates"":[-13.67,9.53]}"
20120701000000_8,7,19.90544319152832,GPM_IMERG,WA009,2012,"{""type"":""Point"",""coordinates"":[-13.230000000000002,8.489999999999998]}"
20120701000000_9,7,13.778596878051758,GPM_IMERG,WA010,2012,"{""type"":""Point"",""coordinates"":[-10.799999999999999,6.3]}"
20120701000000_10,7,2.0904550552368164,GPM_IMERG,WA011,2012,"{""type"":""Point"",""coordinates"":[1.22,6.130000000000001]}"
20120701000000_11,7,2.491316795349121,GPM_IMERG,WA012,2012,"{""type"":""Point"",""coordinates"":[2.42,6.37]}"
20120701000000_12,7,7.654447078704834,GPM_IMERG,WA013,2012,"{""type"":""Point"",""coordinates"":[8.52,12.05]}"
20120701000000_13,7,2.395861864089966,GPM_IMERG,WA014,2012,"{""type"":""Point"",""coordinates"":[-1.62,6.69]}"
20120701000000_14,7,11.235048294067385,GPM_IMERG,WA015,2012,"{""type"":""Point"",""coordinates"":[-16.680000000000003,13.45]}"
,7,0.3998658,GPM_IMERG,WA016,2012,
20120801000000_0,8,9.232136726379396,GPM_IMERG,WA001,2012,"{""type"":""Point"",""coordinates"":[-17.470000000000002,14.73]}"
20120801000000_1,8,10.148309707641602,GPM_IMERG,WA002,2012,"{""type"":""Point"",""coordinates"":[-7.949999999999998,12.65]}"
20120801000000_2,8,8.678181648254395,GPM_IMERG,WA003,2012,"{""type"":""Point"",""coordinates"":[-1.5200000000000002,12.360000000000001]}"
20120801000000_3,8,7.908578395843506,GPM_IMERG,WA004,2012,"{""type"":""Point"",""coordinates"":[2.17,13.51]}"
20120801000000_4,8,8.344634056091309,GPM_IMERG,WA005,2012,"{""type"":""Point"",""coordinates"":[7.33,9.07]}"
20120801000000_5,8,0.4499229788780212,GPM_IMERG,WA006,2012,"{""type"":""Point"",""coordinates"":[-0.17,5.56]}"
20120801000000_6,8,0.5946482419967651,GPM_IMERG,WA007,2012,"{""type"":""Point"",""coordinates"":[-3.9299999999999997,5.349999999999999]}"
20120801000000_7,8,21.920276641845703,GPM_IMERG,WA008,2012,"{""type"":""Point"",""coordinates"":[-13.67,9.53]}"
20120801000000_8,8,17.383342742919922,GPM_IMERG,WA009,2012,"{""type"":""Point"",""coordinates"":[-13.230000000000002,8.489999999999998]}"
20120801000000_9,8,13.43960189819336,GPM_IMERG,WA010,2012,"{""type"":""Point"",""coordinates"":[-10.799999999999999,6.3]}"
20120801000000_10,8,1.1671243906021118,GPM_IMERG,WA011,2012,"{""type"":""Point"",""coordinates"":[1.22,6.130000000000001]}"
20120801000000_11,8,1.4067789316177368,GPM_IMERG,WA012,2012,"{""type"":""Point"",""coordinates"":[2.42,6.37]}"
20120801000000_12,8,10.230131149291992,GPM_IMERG,WA013,2012,"{""type"":""Point"",""coordinates"":[8.52,12.05]}"
20120801000000_13,8,0.8187939524650574,GPM_IMERG,WA014,2012,"{""type"":""Point"",""coordinates"":[-1.62,6.69]}"
20120801000000_14,8,13.484379768371582,GPM_IMERG,WA015,2012,"{""type"":""Point"",""coordinates"":[-16.680000000000003,13.45]}"
,8,0.7197378,GPM_IMERG,WA016,2012,
20120901000000_0,9,7.160914421081543,GPM_IMERG,WA001,2012,"{""type"":""Point"",""coordinates"":[-17.470000000000002,14.73]}"
20120901000000_1,9,3.835099458694458,GPM_IMERG,WA002,2012,"{""type"":""Point"",""coordinates"":[-7.949999999999998,12.65]}"
20120901000000_2,9,6.170586109161377,GPM_IMERG,WA003,2012,"{""type"":""Point"",""coordinates"":[-1.5200000000000002,12.360000000000001]}"
20120901000000_3,9,3.983201265335083,GPM_IMERG,WA004,2012,"{""type"":""Point"",""coordinates"":[2.17,13.51]}"
20120901000000_4,9,8.942079544067383,GPM_IMERG,WA005,2012,"{""type"":""Point"",""coordinates"":[7.33,9.07]}"
20120901000000_5,9,2.269858837127685,GPM_IMERG,WA006,2012,"{""type"":""Point"",""coordinates"":[-0.17,5.56]}"
20120901000000_6,9,1.9599292278289795,GPM_IMERG,WA007,2012,"{""type"":""Point"",""coordinates"":[-3.9299999999999997,5.349999999999999]}"
20120901000000_7,9,9.876749992370604,GPM_IMERG,WA008,2012,"{""type"":""Point"",""coordinates"":[-13.67,9.53]}"
20120901000000_8,9,14.97661304473877,GPM_IMERG,WA009,2012,"{""type"":""Point"",""coordinates"":[-13.230000000000002,8.489999999999998]}"
20120901000000_9,9,25.32137680053711,GPM_IMERG,WA010,2012,"{""type"":""Point"",""coordinates"":[-10.799999999999999,6.3]}"
20120901000000_10,9,2.611743450164795,GPM_IMERG,WA011,2012,"{""type"":""Point"",""coordinates"":[1.22,6.130000000000001]}"
20120901000000_11,9,5.151808738708496,GPM_IMERG,WA012,2012,"{""type"":""Point"",""coordinates"":[2.42,6.37]}"
20120901000000_12,9,3.495257377624512,GPM_IMERG,WA013,2012,"{""type"":""Point"",""coordinates"":[8.52,12.05]}"
20120901000000_13,9,4.266927242279053,GPM_IMERG,WA014,2012,"{""type"":""Point"",""coordinates"":[-1.62,6.69]}"
20120901000000_14,9,10.793169021606444,GPM_IMERG,WA015,2012,"{""type"":""Point"",""coordinates"":[-16.680000000000003,13.45]}"
,9,1.7981281,GPM_IMERG,WA016,2012,
20121001000000_0,10,0.2422523945569992,GPM_IMERG,WA001,2012,"{""type"":""Point"",""coordinates"":[-17.470000000000002,14.73]}"
20121001000000_1,10,0.7208810448646545,GPM_IMERG,WA002,2012,"{""type"":""Point"",""coordinates"":[-7.949999999999998,12.65]}"
20121001000000_2,10,0.3161851167678833,GPM_IMERG,WA003,2012,"{""type"":""Point"",""coordinates"":[-1.5200000000000002,12.360000000000001]}"
20121001000000_3,10,0.6399995684623718,GPM_IMERG,WA004,2012,"{""type"":""Point"",""coordinates"":[2.17,13.51]}"
20121001000000_4,10,7.268800258636475,GPM_IMERG,WA005,2012,"{""type"":""Point"",""coordinates"":[7.33,9.07]}"
20121001000000_5,10,3.772464513778688,GPM_IMERG,WA006,2012,"{""type"":""Point"",""coordinates"":[-0.17,5.56]}"
20121001000000_6,10,6.409043312072754,GPM_IMERG,WA007,2012,"{""type"":""Point"",""coordinates"":[-3.9299999999999997,5.349999999999999]}"
20121001000000_7,10,7.835236072540283,GPM_IMERG,WA008,2012,"{""type"":""Point"",""coordinates"":[-13.67,9.53]}"
20121001000000_8,10,7.932504653930664,GPM_IMERG,WA009,2012,"{""type"":""Point"",""coordinates"":[-13.230000000000002,8.489999999999998]}"
20121001000000_9,10,17.784027099609375,GPM_IMERG,WA010,2012,"{""type"":""Point"",""coordinates"":[-10.799999999999999,6.3]}"
20121001000000_10,10,3.372164487838745,GPM_IMERG,WA011,2012,"{""type"":""Point"",""coordinates"":[1.22,6.130000000000001]}"
20121001000000_11,10,5.194072723388672,GPM_IMERG,WA012,2012,"{""type"":""Point"",""coordinates"":[2.42,6.37]}"
20121001000000_12,10,0.6151137351989746,GPM_IMERG,WA013,2012,"{""type"":""Point"",""coordinates"":[8.52,12.05]}"
20121001000000_13,10,5.76564884185791,GPM_IMERG,WA014,2012,"{""type"":""Point"",""coordinates"":[-1.62,6.69]}"
20121001000000_14,10,1.7591630220413208,GPM_IMERG,WA015,2012,"{""type"":""Point"",""coordinates"":[-16.680000000000003,13.45]}"
,10,0.054555584,GPM_IMERG,WA016,2012,
20121101000000_0,11,0.0397476181387901,GPM_IMERG,WA001,2012,"{""type"":""Point"",""coordinates"":[-17.470000000000002,14.73]}"
20121101000000_1,11,0.3791818618774414,GPM_IMERG,WA002,2012,"{""type"":""Point"",""coordinates"":[-7.949999999999998,12.65]}"
20121101000000_2,11,0.0657883435487747,GPM_IMERG,WA003,2012,"{""type"":""Point"",""coordinates"":[-1.5200000000000002,12.360000000000001]}"
20121101000000_3,11,0.0114318486303091,GPM_IMERG,WA004,2012,"{""type"":""Point"",""coordinates"":[2.17,13.51]}"
20121101000000_4,11,0.5782996416091919,GPM_IMERG,WA005,2012,"{""type"":""Point"",""coordinates"":[7.33,9.07]}"
20121101000000_5,11,1.1384567022323608,GPM_IMERG,WA006,2012,"{""type"":""Point"",""coordinates"":[-0.17,5.56]}"
20121101000000_6,11,5.786020755767822,GPM_IMERG,WA007,2012,"{""type"":""Point"",""coordinates"":[-3.9299999999999997,5.349999999999999]}"
20121101000000_7,11,2.995477199554444,GPM_IMERG,WA008,2012,"{""type"":""Point"",""coordinates"":[-13.67,9.53]}"
20121101000000_8,11,4.112508773803711,GPM_IMERG,WA009,2012,"{""type"":""Point"",""coordinates"":[-13.230000000000002,8.489999999999998]}"
20121101000000_9,11,9.071337699890137,GPM_IMERG,WA010,2012,"{""type"":""Point"",""coordinates"":[-10.799999999999999,6.3]}"
20121101000000_10,11,1.0034611225128174,GPM_IMERG,WA011,2012,"{""type"":""Point"",""coordinates"":[1.22,6.130000000000001]}"
20121101000000_11,11,1.8561638593673704,GPM_IMERG,WA012,2012,"{""type"":""Point"",""coordinates"":[2.42,6.37]}"
20121101000000_12,11,0.0596822276711463,GPM_IMERG,WA013,2012,"{""type"":""Point"",""coordinates"":[8.52,12.05]}"
20121101000000_13,11,5.799429416656494,GPM_IMERG,WA014,2012,"{""type"":""Point"",""coordinates"":[-1.62,6.69]}"
20121101000000_14,11,0.164027526974678,GPM_IMERG,WA015,2012,"{""type"":""Point"",""coordinates"":[-16.680000000000003,13.45]}"
,11,0.0,GPM_IMERG,WA016,2012,
20121201000000_0,12,0.0,GPM_IMERG,WA001,2012,"{""type"":""Point"",""coordinates"":[-17.470000000000002,14.73]}"
20121201000000_1,12,0.0,GPM_IMERG,WA002,2012,"{""type"":""Point"",""coordinates"":[-7.949999999999998,12.65]}"
20121201000000_2,12,0.0240000002086162,GPM_IMERG,WA003,2012,"{""type"":""Point"",""coordinates"":[-1.5200000000000002,12.360000000000001]}"
20121201000000_3,12,0.0,GPM_IMERG,WA004,2012,"{""type"":""Point"",""coordinates"":[2.17,13.51]}"
20121201000000_4,12,0.4212327301502228,GPM_IMERG,WA005,2012,"{""type"":""Point"",""coordinates"":[7.33,9.07]}"
20121201000000_5,12,0.8328157067298889,GPM_IMERG,WA006,2012,"{""type"":""Point"",""coordinates"":[-0.17,5.56]}"
20121201000000_6,12,3.2305054664611816,GPM_IMERG,WA007,2012,"{""type"":""Point"",""coordinates"":[-3.9299999999999997,5.349999999999999]}"
20121201000000_7,12,0.6161877512931824,GPM_IMERG,WA008,2012,"{""type"":""Point"",""coordinates"":[-13.67,9.53]}"
20121201000000_8,12,3.327479362487793,GPM_IMERG,WA009,2012,"{""type"":""Point"",""coordinates"":[-13.230000000000002,8.489999999999998]}"
20121201000000_9,12,2.820737361907959,GPM_IMERG,WA010,2012,"{""type"":""Point"",""coordinates"":[-10.799999999999999,6.3]}"
20121201000000_10,12,0.4837673902511596,GPM_IMERG,WA011,2012,"{""type"":""Point"",""coordinates"":[1.22,6.130000000000001]}"
20121201000000_11,12,0.941049098968506,GPM_IMERG,WA012,2012,"{""type"":""Point"",""coordinates"":[2.42,6.37]}"
20121201000000_12,12,0.0,GPM_IMERG,WA013,2012,"{""type"":""Point"",""coordinates"":[8.52,12.05]}"
20121201000000_13,12,4.2378644943237305,GPM_IMERG,WA014,2012,"{""type"":""Point"",""coordinates"":[-1.62,6.69]}"
20121201000000_14,12,0.0014082533307373,GPM_IMERG,WA015,2012,"{""type"":""Point"",""coordinates"":[-16.680000000000003,13.45]}"
,12,0.0,GPM_IMERG,WA016,2012,
20130101000000_0,1,0.0397666916251182,GPM_IMERG,WA001,2013,"{""type"":""Point"",""coordinates"":[-17.470000000000002,14.73]}"
20130101000000_1,1,0.0720071345567703,GPM_IMERG,WA002,2013,"{""type"":""Point"",""coordinates"":[-7.949999999999998,12.65]}"
20130101000000_2,1,0.0282164216041564,GPM_IMERG,WA003,2013,"{""type"":""Point"",""coordinates"":[-1.5200000000000002,12.360000000000001]}"
20130101000000_3,1,0.0,GPM_IMERG,WA004,2013,"{""type"":""Point"",""coordinates"":[2.17,13.51]}"
20130101000000_4,1,0.137993186712265,GPM_IMERG,WA005,2013,"{""type"":""Point"",""coordinates"":[7.33,9.07]}"
20130101000000_5,1,0.9152723550796508,GPM_IMERG,WA006,2013,"{""type"":""Point"",""coordinates"":[-0.17,5.56]}"
20130101000000_6,1,0.11005499958992,GPM_IMERG,WA007,2013,"{""type"":""Point"",""coordinates"":[-3.9299999999999997,5.349999999999999]}"
20130101000000_7,1,0.0111568970605731,GPM_IMERG,WA008,2013,"{""type"":""Point"",""coordinates"":[-13.67,9.53]}"
20130101000000_8,1,0.0628065839409828,GPM_IMERG,WA009,2013,"{""type"":""Point"",""coordinates"":[-13.230000000000002,8.489999999999998]}"
20130101000000_9,1,0.1977013647556305,GPM_IMERG,WA010,2013,"{""type"":""Point"",""coordinates"":[-10.799999999999999,6.3]}"
20130101000000_10,1,0.4312526285648346,GPM_IMERG,WA011,2013,"{""type"":""Point"",""coordinates"":[1.22,6.130000000000001]}"
20130101000000_11,1,1.4511253833770752,GPM_IMERG,WA012,2013,"{""type"":""Point"",""coordinates"":[2.42,6.37]}"
20130101000000_12,1,0.0098354537039995,GPM_IMERG,WA013,2013,"{""type"":""Point"",""coordinates"":[8.52,12.05]}"
20130101000000_13,1,1.7826685905456543,GPM_IMERG,WA014,2013,"{""type"":""Point"",""coordinates"":[-1.62,6.69]}"
20130101000000_14,1,0.1264237463474273,GPM_IMERG,WA015,2013,"{""type"":""Point"",""coordinates"":[-16.680000000000003,13.45]}"
,1,0.0,GPM_IMERG,WA016,2013,
20130201000000_0,2,0.0547762289643287,GPM_IMERG,WA001,2013,"{""type"":""Point"",""coordinates"":[-17.470000000000002,14.73]}"
20130201000000_1,2,0.0471550971269607,GPM_IMERG,WA002,2013,"{""type"":""Point"",""coordinates"":[-7.949999999999998,12.65]}"
20130201000000_2,2,0.0611105076968669,GPM_IMERG,WA003,2013,"{""type"":""Point"",""coordinates"":[-1.5200000000000002,12.360000000000001]}"
20130201000000_3,2,0.0976858809590339,GPM_IMERG,WA004,2013,"{""type"":""Point"",""coordinates"":[2.17,13.51]}"
20130201000000_4,2,1.0140445232391355,GPM_IMERG,WA005,2013,"{""type"":""Point"",""coordinates"":[7.33,9.07]}"
20130201000000_5,2,0.362048476934433,GPM_IMERG,WA006,2013,"{""type"":""Point"",""coordinates"":[-0.17,5.56]}"
20130201000000_6,2,1.0011802911758425,GPM_IMERG,WA007,2013,"{""type"":""Point"",""coordinates"":[-3.9299999999999997,5.349999999999999]}"
20130201000000_7,2,0.028210574761033,GPM_IMERG,WA008,2013,"{""type"":""Point"",""coordinates"":[-13.67,9.53]}"
20130201000000_8,2,0.132343903183937,GPM_IMERG,WA009,2013,"{""type"":""Point"",""coordinates"":[-13.230000000000002,8.489999999999998]}"
20130201000000_9,2,0.2463507354259491,GPM_IMERG,WA010,2013,"{""type"":""Point"",""coordinates"":[-10.799999999999999,6.3]}"
20130201000000_10,2,0.3516617119312286,GPM_IMERG,WA011,2013,"{""type"":""Point"",""coordinates"":[1.22,6.130000000000001]}"
20130201000000_11,2,1.0730149745941162,GPM_IMERG,WA012,2013,"{""type"":""Point"",""coordinates"":[2.42,6.37]}"
20130201000000_12,2,0.0840688496828079,GPM_IMERG,WA013,2013,"{""type"":""Point"",""coordinates"":[8.52,12.05]}"
20130201000000_13,2,2.040485382080078,GPM_IMERG,WA014,2013,"{""type"":""Point"",""coordinates"":[-1.62,6.69]}"
20130201000000_14,2,0.0028165066614747,GPM_IMERG,WA015,2013,"{""type"":""Point"",""coordinates"":[-16.680000000000003,13.45]}"
,2,0.030004667,GPM_IMERG,WA016,2013,
20130301000000_0,3,0.0210095383226871,GPM_IMERG,WA001,2013,"{""type"":""Point"",""coordinates"":[-17.470000000000002,14.73]}"
20130301000000_1,3,0.0236359275877475,GPM_IMERG,WA002,2013,"{""type"":""Point"",""coordinates"":[-7.949999999999998,12.65]}"
20130301000000_2,3,0.2057612091302871,GPM_IMERG,WA003,2013,"{""type"":""Point"",""coordinates"":[-1.5200000000000002,12.360000000000001]}"
20130301000000_3,3,0.0,GPM_IMERG,WA004,2013,"{""type"":""Point"",""coordinates"":[2.17,13.51]}"
20130301000000_4,3,1.7230154275894165,GPM_IMERG,WA005,2013,"{""type"":""Point"",""coordinates"":[7.33,9.07]}"
20130301000000_5,3,1.780864953994751,GPM_IMERG,WA006,2013,"{""type"":""Point"",""coordinates"":[-0.17,5.56]}"
20130301000000_6,3,2.607283353805542,GPM_IMERG,WA007,2013,"{""type"":""Point"",""coordinates"":[-3.9299999999999997,5.349999999999999]}"
20130301000000_7,3,0.0050598317757248,GPM_IMERG,WA008,2013,"{""type"":""Point"",""coordinates"":[-13.67,9.53]}"
20130301000000_8,3,0.2636202573776245,GPM_IMERG,WA009,2013,"{""type"":""Point"",""coordinates"":[-13.230000000000002,8.489999999999998]}"
20130301000000_9,3,2.4521467685699463,GPM_IMERG,WA010,2013,"{""type"":""Point"",""coordinates"":[-10.799999999999999,6.3]}"
20130301000000_10,3,2.2696433067321777,GPM_IMERG,WA011,2013,"{""type"":""Point"",""coordinates"":[1.22,6.130000000000001]}"
20130301000000_11,3,2.427692413330078,GPM_IMERG,WA012,2013,"{""type"":""Point"",""coordinates"":[2.42,6.37]}"
20130301000000_12,3,0.078518159687519,GPM_IMERG,WA013,2013,"{""type"":""Point"",""coordinates"":[8.52,12.05]}"
20130301000000_13,3,4.42442798614502,GPM_IMERG,WA014,2013,"{""type"":""Point"",""coordinates"":[-1.62,6.69]}"
20130301000000_14,3,0.0225917473435401,GPM_IMERG,WA015,2013,"{""type"":""Point"",""coordinates"":[-16.680000000000003,13.45]}"
,3,0.004593479,GPM_IMERG,WA016,2013,
20130401000000_0,4,0.0082523841410875,GPM_IMERG,WA001,2013,"{""type"":""Point"",""coordinates"":[-17.470000000000002,14.73]}"
20130401000000_1,4,0.1693404167890548,GPM_IMERG,WA002,2013,"{""type"":""Point"",""coordinates"":[-7.949999999999998,12.65]}"
20130401000000_2,4,1.11181640625,GPM_IMERG,WA003,2013,"{""type"":""Point"",""coordinates"":[-1.5200000000000002,12.360000000000001]}"
20130401000000_3,4,1.5268523693084717,GPM_IMERG,WA004,2013,"{""type"":""Point"",""coordinates"":[2.17,13.51]}"
20130401000000_4,4,4.427988052368164,GPM_IMERG,WA005,2013,"{""type"":""Point"",""coordinates"":[7.33,9.07]}"
20130401000000_5,4,1.7570875883102417,GPM_IMERG,WA006,2013,"{""type"":""Point"",""coordinates"":[-0.17,5.56]}"
20130401000000_6,4,2.2748501300811768,GPM_IMERG,WA007,2013,"{""type"":""Point"",""coordinates"":[-3.9299999999999997,5.349999999999999]}"
20130401000000_7,4,0.0813618674874305,GPM_IMERG,WA008,2013,"{""type"":""Point"",""coordinates"":[-13.67,9.53]}"
20130401000000_8,4,1.0953973531723022,GPM_IMERG,WA009,2013,"{""type"":""Point"",""coordinates"":[-13.230000000000002,8.489999999999998]}"
20130401000000_9,4,4.985541343688965,GPM_IMERG,WA010,2013,"{""type"":""Point"",""coordinates"":[-10.799999999999999,6.3]}"
20130401000000_10,4,3.706351757049561,GPM_IMERG,WA011,2013,"{""type"":""Point"",""coordinates"":[1.22,6.130000000000001]}"
20130401000000_11,4,4.395178318023682,GPM_IMERG,WA012,2013,"{""type"":""Point"",""coordinates"":[2.42,6.37]}"
20130401000000_12,4,0.5540174245834351,GPM_IMERG,WA013,2013,"{""type"":""Point"",""coordinates"":[8.52,12.05]}"
20130401000000_13,4,3.812451124191284,GPM_IMERG,WA014,2013,"{""type"":""Point"",""coordinates"":[-1.62,6.69]}"
20130401000000_14,4,0.0,GPM_IMERG,WA015,2013,"{""type"":""Point"",""coordinates"":[-16.680000000000003,13.45]}"
,4,0.0105043575,GPM_IMERG,WA016,2013,
20130501000000_0,5,0.0134952310472726,GPM_IMERG,WA001,2013,"{""type"":""Point"",""coordinates"":[-17.470000000000002,14.73]}"
20130501000000_1,5,1.4242500066757202,GPM_IMERG,WA002,2013,"{""type"":""Point"",""coordinates"":[-7.949999999999998,12.65]}"
20130501000000_2,5,1.6730918884277344,GPM_IMERG,WA003,2013,"{""type"":""Point"",""coordinates"":[-1.5200000000000002,12.360000000000001]}"
20130501000000_3,5,0.2554173469543457,GPM_IMERG,WA004,2013,"{""type"":""Point"",""coordinates"":[2.17,13.51]}"
20130501000000_4,5,2.3171963691711426,GPM_IMERG,WA005,2013,"{""type"":""Point"",""coordinates"":[7.33,9.07]}"
20130501000000_5,5,3.984529733657837,GPM_IMERG,WA006,2013,"{""type"":""Point"",""coordinates"":[-0.17,5.56]}"
20130501000000_6,5,7.927394390106201,GPM_IMERG,WA007,2013,"{""type"":""Point"",""coordinates"":[-3.9299999999999997,5.349999999999999]}"
20130501000000_7,5,4.973249912261963,GPM_IMERG,WA008,2013,"{""type"":""Point"",""coordinates"":[-13.67,9.53]}"
20130501000000_8,5,9.215486526489258,GPM_IMERG,WA009,2013,"{""type"":""Point"",""coordinates"":[-13.230000000000002,8.489999999999998]}"
20130501000000_9,5,15.306493759155272,GPM_IMERG,WA010,2013,"{""type"":""Point"",""coordinates"":[-10.799999999999999,6.3]}"
20130501000000_10,5,6.465285778045654,GPM_IMERG,WA011,2013,"{""type"":""Point"",""coordinates"":[1.22,6.130000000000001]}"
20130501000000_11,5,7.54043436050415,GPM_IMERG,WA012,2013,"{""type"":""Point"",""coordinates"":[2.42,6.37]}"
20130501000000_12,5,0.8074989914894104,GPM_IMERG,WA013,2013,"{""type"":""Point"",""coordinates"":[8.52,12.05]}"
20130501000000_13,5,5.706625938415527,GPM_IMERG,WA014,2013,"{""type"":""Point"",""coordinates"":[-1.62,6.69]}"
20130501000000_14,5,0.4317440390586853,GPM_IMERG,WA015,2013,"{""type"":""Point"",""coordinates"":[-16.680000000000003,13.45]}"
,5,0.0,GPM_IMERG,WA016,2013,
20130601000000_0,6,0.2474380284547805,GPM_IMERG,WA001,2013,"{""type"":""Point"",""coordinates"":[-17.470000000000002,14.73]}"
20130601000000_1,6,6.051766395568848,GPM_IMERG,WA002,2013,"{""type"":""Point"",""coordinates"":[-7.949999999999998,12.65]}"
20130601000000_2,6,1.9965856075286863,GPM_IMERG,WA003,2013,"{""type"":""Point"",""coordinates"":[-1.5200000000000002,12.360000000000001]}"
20130601000000_3,6,2.221259117126465,GPM_IMERG,WA004,2013,"{""type"":""Point"",""coordinates"":[2.17,13.51]}"
20130601000000_4,6,7.919832706451416,GPM_IMERG,WA005,2013,"{""type"":""Point"",""coordinates"":[7.33,9.07]}"
20130601000000_5,6,3.096759557723999,GPM_IMERG,WA006,2013,"{""type"":""Point"",""coordinates"":[-0.17,5.56]}"
20130601000000_6,6,5.2558674812316895,GPM_IMERG,WA007,2013,"{""type"":""Point"",""coordinates"":[-3.9299999999999997,5.349999999999999]}"
20130601000000_7,6,17.13949966430664,GPM_IMERG,WA008,2013,"{""type"":""Point"",""coordinates"":[-13.67,9.53]}"
20130601000000_8,6,20.48475456237793,GPM_IMERG,WA009,2013,"{""type"":""Point"",""coordinates"":[-13.230000000000002,8.489999999999998]}"
20130601000000_9,6,13.120077133178713,GPM_IMERG,WA010,2013,"{""type"":""Point"",""coordinates"":[-10.799999999999999,6.3]}"
20130601000000_10,6,3.841367244720459,GPM_IMERG,WA011,2013,"{""type"":""Point"",""coordinates"":[1.22,6.130000000000001]}"
20130601000000_11,6,4.432534217834473,GPM_IMERG,WA012,2013,"{""type"":""Point"",""coordinates"":[2.42,6.37]}"
20130601000000_12,6,4.493042469024658,GPM_IMERG,WA013,2013,"{""type"":""Point"",""coordinates"":[8.52,12.05]}"
20130601000000_13,6,4.200429439544678,GPM_IMERG,WA014,2013,"{""type"":""Point"",""coordinates"":[-1.62,6.69]}"
20130601000000_14,6,0.7446656823158264,GPM_IMERG,WA015,2013,"{""type"":""Point"",""coordinates"":[-16.680000000000003,13.45]}"
,6,0.0,GPM_IMERG,WA016,2013,
20130701000000_0,7,2.082019090652466,GPM_IMERG,WA001,2013,"{""type"":""Point"",""coordinates"":[-17.470000000000002,14.73]}"
20130701000000_1,7,5.455395221710205,GPM_IMERG,WA002,2013,"{""type"":""Point"",""coordinates"":[-7.949999999999998,12.65]}"
20130701000000_2,7,5.890333652496338,GPM_IMERG,WA003,2013,"{""type"":""Point"",""coordinates"":[-1.5200000000000002,12.360000000000001]}"
20130701000000_3,7,2.595357894897461,GPM_IMERG,WA004,2013,"{""type"":""Point"",""coordinates"":[2.17,13.51]}"
20130701000000_4,7,10.031749725341797,GPM_IMERG,WA005,2013,"{""type"":""Point"",""coordinates"":[7.33,9.07]}"
20130701000000_5,7,1.4821170568466189,GPM_IMERG,WA006,2013,"{""type"":""Point"",""coordinates"":[-0.17,5.56]}"
20130701000000_6,7,2.876214027404785,GPM_IMERG,WA007,2013,"{""type"":""Point"",""coordinates"":[-3.9299999999999997,5.349999999999999]}"
20130701000000_7,7,14.63893985748291,GPM_IMERG,WA008,2013,"{""type"":""Point"",""coordinates"":[-13.67,9.53]}"
20130701000000_8,7,14.511489868164062,GPM_IMERG,WA009,2013,"{""type"":""Point"",""coordinates"":[-13.230000000000002,8.489999999999998]}"
20130701000000_9,7,9.717364311218262,GPM_IMERG,WA010,2013,"{""type"":""Point"",""coordinates"":[-10.799999999999999,6.3]}"
20130701000000_10,7,1.6140340566635132,GPM_IMERG,WA011,2013,"{""type"":""Point"",""coordinates"":[1.22,6.130000000000001]}"
20130701000000_11,7,2.7377583980560303,GPM_IMERG,WA012,2013,"{""type"":""Point"",""coordinates"":[2.42,6.37]}"
20130701000000_12,7,5.083145618438721,GPM_IMERG,WA013,2013,"{""type"":""Point"",""coordinates"":[8.52,12.05]}"
20130701000000_13,7,3.3641765117645264,GPM_IMERG,WA014,2013,"{""type"":""Point"",""coordinates"":[-1.62,6.69]}"
20130701000000_14,7,5.084156036376953,GPM_IMERG,WA015,2013,"{""type"":""Point"",""coordinates"":[-16.680000000000003,13.45]}"
,7,0.30257633,GPM_IMERG,WA016,2013,
20130801000000_0,8,8.789619445800781,GPM_IMERG,WA001,2013,"{""type"":""Point"",""coordinates"":[-17.470000000000002,14.73]}"
20130801000000_1,8,9.36972999572754,GPM_IMERG,WA002,2013,"{""type"":""Point"",""coordinates"":[-7.949999999999998,12.65]}"
20130801000000_2,8,8.796961784362793,GPM_IMERG,WA003,2013,"{""type"":""Point"",""coordinates"":[-1.5200000000000002,12.360000000000001]}"
20130801000000_3,8,8.999288558959961,GPM_IMERG,WA004,2013,"{""type"":""Point"",""coordinates"":[2.17,13.51]}"
20130801000000_4,8,3.6102240085601807,GPM_IMERG,WA005,2013,"{""type"":""Point"",""coordinates"":[7.33,9.07]}"
20130801000000_5,8,0.4179526269435882,GPM_IMERG,WA006,2013,"{""type"":""Point"",""coordinates"":[-0.17,5.56]}"
20130801000000_6,8,1.1455157995224,GPM_IMERG,WA007,2013,"{""type"":""Point"",""coordinates"":[-3.9299999999999997,5.349999999999999]}"
20130801000000_7,8,25.76538276672364,GPM_IMERG,WA008,2013,"{""type"":""Point"",""coordinates"":[-13.67,9.53]}"
20130801000000_8,8,20.543291091918945,GPM_IMERG,WA009,2013,"{""type"":""Point"",""coordinates"":[-13.230000000000002,8.489999999999998]}"
20130801000000_9,8,8.669105529785156,GPM_IMERG,WA010,2013,"{""type"":""Point"",""coordinates"":[-10.799999999999999,6.3]}"
20130801000000_10,8,0.2595058381557464,GPM_IMERG,WA011,2013,"{""type"":""Point"",""coordinates"":[1.22,6.130000000000001]}"
20130801000000_11,8,0.3277722001075744,GPM_IMERG,WA012,2013,"{""type"":""Point"",""coordinates"":[2.42,6.37]}"
20130801000000_12,8,8.59412956237793,GPM_IMERG,WA013,2013,"{""type"":""Point"",""coordinates"":[8.52,12.05]}"
20130801000000_13,8,2.2160565853118896,GPM_IMERG,WA014,2013,"{""type"":""Point"",""coordinates"":[-1.62,6.69]}"
20130801000000_14,8,16.762882232666016,GPM_IMERG,WA015,2013,"{""type"":""Point"",""coordinates"":[-16.680000000000003,13.45]}"
,8,3.1581166,GPM_IMERG,WA016,2013,
20130901000000_0,9,7.222765922546387,GPM_IMERG,WA001,2013,"{""type"":""Point"",""coordinates"":[-17.470000000000002,14.73]}"
20130901000000_1,9,5.335042953491211,GPM_IMERG,WA002,2013,"{""type"":""Point"",""coordinates"":[-7.949999999999998,12.65]}"
20130901000000_2,9,5.84091854095459,GPM_IMERG,WA003,2013,"{""type"":""Point"",""coordinates"":[-1.5200000000000002,12.360000000000001]}"
20130901000000_3,9,0.9233165979385376,GPM_IMERG,WA004,2013,"{""type"":""Point"",""coordinates"":[2.17,13.51]}"
20130901000000_4,9,4.404364109039307,GPM_IMERG,WA005,2013,"{""type"":""Point"",""coordinates"":[7.33,9.07]}"
20130901000000_5,9,1.705475091934204,GPM_IMERG,WA006,2013,"{""type"":""Point"",""coordinates"":[-0.17,5.56]}"
20130901000000_6,9,2.0765576362609863,GPM_IMERG,WA007,2013,"{""type"":""Point"",""coordinates"":[-3.9299999999999997,5.349999999999999]}"
20130901000000_7,9,18.49847221374512,GPM_IMERG,WA008,2013,"{""type"":""Point"",""coordinates"":[-13.67,9.53]}"
20130901000000_8,9,17.306360244750977,GPM_IMERG,WA009,2013,"{""type"":""Point"",""coordinates"":[-13.230000000000002,8.489999999999998]}"
20130901000000_9,9,20.508209228515625,GPM_IMERG,WA010,2013,"{""type"":""Point"",""coordinates"":[-10.799999999999999,6.3]}"
20130901000000_10,9,1.7751781940460205,GPM_IMERG,WA011,2013,"{""type"":""Point"",""coordinates"":[1.22,6.130000000000001]}"
20130901000000_11,9,2.56207537651062,GPM_IMERG,WA012,2013,"{""type"":""Point"",""coordinates"":[2.42,6.37]}"
20130901000000_12,9,3.675824642181397,GPM_IMERG,WA013,2013,"{""type"":""Point"",""coordinates"":[8.52,12.05]}"
20130901000000_13,9,6.1989827156066895,GPM_IMERG,WA014,2013,"{""type"":""Point"",""coordinates"":[-1.62,6.69]}"
20130901000000_14,9,7.355542182922363,GPM_IMERG,WA015,2013,"{""type"":""Point"",""coordinates"":[-16.680000000000003,13.45]}"
,9,3.791406,GPM_IMERG,WA016,2013,
20131001000000_0,10,1.1789332628250122,GPM_IMERG,WA001,2013,"{""type"":""Point"",""coordinates"":[-17.470000000000002,14.73]}"
20131001000000_1,10,2.614126920700073,GPM_IMERG,WA002,2013,"{""type"":""Point"",""coordinates"":[-7.949999999999998,12.65]}"
20131001000000_2,10,0.751712441444397,GPM_IMERG,WA003,2013,"{""type"":""Point"",""coordinates"":[-1.5200000000000002,12.360000000000001]}"
20131001000000_3,10,0.1858250051736831,GPM_IMERG,WA004,2013,"{""type"":""Point"",""coordinates"":[2.17,13.51]}"
20131001000000_4,10,3.473705291748047,GPM_IMERG,WA005,2013,"{""type"":""Point"",""coordinates"":[7.33,9.07]}"
20131001000000_5,10,1.9349182844161987,GPM_IMERG,WA006,2013,"{""type"":""Point"",""coordinates"":[-0.17,5.56]}"
20131001000000_6,10,2.289035558700561,GPM_IMERG,WA007,2013,"{""type"":""Point"",""coordinates"":[-3.9299999999999997,5.349999999999999]}"
20131001000000_7,10,9.371060371398926,GPM_IMERG,WA008,2013,"{""type"":""Point"",""coordinates"":[-13.67,9.53]}"
20131001000000_8,10,10.370438575744627,GPM_IMERG,WA009,2013,"{""type"":""Point"",""coordinates"":[-13.230000000000002,8.489999999999998]}"
20131001000000_9,10,13.40987491607666,GPM_IMERG,WA010,2013,"{""type"":""Point"",""coordinates"":[-10.799999999999999,6.3]}"
20131001000000_10,10,1.6981723308563232,GPM_IMERG,WA011,2013,"{""type"":""Point"",""coordinates"":[1.22,6.130000000000001]}"
20131001000000_11,10,3.2914159297943115,GPM_IMERG,WA012,2013,"{""type"":""Point"",""coordinates"":[2.42,6.37]}"
20131001000000_12,10,0.4162684977054596,GPM_IMERG,WA013,2013,"{""type"":""Point"",""coordinates"":[8.52,12.05]}"
20131001000000_13,10,6.228192329406738,GPM_IMERG,WA014,2013,"{""type"":""Point"",""coordinates"":[-1.62,6.69]}"
20131001000000_14,10,2.306926250457764,GPM_IMERG,WA015,2013,"{""type"":""Point"",""coordinates"":[-16.680000000000003,13.45]}"
,10,0.07751706,GPM_IMERG,WA016,2013,
20131101000000_0,11,0.471123993396759,GPM_IMERG,WA001,2013,"{""type"":""Point"",""coordinates"":[-17.470000000000002,14.73]}"
20131101000000_1,11,0.014253893867135,GPM_IMERG,WA002,2013,"{""type"":""Point"",""coordinates"":[-7.949999999999998,12.65]}"
20131101000000_2,11,0.1523649394512176,GPM_IMERG,WA003,2013,"{""type"":""Point"",""coordinates"":[-1.5200000000000002,12.360000000000001]}"
20131101000000_3,11,0.0,GPM_IMERG,WA004,2013,"{""type"":""Point"",""coordinates"":[2.17,13.51]}"
20131101000000_4,11,0.6297870874404907,GPM_IMERG,WA005,2013,"{""type"":""Point"",""coordinates"":[7.33,9.07]}"
20131101000000_5,11,1.5327656269073486,GPM_IMERG,WA006,2013,"{""type"":""Point"",""coordinates"":[-0.17,5.56]}"
20131101000000_6,11,6.391881942749023,GPM_IMERG,WA007,2013,"{""type"":""Point"",""coordinates"":[-3.9299999999999997,5.349999999999999]}"
20131101000000_7,11,2.614624261856079,GPM_IMERG,WA008,2013,"{""type"":""Point"",""coordinates"":[-13.67,9.53]}"
20131101000000_8,11,4.171170711517334,GPM_IMERG,WA009,2013,"{""type"":""Point"",""coordinates"":[-13.230000000000002,8.489999999999998]}"
20131101000000_9,11,10.76577854156494,GPM_IMERG,WA010,2013,"{""type"":""Point"",""coordinates"":[-10.799999999999999,6.3]}"
20131101000000_10,11,1.1791361570358276,GPM_IMERG,WA011,2013,"{""type"":""Point"",""coordinates"":[1.22,6.130000000000001]}"
20131101000000_11,11,1.1928836107254028,GPM_IMERG,WA012,2013,"{""type"":""Point"",""coordinates"":[2.42,6.37]}"
20131101000000_12,11,0.0334405452013015,GPM_IMERG,WA013,2013,"{""type"":""Point"",""coordinates"":[8.52,12.05]}"
20131101000000_13,11,4.186399936676025,GPM_IMERG,WA014,2013,"{""type"":""Point"",""coordinates"":[-1.62,6.69]}"
20131101000000_14,11,0.103984847664833,GPM_IMERG,WA015,2013,"{""type"":""Point"",""coordinates"":[-16.680000000000003,13.45]}"
,11,0.5214113,GPM_IMERG,WA016,2013,
20131201000000_0,12,0.426928848028183,GPM_IMERG,WA001,2013,"{""type"":""Point"",""coordinates"":[-17.470000000000002,14.73]}"
20131201000000_1,12,0.0183848477900028,GPM_IMERG,WA002,2013,"{""type"":""Point"",""coordinates"":[-7.949999999999998,12.65]}"
20131201000000_2,12,0.0194916483014822,GPM_IMERG,WA003,2013,"{""type"":""Point"",""coordinates"":[-1.5200000000000002,12.360000000000001]}"
20131201000000_3,12,0.0,GPM_IMERG,WA004,2013,"{""type"":""Point"",""coordinates"":[2.17,13.51]}"
20131201000000_4,12,0.0882213935256004,GPM_IMERG,WA005,2013,"{""type"":""Point"",""coordinates"":[7.33,9.07]}"
20131201000000_5,12,2.034144639968872,GPM_IMERG,WA006,2013,"{""type"":""Point"",""coordinates"":[-0.17,5.56]}"
20131201000000_6,12,1.95755934715271,GPM_IMERG,WA007,2013,"{""type"":""Point"",""coordinates"":[-3.9299999999999997,5.349999999999999]}"
20131201000000_7,12,0.0384273007512092,GPM_IMERG,WA008,2013,"{""type"":""Point"",""coordinates"":[-13.67,9.53]}"
20131201000000_8,12,1.1050927639007568,GPM_IMERG,WA009,2013,"{""type"":""Point"",""coordinates"":[-13.230000000000002,8.489999999999998]}"
20131201000000_9,12,3.7900800704956055,GPM_IMERG,WA010,2013,"{""type"":""Point"",""coordinates"":[-10.799999999999999,6.3]}"
20131201000000_10,12,0.6261579990386963,GPM_IMERG,WA011,2013,"{""type"":""Point"",""coordinates"":[1.22,6.130000000000001]}"
20131201000000_11,12,0.3039568662643432,GPM_IMERG,WA012,2013,"{""type"":""Point"",""coordinates"":[2.42,6.37]}"
20131201000000_12,12,0.0832955986261367,GPM_IMERG,WA013,2013,"{""type"":""Point"",""coordinates"":[8.52,12.05]}"
20131201000000_13,12,5.166602611541748,GPM_IMERG,WA014,2013,"{""type"":""Point"",""coordinates"":[-1.62,6.69]}"
20131201000000_14,12,0.0276600886136293,GPM_IMERG,WA015,2013,"{""type"":""Point"",""coordinates"":[-16.680000000000003,13.45]}"
,12,0.003009949,GPM_IMERG,WA016,2013,
20140101000000_0,1,0.1478239148855209,GPM_IMERG,WA001,2014,"{""type"":""Point"",""coordinates"":[-17.470000000000002,14.73]}"
20140101000000_1,1,0.0,GPM_IMERG,WA002,2014,"{""type"":""Point"",""coordinates"":[-7.949999999999998,12.65]}"
20140101000000_2,1,0.1731360554695129,GPM_IMERG,WA003,2014,"{""type"":""Point"",""coordinates"":[-1.5200000000000002,12.360000000000001]}"
20140101000000_3,1,0.0,GPM_IMERG,WA004,2014,"{""type"":""Point"",""coordinates"":[2.17,13.51]}"
20140101000000_4,1,0.3342569470405578,GPM_IMERG,WA005,2014,"{""type"":""Point"",""coordinates"":[7.33,9.07]}"
20140101000000_5,1,1.0491243600845337,GPM_IMERG,WA006,2014,"{""type"":""Point"",""coordinates"":[-0.17,5.56]}"
20140101000000_6,1,0.4975332915782928,GPM_IMERG,WA007,2014,"{""type"":""Point"",""coordinates"":[-3.9299999999999997,5.349999999999999]}"
20140101000000_7,1,0.0089087672531604,GPM_IMERG,WA008,2014,"{""type"":""Point"",""coordinates"":[-13.67,9.53]}"
20140101000000_8,1,0.0626276284456253,GPM_IMERG,WA009,2014,"{""type"":""Point"",""coordinates"":[-13.230000000000002,8.489999999999998]}"
20140101000000_9,1,0.7862881422042847,GPM_IMERG,WA010,2014,"{""type"":""Point"",""coordinates"":[-10.799999999999999,6.3]}"
20140101000000_10,1,0.9240902066230774,GPM_IMERG,WA011,2014,"{""type"":""Point"",""coordinates"":[1.22,6.130000000000001]}"
20140101000000_11,1,1.7613155841827393,GPM_IMERG,WA012,2014,"{""type"":""Point"",""coordinates"":[2.42,6.37]}"
20140101000000_12,1,0.0059012719430029,GPM_IMERG,WA013,2014,"{""type"":""Point"",""coordinates"":[8.52,12.05]}"
20140101000000_13,1,3.619988679885864,GPM_IMERG,WA014,2014,"{""type"":""Point"",""coordinates"":[-1.62,6.69]}"
20140101000000_14,1,0.004224759992212,GPM_IMERG,WA015,2014,"{""type"":""Point"",""coordinates"":[-16.680000000000003,13.45]}"
,1,0.00890683,GPM_IMERG,WA016,2014,
20140201000000_0,2,0.0,GPM_IMERG,WA001,2014,"{""type"":""Point"",""coordinates"":[-17.470000000000002,14.73]}"
20140201000000_1,2,0.0065668835304677,GPM_IMERG,WA002,2014,"{""type"":""Point"",""coordinates"":[-7.949999999999998,12.65]}"
20140201000000_2,2,0.0134935695677995,GPM_IMERG,WA003,2014,"{""type"":""Point"",""coordinates"":[-1.5200000000000002,12.360000000000001]}"
20140201000000_3,2,0.0240000002086162,GPM_IMERG,WA004,2014,"{""type"":""Point"",""coordinates"":[2.17,13.51]}"
20140201000000_4,2,0.2410943061113357,GPM_IMERG,WA005,2014,"{""type"":""Point"",""coordinates"":[7.33,9.07]}"
20140201000000_5,2,1.902112603187561,GPM_IMERG,WA006,2014,"{""type"":""Point"",""coordinates"":[-0.17,5.56]}"
20140201000000_6,2,2.323660135269165,GPM_IMERG,WA007,2014,"{""type"":""Point"",""coordinates"":[-3.9299999999999997,5.349999999999999]}"
20140201000000_7,2,0.0082475813105702,GPM_IMERG,WA008,2014,"{""type"":""Point"",""coordinates"":[-13.67,9.53]}"
20140201000000_8,2,0.080232486128807,GPM_IMERG,WA009,2014,"{""type"":""Point"",""coordinates"":[-13.230000000000002,8.489999999999998]}"
20140201000000_9,2,2.1190848350524902,GPM_IMERG,WA010,2014,"{""type"":""Point"",""coordinates"":[-10.799999999999999,6.3]}"
20140201000000_10,2,1.9097485542297363,GPM_IMERG,WA011,2014,"{""type"":""Point"",""coordinates"":[1.22,6.130000000000001]}"
20140201000000_11,2,1.5248392820358276,GPM_IMERG,WA012,2014,"{""type"":""Point"",""coordinates"":[2.42,6.37]}"
20140201000000_12,2,0.0118025448173284,GPM_IMERG,WA013,2014,"{""type"":""Point"",""coordinates"":[8.52,12.05]}"
20140201000000_13,2,5.443440914154053,GPM_IMERG,WA014,2014,"{""type"":""Point"",""coordinates"":[-1.62,6.69]}"
20140201000000_14,2,0.0,GPM_IMERG,WA015,2014,"{""type"":""Point"",""coordinates"":[-16.680000000000003,13.45]}"
,2,0.0,GPM_IMERG,WA016,2014,
20140301000000_0,3,0.0225047692656517,GPM_IMERG,WA001,2014,"{""type"":""Point"",""coordinates"":[-17.470000000000002,14.73]}"
20140301000000_1,3,0.0324430651962757,GPM_IMERG,WA002,2014,"{""type"":""Point"",""coordinates"":[-7.949999999999998,12.65]}"
20140301000000_2,3,0.1408696472644806,GPM_IMERG,WA003,2014,"{""type"":""Point"",""coordinates"":[-1.5200000000000002,12.360000000000001]}"
20140301000000_3,3,0.0242811255156993,GPM_IMERG,WA004,2014,"{""type"":""Point"",""coordinates"":[2.17,13.51]}"
20140301000000_4,3,0.9448477625846864,GPM_IMERG,WA005,2014,"{""type"":""Point"",""coordinates"":[7.33,9.07]}"
20140301000000_5,3,5.525529384613037,GPM_IMERG,WA006,2014,"{""type"":""Point"",""coordinates"":[-0.17,5.56]}"
20140301000000_6,3,3.7958414554595934,GPM_IMERG,WA007,2014,"{""type"":""Point"",""coordinates"":[-3.9299999999999997,5.349999999999999]}"
20140301000000_7,3,0.20323047041893,GPM_IMERG,WA008,2014,"{""type"":""Point"",""coordinates"":[-13.67,9.53]}"
20140301000000_8,3,0.4487309157848358,GPM_IMERG,WA009,2014,"{""type"":""Point"",""coordinates"":[-13.230000000000002,8.489999999999998]}"
20140301000000_9,3,0.5711227059364319,GPM_IMERG,WA010,2014,"{""type"":""Point"",""coordinates"":[-10.799999999999999,6.3]}"
20140301000000_10,3,3.26043438911438,GPM_IMERG,WA011,2014,"{""type"":""Point"",""coordinates"":[1.22,6.130000000000001]}"
20140301000000_11,3,2.9108426570892334,GPM_IMERG,WA012,2014,"{""type"":""Point"",""coordinates"":[2.42,6.37]}"
20140301000000_12,3,0.149522602558136,GPM_IMERG,WA013,2014,"{""type"":""Point"",""coordinates"":[8.52,12.05]}"
20140301000000_13,3,3.258709669113159,GPM_IMERG,WA014,2014,"{""type"":""Point"",""coordinates"":[-1.62,6.69]}"
20140301000000_14,3,0.0,GPM_IMERG,WA015,2014,"{""type"":""Point"",""coordinates"":[-16.680000000000003,13.45]}"
,3,0.009840991,GPM_IMERG,WA016,2014,
20140401000000_0,4,0.0517666898667812,GPM_IMERG,WA001,2014,"{""type"":""Point"",""coordinates"":[-17.470000000000002,14.73]}"
20140401000000_1,4,0.5868910551071167,GPM_IMERG,WA002,2014,"{""type"":""Point"",""coordinates"":[-7.949999999999998,12.65]}"
20140401000000_2,4,1.458245038986206,GPM_IMERG,WA003,2014,"{""type"":""Point"",""coordinates"":[-1.5200000000000002,12.360000000000001]}"
20140401000000_3,4,0.0528660267591476,GPM_IMERG,WA004,2014,"{""type"":""Point"",""coordinates"":[2.17,13.51]}"
20140401000000_4,4,4.819186687469482,GPM_IMERG,WA005,2014,"{""type"":""Point"",""coordinates"":[7.33,9.07]}"
20140401000000_5,4,2.402498960494995,GPM_IMERG,WA006,2014,"{""type"":""Point"",""coordinates"":[-0.17,5.56]}"
20140401000000_6,4,5.404391765594482,GPM_IMERG,WA007,2014,"{""type"":""Point"",""coordinates"":[-3.9299999999999997,5.349999999999999]}"
20140401000000_7,4,0.5142838954925537,GPM_IMERG,WA008,2014,"{""type"":""Point"",""coordinates"":[-13.67,9.53]}"
20140401000000_8,4,0.7173051834106445,GPM_IMERG,WA009,2014,"{""type"":""Point"",""coordinates"":[-13.230000000000002,8.489999999999998]}"
20140401000000_9,4,4.404361248016357,GPM_IMERG,WA010,2014,"{""type"":""Point"",""coordinates"":[-10.799999999999999,6.3]}"
20140401000000_10,4,1.835740566253662,GPM_IMERG,WA011,2014,"{""type"":""Point"",""coordinates"":[1.22,6.130000000000001]}"
20140401000000_11,4,1.8850185871124268,GPM_IMERG,WA012,2014,"{""type"":""Point"",""coordinates"":[2.42,6.37]}"
20140401000000_12,4,0.7934688329696655,GPM_IMERG,WA013,2014,"{""type"":""Point"",""coordinates"":[8.52,12.05]}"
20140401000000_13,4,5.363764762878418,GPM_IMERG,WA014,2014,"{""type"":""Point"",""coordinates"":[-1.62,6.69]}"
20140401000000_14,4,0.0211834926158189,GPM_IMERG,WA015,2014,"{""type"":""Point"",""coordinates"":[-16.680000000000003,13.45]}"
,4,0.032705255,GPM_IMERG,WA016,2014,
20140501000000_0,5,0.0352619253098964,GPM_IMERG,WA001,2014,"{""type"":""Point"",""coordinates"":[-17.470000000000002,14.73]}"
20140501000000_1,5,8.2018404006958,GPM_IMERG,WA002,2014,"{""type"":""Point"",""coordinates"":[-7.949999999999998,12.65]}"
20140501000000_2,5,2.1039206981658936,GPM_IMERG,WA003,2014,"{""type"":""Point"",""coordinates"":[-1.5200000000000002,12.360000000000001]}"
20140501000000_3,5,1.6089850664138794,GPM_IMERG,WA004,2014,"{""type"":""Point"",""coordinates"":[2.17,13.51]}"
20140501000000_4,5,7.860885143280029,GPM_IMERG,WA005,2014,"{""type"":""Point"",""coordinates"":[7.33,9.07]}"
20140501000000_5,5,3.5840003490448,GPM_IMERG,WA006,2014,"{""type"":""Point"",""coordinates"":[-0.17,5.56]}"
20140501000000_6,5,5.582056522369385,GPM_IMERG,WA007,2014,"{""type"":""Point"",""coordinates"":[-3.9299999999999997,5.349999999999999]}"
20140501000000_7,5,1.5809693336486816,GPM_IMERG,WA008,2014,"{""type"":""Point"",""coordinates"":[-13.67,9.53]}"
20140501000000_8,5,5.0135498046875,GPM_IMERG,WA009,2014,"{""type"":""Point"",""coordinates"":[-13.230000000000002,8.489999999999998]}"
20140501000000_9,5,12.690427780151367,GPM_IMERG,WA010,2014,"{""type"":""Point"",""coordinates"":[-10.799999999999999,6.3]}"
20140501000000_10,5,5.447765350341797,GPM_IMERG,WA011,2014,"{""type"":""Point"",""coordinates"":[1.22,6.130000000000001]}"
20140501000000_11,5,7.587852954864502,GPM_IMERG,WA012,2014,"{""type"":""Point"",""coordinates"":[2.42,6.37]}"
20140501000000_12,5,1.4376074075698853,GPM_IMERG,WA013,2014,"{""type"":""Point"",""coordinates"":[8.52,12.05]}"
20140501000000_13,5,4.831297874450684,GPM_IMERG,WA014,2014,"{""type"":""Point"",""coordinates"":[-1.62,6.69]}"
20140501000000_14,5,0.1035697236657142,GPM_IMERG,WA015,2014,"{""type"":""Point"",""coordinates"":[-16.680000000000003,13.45]}"
,5,0.0105043575,GPM_IMERG,WA016,2014,
20140601000000_0,6,0.0345047712326049,GPM_IMERG,WA001,2014,"{""type"":""Point"",""coordinates"":[-17.470000000000002,14.73]}"
20140601000000_1,6,9.609930992126465,GPM_IMERG,WA002,2014,"{""type"":""Point"",""coordinates"":[-7.949999999999998,12.65]}"
20140601000000_2,6,3.0517258644104004,GPM_IMERG,WA003,2014,"{""type"":""Point"",""coordinates"":[-1.5200000000000002,12.360000000000001]}"
20140601000000_3,6,2.689316272735596,GPM_IMERG,WA004,2014,"{""type"":""Point"",""coordinates"":[2.17,13.51]}"
20140601000000_4,6,3.877030372619629,GPM_IMERG,WA005,2014,"{""type"":""Point"",""coordinates"":[7.33,9.07]}"
20140601000000_5,6,6.722506523132324,GPM_IMERG,WA006,2014,"{""type"":""Point"",""coordinates"":[-0.17,5.56]}"
20140601000000_6,6,13.772846221923828,GPM_IMERG,WA007,2014,"{""type"":""Point"",""coordinates"":[-3.9299999999999997,5.349999999999999]}"
20140601000000_7,6,15.079909324645996,GPM_IMERG,WA008,2014,"{""type"":""Point"",""coordinates"":[-13.67,9.53]}"
20140601000000_8,6,16.13191795349121,GPM_IMERG,WA009,2014,"{""type"":""Point"",""coordinates"":[-13.230000000000002,8.489999999999998]}"
20140601000000_9,6,16.6286678314209,GPM_IMERG,WA010,2014,"{""type"":""Point"",""coordinates"":[-10.799999999999999,6.3]}"
20140601000000_10,6,4.484909534454346,GPM_IMERG,WA011,2014,"{""type"":""Point"",""coordinates"":[1.22,6.130000000000001]}"
20140601000000_11,6,8.219182968139648,GPM_IMERG,WA012,2014,"{""type"":""Point"",""coordinates"":[2.42,6.37]}"
20140601000000_12,6,2.5080690383911133,GPM_IMERG,WA013,2014,"{""type"":""Point"",""coordinates"":[8.52,12.05]}"
20140601000000_13,6,9.521445274353027,GPM_IMERG,WA014,2014,"{""type"":""Point"",""coordinates"":[-1.62,6.69]}"
20140601000000_14,6,1.097830295562744,GPM_IMERG,WA015,2014,"{""type"":""Point"",""coordinates"":[-16.680000000000003,13.45]}"
,6,0.010220808,GPM_IMERG,WA016,2014,
20140701000000_0,7,0.6479237079620361,GPM_IMERG,WA001,2014,"{""type"":""Point"",""coordinates"":[-17.470000000000002,14.73]}"
20140701000000_1,7,4.879571914672852,GPM_IMERG,WA002,2014,"{""type"":""Point"",""coordinates"":[-7.949999999999998,12.65]}"
20140701000000_2,7,5.478917121887207,GPM_IMERG,WA003,2014,"{""type"":""Point"",""coordinates"":[-1.5200000000000002,12.360000000000001]}"
20140701000000_3,7,7.471774578094482,GPM_IMERG,WA004,2014,"{""type"":""Point"",""coordinates"":[2.17,13.51]}"
20140701000000_4,7,8.148900985717773,GPM_IMERG,WA005,2014,"{""type"":""Point"",""coordinates"":[7.33,9.07]}"
20140701000000_5,7,3.8990120887756334,GPM_IMERG,WA006,2014,"{""type"":""Point"",""coordinates"":[-0.17,5.56]}"
20140701000000_6,7,13.785107612609863,GPM_IMERG,WA007,2014,"{""type"":""Point"",""coordinates"":[-3.9299999999999997,5.349999999999999]}"
20140701000000_7,7,21.6282901763916,GPM_IMERG,WA008,2014,"{""type"":""Point"",""coordinates"":[-13.67,9.53]}"
20140701000000_8,7,29.10570335388184,GPM_IMERG,WA009,2014,"{""type"":""Point"",""coordinates"":[-13.230000000000002,8.489999999999998]}"
20140701000000_9,7,18.86571884155273,GPM_IMERG,WA010,2014,"{""type"":""Point"",""coordinates"":[-10.799999999999999,6.3]}"
20140701000000_10,7,2.839694023132324,GPM_IMERG,WA011,2014,"{""type"":""Point"",""coordinates"":[1.22,6.130000000000001]}"
20140701000000_11,7,7.650391101837158,GPM_IMERG,WA012,2014,"{""type"":""Point"",""coordinates"":[2.42,6.37]}"
20140701000000_12,7,5.740020275115967,GPM_IMERG,WA013,2014,"{""type"":""Point"",""coordinates"":[8.52,12.05]}"
20140701000000_13,7,4.069685459136963,GPM_IMERG,WA014,2014,"{""type"":""Point"",""coordinates"":[-1.62,6.69]}"
20140701000000_14,7,2.493457078933716,GPM_IMERG,WA015,2014,"{""type"":""Point"",""coordinates"":[-16.680000000000003,13.45]}"
,7,0.6197512,GPM_IMERG,WA016,2014,
20140801000000_0,8,3.820556402206421,GPM_IMERG,WA001,2014,"{""type"":""Point"",""coordinates"":[-17.470000000000002,14.73]}"
20140801000000_1,8,5.402479648590088,GPM_IMERG,WA002,2014,"{""type"":""Point"",""coordinates"":[-7.949999999999998,12.65]}"
20140801000000_2,8,7.675311088562012,GPM_IMERG,WA003,2014,"{""type"":""Point"",""coordinates"":[-1.5200000000000002,12.360000000000001]}"
20140801000000_3,8,6.859647750854492,GPM_IMERG,WA004,2014,"{""type"":""Point"",""coordinates"":[2.17,13.51]}"
20140801000000_4,8,10.09583568572998,GPM_IMERG,WA005,2014,"{""type"":""Point"",""coordinates"":[7.33,9.07]}"
20140801000000_5,8,2.9909586906433105,GPM_IMERG,WA006,2014,"{""type"":""Point"",""coordinates"":[-0.17,5.56]}"
20140801000000_6,8,1.0123071670532229,GPM_IMERG,WA007,2014,"{""type"":""Point"",""coordinates"":[-3.9299999999999997,5.349999999999999]}"
20140801000000_7,8,21.352500915527344,GPM_IMERG,WA008,2014,"{""type"":""Point"",""coordinates"":[-13.67,9.53]}"
20140801000000_8,8,17.445829391479492,GPM_IMERG,WA009,2014,"{""type"":""Point"",""coordinates"":[-13.230000000000002,8.489999999999998]}"
20140801000000_9,8,15.096295356750488,GPM_IMERG,WA010,2014,"{""type"":""Point"",""coordinates"":[-10.799999999999999,6.3]}"
20140801000000_10,8,2.880176067352295,GPM_IMERG,WA011,2014,"{""type"":""Point"",""coordinates"":[1.22,6.130000000000001]}"
20140801000000_11,8,3.440016746520996,GPM_IMERG,WA012,2014,"{""type"":""Point"",""coordinates"":[2.42,6.37]}"
20140801000000_12,8,9.527016639709473,GPM_IMERG,WA013,2014,"{""type"":""Point"",""coordinates"":[8.52,12.05]}"
20140801000000_13,8,3.012271881103516,GPM_IMERG,WA014,2014,"{""type"":""Point"",""coordinates"":[-1.62,6.69]}"
20140801000000_14,8,12.63420867919922,GPM_IMERG,WA015,2014,"{""type"":""Point"",""coordinates"":[-16.680000000000003,13.45]}"
,8,1.6904229,GPM_IMERG,WA016,2014,
20140901000000_0,9,2.7290713787078857,GPM_IMERG,WA001,2014,"{""type"":""Point"",""coordinates"":[-17.470000000000002,14.73]}"
20140901000000_1,9,5.790671825408936,GPM_IMERG,WA002,2014,"{""type"":""Point"",""coordinates"":[-7.949999999999998,12.65]}"
20140901000000_2,9,7.858675479888916,GPM_IMERG,WA003,2014,"{""type"":""Point"",""coordinates"":[-1.5200000000000002,12.360000000000001]}"
20140901000000_3,9,2.366940975189209,GPM_IMERG,WA004,2014,"{""type"":""Point"",""coordinates"":[2.17,13.51]}"
20140901000000_4,9,10.086480140686035,GPM_IMERG,WA005,2014,"{""type"":""Point"",""coordinates"":[7.33,9.07]}"
20140901000000_5,9,3.924694061279297,GPM_IMERG,WA006,2014,"{""type"":""Point"",""coordinates"":[-0.17,5.56]}"
20140901000000_6,9,3.6116340160369873,GPM_IMERG,WA007,2014,"{""type"":""Point"",""coordinates"":[-3.9299999999999997,5.349999999999999]}"
20140901000000_7,9,14.72301959991455,GPM_IMERG,WA008,2014,"{""type"":""Point"",""coordinates"":[-13.67,9.53]}"
20140901000000_8,9,16.347856521606445,GPM_IMERG,WA009,2014,"{""type"":""Point"",""coordinates"":[-13.230000000000002,8.489999999999998]}"
20140901000000_9,9,17.880123138427734,GPM_IMERG,WA010,2014,"{""type"":""Point"",""coordinates"":[-10.799999999999999,6.3]}"
20140901000000_10,9,4.627983093261719,GPM_IMERG,WA011,2014,"{""type"":""Point"",""coordinates"":[1.22,6.130000000000001]}"
20140901000000_11,9,6.424589157104492,GPM_IMERG,WA012,2014,"{""type"":""Point"",""coordinates"":[2.42,6.37]}"
20140901000000_12,9,5.047941207885742,GPM_IMERG,WA013,2014,"{""type"":""Point"",""coordinates"":[8.52,12.05]}"
20140901000000_13,9,6.166275024414063,GPM_IMERG,WA014,2014,"{""type"":""Point"",""coordinates"":[-1.62,6.69]}"
20140901000000_14,9,6.889816284179688,GPM_IMERG,WA015,2014,"{""type"":""Point"",""coordinates"":[-16.680000000000003,13.45]}"
,9,0.37450027,GPM_IMERG,WA016,2014,
20141001000000_0,10,0.1888950765132904,GPM_IMERG,WA001,2014,"{""type"":""Point"",""coordinates"":[-17.470000000000002,14.73]}"
20141001000000_1,10,0.6693425178527832,GPM_IMERG,WA002,2014,"{""type"":""Point"",""coordinates"":[-7.949999999999998,12.65]}"
20141001000000_2,10,1.56089985370636,GPM_IMERG,WA003,2014,"{""type"":""Point"",""coordinates"":[-1.5200000000000002,12.360000000000001]}"
20141001000000_3,10,0.1173513159155845,GPM_IMERG,WA004,2014,"{""type"":""Point"",""coordinates"":[2.17,13.51]}"
20141001000000_4,10,5.7518229484558105,GPM_IMERG,WA005,2014,"{""type"":""Point"",""coordinates"":[7.33,9.07]}"
20141001000000_5,10,2.8716487884521484,GPM_IMERG,WA006,2014,"{""type"":""Point"",""coordinates"":[-0.17,5.56]}"
20141001000000_6,10,2.7604691982269287,GPM_IMERG,WA007,2014,"{""type"":""Point"",""coordinates"":[-3.9299999999999997,5.349999999999999]}"
20141001000000_7,10,10.504071235656738,GPM_IMERG,WA008,2014,"{""type"":""Point"",""coordinates"":[-13.67,9.53]}"
20141001000000_8,10,9.878776550292969,GPM_IMERG,WA009,2014,"{""type"":""Point"",""coordinates"":[-13.230000000000002,8.489999999999998]}"
20141001000000_9,10,10.219292640686035,GPM_IMERG,WA010,2014,"{""type"":""Point"",""coordinates"":[-10.799999999999999,6.3]}"
20141001000000_10,10,2.950439691543579,GPM_IMERG,WA011,2014,"{""type"":""Point"",""coordinates"":[1.22,6.130000000000001]}"
20141001000000_11,10,3.909048557281494,GPM_IMERG,WA012,2014,"{""type"":""Point"",""coordinates"":[2.42,6.37]}"
20141001000000_12,10,0.6567633152008057,GPM_IMERG,WA013,2014,"{""type"":""Point"",""coordinates"":[8.52,12.05]}"
20141001000000_13,10,5.232743740081787,GPM_IMERG,WA014,2014,"{""type"":""Point"",""coordinates"":[-1.62,6.69]}"
20141001000000_14,10,1.7914090156555176,GPM_IMERG,WA015,2014,"{""type"":""Point"",""coordinates"":[-16.680000000000003,13.45]}"
,10,0.033397853,GPM_IMERG,WA016,2014,
20141101000000_0,11,0.0637857690453529,GPM_IMERG,WA001,2014,"{""type"":""Point"",""coordinates"":[-17.470000000000002,14.73]}"
20141101000000_1,11,0.2811886370182037,GPM_IMERG,WA002,2014,"{""type"":""Point"",""coordinates"":[-7.949999999999998,12.65]}"
20141101000000_2,11,0.1055166870355606,GPM_IMERG,WA003,2014,"{""type"":""Point"",""coordinates"":[-1.5200000000000002,12.360000000000001]}"
20141101000000_3,11,0.0219371654093265,GPM_IMERG,WA004,2014,"{""type"":""Point"",""coordinates"":[2.17,13.51]}"
20141101000000_4,11,0.6243124008178711,GPM_IMERG,WA005,2014,"{""type"":""Point"",""coordinates"":[7.33,9.07]}"
20141101000000_5,11,1.6358455419540403,GPM_IMERG,WA006,2014,"{""type"":""Point"",""coordinates"":[-0.17,5.56]}"
20141101000000_6,11,5.037765026092529,GPM_IMERG,WA007,2014,"{""type"":""Point"",""coordinates"":[-3.9299999999999997,5.349999999999999]}"
20141101000000_7,11,1.9453338384628296,GPM_IMERG,WA008,2014,"{""type"":""Point"",""coordinates"":[-13.67,9.53]}"
20141101000000_8,11,5.991153717041016,GPM_IMERG,WA009,2014,"{""type"":""Point"",""coordinates"":[-13.230000000000002,8.489999999999998]}"
20141101000000_9,11,6.189418315887451,GPM_IMERG,WA010,2014,"{""type"":""Point"",""coordinates"":[-10.799999999999999,6.3]}"
20141101000000_10,11,1.1352434158325195,GPM_IMERG,WA011,2014,"{""type"":""Point"",""coordinates"":[1.22,6.130000000000001]}"
20141101000000_11,11,2.284343957901001,GPM_IMERG,WA012,2014,"{""type"":""Point"",""coordinates"":[2.42,6.37]}"
20141101000000_12,11,0.0577151365578174,GPM_IMERG,WA013,2014,"{""type"":""Point"",""coordinates"":[8.52,12.05]}"
20141101000000_13,11,2.866650342941284,GPM_IMERG,WA014,2014,"{""type"":""Point"",""coordinates"":[-1.62,6.69]}"
20141101000000_14,11,0.0223128367215394,GPM_IMERG,WA015,2014,"{""type"":""Point"",""coordinates"":[-16.680000000000003,13.45]}"
,11,0.0,GPM_IMERG,WA016,2014,
20141201000000_0,12,0.0247571524232625,GPM_IMERG,WA001,2014,"{""type"":""Point"",""coordinates"":[-17.470000000000002,14.73]}"
20141201000000_1,12,0.0348020568490028,GPM_IMERG,WA002,2014,"{""type"":""Point"",""coordinates"":[-7.949999999999998,12.65]}"
20141201000000_2,12,0.0911789461970329,GPM_IMERG,WA003,2014,"{""type"":""Point"",""coordinates"":[-1.5200000000000002,12.360000000000001]}"
20141201000000_3,12,0.0,GPM_IMERG,WA004,2014,"{""type"":""Point"",""coordinates"":[2.17,13.51]}"
20141201000000_4,12,1.0698121786117554,GPM_IMERG,WA005,2014,"{""type"":""Point"",""coordinates"":[7.33,9.07]}"
20141201000000_5,12,0.5439614653587341,GPM_IMERG,WA006,2014,"{""type"":""Point"",""coordinates"":[-0.17,5.56]}"
20141201000000_6,12,1.4200509786605835,GPM_IMERG,WA007,2014,"{""type"":""Point"",""coordinates"":[-3.9299999999999997,5.349999999999999]}"
20141201000000_7,12,0.1540303826332092,GPM_IMERG,WA008,2014,"{""type"":""Point"",""coordinates"":[-13.67,9.53]}"
20141201000000_8,12,0.3957079946994781,GPM_IMERG,WA009,2014,"{""type"":""Point"",""coordinates"":[-13.230000000000002,8.489999999999998]}"
20141201000000_9,12,1.3285125494003296,GPM_IMERG,WA010,2014,"{""type"":""Point"",""coordinates"":[-10.799999999999999,6.3]}"
20141201000000_10,12,0.2321383208036422,GPM_IMERG,WA011,2014,"{""type"":""Point"",""coordinates"":[1.22,6.130000000000001]}"
20141201000000_11,12,0.1896693259477615,GPM_IMERG,WA012,2014,"{""type"":""Point"",""coordinates"":[2.42,6.37]}"
20141201000000_12,12,0.0229521542787551,GPM_IMERG,WA013,2014,"{""type"":""Point"",""coordinates"":[8.52,12.05]}"
20141201000000_13,12,2.333334684371948,GPM_IMERG,WA014,2014,"{""type"":""Point"",""coordinates"":[-1.62,6.69]}"
20141201000000_14,12,0.033857773989439,GPM_IMERG,WA015,2014,"{""type"":""Point"",""coordinates"":[-16.680000000000003,13.45]}"
,12,0.0019760986,GPM_IMERG,WA016,2014,
20150101000000_0,1,0.0570286139845848,GPM_IMERG,WA001,2015,"{""type"":""Point"",""coordinates"":[-17.470000000000002,14.73]}"
20150101000000_1,1,0.0572112537920475,GPM_IMERG,WA002,2015,"{""type"":""Point"",""coordinates"":[-7.949999999999998,12.65]}"
20150101000000_2,1,0.0476952902972698,GPM_IMERG,WA003,2015,"{""type"":""Point"",""coordinates"":[-1.5200000000000002,12.360000000000001]}"
20150101000000_3,1,0.0,GPM_IMERG,WA004,2015,"{""type"":""Point"",""coordinates"":[2.17,13.51]}"
20150101000000_4,1,0.1749129146337509,GPM_IMERG,WA005,2015,"{""type"":""Point"",""coordinates"":[7.33,9.07]}"
20150101000000_5,1,0.2407586723566055,GPM_IMERG,WA006,2015,"{""type"":""Point"",""coordinates"":[-0.17,5.56]}"
20150101000000_6,1,0.5730993747711182,GPM_IMERG,WA007,2015,"{""type"":""Point"",""coordinates"":[-3.9299999999999997,5.349999999999999]}"
20150101000000_7,1,0.0107797514647245,GPM_IMERG,WA008,2015,"{""type"":""Point"",""coordinates"":[-13.67,9.53]}"
20150101000000_8,1,0.0920469686388969,GPM_IMERG,WA009,2015,"{""type"":""Point"",""coordinates"":[-13.230000000000002,8.489999999999998]}"
20150101000000_9,1,0.5554369688034058,GPM_IMERG,WA010,2015,"{""type"":""Point"",""coordinates"":[-10.799999999999999,6.3]}"
20150101000000_10,1,0.1164383515715599,GPM_IMERG,WA011,2015,"{""type"":""Point"",""coordinates"":[1.22,6.130000000000001]}"
20150101000000_11,1,0.0188447497785091,GPM_IMERG,WA012,2015,"{""type"":""Point"",""coordinates"":[2.42,6.37]}"
20150101000000_12,1,0.0216379985213279,GPM_IMERG,WA013,2015,"{""type"":""Point"",""coordinates"":[8.52,12.05]}"
20150101000000_13,1,1.33346426486969,GPM_IMERG,WA014,2015,"{""type"":""Point"",""coordinates"":[-1.62,6.69]}"
20150101000000_14,1,0.004224759992212,GPM_IMERG,WA015,2015,"{""type"":""Point"",""coordinates"":[-16.680000000000003,13.45]}"
,1,0.025411187,GPM_IMERG,WA016,2015,
20150201000000_0,2,0.1170476824045181,GPM_IMERG,WA001,2015,"{""type"":""Point"",""coordinates"":[-17.470000000000002,14.73]}"
20150201000000_1,2,0.1551025807857513,GPM_IMERG,WA002,2015,"{""type"":""Point"",""coordinates"":[-7.949999999999998,12.65]}"
20150201000000_2,2,0.1239236891269683,GPM_IMERG,WA003,2015,"{""type"":""Point"",""coordinates"":[-1.5200000000000002,12.360000000000001]}"
20150201000000_3,2,0.1479399055242538,GPM_IMERG,WA004,2015,"{""type"":""Point"",""coordinates"":[2.17,13.51]}"
20150201000000_4,2,0.3096377551555633,GPM_IMERG,WA005,2015,"{""type"":""Point"",""coordinates"":[7.33,9.07]}"
20150201000000_5,2,2.163930654525757,GPM_IMERG,WA006,2015,"{""type"":""Point"",""coordinates"":[-0.17,5.56]}"
20150201000000_6,2,2.4665658473968506,GPM_IMERG,WA007,2015,"{""type"":""Point"",""coordinates"":[-3.9299999999999997,5.349999999999999]}"
20150201000000_7,2,0.025967501103878,GPM_IMERG,WA008,2015,"{""type"":""Point"",""coordinates"":[-13.67,9.53]}"
20150201000000_8,2,0.915127456188202,GPM_IMERG,WA009,2015,"{""type"":""Point"",""coordinates"":[-13.230000000000002,8.489999999999998]}"
20150201000000_9,2,1.229009985923767,GPM_IMERG,WA010,2015,"{""type"":""Point"",""coordinates"":[-10.799999999999999,6.3]}"
20150201000000_10,2,1.4298138618469238,GPM_IMERG,WA011,2015,"{""type"":""Point"",""coordinates"":[1.22,6.130000000000001]}"
20150201000000_11,2,1.501693606376648,GPM_IMERG,WA012,2015,"{""type"":""Point"",""coordinates"":[2.42,6.37]}"
20150201000000_12,2,0.0255721807479858,GPM_IMERG,WA013,2015,"{""type"":""Point"",""coordinates"":[8.52,12.05]}"
20150201000000_13,2,2.7216544151306152,GPM_IMERG,WA014,2015,"{""type"":""Point"",""coordinates"":[-1.62,6.69]}"
20150201000000_14,2,0.0,GPM_IMERG,WA015,2015,"{""type"":""Point"",""coordinates"":[-16.680000000000003,13.45]}"
,2,0.19772922,GPM_IMERG,WA016,2015,
20150301000000_0,3,0.0082523841410875,GPM_IMERG,WA001,2015,"{""type"":""Point"",""coordinates"":[-17.470000000000002,14.73]}"
20150301000000_1,3,0.0118179637938737,GPM_IMERG,WA002,2015,"{""type"":""Point"",""coordinates"":[-7.949999999999998,12.65]}"
20150301000000_2,3,0.2076434344053268,GPM_IMERG,WA003,2015,"{""type"":""Point"",""coordinates"":[-1.5200000000000002,12.360000000000001]}"
20150301000000_3,3,0.0249355882406234,GPM_IMERG,WA004,2015,"{""type"":""Point"",""coordinates"":[2.17,13.51]}"
20150301000000_4,3,4.224238395690918,GPM_IMERG,WA005,2015,"{""type"":""Point"",""coordinates"":[7.33,9.07]}"
20150301000000_5,3,3.435910940170288,GPM_IMERG,WA006,2015,"{""type"":""Point"",""coordinates"":[-0.17,5.56]}"
20150301000000_6,3,4.01215934753418,GPM_IMERG,WA007,2015,"{""type"":""Point"",""coordinates"":[-3.9299999999999997,5.349999999999999]}"
20150301000000_7,3,0.0115334941074252,GPM_IMERG,WA008,2015,"{""type"":""Point"",""coordinates"":[-13.67,9.53]}"
20150301000000_8,3,0.1164095029234886,GPM_IMERG,WA009,2015,"{""type"":""Point"",""coordinates"":[-13.230000000000002,8.489999999999998]}"
20150301000000_9,3,0.6764265298843384,GPM_IMERG,WA010,2015,"{""type"":""Point"",""coordinates"":[-10.799999999999999,6.3]}"
20150301000000_10,3,3.0751399993896484,GPM_IMERG,WA011,2015,"{""type"":""Point"",""coordinates"":[1.22,6.130000000000001]}"
20150301000000_11,3,3.943863868713379,GPM_IMERG,WA012,2015,"{""type"":""Point"",""coordinates"":[2.42,6.37]}"
20150301000000_12,3,0.3384511470794678,GPM_IMERG,WA013,2015,"{""type"":""Point"",""coordinates"":[8.52,12.05]}"
20150301000000_13,3,3.5608556270599365,GPM_IMERG,WA014,2015,"{""type"":""Point"",""coordinates"":[-1.62,6.69]}"
20150301000000_14,3,0.0423072949051857,GPM_IMERG,WA015,2015,"{""type"":""Point"",""coordinates"":[-16.680000000000003,13.45]}"
,3,0.0,GPM_IMERG,WA016,2015,
20150401000000_0,4,0.006000000052154,GPM_IMERG,WA001,2015,"{""type"":""Point"",""coordinates"":[-17.470000000000002,14.73]}"
20150401000000_1,4,0.2285474240779876,GPM_IMERG,WA002,2015,"{""type"":""Point"",""coordinates"":[-7.949999999999998,12.65]}"
20150401000000_2,4,0.064380943775177,GPM_IMERG,WA003,2015,"{""type"":""Point"",""coordinates"":[-1.5200000000000002,12.360000000000001]}"
20150401000000_3,4,0.0224994178861379,GPM_IMERG,WA004,2015,"{""type"":""Point"",""coordinates"":[2.17,13.51]}"
20150401000000_4,4,1.2390704154968262,GPM_IMERG,WA005,2015,"{""type"":""Point"",""coordinates"":[7.33,9.07]}"
20150401000000_5,4,2.227787494659424,GPM_IMERG,WA006,2015,"{""type"":""Point"",""coordinates"":[-0.17,5.56]}"
20150401000000_6,4,3.629424333572388,GPM_IMERG,WA007,2015,"{""type"":""Point"",""coordinates"":[-3.9299999999999997,5.349999999999999]}"
20150401000000_7,4,0.7296574711799622,GPM_IMERG,WA008,2015,"{""type"":""Point"",""coordinates"":[-13.67,9.53]}"
20150401000000_8,4,1.7031621932983398,GPM_IMERG,WA009,2015,"{""type"":""Point"",""coordinates"":[-13.230000000000002,8.489999999999998]}"
20150401000000_9,4,3.593996286392212,GPM_IMERG,WA010,2015,"{""type"":""Point"",""coordinates"":[-10.799999999999999,6.3]}"
20150401000000_10,4,1.6286283731460571,GPM_IMERG,WA011,2015,"{""type"":""Point"",""coordinates"":[1.22,6.130000000000001]}"
20150401000000_11,4,1.897522211074829,GPM_IMERG,WA012,2015,"{""type"":""Point"",""coordinates"":[2.42,6.37]}"
20150401000000_12,4,0.3634289801120758,GPM_IMERG,WA013,2015,"{""type"":""Point"",""coordinates"":[8.52,12.05]}"
20150401000000_13,4,5.316226005554199,GPM_IMERG,WA014,2015,"{""type"":""Point"",""coordinates"":[-1.62,6.69]}"
20150401000000_14,4,0.0023440280929207,GPM_IMERG,WA015,2015,"{""type"":""Point"",""coordinates"":[-16.680000000000003,13.45]}"
,4,0.0,GPM_IMERG,WA016,2015,
20150501000000_0,5,0.0435143038630485,GPM_IMERG,WA001,2015,"{""type"":""Point"",""coordinates"":[-17.470000000000002,14.73]}"
20150501000000_1,5,0.8366231322288513,GPM_IMERG,WA002,2015,"{""type"":""Point"",""coordinates"":[-7.949999999999998,12.65]}"
20150501000000_2,5,0.8057077527046204,GPM_IMERG,WA003,2015,"{""type"":""Point"",""coordinates"":[-1.5200000000000002,12.360000000000001]}"
20150501000000_3,5,0.0653392300009727,GPM_IMERG,WA004,2015,"{""type"":""Point"",""coordinates"":[2.17,13.51]}"
20150501000000_4,5,6.074575424194336,GPM_IMERG,WA005,2015,"{""type"":""Point"",""coordinates"":[7.33,9.07]}"
20150501000000_5,5,3.797999620437622,GPM_IMERG,WA006,2015,"{""type"":""Point"",""coordinates"":[-0.17,5.56]}"
20150501000000_6,5,4.496718883514404,GPM_IMERG,WA007,2015,"{""type"":""Point"",""coordinates"":[-3.9299999999999997,5.349999999999999]}"
20150501000000_7,5,2.8342506885528564,GPM_IMERG,WA008,2015,"{""type"":""Point"",""coordinates"":[-13.67,9.53]}"
20150501000000_8,5,5.594607830047607,GPM_IMERG,WA009,2015,"{""type"":""Point"",""coordinates"":[-13.230000000000002,8.489999999999998]}"
20150501000000_9,5,10.519893646240234,GPM_IMERG,WA010,2015,"{""type"":""Point"",""coordinates"":[-10.799999999999999,6.3]}"
20150501000000_10,5,3.4783365726470947,GPM_IMERG,WA011,2015,"{""type"":""Point"",""coordinates"":[1.22,6.130000000000001]}"
20150501000000_11,5,4.052241325378418,GPM_IMERG,WA012,2015,"{""type"":""Point"",""coordinates"":[2.42,6.37]}"
20150501000000_12,5,0.5725274682044983,GPM_IMERG,WA013,2015,"{""type"":""Point"",""coordinates"":[8.52,12.05]}"
20150501000000_13,5,4.544397354125977,GPM_IMERG,WA014,2015,"{""type"":""Point"",""coordinates"":[-1.62,6.69]}"
20150501000000_14,5,0.0164009109139442,GPM_IMERG,WA015,2015,"{""type"":""Point"",""coordinates"":[-16.680000000000003,13.45]}"
,5,0.0,GPM_IMERG,WA016,2015,
20150601000000_0,6,0.0045047686435282,GPM_IMERG,WA001,2015,"{""type"":""Point"",""coordinates"":[-17.470000000000002,14.73]}"
20150601000000_1,6,3.7185423374176025,GPM_IMERG,WA002,2015,"{""type"":""Point"",""coordinates"":[-7.949999999999998,12.65]}"
20150601000000_2,6,3.758970260620117,GPM_IMERG,WA003,2015,"{""type"":""Point"",""coordinates"":[-1.5200000000000002,12.360000000000001]}"
20150601000000_3,6,1.4190051555633545,GPM_IMERG,WA004,2015,"{""type"":""Point"",""coordinates"":[2.17,13.51]}"
20150601000000_4,6,5.772858142852783,GPM_IMERG,WA005,2015,"{""type"":""Point"",""coordinates"":[7.33,9.07]}"
20150601000000_5,6,7.944539070129394,GPM_IMERG,WA006,2015,"{""type"":""Point"",""coordinates"":[-0.17,5.56]}"
20150601000000_6,6,12.98533535003662,GPM_IMERG,WA007,2015,"{""type"":""Point"",""coordinates"":[-3.9299999999999997,5.349999999999999]}"
20150601000000_7,6,13.70469856262207,GPM_IMERG,WA008,2015,"{""type"":""Point"",""coordinates"":[-13.67,9.53]}"
20150601000000_8,6,12.125914573669434,GPM_IMERG,WA009,2015,"{""type"":""Point"",""coordinates"":[-13.230000000000002,8.489999999999998]}"
20150601000000_9,6,20.01736068725586,GPM_IMERG,WA010,2015,"{""type"":""Point"",""coordinates"":[-10.799999999999999,6.3]}"
20150601000000_10,6,6.757668972015381,GPM_IMERG,WA011,2015,"{""type"":""Point"",""coordinates"":[1.22,6.130000000000001]}"
20150601000000_11,6,11.38717269897461,GPM_IMERG,WA012,2015,"{""type"":""Point"",""coordinates"":[2.42,6.37]}"
20150601000000_12,6,2.4859585762023926,GPM_IMERG,WA013,2015,"{""type"":""Point"",""coordinates"":[8.52,12.05]}"
20150601000000_13,6,7.688711166381836,GPM_IMERG,WA014,2015,"{""type"":""Point"",""coordinates"":[-1.62,6.69]}"
20150601000000_14,6,0.3542169332504272,GPM_IMERG,WA015,2015,"{""type"":""Point"",""coordinates"":[-16.680000000000003,13.45]}"
,6,0.022495026,GPM_IMERG,WA016,2015,
20150701000000_0,7,2.8093044757843018,GPM_IMERG,WA001,2015,"{""type"":""Point"",""coordinates"":[-17.470000000000002,14.73]}"
20150701000000_1,7,7.326431751251221,GPM_IMERG,WA002,2015,"{""type"":""Point"",""coordinates"":[-7.949999999999998,12.65]}"
20150701000000_2,7,6.795304298400879,GPM_IMERG,WA003,2015,"{""type"":""Point"",""coordinates"":[-1.5200000000000002,12.360000000000001]}"
20150701000000_3,7,6.197629928588867,GPM_IMERG,WA004,2015,"{""type"":""Point"",""coordinates"":[2.17,13.51]}"
20150701000000_4,7,5.55544376373291,GPM_IMERG,WA005,2015,"{""type"":""Point"",""coordinates"":[7.33,9.07]}"
20150701000000_5,7,1.3381423950195312,GPM_IMERG,WA006,2015,"{""type"":""Point"",""coordinates"":[-0.17,5.56]}"
20150701000000_6,7,1.5528221130371094,GPM_IMERG,WA007,2015,"{""type"":""Point"",""coordinates"":[-3.9299999999999997,5.349999999999999]}"
20150701000000_7,7,24.80813407897949,GPM_IMERG,WA008,2015,"{""type"":""Point"",""coordinates"":[-13.67,9.53]}"
20150701000000_8,7,15.135046005249023,GPM_IMERG,WA009,2015,"{""type"":""Point"",""coordinates"":[-13.230000000000002,8.489999999999998]}"
20150701000000_9,7,7.525381565093994,GPM_IMERG,WA010,2015,"{""type"":""Point"",""coordinates"":[-10.799999999999999,6.3]}"
20150701000000_10,7,1.9554568529129028,GPM_IMERG,WA011,2015,"{""type"":""Point"",""coordinates"":[1.22,6.130000000000001]}"
20150701000000_11,7,2.708559036254883,GPM_IMERG,WA012,2015,"{""type"":""Point"",""coordinates"":[2.42,6.37]}"
20150701000000_12,7,6.275274753570557,GPM_IMERG,WA013,2015,"{""type"":""Point"",""coordinates"":[8.52,12.05]}"
20150701000000_13,7,2.980018615722656,GPM_IMERG,WA014,2015,"{""type"":""Point"",""coordinates"":[-1.62,6.69]}"
20150701000000_14,7,6.522921085357666,GPM_IMERG,WA015,2015,"{""type"":""Point"",""coordinates"":[-16.680000000000003,13.45]}"
,7,0.0666388,GPM_IMERG,WA016,2015,
20150801000000_0,8,7.240264415740967,GPM_IMERG,WA001,2015,"{""type"":""Point"",""coordinates"":[-17.470000000000002,14.73]}"
20150801000000_1,8,8.182679176330566,GPM_IMERG,WA002,2015,"{""type"":""Point"",""coordinates"":[-7.949999999999998,12.65]}"
20150801000000_2,8,9.894696235656738,GPM_IMERG,WA003,2015,"{""type"":""Point"",""coordinates"":[-1.5200000000000002,12.360000000000001]}"
20150801000000_3,8,6.683939933776856,GPM_IMERG,WA004,2015,"{""type"":""Point"",""coordinates"":[2.17,13.51]}"
20150801000000_4,8,5.415293216705322,GPM_IMERG,WA005,2015,"{""type"":""Point"",""coordinates"":[7.33,9.07]}"
20150801000000_5,8,0.4028684198856354,GPM_IMERG,WA006,2015,"{""type"":""Point"",""coordinates"":[-0.17,5.56]}"
20150801000000_6,8,0.7902218103408813,GPM_IMERG,WA007,2015,"{""type"":""Point"",""coordinates"":[-3.9299999999999997,5.349999999999999]}"
20150801000000_7,8,22.179967880249023,GPM_IMERG,WA008,2015,"{""type"":""Point"",""coordinates"":[-13.67,9.53]}"
20150801000000_8,8,21.282516479492188,GPM_IMERG,WA009,2015,"{""type"":""Point"",""coordinates"":[-13.230000000000002,8.489999999999998]}"
20150801000000_9,8,9.761131286621094,GPM_IMERG,WA010,2015,"{""type"":""Point"",""coordinates"":[-10.799999999999999,6.3]}"
20150801000000_10,8,0.796336829662323,GPM_IMERG,WA011,2015,"{""type"":""Point"",""coordinates"":[1.22,6.130000000000001]}"
20150801000000_11,8,1.0820270776748655,GPM_IMERG,WA012,2015,"{""type"":""Point"",""coordinates"":[2.42,6.37]}"
20150801000000_12,8,7.566040992736816,GPM_IMERG,WA013,2015,"{""type"":""Point"",""coordinates"":[8.52,12.05]}"
20150801000000_13,8,0.7057139277458191,GPM_IMERG,WA014,2015,"{""type"":""Point"",""coordinates"":[-1.62,6.69]}"
20150801000000_14,8,12.995628356933594,GPM_IMERG,WA015,2015,"{""type"":""Point"",""coordinates"":[-16.680000000000003,13.45]}"
,8,2.8291245,GPM_IMERG,WA016,2015,
20150901000000_0,9,4.490813255310059,GPM_IMERG,WA001,2015,"{""type"":""Point"",""coordinates"":[-17.470000000000002,14.73]}"
20150901000000_1,9,5.699947834014893,GPM_IMERG,WA002,2015,"{""type"":""Point"",""coordinates"":[-7.949999999999998,12.65]}"
20150901000000_2,9,7.681861400604248,GPM_IMERG,WA003,2015,"{""type"":""Point"",""coordinates"":[-1.5200000000000002,12.360000000000001]}"
20150901000000_3,9,4.061886787414551,GPM_IMERG,WA004,2015,"{""type"":""Point"",""coordinates"":[2.17,13.51]}"
20150901000000_4,9,6.408750057220459,GPM_IMERG,WA005,2015,"{""type"":""Point"",""coordinates"":[7.33,9.07]}"
20150901000000_5,9,0.5039367079734802,GPM_IMERG,WA006,2015,"{""type"":""Point"",""coordinates"":[-0.17,5.56]}"
20150901000000_6,9,0.5886475443840027,GPM_IMERG,WA007,2015,"{""type"":""Point"",""coordinates"":[-3.9299999999999997,5.349999999999999]}"
20150901000000_7,9,15.470141410827637,GPM_IMERG,WA008,2015,"{""type"":""Point"",""coordinates"":[-13.67,9.53]}"
20150901000000_8,9,11.371126174926758,GPM_IMERG,WA009,2015,"{""type"":""Point"",""coordinates"":[-13.230000000000002,8.489999999999998]}"
20150901000000_9,9,17.12247657775879,GPM_IMERG,WA010,2015,"{""type"":""Point"",""coordinates"":[-10.799999999999999,6.3]}"
20150901000000_10,9,0.9448375105857848,GPM_IMERG,WA011,2015,"{""type"":""Point"",""coordinates"":[1.22,6.130000000000001]}"
20150901000000_11,9,2.229163646697998,GPM_IMERG,WA012,2015,"{""type"":""Point"",""coordinates"":[2.42,6.37]}"
20150901000000_12,9,3.119537353515625,GPM_IMERG,WA013,2015,"{""type"":""Point"",""coordinates"":[8.52,12.05]}"
20150901000000_13,9,1.7981840372085571,GPM_IMERG,WA014,2015,"{""type"":""Point"",""coordinates"":[-1.62,6.69]}"
20150901000000_14,9,11.093178749084473,GPM_IMERG,WA015,2015,"{""type"":""Point"",""coordinates"":[-16.680000000000003,13.45]}"
,9,0.9878415,GPM_IMERG,WA016,2015,
20151001000000_0,10,1.6402524709701538,GPM_IMERG,WA001,2015,"{""type"":""Point"",""coordinates"":[-17.470000000000002,14.73]}"
20151001000000_1,10,3.058655261993408,GPM_IMERG,WA002,2015,"{""type"":""Point"",""coordinates"":[-7.949999999999998,12.65]}"
20151001000000_2,10,1.201692819595337,GPM_IMERG,WA003,2015,"{""type"":""Point"",""coordinates"":[-1.5200000000000002,12.360000000000001]}"
20151001000000_3,10,1.3671205043792725,GPM_IMERG,WA004,2015,"{""type"":""Point"",""coordinates"":[2.17,13.51]}"
20151001000000_4,10,7.067351341247559,GPM_IMERG,WA005,2015,"{""type"":""Point"",""coordinates"":[7.33,9.07]}"
20151001000000_5,10,2.803087949752808,GPM_IMERG,WA006,2015,"{""type"":""Point"",""coordinates"":[-0.17,5.56]}"
20151001000000_6,10,8.119633674621582,GPM_IMERG,WA007,2015,"{""type"":""Point"",""coordinates"":[-3.9299999999999997,5.349999999999999]}"
20151001000000_7,10,8.930913925170898,GPM_IMERG,WA008,2015,"{""type"":""Point"",""coordinates"":[-13.67,9.53]}"
20151001000000_8,10,8.041462898254395,GPM_IMERG,WA009,2015,"{""type"":""Point"",""coordinates"":[-13.230000000000002,8.489999999999998]}"
20151001000000_9,10,11.01466178894043,GPM_IMERG,WA010,2015,"{""type"":""Point"",""coordinates"":[-10.799999999999999,6.3]}"
20151001000000_10,10,4.0944437980651855,GPM_IMERG,WA011,2015,"{""type"":""Point"",""coordinates"":[1.22,6.130000000000001]}"
20151001000000_11,10,6.077624797821045,GPM_IMERG,WA012,2015,"{""type"":""Point"",""coordinates"":[2.42,6.37]}"
20151001000000_12,10,0.5862174034118652,GPM_IMERG,WA013,2015,"{""type"":""Point"",""coordinates"":[8.52,12.05]}"
20151001000000_13,10,8.172589302062988,GPM_IMERG,WA014,2015,"{""type"":""Point"",""coordinates"":[-1.62,6.69]}"
20151001000000_14,10,3.433612823486328,GPM_IMERG,WA015,2015,"{""type"":""Point"",""coordinates"":[-16.680000000000003,13.45]}"
,10,0.21663414,GPM_IMERG,WA016,2015,
20151101000000_0,11,0.0495143048465251,GPM_IMERG,WA001,2015,"{""type"":""Point"",""coordinates"":[-17.470000000000002,14.73]}"
20151101000000_1,11,0.0513805262744426,GPM_IMERG,WA002,2015,"{""type"":""Point"",""coordinates"":[-7.949999999999998,12.65]}"
20151101000000_2,11,0.0447912886738777,GPM_IMERG,WA003,2015,"{""type"":""Point"",""coordinates"":[-1.5200000000000002,12.360000000000001]}"
20151101000000_3,11,0.0179972555488348,GPM_IMERG,WA004,2015,"{""type"":""Point"",""coordinates"":[2.17,13.51]}"
20151101000000_4,11,1.128029704093933,GPM_IMERG,WA005,2015,"{""type"":""Point"",""coordinates"":[7.33,9.07]}"
20151101000000_5,11,1.731838941574097,GPM_IMERG,WA006,2015,"{""type"":""Point"",""coordinates"":[-0.17,5.56]}"
20151101000000_6,11,5.6192169189453125,GPM_IMERG,WA007,2015,"{""type"":""Point"",""coordinates"":[-3.9299999999999997,5.349999999999999]}"
20151101000000_7,11,2.6320135593414307,GPM_IMERG,WA008,2015,"{""type"":""Point"",""coordinates"":[-13.67,9.53]}"
20151101000000_8,11,4.066618919372559,GPM_IMERG,WA009,2015,"{""type"":""Point"",""coordinates"":[-13.230000000000002,8.489999999999998]}"
20151101000000_9,11,5.658968448638916,GPM_IMERG,WA010,2015,"{""type"":""Point"",""coordinates"":[-10.799999999999999,6.3]}"
20151101000000_10,11,1.410402536392212,GPM_IMERG,WA011,2015,"{""type"":""Point"",""coordinates"":[1.22,6.130000000000001]}"
20151101000000_11,11,1.2904607057571411,GPM_IMERG,WA012,2015,"{""type"":""Point"",""coordinates"":[2.42,6.37]}"
20151101000000_12,11,0.1244994178414344,GPM_IMERG,WA013,2015,"{""type"":""Point"",""coordinates"":[8.52,12.05]}"
20151101000000_13,11,5.154867172241211,GPM_IMERG,WA014,2015,"{""type"":""Point"",""coordinates"":[-1.62,6.69]}"
20151101000000_14,11,0.78568434715271,GPM_IMERG,WA015,2015,"{""type"":""Point"",""coordinates"":[-16.680000000000003,13.45]}"
,11,0.0,GPM_IMERG,WA016,2015,
20151201000000_0,12,0.0442714616656303,GPM_IMERG,WA001,2015,"{""type"":""Point"",""coordinates"":[-17.470000000000002,14.73]}"
20151201000000_1,12,0.0072187199257314,GPM_IMERG,WA002,2015,"{""type"":""Point"",""coordinates"":[-7.949999999999998,12.65]}"
20151201000000_2,12,0.0318577848374843,GPM_IMERG,WA003,2015,"{""type"":""Point"",""coordinates"":[-1.5200000000000002,12.360000000000001]}"
20151201000000_3,12,0.0,GPM_IMERG,WA004,2015,"{""type"":""Point"",""coordinates"":[2.17,13.51]}"
20151201000000_4,12,0.3625499010086059,GPM_IMERG,WA005,2015,"{""type"":""Point"",""coordinates"":[7.33,9.07]}"
20151201000000_5,12,0.1527181416749954,GPM_IMERG,WA006,2015,"{""type"":""Point"",""coordinates"":[-0.17,5.56]}"
20151201000000_6,12,0.3035564720630646,GPM_IMERG,WA007,2015,"{""type"":""Point"",""coordinates"":[-3.9299999999999997,5.349999999999999]}"
20151201000000_7,12,0.067851185798645,GPM_IMERG,WA008,2015,"{""type"":""Point"",""coordinates"":[-13.67,9.53]}"
20151201000000_8,12,0.3253373503684997,GPM_IMERG,WA009,2015,"{""type"":""Point"",""coordinates"":[-13.230000000000002,8.489999999999998]}"
20151201000000_9,12,0.9327306151390076,GPM_IMERG,WA010,2015,"{""type"":""Point"",""coordinates"":[-10.799999999999999,6.3]}"
20151201000000_10,12,0.3645907044410705,GPM_IMERG,WA011,2015,"{""type"":""Point"",""coordinates"":[1.22,6.130000000000001]}"
20151201000000_11,12,0.066275417804718,GPM_IMERG,WA012,2015,"{""type"":""Point"",""coordinates"":[2.42,6.37]}"
20151201000000_12,12,0.0078683625906705,GPM_IMERG,WA013,2015,"{""type"":""Point"",""coordinates"":[8.52,12.05]}"
20151201000000_13,12,2.581727743148804,GPM_IMERG,WA014,2015,"{""type"":""Point"",""coordinates"":[-1.62,6.69]}"
20151201000000_14,12,0.0242857597768306,GPM_IMERG,WA015,2015,"{""type"":""Point"",""coordinates"":[-16.680000000000003,13.45]}"
,12,0.0013173992,GPM_IMERG,WA016,2015,
20160101000000_0,1,0.0,GPM_IMERG,WA001,2016,"{""type"":""Point"",""coordinates"":[-17.470000000000002,14.73]}"
20160101000000_1,1,0.2425273954868316,GPM_IMERG,WA002,2016,"{""type"":""Point"",""coordinates"":[-7.949999999999998,12.65]}"
20160101000000_2,1,0.0,GPM_IMERG,WA003,2016,"{""type"":""Point"",""coordinates"":[-1.5200000000000002,12.360000000000001]}"
20160101000000_3,1,0.0,GPM_IMERG,WA004,2016,"{""type"":""Point"",""coordinates"":[2.17,13.51]}"
20160101000000_4,1,1.6341471672058103,GPM_IMERG,WA005,2016,"{""type"":""Point"",""coordinates"":[7.33,9.07]}"
20160101000000_5,1,0.1619112640619278,GPM_IMERG,WA006,2016,"{""type"":""Point"",""coordinates"":[-0.17,5.56]}"
20160101000000_6,1,0.6699472665786743,GPM_IMERG,WA007,2016,"{""type"":""Point"",""coordinates"":[-3.9299999999999997,5.349999999999999]}"
20160101000000_7,1,0.5099440813064575,GPM_IMERG,WA008,2016,"{""type"":""Point"",""coordinates"":[-13.67,9.53]}"
20160101000000_8,1,0.3738903999328613,GPM_IMERG,WA009,2016,"{""type"":""Point"",""coordinates"":[-13.230000000000002,8.489999999999998]}"
20160101000000_9,1,1.8255325555801392,GPM_IMERG,WA010,2016,"{""type"":""Point"",""coordinates"":[-10.799999999999999,6.3]}"
20160101000000_10,1,0.0692810043692588,GPM_IMERG,WA011,2016,"{""type"":""Point"",""coordinates"":[1.22,6.130000000000001]}"
20160101000000_11,1,0.1557251662015915,GPM_IMERG,WA012,2016,"{""type"":""Point"",""coordinates"":[2.42,6.37]}"
20160101000000_12,1,0.0255721807479858,GPM_IMERG,WA013,2016,"{""type"":""Point"",""coordinates"":[8.52,12.05]}"
20160101000000_13,1,0.7346593141555786,GPM_IMERG,WA014,2016,"{""type"":""Point"",""coordinates"":[-1.62,6.69]}"
20160101000000_14,1,0.0526118986308574,GPM_IMERG,WA015,2016,"{""type"":""Point"",""coordinates"":[-16.680000000000003,13.45]}"
,1,0.0,GPM_IMERG,WA016,2016,
20160201000000_0,2,0.0067571527324616,GPM_IMERG,WA001,2016,"{""type"":""Point"",""coordinates"":[-17.470000000000002,14.73]}"
20160201000000_1,2,0.0240000002086162,GPM_IMERG,WA002,2016,"{""type"":""Point"",""coordinates"":[-7.949999999999998,12.65]}"
20160201000000_2,2,0.1692232191562652,GPM_IMERG,WA003,2016,"{""type"":""Point"",""coordinates"":[-1.5200000000000002,12.360000000000001]}"
20160201000000_3,2,0.0,GPM_IMERG,WA004,2016,"{""type"":""Point"",""coordinates"":[2.17,13.51]}"
20160201000000_4,2,0.7265403866767883,GPM_IMERG,WA005,2016,"{""type"":""Point"",""coordinates"":[7.33,9.07]}"
20160201000000_5,2,0.1396005004644394,GPM_IMERG,WA006,2016,"{""type"":""Point"",""coordinates"":[-0.17,5.56]}"
20160201000000_6,2,0.9063904285430908,GPM_IMERG,WA007,2016,"{""type"":""Point"",""coordinates"":[-3.9299999999999997,5.349999999999999]}"
20160201000000_7,2,0.0709649845957756,GPM_IMERG,WA008,2016,"{""type"":""Point"",""coordinates"":[-13.67,9.53]}"
20160201000000_8,2,0.1458309590816497,GPM_IMERG,WA009,2016,"{""type"":""Point"",""coordinates"":[-13.230000000000002,8.489999999999998]}"
20160201000000_9,2,0.1863012015819549,GPM_IMERG,WA010,2016,"{""type"":""Point"",""coordinates"":[-10.799999999999999,6.3]}"
20160201000000_10,2,0.198474571108818,GPM_IMERG,WA011,2016,"{""type"":""Point"",""coordinates"":[1.22,6.130000000000001]}"
20160201000000_11,2,0.0766887441277504,GPM_IMERG,WA012,2016,"{""type"":""Point"",""coordinates"":[2.42,6.37]}"
20160201000000_12,2,0.0190179720520973,GPM_IMERG,WA013,2016,"{""type"":""Point"",""coordinates"":[8.52,12.05]}"
20160201000000_13,2,1.2265299558639526,GPM_IMERG,WA014,2016,"{""type"":""Point"",""coordinates"":[-1.62,6.69]}"
20160201000000_14,2,0.0014082533307373,GPM_IMERG,WA015,2016,"{""type"":""Point"",""coordinates"":[-16.680000000000003,13.45]}"
,2,0.0,GPM_IMERG,WA016,2016,
20160301000000_0,3,0.042019072920084,GPM_IMERG,WA001,2016,"{""type"":""Point"",""coordinates"":[-17.470000000000002,14.73]}"
20160301000000_1,3,0.0278446990996599,GPM_IMERG,WA002,2016,"{""type"":""Point"",""coordinates"":[-7.949999999999998,12.65]}"
20160301000000_2,3,0.4615726470947265,GPM_IMERG,WA003,2016,"{""type"":""Point"",""coordinates"":[-1.5200000000000002,12.360000000000001]}"
20160301000000_3,3,0.0746128261089325,GPM_IMERG,WA004,2016,"{""type"":""Point"",""coordinates"":[2.17,13.51]}"
20160301000000_4,3,2.9527618885040283,GPM_IMERG,WA005,2016,"{""type"":""Point"",""coordinates"":[7.33,9.07]}"
20160301000000_5,3,4.511063575744629,GPM_IMERG,WA006,2016,"{""type"":""Point"",""coordinates"":[-0.17,5.56]}"
20160301000000_6,3,4.312862396240234,GPM_IMERG,WA007,2016,"{""type"":""Point"",""coordinates"":[-3.9299999999999997,5.349999999999999]}"
20160301000000_7,3,0.0008425539708696,GPM_IMERG,WA008,2016,"{""type"":""Point"",""coordinates"":[-13.67,9.53]}"
20160301000000_8,3,0.1161274313926696,GPM_IMERG,WA009,2016,"{""type"":""Point"",""coordinates"":[-13.230000000000002,8.489999999999998]}"
20160301000000_9,3,2.945288896560669,GPM_IMERG,WA010,2016,"{""type"":""Point"",""coordinates"":[-10.799999999999999,6.3]}"
20160301000000_10,3,3.868686199188232,GPM_IMERG,WA011,2016,"{""type"":""Point"",""coordinates"":[1.22,6.130000000000001]}"
20160301000000_11,3,4.749181270599365,GPM_IMERG,WA012,2016,"{""type"":""Point"",""coordinates"":[2.42,6.37]}"
20160301000000_12,3,0.5177185535430908,GPM_IMERG,WA013,2016,"{""type"":""Point"",""coordinates"":[8.52,12.05]}"
20160301000000_13,3,3.409959554672241,GPM_IMERG,WA014,2016,"{""type"":""Point"",""coordinates"":[-1.62,6.69]}"
20160301000000_14,3,0.0056330133229494,GPM_IMERG,WA015,2016,"{""type"":""Point"",""coordinates"":[-16.680000000000003,13.45]}"
,3,0.0,GPM_IMERG,WA016,2016,
20160401000000_0,4,0.1103096157312393,GPM_IMERG,WA001,2016,"{""type"":""Point"",""coordinates"":[-17.470000000000002,14.73]}"
20160401000000_1,4,0.8340070247650146,GPM_IMERG,WA002,2016,"{""type"":""Point"",""coordinates"":[-7.949999999999998,12.65]}"
20160401000000_2,4,1.0342730283737185,GPM_IMERG,WA003,2016,"{""type"":""Point"",""coordinates"":[-1.5200000000000002,12.360000000000001]}"
20160401000000_3,4,0.7440067529678345,GPM_IMERG,WA004,2016,"{""type"":""Point"",""coordinates"":[2.17,13.51]}"
20160401000000_4,4,5.678015232086182,GPM_IMERG,WA005,2016,"{""type"":""Point"",""coordinates"":[7.33,9.07]}"
20160401000000_5,4,1.8816324472427368,GPM_IMERG,WA006,2016,"{""type"":""Point"",""coordinates"":[-0.17,5.56]}"
20160401000000_6,4,2.217626571655273,GPM_IMERG,WA007,2016,"{""type"":""Point"",""coordinates"":[-3.9299999999999997,5.349999999999999]}"
20160401000000_7,4,1.1030070781707764,GPM_IMERG,WA008,2016,"{""type"":""Point"",""coordinates"":[-13.67,9.53]}"
20160401000000_8,4,0.6627626419067383,GPM_IMERG,WA009,2016,"{""type"":""Point"",""coordinates"":[-13.230000000000002,8.489999999999998]}"
20160401000000_9,4,1.8728199005126955,GPM_IMERG,WA010,2016,"{""type"":""Point"",""coordinates"":[-10.799999999999999,6.3]}"
20160401000000_10,4,2.483124017715454,GPM_IMERG,WA011,2016,"{""type"":""Point"",""coordinates"":[1.22,6.130000000000001]}"
20160401000000_11,4,3.4516050815582275,GPM_IMERG,WA012,2016,"{""type"":""Point"",""coordinates"":[2.42,6.37]}"
20160401000000_12,4,0.3347938656806946,GPM_IMERG,WA013,2016,"{""type"":""Point"",""coordinates"":[8.52,12.05]}"
20160401000000_13,4,4.215597152709961,GPM_IMERG,WA014,2016,"{""type"":""Point"",""coordinates"":[-1.62,6.69]}"
20160401000000_14,4,0.0164050292223691,GPM_IMERG,WA015,2016,"{""type"":""Point"",""coordinates"":[-16.680000000000003,13.45]}"
,4,0.0,GPM_IMERG,WA016,2016,
20160501000000_0,5,0.0375143066048622,GPM_IMERG,WA001,2016,"{""type"":""Point"",""coordinates"":[-17.470000000000002,14.73]}"
20160501000000_1,5,3.0454115867614746,GPM_IMERG,WA002,2016,"{""type"":""Point"",""coordinates"":[-7.949999999999998,12.65]}"
20160501000000_2,5,1.767653465270996,GPM_IMERG,WA003,2016,"{""type"":""Point"",""coordinates"":[-1.5200000000000002,12.360000000000001]}"
20160501000000_3,5,1.470142126083374,GPM_IMERG,WA004,2016,"{""type"":""Point"",""coordinates"":[2.17,13.51]}"
20160501000000_4,5,10.679862022399902,GPM_IMERG,WA005,2016,"{""type"":""Point"",""coordinates"":[7.33,9.07]}"
20160501000000_5,5,5.569206237792969,GPM_IMERG,WA006,2016,"{""type"":""Point"",""coordinates"":[-0.17,5.56]}"
20160501000000_6,5,7.435276985168457,GPM_IMERG,WA007,2016,"{""type"":""Point"",""coordinates"":[-3.9299999999999997,5.349999999999999]}"
20160501000000_7,5,3.973116159439087,GPM_IMERG,WA008,2016,"{""type"":""Point"",""coordinates"":[-13.67,9.53]}"
20160501000000_8,5,2.2739133834838867,GPM_IMERG,WA009,2016,"{""type"":""Point"",""coordinates"":[-13.230000000000002,8.489999999999998]}"
20160501000000_9,5,12.350364685058594,GPM_IMERG,WA010,2016,"{""type"":""Point"",""coordinates"":[-10.799999999999999,6.3]}"
20160501000000_10,5,4.025038719177246,GPM_IMERG,WA011,2016,"{""type"":""Point"",""coordinates"":[1.22,6.130000000000001]}"
20160501000000_11,5,5.135274887084961,GPM_IMERG,WA012,2016,"{""type"":""Point"",""coordinates"":[2.42,6.37]}"
20160501000000_12,5,1.788066864013672,GPM_IMERG,WA013,2016,"{""type"":""Point"",""coordinates"":[8.52,12.05]}"
20160501000000_13,5,5.3630051612854,GPM_IMERG,WA014,2016,"{""type"":""Point"",""coordinates"":[-1.62,6.69]}"
20160501000000_14,5,0.1447155773639679,GPM_IMERG,WA015,2016,"{""type"":""Point"",""coordinates"":[-16.680000000000003,13.45]}"
,5,0.0,GPM_IMERG,WA016,2016,
20160601000000_0,6,0.0405047684907913,GPM_IMERG,WA001,2016,"{""type"":""Point"",""coordinates"":[-17.470000000000002,14.73]}"
20160601000000_1,6,5.510236740112305,GPM_IMERG,WA002,2016,"{""type"":""Point"",""coordinates"":[-7.949999999999998,12.65]}"
20160601000000_2,6,3.9129176139831534,GPM_IMERG,WA003,2016,"{""type"":""Point"",""coordinates"":[-1.5200000000000002,12.360000000000001]}"
20160601000000_3,6,2.580151081085205,GPM_IMERG,WA004,2016,"{""type"":""Point"",""coordinates"":[2.17,13.51]}"
20160601000000_4,6,6.417096614837647,GPM_IMERG,WA005,2016,"{""type"":""Point"",""coordinates"":[7.33,9.07]}"
20160601000000_5,6,5.79567813873291,GPM_IMERG,WA006,2016,"{""type"":""Point"",""coordinates"":[-0.17,5.56]}"
20160601000000_6,6,6.761777400970459,GPM_IMERG,WA007,2016,"{""type"":""Point"",""coordinates"":[-3.9299999999999997,5.349999999999999]}"
20160601000000_7,6,13.765108108520508,GPM_IMERG,WA008,2016,"{""type"":""Point"",""coordinates"":[-13.67,9.53]}"
20160601000000_8,6,14.50282859802246,GPM_IMERG,WA009,2016,"{""type"":""Point"",""coordinates"":[-13.230000000000002,8.489999999999998]}"
20160601000000_9,6,15.900111198425291,GPM_IMERG,WA010,2016,"{""type"":""Point"",""coordinates"":[-10.799999999999999,6.3]}"
20160601000000_10,6,5.417129039764404,GPM_IMERG,WA011,2016,"{""type"":""Point"",""coordinates"":[1.22,6.130000000000001]}"
20160601000000_11,6,6.719718456268311,GPM_IMERG,WA012,2016,"{""type"":""Point"",""coordinates"":[2.42,6.37]}"
20160601000000_12,6,6.712782382965088,GPM_IMERG,WA013,2016,"{""type"":""Point"",""coordinates"":[8.52,12.05]}"
20160601000000_13,6,5.921028137207031,GPM_IMERG,WA014,2016,"{""type"":""Point"",""coordinates"":[-1.62,6.69]}"
20160601000000_14,6,0.8563774228096008,GPM_IMERG,WA015,2016,"{""type"":""Point"",""coordinates"":[-16.680000000000003,13.45]}"
,6,0.2733075,GPM_IMERG,WA016,2016,
20160701000000_0,7,2.5039281845092773,GPM_IMERG,WA001,2016,"{""type"":""Point"",""coordinates"":[-17.470000000000002,14.73]}"
20160701000000_1,7,7.39932918548584,GPM_IMERG,WA002,2016,"{""type"":""Point"",""coordinates"":[-7.949999999999998,12.65]}"
20160701000000_2,7,8.818346977233887,GPM_IMERG,WA003,2016,"{""type"":""Point"",""coordinates"":[-1.5200000000000002,12.360000000000001]}"
20160701000000_3,7,2.3014636039733887,GPM_IMERG,WA004,2016,"{""type"":""Point"",""coordinates"":[2.17,13.51]}"
20160701000000_4,7,11.519615173339844,GPM_IMERG,WA005,2016,"{""type"":""Point"",""coordinates"":[7.33,9.07]}"
20160701000000_5,7,1.3348716497421265,GPM_IMERG,WA006,2016,"{""type"":""Point"",""coordinates"":[-0.17,5.56]}"
20160701000000_6,7,0.4993357062339782,GPM_IMERG,WA007,2016,"{""type"":""Point"",""coordinates"":[-3.9299999999999997,5.349999999999999]}"
20160701000000_7,7,27.213388442993164,GPM_IMERG,WA008,2016,"{""type"":""Point"",""coordinates"":[-13.67,9.53]}"
20160701000000_8,7,28.58067512512207,GPM_IMERG,WA009,2016,"{""type"":""Point"",""coordinates"":[-13.230000000000002,8.489999999999998]}"
20160701000000_9,7,11.718843460083008,GPM_IMERG,WA010,2016,"{""type"":""Point"",""coordinates"":[-10.799999999999999,6.3]}"
20160701000000_10,7,2.076523303985596,GPM_IMERG,WA011,2016,"{""type"":""Point"",""coordinates"":[1.22,6.130000000000001]}"
20160701000000_11,7,1.698699951171875,GPM_IMERG,WA012,2016,"{""type"":""Point"",""coordinates"":[2.42,6.37]}"
20160701000000_12,7,4.747280120849609,GPM_IMERG,WA013,2016,"{""type"":""Point"",""coordinates"":[8.52,12.05]}"
20160701000000_13,7,2.55784273147583,GPM_IMERG,WA014,2016,"{""type"":""Point"",""coordinates"":[-1.62,6.69]}"
20160701000000_14,7,7.511463165283203,GPM_IMERG,WA015,2016,"{""type"":""Point"",""coordinates"":[-16.680000000000003,13.45]}"
,7,1.1039748,GPM_IMERG,WA016,2016,
20160801000000_0,8,4.677671432495117,GPM_IMERG,WA001,2016,"{""type"":""Point"",""coordinates"":[-17.470000000000002,14.73]}"
20160801000000_1,8,8.902853965759277,GPM_IMERG,WA002,2016,"{""type"":""Point"",""coordinates"":[-7.949999999999998,12.65]}"
20160801000000_2,8,9.86467742919922,GPM_IMERG,WA003,2016,"{""type"":""Point"",""coordinates"":[-1.5200000000000002,12.360000000000001]}"
20160801000000_3,8,4.7625412940979,GPM_IMERG,WA004,2016,"{""type"":""Point"",""coordinates"":[2.17,13.51]}"
20160801000000_4,8,8.749944686889648,GPM_IMERG,WA005,2016,"{""type"":""Point"",""coordinates"":[7.33,9.07]}"
20160801000000_5,8,1.9294151067733765,GPM_IMERG,WA006,2016,"{""type"":""Point"",""coordinates"":[-0.17,5.56]}"
20160801000000_6,8,1.8003400564193726,GPM_IMERG,WA007,2016,"{""type"":""Point"",""coordinates"":[-3.9299999999999997,5.349999999999999]}"
20160801000000_7,8,24.05699920654297,GPM_IMERG,WA008,2016,"{""type"":""Point"",""coordinates"":[-13.67,9.53]}"
20160801000000_8,8,20.43752861022949,GPM_IMERG,WA009,2016,"{""type"":""Point"",""coordinates"":[-13.230000000000002,8.489999999999998]}"
20160801000000_9,8,14.066158294677734,GPM_IMERG,WA010,2016,"{""type"":""Point"",""coordinates"":[-10.799999999999999,6.3]}"
20160801000000_10,8,1.7130708694458008,GPM_IMERG,WA011,2016,"{""type"":""Point"",""coordinates"":[1.22,6.130000000000001]}"
20160801000000_11,8,2.063771963119507,GPM_IMERG,WA012,2016,"{""type"":""Point"",""coordinates"":[2.42,6.37]}"
20160801000000_12,8,7.49509334564209,GPM_IMERG,WA013,2016,"{""type"":""Point"",""coordinates"":[8.52,12.05]}"
20160801000000_13,8,2.027303695678711,GPM_IMERG,WA014,2016,"{""type"":""Point"",""coordinates"":[-1.62,6.69]}"
20160801000000_14,8,8.144968032836914,GPM_IMERG,WA015,2016,"{""type"":""Point"",""coordinates"":[-16.680000000000003,13.45]}"
,8,1.1456192,GPM_IMERG,WA016,2016,
20160901000000_0,9,7.8582444190979,GPM_IMERG,WA001,2016,"{""type"":""Point"",""coordinates"":[-17.470000000000002,14.73]}"
20160901000000_1,9,3.8071889877319336,GPM_IMERG,WA002,2016,"{""type"":""Point"",""coordinates"":[-7.949999999999998,12.65]}"
20160901000000_2,9,4.827963352203369,GPM_IMERG,WA003,2016,"{""type"":""Point"",""coordinates"":[-1.5200000000000002,12.360000000000001]}"
20160901000000_3,9,4.111924648284912,GPM_IMERG,WA004,2016,"{""type"":""Point"",""coordinates"":[2.17,13.51]}"
20160901000000_4,9,7.693799018859863,GPM_IMERG,WA005,2016,"{""type"":""Point"",""coordinates"":[7.33,9.07]}"
20160901000000_5,9,3.4296650886535645,GPM_IMERG,WA006,2016,"{""type"":""Point"",""coordinates"":[-0.17,5.56]}"
20160901000000_6,9,3.273411750793457,GPM_IMERG,WA007,2016,"{""type"":""Point"",""coordinates"":[-3.9299999999999997,5.349999999999999]}"
20160901000000_7,9,21.228126525878903,GPM_IMERG,WA008,2016,"{""type"":""Point"",""coordinates"":[-13.67,9.53]}"
20160901000000_8,9,15.55791473388672,GPM_IMERG,WA009,2016,"{""type"":""Point"",""coordinates"":[-13.230000000000002,8.489999999999998]}"
20160901000000_9,9,15.72335433959961,GPM_IMERG,WA010,2016,"{""type"":""Point"",""coordinates"":[-10.799999999999999,6.3]}"
20160901000000_10,9,4.815848350524902,GPM_IMERG,WA011,2016,"{""type"":""Point"",""coordinates"":[1.22,6.130000000000001]}"
20160901000000_11,9,5.664103984832764,GPM_IMERG,WA012,2016,"{""type"":""Point"",""coordinates"":[2.42,6.37]}"
20160901000000_12,9,3.8232436180114746,GPM_IMERG,WA013,2016,"{""type"":""Point"",""coordinates"":[8.52,12.05]}"
20160901000000_13,9,8.51325511932373,GPM_IMERG,WA014,2016,"{""type"":""Point"",""coordinates"":[-1.62,6.69]}"
20160901000000_14,9,9.708456039428713,GPM_IMERG,WA015,2016,"{""type"":""Point"",""coordinates"":[-16.680000000000003,13.45]}"
,9,2.163883,GPM_IMERG,WA016,2016,
20161001000000_0,10,0.146233320236206,GPM_IMERG,WA001,2016,"{""type"":""Point"",""coordinates"":[-17.470000000000002,14.73]}"
20161001000000_1,10,1.121584415435791,GPM_IMERG,WA002,2016,"{""type"":""Point"",""coordinates"":[-7.949999999999998,12.65]}"
20161001000000_2,10,0.376158207654953,GPM_IMERG,WA003,2016,"{""type"":""Point"",""coordinates"":[-1.5200000000000002,12.360000000000001]}"
20161001000000_3,10,0.156453400850296,GPM_IMERG,WA004,2016,"{""type"":""Point"",""coordinates"":[2.17,13.51]}"
20161001000000_4,10,5.1502885818481445,GPM_IMERG,WA005,2016,"{""type"":""Point"",""coordinates"":[7.33,9.07]}"
20161001000000_5,10,3.983376026153565,GPM_IMERG,WA006,2016,"{""type"":""Point"",""coordinates"":[-0.17,5.56]}"
20161001000000_6,10,4.438399791717529,GPM_IMERG,WA007,2016,"{""type"":""Point"",""coordinates"":[-3.9299999999999997,5.349999999999999]}"
20161001000000_7,10,5.496809959411621,GPM_IMERG,WA008,2016,"{""type"":""Point"",""coordinates"":[-13.67,9.53]}"
20161001000000_8,10,6.913479804992676,GPM_IMERG,WA009,2016,"{""type"":""Point"",""coordinates"":[-13.230000000000002,8.489999999999998]}"
20161001000000_9,10,8.791549682617188,GPM_IMERG,WA010,2016,"{""type"":""Point"",""coordinates"":[-10.799999999999999,6.3]}"
20161001000000_10,10,4.300605297088623,GPM_IMERG,WA011,2016,"{""type"":""Point"",""coordinates"":[1.22,6.130000000000001]}"
20161001000000_11,10,8.557744979858398,GPM_IMERG,WA012,2016,"{""type"":""Point"",""coordinates"":[2.42,6.37]}"
20161001000000_12,10,0.6887335181236267,GPM_IMERG,WA013,2016,"{""type"":""Point"",""coordinates"":[8.52,12.05]}"
20161001000000_13,10,6.448328018188477,GPM_IMERG,WA014,2016,"{""type"":""Point"",""coordinates"":[-1.62,6.69]}"
20161001000000_14,10,0.6104375720024109,GPM_IMERG,WA015,2016,"{""type"":""Point"",""coordinates"":[-16.680000000000003,13.45]}"
,10,0.0072096144,GPM_IMERG,WA016,2016,
20161101000000_0,11,0.0772619247436523,GPM_IMERG,WA001,2016,"{""type"":""Point"",""coordinates"":[-17.470000000000002,14.73]}"
20161101000000_1,11,0.1693240404129028,GPM_IMERG,WA002,2016,"{""type"":""Point"",""coordinates"":[-7.949999999999998,12.65]}"
20161101000000_2,11,0.0419803448021411,GPM_IMERG,WA003,2016,"{""type"":""Point"",""coordinates"":[-1.5200000000000002,12.360000000000001]}"
20161101000000_3,11,0.0059010139666497,GPM_IMERG,WA004,2016,"{""type"":""Point"",""coordinates"":[2.17,13.51]}"
20161101000000_4,11,0.6198249459266663,GPM_IMERG,WA005,2016,"{""type"":""Point"",""coordinates"":[7.33,9.07]}"
20161101000000_5,11,1.7241283655166626,GPM_IMERG,WA006,2016,"{""type"":""Point"",""coordinates"":[-0.17,5.56]}"
20161101000000_6,11,3.878411293029785,GPM_IMERG,WA007,2016,"{""type"":""Point"",""coordinates"":[-3.9299999999999997,5.349999999999999]}"
20161101000000_7,11,1.3949122428894043,GPM_IMERG,WA008,2016,"{""type"":""Point"",""coordinates"":[-13.67,9.53]}"
20161101000000_8,11,2.401026964187622,GPM_IMERG,WA009,2016,"{""type"":""Point"",""coordinates"":[-13.230000000000002,8.489999999999998]}"
20161101000000_9,11,4.5170722007751465,GPM_IMERG,WA010,2016,"{""type"":""Point"",""coordinates"":[-10.799999999999999,6.3]}"
20161101000000_10,11,0.8116902709007263,GPM_IMERG,WA011,2016,"{""type"":""Point"",""coordinates"":[1.22,6.130000000000001]}"
20161101000000_11,11,1.5828406810760498,GPM_IMERG,WA012,2016,"{""type"":""Point"",""coordinates"":[2.42,6.37]}"
20161101000000_12,11,0.1291916221380233,GPM_IMERG,WA013,2016,"{""type"":""Point"",""coordinates"":[8.52,12.05]}"
20161101000000_13,11,3.5255651473999023,GPM_IMERG,WA014,2016,"{""type"":""Point"",""coordinates"":[-1.62,6.69]}"
20161101000000_14,11,0.0665738582611084,GPM_IMERG,WA015,2016,"{""type"":""Point"",""coordinates"":[-16.680000000000003,13.45]}"
,11,0.02859348,GPM_IMERG,WA016,2016,
20161201000000_0,12,0.0045047686435282,GPM_IMERG,WA001,2016,"{""type"":""Point"",""coordinates"":[-17.470000000000002,14.73]}"
20161201000000_1,12,0.0583994537591934,GPM_IMERG,WA002,2016,"{""type"":""Point"",""coordinates"":[-7.949999999999998,12.65]}"
20161201000000_2,12,0.0270821079611778,GPM_IMERG,WA003,2016,"{""type"":""Point"",""coordinates"":[-1.5200000000000002,12.360000000000001]}"
20161201000000_3,12,0.0,GPM_IMERG,WA004,2016,"{""type"":""Point"",""coordinates"":[2.17,13.51]}"
20161201000000_4,12,0.1292707771062851,GPM_IMERG,WA005,2016,"{""type"":""Point"",""coordinates"":[7.33,9.07]}"
20161201000000_5,12,0.4843403697013855,GPM_IMERG,WA006,2016,"{""type"":""Point"",""coordinates"":[-0.17,5.56]}"
20161201000000_6,12,1.9749436378479004,GPM_IMERG,WA007,2016,"{""type"":""Point"",""coordinates"":[-3.9299999999999997,5.349999999999999]}"
20161201000000_7,12,0.0301813688129186,GPM_IMERG,WA008,2016,"{""type"":""Point"",""coordinates"":[-13.67,9.53]}"
20161201000000_8,12,0.3353132009506225,GPM_IMERG,WA009,2016,"{""type"":""Point"",""coordinates"":[-13.230000000000002,8.489999999999998]}"
20161201000000_9,12,0.5858175158500671,GPM_IMERG,WA010,2016,"{""type"":""Point"",""coordinates"":[-10.799999999999999,6.3]}"
20161201000000_10,12,0.271131694316864,GPM_IMERG,WA011,2016,"{""type"":""Point"",""coordinates"":[1.22,6.130000000000001]}"
20161201000000_11,12,0.1411969512701034,GPM_IMERG,WA012,2016,"{""type"":""Point"",""coordinates"":[2.42,6.37]}"
20161201000000_12,12,0.0386888831853866,GPM_IMERG,WA013,2016,"{""type"":""Point"",""coordinates"":[8.52,12.05]}"
20161201000000_13,12,4.30210018157959,GPM_IMERG,WA014,2016,"{""type"":""Point"",""coordinates"":[-1.62,6.69]}"
20161201000000_14,12,0.0,GPM_IMERG,WA015,2016,"{""type"":""Point"",""coordinates"":[-16.680000000000003,13.45]}"
,12,0.07791678,GPM_IMERG,WA016,2016,
20170101000000_0,1,0.0180190745741128,GPM_IMERG,WA001,2017,"{""type"":""Point"",""coordinates"":[-17.470000000000002,14.73]}"
20170101000000_1,1,0.0183848477900028,GPM_IMERG,WA002,2017,"{""type"":""Point"",""coordinates"":[-7.949999999999998,12.65]}"
20170101000000_2,1,0.1299751996994018,GPM_IMERG,WA003,2017,"{""type"":""Point"",""coordinates"":[-1.5200000000000002,12.360000000000001]}"
20170101000000_3,1,0.0,GPM_IMERG,WA004,2017,"{""type"":""Point"",""coordinates"":[2.17,13.51]}"
20170101000000_4,1,0.1324464529752731,GPM_IMERG,WA005,2017,"{""type"":""Point"",""coordinates"":[7.33,9.07]}"
20170101000000_5,1,1.5646865367889404,GPM_IMERG,WA006,2017,"{""type"":""Point"",""coordinates"":[-0.17,5.56]}"
20170101000000_6,1,2.550780296325684,GPM_IMERG,WA007,2017,"{""type"":""Point"",""coordinates"":[-3.9299999999999997,5.349999999999999]}"
20170101000000_7,1,0.0028117015026509,GPM_IMERG,WA008,2017,"{""type"":""Point"",""coordinates"":[-13.67,9.53]}"
20170101000000_8,1,0.0294375084340572,GPM_IMERG,WA009,2017,"{""type"":""Point"",""coordinates"":[-13.230000000000002,8.489999999999998]}"
20170101000000_9,1,0.8593128323554993,GPM_IMERG,WA010,2017,"{""type"":""Point"",""coordinates"":[-10.799999999999999,6.3]}"
20170101000000_10,1,0.3814633786678314,GPM_IMERG,WA011,2017,"{""type"":""Point"",""coordinates"":[1.22,6.130000000000001]}"
20170101000000_11,1,0.2638939321041107,GPM_IMERG,WA012,2017,"{""type"":""Point"",""coordinates"":[2.42,6.37]}"
20170101000000_12,1,0.0445901565253734,GPM_IMERG,WA013,2017,"{""type"":""Point"",""coordinates"":[8.52,12.05]}"
20170101000000_13,1,3.88043475151062,GPM_IMERG,WA014,2017,"{""type"":""Point"",""coordinates"":[-1.62,6.69]}"
20170101000000_14,1,0.0,GPM_IMERG,WA015,2017,"{""type"":""Point"",""coordinates"":[-16.680000000000003,13.45]}"
,1,0.012464273,GPM_IMERG,WA016,2017,
20170201000000_0,2,0.0172619204968214,GPM_IMERG,WA001,2017,"{""type"":""Point"",""coordinates"":[-17.470000000000002,14.73]}"
20170201000000_1,2,0.0183848477900028,GPM_IMERG,WA002,2017,"{""type"":""Point"",""coordinates"":[-7.949999999999998,12.65]}"
20170201000000_2,2,0.069530576467514,GPM_IMERG,WA003,2017,"{""type"":""Point"",""coordinates"":[-1.5200000000000002,12.360000000000001]}"
20170201000000_3,2,0.0,GPM_IMERG,WA004,2017,"{""type"":""Point"",""coordinates"":[2.17,13.51]}"
20170201000000_4,2,0.8857670426368713,GPM_IMERG,WA005,2017,"{""type"":""Point"",""coordinates"":[7.33,9.07]}"
20170201000000_5,2,0.8404778838157654,GPM_IMERG,WA006,2017,"{""type"":""Point"",""coordinates"":[-0.17,5.56]}"
20170201000000_6,2,1.7106738090515137,GPM_IMERG,WA007,2017,"{""type"":""Point"",""coordinates"":[-3.9299999999999997,5.349999999999999]}"
20170201000000_7,2,0.0064654080197215,GPM_IMERG,WA008,2017,"{""type"":""Point"",""coordinates"":[-13.67,9.53]}"
20170201000000_8,2,0.0492130257189273,GPM_IMERG,WA009,2017,"{""type"":""Point"",""coordinates"":[-13.230000000000002,8.489999999999998]}"
20170201000000_9,2,1.3060001134872437,GPM_IMERG,WA010,2017,"{""type"":""Point"",""coordinates"":[-10.799999999999999,6.3]}"
20170201000000_10,2,0.4338837563991546,GPM_IMERG,WA011,2017,"{""type"":""Point"",""coordinates"":[1.22,6.130000000000001]}"
20170201000000_11,2,0.139026939868927,GPM_IMERG,WA012,2017,"{""type"":""Point"",""coordinates"":[2.42,6.37]}"
20170201000000_12,2,0.0216379985213279,GPM_IMERG,WA013,2017,"{""type"":""Point"",""coordinates"":[8.52,12.05]}"
20170201000000_13,2,1.3592536449432373,GPM_IMERG,WA014,2017,"{""type"":""Point"",""coordinates"":[-1.62,6.69]}"
20170201000000_14,2,0.0,GPM_IMERG,WA015,2017,"{""type"":""Point"",""coordinates"":[-16.680000000000003,13.45]}"
,2,0.010495026,GPM_IMERG,WA016,2017,
20170301000000_0,3,0.012757153250277,GPM_IMERG,WA001,2017,"{""type"":""Point"",""coordinates"":[-17.470000000000002,14.73]}"
20170301000000_1,3,0.4761373400688171,GPM_IMERG,WA002,2017,"{""type"":""Point"",""coordinates"":[-7.949999999999998,12.65]}"
20170301000000_2,3,0.0937200263142585,GPM_IMERG,WA003,2017,"{""type"":""Point"",""coordinates"":[-1.5200000000000002,12.360000000000001]}"
20170301000000_3,3,0.0,GPM_IMERG,WA004,2017,"{""type"":""Point"",""coordinates"":[2.17,13.51]}"
20170301000000_4,3,0.6696850657463074,GPM_IMERG,WA005,2017,"{""type"":""Point"",""coordinates"":[7.33,9.07]}"
20170301000000_5,3,2.4006361961364746,GPM_IMERG,WA006,2017,"{""type"":""Point"",""coordinates"":[-0.17,5.56]}"
20170301000000_6,3,1.2483772039413452,GPM_IMERG,WA007,2017,"{""type"":""Point"",""coordinates"":[-3.9299999999999997,5.349999999999999]}"
20170301000000_7,3,0.3095471262931824,GPM_IMERG,WA008,2017,"{""type"":""Point"",""coordinates"":[-13.67,9.53]}"
20170301000000_8,3,0.2994579076766968,GPM_IMERG,WA009,2017,"{""type"":""Point"",""coordinates"":[-13.230000000000002,8.489999999999998]}"
20170301000000_9,3,0.5502046942710876,GPM_IMERG,WA010,2017,"{""type"":""Point"",""coordinates"":[-10.799999999999999,6.3]}"
20170301000000_10,3,1.9569731950759888,GPM_IMERG,WA011,2017,"{""type"":""Point"",""coordinates"":[1.22,6.130000000000001]}"
20170301000000_11,3,1.525268316268921,GPM_IMERG,WA012,2017,"{""type"":""Point"",""coordinates"":[2.42,6.37]}"
20170301000000_12,3,0.1547948271036148,GPM_IMERG,WA013,2017,"{""type"":""Point"",""coordinates"":[8.52,12.05]}"
20170301000000_13,3,3.767156839370728,GPM_IMERG,WA014,2017,"{""type"":""Point"",""coordinates"":[-1.62,6.69]}"
20170301000000_14,3,0.0,GPM_IMERG,WA015,2017,"{""type"":""Point"",""coordinates"":[-16.680000000000003,13.45]}"
,3,0.034798473,GPM_IMERG,WA016,2017,
20170401000000_0,4,0.016504768282175,GPM_IMERG,WA001,2017,"{""type"":""Point"",""coordinates"":[-17.470000000000002,14.73]}"
20170401000000_1,4,0.4958863854408264,GPM_IMERG,WA002,2017,"{""type"":""Point"",""coordinates"":[-7.949999999999998,12.65]}"
20170401000000_2,4,1.0182524919509888,GPM_IMERG,WA003,2017,"{""type"":""Point"",""coordinates"":[-1.5200000000000002,12.360000000000001]}"
20170401000000_3,4,0.084454208612442,GPM_IMERG,WA004,2017,"{""type"":""Point"",""coordinates"":[2.17,13.51]}"
20170401000000_4,4,2.5425260066986084,GPM_IMERG,WA005,2017,"{""type"":""Point"",""coordinates"":[7.33,9.07]}"
20170401000000_5,4,3.688002347946167,GPM_IMERG,WA006,2017,"{""type"":""Point"",""coordinates"":[-0.17,5.56]}"
20170401000000_6,4,4.442261695861816,GPM_IMERG,WA007,2017,"{""type"":""Point"",""coordinates"":[-3.9299999999999997,5.349999999999999]}"
20170401000000_7,4,1.4228898286819458,GPM_IMERG,WA008,2017,"{""type"":""Point"",""coordinates"":[-13.67,9.53]}"
20170401000000_8,4,2.1244542598724365,GPM_IMERG,WA009,2017,"{""type"":""Point"",""coordinates"":[-13.230000000000002,8.489999999999998]}"
20170401000000_9,4,4.240837574005127,GPM_IMERG,WA010,2017,"{""type"":""Point"",""coordinates"":[-10.799999999999999,6.3]}"
20170401000000_10,4,3.3969886302948,GPM_IMERG,WA011,2017,"{""type"":""Point"",""coordinates"":[1.22,6.130000000000001]}"
20170401000000_11,4,2.9023959636688232,GPM_IMERG,WA012,2017,"{""type"":""Point"",""coordinates"":[2.42,6.37]}"
20170401000000_12,4,0.5584025382995605,GPM_IMERG,WA013,2017,"{""type"":""Point"",""coordinates"":[8.52,12.05]}"
20170401000000_13,4,3.5044970512390137,GPM_IMERG,WA014,2017,"{""type"":""Point"",""coordinates"":[-1.62,6.69]}"
20170401000000_14,4,0.0,GPM_IMERG,WA015,2017,"{""type"":""Point"",""coordinates"":[-16.680000000000003,13.45]}"
,4,0.024187576,GPM_IMERG,WA016,2017,
20170501000000_0,5,0.0277476161718368,GPM_IMERG,WA001,2017,"{""type"":""Point"",""coordinates"":[-17.470000000000002,14.73]}"
20170501000000_1,5,2.3283333778381348,GPM_IMERG,WA002,2017,"{""type"":""Point"",""coordinates"":[-7.949999999999998,12.65]}"
20170501000000_2,5,5.531614780426025,GPM_IMERG,WA003,2017,"{""type"":""Point"",""coordinates"":[-1.5200000000000002,12.360000000000001]}"
20170501000000_3,5,2.0581507682800293,GPM_IMERG,WA004,2017,"{""type"":""Point"",""coordinates"":[2.17,13.51]}"
20170501000000_4,5,6.323184967041016,GPM_IMERG,WA005,2017,"{""type"":""Point"",""coordinates"":[7.33,9.07]}"
20170501000000_5,5,5.1084818840026855,GPM_IMERG,WA006,2017,"{""type"":""Point"",""coordinates"":[-0.17,5.56]}"
20170501000000_6,5,5.845884799957275,GPM_IMERG,WA007,2017,"{""type"":""Point"",""coordinates"":[-3.9299999999999997,5.349999999999999]}"
20170501000000_7,5,5.159906387329102,GPM_IMERG,WA008,2017,"{""type"":""Point"",""coordinates"":[-13.67,9.53]}"
20170501000000_8,5,8.501282691955566,GPM_IMERG,WA009,2017,"{""type"":""Point"",""coordinates"":[-13.230000000000002,8.489999999999998]}"
20170501000000_9,5,12.206944465637209,GPM_IMERG,WA010,2017,"{""type"":""Point"",""coordinates"":[-10.799999999999999,6.3]}"
20170501000000_10,5,3.916490316390991,GPM_IMERG,WA011,2017,"{""type"":""Point"",""coordinates"":[1.22,6.130000000000001]}"
20170501000000_11,5,6.066549301147461,GPM_IMERG,WA012,2017,"{""type"":""Point"",""coordinates"":[2.42,6.37]}"
20170501000000_12,5,1.4711241722106934,GPM_IMERG,WA013,2017,"{""type"":""Point"",""coordinates"":[8.52,12.05]}"
20170501000000_13,5,7.307459831237793,GPM_IMERG,WA014,2017,"{""type"":""Point"",""coordinates"":[-1.62,6.69]}"
20170501000000_14,5,0.0577358156442642,GPM_IMERG,WA015,2017,"{""type"":""Point"",""coordinates"":[-16.680000000000003,13.45]}"
,5,0.0006586996,GPM_IMERG,WA016,2017,
20170601000000_0,6,1.0281569957733154,GPM_IMERG,WA001,2017,"{""type"":""Point"",""coordinates"":[-17.470000000000002,14.73]}"
20170601000000_1,6,3.715635299682617,GPM_IMERG,WA002,2017,"{""type"":""Point"",""coordinates"":[-7.949999999999998,12.65]}"
20170601000000_2,6,5.215690612792969,GPM_IMERG,WA003,2017,"{""type"":""Point"",""coordinates"":[-1.5200000000000002,12.360000000000001]}"
20170601000000_3,6,3.882131338119507,GPM_IMERG,WA004,2017,"{""type"":""Point"",""coordinates"":[2.17,13.51]}"
20170601000000_4,6,8.775189399719238,GPM_IMERG,WA005,2017,"{""type"":""Point"",""coordinates"":[7.33,9.07]}"
20170601000000_5,6,7.295047283172607,GPM_IMERG,WA006,2017,"{""type"":""Point"",""coordinates"":[-0.17,5.56]}"
20170601000000_6,6,12.150992393493652,GPM_IMERG,WA007,2017,"{""type"":""Point"",""coordinates"":[-3.9299999999999997,5.349999999999999]}"
20170601000000_7,6,20.413795471191406,GPM_IMERG,WA008,2017,"{""type"":""Point"",""coordinates"":[-13.67,9.53]}"
20170601000000_8,6,21.3345890045166,GPM_IMERG,WA009,2017,"{""type"":""Point"",""coordinates"":[-13.230000000000002,8.489999999999998]}"
20170601000000_9,6,28.457735061645508,GPM_IMERG,WA010,2017,"{""type"":""Point"",""coordinates"":[-10.799999999999999,6.3]}"
20170601000000_10,6,7.520009994506836,GPM_IMERG,WA011,2017,"{""type"":""Point"",""coordinates"":[1.22,6.130000000000001]}"
20170601000000_11,6,12.004754066467283,GPM_IMERG,WA012,2017,"{""type"":""Point"",""coordinates"":[2.42,6.37]}"
20170601000000_12,6,6.796985149383545,GPM_IMERG,WA013,2017,"{""type"":""Point"",""coordinates"":[8.52,12.05]}"
20170601000000_13,6,7.574421882629394,GPM_IMERG,WA014,2017,"{""type"":""Point"",""coordinates"":[-1.62,6.69]}"
20170601000000_14,6,2.1242504119873047,GPM_IMERG,WA015,2017,"{""type"":""Point"",""coordinates"":[-16.680000000000003,13.45]}"
,6,0.95335305,GPM_IMERG,WA016,2017,
20170701000000_0,7,5.03643798828125,GPM_IMERG,WA001,2017,"{""type"":""Point"",""coordinates"":[-17.470000000000002,14.73]}"
20170701000000_1,7,10.507351875305176,GPM_IMERG,WA002,2017,"{""type"":""Point"",""coordinates"":[-7.949999999999998,12.65]}"
20170701000000_2,7,4.143214702606201,GPM_IMERG,WA003,2017,"{""type"":""Point"",""coordinates"":[-1.5200000000000002,12.360000000000001]}"
20170701000000_3,7,4.0428786277771,GPM_IMERG,WA004,2017,"{""type"":""Point"",""coordinates"":[2.17,13.51]}"
20170701000000_4,7,6.7680983543396,GPM_IMERG,WA005,2017,"{""type"":""Point"",""coordinates"":[7.33,9.07]}"
20170701000000_5,7,2.469062566757202,GPM_IMERG,WA006,2017,"{""type"":""Point"",""coordinates"":[-0.17,5.56]}"
20170701000000_6,7,2.070526599884033,GPM_IMERG,WA007,2017,"{""type"":""Point"",""coordinates"":[-3.9299999999999997,5.349999999999999]}"
20170701000000_7,7,24.874711990356445,GPM_IMERG,WA008,2017,"{""type"":""Point"",""coordinates"":[-13.67,9.53]}"
20170701000000_8,7,19.14511680603028,GPM_IMERG,WA009,2017,"{""type"":""Point"",""coordinates"":[-13.230000000000002,8.489999999999998]}"
20170701000000_9,7,15.964035987854004,GPM_IMERG,WA010,2017,"{""type"":""Point"",""coordinates"":[-10.799999999999999,6.3]}"
20170701000000_10,7,4.689438819885254,GPM_IMERG,WA011,2017,"{""type"":""Point"",""coordinates"":[1.22,6.130000000000001]}"
20170701000000_11,7,5.230223655700684,GPM_IMERG,WA012,2017,"{""type"":""Point"",""coordinates"":[2.42,6.37]}"
20170701000000_12,7,6.354935169219971,GPM_IMERG,WA013,2017,"{""type"":""Point"",""coordinates"":[8.52,12.05]}"
20170701000000_13,7,4.254782199859619,GPM_IMERG,WA014,2017,"{""type"":""Point"",""coordinates"":[-1.62,6.69]}"
20170701000000_14,7,10.119183540344238,GPM_IMERG,WA015,2017,"{""type"":""Point"",""coordinates"":[-16.680000000000003,13.45]}"
,7,0.6531753,GPM_IMERG,WA016,2017,
20170801000000_0,8,3.8286750316619873,GPM_IMERG,WA001,2017,"{""type"":""Point"",""coordinates"":[-17.470000000000002,14.73]}"
20170801000000_1,8,7.262287139892578,GPM_IMERG,WA002,2017,"{""type"":""Point"",""coordinates"":[-7.949999999999998,12.65]}"
20170801000000_2,8,8.424186706542969,GPM_IMERG,WA003,2017,"{""type"":""Point"",""coordinates"":[-1.5200000000000002,12.360000000000001]}"
20170801000000_3,8,6.64708423614502,GPM_IMERG,WA004,2017,"{""type"":""Point"",""coordinates"":[2.17,13.51]}"
20170801000000_4,8,11.25596046447754,GPM_IMERG,WA005,2017,"{""type"":""Point"",""coordinates"":[7.33,9.07]}"
20170801000000_5,8,0.8833473920822144,GPM_IMERG,WA006,2017,"{""type"":""Point"",""coordinates"":[-0.17,5.56]}"
20170801000000_6,8,3.477213144302368,GPM_IMERG,WA007,2017,"{""type"":""Point"",""coordinates"":[-3.9299999999999997,5.349999999999999]}"
20170801000000_7,8,22.50545310974121,GPM_IMERG,WA008,2017,"{""type"":""Point"",""coordinates"":[-13.67,9.53]}"
20170801000000_8,8,21.510326385498047,GPM_IMERG,WA009,2017,"{""type"":""Point"",""coordinates"":[-13.230000000000002,8.489999999999998]}"
20170801000000_9,8,14.357172012329102,GPM_IMERG,WA010,2017,"{""type"":""Point"",""coordinates"":[-10.799999999999999,6.3]}"
20170801000000_10,8,1.4288818836212158,GPM_IMERG,WA011,2017,"{""type"":""Point"",""coordinates"":[1.22,6.130000000000001]}"
20170801000000_11,8,2.1127524375915527,GPM_IMERG,WA012,2017,"{""type"":""Point"",""coordinates"":[2.42,6.37]}"
20170801000000_12,8,8.463533401489258,GPM_IMERG,WA013,2017,"{""type"":""Point"",""coordinates"":[8.52,12.05]}"
20170801000000_13,8,2.2609663009643555,GPM_IMERG,WA014,2017,"{""type"":""Point"",""coordinates"":[-1.62,6.69]}"
20170801000000_14,8,12.664192199707031,GPM_IMERG,WA015,2017,"{""type"":""Point"",""coordinates"":[-16.680000000000003,13.45]}"
,8,2.0400305,GPM_IMERG,WA016,2017,
20170901000000_0,9,2.7477521896362305,GPM_IMERG,WA001,2017,"{""type"":""Point"",""coordinates"":[-17.470000000000002,14.73]}"
20170901000000_1,9,4.633661270141602,GPM_IMERG,WA002,2017,"{""type"":""Point"",""coordinates"":[-7.949999999999998,12.65]}"
20170901000000_2,9,3.288999080657959,GPM_IMERG,WA003,2017,"{""type"":""Point"",""coordinates"":[-1.5200000000000002,12.360000000000001]}"
20170901000000_3,9,2.026000499725342,GPM_IMERG,WA004,2017,"{""type"":""Point"",""coordinates"":[2.17,13.51]}"
20170901000000_4,9,8.11328411102295,GPM_IMERG,WA005,2017,"{""type"":""Point"",""coordinates"":[7.33,9.07]}"
20170901000000_5,9,1.720829725265503,GPM_IMERG,WA006,2017,"{""type"":""Point"",""coordinates"":[-0.17,5.56]}"
20170901000000_6,9,1.8278595209121704,GPM_IMERG,WA007,2017,"{""type"":""Point"",""coordinates"":[-3.9299999999999997,5.349999999999999]}"
20170901000000_7,9,15.192940711975098,GPM_IMERG,WA008,2017,"{""type"":""Point"",""coordinates"":[-13.67,9.53]}"
20170901000000_8,9,16.337879180908203,GPM_IMERG,WA009,2017,"{""type"":""Point"",""coordinates"":[-13.230000000000002,8.489999999999998]}"
20170901000000_9,9,20.793312072753903,GPM_IMERG,WA010,2017,"{""type"":""Point"",""coordinates"":[-10.799999999999999,6.3]}"
20170901000000_10,9,2.344545602798462,GPM_IMERG,WA011,2017,"{""type"":""Point"",""coordinates"":[1.22,6.130000000000001]}"
20170901000000_11,9,3.910308837890625,GPM_IMERG,WA012,2017,"{""type"":""Point"",""coordinates"":[2.42,6.37]}"
20170901000000_12,9,2.9359498023986816,GPM_IMERG,WA013,2017,"{""type"":""Point"",""coordinates"":[8.52,12.05]}"
20170901000000_13,9,5.398218154907227,GPM_IMERG,WA014,2017,"{""type"":""Point"",""coordinates"":[-1.62,6.69]}"
20170901000000_14,9,3.6678853034973145,GPM_IMERG,WA015,2017,"{""type"":""Point"",""coordinates"":[-16.680000000000003,13.45]}"
,9,0.40592644,GPM_IMERG,WA016,2017,
20171001000000_0,10,0.4606192409992218,GPM_IMERG,WA001,2017,"{""type"":""Point"",""coordinates"":[-17.470000000000002,14.73]}"
20171001000000_1,10,0.3559158742427826,GPM_IMERG,WA002,2017,"{""type"":""Point"",""coordinates"":[-7.949999999999998,12.65]}"
20171001000000_2,10,0.5229088068008423,GPM_IMERG,WA003,2017,"{""type"":""Point"",""coordinates"":[-1.5200000000000002,12.360000000000001]}"
20171001000000_3,10,0.2141351550817489,GPM_IMERG,WA004,2017,"{""type"":""Point"",""coordinates"":[2.17,13.51]}"
20171001000000_4,10,2.5133180618286133,GPM_IMERG,WA005,2017,"{""type"":""Point"",""coordinates"":[7.33,9.07]}"
20171001000000_5,10,2.541804790496826,GPM_IMERG,WA006,2017,"{""type"":""Point"",""coordinates"":[-0.17,5.56]}"
20171001000000_6,10,10.71889591217041,GPM_IMERG,WA007,2017,"{""type"":""Point"",""coordinates"":[-3.9299999999999997,5.349999999999999]}"
20171001000000_7,10,4.279134273529053,GPM_IMERG,WA008,2017,"{""type"":""Point"",""coordinates"":[-13.67,9.53]}"
20171001000000_8,10,5.894577980041504,GPM_IMERG,WA009,2017,"{""type"":""Point"",""coordinates"":[-13.230000000000002,8.489999999999998]}"
20171001000000_9,10,9.485757827758787,GPM_IMERG,WA010,2017,"{""type"":""Point"",""coordinates"":[-10.799999999999999,6.3]}"
20171001000000_10,10,1.1435751914978027,GPM_IMERG,WA011,2017,"{""type"":""Point"",""coordinates"":[1.22,6.130000000000001]}"
20171001000000_11,10,2.3878321647644043,GPM_IMERG,WA012,2017,"{""type"":""Point"",""coordinates"":[2.42,6.37]}"
20171001000000_12,10,0.2391896992921829,GPM_IMERG,WA013,2017,"{""type"":""Point"",""coordinates"":[8.52,12.05]}"
20171001000000_13,10,5.175349712371826,GPM_IMERG,WA014,2017,"{""type"":""Point"",""coordinates"":[-1.62,6.69]}"
20171001000000_14,10,0.908481240272522,GPM_IMERG,WA015,2017,"{""type"":""Point"",""coordinates"":[-16.680000000000003,13.45]}"
,10,0.014149677,GPM_IMERG,WA016,2017,
20171101000000_0,11,0.0397285409271717,GPM_IMERG,WA001,2017,"{""type"":""Point"",""coordinates"":[-17.470000000000002,14.73]}"
20171101000000_1,11,0.0183848477900028,GPM_IMERG,WA002,2017,"{""type"":""Point"",""coordinates"":[-7.949999999999998,12.65]}"
20171101000000_2,11,0.4093359410762787,GPM_IMERG,WA003,2017,"{""type"":""Point"",""coordinates"":[-1.5200000000000002,12.360000000000001]}"
20171101000000_3,11,0.0687172934412956,GPM_IMERG,WA004,2017,"{""type"":""Point"",""coordinates"":[2.17,13.51]}"
20171101000000_4,11,1.69881010055542,GPM_IMERG,WA005,2017,"{""type"":""Point"",""coordinates"":[7.33,9.07]}"
20171101000000_5,11,1.5646075010299685,GPM_IMERG,WA006,2017,"{""type"":""Point"",""coordinates"":[-0.17,5.56]}"
20171101000000_6,11,6.5096516609191895,GPM_IMERG,WA007,2017,"{""type"":""Point"",""coordinates"":[-3.9299999999999997,5.349999999999999]}"
20171101000000_7,11,3.4608850479125977,GPM_IMERG,WA008,2017,"{""type"":""Point"",""coordinates"":[-13.67,9.53]}"
20171101000000_8,11,4.789299011230469,GPM_IMERG,WA009,2017,"{""type"":""Point"",""coordinates"":[-13.230000000000002,8.489999999999998]}"
20171101000000_9,11,7.383666515350342,GPM_IMERG,WA010,2017,"{""type"":""Point"",""coordinates"":[-10.799999999999999,6.3]}"
20171101000000_10,11,1.710047960281372,GPM_IMERG,WA011,2017,"{""type"":""Point"",""coordinates"":[1.22,6.130000000000001]}"
20171101000000_11,11,1.416757345199585,GPM_IMERG,WA012,2017,"{""type"":""Point"",""coordinates"":[2.42,6.37]}"
20171101000000_12,11,0.4077678024768829,GPM_IMERG,WA013,2017,"{""type"":""Point"",""coordinates"":[8.52,12.05]}"
20171101000000_13,11,3.0756170749664307,GPM_IMERG,WA014,2017,"{""type"":""Point"",""coordinates"":[-1.62,6.69]}"
20171101000000_14,11,0.0225917473435401,GPM_IMERG,WA015,2017,"{""type"":""Point"",""coordinates"":[-16.680000000000003,13.45]}"
,11,0.0,GPM_IMERG,WA016,2017,
20171201000000_0,12,0.0090095372870564,GPM_IMERG,WA001,2017,"{""type"":""Point"",""coordinates"":[-17.470000000000002,14.73]}"
20171201000000_1,12,0.0183848477900028,GPM_IMERG,WA002,2017,"{""type"":""Point"",""coordinates"":[-7.949999999999998,12.65]}"
20171201000000_2,12,0.0701898857951164,GPM_IMERG,WA003,2017,"{""type"":""Point"",""coordinates"":[-1.5200000000000002,12.360000000000001]}"
20171201000000_3,12,0.0,GPM_IMERG,WA004,2017,"{""type"":""Point"",""coordinates"":[2.17,13.51]}"
20171201000000_4,12,0.8471558690071106,GPM_IMERG,WA005,2017,"{""type"":""Point"",""coordinates"":[7.33,9.07]}"
20171201000000_5,12,0.9767985343933104,GPM_IMERG,WA006,2017,"{""type"":""Point"",""coordinates"":[-0.17,5.56]}"
20171201000000_6,12,1.8936384916305544,GPM_IMERG,WA007,2017,"{""type"":""Point"",""coordinates"":[-3.9299999999999997,5.349999999999999]}"
20171201000000_7,12,0.0155566409230232,GPM_IMERG,WA008,2017,"{""type"":""Point"",""coordinates"":[-13.67,9.53]}"
20171201000000_8,12,0.1628730744123459,GPM_IMERG,WA009,2017,"{""type"":""Point"",""coordinates"":[-13.230000000000002,8.489999999999998]}"
20171201000000_9,12,1.0083017349243164,GPM_IMERG,WA010,2017,"{""type"":""Point"",""coordinates"":[-10.799999999999999,6.3]}"
20171201000000_10,12,0.4989449679851532,GPM_IMERG,WA011,2017,"{""type"":""Point"",""coordinates"":[1.22,6.130000000000001]}"
20171201000000_11,12,0.5264102816581726,GPM_IMERG,WA012,2017,"{""type"":""Point"",""coordinates"":[2.42,6.37]}"
20171201000000_12,12,0.0190179720520973,GPM_IMERG,WA013,2017,"{""type"":""Point"",""coordinates"":[8.52,12.05]}"
20171201000000_13,12,1.929738998413086,GPM_IMERG,WA014,2017,"{""type"":""Point"",""coordinates"":[-1.62,6.69]}"
20171201000000_14,12,0.0042165266349911,GPM_IMERG,WA015,2017,"{""type"":""Point"",""coordinates"":[-16.680000000000003,13.45]}"
,12,0.0,GPM_IMERG,WA016,2017,
20180101000000_0,1,0.0,GPM_IMERG,WA001,2018,"{""type"":""Point"",""coordinates"":[-17.470000000000002,14.73]}"
20180101000000_1,1,0.0240000002086162,GPM_IMERG,WA002,2018,"{""type"":""Point"",""coordinates"":[-7.949999999999998,12.65]}"
20180101000000_2,1,0.0028109478298574,GPM_IMERG,WA003,2018,"{""type"":""Point"",""coordinates"":[-1.5200000000000002,12.360000000000001]}"
20180101000000_3,1,0.0,GPM_IMERG,WA004,2018,"{""type"":""Point"",""coordinates"":[2.17,13.51]}"
20180101000000_4,1,0.1318774372339248,GPM_IMERG,WA005,2018,"{""type"":""Point"",""coordinates"":[7.33,9.07]}"
20180101000000_5,1,0.1471939980983734,GPM_IMERG,WA006,2018,"{""type"":""Point"",""coordinates"":[-0.17,5.56]}"
20180101000000_6,1,0.2553850412368774,GPM_IMERG,WA007,2018,"{""type"":""Point"",""coordinates"":[-3.9299999999999997,5.349999999999999]}"
20180101000000_7,1,0.0223033465445041,GPM_IMERG,WA008,2018,"{""type"":""Point"",""coordinates"":[-13.67,9.53]}"
20180101000000_8,1,0.1179898083209991,GPM_IMERG,WA009,2018,"{""type"":""Point"",""coordinates"":[-13.230000000000002,8.489999999999998]}"
20180101000000_9,1,0.2067769467830658,GPM_IMERG,WA010,2018,"{""type"":""Point"",""coordinates"":[-10.799999999999999,6.3]}"
20180101000000_10,1,0.0553146228194236,GPM_IMERG,WA011,2018,"{""type"":""Point"",""coordinates"":[1.22,6.130000000000001]}"
20180101000000_11,1,0.0074993483722209,GPM_IMERG,WA012,2018,"{""type"":""Point"",""coordinates"":[2.42,6.37]}"
20180101000000_12,1,0.0118025438860058,GPM_IMERG,WA013,2018,"{""type"":""Point"",""coordinates"":[8.52,12.05]}"
20180101000000_13,1,0.778746485710144,GPM_IMERG,WA014,2018,"{""type"":""Point"",""coordinates"":[-1.62,6.69]}"
20180101000000_14,1,0.0,GPM_IMERG,WA015,2018,"{""type"":""Point"",""coordinates"":[-16.680000000000003,13.45]}"
,1,0.024,GPM_IMERG,WA016,2018,
20180201000000_0,2,0.1298048496246338,GPM_IMERG,WA001,2018,"{""type"":""Point"",""coordinates"":[-17.470000000000002,14.73]}"
20180201000000_1,2,0.0395696982741355,GPM_IMERG,WA002,2018,"{""type"":""Point"",""coordinates"":[-7.949999999999998,12.65]}"
20180201000000_2,2,0.4912924170494079,GPM_IMERG,WA003,2018,"{""type"":""Point"",""coordinates"":[-1.5200000000000002,12.360000000000001]}"
20180201000000_3,2,0.0343972779810428,GPM_IMERG,WA004,2018,"{""type"":""Point"",""coordinates"":[2.17,13.51]}"
20180201000000_4,2,2.131471872329712,GPM_IMERG,WA005,2018,"{""type"":""Point"",""coordinates"":[7.33,9.07]}"
20180201000000_5,2,1.8172541856765747,GPM_IMERG,WA006,2018,"{""type"":""Point"",""coordinates"":[-0.17,5.56]}"
20180201000000_6,2,3.133148670196533,GPM_IMERG,WA007,2018,"{""type"":""Point"",""coordinates"":[-3.9299999999999997,5.349999999999999]}"
20180201000000_7,2,0.1742172837257385,GPM_IMERG,WA008,2018,"{""type"":""Point"",""coordinates"":[-13.67,9.53]}"
20180201000000_8,2,0.2331858426332473,GPM_IMERG,WA009,2018,"{""type"":""Point"",""coordinates"":[-13.230000000000002,8.489999999999998]}"
20180201000000_9,2,0.2483292371034622,GPM_IMERG,WA010,2018,"{""type"":""Point"",""coordinates"":[-10.799999999999999,6.3]}"
20180201000000_10,2,2.783663272857666,GPM_IMERG,WA011,2018,"{""type"":""Point"",""coordinates"":[1.22,6.130000000000001]}"
20180201000000_11,2,1.9906710386276243,GPM_IMERG,WA012,2018,"{""type"":""Point"",""coordinates"":[2.42,6.37]}"
20180201000000_12,2,0.2971464991569519,GPM_IMERG,WA013,2018,"{""type"":""Point"",""coordinates"":[8.52,12.05]}"
20180201000000_13,2,2.428293466567993,GPM_IMERG,WA014,2018,"{""type"":""Point"",""coordinates"":[-1.62,6.69]}"
20180201000000_14,2,0.0483871363103389,GPM_IMERG,WA015,2018,"{""type"":""Point"",""coordinates"":[-16.680000000000003,13.45]}"
,2,0.027481074,GPM_IMERG,WA016,2018,
20180301000000_0,3,0.006000000052154,GPM_IMERG,WA001,2018,"{""type"":""Point"",""coordinates"":[-17.470000000000002,14.73]}"
20180301000000_1,3,0.1776016354560852,GPM_IMERG,WA002,2018,"{""type"":""Point"",""coordinates"":[-7.949999999999998,12.65]}"
20180301000000_2,3,0.4853330254554748,GPM_IMERG,WA003,2018,"{""type"":""Point"",""coordinates"":[-1.5200000000000002,12.360000000000001]}"
20180301000000_3,3,0.0282151345163583,GPM_IMERG,WA004,2018,"{""type"":""Point"",""coordinates"":[2.17,13.51]}"
20180301000000_4,3,1.2089738845825195,GPM_IMERG,WA005,2018,"{""type"":""Point"",""coordinates"":[7.33,9.07]}"
20180301000000_5,3,1.5299748182296753,GPM_IMERG,WA006,2018,"{""type"":""Point"",""coordinates"":[-0.17,5.56]}"
20180301000000_6,3,4.094375133514404,GPM_IMERG,WA007,2018,"{""type"":""Point"",""coordinates"":[-3.9299999999999997,5.349999999999999]}"
20180301000000_7,3,0.0413382686674594,GPM_IMERG,WA008,2018,"{""type"":""Point"",""coordinates"":[-13.67,9.53]}"
20180301000000_8,3,0.2603734731674194,GPM_IMERG,WA009,2018,"{""type"":""Point"",""coordinates"":[-13.230000000000002,8.489999999999998]}"
20180301000000_9,3,1.8108627796173096,GPM_IMERG,WA010,2018,"{""type"":""Point"",""coordinates"":[-10.799999999999999,6.3]}"
20180301000000_10,3,1.4568138122558594,GPM_IMERG,WA011,2018,"{""type"":""Point"",""coordinates"":[1.22,6.130000000000001]}"
20180301000000_11,3,3.172909736633301,GPM_IMERG,WA012,2018,"{""type"":""Point"",""coordinates"":[2.42,6.37]}"
20180301000000_12,3,0.2580864429473877,GPM_IMERG,WA013,2018,"{""type"":""Point"",""coordinates"":[8.52,12.05]}"
20180301000000_13,3,6.139379024505615,GPM_IMERG,WA014,2018,"{""type"":""Point"",""coordinates"":[-1.62,6.69]}"
20180301000000_14,3,0.0,GPM_IMERG,WA015,2018,"{""type"":""Point"",""coordinates"":[-16.680000000000003,13.45]}"
,3,0.06066927,GPM_IMERG,WA016,2018,
20180401000000_0,4,0.0,GPM_IMERG,WA001,2018,"{""type"":""Point"",""coordinates"":[-17.470000000000002,14.73]}"
20180401000000_1,4,0.1736220717430114,GPM_IMERG,WA002,2018,"{""type"":""Point"",""coordinates"":[-7.949999999999998,12.65]}"
20180401000000_2,4,0.1351449489593505,GPM_IMERG,WA003,2018,"{""type"":""Point"",""coordinates"":[-1.5200000000000002,12.360000000000001]}"
20180401000000_3,4,0.0,GPM_IMERG,WA004,2018,"{""type"":""Point"",""coordinates"":[2.17,13.51]}"
20180401000000_4,4,1.6448297500610352,GPM_IMERG,WA005,2018,"{""type"":""Point"",""coordinates"":[7.33,9.07]}"
20180401000000_5,4,2.002732038497925,GPM_IMERG,WA006,2018,"{""type"":""Point"",""coordinates"":[-0.17,5.56]}"
20180401000000_6,4,2.201512575149536,GPM_IMERG,WA007,2018,"{""type"":""Point"",""coordinates"":[-3.9299999999999997,5.349999999999999]}"
20180401000000_7,4,0.1117368191480636,GPM_IMERG,WA008,2018,"{""type"":""Point"",""coordinates"":[-13.67,9.53]}"
20180401000000_8,4,0.3225267827510834,GPM_IMERG,WA009,2018,"{""type"":""Point"",""coordinates"":[-13.230000000000002,8.489999999999998]}"
20180401000000_9,4,6.106629848480225,GPM_IMERG,WA010,2018,"{""type"":""Point"",""coordinates"":[-10.799999999999999,6.3]}"
20180401000000_10,4,2.1348934173583984,GPM_IMERG,WA011,2018,"{""type"":""Point"",""coordinates"":[1.22,6.130000000000001]}"
20180401000000_11,4,3.0329747200012207,GPM_IMERG,WA012,2018,"{""type"":""Point"",""coordinates"":[2.42,6.37]}"
20180401000000_12,4,0.2808902561664581,GPM_IMERG,WA013,2018,"{""type"":""Point"",""coordinates"":[8.52,12.05]}"
20180401000000_13,4,5.4958109855651855,GPM_IMERG,WA014,2018,"{""type"":""Point"",""coordinates"":[-1.62,6.69]}"
20180401000000_14,4,0.0,GPM_IMERG,WA015,2018,"{""type"":""Point"",""coordinates"":[-16.680000000000003,13.45]}"
,4,0.0,GPM_IMERG,WA016,2018,
20180501000000_0,5,0.0120000001043081,GPM_IMERG,WA001,2018,"{""type"":""Point"",""coordinates"":[-17.470000000000002,14.73]}"
20180501000000_1,5,2.206636428833008,GPM_IMERG,WA002,2018,"{""type"":""Point"",""coordinates"":[-7.949999999999998,12.65]}"
20180501000000_2,5,1.7980105876922607,GPM_IMERG,WA003,2018,"{""type"":""Point"",""coordinates"":[-1.5200000000000002,12.360000000000001]}"
20180501000000_3,5,1.491558074951172,GPM_IMERG,WA004,2018,"{""type"":""Point"",""coordinates"":[2.17,13.51]}"
20180501000000_4,5,6.682485580444336,GPM_IMERG,WA005,2018,"{""type"":""Point"",""coordinates"":[7.33,9.07]}"
20180501000000_5,5,5.630710124969482,GPM_IMERG,WA006,2018,"{""type"":""Point"",""coordinates"":[-0.17,5.56]}"
20180501000000_6,5,7.21484899520874,GPM_IMERG,WA007,2018,"{""type"":""Point"",""coordinates"":[-3.9299999999999997,5.349999999999999]}"
20180501000000_7,5,0.2961322963237762,GPM_IMERG,WA008,2018,"{""type"":""Point"",""coordinates"":[-13.67,9.53]}"
20180501000000_8,5,1.0425697565078735,GPM_IMERG,WA009,2018,"{""type"":""Point"",""coordinates"":[-13.230000000000002,8.489999999999998]}"
20180501000000_9,5,5.956601619720459,GPM_IMERG,WA010,2018,"{""type"":""Point"",""coordinates"":[-10.799999999999999,6.3]}"
20180501000000_10,5,4.829546928405762,GPM_IMERG,WA011,2018,"{""type"":""Point"",""coordinates"":[1.22,6.130000000000001]}"
20180501000000_11,5,6.879681587219238,GPM_IMERG,WA012,2018,"{""type"":""Point"",""coordinates"":[2.42,6.37]}"
20180501000000_12,5,3.910298109054565,GPM_IMERG,WA013,2018,"{""type"":""Point"",""coordinates"":[8.52,12.05]}"
20180501000000_13,5,6.503574848175049,GPM_IMERG,WA014,2018,"{""type"":""Point"",""coordinates"":[-1.62,6.69]}"
20180501000000_14,5,0.0,GPM_IMERG,WA015,2018,"{""type"":""Point"",""coordinates"":[-16.680000000000003,13.45]}"
,5,0.0,GPM_IMERG,WA016,2018,
20180601000000_0,6,0.6861951947212219,GPM_IMERG,WA001,2018,"{""type"":""Point"",""coordinates"":[-17.470000000000002,14.73]}"
20180601000000_1,6,4.462202072143555,GPM_IMERG,WA002,2018,"{""type"":""Point"",""coordinates"":[-7.949999999999998,12.65]}"
20180601000000_2,6,4.2457685470581055,GPM_IMERG,WA003,2018,"{""type"":""Point"",""coordinates"":[-1.5200000000000002,12.360000000000001]}"
20180601000000_3,6,1.8664767742156985,GPM_IMERG,WA004,2018,"{""type"":""Point"",""coordinates"":[2.17,13.51]}"
20180601000000_4,6,7.488137245178223,GPM_IMERG,WA005,2018,"{""type"":""Point"",""coordinates"":[7.33,9.07]}"
20180601000000_5,6,4.286552429199219,GPM_IMERG,WA006,2018,"{""type"":""Point"",""coordinates"":[-0.17,5.56]}"
20180601000000_6,6,7.7018232345581055,GPM_IMERG,WA007,2018,"{""type"":""Point"",""coordinates"":[-3.9299999999999997,5.349999999999999]}"
20180601000000_7,6,11.325438499450684,GPM_IMERG,WA008,2018,"{""type"":""Point"",""coordinates"":[-13.67,9.53]}"
20180601000000_8,6,9.756786346435549,GPM_IMERG,WA009,2018,"{""type"":""Point"",""coordinates"":[-13.230000000000002,8.489999999999998]}"
20180601000000_9,6,20.739315032958984,GPM_IMERG,WA010,2018,"{""type"":""Point"",""coordinates"":[-10.799999999999999,6.3]}"
20180601000000_10,6,4.737372875213623,GPM_IMERG,WA011,2018,"{""type"":""Point"",""coordinates"":[1.22,6.130000000000001]}"
20180601000000_11,6,5.105193138122559,GPM_IMERG,WA012,2018,"{""type"":""Point"",""coordinates"":[2.42,6.37]}"
20180601000000_12,6,6.169600486755371,GPM_IMERG,WA013,2018,"{""type"":""Point"",""coordinates"":[8.52,12.05]}"
20180601000000_13,6,7.861295700073242,GPM_IMERG,WA014,2018,"{""type"":""Point"",""coordinates"":[-1.62,6.69]}"
20180601000000_14,6,1.2240557670593262,GPM_IMERG,WA015,2018,"{""type"":""Point"",""coordinates"":[-16.680000000000003,13.45]}"
,6,0.15818453,GPM_IMERG,WA016,2018,
20180701000000_0,7,1.215747594833374,GPM_IMERG,WA001,2018,"{""type"":""Point"",""coordinates"":[-17.470000000000002,14.73]}"
20180701000000_1,7,8.136138916015625,GPM_IMERG,WA002,2018,"{""type"":""Point"",""coordinates"":[-7.949999999999998,12.65]}"
20180701000000_2,7,7.822309494018555,GPM_IMERG,WA003,2018,"{""type"":""Point"",""coordinates"":[-1.5200000000000002,12.360000000000001]}"
20180701000000_3,7,5.285478591918945,GPM_IMERG,WA004,2018,"{""type"":""Point"",""coordinates"":[2.17,13.51]}"
20180701000000_4,7,7.118979454040527,GPM_IMERG,WA005,2018,"{""type"":""Point"",""coordinates"":[7.33,9.07]}"
20180701000000_5,7,1.3419272899627686,GPM_IMERG,WA006,2018,"{""type"":""Point"",""coordinates"":[-0.17,5.56]}"
20180701000000_6,7,3.4671432971954346,GPM_IMERG,WA007,2018,"{""type"":""Point"",""coordinates"":[-3.9299999999999997,5.349999999999999]}"
20180701000000_7,7,12.827625274658203,GPM_IMERG,WA008,2018,"{""type"":""Point"",""coordinates"":[-13.67,9.53]}"
20180701000000_8,7,8.723499298095703,GPM_IMERG,WA009,2018,"{""type"":""Point"",""coordinates"":[-13.230000000000002,8.489999999999998]}"
20180701000000_9,7,11.467432022094728,GPM_IMERG,WA010,2018,"{""type"":""Point"",""coordinates"":[-10.799999999999999,6.3]}"
20180701000000_10,7,2.115975379943848,GPM_IMERG,WA011,2018,"{""type"":""Point"",""coordinates"":[1.22,6.130000000000001]}"
20180701000000_11,7,3.2441623210906982,GPM_IMERG,WA012,2018,"{""type"":""Point"",""coordinates"":[2.42,6.37]}"
20180701000000_12,7,3.5652546882629395,GPM_IMERG,WA013,2018,"{""type"":""Point"",""coordinates"":[8.52,12.05]}"
20180701000000_13,7,5.8196516036987305,GPM_IMERG,WA014,2018,"{""type"":""Point"",""coordinates"":[-1.62,6.69]}"
20180701000000_14,7,5.831993579864502,GPM_IMERG,WA015,2018,"{""type"":""Point"",""coordinates"":[-16.680000000000003,13.45]}"
,7,0.058784477,GPM_IMERG,WA016,2018,
20180801000000_0,8,3.2263901233673096,GPM_IMERG,WA001,2018,"{""type"":""Point"",""coordinates"":[-17.470000000000002,14.73]}"
20180801000000_1,8,8.755677223205566,GPM_IMERG,WA002,2018,"{""type"":""Point"",""coordinates"":[-7.949999999999998,12.65]}"
20180801000000_2,8,7.588624000549316,GPM_IMERG,WA003,2018,"{""type"":""Point"",""coordinates"":[-1.5200000000000002,12.360000000000001]}"
20180801000000_3,8,5.290084362030029,GPM_IMERG,WA004,2018,"{""type"":""Point"",""coordinates"":[2.17,13.51]}"
20180801000000_4,8,7.748795032501221,GPM_IMERG,WA005,2018,"{""type"":""Point"",""coordinates"":[7.33,9.07]}"
20180801000000_5,8,1.959982872009277,GPM_IMERG,WA006,2018,"{""type"":""Point"",""coordinates"":[-0.17,5.56]}"
20180801000000_6,8,2.207829236984253,GPM_IMERG,WA007,2018,"{""type"":""Point"",""coordinates"":[-3.9299999999999997,5.349999999999999]}"
20180801000000_7,8,14.791284561157228,GPM_IMERG,WA008,2018,"{""type"":""Point"",""coordinates"":[-13.67,9.53]}"
20180801000000_8,8,8.79471492767334,GPM_IMERG,WA009,2018,"{""type"":""Point"",""coordinates"":[-13.230000000000002,8.489999999999998]}"
20180801000000_9,8,14.611798286437988,GPM_IMERG,WA010,2018,"{""type"":""Point"",""coordinates"":[-10.799999999999999,6.3]}"
20180801000000_10,8,1.495594143867493,GPM_IMERG,WA011,2018,"{""type"":""Point"",""coordinates"":[1.22,6.130000000000001]}"
20180801000000_11,8,2.0642035007476807,GPM_IMERG,WA012,2018,"{""type"":""Point"",""coordinates"":[2.42,6.37]}"
20180801000000_12,8,7.553329944610596,GPM_IMERG,WA013,2018,"{""type"":""Point"",""coordinates"":[8.52,12.05]}"
20180801000000_13,8,2.472017765045166,GPM_IMERG,WA014,2018,"{""type"":""Point"",""coordinates"":[-1.62,6.69]}"
20180801000000_14,8,11.119738578796388,GPM_IMERG,WA015,2018,"{""type"":""Point"",""coordinates"":[-16.680000000000003,13.45]}"
,8,0.6709161,GPM_IMERG,WA016,2018,
20180901000000_0,9,4.579094409942627,GPM_IMERG,WA001,2018,"{""type"":""Point"",""coordinates"":[-17.470000000000002,14.73]}"
20180901000000_1,9,6.167314052581787,GPM_IMERG,WA002,2018,"{""type"":""Point"",""coordinates"":[-7.949999999999998,12.65]}"
20180901000000_2,9,5.438380718231201,GPM_IMERG,WA003,2018,"{""type"":""Point"",""coordinates"":[-1.5200000000000002,12.360000000000001]}"
20180901000000_3,9,3.144503116607666,GPM_IMERG,WA004,2018,"{""type"":""Point"",""coordinates"":[2.17,13.51]}"
20180901000000_4,9,9.619603157043455,GPM_IMERG,WA005,2018,"{""type"":""Point"",""coordinates"":[7.33,9.07]}"
20180901000000_5,9,3.238466262817383,GPM_IMERG,WA006,2018,"{""type"":""Point"",""coordinates"":[-0.17,5.56]}"
20180901000000_6,9,2.328484296798706,GPM_IMERG,WA007,2018,"{""type"":""Point"",""coordinates"":[-3.9299999999999997,5.349999999999999]}"
20180901000000_7,9,16.406816482543945,GPM_IMERG,WA008,2018,"{""type"":""Point"",""coordinates"":[-13.67,9.53]}"
20180901000000_8,9,14.27823257446289,GPM_IMERG,WA009,2018,"{""type"":""Point"",""coordinates"":[-13.230000000000002,8.489999999999998]}"
20180901000000_9,9,18.956769943237305,GPM_IMERG,WA010,2018,"{""type"":""Point"",""coordinates"":[-10.799999999999999,6.3]}"
20180901000000_10,9,3.761651277542114,GPM_IMERG,WA011,2018,"{""type"":""Point"",""coordinates"":[1.22,6.130000000000001]}"
20180901000000_11,9,6.31675910949707,GPM_IMERG,WA012,2018,"{""type"":""Point"",""coordinates"":[2.42,6.37]}"
20180901000000_12,9,5.704974174499512,GPM_IMERG,WA013,2018,"{""type"":""Point"",""coordinates"":[8.52,12.05]}"
20180901000000_13,9,8.676020622253418,GPM_IMERG,WA014,2018,"{""type"":""Point"",""coordinates"":[-1.62,6.69]}"
20180901000000_14,9,7.726375579833984,GPM_IMERG,WA015,2018,"{""type"":""Point"",""coordinates"":[-16.680000000000003,13.45]}"
,9,2.8567235,GPM_IMERG,WA016,2018,
20181001000000_0,10,0.3577094972133636,GPM_IMERG,WA001,2018,"{""type"":""Point"",""coordinates"":[-17.470000000000002,14.73]}"
20181001000000_1,10,1.5485061407089231,GPM_IMERG,WA002,2018,"{""type"":""Point"",""coordinates"":[-7.949999999999998,12.65]}"
20181001000000_2,10,1.2171438932418823,GPM_IMERG,WA003,2018,"{""type"":""Point"",""coordinates"":[-1.5200000000000002,12.360000000000001]}"
20181001000000_3,10,0.8180996179580688,GPM_IMERG,WA004,2018,"{""type"":""Point"",""coordinates"":[2.17,13.51]}"
20181001000000_4,10,3.5580809116363525,GPM_IMERG,WA005,2018,"{""type"":""Point"",""coordinates"":[7.33,9.07]}"
20181001000000_5,10,4.554455757141113,GPM_IMERG,WA006,2018,"{""type"":""Point"",""coordinates"":[-0.17,5.56]}"
20181001000000_6,10,4.985456466674805,GPM_IMERG,WA007,2018,"{""type"":""Point"",""coordinates"":[-3.9299999999999997,5.349999999999999]}"
20181001000000_7,10,6.038349628448486,GPM_IMERG,WA008,2018,"{""type"":""Point"",""coordinates"":[-13.67,9.53]}"
20181001000000_8,10,6.047313690185547,GPM_IMERG,WA009,2018,"{""type"":""Point"",""coordinates"":[-13.230000000000002,8.489999999999998]}"
20181001000000_9,10,6.743703842163086,GPM_IMERG,WA010,2018,"{""type"":""Point"",""coordinates"":[-10.799999999999999,6.3]}"
20181001000000_10,10,4.6043620109558105,GPM_IMERG,WA011,2018,"{""type"":""Point"",""coordinates"":[1.22,6.130000000000001]}"
20181001000000_11,10,5.654534339904785,GPM_IMERG,WA012,2018,"{""type"":""Point"",""coordinates"":[2.42,6.37]}"
20181001000000_12,10,0.6668199896812439,GPM_IMERG,WA013,2018,"{""type"":""Point"",""coordinates"":[8.52,12.05]}"
20181001000000_13,10,5.116984844207764,GPM_IMERG,WA014,2018,"{""type"":""Point"",""coordinates"":[-1.62,6.69]}"
20181001000000_14,10,1.8418610095977783,GPM_IMERG,WA015,2018,"{""type"":""Point"",""coordinates"":[-16.680000000000003,13.45]}"
,10,0.0763342,GPM_IMERG,WA016,2018,
20181101000000_0,11,0.1875524520874023,GPM_IMERG,WA001,2018,"{""type"":""Point"",""coordinates"":[-17.470000000000002,14.73]}"
20181101000000_1,11,0.0210043229162693,GPM_IMERG,WA002,2018,"{""type"":""Point"",""coordinates"":[-7.949999999999998,12.65]}"
20181101000000_2,11,0.0404022149741649,GPM_IMERG,WA003,2018,"{""type"":""Point"",""coordinates"":[-1.5200000000000002,12.360000000000001]}"
20181101000000_3,11,0.0,GPM_IMERG,WA004,2018,"{""type"":""Point"",""coordinates"":[2.17,13.51]}"
20181101000000_4,11,0.7842168211936951,GPM_IMERG,WA005,2018,"{""type"":""Point"",""coordinates"":[7.33,9.07]}"
20181101000000_5,11,1.6376804113388062,GPM_IMERG,WA006,2018,"{""type"":""Point"",""coordinates"":[-0.17,5.56]}"
20181101000000_6,11,4.47000789642334,GPM_IMERG,WA007,2018,"{""type"":""Point"",""coordinates"":[-3.9299999999999997,5.349999999999999]}"
20181101000000_7,11,1.7063018083572388,GPM_IMERG,WA008,2018,"{""type"":""Point"",""coordinates"":[-13.67,9.53]}"
20181101000000_8,11,4.82230281829834,GPM_IMERG,WA009,2018,"{""type"":""Point"",""coordinates"":[-13.230000000000002,8.489999999999998]}"
20181101000000_9,11,4.048417568206787,GPM_IMERG,WA010,2018,"{""type"":""Point"",""coordinates"":[-10.799999999999999,6.3]}"
20181101000000_10,11,0.9805426597595216,GPM_IMERG,WA011,2018,"{""type"":""Point"",""coordinates"":[1.22,6.130000000000001]}"
20181101000000_11,11,2.003840446472168,GPM_IMERG,WA012,2018,"{""type"":""Point"",""coordinates"":[2.42,6.37]}"
20181101000000_12,11,0.0740965157747268,GPM_IMERG,WA013,2018,"{""type"":""Point"",""coordinates"":[8.52,12.05]}"
20181101000000_13,11,2.808116912841797,GPM_IMERG,WA014,2018,"{""type"":""Point"",""coordinates"":[-1.62,6.69]}"
20181101000000_14,11,0.1052972227334976,GPM_IMERG,WA015,2018,"{""type"":""Point"",""coordinates"":[-16.680000000000003,13.45]}"
,11,0.01761333,GPM_IMERG,WA016,2018,
20181201000000_0,12,0.0082523841410875,GPM_IMERG,WA001,2018,"{""type"":""Point"",""coordinates"":[-17.470000000000002,14.73]}"
20181201000000_1,12,0.0476359277963638,GPM_IMERG,WA002,2018,"{""type"":""Point"",""coordinates"":[-7.949999999999998,12.65]}"
20181201000000_2,12,0.0987685993313789,GPM_IMERG,WA003,2018,"{""type"":""Point"",""coordinates"":[-1.5200000000000002,12.360000000000001]}"
20181201000000_3,12,0.0,GPM_IMERG,WA004,2018,"{""type"":""Point"",""coordinates"":[2.17,13.51]}"
20181201000000_4,12,0.2004908323287964,GPM_IMERG,WA005,2018,"{""type"":""Point"",""coordinates"":[7.33,9.07]}"
20181201000000_5,12,0.394330084323883,GPM_IMERG,WA006,2018,"{""type"":""Point"",""coordinates"":[-0.17,5.56]}"
20181201000000_6,12,0.7564868927001953,GPM_IMERG,WA007,2018,"{""type"":""Point"",""coordinates"":[-3.9299999999999997,5.349999999999999]}"
20181201000000_7,12,0.0295241419225931,GPM_IMERG,WA008,2018,"{""type"":""Point"",""coordinates"":[-13.67,9.53]}"
20181201000000_8,12,0.5784475803375244,GPM_IMERG,WA009,2018,"{""type"":""Point"",""coordinates"":[-13.230000000000002,8.489999999999998]}"
20181201000000_9,12,2.4111149311065674,GPM_IMERG,WA010,2018,"{""type"":""Point"",""coordinates"":[-10.799999999999999,6.3]}"
20181201000000_10,12,0.4476544559001922,GPM_IMERG,WA011,2018,"{""type"":""Point"",""coordinates"":[1.22,6.130000000000001]}"
20181201000000_11,12,0.1126898452639579,GPM_IMERG,WA012,2018,"{""type"":""Point"",""coordinates"":[2.42,6.37]}"
20181201000000_12,12,0.0216379985213279,GPM_IMERG,WA013,2018,"{""type"":""Point"",""coordinates"":[8.52,12.05]}"
20181201000000_13,12,1.6349221467971802,GPM_IMERG,WA014,2018,"{""type"":""Point"",""coordinates"":[-1.62,6.69]}"
20181201000000_14,12,0.0,GPM_IMERG,WA015,2018,"{""type"":""Point"",""coordinates"":[-16.680000000000003,13.45]}"
,12,0.15827163,GPM_IMERG,WA016,2018,
20190101000000_0,1,0.0022523843217641,GPM_IMERG,WA001,2019,"{""type"":""Point"",""coordinates"":[-17.470000000000002,14.73]}"
20190101000000_1,1,0.0226007532328367,GPM_IMERG,WA002,2019,"{""type"":""Point"",""coordinates"":[-7.949999999999998,12.65]}"
20190101000000_2,1,0.1766450405120849,GPM_IMERG,WA003,2019,"{""type"":""Point"",""coordinates"":[-1.5200000000000002,12.360000000000001]}"
20190101000000_3,1,0.0240000002086162,GPM_IMERG,WA004,2019,"{""type"":""Point"",""coordinates"":[2.17,13.51]}"
20190101000000_4,1,2.080881357192993,GPM_IMERG,WA005,2019,"{""type"":""Point"",""coordinates"":[7.33,9.07]}"
20190101000000_5,1,0.445142537355423,GPM_IMERG,WA006,2019,"{""type"":""Point"",""coordinates"":[-0.17,5.56]}"
20190101000000_6,1,0.6693777441978455,GPM_IMERG,WA007,2019,"{""type"":""Point"",""coordinates"":[-3.9299999999999997,5.349999999999999]}"
20190101000000_7,1,0.0836984738707542,GPM_IMERG,WA008,2019,"{""type"":""Point"",""coordinates"":[-13.67,9.53]}"
20190101000000_8,1,0.0712498500943183,GPM_IMERG,WA009,2019,"{""type"":""Point"",""coordinates"":[-13.230000000000002,8.489999999999998]}"
20190101000000_9,1,0.1825217008590698,GPM_IMERG,WA010,2019,"{""type"":""Point"",""coordinates"":[-10.799999999999999,6.3]}"
20190101000000_10,1,0.7345349192619324,GPM_IMERG,WA011,2019,"{""type"":""Point"",""coordinates"":[1.22,6.130000000000001]}"
20190101000000_11,1,2.0846095085144043,GPM_IMERG,WA012,2019,"{""type"":""Point"",""coordinates"":[2.42,6.37]}"
20190101000000_12,1,0.0609798096120357,GPM_IMERG,WA013,2019,"{""type"":""Point"",""coordinates"":[8.52,12.05]}"
20190101000000_13,1,1.3064850568771362,GPM_IMERG,WA014,2019,"{""type"":""Point"",""coordinates"":[-1.62,6.69]}"
20190101000000_14,1,0.0,GPM_IMERG,WA015,2019,"{""type"":""Point"",""coordinates"":[-16.680000000000003,13.45]}"
,1,0.013504975,GPM_IMERG,WA016,2019,
20190201000000_0,2,0.0067571527324616,GPM_IMERG,WA001,2019,"{""type"":""Point"",""coordinates"":[-17.470000000000002,14.73]}"
20190201000000_1,2,0.1205154731869697,GPM_IMERG,WA002,2019,"{""type"":""Point"",""coordinates"":[-7.949999999999998,12.65]}"
20190201000000_2,2,0.3569490015506744,GPM_IMERG,WA003,2019,"{""type"":""Point"",""coordinates"":[-1.5200000000000002,12.360000000000001]}"
20190201000000_3,2,0.0,GPM_IMERG,WA004,2019,"{""type"":""Point"",""coordinates"":[2.17,13.51]}"
20190201000000_4,2,0.8081111311912537,GPM_IMERG,WA005,2019,"{""type"":""Point"",""coordinates"":[7.33,9.07]}"
20190201000000_5,2,1.828945994377136,GPM_IMERG,WA006,2019,"{""type"":""Point"",""coordinates"":[-0.17,5.56]}"
20190201000000_6,2,1.7091599702835083,GPM_IMERG,WA007,2019,"{""type"":""Point"",""coordinates"":[-3.9299999999999997,5.349999999999999]}"
20190201000000_7,2,0.0336432568728923,GPM_IMERG,WA008,2019,"{""type"":""Point"",""coordinates"":[-13.67,9.53]}"
20190201000000_8,2,0.0924985036253929,GPM_IMERG,WA009,2019,"{""type"":""Point"",""coordinates"":[-13.230000000000002,8.489999999999998]}"
20190201000000_9,2,0.1747363209724426,GPM_IMERG,WA010,2019,"{""type"":""Point"",""coordinates"":[-10.799999999999999,6.3]}"
20190201000000_10,2,1.4911470413208008,GPM_IMERG,WA011,2019,"{""type"":""Point"",""coordinates"":[1.22,6.130000000000001]}"
20190201000000_11,2,2.114544153213501,GPM_IMERG,WA012,2019,"{""type"":""Point"",""coordinates"":[2.42,6.37]}"
20190201000000_12,2,0.0314734503626823,GPM_IMERG,WA013,2019,"{""type"":""Point"",""coordinates"":[8.52,12.05]}"
20190201000000_13,2,2.690702438354492,GPM_IMERG,WA014,2019,"{""type"":""Point"",""coordinates"":[-1.62,6.69]}"
20190201000000_14,2,0.0,GPM_IMERG,WA015,2019,"{""type"":""Point"",""coordinates"":[-16.680000000000003,13.45]}"
,2,0.0021590083,GPM_IMERG,WA016,2019,
20190301000000_0,3,0.010504768230021,GPM_IMERG,WA001,2019,"{""type"":""Point"",""coordinates"":[-17.470000000000002,14.73]}"
20190301000000_1,3,0.2640131711959839,GPM_IMERG,WA002,2019,"{""type"":""Point"",""coordinates"":[-7.949999999999998,12.65]}"
20190301000000_2,3,0.5396005511283875,GPM_IMERG,WA003,2019,"{""type"":""Point"",""coordinates"":[-1.5200000000000002,12.360000000000001]}"
20190301000000_3,3,0.0019670047331601,GPM_IMERG,WA004,2019,"{""type"":""Point"",""coordinates"":[2.17,13.51]}"
20190301000000_4,3,1.339194655418396,GPM_IMERG,WA005,2019,"{""type"":""Point"",""coordinates"":[7.33,9.07]}"
20190301000000_5,3,3.0731217861175537,GPM_IMERG,WA006,2019,"{""type"":""Point"",""coordinates"":[-0.17,5.56]}"
20190301000000_6,3,3.060382604598999,GPM_IMERG,WA007,2019,"{""type"":""Point"",""coordinates"":[-3.9299999999999997,5.349999999999999]}"
20190301000000_7,3,0.0446230806410312,GPM_IMERG,WA008,2019,"{""type"":""Point"",""coordinates"":[-13.67,9.53]}"
20190301000000_8,3,0.1401584297418594,GPM_IMERG,WA009,2019,"{""type"":""Point"",""coordinates"":[-13.230000000000002,8.489999999999998]}"
20190301000000_9,3,3.348944664001465,GPM_IMERG,WA010,2019,"{""type"":""Point"",""coordinates"":[-10.799999999999999,6.3]}"
20190301000000_10,3,3.80990481376648,GPM_IMERG,WA011,2019,"{""type"":""Point"",""coordinates"":[1.22,6.130000000000001]}"
20190301000000_11,3,2.317415475845337,GPM_IMERG,WA012,2019,"{""type"":""Point"",""coordinates"":[2.42,6.37]}"
20190301000000_12,3,0.1773923337459564,GPM_IMERG,WA013,2019,"{""type"":""Point"",""coordinates"":[8.52,12.05]}"
20190301000000_13,3,4.598858833312988,GPM_IMERG,WA014,2019,"{""type"":""Point"",""coordinates"":[-1.62,6.69]}"
20190301000000_14,3,0.0254041366279125,GPM_IMERG,WA015,2019,"{""type"":""Point"",""coordinates"":[-16.680000000000003,13.45]}"
,3,0.16518697,GPM_IMERG,WA016,2019,
20190401000000_0,4,0.0195143073797225,GPM_IMERG,WA001,2019,"{""type"":""Point"",""coordinates"":[-17.470000000000002,14.73]}"
20190401000000_1,4,0.0870721787214279,GPM_IMERG,WA002,2019,"{""type"":""Point"",""coordinates"":[-7.949999999999998,12.65]}"
20190401000000_2,4,0.806325376033783,GPM_IMERG,WA003,2019,"{""type"":""Point"",""coordinates"":[-1.5200000000000002,12.360000000000001]}"
20190401000000_3,4,0.1377815902233123,GPM_IMERG,WA004,2019,"{""type"":""Point"",""coordinates"":[2.17,13.51]}"
20190401000000_4,4,1.8289936780929563,GPM_IMERG,WA005,2019,"{""type"":""Point"",""coordinates"":[7.33,9.07]}"
20190401000000_5,4,2.9400339126586914,GPM_IMERG,WA006,2019,"{""type"":""Point"",""coordinates"":[-0.17,5.56]}"
20190401000000_6,4,4.677364349365234,GPM_IMERG,WA007,2019,"{""type"":""Point"",""coordinates"":[-3.9299999999999997,5.349999999999999]}"
20190401000000_7,4,0.4095200598239898,GPM_IMERG,WA008,2019,"{""type"":""Point"",""coordinates"":[-13.67,9.53]}"
20190401000000_8,4,1.093181014060974,GPM_IMERG,WA009,2019,"{""type"":""Point"",""coordinates"":[-13.230000000000002,8.489999999999998]}"
20190401000000_9,4,5.886712551116943,GPM_IMERG,WA010,2019,"{""type"":""Point"",""coordinates"":[-10.799999999999999,6.3]}"
20190401000000_10,4,3.381064891815185,GPM_IMERG,WA011,2019,"{""type"":""Point"",""coordinates"":[1.22,6.130000000000001]}"
20190401000000_11,4,3.978351354598999,GPM_IMERG,WA012,2019,"{""type"":""Point"",""coordinates"":[2.42,6.37]}"
20190401000000_12,4,0.1452626883983612,GPM_IMERG,WA013,2019,"{""type"":""Point"",""coordinates"":[8.52,12.05]}"
20190401000000_13,4,5.377469539642334,GPM_IMERG,WA014,2019,"{""type"":""Point"",""coordinates"":[-1.62,6.69]}"
20190401000000_14,4,0.0,GPM_IMERG,WA015,2019,"{""type"":""Point"",""coordinates"":[-16.680000000000003,13.45]}"
,4,0.13263881,GPM_IMERG,WA016,2019,
20190501000000_0,5,0.0585047714412212,GPM_IMERG,WA001,2019,"{""type"":""Point"",""coordinates"":[-17.470000000000002,14.73]}"
20190501000000_1,5,2.9722843170166016,GPM_IMERG,WA002,2019,"{""type"":""Point"",""coordinates"":[-7.949999999999998,12.65]}"
20190501000000_2,5,2.959120750427246,GPM_IMERG,WA003,2019,"{""type"":""Point"",""coordinates"":[-1.5200000000000002,12.360000000000001]}"
20190501000000_3,5,0.941725254058838,GPM_IMERG,WA004,2019,"{""type"":""Point"",""coordinates"":[2.17,13.51]}"
20190501000000_4,5,7.219700813293457,GPM_IMERG,WA005,2019,"{""type"":""Point"",""coordinates"":[7.33,9.07]}"
20190501000000_5,5,7.005903720855713,GPM_IMERG,WA006,2019,"{""type"":""Point"",""coordinates"":[-0.17,5.56]}"
20190501000000_6,5,8.987318992614746,GPM_IMERG,WA007,2019,"{""type"":""Point"",""coordinates"":[-3.9299999999999997,5.349999999999999]}"
20190501000000_7,5,4.26171350479126,GPM_IMERG,WA008,2019,"{""type"":""Point"",""coordinates"":[-13.67,9.53]}"
20190501000000_8,5,4.431286811828613,GPM_IMERG,WA009,2019,"{""type"":""Point"",""coordinates"":[-13.230000000000002,8.489999999999998]}"
20190501000000_9,5,8.163573265075684,GPM_IMERG,WA010,2019,"{""type"":""Point"",""coordinates"":[-10.799999999999999,6.3]}"
20190501000000_10,5,8.016595840454102,GPM_IMERG,WA011,2019,"{""type"":""Point"",""coordinates"":[1.22,6.130000000000001]}"
20190501000000_11,5,7.196376323699951,GPM_IMERG,WA012,2019,"{""type"":""Point"",""coordinates"":[2.42,6.37]}"
20190501000000_12,5,3.3478102684021,GPM_IMERG,WA013,2019,"{""type"":""Point"",""coordinates"":[8.52,12.05]}"
20190501000000_13,5,5.519298553466797,GPM_IMERG,WA014,2019,"{""type"":""Point"",""coordinates"":[-1.62,6.69]}"
20190501000000_14,5,0.0178132820874452,GPM_IMERG,WA015,2019,"{""type"":""Point"",""coordinates"":[-16.680000000000003,13.45]}"
,5,0.0,GPM_IMERG,WA016,2019,
20190601000000_0,6,0.0712428465485572,GPM_IMERG,WA001,2019,"{""type"":""Point"",""coordinates"":[-17.470000000000002,14.73]}"
20190601000000_1,6,4.807122230529785,GPM_IMERG,WA002,2019,"{""type"":""Point"",""coordinates"":[-7.949999999999998,12.65]}"
20190601000000_2,6,2.4919252395629883,GPM_IMERG,WA003,2019,"{""type"":""Point"",""coordinates"":[-1.5200000000000002,12.360000000000001]}"
20190601000000_3,6,2.050021886825561,GPM_IMERG,WA004,2019,"{""type"":""Point"",""coordinates"":[2.17,13.51]}"
20190601000000_4,6,5.742763042449951,GPM_IMERG,WA005,2019,"{""type"":""Point"",""coordinates"":[7.33,9.07]}"
20190601000000_5,6,4.682561874389648,GPM_IMERG,WA006,2019,"{""type"":""Point"",""coordinates"":[-0.17,5.56]}"
20190601000000_6,6,4.767880439758301,GPM_IMERG,WA007,2019,"{""type"":""Point"",""coordinates"":[-3.9299999999999997,5.349999999999999]}"
20190601000000_7,6,7.019659996032715,GPM_IMERG,WA008,2019,"{""type"":""Point"",""coordinates"":[-13.67,9.53]}"
20190601000000_8,6,8.915227890014648,GPM_IMERG,WA009,2019,"{""type"":""Point"",""coordinates"":[-13.230000000000002,8.489999999999998]}"
20190601000000_9,6,14.961176872253418,GPM_IMERG,WA010,2019,"{""type"":""Point"",""coordinates"":[-10.799999999999999,6.3]}"
20190601000000_10,6,5.609545230865479,GPM_IMERG,WA011,2019,"{""type"":""Point"",""coordinates"":[1.22,6.130000000000001]}"
20190601000000_11,6,6.393421173095703,GPM_IMERG,WA012,2019,"{""type"":""Point"",""coordinates"":[2.42,6.37]}"
20190601000000_12,6,3.913233518600464,GPM_IMERG,WA013,2019,"{""type"":""Point"",""coordinates"":[8.52,12.05]}"
20190601000000_13,6,9.013277053833008,GPM_IMERG,WA014,2019,"{""type"":""Point"",""coordinates"":[-1.62,6.69]}"
20190601000000_14,6,1.4084035158157349,GPM_IMERG,WA015,2019,"{""type"":""Point"",""coordinates"":[-16.680000000000003,13.45]}"
,6,0.0,GPM_IMERG,WA016,2019,
20190701000000_0,7,0.8271284103393555,GPM_IMERG,WA001,2019,"{""type"":""Point"",""coordinates"":[-17.470000000000002,14.73]}"
20190701000000_1,7,7.360083103179932,GPM_IMERG,WA002,2019,"{""type"":""Point"",""coordinates"":[-7.949999999999998,12.65]}"
20190701000000_2,7,8.556899070739746,GPM_IMERG,WA003,2019,"{""type"":""Point"",""coordinates"":[-1.5200000000000002,12.360000000000001]}"
20190701000000_3,7,4.069798946380615,GPM_IMERG,WA004,2019,"{""type"":""Point"",""coordinates"":[2.17,13.51]}"
20190701000000_4,7,8.028471946716309,GPM_IMERG,WA005,2019,"{""type"":""Point"",""coordinates"":[7.33,9.07]}"
20190701000000_5,7,2.2925193309783936,GPM_IMERG,WA006,2019,"{""type"":""Point"",""coordinates"":[-0.17,5.56]}"
20190701000000_6,7,1.773732304573059,GPM_IMERG,WA007,2019,"{""type"":""Point"",""coordinates"":[-3.9299999999999997,5.349999999999999]}"
20190701000000_7,7,29.55391311645508,GPM_IMERG,WA008,2019,"{""type"":""Point"",""coordinates"":[-13.67,9.53]}"
20190701000000_8,7,21.65917205810547,GPM_IMERG,WA009,2019,"{""type"":""Point"",""coordinates"":[-13.230000000000002,8.489999999999998]}"
20190701000000_9,7,19.57020568847656,GPM_IMERG,WA010,2019,"{""type"":""Point"",""coordinates"":[-10.799999999999999,6.3]}"
20190701000000_10,7,3.5787925720214844,GPM_IMERG,WA011,2019,"{""type"":""Point"",""coordinates"":[1.22,6.130000000000001]}"
20190701000000_11,7,3.89661717414856,GPM_IMERG,WA012,2019,"{""type"":""Point"",""coordinates"":[2.42,6.37]}"
20190701000000_12,7,8.267099380493164,GPM_IMERG,WA013,2019,"{""type"":""Point"",""coordinates"":[8.52,12.05]}"
20190701000000_13,7,3.851850271224976,GPM_IMERG,WA014,2019,"{""type"":""Point"",""coordinates"":[-1.62,6.69]}"
20190701000000_14,7,4.167491912841797,GPM_IMERG,WA015,2019,"{""type"":""Point"",""coordinates"":[-16.680000000000003,13.45]}"
,7,0.004593479,GPM_IMERG,WA016,2019,
20190801000000_0,8,5.934274673461914,GPM_IMERG,WA001,2019,"{""type"":""Point"",""coordinates"":[-17.470000000000002,14.73]}"
20190801000000_1,8,11.31996726989746,GPM_IMERG,WA002,2019,"{""type"":""Point"",""coordinates"":[-7.949999999999998,12.65]}"
20190801000000_2,8,6.389142990112305,GPM_IMERG,WA003,2019,"{""type"":""Point"",""coordinates"":[-1.5200000000000002,12.360000000000001]}"
20190801000000_3,8,3.329033374786377,GPM_IMERG,WA004,2019,"{""type"":""Point"",""coordinates"":[2.17,13.51]}"
20190801000000_4,8,9.2958402633667,GPM_IMERG,WA005,2019,"{""type"":""Point"",""coordinates"":[7.33,9.07]}"
20190801000000_5,8,0.9699856042861938,GPM_IMERG,WA006,2019,"{""type"":""Point"",""coordinates"":[-0.17,5.56]}"
20190801000000_6,8,1.027783751487732,GPM_IMERG,WA007,2019,"{""type"":""Point"",""coordinates"":[-3.9299999999999997,5.349999999999999]}"
20190801000000_7,8,39.11822891235352,GPM_IMERG,WA008,2019,"{""type"":""Point"",""coordinates"":[-13.67,9.53]}"
20190801000000_8,8,33.21424865722656,GPM_IMERG,WA009,2019,"{""type"":""Point"",""coordinates"":[-13.230000000000002,8.489999999999998]}"
20190801000000_9,8,19.99382400512696,GPM_IMERG,WA010,2019,"{""type"":""Point"",""coordinates"":[-10.799999999999999,6.3]}"
20190801000000_10,8,0.6904895901679993,GPM_IMERG,WA011,2019,"{""type"":""Point"",""coordinates"":[1.22,6.130000000000001]}"
20190801000000_11,8,0.7805094122886658,GPM_IMERG,WA012,2019,"{""type"":""Point"",""coordinates"":[2.42,6.37]}"
20190801000000_12,8,9.030271530151367,GPM_IMERG,WA013,2019,"{""type"":""Point"",""coordinates"":[8.52,12.05]}"
20190801000000_13,8,1.859444499015808,GPM_IMERG,WA014,2019,"{""type"":""Point"",""coordinates"":[-1.62,6.69]}"
20190801000000_14,8,12.371975898742676,GPM_IMERG,WA015,2019,"{""type"":""Point"",""coordinates"":[-16.680000000000003,13.45]}"
,8,0.43847334,GPM_IMERG,WA016,2019,
20190901000000_0,9,7.023200988769531,GPM_IMERG,WA001,2019,"{""type"":""Point"",""coordinates"":[-17.470000000000002,14.73]}"
20190901000000_1,9,5.938596725463867,GPM_IMERG,WA002,2019,"{""type"":""Point"",""coordinates"":[-7.949999999999998,12.65]}"
20190901000000_2,9,3.90576171875,GPM_IMERG,WA003,2019,"{""type"":""Point"",""coordinates"":[-1.5200000000000002,12.360000000000001]}"
20190901000000_3,9,2.137534141540528,GPM_IMERG,WA004,2019,"{""type"":""Point"",""coordinates"":[2.17,13.51]}"
20190901000000_4,9,12.212868690490724,GPM_IMERG,WA005,2019,"{""type"":""Point"",""coordinates"":[7.33,9.07]}"
20190901000000_5,9,3.5612711906433105,GPM_IMERG,WA006,2019,"{""type"":""Point"",""coordinates"":[-0.17,5.56]}"
20190901000000_6,9,5.8293137550354,GPM_IMERG,WA007,2019,"{""type"":""Point"",""coordinates"":[-3.9299999999999997,5.349999999999999]}"
20190901000000_7,9,11.630415916442873,GPM_IMERG,WA008,2019,"{""type"":""Point"",""coordinates"":[-13.67,9.53]}"
20190901000000_8,9,12.046650886535645,GPM_IMERG,WA009,2019,"{""type"":""Point"",""coordinates"":[-13.230000000000002,8.489999999999998]}"
20190901000000_9,9,10.459357261657717,GPM_IMERG,WA010,2019,"{""type"":""Point"",""coordinates"":[-10.799999999999999,6.3]}"
20190901000000_10,9,5.6910481452941895,GPM_IMERG,WA011,2019,"{""type"":""Point"",""coordinates"":[1.22,6.130000000000001]}"
20190901000000_11,9,6.656331062316895,GPM_IMERG,WA012,2019,"{""type"":""Point"",""coordinates"":[2.42,6.37]}"
20190901000000_12,9,1.329372763633728,GPM_IMERG,WA013,2019,"{""type"":""Point"",""coordinates"":[8.52,12.05]}"
20190901000000_13,9,7.637699127197266,GPM_IMERG,WA014,2019,"{""type"":""Point"",""coordinates"":[-1.62,6.69]}"
20190901000000_14,9,7.646905899047852,GPM_IMERG,WA015,2019,"{""type"":""Point"",""coordinates"":[-16.680000000000003,13.45]}"
,9,0.4756553,GPM_IMERG,WA016,2019,
20191001000000_0,10,2.2412004470825195,GPM_IMERG,WA001,2019,"{""type"":""Point"",""coordinates"":[-17.470000000000002,14.73]}"
20191001000000_1,10,3.4910223484039307,GPM_IMERG,WA002,2019,"{""type"":""Point"",""coordinates"":[-7.949999999999998,12.65]}"
20191001000000_2,10,4.24754810333252,GPM_IMERG,WA003,2019,"{""type"":""Point"",""coordinates"":[-1.5200000000000002,12.360000000000001]}"
20191001000000_3,10,0.6648750305175781,GPM_IMERG,WA004,2019,"{""type"":""Point"",""coordinates"":[2.17,13.51]}"
20191001000000_4,10,7.391278266906738,GPM_IMERG,WA005,2019,"{""type"":""Point"",""coordinates"":[7.33,9.07]}"
20191001000000_5,10,6.63340950012207,GPM_IMERG,WA006,2019,"{""type"":""Point"",""coordinates"":[-0.17,5.56]}"
20191001000000_6,10,10.277230262756348,GPM_IMERG,WA007,2019,"{""type"":""Point"",""coordinates"":[-3.9299999999999997,5.349999999999999]}"
20191001000000_7,10,8.464149475097656,GPM_IMERG,WA008,2019,"{""type"":""Point"",""coordinates"":[-13.67,9.53]}"
20191001000000_8,10,11.56887149810791,GPM_IMERG,WA009,2019,"{""type"":""Point"",""coordinates"":[-13.230000000000002,8.489999999999998]}"
20191001000000_9,10,14.929545402526855,GPM_IMERG,WA010,2019,"{""type"":""Point"",""coordinates"":[-10.799999999999999,6.3]}"
20191001000000_10,10,7.1474151611328125,GPM_IMERG,WA011,2019,"{""type"":""Point"",""coordinates"":[1.22,6.130000000000001]}"
20191001000000_11,10,12.813843727111816,GPM_IMERG,WA012,2019,"{""type"":""Point"",""coordinates"":[2.42,6.37]}"
20191001000000_12,10,1.215513825416565,GPM_IMERG,WA013,2019,"{""type"":""Point"",""coordinates"":[8.52,12.05]}"
20191001000000_13,10,10.585524559020996,GPM_IMERG,WA014,2019,"{""type"":""Point"",""coordinates"":[-1.62,6.69]}"
20191001000000_14,10,3.2769174575805664,GPM_IMERG,WA015,2019,"{""type"":""Point"",""coordinates"":[-16.680000000000003,13.45]}"
,10,0.7803541,GPM_IMERG,WA016,2019,
20191101000000_0,11,0.0195143073797225,GPM_IMERG,WA001,2019,"{""type"":""Point"",""coordinates"":[-17.470000000000002,14.73]}"
20191101000000_1,11,0.0302862543612718,GPM_IMERG,WA002,2019,"{""type"":""Point"",""coordinates"":[-7.949999999999998,12.65]}"
20191101000000_2,11,0.1527568995952606,GPM_IMERG,WA003,2019,"{""type"":""Point"",""coordinates"":[-1.5200000000000002,12.360000000000001]}"
20191101000000_3,11,0.0,GPM_IMERG,WA004,2019,"{""type"":""Point"",""coordinates"":[2.17,13.51]}"
20191101000000_4,11,2.7846245765686035,GPM_IMERG,WA005,2019,"{""type"":""Point"",""coordinates"":[7.33,9.07]}"
20191101000000_5,11,2.335120916366577,GPM_IMERG,WA006,2019,"{""type"":""Point"",""coordinates"":[-0.17,5.56]}"
20191101000000_6,11,3.775095462799072,GPM_IMERG,WA007,2019,"{""type"":""Point"",""coordinates"":[-3.9299999999999997,5.349999999999999]}"
20191101000000_7,11,4.961004257202148,GPM_IMERG,WA008,2019,"{""type"":""Point"",""coordinates"":[-13.67,9.53]}"
20191101000000_8,11,4.989591121673584,GPM_IMERG,WA009,2019,"{""type"":""Point"",""coordinates"":[-13.230000000000002,8.489999999999998]}"
20191101000000_9,11,4.839922904968262,GPM_IMERG,WA010,2019,"{""type"":""Point"",""coordinates"":[-10.799999999999999,6.3]}"
20191101000000_10,11,2.0376534461975098,GPM_IMERG,WA011,2019,"{""type"":""Point"",""coordinates"":[1.22,6.130000000000001]}"
20191101000000_11,11,3.250807285308838,GPM_IMERG,WA012,2019,"{""type"":""Point"",""coordinates"":[2.42,6.37]}"
20191101000000_12,11,0.7610992193222046,GPM_IMERG,WA013,2019,"{""type"":""Point"",""coordinates"":[8.52,12.05]}"
20191101000000_13,11,2.319886922836304,GPM_IMERG,WA014,2019,"{""type"":""Point"",""coordinates"":[-1.62,6.69]}"
20191101000000_14,11,0.0429316572844982,GPM_IMERG,WA015,2019,"{""type"":""Point"",""coordinates"":[-16.680000000000003,13.45]}"
,11,0.024,GPM_IMERG,WA016,2019,
20191201000000_0,12,0.010504768230021,GPM_IMERG,WA001,2019,"{""type"":""Point"",""coordinates"":[-17.470000000000002,14.73]}"
20191201000000_1,12,0.0183848477900028,GPM_IMERG,WA002,2019,"{""type"":""Point"",""coordinates"":[-7.949999999999998,12.65]}"
20191201000000_2,12,0.0513524636626243,GPM_IMERG,WA003,2019,"{""type"":""Point"",""coordinates"":[-1.5200000000000002,12.360000000000001]}"
20191201000000_3,12,0.0,GPM_IMERG,WA004,2019,"{""type"":""Point"",""coordinates"":[2.17,13.51]}"
20191201000000_4,12,0.6171947121620178,GPM_IMERG,WA005,2019,"{""type"":""Point"",""coordinates"":[7.33,9.07]}"
20191201000000_5,12,0.3513917028903961,GPM_IMERG,WA006,2019,"{""type"":""Point"",""coordinates"":[-0.17,5.56]}"
20191201000000_6,12,2.0049190521240234,GPM_IMERG,WA007,2019,"{""type"":""Point"",""coordinates"":[-3.9299999999999997,5.349999999999999]}"
20191201000000_7,12,0.1029072925448417,GPM_IMERG,WA008,2019,"{""type"":""Point"",""coordinates"":[-13.67,9.53]}"
20191201000000_8,12,0.264513611793518,GPM_IMERG,WA009,2019,"{""type"":""Point"",""coordinates"":[-13.230000000000002,8.489999999999998]}"
20191201000000_9,12,1.374223232269287,GPM_IMERG,WA010,2019,"{""type"":""Point"",""coordinates"":[-10.799999999999999,6.3]}"
20191201000000_10,12,0.3570150434970855,GPM_IMERG,WA011,2019,"{""type"":""Point"",""coordinates"":[1.22,6.130000000000001]}"
20191201000000_11,12,0.1813069283962249,GPM_IMERG,WA012,2019,"{""type"":""Point"",""coordinates"":[2.42,6.37]}"
20191201000000_12,12,0.0137696359306573,GPM_IMERG,WA013,2019,"{""type"":""Point"",""coordinates"":[8.52,12.05]}"
20191201000000_13,12,1.6008305549621582,GPM_IMERG,WA014,2019,"{""type"":""Point"",""coordinates"":[-1.62,6.69]}"
20191201000000_14,12,0.0078766150400042,GPM_IMERG,WA015,2019,"{""type"":""Point"",""coordinates"":[-16.680000000000003,13.45]}"
,12,0.0,GPM_IMERG,WA016,2019,
20200101000000_0,1,0.0270095374435186,GPM_IMERG,WA001,2020,"{""type"":""Point"",""coordinates"":[-17.470000000000002,14.73]}"
20200101000000_1,1,0.0085345227271318,GPM_IMERG,WA002,2020,"{""type"":""Point"",""coordinates"":[-7.949999999999998,12.65]}"
20200101000000_2,1,0.1527578830718994,GPM_IMERG,WA003,2020,"{""type"":""Point"",""coordinates"":[-1.5200000000000002,12.360000000000001]}"
20200101000000_3,1,0.0,GPM_IMERG,WA004,2020,"{""type"":""Point"",""coordinates"":[2.17,13.51]}"
20200101000000_4,1,0.085205927491188,GPM_IMERG,WA005,2020,"{""type"":""Point"",""coordinates"":[7.33,9.07]}"
20200101000000_5,1,0.0905684977769851,GPM_IMERG,WA006,2020,"{""type"":""Point"",""coordinates"":[-0.17,5.56]}"
20200101000000_6,1,0.1444659829139709,GPM_IMERG,WA007,2020,"{""type"":""Point"",""coordinates"":[-3.9299999999999997,5.349999999999999]}"
20200101000000_7,1,0.0566216297447681,GPM_IMERG,WA008,2020,"{""type"":""Point"",""coordinates"":[-13.67,9.53]}"
20200101000000_8,1,0.0913008525967598,GPM_IMERG,WA009,2020,"{""type"":""Point"",""coordinates"":[-13.230000000000002,8.489999999999998]}"
20200101000000_9,1,1.7350881099700928,GPM_IMERG,WA010,2020,"{""type"":""Point"",""coordinates"":[-10.799999999999999,6.3]}"
20200101000000_10,1,0.1265672296285629,GPM_IMERG,WA011,2020,"{""type"":""Point"",""coordinates"":[1.22,6.130000000000001]}"
20200101000000_11,1,0.0126556968316435,GPM_IMERG,WA012,2020,"{""type"":""Point"",""coordinates"":[2.42,6.37]}"
20200101000000_12,1,0.0255721807479858,GPM_IMERG,WA013,2020,"{""type"":""Point"",""coordinates"":[8.52,12.05]}"
20200101000000_13,1,0.7250232696533203,GPM_IMERG,WA014,2020,"{""type"":""Point"",""coordinates"":[-1.62,6.69]}"
20200101000000_14,1,0.0112660266458988,GPM_IMERG,WA015,2020,"{""type"":""Point"",""coordinates"":[-16.680000000000003,13.45]}"
,1,0.0,GPM_IMERG,WA016,2020,
20200201000000_0,2,0.0330095365643501,GPM_IMERG,WA001,2020,"{""type"":""Point"",""coordinates"":[-17.470000000000002,14.73]}"
20200201000000_1,2,0.0057193716056644,GPM_IMERG,WA002,2020,"{""type"":""Point"",""coordinates"":[-7.949999999999998,12.65]}"
20200201000000_2,2,0.0170568823814392,GPM_IMERG,WA003,2020,"{""type"":""Point"",""coordinates"":[-1.5200000000000002,12.360000000000001]}"
20200201000000_3,2,0.0,GPM_IMERG,WA004,2020,"{""type"":""Point"",""coordinates"":[2.17,13.51]}"
20200201000000_4,2,0.3406975865364074,GPM_IMERG,WA005,2020,"{""type"":""Point"",""coordinates"":[7.33,9.07]}"
20200201000000_5,2,0.1536667048931121,GPM_IMERG,WA006,2020,"{""type"":""Point"",""coordinates"":[-0.17,5.56]}"
20200201000000_6,2,0.7303105592727661,GPM_IMERG,WA007,2020,"{""type"":""Point"",""coordinates"":[-3.9299999999999997,5.349999999999999]}"
20200201000000_7,2,0.0224985741078853,GPM_IMERG,WA008,2020,"{""type"":""Point"",""coordinates"":[-13.67,9.53]}"
20200201000000_8,2,0.0480783507227897,GPM_IMERG,WA009,2020,"{""type"":""Point"",""coordinates"":[-13.230000000000002,8.489999999999998]}"
20200201000000_9,2,1.8221355676651,GPM_IMERG,WA010,2020,"{""type"":""Point"",""coordinates"":[-10.799999999999999,6.3]}"
20200201000000_10,2,0.1716589629650116,GPM_IMERG,WA011,2020,"{""type"":""Point"",""coordinates"":[1.22,6.130000000000001]}"
20200201000000_11,2,0.0628079995512962,GPM_IMERG,WA012,2020,"{""type"":""Point"",""coordinates"":[2.42,6.37]}"
20200201000000_12,2,0.0131166987121105,GPM_IMERG,WA013,2020,"{""type"":""Point"",""coordinates"":[8.52,12.05]}"
20200201000000_13,2,0.9730355739593506,GPM_IMERG,WA014,2020,"{""type"":""Point"",""coordinates"":[-1.62,6.69]}"
20200201000000_14,2,0.064274676144123,GPM_IMERG,WA015,2020,"{""type"":""Point"",""coordinates"":[-16.680000000000003,13.45]}"
,2,0.07659348,GPM_IMERG,WA016,2020,
20200301000000_0,3,0.0142523841932415,GPM_IMERG,WA001,2020,"{""type"":""Point"",""coordinates"":[-17.470000000000002,14.73]}"
20200301000000_1,3,0.1623326987028122,GPM_IMERG,WA002,2020,"{""type"":""Point"",""coordinates"":[-7.949999999999998,12.65]}"
20200301000000_2,3,0.1278392374515533,GPM_IMERG,WA003,2020,"{""type"":""Point"",""coordinates"":[-1.5200000000000002,12.360000000000001]}"
20200301000000_3,3,0.019696220755577,GPM_IMERG,WA004,2020,"{""type"":""Point"",""coordinates"":[2.17,13.51]}"
20200301000000_4,3,0.7969393134117126,GPM_IMERG,WA005,2020,"{""type"":""Point"",""coordinates"":[7.33,9.07]}"
20200301000000_5,3,2.3453264236450195,GPM_IMERG,WA006,2020,"{""type"":""Point"",""coordinates"":[-0.17,5.56]}"
20200301000000_6,3,4.211619853973389,GPM_IMERG,WA007,2020,"{""type"":""Point"",""coordinates"":[-3.9299999999999997,5.349999999999999]}"
20200301000000_7,3,0.0081516131758689,GPM_IMERG,WA008,2020,"{""type"":""Point"",""coordinates"":[-13.67,9.53]}"
20200301000000_8,3,0.1950555592775344,GPM_IMERG,WA009,2020,"{""type"":""Point"",""coordinates"":[-13.230000000000002,8.489999999999998]}"
20200301000000_9,3,4.7236328125,GPM_IMERG,WA010,2020,"{""type"":""Point"",""coordinates"":[-10.799999999999999,6.3]}"
20200301000000_10,3,1.9303309917449951,GPM_IMERG,WA011,2020,"{""type"":""Point"",""coordinates"":[1.22,6.130000000000001]}"
20200301000000_11,3,2.290700435638428,GPM_IMERG,WA012,2020,"{""type"":""Point"",""coordinates"":[2.42,6.37]}"
20200301000000_12,3,1.3023018836975098,GPM_IMERG,WA013,2020,"{""type"":""Point"",""coordinates"":[8.52,12.05]}"
20200301000000_13,3,4.920449733734131,GPM_IMERG,WA014,2020,"{""type"":""Point"",""coordinates"":[-1.62,6.69]}"
20200301000000_14,3,0.0,GPM_IMERG,WA015,2020,"{""type"":""Point"",""coordinates"":[-16.680000000000003,13.45]}"
,3,9.378769e-05,GPM_IMERG,WA016,2020,
20200401000000_0,4,0.021009536460042,GPM_IMERG,WA001,2020,"{""type"":""Point"",""coordinates"":[-17.470000000000002,14.73]}"
20200401000000_1,4,0.5996758341789246,GPM_IMERG,WA002,2020,"{""type"":""Point"",""coordinates"":[-7.949999999999998,12.65]}"
20200401000000_2,4,0.4097190499305725,GPM_IMERG,WA003,2020,"{""type"":""Point"",""coordinates"":[-1.5200000000000002,12.360000000000001]}"
20200401000000_3,4,0.1110797077417373,GPM_IMERG,WA004,2020,"{""type"":""Point"",""coordinates"":[2.17,13.51]}"
20200401000000_4,4,3.2521982192993164,GPM_IMERG,WA005,2020,"{""type"":""Point"",""coordinates"":[7.33,9.07]}"
20200401000000_5,4,3.1938624382019043,GPM_IMERG,WA006,2020,"{""type"":""Point"",""coordinates"":[-0.17,5.56]}"
20200401000000_6,4,3.2151408195495605,GPM_IMERG,WA007,2020,"{""type"":""Point"",""coordinates"":[-3.9299999999999997,5.349999999999999]}"
20200401000000_7,4,1.6916111707687378,GPM_IMERG,WA008,2020,"{""type"":""Point"",""coordinates"":[-13.67,9.53]}"
20200401000000_8,4,1.7374411821365356,GPM_IMERG,WA009,2020,"{""type"":""Point"",""coordinates"":[-13.230000000000002,8.489999999999998]}"
20200401000000_9,4,6.659761428833008,GPM_IMERG,WA010,2020,"{""type"":""Point"",""coordinates"":[-10.799999999999999,6.3]}"
20200401000000_10,4,4.049031734466553,GPM_IMERG,WA011,2020,"{""type"":""Point"",""coordinates"":[1.22,6.130000000000001]}"
20200401000000_11,4,4.524224281311035,GPM_IMERG,WA012,2020,"{""type"":""Point"",""coordinates"":[2.42,6.37]}"
20200401000000_12,4,1.047340750694275,GPM_IMERG,WA013,2020,"{""type"":""Point"",""coordinates"":[8.52,12.05]}"
20200401000000_13,4,3.1551997661590576,GPM_IMERG,WA014,2020,"{""type"":""Point"",""coordinates"":[-1.62,6.69]}"
20200401000000_14,4,0.0,GPM_IMERG,WA015,2020,"{""type"":""Point"",""coordinates"":[-16.680000000000003,13.45]}"
,4,0.017901545,GPM_IMERG,WA016,2020,
20200501000000_0,5,0.0225047692656517,GPM_IMERG,WA001,2020,"{""type"":""Point"",""coordinates"":[-17.470000000000002,14.73]}"
20200501000000_1,5,4.371344566345215,GPM_IMERG,WA002,2020,"{""type"":""Point"",""coordinates"":[-7.949999999999998,12.65]}"
20200501000000_2,5,0.615031361579895,GPM_IMERG,WA003,2020,"{""type"":""Point"",""coordinates"":[-1.5200000000000002,12.360000000000001]}"
20200501000000_3,5,0.5671594738960266,GPM_IMERG,WA004,2020,"{""type"":""Point"",""coordinates"":[2.17,13.51]}"
20200501000000_4,5,4.142877578735352,GPM_IMERG,WA005,2020,"{""type"":""Point"",""coordinates"":[7.33,9.07]}"
20200501000000_5,5,6.705522060394287,GPM_IMERG,WA006,2020,"{""type"":""Point"",""coordinates"":[-0.17,5.56]}"
20200501000000_6,5,6.253407001495361,GPM_IMERG,WA007,2020,"{""type"":""Point"",""coordinates"":[-3.9299999999999997,5.349999999999999]}"
20200501000000_7,5,5.516891479492188,GPM_IMERG,WA008,2020,"{""type"":""Point"",""coordinates"":[-13.67,9.53]}"
20200501000000_8,5,8.349719047546387,GPM_IMERG,WA009,2020,"{""type"":""Point"",""coordinates"":[-13.230000000000002,8.489999999999998]}"
20200501000000_9,5,13.94992446899414,GPM_IMERG,WA010,2020,"{""type"":""Point"",""coordinates"":[-10.799999999999999,6.3]}"
20200501000000_10,5,5.509991645812988,GPM_IMERG,WA011,2020,"{""type"":""Point"",""coordinates"":[1.22,6.130000000000001]}"
20200501000000_11,5,5.758509159088135,GPM_IMERG,WA012,2020,"{""type"":""Point"",""coordinates"":[2.42,6.37]}"
20200501000000_12,5,1.2333418130874634,GPM_IMERG,WA013,2020,"{""type"":""Point"",""coordinates"":[8.52,12.05]}"
20200501000000_13,5,7.102715969085693,GPM_IMERG,WA014,2020,"{""type"":""Point"",""coordinates"":[-1.62,6.69]}"
20200501000000_14,5,0.0046880561858415,GPM_IMERG,WA015,2020,"{""type"":""Point"",""coordinates"":[-16.680000000000003,13.45]}"
,5,0.010033233,GPM_IMERG,WA016,2020,
20200601000000_0,6,0.3637857735157013,GPM_IMERG,WA001,2020,"{""type"":""Point"",""coordinates"":[-17.470000000000002,14.73]}"
20200601000000_1,6,4.481807231903076,GPM_IMERG,WA002,2020,"{""type"":""Point"",""coordinates"":[-7.949999999999998,12.65]}"
20200601000000_2,6,3.349149703979492,GPM_IMERG,WA003,2020,"{""type"":""Point"",""coordinates"":[-1.5200000000000002,12.360000000000001]}"
20200601000000_3,6,2.3753013610839844,GPM_IMERG,WA004,2020,"{""type"":""Point"",""coordinates"":[2.17,13.51]}"
20200601000000_4,6,6.626089572906494,GPM_IMERG,WA005,2020,"{""type"":""Point"",""coordinates"":[7.33,9.07]}"
20200601000000_5,6,5.509820938110352,GPM_IMERG,WA006,2020,"{""type"":""Point"",""coordinates"":[-0.17,5.56]}"
20200601000000_6,6,13.99044132232666,GPM_IMERG,WA007,2020,"{""type"":""Point"",""coordinates"":[-3.9299999999999997,5.349999999999999]}"
20200601000000_7,6,4.620893955230713,GPM_IMERG,WA008,2020,"{""type"":""Point"",""coordinates"":[-13.67,9.53]}"
20200601000000_8,6,7.826183319091797,GPM_IMERG,WA009,2020,"{""type"":""Point"",""coordinates"":[-13.230000000000002,8.489999999999998]}"
20200601000000_9,6,18.083824157714844,GPM_IMERG,WA010,2020,"{""type"":""Point"",""coordinates"":[-10.799999999999999,6.3]}"
20200601000000_10,6,5.073526382446289,GPM_IMERG,WA011,2020,"{""type"":""Point"",""coordinates"":[1.22,6.130000000000001]}"
20200601000000_11,6,9.961543083190918,GPM_IMERG,WA012,2020,"{""type"":""Point"",""coordinates"":[2.42,6.37]}"
20200601000000_12,6,3.151172161102295,GPM_IMERG,WA013,2020,"{""type"":""Point"",""coordinates"":[8.52,12.05]}"
20200601000000_13,6,9.00619888305664,GPM_IMERG,WA014,2020,"{""type"":""Point"",""coordinates"":[-1.62,6.69]}"
20200601000000_14,6,1.3707623481750488,GPM_IMERG,WA015,2020,"{""type"":""Point"",""coordinates"":[-16.680000000000003,13.45]}"
,6,0.06409779,GPM_IMERG,WA016,2020,
20200701000000_0,7,5.089928150177002,GPM_IMERG,WA001,2020,"{""type"":""Point"",""coordinates"":[-17.470000000000002,14.73]}"
20200701000000_1,7,10.168598175048828,GPM_IMERG,WA002,2020,"{""type"":""Point"",""coordinates"":[-7.949999999999998,12.65]}"
20200701000000_2,7,8.554235458374023,GPM_IMERG,WA003,2020,"{""type"":""Point"",""coordinates"":[-1.5200000000000002,12.360000000000001]}"
20200701000000_3,7,4.984030246734619,GPM_IMERG,WA004,2020,"{""type"":""Point"",""coordinates"":[2.17,13.51]}"
20200701000000_4,7,11.767230987548828,GPM_IMERG,WA005,2020,"{""type"":""Point"",""coordinates"":[7.33,9.07]}"
20200701000000_5,7,1.8454086780548096,GPM_IMERG,WA006,2020,"{""type"":""Point"",""coordinates"":[-0.17,5.56]}"
20200701000000_6,7,1.2949095964431765,GPM_IMERG,WA007,2020,"{""type"":""Point"",""coordinates"":[-3.9299999999999997,5.349999999999999]}"
20200701000000_7,7,25.009899139404297,GPM_IMERG,WA008,2020,"{""type"":""Point"",""coordinates"":[-13.67,9.53]}"
20200701000000_8,7,20.267024993896484,GPM_IMERG,WA009,2020,"{""type"":""Point"",""coordinates"":[-13.230000000000002,8.489999999999998]}"
20200701000000_9,7,11.451849937438965,GPM_IMERG,WA010,2020,"{""type"":""Point"",""coordinates"":[-10.799999999999999,6.3]}"
20200701000000_10,7,1.6027472019195557,GPM_IMERG,WA011,2020,"{""type"":""Point"",""coordinates"":[1.22,6.130000000000001]}"
20200701000000_11,7,2.509291648864746,GPM_IMERG,WA012,2020,"{""type"":""Point"",""coordinates"":[2.42,6.37]}"
20200701000000_12,7,9.718567848205566,GPM_IMERG,WA013,2020,"{""type"":""Point"",""coordinates"":[8.52,12.05]}"
20200701000000_13,7,3.1477267742156982,GPM_IMERG,WA014,2020,"{""type"":""Point"",""coordinates"":[-1.62,6.69]}"
20200701000000_14,7,11.790287017822266,GPM_IMERG,WA015,2020,"{""type"":""Point"",""coordinates"":[-16.680000000000003,13.45]}"
,7,0.42825302,GPM_IMERG,WA016,2020,
20200801000000_0,8,4.457637786865234,GPM_IMERG,WA001,2020,"{""type"":""Point"",""coordinates"":[-17.470000000000002,14.73]}"
20200801000000_1,8,9.033713340759276,GPM_IMERG,WA002,2020,"{""type"":""Point"",""coordinates"":[-7.949999999999998,12.65]}"
20200801000000_2,8,9.292431831359863,GPM_IMERG,WA003,2020,"{""type"":""Point"",""coordinates"":[-1.5200000000000002,12.360000000000001]}"
20200801000000_3,8,7.862853527069092,GPM_IMERG,WA004,2020,"{""type"":""Point"",""coordinates"":[2.17,13.51]}"
20200801000000_4,8,7.075429439544678,GPM_IMERG,WA005,2020,"{""type"":""Point"",""coordinates"":[7.33,9.07]}"
20200801000000_5,8,0.5003669857978821,GPM_IMERG,WA006,2020,"{""type"":""Point"",""coordinates"":[-0.17,5.56]}"
20200801000000_6,8,0.9351495504379272,GPM_IMERG,WA007,2020,"{""type"":""Point"",""coordinates"":[-3.9299999999999997,5.349999999999999]}"
20200801000000_7,8,13.011567115783691,GPM_IMERG,WA008,2020,"{""type"":""Point"",""coordinates"":[-13.67,9.53]}"
20200801000000_8,8,10.058464050292969,GPM_IMERG,WA009,2020,"{""type"":""Point"",""coordinates"":[-13.230000000000002,8.489999999999998]}"
20200801000000_9,8,3.2768473625183105,GPM_IMERG,WA010,2020,"{""type"":""Point"",""coordinates"":[-10.799999999999999,6.3]}"
20200801000000_10,8,0.2550967037677765,GPM_IMERG,WA011,2020,"{""type"":""Point"",""coordinates"":[1.22,6.130000000000001]}"
20200801000000_11,8,0.0903717800974845,GPM_IMERG,WA012,2020,"{""type"":""Point"",""coordinates"":[2.42,6.37]}"
20200801000000_12,8,12.388545989990234,GPM_IMERG,WA013,2020,"{""type"":""Point"",""coordinates"":[8.52,12.05]}"
20200801000000_13,8,0.7831010222434998,GPM_IMERG,WA014,2020,"{""type"":""Point"",""coordinates"":[-1.62,6.69]}"
20200801000000_14,8,11.451714515686035,GPM_IMERG,WA015,2020,"{""type"":""Point"",""coordinates"":[-16.680000000000003,13.45]}"
,8,1.095583,GPM_IMERG,WA016,2020,
20200901000000_0,9,7.585070610046387,GPM_IMERG,WA001,2020,"{""type"":""Point"",""coordinates"":[-17.470000000000002,14.73]}"
20200901000000_1,9,7.116902828216553,GPM_IMERG,WA002,2020,"{""type"":""Point"",""coordinates"":[-7.949999999999998,12.65]}"
20200901000000_2,9,7.010024070739746,GPM_IMERG,WA003,2020,"{""type"":""Point"",""coordinates"":[-1.5200000000000002,12.360000000000001]}"
20200901000000_3,9,4.261441230773926,GPM_IMERG,WA004,2020,"{""type"":""Point"",""coordinates"":[2.17,13.51]}"
20200901000000_4,9,10.56312656402588,GPM_IMERG,WA005,2020,"{""type"":""Point"",""coordinates"":[7.33,9.07]}"
20200901000000_5,9,2.8100836277008057,GPM_IMERG,WA006,2020,"{""type"":""Point"",""coordinates"":[-0.17,5.56]}"
20200901000000_6,9,2.1628518104553223,GPM_IMERG,WA007,2020,"{""type"":""Point"",""coordinates"":[-3.9299999999999997,5.349999999999999]}"
20200901000000_7,9,13.128244400024414,GPM_IMERG,WA008,2020,"{""type"":""Point"",""coordinates"":[-13.67,9.53]}"
20200901000000_8,9,14.606094360351562,GPM_IMERG,WA009,2020,"{""type"":""Point"",""coordinates"":[-13.230000000000002,8.489999999999998]}"
20200901000000_9,9,15.10812759399414,GPM_IMERG,WA010,2020,"{""type"":""Point"",""coordinates"":[-10.799999999999999,6.3]}"
20200901000000_10,9,4.107604503631592,GPM_IMERG,WA011,2020,"{""type"":""Point"",""coordinates"":[1.22,6.130000000000001]}"
20200901000000_11,9,5.530396461486816,GPM_IMERG,WA012,2020,"{""type"":""Point"",""coordinates"":[2.42,6.37]}"
20200901000000_12,9,5.509390830993652,GPM_IMERG,WA013,2020,"{""type"":""Point"",""coordinates"":[8.52,12.05]}"
20200901000000_13,9,5.394352912902832,GPM_IMERG,WA014,2020,"{""type"":""Point"",""coordinates"":[-1.62,6.69]}"
20200901000000_14,9,15.863037109375,GPM_IMERG,WA015,2020,"{""type"":""Point"",""coordinates"":[-16.680000000000003,13.45]}"
,9,1.9762324,GPM_IMERG,WA016,2020,
20201001000000_0,10,0.6554380059242249,GPM_IMERG,WA001,2020,"{""type"":""Point"",""coordinates"":[-17.470000000000002,14.73]}"
20201001000000_1,10,1.8577134609222408,GPM_IMERG,WA002,2020,"{""type"":""Point"",""coordinates"":[-7.949999999999998,12.65]}"
20201001000000_2,10,1.5115796327590942,GPM_IMERG,WA003,2020,"{""type"":""Point"",""coordinates"":[-1.5200000000000002,12.360000000000001]}"
20201001000000_3,10,0.6147720217704773,GPM_IMERG,WA004,2020,"{""type"":""Point"",""coordinates"":[2.17,13.51]}"
20201001000000_4,10,4.404126167297363,GPM_IMERG,WA005,2020,"{""type"":""Point"",""coordinates"":[7.33,9.07]}"
20201001000000_5,10,4.567144870758057,GPM_IMERG,WA006,2020,"{""type"":""Point"",""coordinates"":[-0.17,5.56]}"
20201001000000_6,10,10.507688522338867,GPM_IMERG,WA007,2020,"{""type"":""Point"",""coordinates"":[-3.9299999999999997,5.349999999999999]}"
20201001000000_7,10,8.87403392791748,GPM_IMERG,WA008,2020,"{""type"":""Point"",""coordinates"":[-13.67,9.53]}"
20201001000000_8,10,13.215365409851074,GPM_IMERG,WA009,2020,"{""type"":""Point"",""coordinates"":[-13.230000000000002,8.489999999999998]}"
20201001000000_9,10,10.155972480773926,GPM_IMERG,WA010,2020,"{""type"":""Point"",""coordinates"":[-10.799999999999999,6.3]}"
20201001000000_10,10,4.5596923828125,GPM_IMERG,WA011,2020,"{""type"":""Point"",""coordinates"":[1.22,6.130000000000001]}"
20201001000000_11,10,4.964959621429443,GPM_IMERG,WA012,2020,"{""type"":""Point"",""coordinates"":[2.42,6.37]}"
20201001000000_12,10,0.7765498757362366,GPM_IMERG,WA013,2020,"{""type"":""Point"",""coordinates"":[8.52,12.05]}"
20201001000000_13,10,6.523744106292725,GPM_IMERG,WA014,2020,"{""type"":""Point"",""coordinates"":[-1.62,6.69]}"
20201001000000_14,10,3.328768730163574,GPM_IMERG,WA015,2020,"{""type"":""Point"",""coordinates"":[-16.680000000000003,13.45]}"
,10,0.07039191,GPM_IMERG,WA016,2020,
20201101000000_0,11,0.108757160604,GPM_IMERG,WA001,2020,"{""type"":""Point"",""coordinates"":[-17.470000000000002,14.73]}"
20201101000000_1,11,0.0466007590293884,GPM_IMERG,WA002,2020,"{""type"":""Point"",""coordinates"":[-7.949999999999998,12.65]}"
20201101000000_2,11,0.1604286134243011,GPM_IMERG,WA003,2020,"{""type"":""Point"",""coordinates"":[-1.5200000000000002,12.360000000000001]}"
20201101000000_3,11,0.0,GPM_IMERG,WA004,2020,"{""type"":""Point"",""coordinates"":[2.17,13.51]}"
20201101000000_4,11,0.7963281869888306,GPM_IMERG,WA005,2020,"{""type"":""Point"",""coordinates"":[7.33,9.07]}"
20201101000000_5,11,2.4402709007263184,GPM_IMERG,WA006,2020,"{""type"":""Point"",""coordinates"":[-0.17,5.56]}"
20201101000000_6,11,7.118773937225342,GPM_IMERG,WA007,2020,"{""type"":""Point"",""coordinates"":[-3.9299999999999997,5.349999999999999]}"
20201101000000_7,11,2.189832925796509,GPM_IMERG,WA008,2020,"{""type"":""Point"",""coordinates"":[-13.67,9.53]}"
20201101000000_8,11,3.988945484161377,GPM_IMERG,WA009,2020,"{""type"":""Point"",""coordinates"":[-13.230000000000002,8.489999999999998]}"
20201101000000_9,11,5.128302097320557,GPM_IMERG,WA010,2020,"{""type"":""Point"",""coordinates"":[-10.799999999999999,6.3]}"
20201101000000_10,11,1.1675899028778076,GPM_IMERG,WA011,2020,"{""type"":""Point"",""coordinates"":[1.22,6.130000000000001]}"
20201101000000_11,11,1.1770727634429932,GPM_IMERG,WA012,2020,"{""type"":""Point"",""coordinates"":[2.42,6.37]}"
20201101000000_12,11,0.7016026973724365,GPM_IMERG,WA013,2020,"{""type"":""Point"",""coordinates"":[8.52,12.05]}"
20201101000000_13,11,3.519718170166016,GPM_IMERG,WA014,2020,"{""type"":""Point"",""coordinates"":[-1.62,6.69]}"
20201101000000_14,11,0.0516518540680408,GPM_IMERG,WA015,2020,"{""type"":""Point"",""coordinates"":[-16.680000000000003,13.45]}"
,11,0.0,GPM_IMERG,WA016,2020,
20201201000000_0,12,0.0397666916251182,GPM_IMERG,WA001,2020,"{""type"":""Point"",""coordinates"":[-17.470000000000002,14.73]}"
20201201000000_1,12,0.0151014057919383,GPM_IMERG,WA002,2020,"{""type"":""Point"",""coordinates"":[-7.949999999999998,12.65]}"
20201201000000_2,12,0.1074826568365097,GPM_IMERG,WA003,2020,"{""type"":""Point"",""coordinates"":[-1.5200000000000002,12.360000000000001]}"
20201201000000_3,12,0.0,GPM_IMERG,WA004,2020,"{""type"":""Point"",""coordinates"":[2.17,13.51]}"
20201201000000_4,12,0.0485562309622764,GPM_IMERG,WA005,2020,"{""type"":""Point"",""coordinates"":[7.33,9.07]}"
20201201000000_5,12,1.1126811504364014,GPM_IMERG,WA006,2020,"{""type"":""Point"",""coordinates"":[-0.17,5.56]}"
20201201000000_6,12,1.9254429340362549,GPM_IMERG,WA007,2020,"{""type"":""Point"",""coordinates"":[-3.9299999999999997,5.349999999999999]}"
20201201000000_7,12,0.0264373011887073,GPM_IMERG,WA008,2020,"{""type"":""Point"",""coordinates"":[-13.67,9.53]}"
20201201000000_8,12,0.469214916229248,GPM_IMERG,WA009,2020,"{""type"":""Point"",""coordinates"":[-13.230000000000002,8.489999999999998]}"
20201201000000_9,12,3.667668581008911,GPM_IMERG,WA010,2020,"{""type"":""Point"",""coordinates"":[-10.799999999999999,6.3]}"
20201201000000_10,12,1.0561115741729736,GPM_IMERG,WA011,2020,"{""type"":""Point"",""coordinates"":[1.22,6.130000000000001]}"
20201201000000_11,12,0.5351148247718811,GPM_IMERG,WA012,2020,"{""type"":""Point"",""coordinates"":[2.42,6.37]}"
20201201000000_12,12,0.0137696359306573,GPM_IMERG,WA013,2020,"{""type"":""Point"",""coordinates"":[8.52,12.05]}"
20201201000000_13,12,1.81104063987732,GPM_IMERG,WA014,2020,"{""type"":""Point"",""coordinates"":[-1.62,6.69]}"
20201201000000_14,12,0.0,GPM_IMERG,WA015,2020,"{""type"":""Point"",""coordinates"":[-16.680000000000003,13.45]}"
,12,0.024,GPM_IMERG,WA016,2020,
